Costs,Total,Zone1,Zone2,Zone3,Zone4,Zone5,Zone6,Zone7,Zone8,Zone9,Zone10,Zone11,Zone12,Zone13,Zone14,Zone15,Zone16,Zone17,Zone18,Zone19,Zone20,Zone21,Zone22,Zone23,Zone24,Zone25,Zone26
cTotal,3.4723806635e13,1.11587328e12,9.97795745e11,1.54617734e12,1.990751955e12,1.16983378e12,1.511331585e12,7.73085495e11,1.427113435e12,1.8604344e12,1.86322993e12,6.0116399e11,5.1740441e11,8.4453888e11,8.4088966e11,2.21340935e12,2.33099754e12,9.44958545e11,6.2464964e11,4.41592975e11,1.051366235e12,1.704153415e12,1.664167615e12,1.994973625e12,1.293000735e12,3.24381466e12,1.5709841500000003e11
cFix,0.0,0.0,0.0,0.0,0.0,0.0,0.0,0.0,0.0,0.0,0.0,0.0,0.0,0.0,0.0,0.0,0.0,0.0,0.0,0.0,0.0,0.0,0.0,0.0,0.0,0.0,0.0
cVar,0.0,0.0,0.0,0.0,0.0,0.0,0.0,0.0,0.0,0.0,0.0,0.0,0.0,0.0,0.0,0.0,0.0,0.0,0.0,0.0,0.0,0.0,0.0,0.0,0.0,0.0,0.0
cNSE,3.4723806635e13,1.11587328e12,9.97795745e11,1.54617734e12,1.990751955e12,1.16983378e12,1.511331585e12,7.73085495e11,1.427113435e12,1.8604344e12,1.86322993e12,6.0116399e11,5.1740441e11,8.4453888e11,8.4088966e11,2.21340935e12,2.33099754e12,9.44958545e11,6.2464964e11,4.41592975e11,1.051366235e12,1.704153415e12,1.664167615e12,1.994973625e12,1.293000735e12,3.24381466e12,1.5709841500000003e11
cStart,0.0,0.0,0.0,0.0,0.0,0.0,0.0,0.0,0.0,0.0,0.0,0.0,0.0,0.0,0.0,0.0,0.0,0.0,0.0,0.0,0.0,0.0,0.0,0.0,0.0,0.0,0.0
cUnmetRsv,0.0,-,-,-,-,-,-,-,-,-,-,-,-,-,-,-,-,-,-,-,-,-,-,-,-,-,-
cNetworkExp,0.0,-,-,-,-,-,-,-,-,-,-,-,-,-,-,-,-,-,-,-,-,-,-,-,-,-,-
cUnmetPolicyPenalty,0.0,-,-,-,-,-,-,-,-,-,-,-,-,-,-,-,-,-,-,-,-,-,-,-,-,-,-
