Resource,NENG_Rest_hydroelectric_pumped_storage_1,NY_Z_A_hydroelectric_pumped_storage_1,NY_Z_F_hydroelectric_pumped_storage_1,PJM_EMAC_hydroelectric_pumped_storage_1,PJM_Rest_hydroelectric_pumped_storage_1,NENG_Rest_battery_moderate_0,NY_Z_A_battery_moderate_0,NY_Z_B_battery_moderate_0,NY_Z_C&E_battery_moderate_0,NY_Z_D_battery_moderate_0,NY_Z_F_battery_moderate_0,NY_Z_G-I_battery_moderate_0,NY_Z_J_battery_moderate_0,NY_Z_K_battery_moderate_0,PJM_EMAC_battery_moderate_0,PJM_Rest_battery_moderate_0,Total
Zone,1,2,6,10,11,1,2,3,4,5,6,7,8,9,10,11,0
AnnualSum,-17145.53411219655,-824.8531970622628,-26566.725534586465,-221375.44770472098,-503966.9585021487,-0.1408681916102271,-0.27610718324705835,-0.28205661702727797,-24256.0363217422,-0.5848166491495799,-0.25360735285248287,-0.2556853074274155,-0.29805877426286215,-0.20304487324316825,-25195.748103332182,-39710.42183662564,-859044.0195573639
t1,-4.21411781017985e-5,-0.00011448075767487244,-0.00012331575973622741,-4.929828236660032e-5,-0.00011648261758546622,-3.909292057426909e-5,-0.00016311589469014258,-0.00015656226343958578,-0.00017421217495884296,-0.0001867465797248852,-0.00013500303674585876,-0.00013768114239815488,-0.0002048790856859168,-6.456113705899662e-5,-3.526718870357139e-5,-0.000282034430168352,-0.002024874449613541
t2,-4.266689363898694e-5,-0.00012063961913191087,-0.00012681991489308086,-4.873316099704551e-5,-0.0001214343129669651,-2.900712777896435e-5,-0.00018391626271438427,-0.00017626368760516935,-0.00020065960960625703,-0.0002139738826555369,-0.00014942181744079344,-0.00015353219645475186,-0.00023016204324096434,-6.621748405767522e-5,-2.697894486772435e-5,-0.0003163544312483057,-0.002206781389298516
t3,-4.4351064677975536e-5,-0.00012738926752610324,-0.00013230012970491344,-4.8600727167616854e-5,-0.0001266227473169301,2.135065278061471e-6,-0.00021047178984031872,-0.0002009947236734835,-0.00023234035266515098,-0.0002460904750881241,-0.0001683344457272888,-0.00017420442784031845,-0.00026361015901201444,-7.003153582331232e-5,-1.9994980136016465e-5,-0.00036138855558857886,-0.002424590316510084
t4,-4.97406849368517e-5,-0.00013486828029166234,-0.00013931609179544072,-4.867360990817956e-5,-0.00013234375168613013,2.1613904720469886e-6,-0.00024639742200246333,-0.00023445308168335726,-0.0002746654471315035,-0.0002876808370346197,-0.00019460150700948187,-0.00020336983872195719,-0.0003134634367082255,-7.970151923955951e-5,-1.266832866855886e-5,-0.00042838281445075434,-0.0027781652607966984
t5,-4.7187645354400725e-5,-0.00014085360133834056,-0.00014456582024023355,-4.7754073572634446e-5,-0.0001380278113778501,-7.6184453502852165e-6,-0.00030697806541332413,-0.00029042985941411716,-0.0003286948912041094,-0.00034525613056759726,-0.00024043141465300208,-0.0002501108294209468,-0.0003875648655438662,-0.00010979426492096541,-8.77132300733549e-6,-0.0005407953966385618,-0.00333483443801757
t6,-4.543684177827075e-5,-0.00014846489273809293,-0.00015181641407988056,-4.663642318149438e-5,-0.00014576602707790703,-3.2876708399786404e-5,-0.0004157695089829163,-0.00038783314317379636,-0.00040508332355536554,-0.000424970324968448,-0.0003360454401397724,-0.0003467602410072901,-0.0005400867620884683,-0.00017631382694326307,-1.330718271969028e-5,-0.0007408081556813097,-0.0043579752165157516
t7,-3.774157776078839e-5,-0.00015763747767063123,-0.00015136031562514374,-4.7818412936301826e-5,-0.00016188477409208627,-5.871482594251538e-5,-0.0006962542996849631,-0.0007160176031310583,-0.000535029590142148,-0.0005632605180403953,-0.0005712458732411451,-0.000585732464529216,-0.0010744111259619184,-0.00036488962905631113,-1.5439922129199068e-5,-0.0011485518260130998,-0.006885990235956921
t8,-1.4460749199248232e-6,-1.896212168402224e-6,-1.3551795120248972e-6,-4.0470921638858666e-5,-1.1226709315021302e-6,-2.3783212764459343e-6,-2.5648351362404756e-6,-2.601392930874469e-6,-2.0291033042197588e-6,-2.1279339751642427e-6,-2.512119152658413e-6,-2.445709394993467e-6,-3.2942939624125265e-6,-3.6384981452601775e-6,-1.5864327176565828e-5,-1.2613970834911372e-6,-8.700899070903917e-5
t9,-3.442113825691606e-5,-7.021405081218206e-5,-0.00012849425210128448,-4.621998844105721e-5,-3.028347294706399e-5,-6.326189596027817e-5,-0.00029642830633080605,-0.00039935029859284574,-0.0011319254929780269,-0.0011170672785259562,-0.00014389304608764726,-0.00013841129216759246,-7.415751290637226e-5,-4.0520670751792926e-5,-2.0450126451328252e-5,-7.364741956464702e-5,-0.003808746242875797
t10,-4.144631949134044e-5,-0.00018121522991115937,-0.0001803265640193702,-5.2470537636283296e-5,-0.00017541284603539268,-3.299600888405296e-5,-3.0508478451019116e-5,-3.491749450965201e-5,-6.637606204950304e-5,-7.076650988623064e-5,-1.055270222906535e-5,-1.2642789644680156e-5,6.0559285112094125e-6,6.793084332444008e-6,-1.137547914486042e-5,-0.00011460832699560937,-0.0010027663360445656
t11,-4.166849699591076e-5,-0.00019266481405306562,-0.00014988957061382111,-5.263228730524627e-5,-0.00018483955566446307,1.0420004419004777e-5,0.0001194770935128271,0.00012601944222875188,0.00022114656497934459,0.00020306993098269616,9.078443578724748e-5,8.90221761247473e-5,6.065818403070414e-5,4.348928062357111e-5,-4.613756840221167e-6,0.00021024919192928963,0.0005480278231454562
t12,-4.085950196839122e-5,-0.00020443305291009307,-0.00016697292601054747,-5.31593290264606e-5,-0.00020206054093991154,2.2602958877007524e-5,0.0004388078200752773,0.0004591172809246852,0.0004884250160767903,0.0005276762078998521,0.00037518862529507205,0.0003769778869919446,0.000598864667171327,0.00021073778563079107,-3.040539411811116e-6,0.00037679857835327805,0.00320467093702881
t13,-4.724403978539312e-5,-0.00021564593401916107,-0.00017869128932980006,-5.268139546895682e-5,-0.0002026468964265496,2.5498953963773487e-5,0.0002548386986021364,0.00026714271023092507,0.00028787704093035586,0.00030228798190284434,0.00022373892195729357,0.00022474059801649165,0.000302078377694459,0.00012841375243373066,-2.320255022938455e-6,0.0002365014266249435,0.0015538886523041543
t14,-4.484247956828119e-5,-0.00022146085245834714,-0.00018423837898270354,-5.396156510045297e-5,-0.0002117863465650839,2.3075115583923426e-5,0.0001685146530614597,0.0001770987945496628,0.00019205095338734266,0.00020006517708116744,0.00015438161519730243,0.00015418415300328707,0.0001989032844094651,8.700960524727483e-5,-3.101607376347036e-6,0.0001633916105860088,0.0007992837320556785
t15,-4.459274223232822e-5,-0.0002406029799058563,-0.00019943666270756818,-5.428083684656771e-5,-0.00022283176406741814,1.8756447893841967e-5,0.00012745527994428792,0.00013429214785305813,0.0001446306229933857,0.0001506773296932101,0.00011440095529630101,0.00011396134826259606,0.00014523290622359673,6.141332633786028e-5,-3.903482218184259e-6,0.00011414510912477245,0.0003593170056449875
t16,-4.4804382795978766e-5,-0.00025436379679223984,-0.0002148806824278979,-5.463344431846962e-5,-0.000256601745759216,1.4203168659681395e-5,8.521522818947578e-5,9.240158689873297e-5,9.834169001902183e-5,0.00010339857110327115,7.87174637942789e-5,7.600687404615254e-5,9.914690898553071e-5,4.0015058848314434e-5,-7.024066654423636e-6,7.035763128821401e-5,-7.4503936915552e-5
t17,-3.923712466168305e-5,-0.00026627797144396616,-0.00026115079999509017,-5.577982342025723e-5,-0.000255397822343166,7.896684693319708e-6,5.6871227250504125e-5,6.2797072841528e-5,6.820838201303452e-5,7.187675824722528e-5,5.087737187523256e-5,4.868079074092009e-5,6.627741353895756e-5,2.128860163729071e-5,-6.447748058836541e-6,3.432987987264299e-5,-0.00039518710721234357
t18,-4.272384363049397e-5,-0.00019843256474828594,-0.00018066790930199183,-3.683391969167188e-5,-0.0001869637195236766,-6.375251150120192e-6,2.821897563431122e-5,3.450003473397836e-5,3.84050956795743e-5,4.168862884039856e-5,2.323473976863175e-5,2.091343044744028e-5,3.5665794693644324e-5,-1.0821164330828703e-6,-9.946801189305772e-6,3.0414335911796207e-6,-0.00043735799227947065
t19,-3.948646507900692e-5,-0.00020628359089240486,-0.00019302006097308454,-4.251466366985552e-5,-0.00021883975768626523,-1.2009428573355652e-5,3.1428486946866816e-6,9.060069498624833e-6,9.559961888227553e-6,1.4543526296922373e-5,-6.695874517190207e-7,-3.0189883579467713e-6,7.128940329047476e-6,-1.8603025601141064e-5,-1.3187268362953846e-5,-2.9990934885270946e-5,-0.0007341884248254955
t20,-3.8474116421319855e-5,-0.00019744660643594258,-0.00020494912331409305,-4.231413996332458e-5,-0.00022985815861321275,-1.7050860391683075e-5,-4.120981357466087e-6,2.1927202895159824e-6,2.60803571833721e-6,7.259157059629412e-6,-4.175413505115987e-6,-7.920428389333346e-6,-2.105405133784266e-6,-1.8887404914219905e-5,-1.8064836894426144e-5,-6.263787700367751e-5,-0.0008359454392701165
t21,-3.6795699776746446e-5,-0.0002170883255686778,-0.0002443152141517035,-3.557128821783713e-5,-0.00022695566042445632,-2.2103241303428294e-5,-3.189915085992781e-5,-2.3836438305573094e-5,-2.7622118659834787e-5,-2.2612252158068185e-5,-2.8535278112164937e-5,-3.236874519022604e-5,-2.9226779414249424e-5,-3.466431330098267e-5,-2.4044819846480952e-5,-9.572434114503278e-5,-0.00113336366643539
t22,-3.4151050038593486e-5,-0.00022183949694158263,-0.00024576216362206995,-2.865930612867491e-5,-0.0003077378730020167,-2.5061784910917125e-5,-5.505217358125185e-5,-4.713930449140024e-5,-5.588345321874433e-5,-5.0759394504950205e-5,-4.9263507339040786e-5,-5.357926834683074e-5,-5.476996700621668e-5,-4.4852349592392744e-5,-3.038320197442607e-5,-0.00011949678564106202,-0.0014243910803401704
t23,-3.490540877090661e-5,-0.0002500735297205724,-0.00023287999475932457,-3.752750965595768e-5,-0.0002440312201735017,-2.899509414077518e-5,-7.869294005087968e-5,-7.320439269713749e-5,-8.475768007505138e-5,-7.835134971129568e-5,-7.164139081950711e-5,-7.564964874018076e-5,-8.427952390305573e-5,-5.467201887671596e-5,-3.801293672766283e-5,-0.0001490275374593498,-0.0016167021762818745
t24,-3.775196912308175e-5,-0.0002603481657126324,-0.00024382938241687628,-4.184063454373065e-5,-0.00033082088239444436,-3.332337548599622e-5,-9.526203961900618e-5,-9.038953485729153e-5,-0.0001063136189869793,-0.00010012047390591683,-8.563408827928789e-5,-8.920398519918931e-5,-0.00010235905941422368,-5.852421510623023e-5,-3.502447476251032e-5,-0.0001827640110712207,-0.0018935099108786178
t25,-2.6358405979976956e-5,-0.0004397871591583459,-0.0002999062163526211,-4.777255401737949e-5,-0.0004382524384775863,-2.9180847809787166e-5,-0.0001102266436235109,-0.00010737633019321279,-0.0001318668957892159,-0.00012360290054686408,-9.785976426911539e-5,-0.00010258553079124769,-0.00012070319878378799,-6.124675284932134e-5,-3.466410956745066e-5,-9.875216447247595e-5,-0.0022701419126818995
t26,-4.535378174200792e-5,-0.0004881849229348889,-0.0004925770453309216,-4.816094978957884e-5,-0.0003551073031424203,-3.489419715671221e-5,-0.00012566775972447126,-0.00012727238372261154,-0.00015882760349302658,-0.0001493142947601935,-0.00011372600877620455,-0.00011882088463757354,-0.00014247072549801484,-6.646030829268973e-5,-4.114190627129215e-5,-3.08766141845135e-5,-0.0025388566894571207
t27,-4.460173558335245e-5,-0.0004741915432887635,-0.0005584927393723219,-4.6295865538685866e-5,-0.0003793086206188249,-3.6316327819240485e-5,-0.00014466535099005198,-0.00015541770119969,-0.00018928502085092464,-0.00018016252608158684,-0.0001322846766396003,-0.00013779956719404,-0.0001689653888473938,-7.307655571672801e-5,-2.421785277310082e-5,-5.144125303308784e-5,-0.002796522725547393
t28,-4.4406348157865555e-5,-0.0004657254379483277,-0.0006079398394916634,-4.026757476316161e-5,-0.00038797828216893576,-3.861472991963897e-5,-0.0001691999215492919,-0.00019077451517596772,-0.00022995314433988095,-0.0002218005975815836,-0.00015651207737558997,-0.00016250824244918536,-0.00020451942022747298,-8.217741187903124e-5,-1.0259708416969744e-5,-7.855840381696324e-5,-0.0030911956552615296
t29,-4.321247556269617e-5,-0.0004576485156925844,-0.0007036984755268886,-4.2525287986021156e-5,-0.0003332805389590687,-4.356266173488888e-5,-0.00020079282097803394,-0.0002387601180931572,-0.00028985333024401385,-0.0002830412112497978,-0.00018880337540428296,-0.0001938186416700051,-0.00025386782011810083,-9.379415560187952e-5,-3.152205282120023e-5,-0.00014022366295439735,-0.0035384051445970168
t30,-4.714532313522258e-5,-0.0004550277196410777,-0.0008299300309776591,-4.82326349630623e-5,-0.00033871114500331014,-4.663693860132034e-5,-0.00023999915951995426,-0.0003019991405849147,-0.0003911952480911535,-0.00038004635641428793,-0.0002357595446522743,-0.0002314726639069426,-0.00030960201993525307,-0.00010622219409665861,-2.893433896078576e-5,-0.0001766954211894792,-0.004167609879673356
t31,-4.2370062489382114e-5,-0.00045592436066269705,-0.000990795128432813,-3.6873722722700036e-5,-0.000342015193949208,-4.800302477312675e-5,-0.00031172334062911326,-0.0004207960625741052,-0.0006036389045094697,-0.0006083730106100369,-0.0003167473357927539,-0.00029627966301465776,-0.00042479575492070787,-0.00012848271261166683,-3.7101110445996556e-5,-0.00025236710486523973,-0.005316286493003675
t32,-4.040565147839227e-5,-0.00043342072641129484,-0.0004484203938193932,-4.182780646460851e-5,-0.000382896387148139,-5.120356753683694e-5,-0.0004533451630936224,-0.0004061353761457155,-0.0005561966356445758,-0.0005546080747250689,-0.00035326099225513135,-0.00032791725029391846,-0.0002975090057344602,-0.00013473472524377203,-3.298326985260824e-5,-0.00037390394875829933,-0.004888768974605837
t33,-4.0830534801324936e-5,-5.995979641304076e-5,-3.378999630547981e-5,-3.2093041894014725e-5,-0.00028438470966943877,-2.270168198433124e-5,-0.00031557101077023437,-0.0002614019464070608,-0.0002474886187172396,-0.00025048730246034207,-0.00022050145557355114,-0.00021388430337334824,-0.00023064089345678257,-6.398310522115338e-5,-2.74763883880249e-5,-0.0008709723744332729,-0.0031761671598686397
t34,-4.0465160281238876e-5,1.2216364212544844e-6,9.244622280946409e-7,-3.587232791435368e-5,3.108036199500846e-5,6.5527610658618135e-6,2.695381258182542e-7,4.4639770616150845e-7,-4.515113787416066e-7,2.605191060836044e-7,-5.654334853026446e-7,-1.0012217781077897e-6,-1.2690514038250845e-6,5.323526156734726e-5,-3.211449636854609e-5,-5.784472458810199e-5,-7.559298898258774e-5
t35,-4.2510604216846306e-5,1.0378688120977317e-6,9.410161515701271e-7,-3.628201768049173e-5,9.208461919290724e-7,1.891324160427257e-5,0.00038008942626463737,0.0003888498456137546,0.00044237905846191723,0.0004413388461235678,0.0003505110967786179,0.0003438439878668614,0.0003768874881293823,0.00014522641814285794,-3.394252232372984e-5,-1.0532075730195484e-6,0.0027771507883473786
t36,-4.7982342525747006e-5,8.993963648384589e-7,9.312846697449558e-7,-3.6346066754718534e-5,1.1883450745944045e-6,1.8756437030265795e-5,0.0003660409090933121,0.0003862780458922059,0.0005099193341728984,0.0005047548967623067,0.00031940994859276016,0.0003197598776992235,0.0003977092083500489,0.0001000499321350204,-3.51117614658698e-5,0.0007767362267724928,0.003582993671863377
t37,-4.942052833536876e-5,8.90970618681588e-7,9.799871672679954e-7,-3.531664694090742e-5,1.20456980622216e-6,1.4864298369914207e-5,0.00019236024116286562,0.00020494941410995646,0.0002379750168165698,0.00024399647369718617,0.0001770046484555652,0.00017911234687023624,0.00021163492725068722,6.953482686622549e-5,-3.456453144522088e-5,0.00030705411251034454,0.0017222601269802258
t38,-4.6591515634070376e-5,8.282322360663358e-7,8.611102505924596e-7,-3.560980257716e-5,1.1142386939517886e-6,1.0613438350876402e-5,0.00011272533493548107,0.00011493258654817844,0.00014069720001966068,0.00014181448048431985,0.00010231054199228467,0.00010450879926706362,0.00012117922853968105,4.789985256947898e-5,-3.4871151067394324e-5,0.00018167440629045882,0.0009640869808994695
t39,-4.342086222044716e-5,7.629530337442838e-7,0.0005652894333519329,-3.464269476028928e-5,1.022277626816696e-6,5.716063920570111e-6,7.766887210355196e-5,7.966184567613286e-5,8.31472485588524e-5,7.84566322410013e-5,7.079585587457351e-5,7.316732569918911e-5,8.190338211952217e-5,3.059509456723484e-5,-3.3309190697116636e-5,0.00011272810351504947,0.0011495423406103185
t40,-4.053194072458407e-5,7.936747590695508e-7,0.0004670111856060558,-3.3358255979665336e-5,8.037793094084938e-7,-4.595637291649197e-7,4.7570263848295866e-5,4.9507465507496176e-5,5.005318334612843e-5,4.893456508379961e-5,4.242375828630879e-5,4.336794172546365e-5,4.8732727243054074e-5,1.4322285902414994e-5,-3.110884687658658e-5,5.5999053739573505e-5,0.000764061277047068
t41,-2.8993471937523266e-5,0.0005499476413401723,0.0005306731215609445,-3.229988224918501e-5,0.0004954793841111192,-1.6175188392374187e-6,2.2915628496432212e-5,2.5410955070036534e-5,2.568844547980577e-5,2.5242665878063853e-5,1.9253008286564767e-5,1.9358518498602723e-5,2.2265132050793942e-5,1.5531134891531365e-6,-2.9176203765465838e-5,1.763276453316711e-5,0.0016633333020034445
t42,-4.3523738989694805e-5,0.0004708724006077963,0.0004290430902706871,-2.7170843713309245e-5,0.0004369728392693745,-1.7698720047315865e-5,-1.2622515455239056e-5,-1.0785418105622582e-5,-1.1840027852881682e-5,-1.1352691616096959e-5,-1.5086956572535596e-5,-1.601721970355375e-5,-1.3990515867138225e-5,-2.216992649839179e-5,-2.995210994629436e-5,-1.474344446033264e-5,0.0010899342013194514
t43,-4.3153947972771053e-5,0.0004006850027165513,0.0003877635451413103,-3.409430379713477e-5,0.0004352203169774781,-2.1673310263034168e-5,-3.959157041802042e-5,-3.706981350540001e-5,-4.045397750144297e-5,-3.912751873808053e-5,-3.832896391565093e-5,-3.968855263336168e-5,-4.085642253836652e-5,-3.454947907032466e-5,-3.0323988936378125e-5,-5.469338568347556e-5,0.0007300636298618983
t44,-4.263376685086144e-5,0.00035164994218088235,0.00034991815945591256,-3.3988188690636616e-5,0.0003614455233773397,-2.4572379263165582e-5,-6.745099882897633e-5,-6.410450131734298e-5,-7.160225931580281e-5,-6.95762846446145e-5,-6.19811946208028e-5,-6.396017368488934e-5,-6.947472380779269e-5,-4.525984070470793e-5,-2.7857157293542758e-5,-8.726632198463028e-5,0.00033328583400636853
t45,-4.216327319491241e-5,0.0003143532977498913,0.0003259375899620255,-3.303920539531489e-5,0.00029293306570133743,-2.622984915086623e-5,-0.00010029671776513256,-9.587959850504954e-5,-0.00010665296477038464,-0.00010663472208522329,-8.673591098042315e-5,-8.946474856321029e-5,-0.00010137316971978866,-5.449204565222565e-5,-2.4893720764751797e-5,-0.0001234288935533747,-5.806086668740359e-5
t46,-4.2136951175770334e-5,0.0002826850770982733,0.00029816403703957173,-3.354572012989633e-5,0.00026001645881835295,-2.6679204324169193e-5,-0.00013768935857418893,-0.0001315629153728191,-0.00014935487213489962,-0.00015071357052961814,-0.00011340325326932789,-0.00011746649563282472,-0.00013871513950518285,-6.144346078979624e-5,-2.3445159409076234e-5,-0.00016661176504235612,-0.0004519022929337277
t47,-4.1504263473167696e-5,0.00025564557002075535,0.00025932566039254916,-3.391575365383498e-5,0.00023454154772586586,-2.588582564389806e-5,-0.00018762849967055486,-0.0001779421446483814,-0.0002132966620620908,-0.0002135161216779211,-0.00014698614796647506,-0.00015251322752988586,-0.00018826721187071972,-6.65504100575554e-5,-2.2478043931397397e-5,-0.00022994429378143128,-0.0009509158278281434
t48,-4.242797117115237e-5,0.00023230532011032657,0.00023098833103959266,-3.454763625699483e-5,0.00021486411945798603,-2.197912862311762e-5,-0.000262051193446001,-0.00024455831774182154,-0.00033532109820511274,-0.00032198724195376863,-0.00018708074626483932,-0.00019606266139454291,-0.0002640981252247067,-6.634887070041667e-5,-2.2761814523928937e-5,-0.00035723042392374034,-0.0016782974588222383
t49,-4.3600317264584697e-5,0.00020495007150958706,0.00021401098172758287,-3.463072980880194e-5,0.00019655050016058808,-1.1224814825847657e-5,-0.00012312887202675519,-0.00012849297602580948,-0.0001530911696068611,-0.00014907120696034778,-0.00010670798808280407,-0.00010789177107454924,-0.00012722997691934725,-3.714188849148393e-5,-2.7492517994581443e-5,-0.00013342220529274934,-0.0005676148809767651
t50,-4.92203679599819e-5,0.0001903271159548272,0.0001889509932577373,-3.6772542428915505e-5,0.00017997510795388064,-5.955102546766758e-6,-7.826155424447069e-5,-8.974519426513688e-5,-0.00010555388390501023,-0.0001021779947775349,-7.595931750468638e-5,-7.46628656871402e-5,-8.527621099797184e-5,-2.1463050200624766e-5,-3.227850622793779e-5,-8.892219079329509e-5,-0.00028699556437302776
t51,-4.3001282416910825e-5,0.0001760351620984865,0.0001697215583039924,-3.959548198753584e-5,0.00016828777973372977,-7.691430994607882e-6,-6.220118359816564e-5,-7.151444026883317e-5,-8.333400592234986e-5,-8.053493693222932e-5,-6.162192566546157e-5,-5.89761935613385e-5,-6.585160015132239e-5,-1.1532192217446706e-5,-3.611786211536722e-5,-6.921786438373432e-5,-0.00017714590007909456
t52,-4.546572092721e-5,0.00016206449474683908,0.00015413943019978684,-4.241299725346205e-5,0.00015249486485049448,-8.095309466270094e-6,-5.970711466625495e-5,-6.807174456627014e-5,-7.78487481086787e-5,-7.534343218859204e-5,-6.014581947400455e-5,-5.73318831240773e-5,-6.227037385691033e-5,-9.424512181157527e-6,-3.837077099439421e-5,-6.218453484572209e-5,-0.00019797417185588357
t53,-4.384463283853363e-5,0.0001499869262080861,0.00014238038471012278,-4.300160331303875e-5,0.00014122082951375966,-8.146928147234235e-6,-6.583860580220651e-5,-7.488824757453328e-5,-8.243936860688377e-5,-8.112763055354462e-5,-6.688063894045996e-5,-6.416760377200707e-5,-6.818808155643003e-5,-1.0618383156477407e-5,-3.6752875422507505e-5,-6.632983961818056e-5,-0.0002786362988700688
t54,-3.961360731233665e-5,0.00013857085748420086,0.00013285958620817652,-4.137358784095818e-5,0.00012946695318986906,-9.33092939062854e-6,-7.56118018656556e-5,-8.713989138580567e-5,-9.387001695769476e-5,-9.326326656178472e-5,-7.92929635086937e-5,-7.701047584592096e-5,-8.090883148826388e-5,-1.2399770717027675e-5,-3.3626666235522534e-5,-8.024543222552427e-5,-0.00040278984445357073
t55,-3.670150723537708e-5,0.00012560114603743467,0.00011724006506495354,-4.150161567167e-5,0.00011299864530220894,-1.2118547586099314e-5,-9.580027932471882e-5,-0.00011384731116112522,-0.00012027370270779718,-0.00011948817507065394,-0.00010543937198011132,-0.00010301031155378848,-0.00010827717187172128,-1.6860897954469368e-5,-3.1475891190367094e-5,-0.00010386675432556089,-0.0006528216812288629
t56,-3.277268701202496e-5,0.00012042071560909145,0.00011793350886030041,-4.4172713594857314e-5,0.00010172200892756854,-3.4147935483939302e-6,-0.00011798960244926251,-0.00014516262896739708,-0.00014970324215725445,-0.00015378070460991247,-0.00013468167353075075,-0.00013346159512262135,-0.0001395967723993871,-1.7922341176891408e-5,-3.4597799650318666e-5,-0.00013482573220874092,-0.0009020060530308525
t57,-4.51774177617193e-5,0.00010480618796069935,0.00013019737209692337,-3.9775076793960654e-5,0.00010534516864004564,-1.58012549246476e-5,-0.00015303792574942774,-0.0002003161505704443,-0.00020694820519726894,-0.0002109342580944522,-0.00018358839296495576,-0.00018225899342922362,-0.00019304856188766904,7.3837672806029674e-6,-3.9795363877666145e-5,-0.0001879008241016369,-0.0013108499293748009
t58,-5.057840486236181e-5,8.303172270203188e-5,6.91548263567052e-5,-5.4513364397304674e-5,5.737524382192292e-5,-1.4638371402818481e-5,-0.00025131275946215203,-0.00021044438383838703,-0.00024675403500090556,-0.0002511015362299129,-0.0002290737899008948,-0.0002256047095328239,-0.00023265839541804085,-7.4588234476388675e-6,-3.968324224651264e-5,-0.0002956261738459257,-0.0018998861967050192
t59,-4.810537337848918e-5,2.4653856740219244e-7,-7.401974151892715e-8,-5.668598809601279e-5,1.0937606124731652e-7,-1.3887913346918835e-5,1.3172437315428297e-6,1.218769114128149e-6,-2.3591326709208253e-6,-1.8013286249208736e-6,-2.678365873230902e-6,-2.920889345483164e-6,-3.444712628934672e-6,5.019869286062325e-6,-3.833950962568543e-5,6.503840465526785e-7,-0.0001617350525251801
t60,-3.916452884441504e-5,1.644514070520148e-7,-4.806812253583272e-8,-5.770256848576121e-5,2.0744314375099585e-7,-1.409594000725541e-5,0.0007554392934747358,0.0007824712886622181,0.0011792163770914432,0.0011606867488337814,0.0005407567100841238,0.0005490434263927733,0.0008291554645201988,9.197964000474525e-6,-3.8022361689246705e-5,0.001470486029436516,0.0071277917298978545
t61,-4.9133102258051756e-5,1.648116629458982e-7,5.0029026376417146e-8,-5.757540615080472e-5,2.6992842179553956e-7,-1.5697701857074455e-5,0.0003782228986684859,0.00038088554477480857,0.0005266802804080927,0.0005450849058283433,0.00029856795708809824,0.0003032019916223471,0.00044006428581789864,8.804822277182897e-6,-3.731865868531347e-5,0.0007112440645876505,0.0034335166512327814
t62,-4.724611598330196e-5,1.298575023169869e-7,3.639058357683507e-8,-5.832160456123636e-5,2.201916265283038e-7,-1.7153493688067874e-5,0.0002619263872714941,0.00026230681933343684,0.00037336610585798083,0.000388049028436207,0.00021403301696617025,0.00021785274403792807,0.00031945492807993576,6.880443578821008e-6,-3.78793866829765e-5,0.0004971599993288238,0.002380815311687637
t63,-4.3946451421501446e-5,1.010282114935963e-7,-2.9597877396082217e-8,-5.6977764308965605e-5,1.7265899835451752e-7,-1.7508897157547572e-5,0.0002033355116000198,0.00020628790939537182,0.000270623782351507,0.00028051567020577565,0.0001670535667770284,0.00017040628429377242,0.00025371219146899903,4.341729681143738e-6,-3.612162106220328e-5,0.00038953918828346087,0.0017915051894393129
t64,-4.14938295943933e-5,9.195420846557192e-8,-9.873869765201227e-8,-4.774842477913657e-5,2.0960236976487328e-7,-1.8217919363707673e-5,0.0001644033936776977,0.00016217935699788398,0.00022776730647965681,0.0002368458517816061,0.00013522773866224245,0.0001383645372345429,0.00021221679119916157,1.1756659889228368e-6,-3.220591090456198e-5,0.00031826786756654433,0.0014569852428270376
t65,-2.625191653919611e-5,5.021642173063624e-5,3.501396665599306e-5,-4.4181354205486016e-5,6.576481056228705e-5,-7.751975976952307e-6,0.000138416800989825,0.00013712725624564665,0.00019233514120811784,0.0001881683400474171,0.00011159410394060882,0.00011432481348303718,0.00018099391970898077,-3.1912496718995104e-6,-3.019892182348601e-5,0.0002590272585451023,0.001361407414900632
t66,-4.532913073959509e-5,4.251853877433733e-5,3.388768354496767e-5,-3.6139043558876816e-5,4.2445274794366045e-5,-1.8062292589698666e-5,0.00010755525517148524,0.00010635970972757633,0.00015574131635998106,0.0001534939960123256,8.445932413835895e-5,8.716498816916258e-5,0.00014914624208468044,-1.132079708974468e-5,-2.891869393627019e-5,0.00022526567925742856,0.0010482680501204844
t67,-4.5992217718310194e-5,3.825157548933793e-5,2.743186944339499e-5,-4.447207104861246e-5,3.6294091456166454e-5,-1.6020112193050127e-5,8.789242325130819e-5,8.606041265564583e-5,0.00013102766113149875,0.00013057443232467806,6.693689982002993e-5,6.895293594663306e-5,0.00012658937342296725,-1.7476368423049416e-5,-3.0739230459903085e-5,0.00019261410620174705,0.0008379257813004822
t68,-4.469765358790114e-5,3.234202042731907e-5,2.130145959290878e-5,-4.433881586562556e-5,2.8507099545108735e-5,-1.4753011370663484e-5,7.104475422926245e-5,6.891450506291093e-5,0.00011850317658012777,0.00011657779075386396,5.345807093507434e-5,5.5554890297568175e-5,0.00010991227240947948,-2.202452117253084e-5,-2.896594937583582e-5,0.00016625344302340902,0.0006875895314844758
t69,-4.195145297172303e-5,2.8754095366495455e-5,1.996888341038504e-5,-4.250669399281923e-5,2.2645196796197683e-5,-1.5236286627227523e-5,5.432705228673064e-5,5.176717149653336e-5,8.424295254048106e-5,8.642779674300869e-5,3.7669912087337875e-5,3.9615009315533783e-5,8.935219754939962e-5,-2.6919755331179497e-5,-2.8667330282120106e-5,0.00014145690058686835,0.0005009456489739022
t70,-4.117626062451505e-5,2.325139328243469e-5,1.5322936466553866e-5,-4.244926536674705e-5,1.6179691875888045e-5,-1.5436324081033303e-5,4.0816283310053426e-5,3.7801998662448194e-5,6.564291551046694e-5,6.82190883649101e-5,2.67986347477083e-5,2.8479022955270154e-5,7.501143484571803e-5,-2.996689834145139e-5,-2.8917334965298162e-5,0.00012339722616291264,0.0003629745428053194
t71,-4.146289694927546e-5,1.806671985634868e-5,9.517431467851336e-6,-4.256849509752598e-5,1.1546528044874984e-5,-1.5369704878203015e-5,2.903022108498366e-5,2.5499346872620614e-5,4.720516790127583e-5,5.058630240947718e-5,1.6669355234634473e-5,1.816878719958262e-5,6.155197261695024e-5,-3.2367847501609144e-5,-2.909766917341335e-5,0.0001089048557473349,0.00023588007483590754
t72,-4.214220287521614e-5,1.2527610277257898e-5,4.088047230702382e-6,-4.280845232669732e-5,6.792188850351006e-6,-1.4985681914767268e-5,1.7358998742230894e-5,1.3120365123238108e-5,2.870826904029417e-5,3.3405516307456196e-5,6.686975144207307e-6,8.173719643438351e-6,4.862830766523356e-5,-3.412289184773582e-5,-2.9377346886522863e-5,9.631903037107945e-5,0.00011237245254454992
t73,-4.222316332606539e-5,7.913881803713795e-6,-8.470803353278037e-8,-4.228375875234902e-5,2.637354014783755e-6,-1.5082023559387631e-5,4.590648186270259e-6,-2.857981821423272e-7,9.388462243456472e-6,1.4130885688543252e-5,-3.480908119504107e-6,-1.8259889038850199e-6,3.571296676448636e-5,-3.610149840708413e-5,-2.916851563806992e-5,8.605290928140497e-5,-1.0109254939361455e-5
t74,-4.3321917230161684e-5,2.544661199183174e-6,-5.281323960787447e-6,-4.327589605654314e-5,-2.2821473619154706e-6,-1.4599540828499242e-5,-5.39174447222743e-6,-1.0928159998837395e-5,-6.75519079512482e-6,-7.16502355931383e-7,-1.055876474263304e-5,-9.006508596406841e-6,2.5524138384337607e-5,-3.7212585159763284e-5,-3.051945296370645e-5,7.225679404708921e-5,-0.00011952414089192764
t75,-4.463165409630565e-5,-3.03135459063071e-6,-1.0728911448550544e-5,-4.427782321286506e-5,-7.3116497900630235e-6,-1.4518892076281145e-5,-1.397015530732308e-5,-2.027969282524087e-5,-2.1959196499238323e-5,-1.4446879466582629e-5,-1.6049880393719578e-5,-1.4568117450862722e-5,1.668605673957243e-5,-3.7572538493152194e-5,-3.1289481466307074e-5,5.788216474207318e-5,-0.000220068005635477
t76,-4.607516265308715e-5,-8.522823004789015e-6,-1.5780463366933176e-5,-4.4835274715643876e-5,-1.2558410807415103e-5,-1.4689137620324448e-5,-2.1953306433762274e-5,-2.900558709954257e-5,-3.672230406346121e-5,-2.7969594887729402e-5,-2.043708125517057e-5,-1.8994868788338398e-5,8.091248160812054e-6,-3.845115014889565e-5,-3.199668094697542e-5,4.239519932984835e-5,-0.00031750539830140785
t77,-4.8202680432875975e-5,-1.3501310200109889e-5,-1.9922015174466803e-5,-4.439426326172852e-5,-1.7569802021218905e-5,-1.5226704718287082e-5,-3.022975057875958e-5,-3.824192683694516e-5,-5.2978205816393e-5,-4.325567974634744e-5,-2.511147555156911e-5,-2.352122813065377e-5,-1.685924080562675e-6,-3.949417600472385e-5,-3.3019238666785876e-5,2.5663475607049124e-5,-0.00042069090561437856
t78,-4.9840765749090206e-5,-1.907563497817681e-5,-2.376567069454761e-5,-4.3823902739300945e-5,-2.238961343997454e-5,-1.467355618303619e-5,-3.612063322976494e-5,-4.4906531973329435e-5,-6.820697031518638e-5,-5.68242901133464e-5,-2.8248806930637125e-5,-2.761631681086862e-5,-1.1372941378138699e-5,-3.954645605056497e-5,-3.69495810170659e-5,6.2003818942362355e-6,-0.0005171612897087925
t79,-5.000625543040505e-5,-1.7080596172673842e-5,-1.7570525479567997e-5,-2.9821444544903687e-5,-9.29552013690743e-6,-1.625821190135654e-5,-3.534367351482274e-5,-4.7142611299105685e-5,-8.752282158730278e-5,-7.538015908863053e-5,-2.450709395977879e-5,-2.3852625264074364e-5,-1.1109824638873801e-5,-3.581904891704371e-5,-3.151083067791566e-5,1.4739375574524072e-6,-0.0005107473050559102
t80,-5.428135271736942e-5,-2.9000027605901672e-5,-2.5171178747475175e-5,-3.8170207609664285e-5,-2.4953222582834488e-5,-1.2824365457781694e-5,-4.464191253190245e-5,-5.757164235126851e-5,-0.0001026099593966615,-8.890553170746898e-5,-3.23287089295303e-5,-3.223353676052863e-5,-2.9585642200582598e-5,-3.3723289289633686e-5,-3.854730919771911e-5,-2.461143939850564e-5,-0.000669159326484828
t81,-4.084040304141432e-5,-2.6347048630139737e-5,-2.299057146514849e-5,-3.9054745827400445e-5,-3.1065415330114805e-5,-1.3163525908251957e-5,-3.7029157414622015e-5,-5.0924951338560015e-5,-0.0001334842155208796,-0.00011328254338009347,-2.466437937937919e-5,-2.598531831588849e-5,-2.891193561929018e-5,-2.2782211698673612e-5,-3.899117099214739e-5,-5.005974106952936e-5,-0.0006995773349315331
t82,-4.282658021827711e-5,-3.2768312061800434e-5,-3.444159589140874e-5,-4.312665863598166e-5,-4.090389766830153e-5,-1.243442941788856e-5,-1.4831061551156257e-5,-1.4728294608449791e-5,-2.700748169829666e-5,-2.542029357970313e-5,-2.47084893519147e-5,-2.718154955293063e-5,-3.7879105707693806e-5,-7.227015236467423e-6,-4.205789959256312e-5,-9.98409446712635e-5,-0.000527383609444097
t83,-4.12743350949993e-5,-1.1293926487921567e-5,-4.282921792996715e-5,-4.8040195667019514e-5,-3.4086133512831553e-5,-1.0902366026102092e-5,-3.1204191097080005e-6,7.054362042592464e-6,4.062685076609458e-5,2.752035159413535e-5,-1.45958318259296e-5,-1.5541632503971615e-5,-3.0219942640284026e-5,2.534164277338731e-7,-4.299504131865322e-5,-9.422200253283885e-5,-0.00031366606381967024
t84,-4.2071380721788254e-5,-1.2727113550283046e-5,-4.7063052221992464e-5,-4.66711500910522e-5,-3.963779163022034e-5,-1.1799951479511196e-5,6.070336499619845e-7,1.2740398722688306e-5,4.355059118100111e-5,2.7517600924007014e-5,-9.333079940720923e-6,-1.0206343758386243e-5,-3.047712869544931e-5,2.6646310114049968e-6,-4.1564053859579296e-5,-5.306634451632795e-5,-0.0002575371349762478
t85,-4.067979103282332e-5,-1.3922550901624955e-5,-5.1444143244608596e-5,-4.526414882681923e-5,-4.313033178400255e-5,-1.281635102230643e-5,-2.5460790442871677e-6,9.276491578030547e-6,3.0230736228013802e-5,1.5869495047032684e-5,-1.3896170881454105e-5,-1.447598436777244e-5,-3.8806367700017746e-5,2.868952526155832e-6,-3.8870729918458655e-5,-6.969941998224371e-5,-0.00032730639332718606
t86,-4.1195801172470774e-5,-1.5117966651722315e-5,-5.623460572825749e-5,-4.653239012280312e-5,-5.4314887533420965e-5,-1.4443900745643396e-5,-9.630307297721297e-6,1.087479614467537e-6,1.4513865963819554e-5,1.529685536638263e-6,-1.9256452824397445e-5,-1.9840210252846288e-5,-4.693214752702503e-5,1.0852404063330437e-6,-4.013979996022927e-5,-8.754600813030918e-5,-0.00043296820642558815
t87,-4.166094522680149e-5,-1.673610481170027e-5,-5.713977662226532e-5,-4.6157339671675334e-5,-5.0224389545805076e-5,-1.559282952704522e-5,-1.8392240774752047e-5,-7.903058823770074e-6,1.3969175417435714e-6,-1.1177944213809677e-5,-2.51088067186533e-5,-2.6148482585604227e-5,-5.670809075266134e-5,-2.3753479289064186e-6,-3.71410900438886e-5,-0.00010072941245544624,-0.0005117989421610411
t88,-4.390989814308951e-5,-2.011099500806428e-5,-5.981940157239068e-5,-4.0130821229654284e-5,-6.311604265323195e-5,-1.6480997096457163e-5,-2.8606451752334803e-5,-1.8163607864936794e-5,-1.1253506618446823e-5,-2.408692089911965e-5,-3.2961023275083804e-5,-3.472372629020836e-5,-6.76008973787191e-5,-7.746751318349623e-6,-3.675231248759105e-5,-0.00011051551491942154,-0.0006159788685070995
t89,-3.816663810925985e-5,-7.54517841416713e-5,-8.16044147296523e-5,-4.7264522429741855e-5,-7.850246254439476e-5,-1.8599231836860544e-5,-3.911423834208003e-5,-2.9993506672231903e-5,-2.5059931527016597e-5,-3.704451674878977e-5,-4.306172168077268e-5,-4.455872993596396e-5,-7.788414837108907e-5,-1.702520210793492e-5,-4.0548951486466465e-5,-0.00013346706675399636,-0.0008273470674179224
t90,-3.874938370405509e-5,-7.725339482975613e-5,-7.560866386427266e-5,-4.0637125751038255e-5,-6.69339013576982e-5,-2.8585766665237403e-5,-4.965009128369932e-5,-4.223033260232112e-5,-3.8966950145056545e-5,-4.972210897626314e-5,-5.371247691774575e-5,-5.4211934509647264e-5,-8.754415542513895e-5,-2.795915765778774e-5,-4.293044786796298e-5,-0.0001523752633525013,-0.0009270711549101818
t91,-4.6616097710529625e-5,-8.16536874480417e-5,-7.713646475920844e-5,-4.7502353072180054e-5,-7.564948458314863e-5,-3.416205476548413e-5,-6.479951426822858e-5,-5.743622926558993e-5,-5.762995351936895e-5,-6.753759985008163e-5,-6.757526450395903e-5,-6.766514525910503e-5,-0.00010352944832679552,-3.833927016866846e-5,-4.689677320296325e-5,-0.00017431185097148375,-0.0011084411916748367
t92,-3.821422110796773e-5,-8.668903304655248e-5,-8.023600365695307e-5,-4.876070626153025e-5,-7.458741325005648e-5,-3.97653496502635e-5,-7.83935909877229e-5,-7.147026484990036e-5,-7.436418774225357e-5,-8.350726838480085e-5,-7.834210048022066e-5,-7.814147864719993e-5,-0.00011717966135202958,-4.465926852236672e-5,-4.769506265740966e-5,-0.00019180264866363675,-0.0012338082592608644
t93,-4.371833957412341e-5,-9.28161836084149e-5,-8.682680284834276e-5,-4.8043416061596506e-5,-7.233007991081091e-5,-4.0308466199823396e-5,-9.100476474030296e-5,-8.431835547619034e-5,-9.05337231081271e-5,-9.887060220533053e-5,-8.762717631452771e-5,-8.722839792515456e-5,-0.00012936713697043293,-4.872556243502038e-5,-4.71407674767362e-5,-0.0002077095114867329,-0.0013565692863416676
t94,-4.316990848257168e-5,-9.768112357536836e-5,-9.047863688199903e-5,-4.3790364300427755e-5,-7.92401778007946e-5,-4.1759901578722274e-5,-0.00010776675987103369,-0.00010104240855728422,-0.00011108117460785635,-0.00011874272113692361,-0.00010083057679197973,-0.00010043327956079684,-0.0001481082297115533,-5.4853132143976464e-5,-4.720637181848156e-5,-0.00022676032799377513,-0.0015129450948135445
t95,-4.2864646760225117e-5,-0.0001029625101166724,-9.66122706643111e-5,-4.4105205383120374e-5,-8.98359208324268e-5,-4.273987828425775e-5,-0.00012381913045487566,-0.00011738775171432911,-0.00013095420443174507,-0.00013739191794900763,-0.00011248518632557387,-0.00011236803642998173,-0.00016597940718511187,-5.937782766191787e-5,-4.5426216766591115e-5,-0.00024556664665937455,-0.001669876757619522
t96,-4.285337083283391e-5,-0.00010664802256488833,-0.00010606541045760205,-4.533305909836538e-5,-0.0001016632431320998,-4.223273683405529e-5,-0.0001359761468463778,-0.0001283984745166458,-0.00014494334196546527,-0.00015112576366441792,-0.00011682823928650259,-0.00011956338733397497,-0.00017889684593597923,-5.866277288262953e-5,-4.277144059707076e-5,-0.0002705301197016347,-0.0017924923756505434
t97,-4.2129377122774445e-5,3.634500010924242e-6,-2.3771926230347862e-5,-2.7111416997437447e-5,-2.127644427773057e-5,-5.8684632376683823e-5,-0.0001778138842808679,-0.00019459890418147544,-0.00024155389408897995,-0.0002282998909984477,-0.00017634005495565088,-0.00017964742691555896,-5.3464892688924946e-5,-0.00010037053482177609,-0.0004045230042020529,-0.00012769643535954584,-0.0020536482194873306
t98,-3.898753055774223e-5,-2.698183133186684e-7,-2.560171687391078e-5,-3.592636141610076e-5,-3.1457806133714815e-5,-6.750726059172939e-5,-0.00022090916421185398,-0.00024045863813862498,-0.00030337532478984204,-0.0002912084589207665,-0.0002149283658386484,-0.00021948184462244717,-6.739121602767674e-5,-0.00011983529076179715,-0.0006136804815658076,-0.00015035869491217724,-0.0026413779736761587
t99,-4.8301940557851585e-5,-3.848351409851951e-6,-2.6357519093852448e-5,-3.668176607829659e-5,-3.320106745080392e-5,-8.10624135643974e-5,-0.00022227755415258962,-0.00023642620639489117,-0.0002824412006450305,-0.00027606766848999807,-0.00021008703149855569,-0.0002073491522362997,-7.888644042444646e-5,-0.00012429348612174468,-5.992591080455067e-5,-0.00018611265931992867,-0.0021133203682430894
t100,-5.367848687263129e-5,-7.908393529670577e-6,-3.311802150534159e-5,-4.461022103594636e-5,-3.4298326731538095e-5,-0.00010269845223804938,-0.0002585392374130896,-0.00026866962587108486,-0.00031177428327380514,-0.0003081193229134632,-0.0002285461516075239,-0.00021630272252079214,-0.00010227526831467308,-0.00013515108692771686,-4.744299057598055e-5,-0.00024546467332244455,-0.002398597264653751
t101,-5.490169833922025e-5,-1.1324457873676044e-5,-4.072813248682088e-5,-3.760923220381619e-5,-3.6018550316804204e-5,-0.00011761934178585996,-0.00030849741475130407,-0.000315229768835457,-0.00033372187846005056,-0.0003329148355359436,-0.00029697595120868104,-0.0002688855365426177,-0.00018457298488919126,-0.0002046965498816434,-9.110137132565089e-5,-0.0003922866144721628,-0.0030270843189088995
t102,-5.494807821543739e-7,1.2515741332053476e-6,4.876379692820867e-7,7.311359711556483e-7,-2.627698086165485e-5,-2.41541011658722e-6,-2.3102233313991994e-5,-2.2715684407217343e-5,-2.239330166011325e-5,-2.20920091602886e-5,-2.1760950070831193e-5,-2.1716230151224532e-5,-2.1035754490229422e-5,-8.859250475230396e-6,1.779838089527604e-5,-0.0008417419921308494,-0.0010143905486514535
t103,-4.472691903331939e-7,-4.618257153296421e-9,-8.792821728746183e-8,-3.369867900437902e-7,-2.5563371591920255e-5,1.919308737922453e-5,-9.062281642270771e-7,-1.1371881843011865e-6,2.6875127099037466e-7,-9.676783878730052e-7,-1.2385542421023306e-6,-1.1988112780191352e-6,-1.1509141313310164e-6,8.952017373057233e-6,0.0014454992735101508,-3.97313057448701e-5,0.0014011422753539612
t104,-4.281310007606895e-7,-3.195603079914938e-8,-5.90069301440394e-8,-2.6213759821811745e-7,-2.6243634254862e-7,9.827567384234565e-5,0.00028529792325816003,0.0002885105002935064,0.00040509971943636483,0.0004037008656993122,0.00023560167278378826,0.0002327723883282178,0.0002521632383720094,0.0002516558986385611,0.0007744519374063042,5.928789389316832e-6,0.0032324149395454166
t105,-4.0725363330626164e-7,-4.525388615450328e-8,-6.390211565489933e-8,-3.8670469089033826e-7,-2.986523557029793e-7,9.047943712188005e-5,0.00012989420213779844,0.00013083711592769365,0.00017639523900107398,0.00017703843492754477,0.00010119841351631859,0.00010118246136283407,0.0001080692943187778,0.00012783803669794508,0.0004885988580632594,0.0009655740057158226,0.0025959037321092397
t106,-4.059029179181061e-7,-5.1524700298000184e-8,-7.663481997046504e-8,-3.0160866945311763e-7,-4.587787728230736e-7,6.787444519982395e-5,8.314942378110488e-5,8.37997208400033e-5,0.00011494477607145444,0.00011544825558755294,6.277478700114209e-5,6.302188018696302e-5,6.725279476660229e-5,8.879796103284641e-5,0.00040333602171396815,0.0005068575339363971,0.0016559631502373958
t107,-4.1513083253055453e-7,-6.589394298896983e-8,-1.0850430867497428e-7,-4.137395631824649e-5,-4.323385106555923e-7,4.37405441826984e-5,5.8703707086219264e-5,5.942316926662214e-5,8.905860882149666e-5,8.96321189050341e-5,4.608281104842025e-5,4.635073153866017e-5,4.9105040229763245e-5,5.760093618260643e-5,0.00029446788271944937,0.0003589300299516493,0.0011506997560195228
t108,-4.5458669008572953e-7,-1.9036637976702462e-8,-1.0998033841125108e-7,-0.00010109378568617374,-1.3303805567146758e-6,4.3772701659587075e-5,4.5309319993920944e-5,4.568561421705598e-5,7.55784504291265e-5,7.489183876499572e-5,3.4447446336808696e-5,3.457398037057623e-5,3.5267973562976506e-5,4.3195352155912655e-5,0.0002525175092984176,0.00021377931548533706,0.0007960117323653528
t109,-5.165333126464372e-6,-2.369480323152771e-8,-8.152347301549996e-6,-3.911094006775211e-5,-4.267962052864772e-7,2.6876841882592094e-5,3.2550483128760724e-5,3.288928178702025e-5,6.0018278136601614e-5,5.913197791985565e-5,0.00013146046908801948,0.00013078288743436354,0.0001426082869519913,1.8471813471437726e-5,0.00021623338322209444,0.00016613784093019932,0.0009642824324486517
t110,-6.015308952659382e-6,3.2298425691500965e-9,-4.884912398822054e-6,-1.1641313312435159e-5,-2.943981667840155e-5,1.7253473907512183e-5,2.9916260025602527e-5,3.0312977366089584e-5,5.6476141127291256e-5,5.6354783241317266e-5,8.948067829585209e-5,9.055398739557151e-5,9.614035652680635e-5,1.2871365755493366e-5,0.00020113988597310047,0.0001534142789108555,0.0007819360670257431
t111,-6.875735174187065e-6,-2.568744096025279e-8,-6.180493848744094e-6,-4.2505722843789254e-5,-5.507747018446638e-5,7.512347684191481e-6,6.843869341802428e-5,6.874437440549092e-5,0.0003177363471344272,0.00030862928278076624,3.811675351152786e-5,3.750962208151149e-5,3.985368658091389e-5,-1.1853247568359494e-5,0.00020114009957286475,0.00013199878803605355,0.001097161638145265
t112,-7.995143927494066e-6,-5.25384000258202e-5,-8.312145402704052e-6,-3.117467443003338e-5,-6.502156599221651e-5,3.0459715777949623e-7,5.065277493045161e-5,5.083385351489257e-5,0.00033926603424365643,0.00032112221362990046,9.005521785003935e-6,8.176580641693785e-6,8.010785166995422e-6,-2.433357624034926e-5,0.0001893605932159255,0.00011190180110242218,0.0008992592493701039
t113,-1.8625596859389585e-5,-3.490079986452276e-5,-3.355052540468066e-5,-2.687394971235826e-5,-6.39240282288745e-5,-7.58132934420716e-6,1.6941097726207402e-5,1.8277843164300554e-5,0.00025674390494661605,0.00023780249213705364,-1.8225970287035714e-5,-1.9389233609843276e-5,-2.2223233755006176e-5,-3.9808771672295313e-5,0.0001826080808282102,9.56037876884101e-5,0.0005228737677525846
t114,-2.309432198717559e-5,-3.9483819767454644e-5,-2.994788515658609e-5,-2.812735423804528e-5,-6.834743146925445e-5,-1.5403807217353353e-5,-1.4261358526218186e-5,-1.1886717890078353e-5,0.00020268940289571544,0.00018718972672590996,-4.762707774687325e-5,-4.9060364218970604e-5,-5.5640792825915144e-5,-5.9773681569144966e-5,0.00016753635774822523,8.452030178258629e-5,0.000199281176539367
t115,-2.6366288293257073e-5,-3.9525877079739794e-5,-3.106093896908561e-5,-1.726180731456546e-5,-6.082594244496435e-5,-2.6028826757999147e-5,-2.062880514956786e-5,-1.7770758778341094e-5,0.00019990315964140448,0.00019326661560761452,-5.512322845937592e-5,-5.918797209334154e-5,-7.176499933692724e-5,-6.557490703288376e-5,0.00015457138772318618,6.705478966501453e-5,0.00012367560092717088
t116,-3.882872881457414e-5,-4.344233792709702e-5,-3.5605154176117086e-5,-2.088373003529887e-5,-5.774708403684149e-5,-2.8776309426091005e-5,-7.223524963715194e-5,-6.784121075934153e-5,0.00016232224904933802,0.00015472036046386628,-0.00011597889875517851,-0.00011906966074429929,-0.00014196074689223136,-0.00011940716826858084,0.00014186147061268716,5.006082522886474e-5,-0.00035281137411804684
t117,-3.797288278636256e-5,-6.700449491977476e-6,-1.5140083163767757e-5,-2.2437781403773862e-5,-7.087275482242718e-6,-1.311971932518115e-5,-3.395539154510374e-5,-2.7272490338371305e-5,-3.629793824549811e-6,-4.0567674172438995e-6,-6.107764635126849e-5,-6.057879147122739e-5,-0.0001094214076543338,-9.606943587470462e-5,0.00014822406552199259,-7.76963213263584e-6,-0.00035806548274075185
t118,-3.982193124123087e-5,-3.400462442457294e-5,-4.292004434248773e-5,-3.3187453791994886e-5,-2.0432234282267042e-5,-2.9080121860108656e-5,-7.63950662599502e-5,-7.757598559392207e-5,0.00010278720726332292,8.815916929047996e-5,-8.202781888850593e-5,-8.252691880214097e-5,-7.962668814271996e-5,-6.314977847690906e-5,0.00012718585624766276,3.117694206297385e-5,-0.00031143949124237083
t119,-2.658403155940372e-5,-4.811731911444723e-5,-4.335369919725004e-5,-2.5215322134863985e-5,-3.462218033318575e-5,-1.6975577325466726e-5,-5.0801153880010646e-5,-5.410888365885036e-5,7.274574674499828e-5,6.421992721671923e-5,-5.2705845001039854e-5,-5.202641741253908e-5,-4.7078411314993105e-5,-3.9038867326875814e-5,0.0001157388530575484,2.3094837583213896e-5,-0.00021482834365644653
t120,-3.661341349675566e-5,-5.3245819977671214e-5,-3.1833410419220295e-5,-2.640801061090506e-5,-7.236676583580153e-5,-1.3028287277043021e-5,-2.0067435302879347e-5,-2.433147674166868e-5,7.25789609095467e-5,6.63650887905277e-5,-2.352630001728622e-5,-2.2791300619895357e-5,-1.8035626467794523e-5,-1.793122895203619e-5,0.00010651708123616144,1.3700308061057975e-5,-0.0001010176367216633
t121,-3.711428305051849e-5,-5.635411384416462e-5,-3.11579855939994e-5,-2.5462280445158037e-5,-7.393888129850288e-5,-8.446277707742238e-6,5.427588086456549e-7,-4.9146475678880825e-6,6.346925697309853e-5,5.9468559254744843e-5,-5.994615066670997e-6,-4.355503624906881e-6,9.08697020438016e-8,-4.8211237649214775e-6,9.860269252324117e-5,5.9114204248050695e-6,-2.4474154277894032e-5
t122,-3.7583821014415005e-5,-6.080968264123167e-5,-3.208146102520893e-5,-2.228267899175714e-5,-8.058534049978268e-5,-5.413208105491214e-6,1.4328206437459641e-5,7.970831840740692e-6,4.600409540627278e-5,4.3157121504112036e-5,5.494137888553553e-6,8.329340596652665e-6,1.328935631265699e-5,3.1601448429477895e-6,8.769366965909279e-5,-6.920598937285324e-6,-1.6249886726683033e-5
t123,-2.7969529573006557e-5,-6.846546232805647e-5,-4.080415335158408e-5,-2.2357622239726415e-5,-9.621555157405668e-5,-4.582796951988942e-6,1.389845138738732e-5,7.645576309936223e-6,1.6498408256493557e-5,1.4531039350048087e-5,1.6024010753535751e-6,5.732344216768984e-6,1.1845652945832611e-5,-3.969688455076109e-6,9.32539698014484e-5,-1.2835087594474424e-5,-0.00011219204872470092
t124,-2.489535726073311e-5,-6.890173633705436e-5,-3.4693964266261295e-5,-2.6232882419977267e-5,-9.853535687363652e-5,-7.539629130407555e-6,4.434146335731354e-5,3.580625160399395e-5,1.4577967263059792e-5,1.4062559657867011e-5,2.6803376835116958e-5,3.481892838468829e-5,4.4256546620375473e-5,1.5912846601115183e-5,7.576696137687025e-5,-2.607081881723684e-5,1.9477156595093477e-5
t125,-3.15030245469622e-5,-7.074925851422923e-5,-3.429995095466311e-5,-2.9762394631529316e-5,-0.00010303172047650425,-7.82630408965756e-6,4.273104668672126e-5,3.520061502325794e-5,-4.3002184012367034e-6,-2.592709357245468e-6,2.6737288257463866e-5,3.488856775817878e-5,4.439792229097247e-5,1.2916926861591542e-5,7.090409468097538e-5,-3.336666493423622e-5,-4.965578434710281e-5
t126,-2.492699672561613e-5,-7.283179528954248e-5,-3.5433774277365514e-5,-2.7014735886123304e-5,-0.00011085916390180084,2.432668583535919e-7,4.748671149008409e-5,4.2762516470246976e-5,-1.902749531744513e-5,-1.775980541338199e-5,3.650254289589976e-5,4.51203919060531e-5,5.810019568979482e-5,1.6153302144861647e-5,7.230976978497868e-5,-4.2725373070018985e-5,-3.190044264102165e-5
t127,-4.871689573032122e-5,-7.686797466586015e-5,-3.601517299400146e-5,-2.5786413092540765e-5,-0.00010903507655602182,-6.028305491022829e-6,4.6921754434208e-5,4.522050866324402e-5,-3.061096884437099e-5,-2.687155862394603e-5,4.379559573566624e-5,5.118808493677546e-5,6.518082395361196e-5,1.7821584789051965e-5,5.2275826878807894e-5,-5.4929603693274355e-5,-9.245779029999408e-5
t128,-3.48326536608264e-5,-8.025716779025383e-5,-3.691418028076527e-5,-2.6970639382642816e-5,-0.0001134183937082093,-4.663777220151466e-6,4.4049944224320617e-5,4.763234357328819e-5,-4.389174994207306e-5,-3.94082754580328e-5,5.2033621897397716e-5,5.555939227902242e-5,7.261152002528099e-5,1.9014331781268723e-5,4.923776639836614e-5,-6.543917693435734e-5,-0.00010565709419836751
t129,-3.0890606156028085e-5,-8.465138748538933e-5,-3.623444110263474e-5,-2.71152379834002e-5,-0.00011162232113402167,-7.199903954834438e-6,5.112121488035449e-5,5.536401181239134e-5,-4.735306492221099e-5,-4.45119019003915e-5,6.499071025173945e-5,6.679975269129174e-5,8.291803858508163e-5,3.2898715539649385e-5,1.9806589740159813e-5,-9.37442765079413e-5,-0.00010942410764618441
t130,-2.6281334295769944e-5,-8.587485838926369e-5,-3.5770109308202075e-5,-2.9352956256056692e-5,-0.00013144097502207458,-9.087951576895574e-6,3.124040913309848e-5,3.44964332560205e-5,-6.044704284232287e-5,-5.7196894550143364e-5,4.312251209228835e-5,4.262577348319717e-5,5.085192608592165e-5,2.336840978919407e-5,5.0438256722179174e-5,-8.685429492497414e-5,-0.0002461626966038035
t131,-2.5829967703186317e-5,-8.7993848366246e-5,-3.2878935339060896e-5,-2.8620105334488135e-5,-0.00013050909721893782,-1.0771547441159042e-5,1.297817461191539e-5,1.5843661804478126e-5,-7.235685298819502e-5,-6.892037096551399e-5,2.3986056703038753e-5,2.2032676933478176e-5,2.5422589732455535e-5,1.300294236598547e-5,2.9616099134417413e-5,-0.0001064586182038247,-0.00042145714227484303
t132,-2.887480125467122e-5,-9.305664363414653e-5,-3.2596302455896894e-5,-3.044033905488833e-5,-0.0001403085783802828,-1.433646989349335e-5,-5.4585226587570935e-6,-2.7746783232246426e-6,-8.49106850733497e-5,-8.142850530431537e-5,4.623522273209116e-6,1.4085279055111633e-6,1.2488833751863214e-6,-1.4140776333889273e-6,4.094811328707285e-5,-0.00011524068769909555,-0.0005826112445245309
t133,-4.0360519395770005e-5,-9.91857811633309e-5,-4.0676970210981706e-5,-2.8770441892888953e-5,-0.0001293324178804354,-1.6045742903255077e-5,-2.536571107160756e-5,-2.2648326248163576e-5,-9.890020973320912e-5,-9.509572970825149e-5,-1.7457954240929088e-5,-2.199860417761781e-5,-2.6868744335993856e-5,-2.0048776720385778e-5,7.74408607120486e-6,-0.00014962994024359042,-0.0008246417838552059
t134,-4.006244184400524e-5,-0.00010159571662282325,-3.60523646611944e-5,-3.2137105030810825e-5,-0.00014764766565747504,-1.991055415376742e-5,-4.445196560491545e-5,-4.1661350409899827e-5,-0.00011399231749475953,-0.00011011530844041039,-3.615266633043295e-5,-4.076309801391227e-5,-4.7315037988277885e-5,-3.0430491394819128e-5,3.114742848290481e-5,-0.00014961418647227795,-0.0009607548416368766
t135,-3.026537302590477e-5,-0.00010364288269385134,-3.9854930881251614e-5,-3.126457197308748e-5,-0.00014186777374043655,-2.5235035440124957e-5,-6.760501068915327e-5,-6.367227491776647e-5,-0.00012756234894766746,-0.00012022854021607828,-6.336819672208355e-5,-6.765459169483688e-5,-7.998638483091876e-5,-4.915612918562609e-5,2.0345612835111924e-5,-0.00017075252211692989,-0.0011617709542406055
t136,-3.208781178844719e-5,-0.00010906871783124463,-3.964800653918548e-5,-3.509041795734751e-5,-0.00013193033809861884,-4.1299343396755454e-5,-8.878551585136322e-5,-8.502290696605093e-5,-0.0001452990838775047,-0.00013776173414471984,-8.652817368788568e-5,-9.113152665343158e-5,-0.00010803769128628056,-6.767172077312632e-5,1.6948014532850744e-5,-0.00019767967023600748,-0.0013800946445551186
t137,-3.273702169371856e-5,-0.00011396486431234558,-4.035535930277158e-5,-3.427339973868848e-5,-0.00013457837785710097,-4.991580971854732e-5,-0.00011636088713521086,-0.0001124733951338135,-0.0001688310660195778,-0.00016014141179627152,-0.00011645163706568203,-0.00012170730757697737,-0.00014547877041365726,-9.189881907452379e-5,1.2877634263222888e-5,-0.0002237846859897894,-0.0016500751785654532
t138,-4.242938245864277e-6,-0.00011774770044532416,-3.5714843091274986e-5,-3.46823484222664e-5,-0.00013670577150289186,-5.595245838467937e-5,-0.000155255179271845,-0.00015169491471942023,-0.00019833944071657924,-0.00019340308590172478,-0.00015556088020712052,-0.00016019695353017966,-0.0001918181694400698,-0.0001244188803534503,8.166824752158711e-6,-0.00025888808750892283,-0.0019664548269894546
t139,-3.94098449260652e-6,-3.2731289266126388e-6,-3.295931758868133e-6,-3.145947100614007e-5,-0.0001276803837822345,-7.41995776651419e-5,-0.00020729302675705764,-0.00020222944478331782,-0.00023066685547020013,-0.0002254001737615274,-0.0002158717913965187,-0.00022127242321316143,-0.00027781386976129144,-0.00017893970487399508,1.060441298010486e-6,-0.0002972866389627726,-0.0022995629653134357
t140,-3.4606617531983872e-6,-3.0649210320504986e-6,-3.3942449030997013e-6,-3.263256176078612e-5,-0.00014594400265919202,-0.0001049464654665353,-0.00029802850099717716,-0.0002890020669859866,-0.000273528042929943,-0.0002695588740895469,-0.00034252776645272217,-0.0003503351840832989,-0.0005192235839198646,-0.00031853308023373385,2.4548441136332495e-6,-0.00037911347553832886,-0.003330838588691831
t141,-1.3003639242880893e-6,-1.4981995477897943e-6,-1.4279444118884185e-6,-3.297083483949871e-5,-1.6466419335439654e-6,-5.482365611541307e-6,-6.1211765475241775e-6,-5.974909987691391e-6,-4.823047101199686e-6,-4.8650931029447754e-6,-6.618510522105785e-6,-6.379416734320662e-6,-1.0578369869114976e-5,-1.3398709365115018e-5,-1.129642250644888e-5,-2.1071741237361607e-6,-0.00011648918012875179
t142,-3.532672256592409e-6,-2.945160833140951e-6,-3.384254301530091e-6,-3.0227193035569358e-5,-3.3847832671513798e-6,-0.00011216079085492187,-0.0002496226815477467,-0.00026503506913384134,-0.00040628499550692324,-0.0003973546648371224,-0.00014656641143497438,-0.00014361361616821685,-7.213368368741167e-5,-4.8543736910925895e-5,-7.395754577980849e-6,-4.981043830024937e-6,-0.0018971665121840743
t143,-3.6225193927373224e-6,-3.131553082624541e-6,-3.2872024047805217e-6,-3.2156136251003286e-5,-1.659319950936901e-5,-9.95058681888656e-5,-0.00017543829744790011,-0.0001767287873823807,-0.0005669724531394059,-0.000568190653830196,-9.522701422823144e-5,-9.245510329853548e-5,-3.868714660291419e-5,-2.898492048869565e-5,-7.584613268054294e-6,-0.0009743041129538107,-0.002882869581469505
t144,-3.646807719523407e-6,-3.0634630005378837e-6,-2.831702687278053e-6,-3.369671309270181e-5,-0.0001352121645995816,-0.00010038459858031913,-0.0002117338607613891,-0.00021238404085554844,-0.0011841918363892949,-0.0011111595891814103,-0.0001210054595884785,-0.00012047920504658486,-5.628971717637382e-5,-4.192984977379391e-5,-1.4194143425679416e-5,-0.00017485211363032544,-0.00352705526550882
t145,-4.134504662112117e-5,-1.3864703384896158e-5,-1.906421990412489e-5,-3.374972175195682e-5,-0.00019583971630468,-1.0836709071068641e-5,-1.6600590048096436e-5,-1.7143212567787796e-5,-2.4563095835464444e-5,-2.452690425628185e-5,-1.1592519091269433e-5,-1.1215458199985119e-5,-4.651851702691992e-6,-4.784304286163639e-6,-2.1930945550184823e-5,-0.00010483849740909493,-0.0005565474959848681
t146,-3.299058307081606e-5,-2.3480799262044792e-5,-5.066602586907443e-5,-3.2214498959632434e-5,-0.00016469992863237884,4.4408967846838846e-6,4.531264022739163e-6,3.828890473095534e-6,-2.4632303773094507e-7,2.5257416860009386e-7,1.2425300242614969e-5,1.2671410773051236e-5,1.7049196783937787e-5,1.5352717371714794e-5,-3.3528519473018124e-5,-7.961739967207295e-5,-0.0003468918273563311
t147,-3.811563482322176e-5,-3.080989345600787e-5,-4.6243254488926864e-5,-3.3757821268010584e-5,-0.00013003371057717335,2.322677377872421e-5,-1.0438905842611996e-5,-1.1387996236623347e-5,-1.4419816068224707e-5,-1.4486734560400045e-5,1.0684443354441741e-6,3.1530197031260907e-6,6.496441298465789e-6,5.897335268730136e-6,-3.716464500269982e-5,-6.316101172385424e-5,-0.00039017740966326416
t148,-3.8512052481463504e-5,-0.00011655166180559632,-5.5007327844793926e-5,-5.2085376478149776e-5,-0.00011500083230114314,3.882127198833332e-5,5.306451097336238e-6,5.388394521797675e-6,2.8682732590911863e-6,3.442204015982596e-6,3.235191952382335e-5,3.293789859930231e-5,3.549198843829595e-5,2.9209199440861894e-5,-2.6876762251025725e-5,-5.040670253044426e-5,-0.00026862311480779213
t149,-3.53753217158806e-5,-7.216292852628715e-5,-5.1796793360594834e-5,-4.0443375019608363e-5,-8.26984479862039e-5,6.922687205960324e-5,-5.408222216588392e-6,-5.944453054774569e-6,-7.268025523709004e-6,-7.237699674610889e-6,5.586815117745335e-5,6.092846942064223e-5,7.01273018670079e-5,5.135423062301998e-5,-3.555953687545015e-5,-4.9052261177832797e-5,-8.544203998381395e-5
t150,-4.085054749652306e-5,-3.2048218126501266e-5,-5.043678116928418e-5,-3.656621939415848e-5,-4.841381793254555e-5,6.02597324661646e-5,-3.755303228910394e-5,-3.80852600396413e-5,-3.874475766922134e-5,-3.953111102791142e-5,4.680064857722526e-5,5.252688557131127e-5,6.151949424210123e-5,4.109174044058653e-5,-4.0896533533379e-5,-5.3194346730971015e-5,-0.00019412212411185168
t151,-4.1215008114091096e-5,2.3701084298266978e-5,-4.994598883213925e-5,-3.8163081684407624e-5,-6.578376622813144e-6,4.830250405987078e-5,-0.0001024645561901478,-0.00010362320537318216,-0.00010171723072766338,-0.00010356456658335017,6.760801441447562e-5,7.471534735084949e-5,8.497513464294484e-5,5.266746768177997e-5,-5.6524071680267803e-5,-7.639311115019098e-5,-0.0003282196445100657
t152,-3.216033870006357e-5,7.224783008725531e-7,-3.696170138751091e-5,-4.46487240089723e-5,8.911462801249483e-5,3.239046377182264e-5,-3.0301978747205166e-6,-3.1179516436648858e-6,-3.8324524562427855e-6,-3.224738157113951e-6,0.0001348462037939962,0.00014574511763515386,0.00014252195911632494,8.487431081088709e-5,-4.912855032621547e-5,0.00010945293971050991,0.0005635634465975577
t153,-3.298772570653409e-5,8.961448082037888e-7,-3.451999431187986e-5,-4.358909406851526e-5,8.740187160342204e-5,2.39536163019684e-5,0.00048783854109905536,0.0005506925413333225,0.0007032508629517727,0.0007047286220744081,0.00019383186784087728,0.0002163974297040333,0.0002713818105795555,0.00010420189942248182,-5.307805660895929e-5,0.0005119380793111131,0.0036923384163343254
t154,-3.5817399492479305e-5,8.847983828242493e-7,-3.864068657003997e-5,-4.210784333147804e-5,8.483078045700124e-5,1.3085011734847537e-5,0.00020481630831740278,0.00022857388361081574,0.0002823587446260971,0.000268561727404506,0.00013817686214676682,0.00014988304940947444,0.00017251021999782553,7.647485229773956e-5,-5.716801757731869e-5,0.00029010252830388033,0.0017365248197178653
t155,-3.2898450670112356e-5,9.318642007572651e-7,-3.691900034997333e-5,-3.698028317742511e-5,7.846712043178577e-5,7.182393758711962e-6,0.00013602305603036184,0.00016023054745883936,0.0001814839159636703,0.0001807303186224017,0.00010281119679012731,0.00010378180613517791,0.00011909005642867086,5.3598100459665506e-5,-8.432303419527069e-5,0.0001324377586977386,0.001065647366585127
t156,-3.2546452845612215e-5,7.445502465977143e-7,-3.277712817110581e-5,-4.048290636356624e-5,7.822648978770591e-5,-4.458156411608788e-6,6.56580570053855e-5,8.656859259505773e-5,9.342172348794746e-5,9.321885765013815e-5,5.353780372177225e-5,4.929789749804541e-5,5.926309350362246e-5,1.6997432834748332e-5,-7.578488789730859e-5,0.00012243381179462577,0.000533318778436445
t157,-3.490180425610556e-5,8.736277999863901e-7,-3.6777981405876295e-5,-3.619529867730725e-5,7.307401328668105e-5,5.519734715474755e-6,5.307721100419492e-5,7.769632142902337e-5,8.053996276173062e-5,7.940994060095641e-5,5.428641066543532e-5,4.68028910302769e-5,5.4424271899333756e-5,1.9658990281613886e-5,-9.223213553188665e-5,7.004103521417605e-5,0.0004152971908177077
t158,-3.979363042165279e-5,7.274990086907838e-7,-3.6849004154299286e-5,-4.3891323015956184e-5,7.167530816895914e-5,-4.521902900261723e-6,7.67753699462948e-6,3.0039851599037753e-5,3.02352607877751e-5,3.005114323248328e-5,1.3849534023984888e-5,5.986124205595951e-6,1.0494685353910943e-5,-9.658407262212694e-6,-7.624186826386447e-5,8.405646105910564e-5,7.383726841592579e-5
t159,-3.547079746549698e-5,8.139892333234009e-7,-4.40421202057654e-5,-4.273350960770001e-5,6.413117459956629e-5,-9.50814289930893e-6,4.0984766652394217e-8,2.7740740410354367e-5,2.555269645384221e-5,2.5161204556574626e-5,1.640604401011831e-5,7.317854405386249e-6,9.47862914623765e-6,-4.5430782686826706e-6,-8.250935702627339e-5,5.995045262477584e-5,1.7786764733603938e-5
t160,-3.771538785625141e-5,6.75165228833502e-7,-4.305059805537743e-5,-4.3437438917543936e-5,7.715899400298652e-5,-3.353804884728143e-5,-2.3302854964062757e-5,7.286990361571096e-6,2.781242648398991e-6,2.752071309003009e-6,-1.3648646256086043e-6,-1.1342290133642413e-5,-1.066782016549733e-5,-1.6972722913199615e-5,-8.822699096814492e-5,3.7894455493849954e-5,-0.00018107009840196675
t161,-4.01023982136637e-5,4.802182465784163e-7,-5.319609064257336e-5,-3.799652443591808e-5,7.211361923630903e-5,-2.6869459280380583e-5,-6.0594116830929835e-5,-2.8340886924118543e-5,-3.47337323463841e-5,-3.313936806377155e-5,-3.4575441313984224e-5,-4.1937409265817405e-5,-4.186956468028932e-5,-3.6980773936102544e-5,-9.306116147074443e-5,1.8473560073385694e-5,-0.00047232952984840453
t162,-3.661963836435279e-5,3.3353590547858677e-7,-5.923091009918766e-5,-3.666995865994722e-5,6.369983317758717e-5,-3.45247201239343e-5,-7.789935101548535e-5,-3.928883195655793e-5,-4.839316239523574e-5,-4.413549431650766e-5,-4.656973369722131e-5,-5.247115256713873e-5,-5.501618213243354e-5,-4.049059920789626e-5,-0.00010492922459793831,-1.3799740821053905e-5,-0.000626005330871825
t163,-3.814769035155191e-5,8.859835530024962e-5,-5.075700136213431e-5,-3.546382864453404e-5,6.172700390709879e-5,-3.421614759686881e-5,-0.00010996386200618005,-6.0658260111374145e-5,-7.053233684996537e-5,-6.647443773874089e-5,-6.470037460629186e-5,-7.004463696735948e-5,-7.495535271258622e-5,-4.962038899156215e-5,-0.00010774128307509898,-3.0900128524546575e-5,-0.0007138503703314463
t164,-2.105602637790919e-5,-3.4066370288633017e-6,-1.9748291312985763e-5,-2.813938067571843e-5,6.699057975155272e-5,-3.648732072760246e-5,-6.885710414881424e-5,-7.747765356707632e-5,-8.940067481427167e-5,-8.738434079267243e-5,-7.92570012795699e-5,-8.477357612051625e-5,-9.176381615798429e-5,-5.6072095252933756e-5,-0.00011035207776690854,-3.5517689367748696e-5,-0.0008227031056400226
t165,-1.2223362981690439e-5,-2.6754524614414883e-6,-2.0893889863995836e-5,-3.2459754378312356e-5,-3.1490600075614663e-6,-3.922752787042926e-5,-0.00012908834765503835,-0.00010387698212767731,-0.00011497926973756911,-0.00011726227086581818,-0.00010217161772239778,-0.0001071270811869499,-0.00011692039789763403,-6.735625062235681e-5,-0.00011859771204142508,-3.297371245046692e-5,-0.0011209826898707642
t166,-2.208436923544881e-5,-2.561550778748012e-6,-2.2631014447578124e-5,-3.8659006293732866e-5,-8.555851613409458e-6,-4.2506196990783646e-5,-0.00011296715935017787,-0.00014066361911315624,-0.00016111641052845392,-0.00016233343291804459,-0.0001380982755010366,-0.00014382314413797606,-0.00015806637958369683,-8.572136142143358e-5,-0.00012198005692960821,-4.8127751720202086e-5,-0.0014098955805634868
t167,-2.9613779934292174e-5,-2.8456072077505287e-6,-2.398846091704688e-5,-3.892338852150404e-5,2.568364156442144e-5,-5.362678726239776e-5,-0.00010703458383918924,-0.00018362933576275157,-0.0002132690379061368,-0.00020825599198359885,-0.0001728718423381606,-0.00017363165675392928,-0.00019344106166882527,-9.078613619486622e-5,-0.0001100720057237653,-8.658922372790473e-5,-0.0016628952581776977
t168,-3.584171128639586e-5,-3.3436588381997005e-6,-1.8002135549964324e-5,-4.0581000970463364e-5,2.6209419977601994e-5,-5.391002726291995e-5,-0.00011271022309046606,-0.0002523817638489024,-0.00030795675200504967,-0.00029592658264389305,-0.00022804868309595264,-0.00023000527588752266,-0.0002632278067709023,-0.00011071778589928856,-0.0001091813957143274,-8.742394837095495e-5,-0.002123049331257601
t169,-3.260330939033444e-5,-4.224212953133538e-6,-2.3763790641925803e-5,-3.843165629873971e-5,2.5010697306274062e-5,-4.063485703447975e-5,-0.00011183044544928526,-0.00037553694686861866,-0.0004917593924074012,-0.00047694856564550194,-0.0003230356832692677,-0.00032766472361087063,-0.0004027647875975529,-0.00013185417498947795,-0.00010781933454101162,-9.846065134464916e-5,-0.0029623218347359765
t170,-3.794983196271691e-5,-5.104020983035082e-6,-5.331852366170038e-5,-4.177520640369762e-5,2.14442363217799e-5,-2.5088287030249294e-5,-0.00013224503522872,-0.00017103190108415768,-0.00018477915771877263,-0.00019061997570955712,-0.000156389077090016,-0.00015366428978203514,-0.00016214022989355712,-8.436051470396433e-5,-0.00010706275824309524,-0.00011039421828704091,-0.0015944787914605354
t171,-2.9233088962867596e-5,1.6245502280488707e-5,-5.060392427713492e-5,-3.982429394481862e-5,2.1097477869563657e-5,-9.373771747075176e-6,-8.41076086379987e-5,-6.17329628643073e-5,-6.346221212660008e-5,-6.539269661200441e-5,-5.7243872274524245e-5,-5.6199871488951406e-5,-5.734816679920993e-5,-2.5651097457149165e-5,-0.00012206754490448562,-0.0001429332818490345,-0.0008278314137961093
t172,-2.4202853740684352e-5,6.157136656173162e-5,-4.259975805828041e-5,-4.017669149662981e-5,2.4142265849051866e-5,1.3610026824848693e-5,-7.068081497000781e-5,-4.308378435354626e-5,-4.312370568628777e-5,-4.526681081593731e-5,-3.9530727902338986e-5,-3.8579648549326505e-5,-3.8841149049905945e-5,-2.691358708355319e-6,-0.00013555182304190644,-0.00018490005287392366,-0.0006499055200114984
t173,-2.7696238163047888e-5,5.7861770458442055e-5,-3.4622441387168373e-5,-4.46975793360496e-5,3.271098628984732e-5,8.29446146243384e-6,-8.651189688691422e-5,-5.845896268875637e-5,-5.78042168972233e-5,-6.116572361547268e-5,-5.250755175068305e-5,-5.18225463362784e-5,-5.189708395229441e-5,-5.128934264120958e-6,-0.0001688261811773871,-0.0002716307605748448,-0.0008739028988195179
t174,-2.8022277920578604e-5,5.3728885199357484e-5,-2.292275803212647e-5,-4.790041917489196e-5,9.212174632129848e-6,4.623827196343253e-6,-0.00010160806344496836,-7.368908815751302e-5,-7.704864476555036e-5,-7.92634227535824e-5,-6.993155759046786e-5,-6.871560871874896e-5,-6.911537845724976e-5,2.778357873086186e-5,-0.00016133529580632,-0.00033233491173804215,-0.0010365389608013474
t175,-5.14466885640636e-5,5.334502668065815e-5,-6.445411269479229e-6,-5.872086014898731e-5,6.339927043871055e-6,3.6733912868507233e-6,-0.00010679399305979635,-8.533972324308558e-5,-7.731001181344308e-5,-7.822406100729187e-5,-7.134441064667756e-5,-7.064101382731695e-5,-7.182922285706656e-5,6.308280682577567e-5,-0.0001796876591533635,-0.00041266312064405086,-0.001144005024397467
t176,-3.7104697934556674e-5,1.2984240904066907e-6,8.048522781812556e-7,-5.683021848492076e-5,9.547562841313913e-7,1.378124287474248e-6,-3.951813540866633e-6,-3.0892448762921325e-6,-3.253513068412195e-6,-2.0013599865048608e-6,7.423776535685959e-6,6.696353056081342e-6,5.29691265469913e-6,5.507488236114717e-5,-0.0001854248392696341,0.00015088056478307474,-6.184704083030541e-5
t177,-2.9598450319576784e-5,7.647191579646636e-7,4.1212350482994265e-7,-4.081462848983239e-5,-1.029264849548139e-6,-1.5105464778548948e-6,4.33151871541185e-5,4.4584177461798876e-5,4.661535104457839e-5,4.89160111610473e-5,9.843504074652066e-5,9.680812050479436e-5,5.659641320898831e-5,5.861444411271006e-5,-0.0001925725561152745,0.0003701978186127352,0.0005997339604179997
t178,-2.939228267229216e-5,7.530107077182654e-7,3.708886486291985e-7,-4.509795645376815e-5,-8.892867751947774e-6,-4.467555100003209e-6,0.00047807529700789517,0.0004892253996270928,0.0006264475241628953,0.0006263012245142342,0.00043584531446673897,0.00043038100641755656,0.00010984978424608886,4.5465371868201873e-5,-0.00019876451370590627,0.00022121022320300068,0.003177309869186134
t179,-2.8244500157184287e-5,7.190033750451247e-7,-1.844424148162503e-5,-3.979070800618412e-5,-7.189163273640434e-6,-6.121313434549557e-6,0.00024023086081224548,0.00024456342696547214,0.0002750434361627106,0.00027807687815695426,0.00019284341566861026,0.00018710983568943958,-1.546936904514215e-5,3.355122489357632e-5,-0.00021075018198551837,0.00015863025495816622,0.001284758859298376
t180,-3.132503186866265e-5,5.93332199372978e-7,-1.69518838820026e-5,-4.1791787893850396e-5,-1.587653388063488e-5,-1.4202365709410539e-6,0.00013582953846441636,0.00013934567332716253,0.00015451123403374477,0.00015237501561477684,0.00012398038454683558,0.00012225259333775604,-0.00013771364005295438,1.5603953189667248e-5,-0.00022479745453922226,0.00011301507786091727,0.00048763023388638136
t181,-3.646438413080144e-5,4.292877926354249e-7,-1.3426751482918843e-5,-4.244454937038155e-5,-1.1002004027991628e-5,-1.4186296466105139e-5,9.076545990424716e-5,9.300714975993344e-5,0.00010195137799289859,9.952972962658889e-5,8.009628357102011e-5,7.948261489385404e-5,-2.107893235639385e-6,-7.462262968876137e-7,-0.00023947888303395395,8.553777824316855e-5,0.0002709426937396666
t182,-2.653627385831342e-5,4.5521128094519575e-7,-1.5275858851229385e-5,-4.37384692227964e-5,-1.3427884921192835e-5,-1.5174846399962234e-5,5.5766446122174976e-5,5.9477792785942004e-5,6.592589820104286e-5,6.265738661839106e-5,4.446693037186489e-5,4.293951805815054e-5,-2.493025034598205e-5,-1.5712225783810933e-5,-0.0002598296770648384,6.222587496310871e-5,-2.0710428046505396e-5
t183,-3.218711324515022e-5,4.882622549603002e-7,-2.072541781164031e-5,-4.1089084379348275e-5,-1.263537600305429e-5,-1.7348413383989356e-5,3.660799508386864e-5,3.9665344129252445e-5,4.384226158752344e-5,4.105616652260275e-5,2.5568528958014688e-5,2.4146779973706386e-5,2.858351149129475e-5,-1.9035372686569685e-5,-0.0002833202343575298,4.486555383500865e-5,-0.00014151660803104988
t184,-3.548346782783619e-5,4.803206057292394e-7,-1.784626193393737e-5,-5.0906354966037666e-5,-1.639472225376422e-5,-1.821617639530547e-5,2.0691908211381672e-5,2.4007063666291893e-5,2.7121796450873413e-5,2.3908205565816006e-5,1.0104890870877846e-5,9.177273012947204e-6,2.8482919109383507e-5,-2.1665799067358827e-5,-0.0002999721141879838,3.180118615491261e-5,-0.0002847093329840101
t185,-3.409984637494299e-5,5.371622835864641e-7,-1.3548980146103938e-5,-4.707649457899393e-5,-1.4612860959685413e-5,-2.023244595866987e-5,5.009957760107004e-6,8.267507100370722e-6,1.0371275911499485e-5,6.4149747617012135e-6,-4.108174226708999e-6,-4.801818956200321e-6,3.3737709382212855e-5,-2.5373654373179835e-5,-0.0003444931870104901,4.820315743589198e-6,-0.00043918855964190847
t186,-3.560416752548516e-5,2.040278291092282e-5,-1.1129146879918731e-5,-4.597684985682819e-5,-1.0459520155035202e-5,-2.246902118733077e-5,-1.1191362004477416e-5,-7.551946138563158e-6,-6.720798925216133e-6,-1.0535958009882375e-5,-1.7970154129282134e-5,-1.9069131571629287e-5,3.298208535042596e-5,-3.0443321341766337e-5,-0.0003875231420312786,-1.3547928754852746e-5,-0.0005768075802501974
t187,-2.7049840707124408e-5,1.8234962113076754e-5,-1.8692372338714863e-5,-3.574392967584408e-5,-9.949277505589126e-6,-2.741641116948872e-5,-2.8230123932398522e-5,-2.4827335442602997e-5,-2.4545220409836747e-5,-2.7471755114545093e-5,-3.203428556122119e-5,-3.297914502918356e-5,1.5204462247514956e-5,-3.561746809075553e-5,-0.0004687805604152864,-3.65059498691067e-5,-0.0007964042509011063
t188,-3.0477743336976082e-5,1.802384678193701e-5,-8.379077882288908e-6,-3.0507114316331904e-5,4.321290408729021e-6,-2.6270126105256036e-5,-5.393991727916288e-5,-5.058249637291422e-5,-5.5000368934990924e-5,-5.7044196115277336e-5,-5.3676616112043395e-5,-5.495682095145259e-5,5.97817813045468e-6,-4.927506730337234e-5,-0.0005994971118185828,-4.713889714928056e-5,-0.0010884222383568092
t189,-2.9753072706993557e-5,1.117988990783143e-5,-1.8317698430845674e-5,-4.106854081966365e-5,-2.3064765217836038e-5,-3.0091719083657647e-5,-6.34214335265694e-5,-5.9045905224059334e-5,-6.081840039236065e-5,-6.67921028019182e-5,-5.9584369390154306e-5,-6.06666001071515e-5,-6.8429528328568335e-6,-4.738852690927738e-5,-0.00045754746114285674,-6.359172519305443e-5,-0.0010768153838714239
t190,-3.0359282947810498e-5,1.0701232055093543e-5,-2.0605564575680674e-5,-4.6844989020065e-5,-2.964836870857346e-5,-3.357401370161084e-5,-8.302578190672014e-5,-7.903756862378277e-5,-8.435381149842648e-5,-8.937780998615118e-5,-7.707927652416179e-5,-7.84897603009905e-5,-1.7407670680107965e-5,-5.4958179447066715e-5,-0.0003735016702037121,-8.426767659793245e-5,-0.001171830192667699
t191,-3.60292436653187e-5,7.516723666488326e-6,-1.957294499875735e-5,-4.458335584260788e-5,-2.3681845624745383e-5,-3.8050641699185356e-5,-0.0001086270806493734,-0.00010435968004278423,-0.00011123289545864801,-0.00011520117951899987,-9.94004123936105e-5,-0.0001008753092530474,-2.7230840607211865e-5,-6.331717319971643e-5,-0.0003496652322411896,-9.405277470859613e-5,-0.0013283638862373035
t192,-4.619707634524958e-5,4.750139907951783e-6,-2.209105840653011e-5,-3.479506575552174e-5,-2.547948912248487e-5,-4.246851348677823e-5,-0.00014189660427942408,-0.00014007885117315046,-0.00015914385202878188,-0.00015155617407462801,-0.00012694502526753156,-0.0001288896024100231,-3.70307774007024e-5,-7.400226072680567e-5,-0.00035769275650870627,-0.00010575829210371222,-0.0015892752591820784
t193,-44.822921941939285,-95.85899548333464,-106.42279144042833,-492.13086561876463,-1298.910894127955,-4.390068448436172e-5,-5.882291979624368e-5,-6.186969394146819e-5,-8.602578919338849e-5,-9.377108616909562e-5,-5.5907499553222693e-5,-5.168378863520952e-5,-5.1712051583731124e-5,-4.059198007787272e-5,-0.0002751749584201483,-0.0001925387344459211,-2038.1474806116082
t194,-39.36120608531981,-0.7110120966823862,-88.25105386973115,-395.7619898120714,-1185.3806962892538,-1.3859249352525446e-5,-2.7147807755922286e-5,-2.9662176411357336e-5,-4.2830564147052066e-5,-4.53820345882833e-5,-2.7711945529647043e-5,-2.6370981651956337e-5,-2.6212476180770598e-5,-2.089299871006824e-5,-0.0002923722554817586,-0.00013411412903972618,-1709.4666447096772
t195,-31.03663737878403,-0.48877562197959923,-93.7202017504153,-408.2012511505697,-1189.0494034582525,4.4193537694212954e-6,9.41695207178535e-6,5.65237498863974e-6,-4.391011471375122e-6,-6.364372091583839e-6,2.7989124910010403e-6,2.610307908332189e-6,3.3180927163293246e-6,3.2480280591597185e-6,-0.0003054818563762652,-5.060929072826423e-5,-1722.49660474251
t196,-20.657220438766366,-0.4002294702269787,-87.32084772285427,-398.4781918189213,-1168.0822448912854,1.4247367855872466e-5,6.789318306287352e-5,6.039339374004374e-5,4.894192277844964e-5,5.0494680043366774e-5,4.625195369496689e-5,4.4774026104979874e-5,4.754369303842699e-5,3.542529377939828e-5,-0.00032383772786128757,0.00013593466571047282,-1674.9385062796025
t197,-25.42084424318276,-0.3514707963326978,-71.4660703198291,-383.125086176548,-1114.745299589734,2.6878492303835504e-5,8.021953903005806e-5,6.981429765653009e-5,5.237354573633927e-5,5.606673902441491e-5,4.8990609128048196e-5,4.9755520946735017e-5,5.065826112865551e-5,3.256261386372333e-5,-0.0003439660445857964,0.00013066058455492722,-1595.1085171114676
t198,-33.914199892968746,-0.31661039296927473,-68.89584393554723,-352.78205538379206,-1020.0759535445166,2.4915214139942115e-5,6.948248368576159e-5,5.96110058324043e-5,4.625013781004932e-5,5.091552408100695e-5,4.157943025044941e-5,4.020128881793828e-5,4.486461682015792e-5,2.1790150778576378e-5,-0.0003723176506261816,5.802793247876019e-5,-1475.9845778296599
t199,-0.00038584053523249415,-0.27098458020869637,-63.0992690269772,-321.71152772503854,-1068.6570630738167,9.175429772432502e-6,0.00011420411172969684,0.00010152495578665728,9.686152779721192e-5,0.00010311377531944843,8.133147281250258e-5,8.214513209182308e-5,9.049681167037617e-5,4.741210922388579e-5,-0.0004014461012075611,2.0376443227114457e-5,-1453.7388850509083
t200,-0.0003484994006968678,-0.0025298447477088383,-0.0003677323805923486,-332.37290034958085,-914.9618366289469,5.932315081834005e-6,0.0001174862587838073,0.00010843587568203527,0.00012177142380785813,0.0001284239126649354,9.13877635565204e-5,8.909238847258493e-5,0.0001026129298798437,3.5341834974709856e-5,-0.0004253943642707959,5.492940470760162e-6,-1247.3376024717777
t201,-0.00044888892254687997,-6.471744931344308e-5,-4.629369895199006e-5,-330.56592825894364,-872.4436904810599,-3.474717354641077e-6,0.00020468566102133264,0.00021699667597791712,0.00031937049016838356,0.0003172975596018914,0.00019314538979116498,0.00019454846346072722,0.0002466508670898353,8.85477256641779e-5,-0.0004656158598513348,-3.0266604379436703e-5,-1203.008896754423
t202,-30.58865166446543,-6.385172517399657e-5,-4.547472817079757e-5,-322.1433312752199,-884.6412771772683,-2.8713662944732314e-6,0.00020987452189633228,0.00022908016669323115,0.0003830625306007235,0.00035594185578977273,0.00020509494173121922,0.00020702228425978526,0.00028729874654060403,8.805200328698695e-5,-0.0005108047922170718,-6.6119163408806e-5,-1237.371983811678
t203,-34.095682093242026,-6.505504688091252e-5,-0.00046201174845006594,-299.6464333077407,-826.1760732946619,-1.2628065035691901e-5,0.00017064315537945664,0.00018167067718427555,0.00023296704505380812,0.00022836117122685721,0.0001610890140872965,0.00016230798428877352,0.00020695410024114524,6.890391943212223e-5,-0.000570355940517442,-0.00011977083341605144,-1159.9180056202122
t204,-29.419247476760052,-6.741955981368361e-5,-53.4606605663365,-318.4350206625331,-832.3127479294586,-1.953056391610382e-5,0.000128947551052046,0.0001362629742563468,0.00016876712201743802,0.00016292970214873434,0.00011600402366207104,0.00011666998493085792,0.000149434310982051,4.1340637694466494e-5,-0.0006304766773925916,-0.00014887290328124145,-1233.6275225784857
t205,-29.94443705300325,-6.682280679915856e-5,-48.23671406207345,-306.8396825017448,-771.5112915228007,-2.690302821956691e-5,7.288520940558817e-5,7.634206391024863e-5,9.392832503574945e-5,9.070987144832285e-5,5.877688351944938e-5,6.292310817470016e-5,8.256085049373681e-5,9.9466354435798e-6,-0.0007395783810526859,-0.0002066640646310219,-1156.5326170349556
t206,-29.802730163871768,-7.281571509449916e-5,-56.40612688841122,-307.1501964916383,-782.7507545714802,-3.0721466461520376e-5,3.749805481378118e-5,4.2843870786379604e-5,5.517874298363817e-5,5.1225881145093994e-5,2.9068807265937847e-5,2.881418399948007e-5,4.637229396891534e-5,-1.2018533500692448e-5,-0.0008922983890647485,-0.00027692113480165705,-1176.1108018888056
t207,-27.972811282429216,-9.627608613334305e-5,-58.922203017618166,-328.1447848847868,-828.2479724392704,-3.5333651545284917e-5,1.4597272851937258e-5,1.9206184903954566e-5,2.6938339880303936e-5,2.2874712489570948e-5,8.08699557246173e-6,9.036475273755654e-6,2.3434912401587818e-5,-2.0737561151828704e-5,-0.0011403221581870488,-0.0003875039303254729,-1243.2893276225986
t208,-23.729549708270525,-0.3035159654929219,-59.26415925948303,-279.35316010090827,-573.3022692070498,-3.9750883041769146e-5,-1.457383272989113e-5,-1.275669020254212e-5,-7.346478118289903e-6,-1.0686486532738259e-5,-1.8896422781096814e-5,-1.654575362450778e-5,-6.825199165333225e-6,-3.643223513483846e-5,-0.001973215455395543,-0.0006953350700133005,-935.9554866057113
t209,-18.900883722162217,-0.3100434103070459,-56.240198381448145,538.191933147119,737.7833393844893,-4.10381312125438e-5,-2.9291327559382638e-5,-2.55143285063582e-5,-2.4798017311794802e-5,-2.6162935782329448e-5,-3.0570464914297185e-5,-3.040011649320246e-5,-2.3265128219927953e-5,-4.0674440169271716e-5,312.92067547928235,275.96230474698626,1789.4068555290694
t210,5.393944684383103e-5,-0.29601627047631146,-58.00651702188254,1056.8689819230808,3309.371937073473,8.443606676930036e-5,-2.7513546368955123e-5,-2.55518153276904e-5,-2.8060935031078544e-5,-2.720635129540421e-5,-2.8685064820788017e-5,-3.1749672287786676e-5,-3.1646350126517014e-5,-3.3295453857145767e-5,519.3263833032589,224.36412354583445,5051.628797219613
t211,-0.00025453138707442113,-0.30843254146781696,-59.94020623051613,959.4773527828153,2976.481525647489,-5.8191068724075874e-6,-6.679886933075966e-5,-6.455422327432247e-5,-6.967152350178685e-5,-7.037586700147353e-5,-6.176525623749157e-5,-6.14376135067774e-5,-6.20868316246258e-5,-5.228265818831427e-5,389.94866149739175,150.05596667692782,4415.714098509303
t212,-19.78413011376496,-0.304236402623515,-51.64147222730844,660.1724205204187,1247.8255530043284,-3.27619923181548e-5,-8.959218242000073e-5,-8.804927110666469e-5,-9.830174521706051e-5,-9.786192402355948e-5,-8.081782789751474e-5,-8.068574317856565e-5,-8.621399155859372e-5,-5.9683695949341685e-5,430.5988665623165,109.7147309317137,2376.5810183067065
t213,-18.466207958054675,-0.2899632283609673,-45.79775195240716,-53.00148909274962,-28.789572591135414,-2.935639231127019e-5,-0.00012039915116319162,-0.00012152111863571165,-0.00014706244128830955,-0.0001424098089406934,-0.00010751795058715617,-0.00010939629130306729,-0.00012165975415156315,-7.276265134686138e-5,-94.95853112035802,-0.0015923307740471281,-241.30608035939963
t214,-20.317219583672575,-0.30412938976205867,-48.84914168993913,-285.5048094429556,-616.6911173173028,-3.513176307543772e-5,-0.00014417666673591407,-0.00014411551211140122,-0.00016899782549451969,-0.00016875305520950486,-0.00012079225443015608,-0.00012168155796675603,-0.00014069245907503763,-7.326357329430255e-5,-172.3520776893089,-0.00183579259039951,-1144.0214485101988
t215,-28.554094083929275,-0.2964134976125345,-42.26666548834042,-322.72226871412056,-853.8478067729941,-4.212888048093597e-5,-0.00016068430118078617,-0.0001657552489211094,-0.00020583432403584856,-0.00019765207524629518,-0.00013749380851018378,-0.0001415891339866203,-0.0001746782722919469,-8.108097162596959e-5,-142.32232734248396,-898.0308533590985,-2288.0417361555956
t216,-30.685117439405182,-0.31888011573281105,-50.20848639566484,-322.1475282273672,-934.4629637092102,-4.103690000557012e-5,-0.00021674599740597258,-0.0002201903288160851,-0.0002904518274360488,-0.00028505068618122037,-0.0001673064286092098,-0.00016969172058808733,-0.0002128107945600999,-8.457047003426643e-5,-111.68609422899218,-0.00032279396649677957,-1449.5110807654926
t217,-38.29632023672806,-0.3097423487174111,-57.805979743592616,-340.8321152721293,-934.0225900776094,-3.3384866571433485e-5,-0.00023729228136347904,-0.0002465317292438478,-0.00037235241009586244,-0.00034909882924407233,-0.00017622323728096195,-0.00018185507356031387,-0.00024892252736485133,-8.333444582397017e-5,-88.82035403424352,-0.00017116514797058355,-1460.0892018735688
t218,-38.91976402500482,-0.316255283686147,-58.38912743709665,-335.636469490628,-931.3813060981828,-2.770882712090729e-5,-0.00021488821624455156,-0.00022174230448164205,-0.0003044837886042843,-0.0002974914570348704,-0.000149999629893691,-0.0001482655959902575,-0.00018775508921157555,-6.983825939806296e-5,-83.10756043353803,-7.579646457124555e-5,-1447.7521807377689
t219,-37.925888001355084,-0.3366783359856056,-64.14705547669438,-319.62457345412486,-909.5708536615144,-3.548614221223299e-5,-0.0002270381202965975,-0.0002319345923141122,-0.0003088121137719659,-0.000312344883985171,-0.0001446174200725124,-0.00013323407433061494,-0.00015879571705928975,-6.622278402245426e-5,-79.49274128484117,0.0001988822378114321,-1411.0992098181257
t220,-35.443124404954226,-0.33915938231780957,-53.907580949312155,-323.4471106910943,-906.6967646406799,-2.906466069099501e-5,-0.0002288794378208177,-0.00023531079711490435,-0.00032642534670164567,-0.0003315245602421951,-0.00013150001501667966,-0.00011487097745557457,-0.00013094929476930675,-6.403983718108032e-5,-76.2962931183746,0.00021704624282291828,-1396.131408705417
t221,-36.01307949711862,-0.3430328265192051,-52.25254085933801,-321.0448331329881,-887.007050048238,-2.1227106235498475e-5,-0.0001453762024940652,-0.00014947636724270123,-0.0002096200218992741,-0.00021543660810621174,-6.971804223716834e-5,-5.724334321769589e-5,-5.9099903163510455e-5,-3.732811177472996e-5,-75.0952029295648,0.00014352214367064356,-1371.7565602973295
t222,-38.36805236179639,-0.34541267846468576,-50.45343159135457,-290.650619779868,-839.1269404270254,-1.702249523720774e-5,-0.00011107843050892904,-0.0001174089451991765,-0.0002571758383175183,-0.0002620203666683778,-1.5911658940823815e-5,-3.813777938884957e-6,5.542532665166194e-6,-1.2358967712860597e-5,-69.78366084375543,3.423893989088621e-5,-1288.7288746912723
t223,-7.518455093303714,-0.0009520062290303503,-0.00411361143176757,-319.1454294538097,-870.7299731896537,8.156853826040567e-6,2.9718767801249763e-5,2.6230598486894644e-5,-8.546560159245158e-5,-8.675637487787426e-5,0.00012197864101752212,0.0001338974505981578,0.00018096598998671695,4.832872544792462e-5,-74.16701571355794,4.6943026935049136e-5,-1271.5655150699083
t224,-30.95406060626817,-1.9288857023639887e-5,-0.004356868881889279,-336.01874867729515,-820.511121252648,1.5566262845398827e-5,7.467812547132672e-5,6.644383989101885e-5,-5.07128146431545e-6,-4.475463162025655e-6,0.00018410069122701524,0.00021617157160794533,0.0002863969098404686,8.794180810555023e-5,-74.88645314307553,8.732358925879515e-6,-1262.3738293522026
t225,-40.470122921284606,-5.854168775831752e-5,-0.004605649377309529,-341.0144796750578,-738.2467310826755,1.1174993236572827e-5,0.0004105484877129033,0.0004360574168380837,0.0010517180052806432,0.0010506613915763046,0.00014297666218108715,0.0001537968420882823,0.0001983793628386347,7.204458641165914e-5,-75.24884396544172,-2.5673849779732292e-5,-1194.9813401516262
t226,-41.14869664457181,-5.491123310659561e-5,-28.15806181032666,-337.11056733058507,-769.8520728857904,-3.2136399777277543e-6,0.000211825116843775,0.0002155747028260577,0.00037791403274646735,0.0003584312674505574,8.157626735322564e-5,9.281928639239432e-5,0.00012144755226469,2.880506357142991e-5,-75.63273655063507,-5.9611032164303775e-5,-1251.900764564525
t227,-40.81872126046394,-5.810161328177001e-5,-29.583545633176264,-346.1854286198088,-863.2300887323015,-9.119611168683366e-6,0.0001789543149373046,0.00018192472755061494,0.0002951066710199926,0.0002920580519615536,8.83029746962008e-5,8.882026038124224e-5,0.00011083232929228875,2.7230704183698815e-5,-79.29931677295454,-9.830773397782105e-5,-1359.1160033176295
t228,-39.65528756785877,-5.824623532820969e-5,-38.1639356239239,-349.50209848531773,-861.1290610548319,-1.547563145203619e-5,0.00012719347002171374,0.000128324830018959,0.00015737740336254234,0.00016266593887430387,6.74214207871786e-5,5.990608011449226e-5,7.623897941968931e-5,9.750080938618878e-6,-82.83177988036763,-0.0001402010509659923,-1371.281587657014
t229,-39.25726797638254,-5.8053592303269136e-5,-45.55300190830971,-355.7354996377115,-823.3646329891565,-3.8395228972760614e-5,8.793415728700532e-5,8.812380375834712e-5,0.00012547436406165136,0.00012031467898319436,4.7936276072780654e-5,3.633460842021606e-5,4.846774666089612e-5,-2.6294444384544944e-6,-89.02869282152625,-0.00019149126353274832,-1352.9388313169804
t230,-38.96555475243601,-5.8439913141874615e-5,-52.87978052815968,-359.7465437808388,-847.8581700970597,-2.6651644456557773e-5,5.466091103701784e-5,5.452877004857282e-5,8.799082637065051e-5,8.685157227099448e-5,2.917865564020025e-5,1.4891736684331623e-5,2.4092522575847716e-5,-1.3101667276070633e-5,-99.26844612793924,-0.00026202939889718524,-1398.7185033140627
t231,-32.585538899492455,-5.920934039113057e-5,-47.9798694261473,-357.7741716452837,-894.1247416701037,-3.7834282654078193e-5,1.294676855894555e-6,2.000098275847161e-6,2.811952235748949e-5,2.8614983793780263e-5,-1.4713502740535603e-5,-2.8964241129121962e-5,-2.6596957107895757e-5,-4.397377144039462e-5,-118.56594403456822,-0.0003762601563139749,-1451.030793198566
t232,-31.62013605407661,-0.3564602386468689,-44.088346005665834,-331.72308539589443,-737.3044780196559,-4.575066007133109e-5,-2.3402593833718588e-5,-2.4214546272421733e-5,1.379444995201957e-6,1.0783676190273076e-6,-3.059278296512569e-5,-4.4375101360103715e-5,-4.289971904959291e-5,-5.008888635759855e-5,-189.8905935645564,-0.0006795593663253788,-1334.9840377043397
t233,-29.460522039303374,-0.3955008350808531,-48.14374615019895,662.891169868,785.4105565837732,-4.9584906068783687e-5,-4.240420189985318e-5,-3.969494715748037e-5,-1.79019584822026e-5,-1.517697169921477e-5,-4.265048364276405e-5,-5.666115773208014e-5,-5.9371897568826383e-5,-5.090990024460737e-5,25.570156341906042,22.62898935867958,1418.500728771351
t234,-23.341139831013432,-0.4000734121717578,-49.89964777320233,1473.719308263272,3671.249094750904,-4.7723196977731195e-5,-6.451924738091805e-5,-6.358669276726438e-5,-3.958339786005314e-5,-3.672114303513201e-5,-5.924633798911876e-5,-7.067946498337567e-5,-7.637609484224976e-5,-5.7884733673753197e-5,648.2836869323718,123.28014452226141,5842.890857132112
t235,5.263385636497165e-5,-0.3773915282319641,-47.54961269115296,1474.640016462657,3672.599004926136,8.014061649771803e-5,-5.2227816351899206e-5,-5.43900940841033e-5,-3.1175004957119675e-5,-2.584829725815023e-5,-4.612685511914045e-5,-5.662995933071666e-5,-7.070642641148346e-5,-4.230326359287095e-5,952.2916123166276,79.44897001906354,6131.052352871855
t236,-17.962372688808152,-0.37127261400488726,-54.49459877360041,659.0146213195417,1233.1014125829654,-3.0733644508600344e-5,-0.00010570944022047944,-0.00010754642490613804,-7.307190956196247e-5,-7.143553191939401e-5,-8.860302175142689e-5,-9.535869374831936e-5,-0.00011124697473489216,-6.795025985019355e-5,26.688260696530705,10.344764401138415,1856.3200632678615
t237,-20.595256954898577,-0.4077736834417176,-50.850872727401516,-300.28218744472105,-315.18835609414475,-2.5025597996334808e-5,-0.00011741675344906407,-0.00012147695150327569,-0.00010541815024981866,-9.937255957257473e-5,-0.00010953466263244713,-0.00011087741283734213,-0.0001302066492498414,-7.282708063484585e-5,-244.91861666730517,-0.0021811124881586552,-932.2461368402192
t238,-23.6639790346692,-0.38130975343151713,-43.846568179308136,-354.4675625656163,-890.829033723116,-2.816858233826495e-5,-9.027103801456693e-5,-9.472245336108257e-5,-9.801186963813061e-5,-9.26146814257202e-5,-8.84988375943825e-5,-8.172633242972926e-5,-9.931362533793367e-5,-4.8275039326814227e-5,-132.7212892952208,-278.4734145387782,-1724.3838786925996
t239,-37.78486096800249,-0.42261444144755794,-54.89113085674014,-367.17140706894503,-944.4023509164598,-4.286530007017658e-5,-0.00011704333080249771,-0.00011827466429074405,-0.00016947987806171884,-0.0001592191203248614,-0.00013381620796632294,-0.00011771767922305121,-0.00013535469417218324,-7.16701527941795e-5,-103.15618700605218,-0.0005230976261189055,-1507.830139796301
t240,-39.721173972604994,-0.430631773864899,-55.90924439181931,-386.2261800924796,-1027.9689170340248,-3.606859761021537e-5,-9.67177511535716e-5,-9.78001309404054e-5,-0.00020934497600271024,-0.0001924491259633231,-0.0001358397886315707,-0.00010965389157490276,-0.00012667481108264477,-6.447234146848335e-5,-93.43773172179326,-0.00019655001923300194,-1603.6951445580205
t241,-41.11330015225208,-0.43792587882383177,-56.58709005845421,-384.9044601717528,-969.7466980891415,-2.5720002404562207e-5,-6.315082446708066e-5,-6.404888190832415e-5,-0.00014333193096654925,-0.00013569053894472348,-9.51999235120403e-5,-7.81127738171509e-5,-8.659859598853428e-5,-4.560802250124278e-5,-83.85750757434054,-8.358018022821474e-5,-1536.64780296644
t242,-41.81283126535647,-0.448659419042107,-57.79033036803366,-396.8650920349703,-974.7673783737723,-1.3066311469421222e-5,-2.6621613005523856e-5,-2.6752140649235857e-5,-8.992581009590055e-5,-8.622719841931201e-5,-5.438811631990205e-5,-4.694778463288919e-5,-5.2570601308137146e-5,-2.362561899840371e-5,-78.7403968366363,0.00017487423339784388,-1550.4249335487725
t243,-0.00039096032670957485,-0.460820711841367,-59.10770519751732,-396.756608210683,-1069.6060902205472,2.2228906656749123e-6,1.206520737751862e-5,1.3046114237044407e-5,-4.6384859033313086e-5,-4.47196621647435e-5,-1.6858989990236355e-5,-1.7202964822796027e-5,-2.155509568601599e-5,3.1601660142340212e-6,-76.09583920408684,0.0001987005546512996,-1602.027372031641
t244,-0.0003682595623975217,-0.47183940382807416,-61.167676340015845,-413.2751361655094,-1059.0433305225724,6.05474838414516e-6,2.2554730282786508e-5,2.424756216091145e-5,-2.6334551440027412e-5,-2.5840282809626002e-5,-6.007559157551541e-6,-7.088157025427854e-6,-1.0293063607729585e-5,1.0898144483128974e-5,-75.68270272828849,0.00013369763550421932,-1609.64093153057
t245,-0.00037064829931217265,-0.48186540209510853,-63.14909345564712,-437.7053009595755,-1029.01523397931,2.417042427389063e-6,1.6118552631862442e-5,1.8354447139962176e-5,-1.9620248881785927e-5,-2.0244432509571697e-5,-6.366242192659758e-6,-3.7214102212880083e-6,-1.0545520995678123e-5,7.404468629629059e-6,-76.39458608346223,7.537375253672107e-5,-1606.7463913579809
t246,-0.00042954904659288845,-0.49349254450886615,-63.612137143907816,-446.10800512245913,-1105.5204211868036,1.7125481499922883e-6,2.5272155196176744e-6,4.859358193367463e-6,-1.974709826573992e-5,-2.0734904308045186e-5,-1.2367662728649174e-5,-1.4904399793702936e-5,-1.6042716572583984e-5,-3.2438671399326154e-8,-77.4230031341392,2.4899346887092022e-5,-1693.1575385116168
t247,-0.0004240594297875687,-0.4981176401409336,-54.8578684811071,-456.129823434219,-1159.2682314903695,-6.47425114931692e-6,-1.5230809267302139e-5,-1.1926255937108333e-5,-2.3198836749267514e-5,-2.535415376046483e-5,-2.1477261413249714e-5,-2.400147082569358e-5,-2.4344925017952802e-5,-1.0063808231877514e-5,-80.72168248665632,-1.8398768965694094e-5,-1751.4763280624643
t248,-0.0003621125913896994,-0.5093989255220686,-39.960372866550216,-473.23334137115575,-1061.196072544476,-1.0986951744133715e-5,-3.670415769531309e-5,-3.364284896914776e-5,-3.0609767143605155e-5,-3.523033953560841e-5,-3.263732084247197e-5,-3.4164889038284126e-5,-3.3719626863735515e-5,-2.178767257462515e-5,-80.35674337018256,-4.512680784643001e-5,-1655.2566058008601
t249,-35.11945976403115,-0.4968538567998049,-36.83760965944311,-494.9099588076026,-1056.5159635054906,-1.9643281740562678e-5,-4.4312900417826574e-5,-4.1431887614893915e-5,-3.977152781569725e-5,-4.452758789761243e-5,-3.3219874705600304e-5,-3.251716188475556e-5,-4.2161026915577045e-5,-1.1174100265799954e-5,-85.77242470294561,-8.298920646057344e-5,-1709.6526620448683
t250,-46.12003590586643,-0.5341534176874804,-53.89113734144272,-493.1849201215182,-1073.5431336186166,-2.536676562753615e-5,-6.690593714839762e-5,-6.295753435922835e-5,-6.919765095426039e-5,-7.675517661782814e-5,-4.954741560536001e-5,-5.1399222942640925e-5,-6.876553587989349e-5,-1.738222986401167e-5,-90.51788177710674,-0.00012751895847824127,-1757.7918779786655
t251,-48.33834109694124,-0.5396952645184854,-58.54568005598132,-518.3855576120328,-1140.3037249854412,-3.4028333141968845e-5,-9.911692519727367e-5,-9.422967730255272e-5,-0.00010354743274179562,-0.00011211887026139977,-7.662976838916158e-5,-8.010760037959392e-5,-0.00010526919851288474,-3.619098118220279e-5,-97.87699991325393,-0.0001817907947812806,-1863.9909219577507
t252,-49.15052473321647,-0.5163549293233677,-69.69182554505409,-519.2005859886284,-1157.0294488411132,-4.279475503426891e-5,-0.00014330071317305394,-0.00014852025018129492,-0.00017893733977209755,-0.000200238712681686,-0.00011235842548109432,-0.00012028940894054194,-0.00015058948500722166,-6.544263954624363e-5,-109.87563840503877,-0.0002726337876109028,-1905.465813547892
t253,-37.04274875452176,-0.6034901725065993,-56.963849848149366,-674.9344361556458,-1166.6242786958694,-7.627647938919658e-5,-0.0002475677634322583,-0.00024541685956468845,-0.00027912283811037795,-0.0002791267781328973,-0.00020295395095835557,-0.00021679557986917686,-0.00025315182155436644,-0.000133464470080958,-143.02255613289887,-0.0004185879764821016,-2079.1937122241093
t254,-49.7720055376553,-0.6635268199234962,-60.058058572197204,-557.3815690278442,-702.3610389596095,-9.612532644672786e-5,-0.00040464277733784213,-0.0004069131314222961,-0.00046685253875230196,-0.00046000259377132176,-0.00033715620016095375,-0.0003550780934520604,-0.00041100377047627177,-0.00022935399092496623,-222.21039088660874,-0.0009020392774082096,-1592.4506589715388
t255,-41.68674370560283,-0.7229833074351688,-60.00834836371055,182.48184092595963,1144.8077130713573,-0.00014590907652226452,-0.000746926838170354,-0.0007518275762714288,-0.0009265584222373473,-0.0009012647255007989,-0.0006106582312181424,-0.000649086505418025,-0.000779555516643991,-0.0003826378595965188,-0.00013590846696557982,-0.00012370940963139118,1224.8653245779403
t256,-28.83277474058625,-3.3043853420617433e-6,0.0011906223908297092,1489.9999097305936,3692.999368844802,-0.0002059219447442393,-0.00015438062559311488,-0.00015485368819829446,-0.00015868631133158825,-0.00016204230989921606,-0.0001478019175180308,-0.00014646216428465842,-0.00014868913616706363,-0.00013242977631228612,-2.77689879769404e-5,-3.178011580986184e-5,5154.166220335837
t257,623.9979068114134,1.4204700484615697e-5,1166.6998987797006,1489.9999541569368,3692.9996138256515,-0.00012383698896847832,-4.953161507226433e-5,-4.9526333689427306e-5,-5.016487522115133e-5,-5.018396331334493e-5,-4.910115741728919e-5,-4.889413745699548e-5,-4.918797929554685e-5,-4.724466325306212e-5,4.811281137463564e-6,2829.540653649949,9803.237528567919
t258,570.521884351732,2.266339352507134e-5,2.7209806763175345e-5,1489.999955860644,3692.999572421587,0.0002873910267368314,0.0006762031605356354,0.0006781912021220544,805.8114357845175,0.025075455957844703,0.0003593630609955264,0.0003301588808328222,0.00010631135370923603,5.995687572425611e-5,1579.998613814881,1970.9463473492458,10110.305432487326
t259,397.35118085711156,1.5241207752768546e-5,1.582162725004598e-5,1489.9999533848206,3692.9993906697705,0.0003301211305651898,0.00011184560642399834,0.00014038427292804666,0.00014790300821250214,0.00015621519076076026,8.497050298172683e-5,8.182244972346096e-5,3.222940940372454e-5,1.673525514071781e-5,72.85905595171975,955.966440978018,6609.177155131102
t260,210.2184577915249,1.154897051010096e-5,1.3663876259526239e-5,1489.9999414697324,3013.5976482614237,0.0005962665380183355,0.003939122933001535,0.004255360215681996,4.873805745853168e-5,6.84297039079301e-5,0.0026692219620389345,0.002748544360127643,0.006314186181986872,0.0013590955696343922,6.632947183146228e-7,-542.8909639344549,4170.947108429889
t261,102.48152563717012,1.2658185983005996e-6,1.3922815030929285e-6,1489.9999314809534,3.200502814371505e-6,-0.0005424973588009501,-0.004999826571595093,-0.005329742345914346,-293.76302128622876,-0.025808865844192678,-0.0031143496554973523,-0.003183709974195529,-0.007077985386025769,-0.0011795567450911765,9.249248667391797e-6,-1988.1742520265957,-689.5070376207307
t262,-1.1030879631796673e-5,3.6103367632367504e-6,4.824335070935914e-6,1489.9998527465586,1.074769330106273e-5,-7.160502091647133e-5,-0.00014227900679129708,-0.0001894218055868705,-658.2814712800181,-0.00290061964963873,-0.00011801991304193204,-0.00011807525358445325,-0.00011693122735684342,-0.00010357459594087855,-6.77005247529099e-5,-2477.810831272684,-1646.0962698816556
t263,-33.5685836806119,-1.8396743886223624e-5,-1.90047696062097e-5,-690.4229209498005,-1412.2807035413482,-0.00016692600253278005,-0.00018983411394433002,-0.00021042721876002405,-0.0009457347024233615,-0.0007396110291749584,-0.00018767182052327886,-0.00018414740728462205,-0.00018337909389498522,-0.00017111562894265146,-230.06211477198767,-1792.2249725586346,-4158.562311750914
t264,-53.01609138953656,-0.8722022074770187,-74.41392235143033,-566.1133748589168,-1777.2934883591167,-9.663107729209372e-5,-4.1627599360180756e-5,-4.7779260886180414e-5,-0.00011019131448815881,-0.00010502167707564663,-3.923311305619156e-5,-3.8721861797949766e-5,-3.939393158615284e-5,-3.946424520473184e-5,-130.9075206374047,-0.00031512515135588516,-2602.617472993114
t265,-55.843705282238155,-0.9310892743790354,-89.9022076222882,-819.6720053407358,-1598.14995445153,-6.14063498125854e-5,-1.0271398864106525e-5,-1.4304466958958521e-5,-5.279795492135716e-5,-5.000248628800323e-5,-1.3879129409159987e-5,-1.3200205873604518e-5,-1.3177129265230558e-5,-1.4280443927731271e-5,-108.54112618690796,-0.00017383287000141142,-2673.040505310514
t266,-56.4489191015363,-0.9828643163289016,-84.03878733472537,-769.5890053052168,-1562.5834778862952,-3.992531197283904e-5,-7.536344760862114e-6,-9.34483088647308e-6,-4.014440308614047e-5,-3.7734562749229426e-5,-1.3664426037608573e-5,-1.2102582253429509e-5,-1.2135382820563887e-5,-1.239868134065607e-5,-97.49123394672648,-9.05093884411449e-5,-2571.134563386743
t267,-56.79245234822266,-1.0538477922033114,-99.40056774610267,-787.4339007692375,-1662.8484159764776,-2.3456086380161427e-5,4.143897544213041e-6,1.3710304908497125e-6,-2.7481960583485787e-5,-2.7897030294633637e-5,-4.95952049414374e-6,-2.526380911567495e-6,-3.0853784770432638e-6,-3.8547836825742585e-6,-88.19088402331276,3.001538290879481e-5,-2695.7201263863867
t268,-57.449376003006286,-1.0968271825830036,-95.03552567647323,-847.6365357098921,-1671.8456967406962,-1.4646617889242186e-5,1.5790901377091071e-6,-1.5617091126765852e-6,-3.080445581323416e-5,-2.987183916227451e-5,-7.204994137069858e-6,-5.97645392658316e-6,-6.169692233972737e-6,-4.522299155557301e-6,-87.9508440380702,0.00012356209004681337,-2761.0147809676023
t269,-58.04643262067228,-1.2102751307983237,-96.50837115301144,-827.473319471541,-1584.7451016382977,-7.486718320860662e-6,-5.338594468954711e-6,-1.0067331814258057e-5,-5.2181507757529674e-5,-5.258590236481829e-5,-1.6446056153293964e-5,-1.5251580208456921e-5,-1.5109545033546606e-5,-1.2220679698076712e-5,-87.95765743450595,0.00011152732628768789,-2655.941232609416
t270,-64.52889125476241,-1.438496485021998,-90.2747615729729,-789.840449036038,-1639.0445607039958,-6.658962764733613e-7,-2.8177684620101222e-5,-3.361477589583147e-5,-0.000125605604020957,-0.00012774978985310965,-4.3319297094792286e-5,-4.258576576688791e-5,-4.209385629893459e-5,-3.308322766277796e-5,-89.18822087829722,5.431106086239913e-5,-2674.315802515925
t271,-0.00034885825557531976,-0.0009960723042256767,-0.00032497429820325843,-810.8769973792254,-1682.1894545519726,4.326519583721385e-6,2.9973681049330306e-5,2.4150156414391968e-5,-4.793298188159517e-5,-4.786926567830705e-5,1.739436382772676e-5,1.586710446233835e-5,1.854174122437312e-5,1.1053590704651562e-5,-88.43716069199964,9.903519169398817e-6,-2581.505247119627
t272,-0.0003296693981035224,-6.33069964915309e-5,-2.4399432757169446e-5,-787.9293452171125,-1117.0796880193532,-5.80421512810193e-6,7.185686790842157e-5,7.285442296378428e-5,-5.376487642615411e-5,-5.478867289936363e-5,6.366900838133639e-5,6.284186414518662e-5,6.93946409615705e-5,4.0132894551213514e-5,-97.13898591322423,-2.6135664716716335e-5,-2002.1481962692474
t273,-55.102015616102044,-5.745923207563846e-5,-2.631849955084458e-5,-700.6898510758608,-1066.6648728204445,-1.5125007216705171e-5,7.454352571730604e-5,8.58713127116628e-5,2.5428375711080366e-6,3.4147513305900022e-6,9.309303892009033e-5,9.12970809879667e-5,0.00010554851701728837,5.818309532746835e-5,-95.43543368324802,-6.765059332877895e-5,-1917.891825254828
t274,-66.46354747748305,-6.127029967542989e-5,-74.47693665621962,-667.1263701762033,-1066.6786520980265,-3.1956727482116557e-5,-3.620697995165526e-5,-2.961582258836053e-5,0.0001983650352289479,0.00019808402055762435,-2.5435735828575923e-5,-2.5455517212585056e-5,-2.4460021596837274e-5,-3.16006439710904e-5,-100.9194646685276,-0.00012977185753817,-1975.6649704010101
t275,-64.88149677019288,-5.518598838231365e-5,-77.75534074711751,-856.8463072804881,-1220.194682056399,-6.936946618795668e-5,-7.957116131271095e-5,-7.623790013057104e-5,1.3370087813647955e-5,1.144659948597336e-5,-7.729743091427865e-5,-8.031510837087143e-5,-9.0174204368019e-5,-7.36948963903071e-5,-112.49883595780884,-0.00016579245927533264,-2332.177405633934
t276,-42.5898348338929,-7.489901754435753e-5,-3.6511408591858494,-903.7776593588809,-1404.8787987574806,-0.00010620048090063894,-0.000458350261908328,-0.00045688775242900095,-0.0003224994839729647,-0.00031815244855584946,-0.0004226966491445575,-0.0004190496593721539,-0.00044720325403651754,-0.00032699841721134577,-124.24406906227068,-0.0002547306951560629,-2479.145110539831
t277,-34.183307815492874,13.616476397661765,55.949214321027455,-252.33480025549198,-1253.362236893985,-0.0001371945213563598,9.009311674175058e-5,9.019705262105419e-5,0.00011125265520382565,0.00011078587358677494,9.32214661621787e-5,9.245761640531961e-5,0.00010053060156101763,7.340689857372722e-5,-156.2013914371049,-0.00038422277398965837,-1626.5158051554004
t278,-29.686303987560674,3.8232937182993254,111.28613772810355,-7.136369772651377e-5,-549.7520200698251,-0.00021835016294945612,-4.276619196505979e-5,-4.303948500415187e-5,-3.98558679361274e-5,-4.1536990649321774e-5,-4.1227662350211486e-5,-4.0052379044391295e-5,-3.981868482795537e-5,-3.913102643024072e-5,-257.64428171718737,-0.0008863496086556703,-721.9746778199279
t279,6.466267309323745e-5,7.519550694098634,87.46582695598075,-1.397436140442737e-7,1444.0670440331164,-8.381717958252425e-5,-0.0002595592224064571,-0.0002596054934500255,-0.000268243277653893,-0.0002701057574158293,-0.0002557831336560989,-0.0002519410131317223,-0.00026370146635906034,-0.0002241682114700345,-0.00014859492006799339,-0.00013336369894183085,1539.0500673227514
t280,9.33053262287915e-5,42.32786773445077,1040.5453304686914,0.016232628324369724,3692.999414061631,5.1288623855668196e-5,-9.7431391961928e-8,-5.6569997040391135e-8,-4.297636045036232e-8,-1.4109218710259395e-7,-3.278049369687269e-8,9.023433210505313e-9,4.751270090570322e-8,7.025760619490948e-7,0.0010169964191016011,0.18705527329011704,4776.077062145018
t281,9.038199840142096e-5,24.306469957100692,489.1779600326566,0.009485710440008675,3692.999387409757,0.00021976714337665324,0.0005733334600243478,0.0006104783079256429,1095.0024860142237,0.016204333204045584,0.0006347078293151155,0.0005962781222665764,0.0006433494648243905,0.00037569288369791395,7.183982768417719e-5,719.7466412667656,6021.262450553186
t282,9.080357181861392e-5,7.148477907514464e-5,0.00012871123790856998,1489.9999016698766,3692.9993675641513,0.00022898213629292323,0.00029460605129082417,0.0003080382497284694,3011.3568052311134,0.012456033836846798,0.0003240198566470494,0.00030887567850158176,0.00032038653180676245,0.00024266266329161644,0.007673122631402286,210.91163420120986,8405.290156393576
t283,9.267850675555687e-5,1.8759983008824935e-5,1.5990960151000137e-5,1489.999897519002,3692.999364794251,7.365968956538657e-5,7.022992358331154e-5,7.680521595826953e-5,8.502765298391389e-5,0.0001148693983261255,7.544639900123848e-5,6.752443033195442e-5,6.786446237608939e-5,3.0041366377092743e-5,7.658790811179e-5,228.0036262977572,5411.003754096906
t284,8.95471280414257e-5,1.5666656807110956e-5,1.609961910201336e-5,1489.9999363744464,3109.8380111831357,0.00012524218569536308,6.411209120790524e-5,6.603272081527465e-5,3.933079663133529e-5,5.4686560680868424e-5,7.446759385692676e-5,8.091030272890688e-5,8.043080735756641e-5,0.00011108944385807405,0.00024190752380445464,0.0006489332418695912,4599.839656014255
t285,9.236649232416949e-5,1.7130896090023794e-6,1.5524426055180735e-6,1489.9999168801467,2.1996401650916803e-6,5.4800896606752355e-5,-9.83759711437683e-6,-1.0272362972427853e-5,-1.1016738272248044e-5,-1.3993764519437144e-5,-8.724927040696578e-6,-9.096929290011137e-6,-9.287005910398755e-6,-6.347145687737404e-6,-4.272619783557194e-7,-116.01297573242712,1373.9870147765482
t286,-19.84166717169093,-2.5135265091190456e-5,-2.0950095061630223e-5,-0.00022733512854750115,-0.00020731889759537719,-0.0002334396719665105,-0.0004791099595810517,-0.0005165745870291974,-3246.3949088890427,-0.017415653486937556,-0.0005647464624862857,-0.0005425573321606846,-0.0005797267739616839,-0.00037569510022449,-0.00017371825362685008,-1253.1356049978174,-4519.393543019565
t287,-28.947686480638506,-2.0059382614078826e-5,-2.4584191927991014e-5,-525.1721841783046,-1537.472428324431,-0.00012284604508161492,-0.00026974003255975267,-0.0002939267141194997,-1605.1633882430356,-0.01602601260686912,-0.000335782791094368,-0.0003208716411385615,-0.0003503186218959596,-0.00020692489673104363,-0.0002455106068498369,-0.0005324714463501076,-3696.7744362753865
t288,-45.23327499393972,-0.0003124845730622758,-0.002123778665866413,-479.05959940764774,-1415.3536652234432,-9.062706637651039e-5,-9.986906056125894e-5,-0.00010497806709320825,-0.00015429782689310443,-0.00016660581716259988,-9.506042661257716e-5,-8.808125687327967e-5,-8.945066779455664e-5,-6.608769085434794e-5,-0.00025255770904722137,-0.00028651586845456276,-1939.650470019727
t289,-0.0015352119331576532,-0.003098548243065668,-0.004459554507975804,-261.95733813608126,-41.68577096269773,-4.642411188451257e-5,-0.00013153184237492434,-0.00012352537379684307,0.00011063642504858384,-0.00019083598074041058,-9.655666386161385e-5,-9.962329810982574e-5,-6.41422957102843e-5,-6.34325575561946e-5,-47.88824834417255,-0.0035972753878185564,-351.5447534687226
t290,-0.00158932662378626,-0.0023859728579370197,-0.003633147972230989,-251.4737176698919,-40.83798757773894,-3.6065067798533194e-5,4.963013192808601e-5,0.00010296005333494854,0.0013780138653016571,0.000805064183154705,-2.496855992453366e-5,-3.0088185684572617e-5,0.00015177252388085617,-5.348772453513672e-5,-43.11603735932778,-0.0015595522222130388,-335.43456777541513
t291,-0.00160543512739658,-0.0020081356684665615,-0.002568454271977448,-236.20203194216577,-41.83568121668601,-2.9710275426570462e-5,-2.3811659606396534e-5,3.56363013220559e-6,0.0012607697821809657,0.0005796911781552193,-6.47982893387715e-5,-7.111088537868348e-5,9.676738659010131e-5,-5.776352225345018e-5,-37.96075711619997,-0.0007550000565136406,-316.0037137028311
t292,-0.0016194985069547534,-0.0015397702452794484,-0.0019182972706965461,-267.2589424802468,-47.13822644771822,-2.560969700243399e-5,-0.0001340367346602058,-0.0001228445708008328,0.0003594310548159914,1.3681535905884807e-5,-0.00011250663033465244,-0.0001177187525431819,-7.981369874408625e-5,-6.40564197101856e-5,-39.16671145846735,-0.00040710687021598625,-353.5696485332386
t293,-0.0016075594247865039,-0.0010898519531081898,-0.0013130661513670167,-262.9461950807192,-46.438975484967905,-2.256502456450127e-5,-0.0002880733525385094,-0.0002975636836677525,-0.0005045042233356382,-0.000629661196196285,-0.00019010076928147735,-0.0001936826756581144,-0.00030242708832635575,-8.220916482782036e-5,-36.41110879145412,-0.0005750750741561411,-345.803375696923
t294,-0.0015985081603418938,-0.0005988585795112149,-0.0007020587289044446,-259.44841072403955,-46.45777193636408,-2.1004071930778924e-5,-0.0004266006454152926,-0.0004439637054602534,-0.0013025085696560116,-0.001230828322501586,-0.00023872348847287268,-0.0002576860278613388,-0.0005142401410213502,-9.605683489505392e-5,-34.53043747084233,-0.0009482056804752744,-340.4449993742024
t295,-0.0015443259185805936,-0.00011704049641538013,-3.632812697366579e-5,-257.2364304735386,-46.98549405409048,-1.8585457042722535e-5,-0.00017059874785907723,-0.0002490183180914866,-0.001255071580359462,-0.0010776706662834832,-7.952011294114842e-5,-0.00011278781095505299,-0.00028062945078921977,-2.297530679784048e-5,-33.26553497217072,-0.0014734584388076313,-337.49389751023165
t296,-0.0012927209146938782,0.0003047448123595902,0.0006438939146394748,-250.8618569762771,-46.80058372531421,-2.4822880996349976e-5,-0.0006191473732720504,-0.0007005681055177823,-0.0028964670306321247,-0.0023647288600172215,-0.00028556333726093334,-0.00028976551294391194,-0.0007843699421852394,-7.781577163938627e-5,-32.073904086566166,-0.002250953436140589,-329.74698307259575
t297,-0.0013098877236413585,0.0008665651477822148,0.0015206000753544705,-243.25372839183242,-46.520793990574326,-2.346320556268346e-5,-0.0005487805785984713,-0.0006486591304933044,-0.004337245878990699,-0.003070496317633555,-0.00021821834780633688,-0.00021794112493946178,-0.0006870319403342771,-4.733956498052587e-5,-31.19180641074092,-0.003586252360037455,-320.97863694409756
t298,-0.0014981212696861179,0.0012599696815578053,0.0021747899693095813,-242.54340200103343,-44.227727640537374,-3.062433401084937e-5,-0.0008578860363653724,-0.0009101527481009455,-0.002952674552013642,-0.0026688742017911813,-0.0003136161757713232,-0.00033769613383000466,-0.0008889981568895964,-7.417019135960872e-5,-30.54488584881282,-0.0074654064378925555,-317.33057895097045
t299,-0.001686943635488505,1.0384202462943542e-5,0.001090488213575278,-192.747298278096,-4.2283400695898474e-5,-2.31145700710225e-5,0.00017683405113996255,0.000210356734690423,0.0006060359870644913,0.0006495789549937045,-0.00036414667440413354,-0.00038260502847766386,-0.001181043306032961,-5.6893962929117376e-5,-28.02542642235861,0.0002454819381272268,-220.77347257095064
t300,-0.0015622314892729033,6.35602034023638e-6,2.7721544092484962e-5,-199.83411303733556,-5.334939690004262e-5,-2.0612170228225252e-5,0.00031258452319392316,0.00039336716058560616,0.036688512987987795,0.007382452692092237,-6.411051305789922e-6,2.725476630264589e-6,0.00016888461192094204,-7.678747607249474e-5,-26.188659159635858,0.034662589506331457,-225.944846394032
t301,-0.0013668190029869876,9.964717477113677e-6,1.9301470246133805e-5,-194.3439725251477,-4.9888896668402486e-5,-2.5246302245262755e-5,0.00013483723421963748,0.00022217501117562747,0.01390407213173278,0.004659374157497949,5.380465915129224e-5,5.553800375677104e-5,0.0007344583056628899,-8.056495718202839e-5,-24.6216145691798,0.017705070680978315,-218.9296110171147
t302,-0.0013524390438994349,1.2704680092718275e-5,5.837557808549471e-6,-191.10285509541254,-4.857329408353222e-5,-2.431488087747002e-5,5.152142999185522e-5,7.593762597840945e-5,0.009463963500836562,0.003133446298494323,-9.205400933860551e-7,1.9528274473213858e-5,0.00045586141539676343,-6.767334609724604e-5,-24.07990459534265,0.012649435957929618,-215.15838537511922
t303,-0.0013919626943610444,1.342373026122311e-5,1.0389163077211404e-5,-190.20249437193266,-4.715220935366687e-5,-2.2950962014787634e-5,-2.3280058520960553e-5,-2.3873279114102165e-5,0.009425097662827439,0.0026902998111727598,-4.9141290194886766e-5,-3.0318595385606834e-5,0.00021165489504167104,-6.523394299584914e-5,-23.49517656653927,0.00986943543660195,-213.67710455080487
t304,-0.0013742272910163345,1.4877564822397619e-5,1.6120467920052445e-5,-191.32288712326437,-4.631673480984822e-5,-2.226093232573619e-5,-4.607253243344557e-5,-6.742590725803042e-5,0.007913091974789028,0.0018631864886403708,-5.821741428798992e-5,-4.110941944753567e-5,6.846259578689891e-5,-6.32046490581394e-5,-23.014787269972174,0.008134660506326575,-214.3213828285189
t305,-0.0013658898537938862,0.0007741598534642191,0.0015231798828450143,-188.9319789458066,-35.96350616020678,-2.419031065284272e-5,-0.0001902128056725739,-0.00015327047354344429,0.007338538512362909,0.0017358308529923459,-0.00011487166055475286,-0.00014739677991202485,-0.00018199832262330503,-5.2899913183810765e-5,-22.824694104261454,0.006751082458546231,-247.70428714883454
t306,-0.0008810807948942706,0.0008100012053232565,0.0012697866196908366,-184.39671332979137,-37.479590455904514,-6.566392936217814e-6,-0.0003558228328149972,-0.00037090949963398885,0.005116539721819967,0.0006003888231517366,-0.00022291946796464137,-0.00023351185621643068,-0.0004010715866009202,-7.558372775673638e-5,-21.579491409562383,0.005337078424702465,-243.44520886662235
t307,-0.0015750941408585483,0.0007194509999728287,0.0011388932417272428,-186.45149182141915,-34.81845144633801,-2.3540203021097057e-5,-0.00033277678181239094,-0.0003538161810666073,0.004132063591074257,0.00023996795512476048,-0.00020684957239869344,-0.0002170821235597512,-0.00041585602661929806,-7.046023225069333e-5,-22.400909292237614,0.004772760946089588,-243.6630448985224
t308,-0.0014700711981751238,0.0006315942144984284,0.0010392550262521452,-185.35046028984786,-35.17070250245905,-2.0960673625180568e-5,-0.0003085743314726495,-0.0003345280897016055,0.0035386813660749465,-8.067254548441112e-5,-0.00019047401542377694,-0.00020086774124652876,-0.0004101702423365238,-6.676578663295481e-5,-22.165443381116248,0.004103197847437687,-242.680376529593
t309,-0.0014101151796485287,0.0005820887080653029,0.0010078931447174342,-183.4962496003169,-35.259253481654284,-2.1301755353446124e-5,-0.0003029972651743745,-0.0003183673541963119,0.003038138801691197,-0.0003796201890503273,-0.00018401002287241386,-0.0001941736718839734,-0.00039756451426188567,-6.969098301716254e-5,-21.691940467253506,0.003559623224983906,-240.44253364628068
t310,-0.0013862805817702946,0.0005012516049743267,0.0009104847904369505,-182.75274354752045,-35.48280683063761,-2.203791213690895e-5,-0.0002938682754024457,-0.000314655765367354,0.0025647127800297433,-0.0006012784182426944,-0.00018326552616381627,-0.00019116354516459817,-0.000399904396073074,-6.971853941987441e-5,-21.5594751372052,0.00302862645047526,-239.7914826126971
t311,-0.0013741412149783881,0.0004221094774778614,0.0008119839870439954,-182.207722915363,-35.72595817973094,-2.260043630159095e-5,-0.00028820320841113525,-0.00031439123908546987,0.0021293171033365693,-0.0007730883406652214,-0.00018203347152262534,-0.00018815711305712805,-0.00040750637320852433,-6.787814953624095e-5,-21.44664648320501,0.0025721508232267494,-239.37801001645462
t312,-0.0013608690931609197,0.0003423134696037233,0.0007147322247083026,-181.876328027499,-35.986614126316866,-2.292463990795721e-5,-0.00028935912207377393,-0.00032216375242815893,0.0017391212720231461,-0.0008909524578856325,-0.00018519326315679274,-0.00018893042451900276,-0.00042333753608924556,-6.595962022619203e-5,-21.392220884246846,0.0021706139893391593,-239.25394594701652
t313,-0.0013289081574706131,0.0002953659593729601,0.0006599030566860487,-181.08009421539862,-36.0972514132173,-2.251980963126302e-5,-0.00032035827519190195,-0.0003412438619765519,0.0013543882157291262,-0.0009469598000044082,-0.0002024961193572973,-0.00021050148314522498,-0.00044969183194517676,-7.500021134027892e-5,-21.1615959501786,0.0018398907747325544,-238.3386897103381
t314,-0.0013213118625197491,0.00021965988743970715,0.0005623579791249594,-181.52602174769893,-36.318356808930275,-2.177242301316402e-5,-0.00027658989216799225,-0.0002983100033008679,0.0010200372210540693,-0.0008561820376712934,-0.00018383186469333313,-0.00019291826340271098,-0.00038846157965769846,-7.108438211032492e-5,-21.178458355936762,0.0014872151118579878,-239.02315810467502
t315,-0.0013265125418919278,0.00014316635722474028,0.00045867136801169904,-183.18575685164774,-36.47125016097645,-2.1252599358106907e-5,-0.00021651876486152849,-0.0002379158160440784,0.0006937166678151246,-0.0007176549635705006,-0.00016062047114726095,-0.0001644836455690246,-0.00030021465902376013,-6.544401242284248e-5,-21.210928411130833,0.0011508340732857604,-240.8686996527626
t316,-0.00037442086947835713,6.45849481577059e-5,0.0003474526336029503,-185.84392266159702,-36.660137612417394,-2.0638758161972234e-5,-0.0002005499070130891,-0.0002161211709549719,0.00034392749457463586,-0.0005762721354189892,-0.00013678072925348814,-0.0001408338060730477,-0.000233882969789499,-5.9218122533735885e-5,-21.27746296997022,0.0008177382482395711,-243.78190825912876
t317,-0.00032685409076804663,1.3026851894298885e-5,0.0002783066573129764,-185.1598848294212,-36.75676628194849,-2.028153758659698e-5,-0.00023939132423009488,-0.00024379862745614448,-3.460689765774267e-5,-0.0004631819671858555,-0.00015533461847095457,-0.00016392638345346153,-0.0002612733001153147,-6.932721651353973e-5,-21.10754504111358,0.0004829616983800832,-243.02539983323913
t318,-0.00033218161379558426,-5.465099076720599e-5,0.00024686217437662846,-183.3437234826353,-37.06102490836449,-2.015379763155776e-5,-0.00025933088308136313,-0.00027022496000681466,-0.0003998341535121437,-0.00035705993886332444,-0.0001672820366087301,-0.00017607305462344483,-0.00029358672125314556,-7.148040716190024e-5,-21.092058719274988,0.00011008729027767124,-241.49885201936746
t319,-0.00032433603909374494,-0.00010306774810089033,0.00018663118854270088,-181.11038249691887,-36.17962986058974,-1.957003950990043e-5,-0.0002359300594112019,-0.000270273289102506,-0.0007756366680967746,-0.00013359139986746985,-0.00015558728451072263,-0.00014688900500214473,-0.00027167195975678996,-6.178509270424914e-5,-21.118538490089495,-0.00029955886686675373,-238.4111621138616
t320,-0.0003703197046190845,-0.00016537142403587506,0.00011012789300067114,-178.97930813625672,-38.09906475448235,-2.050747561413538e-5,-0.0002662809706941457,-0.0002793901067519058,-0.0015000864738027202,1.8456889366430383e-5,-0.00015623559330224266,-0.00017991646789599768,-0.00032440925005149124,-6.713200939065215e-5,-21.275477365365,-0.0006202485858032524,-238.35767156938363
t321,-0.00032972987322014876,0.00017536395642340737,0.0005600776910653372,-164.8927613534761,-38.170239968204214,-2.1717150571258602e-5,-0.0002774731235959981,-0.0002683007499413642,-0.0011189510327474761,0.0002897807453090816,-0.00016510282901489285,-0.0001799923475097591,-0.00035040655519561316,-6.777582023667114e-5,-22.012727475034083,-0.0008882547950539578,-225.0783712785987
t322,-0.0001812953327095763,-2.1693248858934826e-5,-9.453324073969014e-6,-177.52916787445133,-38.291959811541915,-2.1377443782858913e-5,-0.0002469531212558006,-0.00024362355710052787,-0.0004368090836938079,-6.833876842749824e-5,-0.00016353316462389803,-0.00018372829634847167,-0.0003162414224140104,-7.452976610099265e-5,-21.345583033496737,-0.0011381292345448743,-237.16981642525394
t323,-0.00018045555142579206,-4.3261939913919934e-5,-1.9388957871637394e-5,-179.3931996649693,-36.36402503741593,-2.0869993939624107e-5,-0.00023058737626518815,-0.00023763534654471096,-0.0015475045020552482,-0.00016736827571650907,-0.00016807355241902372,-0.00017094204996552682,-0.0002927256349404473,-6.912106525874228e-5,-21.37840010558821,-0.0014276707436505919,-237.1402004129634
t324,-0.00021583424459579688,-6.010820182244195e-5,-3.212750868921072e-5,-181.48693821557472,-36.02191923559283,-2.1231180532131115e-5,-0.00021605780203301264,-0.0002322441097060281,-0.0017126971420744963,-0.00021041314806334745,-0.0001639381288872082,-0.00016038924936215957,-0.00027446510857558656,-6.372692245073498e-5,-21.40477804661407,-0.0017435256929740556,-238.9187422562214
t325,-0.00021530727947586409,-6.453850169248139e-5,-3.374014018315871e-5,-182.3372229216144,-36.073575855198136,-2.1737142609093336e-5,-0.0002209024170160399,-0.00022707950404970062,-0.0020181434149875374,-0.00022793989734301633,-0.00016290577664850573,-0.00016398477682184588,-0.0002620798142116467,-6.782731890394785e-5,-21.25775632382602,-0.0020486138668449273,-239.67428990048933
t326,-0.00022231685344503664,-7.781628042424164e-5,-4.801120051541635e-5,-182.7020476013183,-35.9632326967603,-2.2720828307466364e-5,-0.00019654085237527807,-0.00020155081791751084,-0.002388733586856115,-0.00029090175829607175,-0.00014901915536357185,-0.00015043004831301766,-0.00023184242798130112,-6.550525113033628e-5,-21.434998669928284,-0.0023633368391428626,-240.10668769390693
t327,-0.0002196370034030607,-8.820806383350962e-5,-6.01309041469339e-5,-184.32803096759255,-37.20162045530891,-2.1819988848213953e-5,-0.00015368515781032693,-0.0001572316368330704,-0.002463676928080186,-0.0004416810428942271,-0.00011729405666087137,-0.0001204383287152133,-0.0001843925177515818,-5.833459034053948e-5,-21.614765652759115,-0.0027049008725570298,-243.15120850675243
t328,-0.0012608443678679762,-0.00032849904472942904,-0.0002489715903214771,-186.65175805466242,-40.57235042663423,-2.1902543460216046e-5,-0.00014447694586335586,-0.00015381272199968944,-0.0029115652870641807,-0.0006712130549754946,-0.00010161039957750636,-0.00010640697640445596,-0.00019048438111138072,-5.128517380727464e-5,-21.799512255557843,-0.0031191349947503892,-249.03293094433644
t329,-0.0007297754730117387,-0.0006893960483029173,-0.0005427450914906143,-186.05765990185327,-40.22106468053934,-1.375685422945631e-5,-0.00023610109397004394,-0.0002468434372351455,-0.0034086134337669195,-0.0009884440729306609,-0.00014228172513663996,-0.00015036859464249449,-0.00029609541467936714,-6.186137352264109e-5,-22.33834544406185,-0.0035505298842682196,-248.62812683895163
t330,-0.0013537139363573648,-0.0007600123069571869,-0.0006813248384448212,-0.0006138514438099129,-0.001071152089148408,-2.491051761379459e-5,-0.0003754232125961949,-0.00040648638546495364,-0.00395845244237211,-0.0013595640971372992,-0.00023350898876473562,-0.00024317633696712378,-0.0004969362432906379,-8.236889788882871e-5,-0.0008448309311028624,0.010034720529530217,-0.002470992138386018
t331,-0.001272897468996672,-0.0008447399723530021,-0.0008080415069616519,-0.0006153127741758795,-0.0013200513752070968,-2.519047294619927e-5,-0.00039551390029363316,-0.000436538112023557,-0.004518650702424221,-0.0016883779170582564,-0.00024198057343161253,-0.00025299722103128765,-0.0005435169897411933,-8.159993081894994e-5,-0.0011887633890465016,0.009398492053775364,-0.004835680252734349
t332,-0.0012549774350447999,-0.0008927687757301662,-0.0009119982095841797,-182.10811565595333,-40.97267624494532,-2.535882465837259e-5,-0.00035444677145511405,-0.00039594813570178425,-0.004865430374927724,-0.0018608593993608886,-0.00021841278346848946,-0.00022827965254808484,-0.0005207387727469996,-7.292433532323016e-5,-22.841773680878266,-0.0048913601962962015,-245.93905908544377
t333,-0.0013712647339367216,-0.0009250265369408768,-0.0008597725104931047,-187.4888603758952,-41.19527223812173,-2.4823166123942337e-5,-0.00035623911038282994,-0.00038557483054702885,-0.005725432789301824,-0.002071913311358517,-0.00021073590234768283,-0.00022295207416186358,-0.0005070439157017572,-7.63395229933704e-5,-22.544258912850147,-0.00524388547938503,-251.24637253075076
t334,-0.0013937919850535564,-0.0009895216148501427,-0.0009281925990397324,-191.71502366371433,-41.09437242344409,-2.4517903336697263e-5,-0.0003550851688068198,-0.0003860083296557918,-0.00653338439350758,-0.0022206984145938065,-0.00020866262225562813,-0.00022028366772812178,-0.0005104675979247124,-7.511051046689508e-5,-22.727707161323345,-0.005683701386705673,-255.5566326746757
t335,-0.00140597942850529,-0.0010548323657136101,-0.0009991545512901534,-195.53823563457377,-41.69529980297932,-2.403633383325996e-5,-0.00035903246379127954,-0.00039299718651092185,-0.007405547293164828,-0.0023159563259505184,-0.00021174132524580207,-0.00022269810960226437,-0.0005246043877285177,-7.327386299586474e-5,-23.00050505640308,-0.006126273076441609,-260.255156620667
t336,-0.001386750012126813,-0.0011244529533239248,-0.001077100900050576,-198.68888413946348,-42.17839213957826,-2.4036586258051923e-5,-0.00036578391265432706,-0.0004021051248893578,-0.008486181393448885,-0.002288377686329967,-0.00021985693648564366,-0.00022896398336411336,-0.0005373148644030357,-7.257295925940003e-5,-23.326214162431512,-0.006597735613187579,-264.21630167439906
t337,-0.0013854212640394476,-0.0011579460224854826,-0.001147553412666663,-200.7567311086896,-42.17163584564746,-2.1158276788020854e-5,-0.0003326873490775958,-0.00035116862309568373,-0.006946153785089285,-0.0019475748528930282,-0.00020878327149211472,-0.00021868079100090167,-0.0004631449156090152,-7.69320163070333e-5,-23.519463604492756,-0.007266415374943938,-266.4693541787853
t338,-0.0013947136600145787,-0.0012254472428687426,-0.001225297444159434,-203.14683762471836,-42.56930956518879,-2.073237510806699e-5,-0.0002864041325244596,-0.0002977974067156167,-0.005927210136025582,-0.00159936060912304,-0.00019560858775705538,-0.00020302964872717904,-0.0003708427250449052,-7.521217801452181e-5,-23.957835915263484,-0.007990179673366767,-269.69479494099005
t339,-0.0014150880564099716,-0.001291349792194028,-0.001307970140104792,-206.1429812736636,-43.19386847888417,-2.0118807600473474e-5,-0.00013056893870669976,-0.00012983542258803988,-0.005235218621870109,-0.0012241629032609834,-0.00010413081106633586,-0.00011021038867587492,-0.00010825747716756694,-5.7857963882805676e-5,-24.428318140900636,-0.008871118453566062,-273.78517378122547
t340,-0.0014272891406189403,-0.001358403824419289,-0.0013864935593151117,-209.59772793006277,-43.85616096426801,-1.997385432534201e-5,-0.00010948163829624984,-0.00011178489136925286,-0.006113699295492956,-0.0014467601604026953,-9.232451180367547e-5,-9.790656806219725e-5,-7.153056869631445e-5,-5.2662342203793925e-5,-24.961362007883213,-0.009982372878915966,-278.43752158544794
t341,-0.001399476425801789,-0.0013957133292132342,-0.001429131574832287,-212.59478181840782,-43.893666909980645,-2.024656196438402e-5,-0.00016815334771200975,-0.00017276839368087757,-0.00755212800075082,-0.0019809373254102967,-0.00012003417407839564,-0.00012684486630492773,-0.0001587423567227662,-6.169471126619234e-5,-25.322054250853814,-0.011395155890493756,-281.8364840062005
t342,-0.0014334950418157656,-0.0014639946901952106,-0.001517456192284912,-216.97143388670622,-44.12840674893281,-2.0300129550458318e-5,-0.00029414277525350777,-0.0003106797763583133,-0.009675475789064584,-0.0027989105930684584,-0.0001781825854241891,-0.0001855880939058258,-0.00035055198375816526,-7.079159359682039e-5,-26.01730190025914,-0.013450935517692487,-287.14889304066014
t343,-0.0014075801751291155,-0.0015260937907612228,-0.0015987559334085689,-220.31727848568647,-43.42118807564815,-1.9949726122352402e-5,-0.00036973079992750073,-0.00041637052348358114,-0.013529072561915701,-0.00390025803946447,-0.00020606023028313554,-0.0002154306899780337,-0.0005183986671273315,-7.118454388013669e-5,-26.8952477419143,-0.016668685748000768,-290.67416187467836
t344,-0.001462765932503803,-0.001590479221814019,-0.0017567895082569054,-217.87487634184737,-48.20478654560546,-2.145943763034546e-5,-0.0005417637458441849,-0.0006212313185445901,-0.02189957431487373,-0.003621155979794708,-0.000304979470499192,-0.00031300277350306303,-0.0008376850268911754,-8.57981189323057e-5,-27.99704218442818,-0.02266225174391422,-294.132424008474
t345,-0.0014331116777540243,-0.0016503630842546002,-0.001516677026381277,-210.3912648416604,-54.618558119360685,-2.4052652217076645e-5,-0.0006299771873001404,-0.0007011874186851117,-0.014733192483060226,-0.005818766889627626,-0.0003349278873759954,-0.0003420503154223941,-0.000965101780780044,-9.495510733269785e-5,-29.924641893847546,-0.04195692423548288,-295.00466614261427
t346,-0.0014336898223670932,-0.0008068187474053061,-0.0003984465492755403,-233.6609869593784,-44.84088266251992,-2.1564170120329264e-5,-0.00011570838894375982,-9.24254754876025e-5,0.0021339187896198624,0.0011759885749870243,-0.0001022094140857173,-0.00011030587560291451,-8.241668925854423e-5,-6.25721376022617e-5,-29.972770661007317,0.0023866763238775753,-308.4721698564873
t347,-0.0014555828966371423,-0.0008031430578358061,-0.0004266794676526853,-242.15378212949312,-47.00626487318472,-2.124872098413076e-5,-3.0380045552430748e-5,7.60922465424501e-6,0.0058769422239609796,0.002290816748531649,-7.607911772582884e-5,-7.759783166476434e-5,7.155245827957296e-5,-6.0069317692482514e-5,-31.333814507236482,0.005558517528142997,-320.4830068521865
t348,-0.0014503013121824203,-0.0008369238992116473,-0.0004497202122301187,-249.89957700474667,-46.16069179939924,-2.1066456572727333e-5,-0.00010364169155993778,-7.533585560086155e-5,0.003141325520000172,0.00126124919992428,-0.00011750360245107159,-0.00011839382563318629,-5.053041070451348e-5,-6.739827334688939e-5,-33.147709708554835,0.002317249923250025,-329.20454950359704
t349,-0.001435423509776184,-0.0008528236000854797,-0.00045966802183550735,-259.55081210526185,-45.1652748282806,-2.1451163436975727e-5,-0.00024196614378483794,-0.00022960075080400523,0.0006677588359292591,0.0001589955569921416,-0.00019429338954673228,-0.00019600223151439595,-0.0002379623243373328,-9.130046183687487e-5,-35.13969846605932,0.0003631477626829451,-339.8585559890431
t350,-0.0014229810493634584,-0.0008763890347424071,-0.0004783545114099277,-265.33662245687964,-44.81414466942166,-2.2249170670645466e-5,-0.00039836717706791014,-0.000413334671200801,-0.0011706198323597284,-0.0009545653887401708,-0.00028615403222148557,-0.0002876331119208281,-0.00045799274109500524,-0.0001201349701600161,-38.75788212927917,-0.00135431482468319,-348.9168923460961
t351,-0.0014603678860133054,-0.000913689346405619,-0.0004933150854391159,-278.6383918058272,-45.099692363129584,-2.159112344862975e-5,-0.0006673680710613765,-0.0007158338190150992,-0.002840615606736821,-0.0022007601741745072,-0.0004426617149460035,-0.00044824097644276934,-0.0008016044647342558,-0.00017572326904229457,-44.58126841388483,-0.0033354543254754893,-368.33386980870455
t352,-0.0015804786785463061,-0.0009431745262620159,-0.0005207964108193575,-300.36046824599504,-46.556139150999805,-2.0246559808362025e-5,-0.0011595338421069889,-0.0012388924781368696,-0.005784507623460208,-0.004185611056530777,-0.0007483387274667682,-0.0007684365543714913,-0.0014566972254341835,-0.0002989269770554283,-57.694629193822244,-0.006687544380981312,-404.63662977585807
t353,-0.0015025504680962459,-0.002191535574909447,-0.0029330467688371605,-314.1401707917704,-50.275578935980185,-2.40561119331088e-5,-0.003046245971940064,-0.003285440452432846,-0.01963391034432301,-0.013664262160838794,-0.0018567728153651034,-0.0019073420545302835,-0.004074359598218321,-0.0006736870743792927,-113.91449611630566,-0.020054550327411436,-478.4050936037795
t354,-0.0008501884151645776,0.0022031806578057225,0.002280535054744977,1489.997588067866,0.002175548606203244,-2.267883695614911e-5,0.00263090014396386,0.0028370641533009343,2.440004322711348,0.020121009917740768,0.001583235131738019,0.0016261321399902863,0.003557212698970768,0.0005669405383678282,104.05043398542267,2546.5850289256305,4143.111764193422
t355,-0.00035448460529170344,0.002260942597577732,0.0021370633967577,1489.9980539399287,0.0015469048853881937,-1.5229552775940651e-5,0.0018366894765044406,0.0020990120444272287,298.68026311796655,0.01713483334986467,0.0010513874922186304,0.0010943495323178858,0.0025211908206876727,0.0003381663516749899,1456.780535854027,532.2774777616571,3777.767981499369
t356,-0.0011160317267993433,0.002148889020799228,0.00214972698294556,1489.9980805279258,0.0017956048726312987,-2.6266842656401053e-5,0.001817808935145281,0.0019301758460026754,2.9418555068501506,0.014095405512440274,0.0010258596277566926,0.0010811710228494364,0.002493970170674267,0.0003423976849557465,91.97164430035218,265.8821222352428,1850.8214412814775
t357,-0.0012972418164869306,0.0003781261776034459,0.0003851615164661447,1489.9981184806056,0.0010609530263220122,-2.6176040729456484e-5,0.00046164548293635486,0.00045251314697054027,0.0004293880069253698,0.00041224989968850675,0.0003964288193882368,0.00041397592802625005,0.00047270352658224145,0.000238446636901422,0.006022987391870579,0.0035846844431792406,1490.0115043267513
t358,-0.0014777852158967316,5.190316980243088e-5,4.686925233520568e-5,1489.998113139946,4.9007269005553225e-5,-2.5439026853756386e-5,-0.0015618107014203492,-0.0016604238642803477,-359.1373374955045,-0.006056353123747648,-0.0009184340692801359,-0.0009757099368192544,-0.0021745193877971557,-0.0003289425407630706,8.152356884975524e-8,-2477.8035699378115,-1346.957825850022
t359,-0.0015359082859066151,-0.0024569763112168097,-0.003062405836255622,-339.17554749239736,-0.004462180074729338,-2.4992549941930225e-5,-0.0018330516088761446,-0.002067013434776739,-0.025832333218724256,-0.015031649737936522,-0.0009860549134560206,-0.0010662426876465677,-0.002707668920214153,-0.00033239407197913133,-368.36124439316507,-275.42860575371805,-983.0267965109322
t360,-0.001555186821380917,-0.0026735665162767605,-0.0032607873410598885,-350.3972926791279,-44.00463714801379,-2.1449929666837678e-5,-0.000650612689682678,-0.0007464978946098033,-0.010297047475907912,-0.005821998043696721,-0.0003733503111069315,-0.0003958125001309476,-0.0009140881090330752,-0.000133796041336587,-209.75935226153007,-162.83642857192535,-767.0245548542711
t361,-0.0015581110102276564,-0.0026458600550520036,-0.0030039569609682216,-348.43609552331156,-51.38768983462522,-2.131647822235903e-5,-0.0003114331079492673,-0.0003368230608123335,-0.006598360547469695,-0.0033768512788952313,-0.00019119788947405834,-0.00020268052669984536,-0.00042432657101981573,-8.183494405804772e-5,-173.60404358315148,-127.19335600052418,-700.6399376940433
t362,-0.0015812911960792638,-0.0027115501641100615,-0.003036599666110682,-345.07071399601114,-53.48139126070407,-2.1591117718404747e-5,-0.00023026083544072613,-0.0002339461473187116,-0.00574181434956699,-0.0025911834168564586,-0.00016467046421923573,-0.00017743732726774265,-0.00029276831883992934,-7.911342900745063e-5,-161.01272695956436,-116.39250626697192,-675.974200709684
t363,-0.0016138758850493375,-0.002753879272243325,-0.0033650470267314395,-342.483870090826,-54.194804666757086,-2.099983550768362e-5,-0.00013793412663732653,-0.00012407678989780811,-0.005170454284454865,-0.002042163549135276,-0.00011306813276667985,-0.00011558913182054947,-0.00011811239142399201,-6.153830754490318e-5,-158.1344337973018,-117.29182718925615,-672.1205724828742
t364,-0.0016934921536238396,-0.002827130577042914,-0.0034367709983788805,-340.71711106805225,-55.82795309652464,-2.1228362152522337e-5,-0.00015012613911906034,-0.00014567565803287307,-0.005196399543713895,-0.001971678025090417,-0.00012419069044171955,-0.00012206695363700684,-0.0001282522198018536,-6.052111676561512e-5,-162.41398559685987,-121.19222460251763,-680.1671518963922
t365,-0.001724350916870302,-0.0028606594275287236,-0.003381798033009096,-339.02974569658556,-57.57605940330505,-2.1881151827948423e-5,-0.00014233108094928294,-0.0001325594455616188,-0.005024003007621575,-0.0018333919502060213,-0.00010359053310455226,-0.00011742550177886543,-0.00015851677791020257,-5.600307594889163e-5,-174.7659803225404,-133.88146582084104,-705.2688077541744
t366,-0.001724715952974321,-0.0029501516567469284,-0.0036033526107800834,-337.69759986608466,-58.44131902534449,-2.207887577280469e-5,-0.0002628163065153898,-0.00027126777422471917,-0.006200240820312715,-0.0024660075235308247,-0.00016369263250236781,-0.0001754884386285688,-0.00030906486487613166,-7.228037674675981e-5,-210.28631462074065,-157.9851506019813,-764.4286052719847
t367,-0.001563745627991023,-0.002990245392781021,-0.0035066713973899953,-296.79804916258826,-55.901858603771394,-2.3371115807914213e-5,-0.0002882889978838908,-0.0002708324296088217,-0.0067054456729736655,-0.0026344580989957206,-0.00013324854204161722,-0.00016920675262903286,-0.0003921926606509358,-5.1621066096105876e-5,-334.38576016705247,-261.72536766793024,-948.8297649290971
t368,-0.0015651479875658418,-0.0031318959308266007,-0.003928452738710105,650.54415161638,0.000661344691208633,-2.5831628124913526e-5,-0.0005494842099331061,-0.000611378681950597,-0.011138287507061981,-0.0034527424154428945,-0.0003016434867466318,-0.0003164245212250816,-0.0007697810414177634,-9.212182434386373e-5,922.0713625982613,0.00498202186865807,1572.5952743892276
t369,-0.0015461760131079906,-0.003230134982690037,-0.00371769431043383,356.9466851561187,0.001039153219927628,-3.147432147203088e-5,-0.0005414868064168076,-0.0006042404459364612,-0.0033236833953097043,-0.002313000379611166,-0.0003182619026772088,-0.00031520407392482934,-0.0007377435980009839,-9.537102947923178e-5,730.6921666222202,-0.00032884583900801386,1087.6227876144608
t370,-0.0014792246048374285,-0.003191460533859222,-0.0035555424650159295,-304.6236500341129,-56.183181926608945,-3.293011593908151e-5,-0.0001979440738907292,-0.0001765940788374268,0.002928704954032418,0.0006074049306113902,-0.0001427114320655954,-0.00015002795350461937,-0.00016940156565215786,-7.574694053384864e-5,-365.7467499687371,-0.0033473305737001737,-726.5625647339123
t371,-0.0015204361876283196,-0.0033248892827422278,-0.003390113010142129,-325.05705453423695,-64.09727982915888,-3.8189766263249314e-5,-0.0002382786151596072,-0.00020481058777143665,0.0034083558176091332,0.0006874491880729428,-0.0001819814029728438,-0.0002039675708789203,-0.00021584429878969568,-0.00010026560908481002,-231.75863627056097,0.0026017911168601227,-620.9156918141657
t372,-0.0016056539393502942,-0.003250936483099776,-0.0036563303113524804,-317.34215733264404,-61.573578966555104,-4.70266000791481e-5,7.365030147550805e-5,1.3519070543871272e-5,0.0018145887897062132,0.0007155267905203876,-2.3890741514298155e-5,2.1181205090285466e-5,0.00016169449365562204,-1.1024698196421009e-5,-195.3545866073532,0.004640997086579757,-574.2714766115884
t373,-0.0016064381846005032,-0.0034205853225187603,-0.004130223616043461,-319.16953614653823,-60.926139220162,-5.8970033996214e-5,-0.00026924630158497455,-0.00023695810041525587,-0.0003836430281100303,-0.0005613398295155512,-0.00017362940888999813,-0.0001818110953962181,-0.0002388700367214837,-9.198090719076031e-5,-184.11985825866188,0.0014974977048055704,-564.2253898235222
t374,-0.001655993843430267,-0.0034176034130092054,-0.0038085517194638313,-313.64954634247675,-55.69180344754464,-8.570196605994025e-5,-0.0004739912390022812,-0.0004878732889101357,-0.002271423997276954,-0.0018327124417953258,-0.0002829569606881154,-0.00028823354119890583,-0.0005187398442434922,-0.00012318316079984522,-196.32473898132105,-0.0005042858607388621,-565.6818400226191
t375,-0.001611199046889826,-0.0035664795376496145,-0.004191430257573363,-318.05910982347274,-58.267371414054026,-0.00011832056842274077,-0.0008151814636055892,-0.0008689660078032901,-0.004746788515463403,-0.0033874869680430397,-0.0005732403125160358,-0.0005875451551112175,-0.0011395571556575023,-0.00022239455504781186,-225.4700610684331,-0.00279752562134955,-601.8211684211251
t376,-0.0006124751776646148,-0.003795166937266028,-0.005211176203848628,-330.81461813445145,-63.16997790548966,-0.00017098300802817227,-0.001390657027464292,-0.0014676943338122412,-0.00870376135321406,-0.0055813718521142835,-0.000980926530631497,-0.0010273171920144543,-0.002014957035873237,-0.0003745103855093936,-261.14736718223674,-0.006158317700182331,-655.1694525369155
t377,-0.0002548206972403216,-0.0039775797624951115,-0.0047786885514793445,-162.58096462116916,-53.00442718231088,-0.00023616139527564753,-0.002609136271562734,-0.002885290339894913,-0.018140496235879468,-0.012458936452864682,-0.0015815753082794193,-0.0015775096976846361,-0.0034028587805313005,-0.0005568826852549892,-292.81104545258535,-0.01758446739811995,-508.46648165964194
t378,0.003433161329346438,0.0007332859430007468,0.000552146850536303,1489.9926291523504,1713.749004454854,0.0002477677876958953,0.000322512520578311,0.0003588053991993244,479.18803887073665,0.018348962883426037,0.0001702463640861255,0.0001693710129341506,7.18741702685184e-5,4.2889383335326124e-5,72.7836102623313,1267.6806984548023,5023.418432218719
t379,0.003801342950239649,0.0007659772608442126,0.0005517427072615987,1489.997396469017,521.4713573349093,0.0005010780943887359,0.0069762152705167895,0.007501690550777452,241.18197562149686,0.021953397104056475,0.004417513684048129,0.004567474297744997,0.010209762292252246,0.001701359557210458,1579.9323653528663,353.86057677200563,4186.506619104064
t380,0.0035298452402676875,0.000751130545356313,0.000577241284037243,1489.9973661389035,276.43809822520336,0.00015539097553069584,0.00010660183540160215,0.00010828643994344306,5.9971035721392045,0.001245376551732006,4.348829948974815e-5,4.214458120295198e-5,-2.311496911840761e-5,-1.4433546638032759e-5,0.0009041995900392762,252.97789540411748,2025.4178894971906
t381,3.257096554178395e-5,4.466105507132106e-5,3.684984704329315e-5,1489.9990657691196,0.00049589835200728,-9.935341354202824e-5,-0.0016558607788089807,-0.0019113841252323537,-432.9464164123539,-0.008865866727734793,-0.0010164470724823122,-0.0011090741099713168,-0.0032839597240782036,-0.0004079374763111888,0.0005259814815637107,0.0005498231310661109,1057.0359852581698
t382,-0.00011939086391669936,-0.0004958749852696745,-0.00037799002920602695,-0.031622937076415975,-0.029442125326658127,-0.00013422599815535516,-0.0027579084240421776,-0.0029431743993194883,-425.22435885512186,-0.024592475219484492,-0.0016115420969235565,-0.0016717592559101374,-0.0038232131201256635,-0.0004933579352993622,-0.06673319496614338,-2214.664766968867,-2640.055944993686
t383,-0.0012440129497532017,-0.000824048814848192,-0.0006967393754761908,-273.2481861526941,-49.37716714646314,-9.600208812771485e-5,-0.001049123996122592,-0.001128605875364862,-0.006281741216712789,-0.006789177039861508,-0.0005909486133083041,-0.0006117933879098282,-0.0013297111129546195,-0.0001912894586377608,-107.93253079697341,-0.00917067318247369,-430.5878879632422
t384,-0.0016068131589087157,-0.0038683928649165572,-0.005564161731144491,-269.2079373582082,-45.541346756343955,-6.594277673470222e-5,-0.0003718094664384808,-0.0003906103414569669,-0.0012948157066396291,-0.0018177482747056674,-0.00022033423340116182,-0.00022450895406538269,-0.0004684678982431502,-8.400186123448544e-5,-58.01810080353742,-0.0054158373954159905,-372.7887783627529
