Costs,Total,Zone1,Zone2,Zone3,Zone4,Zone5,Zone6,Zone7,Zone8,Zone9,Zone10,Zone11,Zone12,Zone13,Zone14,Zone15,Zone16,Zone17,Zone18,Zone19,Zone20,Zone21,Zone22,Zone23,Zone24,Zone25,Zone26
cTotal,2.6877510825000055e13,7.718670100002078e11,7.077951150002067e11,1.0955112750002043e12,1.526954630000212e12,9.295622400002186e11,1.218950970000207e12,6.30154680000214e11,1.1183865250002104e12,1.4707059400002202e12,1.3044421500002114e12,4.8986441500006635e11,4.2950512500022754e11,7.132963300002073e11,6.714704850002173e11,1.8079820700000806e12,1.9071531600002078e12,6.476778000002078e11,5.09354090000083e11,3.3770059500007446e11,8.139362950002104e11,1.3167369500002087e12,1.3225609950002085e12,1.5162880900002102e12,9.164693200002068e11,2.579802175000212e12,1.2338239500022585e11
cFix,0.0,0.0,0.0,0.0,0.0,0.0,0.0,0.0,0.0,0.0,0.0,0.0,0.0,0.0,0.0,0.0,0.0,0.0,0.0,0.0,0.0,0.0,0.0,0.0,0.0,0.0,0.0
cVar,0.0,0.0,0.0,0.0,0.0,0.0,0.0,0.0,0.0,0.0,0.0,0.0,0.0,0.0,0.0,0.0,0.0,0.0,0.0,0.0,0.0,0.0,0.0,0.0,0.0,0.0,0.0
cNSE,2.6877510825000055e13,7.718670100002078e11,7.077951150002067e11,1.0955112750002043e12,1.526954630000212e12,9.295622400002186e11,1.218950970000207e12,6.30154680000214e11,1.1183865250002104e12,1.4707059400002202e12,1.3044421500002114e12,4.8986441500006635e11,4.2950512500022754e11,7.132963300002073e11,6.714704850002173e11,1.8079820700000806e12,1.9071531600002078e12,6.476778000002078e11,5.09354090000083e11,3.3770059500007446e11,8.139362950002104e11,1.3167369500002087e12,1.3225609950002085e12,1.5162880900002102e12,9.164693200002068e11,2.579802175000212e12,1.2338239500022585e11
cStart,0.0,0.0,0.0,0.0,0.0,0.0,0.0,0.0,0.0,0.0,0.0,0.0,0.0,0.0,0.0,0.0,0.0,0.0,0.0,0.0,0.0,0.0,0.0,0.0,0.0,0.0,0.0
cUnmetRsv,0.0,-,-,-,-,-,-,-,-,-,-,-,-,-,-,-,-,-,-,-,-,-,-,-,-,-,-
cNetworkExp,0.0,-,-,-,-,-,-,-,-,-,-,-,-,-,-,-,-,-,-,-,-,-,-,-,-,-,-
cUnmetPolicyPenalty,0.0,-,-,-,-,-,-,-,-,-,-,-,-,-,-,-,-,-,-,-,-,-,-,-,-,-,-
