Resource,NENG_Rest_hydroelectric_pumped_storage_1,NY_Z_A_hydroelectric_pumped_storage_1,NY_Z_F_hydroelectric_pumped_storage_1,PJM_EMAC_hydroelectric_pumped_storage_1,PJM_Rest_hydroelectric_pumped_storage_1,NENG_Rest_battery_advanced_0,NY_Z_A_battery_advanced_0,NY_Z_B_battery_advanced_0,NY_Z_C&E_battery_advanced_0,NY_Z_D_battery_advanced_0,NY_Z_F_battery_advanced_0,NY_Z_G-I_battery_advanced_0,NY_Z_J_battery_advanced_0,NY_Z_K_battery_advanced_0,PJM_EMAC_battery_advanced_0,PJM_Rest_battery_advanced_0,Total
Zone,1,2,6,10,11,1,2,3,4,5,6,7,8,9,10,11,0
AnnualSum,-66751.596036636,-919.5822601477216,-1358.831259277463,-1.1127819732209003,-1.0892650352097966,-0.5471178591212179,-4539.632185078969,-2857.039080587371,-1874.9017219528107,-1.5566500589827348,-1479.7740784074294,-1.429124442807918,-31.95057140825393,-1.0186630878060494,-3744.4819087965616,-12835.498896297522,-96400.04160104723
t1,-0.0001566501057824368,-0.00015288929782666824,-0.00016157733310562703,-0.00015735040132942968,-0.0017796376207696789,-0.0001271873575187303,-0.0004607540467248877,-0.00045398824331145416,-0.0003924685099016897,-0.0003884859039372091,-0.0003922322553721391,-0.00038801833762575836,-0.000399334140661091,-0.0003371596106353977,-0.0005013831558576938,-0.0005013519387738388,-0.00675046825913373
t2,-0.0001538871737622087,-0.0001605445289668675,-0.0001555288292313716,-0.0001573905463236452,-0.0019580286920121903,-6.38183326921239e-5,-0.0005190335037230829,-0.0005094611622852382,-0.0005009693116080851,-0.00048795555202881154,-0.00050102431634825,-0.00047472638602239235,-0.0005050446575613748,-0.0003353636300021199,-0.000635286848904889,-5.1847501752689907e-5,-0.007169910973225341
t3,-0.00015565542920433707,-0.0001629865542140053,-0.0001539709851872699,-0.00015848364606855427,-0.002180117083175932,-2.9003302942378546e-5,-0.0005881715802414926,-0.0005770910703044329,-0.0006278545867315582,-0.0005934796409799961,-0.0006288864498373828,-0.0005751595462893305,-0.0006293451824759615,-0.0003504861859742193,-0.0007937807489578952,0.00019126277173516109,-0.008013209220849585
t4,-0.0001631471850148625,-0.0001653160724390049,-0.00015447733245583416,-0.00015925507584148,-0.0024934070042011026,-3.47267293604385e-5,-0.0007439498197752044,-0.0007320177065137269,-0.000783281014864482,-0.0007201384833903226,-0.0007858562486602845,-0.0006969348088213075,-0.0007854385232439874,-0.00039705732334300914,-0.0009893514189688102,9.510468279345069e-5,-0.009709250064100406
t5,-0.0001574593671247929,-0.00016291088039267518,-0.00014808190485694102,-0.0001577370181455398,-0.002929534533677884,-7.808705673530284e-5,-0.0009616393981103939,-0.0009485409785402034,-0.00098481548590478,-0.0008967009442909822,-0.0009877670036917193,-0.000867218151562901,-0.0009836007739345831,-0.0005146859924962615,-0.0012739635927618968,-0.00016040646134534445,-0.0122131495435722
t6,-0.00015557667300571685,-0.00016660108900566246,-0.00014841272855509503,-0.0001591636379811756,-0.0036593442730141366,-0.0001483721022838465,-0.0012750625193130658,-0.0012584209517324124,-0.0012560348644853993,-0.0011445397862453884,-0.001259729497483497,-0.0011134628593521458,-0.0012532859885581173,-0.0007069899430200627,-0.0016883444770721037,-0.0004406407537696008,-0.015833982144877426
t7,-0.00013582741519302125,-0.0001837739802862074,-0.0001678531491934148,-0.0001706387927532399,-0.004064293721575001,-0.00019953938441017802,-0.0017699823032372903,-0.0017579203712720806,-0.0016735404112227096,-0.0015238117604525734,-0.0016774793685525942,-0.001471106045118088,-0.001663041867447614,-0.000986510598909831,-0.002472067134021079,-0.0008424312484455821,-0.020759817552090505
t8,-0.00010652067588713711,-0.00015024910232188477,-0.00014518427393888777,-0.0001629498388277348,-0.0004190125079467098,-0.00022866646219327729,-0.0026585282995914426,-0.002643543846339636,-0.0023213663318191386,-0.002181100778392752,-0.002338942027408605,-0.00209024943805968,-0.002376635669712421,-0.001384944898831833,-0.0042928026929120715,-0.0003016657481847925,-0.023802362592368002
t9,-0.00019576594237041812,-0.0001234122537605531,-0.00011237031992800908,-0.00015320890775746842,-0.005026108026120588,-0.00022687148170642363,-0.00390976472827194,-0.003925760789913934,-0.00551280658158333,-0.0048564188849004476,-0.005503452715667583,-0.0044346628028249825,-0.0054230857536408045,-0.002132746992521752,-0.0003514273181353502,-0.0032124452643169043,-0.045100308763420485
t10,-0.00013440108047335213,-9.404381566823359e-7,-3.5308562806844583e-6,1.0694016103531814e-6,0.00028196001803989173,4.890138663686911e-5,-0.00013891603264756965,-0.00013837523883284943,-0.0001533972749088095,-0.00015492452952181604,-0.00015734067501090802,-0.00011954030096551607,-0.00012056423143010192,-0.00012608959978029123,-0.0001899755777456243,-0.00015579602329935722,-0.0012618610527664483
t11,-0.0001338161786281677,-3.274989762931265e-8,-2.3620806763630518e-7,8.239121823859397e-8,3.1123050324818803e-6,0.00012101756529264021,-2.121312438273085e-5,-2.3559407485015842e-5,-2.3931732730346086e-5,-2.27062539814488e-5,-2.550707826647835e-5,-1.2733554645923724e-5,-1.3747773252164616e-5,-1.4550040741174231e-5,-3.150145695156242e-5,-1.6894235567485736e-5,-0.0002162175330544033
t12,-0.0001289726825233884,3.907145114777762e-8,4.749299402494159e-7,1.103362203419121e-6,3.618662697691902e-6,9.63034595836364e-5,0.0035336978988802113,0.0035444105245017493,0.003543531194158388,0.0033136944690415867,0.003552126656787329,0.0029090258919182766,0.003007892218599799,0.0018620562983234423,0.0032583942229539578,0.004463672412244,0.0329610685907615
t13,-0.00014380798132725085,1.2179803740494633e-7,6.049086832926888e-7,1.1807700744515775e-6,3.6232134192526923e-6,5.982015615776179e-5,0.0013272246269977344,0.0013220477051261955,0.0013352311264831498,0.001266986403803818,0.001326900482220023,0.0011910495351971253,0.0011438515023471565,0.0009707404067904282,0.0013081018479884157,0.0018554129722144564,0.012969089474213416
t14,-0.00013947195249461742,2.2704597049569253e-7,5.038203347753046e-7,1.307761983370812e-6,3.486085082047353e-6,4.219029472765513e-5,0.0007387528694983481,0.0007332785454932744,0.0007405754168011925,0.0007039102449528045,0.0007435441199483002,0.0007226813204165226,0.0006670212653720322,0.0006165792745462961,0.0007821926716805293,0.001157977691463326,0.007514756475776353
t15,-0.00013933220302509485,-5.677971766126862e-7,8.043021299597643e-8,1.1382045879056622e-6,3.4433799769756576e-6,2.4963324769852648e-5,0.00048447452294446376,0.0004796608217492812,0.0004626867495026314,0.00044909201432513933,0.00047777643626501447,0.0004813296123648746,0.00041041960822991405,0.00039423663419397783,0.00047639100519668114,0.0008301025498961106,0.0048358952940141114
t16,-0.00014081030670368147,-1.5456510741772798e-9,2.243382339216259e-7,-7.670872730195647e-7,3.7432278213102394e-6,5.6061485826737646e-6,0.0002152320646842363,0.00021632063079838078,0.00020984836844037942,0.0002103803424440515,0.00021991406447809366,0.0002511574233279279,0.00018724925376983618,0.0002281109237288542,0.00026488068975199185,0.0005640857791457071,0.0024351743155795894
t17,-0.0001233702238002143,-1.9141712101393062e-5,-0.00014519164252577973,-0.00016311171110913866,0.0038539062784305354,-3.197485550407785e-5,8.813466646353424e-5,9.237421321796572e-5,8.758136925772733e-5,8.726936729869055e-5,9.249123656774611e-5,0.00010032194296291647,1.8693687765187116e-6,8.4700312358745e-5,7.805237817152458e-5,0.00039940368193822735,0.004483314670403528
t18,-4.83021177504985e-5,-6.550846243906513e-5,-5.712065834171967e-5,-5.174233063885673e-5,0.0024983694422607275,-8.983508752693817e-5,-7.234591545432268e-5,-6.865636642730523e-5,-7.239459212904877e-5,-7.329762596525658e-5,-6.748998773072821e-5,-6.0033423288370534e-5,-0.00017901392677525688,-6.395051513957292e-5,-8.150336222846617e-5,0.0002789505048199095,0.0017261255752452306
t19,-5.0831894391495586e-5,-6.450366902154388e-5,-6.014662918255597e-5,-5.3761528402849276e-5,0.002206110908209723,-0.00011656521909012235,-0.00023707137319466665,-0.00023313306742934887,-0.00023710777351599878,-0.00023134968007244844,-0.0002307931799146158,-0.00021806936760429047,-0.0003694607136842558,-0.000188081231938744,-0.0002497723543181911,0.0001570503988726142,-0.00017748637467878976
t20,-5.305415633151152e-5,-5.829088762804345e-5,-6.0715704504374994e-5,-5.5129343220900255e-5,0.0018102901400218745,-0.00013480010586429915,-0.0003743276550795676,-0.0003777468001821138,-0.0003820168667199146,-0.0003644714220805404,-0.00037632409358794944,-0.0003497266302223709,-0.0005774844366037395,-0.0002822732737645789,-0.0004318519784658058,3.853343050947842e-5,-0.0020293897837243575
t21,-4.9921085058863895e-5,-5.832617742772704e-5,-7.79394327038328e-5,-5.319415106159739e-5,0.0015305522536753497,-0.00015574730398278873,-0.0005623922367699699,-0.00056697531689769,-0.0005720396531993652,-0.0005450336684966224,-0.0005648748911676785,-0.0005235807321556482,-0.0008719120131003825,-0.00040224850310964684,-0.000637885663621262,-8.453329734683635e-5,-0.004196051872424562
t22,-3.5811850220123444e-5,-5.295485291216808e-5,-7.029213621345327e-5,-4.896377380296644e-5,-2.06011218647463e-6,-0.00018962117572614092,-0.000733145873477894,-0.0007409344309842791,-0.0007488385095235201,-0.0006725481259217863,-0.0007186473215569361,-0.0007494974434082315,-0.0013569156386265282,-0.0005521261235782954,-0.0008350439108002419,-4.106787136174608e-6,-0.007511508066075213
t23,-4.875865188412528e-5,-6.142010291494017e-5,-5.38535248500029e-5,-5.4140675670360875e-5,0.0010732680763429058,-0.00016188810523290286,-0.0011787229249090618,-0.0011857372969503238,-0.0012001482836884042,-0.001119462504900511,-0.0011817128385586525,-0.0010486253429624985,-0.002592263596721472,-0.0007363147249766212,-0.0012827085873340011,-0.00032351857567265057,-0.011156007660883623
t24,-4.851386278312151e-5,-6.424038599093764e-5,-5.511566155665623e-5,-5.624715377108529e-5,0.0013197003455915923,-0.00015197121600868084,-0.0018406695589754968,-0.0018614656037094345,-0.0018904600282622635,-0.0016802592577243483,-0.0018503729995971846,-0.0014891075224410855,-9.812475424558724e-5,-0.0008935232989515352,-0.0020576174517687082,-0.0003631378668300166,-0.013081126277024551
t25,-0.00010223371275042148,-0.00015758458754037142,-0.00014378153996038508,-0.0001566097393018765,0.0011912017071599407,-9.23160147225513e-5,-0.0007897302756998562,-0.0007905068639648964,-0.0007594457538292276,-0.0007436067833558606,-0.0007812081620701253,-0.0006963493576079204,-0.0004463225126354958,-0.0005223050215476911,-0.0006512080168473095,-0.0004907400371133757,-0.006132746671787423
t26,-0.00013036705446882593,-0.00016804580394918952,-0.00014052266046026235,-0.00017767407447602266,0.0007491820933958478,-0.00014549416181438302,-0.0005336428103881671,-0.0005194098298060662,-0.0005092138691852313,-0.000503938923943528,-0.0005379721464229763,-0.000498119053525953,-0.00020190916642096493,-0.0003907410663852406,-0.000554568700107901,-0.000691597710623735,-0.004954034938582599
t27,-0.00012919881328110033,-0.00017580717092853407,-0.00014113399957950404,-0.00016798713549147213,0.0008088376741821285,-0.00014105908622901557,-0.0004017558377743791,-0.00039033526812469937,-0.00038295967300365166,-0.0003828478909053092,-0.0004182577878475822,-0.0003983011009126001,-0.00012964728577654838,-0.00031978548625733523,-0.0003948600209918661,-0.0007624174447794062,-0.003927516327700876
t28,-0.00012963749450445355,-0.0002022300472526157,-0.00014474075926112248,-0.0001692559713598121,0.000826859638391037,-0.00012172541178488354,-0.00031069989332367106,-0.000309927234243339,-0.00031661110789276705,-0.0003138209994170329,-0.0003420764397116514,-0.0003192220737988972,-7.265448689928548e-5,-0.00027422986869793067,0.0001312057270796298,-0.0009582701858447129,-0.0030270366085215087
t29,-0.00011458038196489479,-0.00018719745026065442,-0.00013651215089981736,-0.00018609304376920435,0.000555345095187535,-5.710967115496482e-5,-0.00026855889321010306,-0.00026308315349613773,-0.0002448293586703208,-0.0002506220565319977,-0.000267509876980938,-0.0002584057878226899,-7.098503889035295e-5,-0.00023097731580467163,5.996155994898359e-5,-0.0012349145862960535,-0.003156072110616283
t30,-0.00015309195781455537,-0.00019640533876614377,-0.00013795323662744551,-0.0002045558105624064,0.00047660777893063363,-2.4238865635503908e-5,-0.0003330901018919129,-0.0003263172335217152,-0.0003059537233084105,-0.0003119176855437723,-0.00032493450280035737,-0.0003158427394636154,-0.00014359618087609973,-0.00029205335607520753,-0.0002591098898990832,-0.0016496355813605198,-0.004502088425216115
t31,-0.0001350089180525869,-0.00021785406019244415,-0.0001450994231280778,-0.0001856579257970631,0.0004787153124740684,-6.90267834179934e-5,-0.0005602716689856059,-0.0005608389075841816,-0.000556758842918855,-0.0005586292820428522,-0.0005820847899276754,-0.0005621362307842077,-0.00034711869988349187,-0.0005208733315937472,-0.0007046960607435139,-0.0020245779005769256,-0.007251917513155154
t32,-0.00010478070360885705,-0.00020813888681591496,-0.00015200524158967235,-0.00019597134487504754,0.0004548366235255417,-0.0001838829017653557,-0.0010261176076269791,-0.001018615999604198,-0.0010258487492280852,-0.0010100591298357095,-0.0009806447157693805,-0.0009448802171768329,-0.0006815071662327304,-0.0008532936919297299,-0.0012075982082204594,-0.004611740405314279,-0.01375024834606769
t33,-9.85423957388017e-5,-0.0001447402373758411,-0.0001233216322699644,-1.4488243135958712e-5,0.00036424842878410616,-0.00010696884124797995,-0.00040354425702858004,-0.00040294363516991125,-0.0004021559504464941,-0.00040407176333803356,-0.0004129293545436066,-0.0004052120151657924,-0.0003783861880965591,-0.00039312679052656596,-0.00031096523135220526,-0.00037504516102896654,-0.004012193267681154
t34,-9.860049786240225e-5,2.9324518633207134e-7,-5.822007405639721e-7,3.5826313046852135e-8,2.89312834481261e-6,2.3851082016948387e-5,-2.1916044639541397e-5,-1.985920848270202e-5,-2.1039598009710073e-5,-1.9612297871429187e-5,-2.120083650244706e-5,-2.2603322934948507e-5,-2.2333705820854503e-5,-1.133837680703038e-5,-1.2154199807186624e-5,-2.677806158442916e-6,-0.00024684481377611894
t35,-1.6351337107172634e-5,-1.3468863018480743e-7,-6.872433789492688e-7,-1.7911581972559905e-7,-6.033012537173097e-7,7.770035245939644e-5,0.0036543966782602117,0.0036590899849097114,0.0036711023753970996,0.0033738479400730525,0.0036646202331535333,0.0032167948648477575,0.0036552310424742985,0.0019838115529050757,0.0033366959787283217,0.00406246554754094,0.03433780086455965
t36,-2.2123176537711944e-5,-3.3606032148043614e-7,-6.086995435566452e-7,-2.2243891127536797e-7,-5.67455370839601e-7,8.229679264722861e-5,0.001450292594680499,0.0014390777166231987,0.0014318904349632313,0.0013575037169490463,0.0014347902103960843,0.001330905882815758,0.0014345590553794597,0.0010045779226924055,0.0014678252928418244,0.0018481781492859445,0.014258039938589817
t37,-1.984875935876563e-5,-2.737029705704533e-7,-3.4570481201411725e-7,-1.475616232142994e-7,-4.3602587498872317e-7,4.5323880361323534e-5,0.000846334866465283,0.000835012776596871,0.0008323886407521367,0.0007931155015406659,0.0008335142398760867,0.0007891660987337761,0.000836590116929699,0.000629964044817858,0.0008643534978963456,0.00114469818551341,0.008429410094843902
t38,-1.7861480863804833e-5,-2.7104215783349203e-7,-3.9807374062966246e-7,-1.7108581507534307e-7,-5.253077693687627e-7,3.20875827232991e-5,0.0005437982984458043,0.0005357359250879294,0.0005343070636589228,0.0005092996533008684,0.0005344540843672174,0.0005074539872068688,0.0005340635852241659,0.000405795202329597,0.0005503725007096555,0.0007947292436528793,0.005462870136360496
t39,-1.7057153647137476e-5,-3.011987859611115e-7,-6.873682725717809e-7,-1.7470769343358656e-7,-6.526836532976069e-7,2.3518497221669993e-5,0.00032497284808374606,0.0003190980239042406,0.00030316267772765703,0.0002887136866820125,0.00030315335129523706,0.00028955374559806653,0.00030171360851645256,0.0002370694807401958,0.0003317470733348335,0.0005637113913470065,0.003267541272398717
t40,-1.493565203106229e-5,-2.9146948881391237e-7,-5.162251502787277e-7,-4.109859777243844e-6,-6.797979528273342e-7,1.8873037407985662e-5,0.0001427321399069668,0.00013916969663460614,0.00013148544667053455,0.00012496608423578822,0.0001333867566715221,0.00012393837291343289,0.00012955415163789396,0.00012358915804603108,0.00016159233391209682,0.000368244171069454,0.0015769983447060862
t41,-0.0001323190983822629,-4.894735349815816e-6,-0.00013811079580018217,-0.00020775112435117,-2.8492094875914505e-6,-9.511907916335757e-5,2.1322458593769835e-5,2.1672826620741995e-5,2.320336678419981e-5,2.240021718099107e-5,2.273818633728284e-5,1.6778447345232046e-5,1.8533115563203714e-5,1.1470815428950217e-5,1.2270323568525546e-5,0.00023122216033798925,-0.00017943212477349358
t42,-0.00011127359469471126,-0.00020069691824407116,-0.0001568764791927659,-0.00018276983408025167,2.4517143667718797e-5,-7.899943939108314e-5,-0.00013960697704867137,-0.00013922516056643928,-0.00012359072149197652,-0.0001232264046915592,-0.00012400224373584556,-0.00013106243813463316,-0.00012897507004802628,-0.0001181778280745007,-0.00014490634841832515,0.00011097892633967702,-0.0017678933878054644
t43,-0.00011823363120390732,-0.00019029954966549574,-0.00016285168242767838,-0.0001879739488776446,1.3239953502986289e-5,-0.00012142954312579205,-0.00026478466230838674,-0.0002627798812472126,-0.00025725609556739637,-0.00025010267993555186,-0.0002579234207723652,-0.00026198777984699084,-0.0002644398917357528,-0.00023092023312268743,-0.000278829370947818,3.68526020302714e-5,-0.003059719815251422
t44,-0.00011818153291761802,-0.00019867833898041615,-0.0001600792587238115,-0.00018926336410848943,-1.4025782694283286e-5,-0.00015393556522108037,-0.0004241294675507031,-0.00041860314236697506,-0.0004083484914982069,-0.000390722573135042,-0.00040874148334994206,-0.00040716033371553703,-0.00041713069943546694,-0.0003488851030889726,-0.0004478757976089779,-0.00011528225434633333,-0.0046210431887418555
t45,-0.00012069492532232439,-0.0001949010504188712,-0.00015665045624377978,-0.0001880374062639182,-2.1091284472122384e-5,-0.00015683081071641636,-0.0006057423636409349,-0.0005996907595533497,-0.0005733891581549461,-0.0005498582006567869,-0.0005745956440561535,-0.0005610766649567767,-0.0005853423484866099,-0.0004667502604976815,-0.0006462994905608963,-0.00022673886924732287,-0.00622768969324889
t46,-0.00012336557298202306,-0.00019543741526118426,-0.00015903581627771848,-0.0001889256910607844,-3.2210922130163506e-5,-0.00017897497226523714,-0.0008353838479527982,-0.0008283782303203426,-0.0007926254458060339,-0.0007576853764667959,-0.0007933320921758376,-0.0007639067172297903,-0.0008082733249900059,-0.0006119581368907294,-0.0009049201954908441,-0.00032911153670947297,-0.008303525294009762
t47,-0.00012419647021411073,-0.0001962534944682866,-0.00015909285216916927,-0.0001908895847781173,-4.352472770749603e-5,-0.00020447785377786365,-0.001156256991183682,-0.0011481047485486387,-0.0011079619676473366,-0.0010490927098661018,-0.001110264609206473,-0.0010505356552591109,-0.001132102285330551,-0.0007969856785866629,-0.00129578650847366,-0.0004333872290967026,-0.011198913366313963
t48,-0.00013029346461067724,-0.00020189229672101788,-0.00016173014736879556,-0.000193541414537632,-6.699266942809039e-5,-0.00023267890323780855,-0.001721053946642747,-0.001713683860549446,-0.0016777978745019238,-0.001530134966328798,-0.0016831242985357602,-0.0015286611004700907,-0.0017227814458008579,-0.0010599131374821793,-0.0020902207474308137,-0.0005203410182265705,-0.01623484129187321
t49,-0.00013702097790644998,-0.00018449190066830427,-0.0001410450219723779,-0.00022238799654640025,-6.891613579484754e-5,-0.000238587086975078,-0.002814069992269157,-0.0027976929700174675,-0.002973878912803776,-0.002681773511981918,-0.002984179628672393,-0.002652819630673892,-0.0030635487712039667,-0.0014735367061754732,-0.0027086431454380706,-0.0005588041743976771,-0.02570139656349725
t50,-0.00016797852839708742,-0.00015427978566881414,-0.0001416583605925202,-8.723960502919329e-5,-8.048268747499236e-5,-3.330518718376405e-5,0.00013176258738842355,0.00013458191908251,0.00012058025910921211,0.00011708727743319585,0.0001221838525341241,0.00011124171731628444,0.00011628385750590466,7.575962150778835e-5,6.333671951837198e-5,-0.0005724045297991496,-0.000244530872749706
t51,-0.0001581801891740168,-0.0001275883924374388,-0.00014816259870157375,-6.956686627727721e-5,-9.166827701911894e-5,4.345644844711521e-5,0.0004663799941872373,0.0004647217057474959,0.0004459487009333857,0.00042605179992450564,0.00044998799322179664,0.0004574984140416141,0.0004864100112108246,0.00032209534348944706,0.00031327954397844835,-0.0005754228607179624,0.0027052407708544825
t52,-0.0001707527784049045,-0.0001285017535130035,-0.00015842267307488282,-1.26472044143107e-5,-0.00010510206348037719,1.1039783463883502e-5,0.000386755839005466,0.00038520203864364055,0.0003685631721488024,0.00034718517370717545,0.00037468712735529597,0.0004177925281381575,0.0004621418708880743,0.00025855896827411094,0.0003179155188893772,-0.0006298538525351953,0.0021245616950913097
t53,-0.00017954715850181726,-0.0001259968420854087,-0.00015522498705283988,-1.378958656801913e-5,-0.00012011952472938316,-6.654918078051388e-5,3.634406696665989e-5,4.112270836422736e-5,3.60129030330316e-5,3.202267870545411e-5,3.831594230010402e-5,5.3509624789324985e-5,6.203512027920632e-5,1.12027788601499e-5,0.00012892693497795876,-0.0007458739197751103,-0.0009676084412169754
t54,-0.00017246673483918494,-0.0001326446317379599,-0.0001564544389924919,-8.238720180704886e-5,-0.00014198894796424018,-0.0001670843932467778,-0.00028547728048798025,-0.0002738407105202915,-0.00026475495671414564,-0.0002594539134184701,-0.00026327395051235037,-0.0002631806079716307,-0.00027028794215396007,-0.0002512339741214153,-0.00030948101745695164,-0.0009068992146454354,-0.004200909916590335
t55,-0.00017302399242933545,-0.00015260575106731066,-0.0001664445978740911,-8.835739660910807e-5,-0.00016193099324084907,-0.00027544555238897736,-0.0007910570527379008,-0.0007849425437982278,-0.000766166029457228,-0.0007608812078926908,-0.0007633644989776294,-0.0007707839397980815,-0.0007886236889655207,-0.0006904325154093359,-0.001218811337668078,-0.001137619254153191,-0.009490490352467556
t56,-0.00018931596670855748,-0.00015270980781215745,-0.00015656420373359116,-0.00010036869264618245,-0.00018307925768110267,-0.0003472742589846543,-0.0020231703060233,-0.002023575456937165,-0.001966811241549061,-0.0019112376167771587,-0.0019663985682202008,-0.0018292739064490811,-0.0019252674635070743,-0.0013409967896848576,-0.0004975271991443175,-0.0015315942028681603,-0.018145164938726623
t57,-0.00019291580330434702,-0.00010361375371069344,-0.00015677041798566586,-7.287048655382234e-6,-0.00018537964266510362,-0.00043926815642049606,-0.0005951739646423617,-0.0005934439459766025,-0.0005900981188413562,-0.0005942023914086841,-0.0005852662591549694,-0.0005870469280694089,-0.0005859045532283562,-0.0005803896643849784,-0.0004947785995269001,-0.004822948927092115,-0.011114488175067421
t58,-1.1859394660318154e-6,3.237566634429649e-7,-6.823464353301151e-7,-4.859598270955605e-7,-1.071693517632011e-6,2.535898247485777e-5,-2.439022111885736e-5,-2.2077069574178415e-5,-2.3150625650822803e-5,-2.2623990432879757e-5,-2.3129875264707264e-5,-2.4890727555573683e-5,-2.5013854195205467e-5,-2.3322100671453586e-5,-2.0515255464321486e-5,-2.6988219394115515e-5,-0.0002138451394299041
t59,-1.3057330018747714e-6,-6.085146470124559e-8,-8.829425659905753e-7,-6.162120532469115e-7,-8.690706169901495e-7,0.0004737030983149177,0.004629258410098827,0.004604034281610428,0.004224875604063234,0.003819747122482743,0.004113904859853779,0.003575504785643636,0.004227003336434219,0.0019121095889449435,0.00454703403323488,0.004515108699385856,0.04063854901036466
t60,-8.06907618097225e-7,-2.7635840158924264e-7,-1.0410496182521952e-6,-7.031638086565202e-7,-1.2973913709139546e-6,0.00029275676690842525,0.0018905784580147268,0.0018879613643475262,0.0020581651393168266,0.0018727278090288448,0.0019929178504254743,0.0017771917337362734,0.0019368835110165274,0.0011655881092801357,0.0019021197799679803,0.001868112416090878,0.01864087806731611
t61,-1.0607314374825802e-6,-2.093980289044202e-7,-6.304980776403597e-7,-5.96536281244839e-7,-1.1395615296570519e-6,0.000175900343837137,0.0012069540516758523,0.0012085193302416855,0.0013072684175613669,0.0012072288513351789,0.0012550923162256162,0.0011473981355412787,0.0012234682241722757,0.0007655221554360306,0.0011835004721489327,0.0012567043131746134,0.011933919885995039
t62,-9.369244571453254e-7,-2.726417643238327e-7,-6.261456244980938e-7,-6.139468177119298e-7,-1.1992962224292123e-6,0.00011204332397492531,0.0008703337516077201,0.0008683937817814808,0.0008978785252523862,0.0008311512612395772,0.000852838239535132,0.0007951076298285952,0.0008346702939416713,0.0005303889498437298,0.0008491613487272689,0.0009020752446400501,0.008340393395486428
t63,-1.1354037257758822e-6,-3.5181780445646887e-7,-8.62039104732468e-7,-6.165115957395845e-7,-1.3349983203960963e-6,5.889629243926713e-5,0.0006470773873844399,0.0006426792908738277,0.0006538589235892746,0.0006025936645372885,0.0006048598550144733,0.0005704774911456062,0.0005923060937700249,0.00037574068396957217,0.0006294691354554928,0.000668569217180011,0.006042227264808178
t64,-0.00018544550294858633,-3.1518236985365247e-7,-9.861785855756215e-7,-3.7344624582239407e-7,-1.4742570792595394e-6,1.175208486461854e-5,0.00046193263214568743,0.00046079984552670715,0.00045423505834738697,0.0004174816208282163,0.0004181770279790918,0.0003981104558501864,0.00041087767340153286,0.00025683401194766123,0.0004465017547258279,0.0004932645371222811,0.0040413721355101
t65,-0.00017219415732526054,7.859114522672262e-8,-1.1765564399663352e-6,-7.092711221339761e-6,-2.21547072478021e-6,2.686744822820707e-5,0.00033194026326158167,0.0003252016202953422,0.00032660050486076726,0.0002987511216408695,0.00029024144619935573,0.00027921463296049783,0.0002841361191325716,0.0002049552378591365,0.00034338845142514436,0.00034855515298847195,0.002877251694285826
t66,-0.00018904942175371737,-0.000145989293072371,-0.00017696058355040484,-0.00011699044535146305,-0.0003465435778440335,-9.218223407987069e-5,0.00020519829990801332,0.0002043266343752563,0.0002180718817609644,0.00019548264588625737,0.00017969130834075814,0.0001706221992603816,0.0001734709842190314,9.187258528702187e-5,0.00023760278647762207,0.00022612198323534752,0.0008347457530987935
t67,-0.00018813457860885932,-0.00014541036900972282,-0.00016817321111546658,-0.0001260280180683,-0.0003894821002349419,-0.00011592105416376075,0.00010113072802104226,0.0001023084269059654,0.0001157980065877518,0.00010205613714583892,7.62207603701548e-5,7.092542185607463e-5,6.839603399994172e-5,2.0897769629624513e-6,0.00011768260731603357,0.00012551772243360603,-0.00025102370960167984
t68,-0.00017513843943056496,-0.0001454831701713614,-0.00016063481183082768,-0.00013180204664440268,-0.0004026245136014612,-0.0001309916332346963,6.17521313957072e-7,2.5239001215531036e-6,2.017574244306337e-5,7.499161834338949e-6,-8.567608428381654e-6,-2.4727477725622518e-5,-4.11773929623033e-5,-7.990496705789627e-5,4.2242900693196065e-6,2.3843139219503386e-5,-0.0012421683060857822
t69,-0.00018110130061564536,-0.00014096330331996065,-0.0001614586003957861,-0.00012318318880762024,-0.00041749808736660015,-0.00013022716780966112,-8.390965306854553e-5,-8.049262345930397e-5,-6.749615720787208e-5,-7.431314856162098e-5,-0.00011814837633589338,-0.00010061063612178944,-0.00011522647826344989,-0.0001366113770442118,-7.652677330462413e-5,-7.466101629717277e-5,-0.0020824278879797574
t70,-0.0001782240464398951,-0.00014182034133984397,-0.00016308046092206854,-0.00012503919534290314,-0.00041986156820170595,-0.0001367414882479394,-0.00017666434458979866,-0.00017129160527091925,-0.00015745963565453951,-0.00015877646616857877,-0.00020091601053543324,-0.00018217164289636135,-0.00019847872937972646,-0.00019717003169885514,-0.00017136391327237098,-0.00017143261499290578,-0.002950492094953845
t71,-0.00017635214443991547,-0.00014310780550778565,-0.00016722217620071875,-0.0001265764150780361,-0.00043327542679378066,-0.00014349165385704607,-0.0002701140268524995,-0.0002631168429572203,-0.0002539284836232424,-0.00025204729463959997,-0.0002903661888115545,-0.0002686794251038677,-0.00028734421509641077,-0.00025536586230480126,-0.0002687563082506345,-0.00026930032570360204,-0.0038690445952207155
t72,-0.00017704690410658974,-0.00014498315531459658,-0.00016950868075215838,-0.00012800630916190377,-0.00044922350472530935,-0.00015281036098825944,-0.0003722208382185309,-0.00036455442637586675,-0.00036251103616533216,-0.00035728648489477283,-0.00039210025243865504,-0.0003653977761206988,-0.0003861912571530467,-0.0003121122320527322,-0.00037165061000658936,-0.0003724492345746607,-0.004878053063049703
t73,-0.0001747501311211129,-0.00014252289465588308,-0.00016392329353219433,-0.00012624491744079482,-0.0004635916180460715,-0.00015351379482294878,-0.00048107315676570187,-0.00047288780664759585,-0.00047487868293573355,-0.0004648484290818706,-0.000494791643391236,-0.0004616512086598377,-0.0004881208458308571,-0.0003596253440294841,-0.0004805652555722422,-0.00048502063349378305,-0.005888009656027347
t74,-0.0001774195427932384,-0.0001441696385693004,-0.00016524818937942775,-0.00012925284239548112,-0.0004845068930417877,-0.00016779522001673767,-0.0006097099616966758,-0.0005990039725373682,-0.0006025236026701386,-0.0005767154120796434,-0.0006125164844910633,-0.0005741215050062178,-0.0006068864310104464,-0.00042369359119932647,-0.0006115694245399993,-0.0006155721917478523,-0.007100704903174704
t75,-0.00018075515053463535,-0.0001487987538288156,-0.00016899020457873285,-0.00013175431279553263,-0.0005079599333399637,-0.00018705354677147186,-0.0007678941800672795,-0.0007564640175425231,-0.0007604628624540288,-0.000718982348664917,-0.0007591536160793135,-0.0007115358630417777,-0.0007532050033175226,-0.0005063059289339029,-0.0007654996510023425,-0.0007700490759778106,-0.00859486444893057
t76,-0.00018564880473678937,-0.00015150619705047447,-0.0001713581081542579,-0.00013365102686193627,-0.0005332938735736328,-0.0002036183353041134,-0.0009595663631257579,-0.0009469659246399085,-0.0009481626678135591,-0.0008900006304169719,-0.0009321575799362883,-0.000873868074638141,-0.0009287323771304316,-0.0006068131944491562,-0.0009562814208394344,-0.0009623089531339334,-0.010383933531804787
t77,-0.0001929512098578263,-0.00015126787809904472,-0.00016839804652806422,-0.00013279024362122498,-0.0005581565286043047,-0.00018112028520075602,-0.0012242394187685429,-0.0012110688531088317,-0.0012086568274694285,-0.0011324929226614968,-0.001174093259343192,-0.0010981996964114515,-0.0011748427554399414,-0.0007518103478167554,-0.0012136351434382674,-0.001222755374652121,-0.012796478791021249
t78,-0.00019876087860196316,-0.00015734343422629075,-0.00017112478108910112,-0.0001316601229008121,-0.0005841830042232163,-0.00010711364608673448,-0.0016129067801128947,-0.001602621446448202,-0.001597964704590101,-0.0014921687279659192,-0.0015338472902461924,-0.0014262493787862264,-0.0015319189098177144,-0.00095766270346472,-0.0015980180025486452,-0.001610221421435348,-0.016313765232544082
t79,-0.00018998903885432275,-0.00013585810214341004,-0.00019633450059429529,-0.00010209266903848127,-0.0007325691628072212,-0.00029229922913046914,-0.0023555412962456934,-0.0023576450993135194,-0.002356339761441048,-0.0021887273411313564,-0.002216583992918954,-0.0020357289186263704,-0.0022096477000428435,-0.0012948913583703914,-0.0023735646876136877,-0.0023901997619653077,-0.023428012620237373
t80,-0.00020115131344038056,-0.00016883224137108455,-0.00015500024768258817,-0.00012890311462690753,-0.0006889692835853103,-0.00017038273728858339,-0.0051712754247375614,-0.005173097494532618,-0.005189721725488642,-0.004540026293655682,-0.004655805067671749,-0.004116036793338717,-0.004683715902388728,-0.002104075339430097,-0.0052023518360835505,-0.005172597539825394,-0.04752194235514759
t81,-0.00020018668271504263,-0.00013039528259629286,-0.00020437815804092067,-0.00013276628438164913,-0.0007162712444550084,-0.00041894239003720154,-0.0003717132562984619,-0.00037160899724875807,-0.00034155908101204745,-0.00034333800488920465,-0.00033887704775735174,-0.0003311266943027666,-0.00033157582094601665,-0.00032003829181583205,-0.00034921315406455177,-0.0005727455969295293,-0.005474735987490636
t82,-4.6160382712162823e-7,4.2671402419387745e-7,-1.3185426169476038e-7,-1.1682024128103171e-7,-1.6491767683552103e-6,2.1721078513580922e-5,-2.2248312296016742e-5,-1.901902340543695e-5,-1.969863355271158e-5,-1.9526377270128314e-5,-1.9892277161852092e-5,-2.2973579800948784e-5,-2.2925750780761706e-5,-2.0538138339253802e-5,-3.1988001300060624e-5,-4.127941356786762e-5,-0.00022030117003571603
t83,-6.018531221145965e-7,5.2956456013699727e-8,-2.3980875194425353e-7,-9.529300323320048e-7,-1.1142409010799454e-6,0.0003872608436074158,0.004136195712014424,0.004119829967650413,0.004326453821858936,0.003905007933333603,0.004493606756610967,0.0037226726413856644,0.004532122253572998,0.002010753305780188,0.0036906816191632293,0.003228695666006193,0.038550424644632576
t84,-6.650024591817458e-7,-3.01456135996113e-8,-2.4659892099543714e-7,-9.460232978769448e-7,-1.4233395154483717e-6,0.0004120049794938834,0.0019664820495270572,0.0019666037163824333,0.002054139988162704,0.001840512581361743,0.001971206522141568,0.0017177950433632315,0.0019406175029973774,0.001140355999694538,0.0021193150913655897,0.0015617670885863777,0.0186874894532694
t85,-7.885273336743651e-7,1.562407432974925e-8,-1.4928142482607304e-7,-8.731586936192941e-7,-1.3835995920199e-6,0.00022324828453865208,0.001240223019474258,0.0012268186313525184,0.0012969854037554688,0.0011920707452125583,0.001271818512794703,0.0011341039169439665,0.0012608990738458975,0.0007580856123244327,0.001309390937991553,0.0008936419259213723,0.011804107121185571
t86,-7.107768776707678e-7,5.5395192205241915e-8,-1.2304426628016736e-7,-8.241476964335185e-9,-1.3091818519555885e-6,0.00013649676803447668,0.0008711949365928031,0.0008654626328694077,0.0009280918027063094,0.0008551643715453131,0.0009096553258817104,0.0008126991685415859,0.0008983176675238663,0.0005312418495047975,0.0009620896523333132,0.0005726959405471095,0.008341014266800027
t87,-5.486806370991179e-7,3.8001357085059706e-8,-1.4575300659686544e-7,2.566331020177391e-8,-1.3383904600097736e-6,7.18714922484511e-5,0.000633499989339218,0.0006290777821116383,0.0006771141866925415,0.0006253523633593083,0.0006775789640457406,0.0006022927826269209,0.0006667722471666555,0.00037076217146808903,0.0006845043698479566,0.0003185117179859532,0.005955368907456054
t88,-4.7219499230336585e-5,9.606057087629987e-8,-1.949030043487217e-7,-2.353405546497698e-6,-5.208363665805956e-7,1.6280026535595264e-5,0.000459186624860963,0.00046144097201817344,0.000521620070265742,0.0004774834931012933,0.0005142997221203663,0.00045083216004774987,0.0005044403592306034,0.0002930475498606802,0.0005077630459401961,0.00017581811721615015,0.004332019557620625
t89,-0.00016201777222111624,8.823933694078207e-7,-2.7810636442699797e-5,-4.695526635804509e-6,-4.366175173509332e-5,-2.2507490003128523e-5,0.00034751478196496174,0.00034613426340853517,0.00039903693403670493,0.0003664285037474272,0.0003967501904828616,0.00034424388032767837,0.0003891335657319545,0.00019692391036640867,0.000384758797731554,7.126952976557354e-6,0.002918240997106209
t90,-0.00016397248895652373,-0.00013471374972516065,-0.0001593278480464812,-0.00014761711657251505,-0.00011953473055305944,-8.485126327990034e-5,0.00021278163746722982,0.00021539486080538673,0.0002730389892657896,0.00024349187611984557,0.00027156713942673574,0.00021703064932254273,0.00026465506812840454,5.593542071985414e-5,0.00023021860025073908,-0.00013434316155100287,0.0010397538828218846
t91,-0.00017849117524204372,-0.00013516503104059547,-0.00015483790392192405,-0.0001476591260007874,-0.0001353339695817097,-0.00010272166905840856,0.0001041379492666464,0.00010379513421901286,0.00016285912832748786,0.0001396587033323872,0.00016155898438517652,0.00011672065626829572,0.00015838395370317335,-2.693412925356888e-5,0.00014835122909230227,-0.00028414604258272195,-6.982330808727753e-5
t92,-0.0001529189857496963,-0.00013208161011068784,-0.00014951466755831178,-0.00014894464618898045,-0.00014587931076816255,-0.0001236461246439732,-2.2202398651822125e-6,-3.0533417019426228e-6,5.991737132181308e-5,4.089403362723389e-5,5.895163181206168e-5,2.106567268015717e-5,5.6855243934876615e-5,-0.00010194832817968756,4.0022768640182783e-5,-0.00042368830394319036,-0.0011061888366934896
t93,-0.00016918189722153043,-0.0001337950916833692,-0.00015608028593893324,-0.0001575444927240533,-0.00014302486195065962,-0.00012836249385854637,-0.00010485147046511816,-0.00010501041540715564,-3.681123983927435e-5,-5.156449849727793e-5,-3.754810165955423e-5,-6.9635050793101e-5,-4.0114770155087974e-5,-0.00016791978904951978,-8.512606600264024e-5,-0.0006267386052921581,-0.00221330913053798
t94,-0.0001681515952556813,-0.0001312825164839563,-0.00014368909430324274,-0.00014921973373561116,-0.00012906646936298823,-0.000134462333851504,-0.00020781563161402806,-0.0002098523705401846,-0.00013419265649192567,-0.00014426182792886698,-0.00013483045433090686,-0.00015734695740927344,-0.00013534992354466213,-0.00023008277534431647,-0.00018545562740029722,-0.0008280797702710667,-0.003223139737868512
t95,-0.0001648351784407176,-0.0001332817327285302,-0.00014590910569094265,-0.0001516550948422145,-0.00011799822820599424,-0.00013811341592509833,-0.0003124854165505212,-0.0003153598861668558,-0.0002299461455614304,-0.00023461838826383587,-0.00023051663223882924,-0.00024336183247227624,-0.000229820342576377,-0.00028327666279854733,-0.0002883221185899418,-0.0011070646802725428,-0.0043265648613246555
t96,-0.00016257950511925045,-0.00012864719332445043,-0.0001427717823360175,-0.00015461705906960157,-0.00012187836217490732,-0.00013854329512467194,-0.0004382828853932153,-0.00044225665970138236,-0.00033248639470529276,-0.00033013995215657317,-0.00033314068488282564,-0.0003335110124281432,-0.0003317543536183936,-0.0003311822522229435,-0.0003991761053399146,-0.0015875430249309046,-0.0057085105225284875
t97,0.0008000038973761659,-6.832560010727393e-5,-8.542340603282836e-5,-0.00011081461588655126,-4.1414848682626034e-5,1.0458923524749656e-5,8.981573405204872e-6,1.1796573214543807e-5,1.1763597549361924e-5,9.548798512860222e-6,1.089251872870201e-5,7.5312196070435685e-6,7.017543296588084e-6,7.960293247726119e-6,0.00020020021823083137,0.0004610181442652578,0.0012411948302497556
t98,0.0007018563857499558,-2.9691715947353117e-5,-8.859967187691723e-5,-0.00014858156484191917,-6.275356641632148e-5,8.409678113575762e-5,0.00019030299360224683,0.00017691586858663869,0.000167082556667153,0.00016996290816611136,0.00015838978851117358,0.00016169062060354252,0.00016221376444131467,0.0001557937825006348,1.659698312183271e-5,0.00016969234465182367,0.0019849682586556743
t99,0.0004888047952189753,-2.790772757973328e-5,-9.670667789466434e-5,-0.0001606071560724097,-7.570249565199887e-5,1.755773906990209e-5,5.082118403669541e-5,5.158201291983102e-5,4.984698858043035e-5,4.7257831705016e-5,5.298078354943806e-5,4.998188465495682e-5,5.065092004491884e-5,5.0410030228403534e-5,-0.00012093943125669214,1.3302404792257635e-5,0.0004413330863453268
t100,0.000536081388794944,-5.392055386035671e-5,-0.00012181630742333358,-0.00017140495675424213,-8.632589695171272e-5,-4.0021489672956834e-5,-8.328234940101815e-5,-7.078930342081377e-5,-6.217534983204942e-5,-6.658526408123739e-5,-5.658565857075497e-5,-6.231464935628779e-5,-6.140680035338421e-5,-5.684960108202722e-5,-0.0002677264327027011,-0.00012212319215863427,-0.0008472464168265663
t101,0.0008497911332427005,-6.587007599756098e-5,-0.00015102284731573063,-0.0001754371182188277,-9.951834769304889e-5,-0.00024130964404706467,-0.00045919192017049304,-0.0004453387435833075,-0.00041811767785397187,-0.000412648542065099,-0.00041046105560031595,-0.0004071177934519011,-0.0004103240512609535,-0.0003990835422339797,-0.000703364793623173,-0.0003077613255831039,-0.004256776345455831
t102,9.939048700780117e-7,-3.566536924609577e-6,-5.8347910154930745e-6,-3.2553490630873336e-5,-0.00012162662177904334,-0.00014770196745966118,-0.00016197591602166623,-0.00015940152741034358,-0.00015807547734821142,-0.00015808996546233712,-0.00015716487105384185,-0.0001572277747156621,-0.0001575082105907587,-0.0001546947441350544,-0.0001732248186982798,-0.0007956116206356407,-0.0025432644290113984
t103,-1.0149089359056954e-6,-5.512165196657035e-7,-1.3958791673694446e-6,-1.244153735893791e-6,-1.5360413738554658e-8,1.9523193470953304e-5,-1.3421795688076756e-5,-1.3426813036677786e-5,-1.3145820355977546e-5,-1.313175638790618e-5,-1.3455225634365188e-5,-1.3961947586645803e-5,-1.3519119849459152e-5,-1.3930817644444285e-5,-1.2105761442623813e-5,-8.358282509714561e-6,-0.00011315566543751094
t104,-1.0818806505882695e-6,-5.554643304717536e-7,-8.060293257580454e-7,-5.085844041771773e-7,-5.3153252254752e-7,0.0004203218548100513,0.003084475154475096,0.003077408195396812,0.0030691332609390793,0.0027431688514767366,0.0030647661733986566,0.0024410382157073335,0.0025084390102644385,0.0016879099955140688,0.0035059738877293023,0.003221685283302843,0.028820836391780874
t105,-9.35873159971789e-7,-5.957545205460881e-7,-7.919758140535706e-7,-1.1386452301331446e-6,-6.26908396099923e-7,0.0002670181180341258,0.001307032555424562,0.0013029770078822037,0.0012963396119136125,0.001191230975305458,0.0012954592061531869,0.0010468421253912697,0.0010001769119820185,0.000857228444355745,0.0015224804268225394,0.0013268714760412274,0.012409567702185143
t106,-9.630168456720981e-7,-6.185232452171009e-7,-8.570477480671868e-7,-8.976826163850058e-7,-6.988168012030247e-7,0.00015634685518254403,0.0008323371477107647,0.0008294016674146325,0.0008237487312030664,0.0007571982449012732,0.0008230255197714892,0.0006461066500832861,0.0005850447743451626,0.0005451935315672116,0.0010045328433206711,0.0008595459740055501,0.007858446852249108
t107,-1.033937451828061e-6,-6.727995094051158e-7,-1.0593989303506989e-6,-9.322685816681168e-7,-6.563107285432773e-7,9.006738756766349e-5,0.0005788402825190307,0.0005764998452034543,0.0005713872467932896,0.0005217731294558064,0.0005707477674208999,0.00042447939718282153,0.00035425741933868196,0.00037071123626351664,0.0007304503266113098,0.000605814335210155,0.0053906736583648335
t108,-5.75510984585176e-7,-6.561605031118098e-7,-1.4818350373474759e-6,-1.7434791770845014e-6,-2.118985265371041e-6,4.6989951832228195e-5,0.00035878403502701787,0.0003599840937117964,0.0003518074732100749,0.000313092221840351,0.00035321513718056637,0.00023361592210392005,0.00015300786221084692,0.00018860756804368924,0.00035570353402105293,0.00017062366569604772,0.0028788554939100917
t109,-3.682632448337731e-7,4.051162163193007e-7,-1.6193339756698754e-6,-2.755969014779446e-6,-7.05987246692816e-7,1.2144409208330037e-5,0.00028134167417949956,0.00027737102908224307,0.00027218592268426177,0.000237603763917014,0.00027236257061536876,0.0001629746932658567,6.819450362150736e-5,0.00016589322012410012,0.00033771773225126756,0.000200149336245991,0.0022828944179297834
t110,2.1248813293345222e-7,-7.53232337846269e-7,-1.1673924046647519e-6,-2.4965645739427147e-6,-6.891942997081347e-6,-1.3370139797499037e-5,0.00017252318914575646,0.0001703386722123686,0.00016579925047063352,0.00013288950472863296,0.00016543580073375498,4.025037103971444e-5,-6.462385459568535e-5,7.072405649501954e-5,0.00028636955063271496,0.00016463599260057408,0.0012798757494853837
t111,2.056009997700377e-7,-8.143351798642377e-9,-1.4504206326608276e-6,-3.860203513489582e-6,-1.8691101483531623e-6,-3.306603813637669e-5,7.373202348854504e-5,7.271005054365253e-5,6.777973644426527e-5,3.717915340685228e-5,6.71347687605821e-5,-5.515022261305637e-5,-0.0001851656685593503,-1.3929463900813324e-5,0.00019508077993432986,7.036677826360605e-5,0.0002896896209857043
t112,-3.3627162889922337e-7,2.8729333012329447e-8,-1.1353758135295785e-6,-3.3535832674332535e-6,-7.276685235930045e-7,-5.182730002286328e-5,-1.5554988881519992e-5,-1.555473650320907e-5,-2.010730185274284e-5,-5.248853359570465e-5,-2.1480721656260667e-5,-0.0001495120647195378,-0.00031136634602536807,-8.789922664344698e-5,0.00011582236621932081,-1.2733574569627782e-5,-0.0006282265981514031
t113,-2.823647655328655e-7,-1.998198673606663e-8,-1.2620143761669443e-6,-0.00015647805100968884,-4.646787434611483e-6,-7.400285801564612e-5,-0.00010504298362509243,-0.00010513825434281098,-0.00010988011507918241,-0.00014425136576721873,-0.00011159144326183652,-0.00024656148516092046,-0.00046525986982422067,-0.00017117753502123202,4.51462680747746e-5,-8.936372663437777e-5,-0.0017398125682304994
t114,-3.4331855624484035e-6,3.7267970127038885e-7,-7.741839531641171e-7,-0.00017880844209241378,-1.4628608221779515e-5,-0.00010180374175544152,-0.00019425015307496612,-0.00019441445895322697,-0.00019862003503380143,-0.00023587043305447924,-0.000200502751935648,-0.0003515507871254357,-0.0006596370947596665,-0.00025545799594614907,-6.921679099564195e-5,-0.00020661696648995983,-0.002865212949252952
t115,7.759805900677077e-5,-4.573622860260862e-5,-0.00014594132284925465,-0.00015902983553904844,-0.0003450800121520492,-0.00024418548723960034,-0.0002719991419968691,-0.00027532671976413214,-0.00028126756212381877,-0.0003259717899743055,-0.00028192640636911354,-0.0004590380427827858,-0.0009503165726246546,-0.0003492653237450375,-9.683196167150619e-5,-0.00027933148577085617,-0.004433649834198869
t116,5.93906331687355e-5,-3.411664699576579e-5,-0.00010981704134363256,-0.0001322345831875085,-6.656563554546674e-5,-0.00040385106423870164,-0.0003747523873621392,-0.0003784100498862132,-0.0003862358756920113,-0.00044521077489637306,-0.00038700073627623586,-0.0005409409482609455,-0.0015371689545062958,-0.0004842052536085867,-0.00016149089741448994,-0.0003741560662596855,-0.005756766282305316
t117,-2.2449852097732125e-6,-1.691039096592864e-6,-2.1590886034505746e-6,-0.00013778859676578692,-1.9970324240261856e-6,-4.243442374971454e-6,-3.511371378974394e-6,-3.489989392003162e-6,-3.4143599864873203e-6,-3.4592171432223918e-6,-3.4047475261087057e-6,-3.5378869542471692e-6,-3.81740873757455e-6,-3.5506568061992717e-6,-0.00022464620431371225,-2.3429820366556915e-6,-0.00040529900874978613
t118,6.364966264873153e-5,-3.053867514146871e-5,-9.132776132841856e-5,-0.00013978880075187736,-8.658090276462746e-5,-0.00012968801043907163,-0.0006497544630015598,-0.0006582514545084786,-0.000660544477668618,-0.000707415398208656,-0.0006658635148241511,-0.0008790559767654675,-0.0005714691050578382,-0.0005812049638279671,-0.0003123091455974292,-0.0006283597204494777,-0.006728502707686376
t119,3.9306185451924616e-5,-3.118039571121448e-5,-8.966689989845879e-5,-0.00016066489111776387,-8.691076416023385e-5,-9.127105919791499e-5,-0.0007998812419920147,-0.0008025962710181606,-0.0008164222839253272,-0.0008208173173978659,-0.0008150821559888499,-0.0007809250902871757,-0.00035137488814534606,-0.000589674652381225,-0.0003777100201728901,-0.0007966505939797235,-0.00737152233992224
t120,1.403615820026556e-6,-3.0558079039568294e-5,-7.983322422952585e-5,-0.00015910702700493233,-7.544069700510021e-5,-8.70217038325664e-5,-0.0010500130844296814,-0.0010523234696678855,-0.0010887853126828905,-0.0009974204857478805,-0.0010848739801739772,-0.0007544172950260324,-0.0002807118264330523,-0.0006213778424774631,-0.00045006396117889755,-0.0010475602561139082,-0.008858104629223335
t121,-8.627269912893027e-6,-3.050999149866351e-5,-8.390849389462471e-5,-0.00015157690581436397,-7.457454844597361e-5,-0.0001198536328890121,-0.0014845989259975579,-0.0014885992574643339,-0.0015747882522110887,-0.0012930135437957656,-0.0015667851223380644,-0.0008165807979228999,-0.00029241549030136155,-0.0006959762028662649,-0.0005358587779768158,-0.0014962476302458276,-0.01171391484357551
t122,-1.952608362842353e-5,-3.307664639413561e-5,-8.543024612501413e-5,-0.00014073057824508486,-6.396644380375139e-5,-0.00015686997188993772,-0.0026323701674901057,-0.002652576617039912,-0.0025202129944941814,-0.0018678894964500568,-0.0024948785967482275,-0.000989954750307324,-0.0003614275049311262,-0.0008480572807741248,-0.0006702139088546845,-0.002825658459110917,-0.018362839746287007
t123,-1.3924884646408155e-5,-5.848464630404777e-5,-0.00014005088994414612,-0.00013110927810791782,-0.0006589395214227847,-0.0001354790778605154,-0.0006624594313641763,-0.0006555605878929882,-0.0006578523656561671,-0.0006125226691660843,-0.0006912537558462185,-0.0004639844387667881,-0.00026573913170837784,-0.0004343574513430994,-0.0007781718578956913,-0.0004436317111827123,-0.006803521699108124
t124,-1.3059354293098412e-5,-0.00010238466976506424,-0.00015534321610478853,-0.00012892746435988803,-0.0006621614488928285,-6.773615118802952e-5,-0.00027992139148542067,-0.0002603850827228723,-0.00022552350137155922,-0.00021595822276726604,-0.00023117628491548501,-0.00017224263462197928,-0.00010285810316343512,-0.00016558452247499936,-0.0009392529923634898,-0.0002520296036668967,-0.003974544644157101
t125,-3.031062454096516e-5,-0.00011957140561590975,-0.00011816018031468127,-0.0001414907091664224,-0.000718888879560635,-9.70921236266571e-5,-0.00027698931958809134,-0.00025588171023236555,-0.0002166941043236168,-0.00021203322666846542,-0.00021871750845961024,-0.00018420933065498382,-0.0001394681757314073,-0.00017720497407538473,-0.0011364901350770066,-0.00025737502672916734,-0.00430057743436537
t126,-5.88028562708218e-6,-0.00011586284497476257,-0.00012726863194559312,-0.0001253172168922434,-0.0007748655447902211,-0.00017269952773448175,-0.0005055778921000142,-0.0004712021021522039,-0.00039686577142893895,-0.0003912239612914287,-0.00035676837496835393,-0.00033730688321028984,-0.00029634513324003646,-0.00033126437307252335,-0.001376699203755856,-0.0004178666299123311,-0.006203014377096361
t127,-1.2788896479649455e-5,-0.00018481610319353786,-1.1729121606525248e-5,-0.000139231638459111,-0.0007981412032852342,-0.00016909494885043104,-0.0002700994488480272,-0.00027855062122341946,-0.00022332140448798994,-0.00022296545130158222,-0.00024010207637777367,-0.00022846609451457477,-0.00022300327828245046,-0.00022287982218292736,-0.003913992216075498,-0.00022254605893578015,-0.007361728384104512
t128,-1.303451218464468e-6,2.1664344102259646e-7,1.2078379442707292e-6,-0.00021792659921800848,-1.561220533690943e-6,5.110292881583705e-5,-1.0478938408812733e-5,-1.4107968548018245e-5,1.5690809276639927e-5,1.7850273446300972e-5,1.4241395615989205e-5,1.489591999213181e-5,1.4559286131000418e-5,1.800937631641014e-5,-0.0002257934548902555,8.412916606345541e-6,-0.000314984245231302
t129,-7.931979170876898e-7,-8.390469099757868e-9,-4.489485274709011e-7,-1.050322611491365e-6,-4.113735283320237e-6,0.000373208487221543,0.000708174136332114,0.0016177613228221001,0.00223393485676342,0.0021147083370299975,0.0022537573036274425,0.0020851406116368237,0.0022464391010191577,0.0013431763234691987,3.6593361844617156e-5,0.00236211032702875,0.017368589573986695
t130,-2.701625265359265e-7,2.4259979916052987e-7,-4.5619403529356323e-7,1.038068441703033e-7,-4.048915963711188e-6,0.00026757403086729637,0.001884483593418617,0.0013898177615033187,0.0010925230117873653,0.0010363393393137603,0.0010968991575748396,0.001033751425595358,0.00110147422984644,0.000862475645017646,0.002085976232152716,0.00093233271330404,0.012779218274499187
t131,-1.0258542786610069e-6,3.352882839122539e-7,-3.5274250000020407e-7,1.4598268767919066e-7,-5.08933376057199e-6,0.00015491590312602851,0.0008527779467562823,0.0007407545910160186,0.0006390257639503505,0.0006178924594588074,0.0006432173532035731,0.0006150378511179129,0.0006415554544288258,0.000540285000381553,0.0009413451399820459,0.0005723313975262271,0.0069531522013799845
t132,-9.882459472811997e-5,3.277571432979139e-7,-9.594436478574522e-7,-2.4985205754135493e-7,-6.393435096057976e-6,9.693483127854123e-5,0.0004893636731845242,0.00046764459360430706,0.0003964591541616516,0.00038609535075238133,0.00039789500234571715,0.00038313559261506243,0.00039487755344394195,0.000348281891233219,0.0005654491468576824,0.0003584283870607801,0.00417846560815153
t133,-0.00013199068478845718,-2.8754803749804984e-7,8.176161166629309e-7,-5.899244820772309e-7,-2.6851913230517276e-6,-6.787033517843023e-6,0.0003205477433506568,0.0002667148742377023,0.0002145609919547609,0.00020933756686922962,0.00021400182213294133,0.00020487077245061073,0.00021405908260210024,0.00018262707645669277,0.00031477570050204075,0.00017667702183156718,0.002176649886356038
t134,-0.00014580229099700467,3.550931299216676e-7,-6.150372930930645e-5,-9.32853557273546e-7,1.6479972391861024e-5,-6.0361738013305775e-5,0.00016752770141389734,0.00012731522022423565,8.925131134568285e-5,8.807525395450012e-5,8.780457720991267e-5,8.310005839064333e-5,8.661835180344613e-5,7.851277669379615e-5,0.0001628609452083041,5.27559560873643e-5,0.0007720566059766749
t135,-0.00014134177949030695,4.934449798181193e-7,-9.704719564488078e-5,-7.648365762785294e-7,-3.3875051439756277e-6,-9.602922210305737e-5,2.475524133646829e-5,-4.8056482526621895e-6,-3.6155630812676815e-5,-3.45072030304695e-5,-4.0048649350078834e-5,-4.098851753013756e-5,-4.021283531249811e-5,-3.654251741505213e-5,1.9764109308094513e-5,-7.47077034294115e-5,-0.0006015264484671049
t136,-0.00015203861004592015,9.335914876082793e-7,-9.678812439681416e-5,-0.00013300834392153207,-2.8630202519836305e-5,-0.00011524475548652203,-0.0001024887147401843,-0.00012720254607860554,-0.00015396697191568865,-0.0001488276666439436,-0.00015776978753934926,-0.00015496432102240408,-0.0001577542750600083,-0.0001409867921643167,-0.0001125370785968658,-0.00020251917401205335,-0.001983793772656436
t137,-0.00018337604796625422,-1.7977222742079424e-6,-0.000104739318997459,-0.00012957013540844113,-0.0012474595811251396,-0.00010959718866010669,-0.0002338102493033908,-0.0002556607033204622,-0.00028036732048958095,-0.00027240971358921234,-0.00028328769715181876,-0.00027635205693440245,-0.0002828876349315044,-0.0002517215367246434,-0.0002453803815805474,-0.00033729793473981026,-0.004495715223196982
t138,-0.00024030325203184494,-0.00034693448510695056,-0.00014582386727710986,-0.00012652454373913663,-0.0014918236881241503,-9.837794080908519e-5,-0.0003742565085795849,-0.0003955100144260103,-0.0004181756306166262,-0.00040819034069628646,-0.00042045832503446003,-0.0004088672696117352,-0.00041949317119112817,-0.0003721105738129207,-0.00039287912178089006,-0.0004961221519273764,-0.006555850884765296
t139,-0.0002833697403374211,-2.7768576906065212e-5,-5.987998945451596e-5,-0.00013169035902548153,-0.00010241829601174785,-0.00019137378024598986,-0.0005548458435386555,-0.0005762062451130873,-0.0005990858306938382,-0.0005851341099483879,-0.0006013862564036811,-0.0005839655921738628,-0.0005999029049382089,-0.0005352565008674718,-0.0005642438860867379,-0.0006935400199132888,-0.0066900679316584406
t140,-5.351782473635491e-6,-4.010381155629701e-6,-5.838719799626217e-6,-3.243044082227097e-6,-4.7169003300897514e-6,-0.0003351679699785486,-0.0008064623424283927,-0.000830068358862116,-0.000855268506083385,-0.0008344462433006203,-0.0008577329488410347,-0.0008298804959591267,-0.0008566128896177342,-0.0007320786446918787,-0.000772386419377721,-0.0009685952886459694,-0.008701860935627736
t141,-5.195150146374474e-6,-4.3839568165745415e-6,-5.573896223874515e-6,-3.958334474623519e-6,-7.546550020962719e-6,-0.00045071765173501204,-0.001259188597656084,-0.001289855147410592,-0.0013208711132988403,-0.0012864354872727261,-0.0013231555547806233,-0.0012768928132373223,-0.0013253277010156872,-0.0011000933195737604,-0.0012121044077981489,-0.00017351734049381648,-0.012044817021955022
t142,-5.716171140571532e-6,-4.289913864566051e-6,-5.281840437246475e-6,-3.6992146567613084e-6,-8.026450880571815e-6,-0.0005354962465790307,-0.0030377086925992983,-0.0030956615848751414,-0.0031571191251316038,-0.0029950835874458046,-0.003163439827762148,-0.0029211791388495762,-0.0031512744887724196,-0.0020208831234154487,-0.0029194880515358967,-0.00359338797850811,-0.030617735436454196
t143,-0.0003124476804045163,-2.1769948006136443e-5,-3.5785438147441096e-5,-1.1305996687470343e-5,-7.392231902807196e-5,6.689771913538618e-7,-1.4655597789468525e-5,-1.4802129661895812e-5,-1.4699410271322304e-5,-1.430049953307558e-5,-1.5274326024868266e-5,-1.5295755453082837e-5,-1.5618115407044325e-5,-1.5558664651309826e-5,-1.242577793719036e-5,-1.204384032667742e-5,-0.0005992365221382175
t144,-0.0003074772939539347,-2.8323150431206113e-5,-5.194009911992793e-5,-8.330066272099411e-5,-0.00011304619340643974,0.00025308809385619533,0.00027199491985247973,0.0002703429210405521,0.0002712476392091325,0.0002720986845894864,0.0002796954772878825,0.0002747557094030981,0.00027507106986945944,0.0002836913261639784,2.4541560856412092e-5,0.0002527569386107607,0.002145196941106935
t145,-0.0003427992101556564,-2.819082585636403e-5,-4.131814076813383e-5,-8.010438129362056e-5,-0.0001206218396336837,0.00016325761873535493,0.00016216838888663914,0.00016165399817422157,0.0001638177004158693,0.0001640761202932557,0.00015061420602162877,0.00014737099957352713,0.00014770811897495568,0.00012797757499438762,0.0005238981322227779,0.00023334224559246294,0.0015328507061776221
t146,-0.0002636576693865094,-3.022482256703441e-5,-4.718907385115801e-5,-8.533874927680117e-5,-8.948405700558944e-5,-3.390822498825412e-5,1.2247552130648672e-5,1.1987811698334822e-5,1.4520597044251962e-5,1.5315116883165756e-5,8.459486225190114e-6,8.321641648693282e-6,7.962986422262553e-6,3.0122849581205758e-6,0.0001574352550884089,-1.1347113000127388e-5,-0.0003218869779763974
t147,-0.00030098284450806806,-3.3415438923335636e-5,-3.857152466235212e-5,-0.00011122860823315122,-0.0001517388190190455,-7.352134647993993e-5,-8.099173703007611e-5,-8.122502461574737e-5,-7.648851749932602e-5,-7.570357784576782e-5,-7.740097258879121e-5,-7.672041276574481e-5,-7.78823376687988e-5,-7.597443242447732e-5,-7.973915622988707e-6,-0.00012961939066832373,-0.0014694389005559345
t148,-0.00039750918539780273,-6.683747673579267e-5,-0.0001411926890970507,-0.0001459908774111569,-0.0004912416041562006,1.906320766821921e-5,-0.00012068746879974366,-0.00012086589493581278,-0.00011184469199427983,-0.00011117567458852357,-0.00011120843745298697,-0.00011059158791373995,-0.00011214627323105914,-0.00011435854733611501,-0.00010114964046096427,-0.0001190266077332184,-0.0023567634495762282
t149,-0.0003256551526334946,-5.863504570491083e-5,-0.0001594035986433711,-0.00010250211320910794,-0.0004878200907968829,-5.6656728797564074e-5,-0.00019938826670968862,-0.00019798386939974067,-0.00017204842626977016,-0.00017323432263203426,-0.00016854748942737624,-0.00016650240174792552,-0.0001657627273630376,-0.0001588284085917135,-0.00013173418795285946,-0.000120133638643908,-0.0028448364685233858
t150,-0.00036367994556194347,-5.0514403089958606e-5,-0.0001359087684349378,-9.976872828178943e-5,-0.0004497832644638852,-7.274064888521177e-5,-0.0006213509300632991,-0.0006184528031124844,-0.0004387147278622806,-0.0004388100480626912,-0.00042712445851503386,-0.0004220608559304888,-0.0004233338496692892,-0.0003746939245664502,-0.00025279909398834196,-0.0003332332318658201,-0.005522969682353906
t151,-0.00038850202884553115,-3.499477309163911e-5,-0.00014487610732725792,-0.00010920423030408789,-0.000286386696664582,4.512680496218785e-5,-2.3670094495172943e-5,-2.3612447567486037e-5,-0.00024973687367964395,-0.00025209093075735184,-0.00025659482501316105,-0.00025629430504287763,-0.0002554298118812512,-0.00020588200099065044,-0.0007690706203557187,-0.00037872810607579577,-0.00358994704713002
t152,-2.890466674183451e-9,7.95732174322719e-7,5.762495799800038e-7,3.74931756904506e-6,3.3287233028801558e-6,4.820659652654173e-6,0.002134369648350324,0.002117416741622749,-1.855056625861718e-5,-1.844984019010491e-5,-1.8796655110407515e-5,-3.396117160360286e-5,-3.487838823856778e-5,-5.3542766148625716e-6,-2.5279305819973176e-5,-2.276154331562316e-5,0.004087022434633522
t153,-0.00036231023202276506,3.47864805717986e-7,5.658011099206296e-7,2.647944222920133e-6,3.1631271534975446e-6,0.0002504789600525343,0.001114502294282632,0.0011416233924595569,0.0023658552730564434,0.002252084524102936,0.002206376520248229,0.002386108059377514,0.002593920216996186,0.0016579025859240243,0.002527904108121753,0.0023454360560698465,0.020486606495960947
t154,-0.00042166704877998306,1.8951246203745452e-7,3.274664435974211e-7,2.7412671642719486e-6,3.2779062649902186e-6,0.000131286430586916,0.0007952892082254641,0.0007722400563652019,0.0009801887187494034,0.0009373242301918756,0.0010233975754922687,0.001025804975884509,0.0010479189294981016,0.0008448861435341036,0.0010327719335169372,0.0009125831145515367,0.009088560420151232
t155,-0.00040696879261523724,-1.1841358798667493e-7,3.935507466496356e-8,1.5235563204184276e-6,2.7122257390742674e-6,2.8045800742558686e-5,0.00049806672362417,0.0004968047689697079,0.0006300385805765536,0.0006061052210941272,0.000705980743546487,0.0006014526001490517,0.0006190357394240857,0.0005065125540475273,0.0005773451169532169,0.00047267127071832344,0.005339247050776743
t156,-0.00045509317780296403,-5.416887719901483e-7,5.635404850824114e-7,2.509051383852769e-6,3.071963309756578e-6,9.762201704703559e-7,0.00028783492060033657,0.0002925176669451815,0.00039764643437792684,0.00037749341832372046,0.0004313182675818129,0.0003582530397755241,0.00037172668414143926,0.00030706768436986797,0.00036789900507696016,0.00026651807479085215,0.0030097611047578297
t157,-0.0006050149082673776,-4.824640558382048e-9,2.4785872013083606e-7,1.2692854157255055e-6,1.3222467721691735e-6,3.611792369409757e-5,0.00015297422601792687,0.00015662121248421717,0.00023497808781409066,0.0002234770705186572,0.000257865276834699,0.0002076504051685023,0.000214935733985004,0.0001786414651199794,1.7111587885731142e-6,-8.342361792821081e-5,0.000979368600497626
t158,-0.0006463351564330969,-3.222073536885343e-7,8.853054659726822e-7,-7.339005454339348e-5,2.237117459681822e-6,9.26731171157196e-6,1.8224432979030217e-5,2.2937299645063672e-5,8.294894851747602e-5,7.668604100452689e-5,0.00010446046111349611,6.889872297268395e-5,7.28423840525033e-5,6.016377578587956e-5,9.845940156947114e-5,-9.441561688258906e-6,-0.00011147777774108048
t159,-0.0006864333923283157,1.28236732633361e-7,4.2650337288593766e-7,-0.0001026822298368865,2.172586958174621e-6,-2.7037988740933934e-5,-8.960030182779565e-5,-8.622464305073933e-5,-3.5642658224306476e-5,-3.6964815086706504e-5,-1.5400070861425446e-5,-4.1345737114623176e-5,-4.224925373549823e-5,-3.941376918831445e-5,-1.3051588667084998e-5,-0.00012907519705043042,-0.001342394318649367
t160,-0.0006270888186095791,1.0881054370592268e-7,6.294451806944613e-7,-9.13987202119665e-5,4.602876837311334e-6,-0.00011505082877515335,-0.00020622586836077764,-0.00020301406140661921,-0.00015857584185875894,-0.0001565170483938285,-0.00013734533466741618,-0.00015588166384898497,-0.00016013592965078384,-0.00014283407986408021,-0.0001330183935389108,-0.0002718034835155909,-0.0025535489401407384
t161,-0.0008267071517504598,2.0757720564241915e-7,3.2656117500127967e-6,-9.980166666587191e-5,1.8896749801062977e-6,-0.00014938138689485112,-0.00033603385390344016,-0.0003324604180988823,-0.00029188088546915563,-0.00028706239031690655,-0.0002674150056298905,-0.00028056941802612065,-0.00028790635439246534,-0.0002557496595468713,-0.0002590945035631966,-0.0004459337394937675,-0.004114633569816117
t162,-0.0007436385931533069,2.973682044331066e-7,-0.00010769334933647834,-1.0348142012601343e-5,0.0009237691551228851,-0.00028793029454417967,-0.00048298040571580675,-0.0004794373125697718,-0.0004401746984273202,-0.00043201201776192774,-0.0004099874868389251,-0.0004173995950789785,-0.00042925354450775853,-0.0003798861342627618,-0.0004068813840130881,-0.0006880083643866708,-0.004791564799282257
t163,-0.0010435916695023335,-7.661879010232857e-7,-0.00012255378786264791,-1.1401743557475428e-5,0.0008527347161164146,-0.0003011751769780128,-0.0006783321053672094,-0.0006741202668740526,-0.000632338335805498,-0.0006229910393571977,-0.000589769182555912,-0.0005909904916932322,-0.0006088679313122793,-0.0005388482128997703,-0.0005855685814969263,-0.0010885794537480841,-0.0072371594507952405
t164,-4.558360931522911e-6,-3.7915345617605296e-6,-4.657804118936329e-6,-2.3494018967208005e-6,-2.8255083618037394e-6,-0.00016533552006931776,-0.0009687084424928178,-0.000963187007454195,-0.0009148558275472717,-0.0009066372929207173,-0.000841227601162841,-0.0008332499047355707,-0.0008639234885606625,-0.0007277118714567837,-0.0008382209201017697,-0.002187221016280728,-0.01022846150265342
t165,-6.697882723484394e-6,-3.997821635476489e-6,-4.822962762859755e-6,-2.703732317475603e-6,-2.7655377990157523e-6,-0.0006866753384370634,-0.0006994864533853301,-0.0006938490240611683,-0.0006717948726766208,-0.0007801256760228774,-0.0012673753580542098,-0.0012755944494673823,-0.0013232741991589315,-0.001083719397023027,-0.00129279219743056,-1.9956445040637446e-5,-0.00981563134799612
t166,-3.4251376801488846e-6,-3.890177293624984e-6,-3.6520798584648438e-6,-2.643647235537031e-6,-4.426796216940874e-6,-0.00029259151563678574,-0.003540912178190333,-0.0035738974978328395,-0.0034504842777800756,-0.0031040019189361476,-0.003127150983692095,-0.0029327891944445975,-0.0031470638814066233,-0.002112456395883142,-0.0031220166958785657,-0.0007973985505367943,-0.029218800928502715
t167,-0.00031696300683484857,-1.60349020608609e-5,-2.4172359770214554e-5,-9.270883735344324e-6,-1.0911034628287121e-5,-1.797623360176278e-5,-1.971427171451858e-5,-1.833876102443172e-5,-1.8170653980597836e-5,-1.8740006554443576e-5,-1.8552834206155167e-5,-1.941036070388558e-5,-1.9524035477215747e-5,-1.8197960794887087e-5,-1.3959022014082451e-5,-1.57624698268429e-5,-0.0005756987969283789
t168,-0.0012345438848740812,-2.5379305825416453e-5,-2.9692521117030793e-5,-5.714362075905802e-6,0.0005758274608463469,0.00018991669820349569,0.00021635301333564096,0.0002177554202329616,0.00021491629572333859,0.000217662410940686,0.00023338639687178335,0.00022666709445902283,0.00022556412786302674,0.00021814631629528484,8.965498123001272e-5,2.9302126837448996e-5,0.001359822268946615
t169,-0.0015593316639107302,-2.8271996480311536e-5,-4.3799012458395994e-5,-6.477669350399019e-5,0.0005321407258431647,0.00011649122877740034,0.0001501148167107108,0.00014715383232830607,0.00014553989983620054,0.0001453901300638602,0.0001388814295433999,0.00013297359573205726,0.0001337467994790086,0.00012911299570301255,6.300362842973634e-5,0.0005145561443972009,0.0006529258604906304
t170,-0.0018014496740384764,-3.499731901820833e-5,-3.972203082005301e-5,-0.00012179430570803054,0.00037626609822336276,2.4966706154097586e-5,1.2578960263588193e-5,1.4834858227850832e-5,1.3831673543516578e-5,1.4435717163706154e-5,9.438068047212283e-6,4.614146605941633e-6,3.471687419307192e-6,3.882655495528887e-6,0.0001938197893166044,0.000136479056644908,-0.001189343912479144
t171,-0.0015498447212069944,-3.508879472773355e-5,-4.9669789311663835e-5,-0.00010003376173135441,0.0003762701144789297,-0.00011770780807903373,-4.579647151519441e-5,-4.75837111880146e-5,-4.739862986712972e-5,-4.8667821522695886e-5,-5.151461603095855e-5,-5.515447530372081e-5,-5.358122605125447e-5,-5.3049554337082096e-5,0.00013360530827313173,1.5385250434937293e-5,-0.0017298307076858317
t172,-0.0004893785178169345,-6.258204479014252e-5,-0.00013205664634262148,-0.00010766894783214343,0.0003715474864609355,-5.560957609039409e-5,-6.977863872758353e-5,-7.13297902782531e-5,-7.180173925983599e-5,-7.240881552070624e-5,-7.398917715761342e-5,-7.510931896194509e-5,-7.404478150579675e-5,-7.069097843827132e-5,-2.704692995147772e-5,-0.0001278639593965038,-0.0012098123756092874
t173,-0.00011309069454895305,-7.458846928827272e-5,-0.00010366222766156226,-9.34139790810049e-5,0.00044572410999923107,-0.0001785543619029479,-0.0002332617376746415,-0.00022945071133892062,-0.00022397710034926518,-0.00022949202889951592,-0.00022553108444229095,-0.00021453449981776745,-0.00021359087125063703,-0.0002089546796104648,-0.0001779511642970803,-0.0002665777304574635,-0.002340907230621557
t174,0.00017174481365830803,-0.00010233441226346196,-0.0001142037156234147,-7.744576474982912e-5,0.00029144411707513997,-0.0003864288237254931,-0.0005601801735241075,-0.000560372673624975,-0.0005574473495998404,-0.0005575343938620683,-0.0005571978385481157,-0.0005353634356524328,-0.0005375929371653854,-0.000456312249897323,-0.0006243733108232678,-0.0008294998740817726,-0.0059930980224080395
t175,4.1910841134792486e-6,3.9730415383659636e-7,7.550243124388461e-7,-6.579535499788896e-7,4.078523774547566e-6,1.0590064124537916e-5,-2.0522379043807234e-5,-2.0536335090106045e-5,-2.062528934083292e-5,-2.0551164414789807e-5,-2.054226544006642e-5,-2.028673833553948e-5,-2.041179834340421e-5,-1.0296766633833194e-5,-1.738082824974843e-5,-4.215916959857226e-5,-0.00019395868756183872
t176,8.658118757908027e-6,2.1138494251041937e-8,1.306672221901808e-6,-7.675850063165571e-7,-5.428797688543719e-7,0.00046473928839735996,0.0025990237356122107,0.0025949750304232037,0.0025067961907340825,0.002337798057439556,0.0025133703794636697,0.00229614492169116,0.0025041304187210793,0.001717370574628561,0.002275343278171407,0.0018555421687278845,0.023673909508709068
t177,1.0434818284436769e-5,-1.0764612487699177e-7,-3.911002313871753e-7,1.2939009822637353e-7,-7.744141592781405e-7,0.00026054925523492835,0.0013083831208419606,0.0013038913785438306,0.0012396391992806658,0.0011810966332396556,0.001225405301573554,0.0011685390624983677,0.0012199565933052393,0.0008637231962938982,0.0009743849837642428,0.001209663234519811,0.011964523006963275
t178,2.06358980342709e-5,-1.9847092949268707e-7,-5.522679606021815e-7,9.305962752654523e-7,-5.788117932076305e-7,0.00015608089747597907,0.0007775721755627416,0.0007754949090101747,0.0007268374245598979,0.000702162202101574,0.0007263018177801173,0.000699027269836021,0.0007203703459930925,0.0005458534290828841,0.0005872049797588853,0.0008369623468010571,0.0072741047415886585
t179,1.1312978094729537e-5,-2.452962768613793e-7,-5.900739154223386e-7,-3.9826521935624453e-7,-1.3001459183136203e-6,9.918204202033829e-5,0.000509868539379984,0.0005086231361349814,0.00046560340443789364,0.00045363943949083835,0.00046642552328764186,0.00045061998950797705,0.00046096475650449464,0.00036805764940342554,0.0003360040986963746,0.0005192574363762427,0.004647025212004968
t180,1.3888473415134382e-5,-1.080492116431718e-7,5.333970358908801e-7,7.921239207093099e-7,-1.2471224066344224e-6,8.462388059765355e-5,0.00032904640268038263,0.0003282329098511308,0.00028771121716213854,0.00028053008144925394,0.00028680509867341916,0.0002801909446182856,0.0002835844664401229,0.00023280077372725652,0.00019631703917010116,0.00039265171021975973,0.002996353347342962
t181,8.869319292863746e-6,-3.1782422904014424e-7,1.2419344407224302e-8,1.9217116984540207e-6,-9.662225571178089e-7,3.387874237606889e-5,0.00019026133922142368,0.00018971494942635845,0.0001496047320380315,0.00014586484481256517,0.0001489699622253029,0.0001446292449026425,0.00014579457056181042,0.00012356303730283135,6.0189925304682894e-5,0.00022548730215703693,0.0015674780538783217
t182,8.935085597093722e-6,1.0469083245491836e-7,4.0304873290869346e-8,2.1677001700751665e-6,-4.065029706476253e-7,2.0193491517060974e-5,-7.607046497199213e-6,4.518598843826967e-6,-2.869714747275446e-5,-3.464025200188281e-5,-3.0207948026903857e-5,-3.8826628196868335e-5,-3.890045805689036e-5,-3.861426478087841e-5,-6.320098192765243e-5,0.0001007135009932715,-0.00014442785710460341
t183,8.983258044590605e-6,7.382651309205637e-7,1.7243358273202145e-7,3.958473208923373e-6,-2.125486490394804e-6,-4.367069390106517e-6,-0.00011064419093985436,-0.00012387652947382856,-0.00016037539702623958,-0.00016304617751574106,-0.00015733041838103583,-0.00014304712692478407,-0.00014607137304389355,-0.0001242864983386447,-0.00020547564219675307,-3.9899247367794676e-5,-0.001366692727121904
t184,2.6451590652022014e-5,6.713454041850318e-7,-6.013602553538601e-7,-7.631519916220426e-5,-5.39341840830815e-7,-4.662464439380064e-5,-0.0001969702878732696,-0.0002033366175427355,-0.00025195940820429334,-0.0002518733541286979,-0.00024743423494495514,-0.00023668594883498634,-0.00024362616428162133,-0.00020626170694422726,-0.00036932430067454145,-0.00016380895463771365,-0.002468238587663024
t185,0.003016830620453268,7.117681405355928e-7,-8.511709712908466e-5,-5.9543466442513346e-5,4.5086751646426675e-7,-8.834479301256582e-5,-0.00028463274898477307,-0.00028308832553237127,-0.00034493274758955737,-0.0003387578372886308,-0.00034476774986975657,-0.00032894907720685954,-0.00033999134419429664,-0.00028661857034681837,-0.0004914681926405135,-0.000245373715606091,-0.0005035924097335637
t186,0.002360112659157012,1.3800172763092266e-7,-6.573513003543098e-5,-0.00010945404826350421,1.6673701985925394e-5,-0.00014195662174160484,-0.0003958580379424686,-0.0003878075470591719,-0.00046811404474011954,-0.00044331789822938403,-0.000471350663838241,-0.0004574172748946456,-0.0004723771558810006,-0.0004015941714650999,-0.0007308532171008173,-0.0003858197176860682,-0.002554731166006988
t187,7.2589799206740005e-6,9.792845015429033e-7,-1.378324069284956e-5,-0.00011596238575762768,4.5989591791143755e-5,-0.00023616449284034652,-0.0005279968619283676,-0.000522752751416418,-0.0006291658348350542,-0.0006011993023614915,-0.0006357492278200804,-0.000619303076380402,-0.0006389429165362352,-0.0005452070449845145,-0.0010898633281075367,-0.0005217047494118719,-0.006643567356859436
t188,-4.3297009779439605e-6,-7.572608408259682e-6,-8.782825730562244e-6,-5.092731649514487e-6,-4.6405456659432515e-6,-0.00025598727037134397,-0.0006687493896440155,-0.0006746683737848508,-0.0008472876844144596,-0.0008563400518230071,-0.0008483778415461943,-0.0008272471121531814,-0.0008588409451028332,-0.0007006297834292547,-0.0018674245639246,-0.0006989511188474947,-0.009134922547473459
t189,-4.0763956443538975e-6,-7.989395393657691e-6,-6.433790407143733e-6,-5.532373909469135e-6,-8.649423118670087e-6,-0.0004180714200304676,-0.000944113555909982,-0.0009517115346634193,-0.001306560283649129,-0.0012701448555459225,-0.0013125312976998182,-0.0012441491658910344,-0.001301043317614199,-0.0010287819381457621,-0.0012718326499157606,-0.000978764281105564,-0.012060385678644352
t190,-2.974546217572618e-6,-7.1535805112831366e-6,-6.2164155782888025e-6,-5.131808063259969e-6,-7.632758030873407e-6,-0.00038272615982992274,-0.0013292505658914374,-0.001324862443670608,-0.0027390835316381725,-0.0024241526693824446,-0.002722578514764501,-0.002490054485031247,-0.0027121147230355753,-0.0016749256204075895,-0.000293189910390977,-0.0014789913279115961,-0.01960103906035535
t191,-2.842659087683476e-6,-6.8929335387392844e-6,-7.319537068788961e-6,-7.229600006079706e-5,-7.136602255204266e-6,-0.00032255812411565,-0.0028931859934155863,-0.002888231271966651,-0.0003941568421524237,-0.0004206932719535931,-0.00039052267056378877,-0.0003870681081471443,-0.000387386658781078,-0.0003841695740567506,-5.598354448823524e-6,-0.0026442063898201723,-0.011214264991432875
t192,4.039621042072196e-6,-1.0056535149644684e-5,-1.1727478700969372e-5,-6.578843011680254e-5,-3.309206646010101e-5,-0.0001654793439499859,-0.000396370127011717,-0.0003795523097073785,-0.00018653896553511433,-0.00021298945166143825,-0.00018556834528754928,-0.00019107199923921068,-0.0001900122342165304,-0.0001875275903128558,0.0004705178498497683,-1.4488649321447167e-5,-0.0017557060557789044
t193,-193.9107439353482,-0.0009817868063906566,-5.209663715418728,-0.0003268869268338365,4.145224938254321e-5,-0.0001426504391886791,-0.0022549905787017364,-0.0022430409661350695,-0.001939438691466184,-0.0013675746936531372,-0.0016238106178561712,-0.00029252010878487455,-0.00010821870359772633,-0.0003002231663122897,3.8031499677759146e-5,-0.0016641746996079142,-199.13357348341637
t194,-198.7314730595028,-0.0009837591837239426,-5.808685313598126,-0.00031225214953748104,-0.00011439191288297394,-9.88728585024588e-5,-0.0018154636201386134,-0.0018056173793978628,-0.0015764345044107107,-0.0011727943929044165,-0.0013458694280180793,-0.00028427880829745095,-0.00013045675143090726,-0.00026397196911699525,-2.7915457649591512e-5,-0.0018583489973630716,-204.5519488005143
t195,-187.63958947835323,-7.233538264114186,-7.210808811085631,-0.0003496647336393993,-5.1538185914726736e-5,-0.0002765847570654009,-0.0016080510617656018,-0.0015980393050836032,-0.0013449147882678356,-0.0010529171157783828,-0.0011718532647955059,-0.00029892439899465714,-0.00016416852266412679,-0.00024294011669995962,8.415195658898307e-6,-0.0021367783970118043,-202.0942245130051
t196,-189.44978210901527,-7.5189930819743935,-7.245269073080324,-0.00036697596045291855,-0.00013245602369298692,-0.0001758596691043958,-0.0016145930672472034,-0.0016037036516117799,-0.0012979334790048974,-0.0010572744578010156,-0.0011471884413080135,-0.00036193262314053383,-0.00023516829569545606,-0.0002577012806362911,1.8335872065873856e-5,-0.0025985318964714273,-204.22487524704408
t197,-201.01983857809753,-8.756306994274114,-6.0512156596264735,-0.0003670589627632732,-0.0001387211325911637,-4.947663134005001e-5,-0.001872704771326728,-0.0018582175752696348,-0.0014824521061277093,-0.0012517107163070456,-0.0013210221859512577,-0.0005319123329890838,-0.0003909338037888974,-0.00032773979697633303,7.13529682316645e-6,-0.0035102006039634225,-215.8404562473207
t198,-201.3684846405873,-8.84586425735794,-6.329661407494589,-0.000379090704196396,-0.0002730699848939154,-4.485807461838164e-5,-0.003002862046077168,-0.0029845509955756994,-0.0023703394801455396,-0.0020562415353138673,-0.002046299716878676,-0.0009543797475160587,-0.0007605324799976451,-0.0004113100911621445,-0.00013359895431793603,-0.0068724912389863,-216.56629993048952
t199,-0.00011803513023384066,-7.834367826199694,-6.679135483244748,-0.0004596838758262505,-0.00014953268694494932,9.445324949866135e-6,-0.0003139658115597334,-0.0003123990140746515,-0.0002813180987286473,-0.0002792183853578295,-0.00021526757507000312,-0.00017438609582937138,-0.00015769280568620741,0.00037242490376418507,0.0007988302006147813,-0.000409875726438657,-14.515193984220863
t200,-0.00013708968790321309,-5.604543295354273e-7,-0.0003403204774568333,-0.0007976126254014196,-3.836487519811588e-7,0.0001333013617923842,-3.7639686265337394e-5,-3.7348234712211664e-5,-3.708108873847277e-5,-3.700530355397585e-5,-0.0004097842904418309,-0.0003824239637860735,-0.0003743698842798476,0.0007673854997564262,0.0018210708624296335,-3.9646141757007316e-5,9.049223660070448e-5
t201,-0.0001914156418727806,-1.14921476899488e-6,-2.976920989993426e-6,-0.0006720536391012756,-1.43929327348229e-7,0.0001433797168223882,0.0035380126086966513,0.00355158146589442,7.414352376809733e-5,7.53409468105076e-5,-2.927626208360382e-5,-2.8949708193028648e-5,-2.9266526241992146e-5,0.0008372051214047986,0.000982631828346256,0.003208166721500776,0.011455230090664879
t202,-51.578427847026546,-1.1513108514186896e-6,-3.0535593065208192e-6,-0.0005734710885060271,-1.0675489708410151e-6,5.690254440564085e-5,0.0014190950100013602,0.0014452376058334809,0.003219946483257462,0.0029730465244644406,0.0033140322570876586,0.0029143157874201428,0.0030187451311038285,0.0006681427034560567,0.0006032606101042035,0.0013334158661750957,-51.55804045001088
t203,-161.2064498729157,-1.4064778434083239e-6,-3.255778263016245e-6,-0.0003136815841306474,-6.6015605201274475e-6,2.8934975181916448e-5,0.0008706636298664434,0.0008619901593322376,0.0013162701932661457,0.0012559236287001119,0.0013448950104099045,0.00118783612088837,0.0011681435625723378,0.0004238692076646498,0.0003474909747742344,0.0007047592911798193,-161.19726404156265
t204,-156.44472247806706,-1.5516147339662339e-6,-3.4532704311136392e-6,-0.0003426835369145856,-9.5196584528774e-6,-3.5192872959060444e-5,0.0005521837075685104,0.0005457171197356172,0.0007649657936185616,0.0007350628611725726,0.0007787529111967844,0.0006830205089072045,0.0006371677634331269,0.000253092682028477,0.000176749932908734,0.00042479518819007816,-156.43956337055178
t205,-151.1078733304665,-9.942508565213168e-7,-1.066646047725835e-6,-0.00030509774852978606,-4.621812568141453e-8,-8.061147009776224e-5,0.00031544056477774465,0.0003114905541444232,0.0004410261510394048,0.00042036949075352243,0.00045022755438647237,0.0003706533203427362,0.0003191528824227362,9.156643922596956e-5,1.3292208765659071e-5,0.00020641593598509587,-151.10532151169832
t206,-159.65544008887426,-7.354081651433244e-7,-8.48694962942059e-7,-0.0003151874211831329,-8.142627839538286e-7,-9.975367843958106e-5,0.00013674001542402279,0.00013439611216495355,0.0002216936620726027,0.00020606037087954752,0.0002291918631221826,0.00015528512406834014,9.346074456531057e-5,-3.5902850564310834e-5,-0.000139878111404576,2.3590487581471054e-5,-159.65483279092192
t207,-141.86861376907748,-3.573882314318996e-7,-1.2946933062991648e-6,-0.00047669580481799053,-0.00028698532997879973,-0.00010522542487204125,-1.3603543033956496e-5,-1.654901550842369e-5,4.598222790525775e-5,3.6598862337074006e-5,5.175211891145068e-5,-2.2202854465268054e-5,-9.940841310184065e-5,-0.00015240327173624316,-0.0002935583395373975,-0.00014047360814521432,-141.87008819355506
t208,-130.90162194099713,-1.1402905017288743e-6,-5.687934049307106,-0.0005224652846903762,-0.0003517730351521578,-0.00010605155442775381,-0.00016640601743550667,-0.00016938066082180858,-0.00012381012937862838,-0.0001304055367726245,-0.0001181986951540085,-0.00019431622211214458,-0.0002976358913802585,-0.00027101803694100005,-0.00046596953846819586,-0.0003185677777574082,-136.59279312897525
t209,-120.8216772938426,-3.4905893739926137e-6,-5.907679733908703,-0.0004903153569716387,-0.0002814755662902153,-0.00010858624698750974,-0.00031906151709221316,-0.0003213892840740439,-0.00029058648610801475,-0.00029387135699177194,-0.0002846288440315261,-0.0003687015139888231,-0.0005147576927117559,-0.00039784889124211273,-0.0006731319730625751,-0.0005179554669144075,-126.73422282853714
t210,-109.75939579090024,-1.78355733933855e-6,-0.0003689945517395543,-0.0008421729419020395,-0.000496885578346099,-0.0001332475692933263,-0.0004868870404233072,-0.000488518376163271,-0.00046980737592443056,-0.00047374558647411653,-0.00046318728551546733,-0.0005706372323797361,-0.0007915730697149601,-0.0005486148473761701,-0.000977831157895343,-0.0007974801183276907,-109.76730715718905
t211,-108.68056334653767,-0.0005243567315383852,-0.0002940404324054266,-0.0005989306535447867,-0.0002393210950169907,-0.00014436495443220107,-0.0006851729358510748,-0.0006878131453238489,-0.0006862645972659626,-0.0006930649045470229,-0.0006777149819186832,-0.0008260806730894138,-0.0012233674827507113,-0.0007522987346034515,-0.0012378340266224457,-0.0009846534938507425,-108.69081862538043
t212,-112.63771654211712,-2.2343635238738438e-5,-3.3947924030068795e-5,-2.553369847099386e-5,-1.949817147038962e-5,-0.00016165802916466243,-0.0009544756516599511,-0.0009583031869797156,-0.0009916258928773028,-0.0010048036738210485,-0.0009777448130399487,-0.0011662389317397659,-0.002252405592918847,-0.0010662498915666846,-0.0017161424986055398,-0.0012897074885480032,-112.65035722119725
t213,-51.23353366062005,-7.828222690914856e-6,-1.0323326887145825e-5,-7.5194963551868734e-6,-2.08419907806391e-6,-9.158424907828891e-5,-2.684181730281584e-5,-2.661378124645104e-5,-2.6138905427979292e-5,-2.6317178985908718e-5,-2.650591217619643e-5,-2.6670749809658695e-5,-3.165931156711539e-5,-2.6806072152071258e-5,-0.003751149466548953,-3.0260997708394553e-6,-51.23762472940911
t214,-26.79763375415994,-2.2240733652759553e-5,-3.338717378285595e-5,-1.3133926433655723e-5,-1.9910783013543426e-5,-0.0001507118996575843,-0.0020370142121327807,-0.002061047422760057,-0.0024358292383419512,-0.001994698646035219,-0.002398085452633431,-0.0017367861630146616,-0.0008540810792839162,-0.0014886616131427116,-9.325607275899255e-5,-0.001644357431928559,-26.814616956008507
t215,-128.51836555833873,-1.9951393684152104e-5,-2.4407036720388332e-5,-0.0003912608743611001,-7.253560156268836e-6,-0.0001819350834906405,-0.0036546081683732916,-0.003644936849834321,-0.0024532490600176946,-0.002384191241910217,-0.0025306796916843718,-0.0016177305152559015,-0.0006183282431599645,-0.001220247431343319,1.3564077057333109e-5,-0.002256543589986855,-128.53935731700165
t216,-152.60418430092605,-8.775682190861714e-5,-0.00016441226547045582,-0.0003472324481455095,-3.1169424297602545e-5,-0.00018187664035861287,-0.00025009962016730845,-0.0002491350452145376,-0.00024868528648064325,-0.00024974084669185435,-0.00025103195861874274,-0.000204326379340287,-9.931299117573303e-5,-0.0001882900722807869,0.00046513006788590584,4.20622645027005e-5,-152.60623017839384
t217,-166.88863523545797,-8.82327709394089e-5,-0.00012303288236499528,-0.000403702866749398,-3.426368739203715e-5,-0.00012120768238346581,-0.00013147166541355258,-0.00013047644762255776,-0.00013554673770079932,-0.00013509484170971844,-0.0001357735343425658,-0.0001186582838218046,-6.194725990453696e-5,-0.00010974725189263197,0.0002147867965714317,0.0003384235949427489,-166.88981118097868
t218,-178.64169429176542,-0.0002675634855855151,-0.0005994353978325979,-0.00040031167366793945,-6.212061991767724e-5,-0.00012737097335566166,-7.10506816728445e-5,-7.059362082025967e-5,-7.42668628324781e-5,-7.494756442830187e-5,-7.422092961065048e-5,-6.499310086493528e-5,-3.824825093746146e-5,-6.162250785445771e-5,6.799870379880912e-5,9.901790744275775e-5,-178.64351402082357
t219,-176.61184127500067,-0.0011701403488311498,-1.4457944887413605,-0.0003963657234192958,-0.0001091033951078189,-0.00017845835741956282,-6.889758371671514e-5,-6.859449515888221e-5,-7.109922989967785e-5,-7.283214110331788e-5,-7.10817392403425e-5,-6.325950223994764e-5,-4.590763564327823e-5,-6.703682678297472e-5,-5.557040479182731e-5,-3.703294526749491e-5,-178.06011114407067
t220,-167.60866947845147,-0.0009929610525417976,-6.396713158295488,-0.00041713920777337253,-0.00013030622565050475,-0.0002571943665450768,-0.00014990160789845488,-0.00014889343572904812,-0.00015068141218777767,-0.00015185793835686205,-0.00014942234310087987,-0.00014265848052207625,-0.00013220327014583578,-0.00014668938717327706,-0.00019271546648232403,-0.00020684029814411223,-174.0087521012392
t221,-169.93477048610566,-0.0010090109252091641,-6.488194013526853,-0.0004081920119634186,-0.00012872820645188124,-0.00035362712180560246,-0.0002981398548812944,-0.0002967616566810802,-0.0002976346931815926,-0.0002990503674727838,-0.000295370819167779,-0.00028303377148402003,-0.0002748372204853595,-0.00028121104400924586,-0.0003609489687636151,-0.00039208540192411657,-176.42794313169597
t222,-176.31480258224977,-0.0009863104569412988,-6.330151554285173,-0.00035531285146928076,-0.00015820316624826406,-0.0004132216443776186,-0.0007928842901065041,-0.0007900389901174471,-0.0007878832533271571,-0.0007866672020112543,-0.000785240883963928,-0.0007299956549226577,-0.0007251876994390524,-0.0006903798744585701,-0.0009491981493019378,-0.0009975493374078798,-182.65490220998905
t223,-1.5309840882552227e-5,-1.5018733977596148e-5,-1.459646988606956e-5,4.025054743644194e-6,2.7967125730699302e-6,-7.420127179306294e-6,-9.732462656785427e-5,-9.646793259843191e-5,-9.572177593316925e-5,-9.659361461221876e-5,-8.932646649421685e-5,-4.655238917571342e-5,-4.6564614198066684e-5,-4.569456667771302e-5,-8.924182631218522e-5,-0.0001228671126712452,-0.0008718783298496248
t224,-5.622647051620822e-6,-8.937648203145226e-7,-3.997685160376774e-6,3.894681123723337e-6,-7.549125303224653e-8,0.00011641121680058762,-3.9986415676174276e-6,-3.975539582298283e-6,-4.2563146380814695e-6,-3.544598059910396e-6,-5.5801316678028135e-6,7.328054298181469e-5,7.286450569567725e-5,8.308250216255973e-5,7.5536012512221085e-6,-3.1456884754954635e-5,0.0002936853514595754
t225,-1.2098382788324428e-5,-1.2719256317083997e-6,-3.285939929852726e-6,3.8131785023071802e-6,-7.091999977843513e-7,0.0001760715459013162,0.003528988711144553,0.003510980891472954,0.0033796963474764224,0.0031801675296327767,0.0027659069249431276,0.0029988941828664423,0.003266394356178225,0.0019233755257271423,0.003072941243696545,0.0031409812797736653,0.030930846268967808
t226,-145.44649854724776,-1.802848532135202e-6,-2.643559969545611e-6,4.067992175379073e-6,-1.5525383879250713e-6,0.000492500261872294,0.0012169241384652214,0.0012285665733513286,0.0011714977730360523,0.0011011540904868442,0.0013833783174845805,0.0011021301041972738,0.0011773920048215565,0.0008633313544927317,0.001321484528952075,0.0012659871602682682,-145.43417613189504
t227,-161.08394174685057,-1.4945789371411781e-6,-3.5712653914909e-6,3.95445125016299e-6,-5.473636962008984e-6,0.000296535199628997,0.0008543612622587829,0.0008482374418638202,0.0007971345854041219,0.000781576562443294,0.0009145705897631362,0.0007605179670272265,0.0007837580760642799,0.0006840686088064704,0.0007700811431142872,0.0007244920153393277,-161.0757329984289
t228,-157.7347847001676,-1.4294226792507002e-6,-3.396723728118298e-6,4.05027631406674e-6,-1.6293188875962397e-7,0.00015466014332328847,0.0005281303654555328,0.0005231940539018082,0.0004742486280883489,0.0004746661119001503,0.0005439520049830488,0.0004598819544849668,0.0004731637740375876,0.00040177267104354614,0.0004577841202535428,0.0003824060494371634,-157.72991177909267
t229,-152.97173410617575,-1.456769204807511e-6,-3.3461948250679448e-6,-6.011429237585919e-5,1.4772188168381754e-6,2.311122932575877e-5,0.00030255135102290993,0.00029790915719132306,0.0002479405888370876,0.00025786893656078153,0.0002974981943743895,0.000245251160443045,0.0002502971328938772,0.00021574099368083528,0.0002300944762032034,0.000157042060942405,-152.96927224093182
t230,-162.27213052340065,-1.3928741807283568e-6,-3.052019958024951e-6,-0.0003940616251440188,-2.2147266111382047e-6,-3.5578408172049597e-6,0.00012156838406110528,0.00011691652238480622,6.318860730136411e-5,7.960642803781978e-5,0.00010308642486190791,6.892083127777086e-5,6.79115476539992e-5,6.130930314626663e-5,4.275657184448967e-5,-3.1406595287823935e-5,-162.27184094446207
t231,-134.7476893785838,-9.68891341988843e-7,-1.3265033002501441e-6,-0.0004249352107707657,-0.0002476414525306094,-0.0001010111758547687,-0.00011583963742431429,-0.00011628886201979738,-0.00016783321841232272,-0.00015878443046031808,-0.00013183288187008357,-0.0001487054330541819,-0.00014693094907539182,-0.00012583298572424624,-0.0001302805322320927,-0.00021128695295765946,-134.74991887770082
t232,-134.1683902889793,-1.1046748945945464e-6,-1.5251574498546812e-6,-0.000545825217148972,-0.00031947048013298304,-0.00016307708722586862,-0.0003245205817392407,-0.0003247252433283603,-0.00038248141961442816,-0.0003665747284765649,-0.0003498033021504234,-0.0003600358470531082,-0.0003663935864830936,-0.0003142218596298863,-0.00030846166479254984,-0.0004061746197930998,-134.17292468444924
t233,-135.1154249131311,-1.4927309463032024e-6,-2.2281222563398946e-6,-0.0004226902187014319,-0.0002370944452643523,-0.0002035950185644469,-0.0003947659780187966,-0.00039504729491215556,-0.0004795958744638206,-0.00044748393441649924,-0.00044613301121584057,-0.00045053330939134623,-0.0004647846866611885,-0.0003841570172578771,-0.0005690109907413922,-0.0006986987392284609,-135.12102222450315
t234,-125.11177448201344,-7.0238615471340955,-4.971494635030499,-0.000708634655814521,-0.0004213691037418085,-0.0002463691016618318,-0.0005617066439138127,-0.0005683388116981336,-0.000693310517807956,-0.0006381324558965083,-0.0006522907208883576,-0.0006381984620248923,-0.0006649174823745502,-0.0005380547359712332,-0.00089885857561175,-0.0010675808343792216,-137.11542842627983
t235,-28.18725881266538,-5.553512819249293,-5.333203912224132,-0.00043756264964668726,-0.00027068540843854975,-0.0002556467084680785,-0.0007907360316963624,-0.0008016372221850461,-0.0009979440979109903,-0.0009155509807801098,-0.0009429804910238752,-0.0009059388229800369,-0.0009465522849561402,-0.0007619679355986473,-0.0011206720036082021,-0.0013298863129262047,-39.08445330508902
t236,-4.030642060422486e-6,-1.0200721491424506e-5,-1.4458846412902206e-5,-1.3185181942371393e-5,-1.022445848452474e-5,-0.00027789788350505583,-0.001081292670268923,-0.0011311602046079727,-0.0012824313696457948,-0.0013153444771580752,-0.0013227241204579305,-0.0013400367400408224,-0.001418689831528096,-0.0009447925041181981,-0.001372932270893983,-0.000365578679721613,-0.011904980602338109
t237,-7.384996713800562e-6,-8.563590709338387e-6,-9.241433949889266e-6,-1.4953063448438802e-5,-1.5369900471258617e-6,-0.00045086939507519175,-0.001718112296394068,-0.0018862164968951832,-0.002375694591354665,-0.00236832525798851,-0.0025210085935246738,-0.0024194152513768714,-0.002706477690355673,-0.0013493386350174944,-0.0036819662249443384,-2.9166830992476764e-6,-0.02152202119089451
t238,-1.0385099653437332e-5,-9.112383784919868e-6,-1.1333002793012952e-5,-0.0003294146226909472,-7.4161873642393035e-6,-0.0006034019542109528,-0.004068632781797652,-0.003810891113466046,-0.0021558715923296005,-0.0020035822643412423,-0.00203121589143354,-0.0019002829375990692,-0.0019318023208426524,-0.0018811358924180322,-3.350675658838426e-5,-0.0037780188675377194,-0.02456600366885145
t239,-162.33397102798492,-0.00048023944092467154,-0.003766215275082396,-0.00031849606159761745,-6.557463682807175e-5,4.847726992343941e-7,-1.7812783654947617e-5,-1.5382730498462186e-5,-1.4807612057477331e-5,-1.5038138949996183e-5,-1.492649919001127e-5,-1.7422567737396524e-5,-1.8840329396170417e-5,-1.4219429206750999e-5,0.00014464486006237248,-2.6542180598310765e-5,-162.3386114160379
t240,-168.43362658051979,-0.0024609338452092214,-5.0549660243531465,-0.00030356071234207874,-5.1064496355103196e-5,0.00019571143241172074,0.00042231939241882166,0.0004212537348740687,0.000443915380750043,0.0004422895149481371,0.0004621052714734629,0.00043500713052593273,0.0004942330931179794,0.00039478925452478855,4.2286860752171804e-5,0.00036948343309012674,-173.48728476942796
t241,-171.60334635282257,-0.0025486628807329845,-5.560167922267243,-0.0003225419932658387,-7.938531405519533e-5,5.998913660330365e-5,0.00020369119350216263,0.00020207569971965284,0.0001817187870433621,0.00018392735461248897,0.00016929111508723758,0.000178483284285198,0.00017640672593205277,0.00015904660712544988,-7.758126250774395e-5,0.00017443057486679723,-177.1648533860616
t242,-171.56678794915257,-0.002568030357635692,-5.613139956625216,-0.0003158233332902388,-0.0001559742167168381,-3.177699715368147e-5,4.5059672671140554e-5,4.7111356428435564e-5,2.8706508977000448e-5,2.999400037667584e-5,1.8287755427124354e-5,2.363769842288642e-5,1.8950277304123362e-5,1.3903598856909576e-5,9.264809096816208e-5,8.972861640776801e-5,-177.18259148310673
t243,-165.0082945545496,-7.883114431735987,-5.705229479486875,-0.0002884379016690048,-0.00018030714058409365,-5.7385405351876936e-5,6.672148751824382e-6,1.0551959881764538e-5,-1.235804571621002e-5,-1.4429600685731016e-5,-1.7447750195764062e-5,-1.9346565104821072e-5,-2.2987826419148665e-5,-2.688079332792235e-5,0.00015447186078316704,0.00022659536773943627,-178.59687975546436
t244,-174.28292666103852,-7.819265077975863,-5.684962310586142,-0.0003088946395160416,-0.0001780608830381148,-3.446612629195033e-5,0.00011617334236846707,0.00011484670605401653,7.780656245454266e-5,7.01183827093426e-5,7.733850812217774e-5,7.398131391598252e-5,7.155549391248868e-5,4.684330405637701e-5,1.3586497223302452e-6,0.0002890183693823748,-187.78673643061666
t245,-189.77030835608088,-7.784343041945342,-5.350671906658063,-0.00040183455246729284,-0.00018720118288456788,-0.00013333623194247243,-0.00014948564409796806,-0.00014405726588454678,-0.00015655384762851474,-0.00016271190313357542,-0.00015414692845097338,-0.00014731807563024828,-0.00016949621223401779,-0.00015775139138835407,-0.00021442778885899275,-0.00031394505160754787,-202.9078155707605
t246,-194.11253822665202,-7.554383377818838,-5.799233049070577,-0.00030760387589211604,-0.00017125262510052084,-0.00023545311874899813,-0.0012650558576548447,-0.0012602034069093436,-0.0011240902269839916,-0.001099295571252193,-0.0011253980768523412,-0.0011028248574663777,-0.0011389672056077514,-0.0009329170718775843,-0.0003915353833073625,-0.0013415486246365854,-207.47765079944375
t247,-0.00016209730016088713,-7.8388173600656,-5.892485993912925,-0.00041498030782830263,-9.553227079199204e-5,-0.0002115000220351048,-0.0003277955633197533,-0.00031765826740876843,-0.00028932034430495296,-0.0002926058245607358,-0.0002902852797852295,-0.00029042094450842135,-0.00029008128561513606,-0.0002838535327565975,-0.0008587920870840276,-0.0003595445006237938,-13.735787821509309
t248,-3.2493340609919063e-6,-1.167858858210803e-6,-1.2626077837114043e-6,6.286794235550084e-6,5.2274463528550075e-6,5.4228319472701735e-5,-3.880331677894945e-5,-3.910765259792952e-5,-1.883077454619111e-5,-1.8808048753638784e-5,-3.9074506678033974e-5,-3.071210322727103e-5,-2.9922512102350697e-5,-2.0566165319684543e-5,-3.8177774684526405e-5,-3.8496623814725115e-5,-0.0002524367191451079
t249,-8.674452706141534e-6,-8.982868792267581e-7,-2.9374493486505263e-6,5.240447920253201e-6,2.0148059117593893e-6,0.00014497275274745984,0.0025504908742557905,0.0018842813183485932,0.0001638119576290734,0.00016541296312007125,0.0007447973579552617,0.0022860612161386645,0.0024572582883253466,0.0016168150393417848,0.00546387319986802,0.0044250507208838125,0.021897570753511876
t250,-29.75955652930794,-1.499650335414874e-6,-6.843175191794954e-6,6.93355201009028e-6,3.73539035480776e-6,0.0004081468399469619,0.0009895724282900666,0.0011000723057931715,0.00013842153328321076,0.00014243257620805475,-7.172660654658617e-5,0.0009377584726296007,0.0009706854436487346,0.0007838481107220146,0.0027183316475032464,0.0022543892621862713,-29.74918227117744
t251,-149.2684503372545,-1.638120309389977e-6,-5.459650163975108e-6,7.646696490005055e-6,6.08821878992695e-6,0.0002016832192607353,0.00043789145348128474,0.0005599914543930693,0.0014878232129286512,0.0014303492823182745,0.00027522623444795204,0.0004430650757858366,0.0004485964447487912,0.0004433154426467757,0.0018469204474572617,0.0015403731144104011,-149.25932846472784
t252,-160.00530904118645,-1.9167077489617347e-6,-4.8997967839426434e-6,-0.00020758799066943086,-9.587752494011704e-6,6.0871605648119635e-5,0.00011527588797855457,0.00022926800707328884,0.0007941344079522712,0.0007594905018292268,0.0010398217167268953,0.00013778893665339272,0.0001347793025278082,0.0001567253991394496,0.0010697642066400353,0.0008873329336203832,-160.00014778052835
t253,-128.3608909695503,-1.8617120524404959e-6,-5.270956807990274e-6,-0.0006307633293050243,-0.0004575180764365483,-3.9632846637525904e-5,-0.00011772431542165592,-4.230989972792997e-5,0.00026543024529114307,0.00025852420434846257,0.000445211068779243,-0.0001065923374072651,-0.0001161250783585165,-6.568878659886939e-5,0.0011050628066640409,0.000856241158421103,-128.35954398740554
t254,-153.57321532647362,-1.1694877603631614e-6,-7.47308534459154e-7,-0.0006058688846605474,-0.0005447796694765076,-0.0001499300339607299,-0.00044487406515944804,-0.00037990805364833305,-0.0001558239251019094,-0.00015632374447447625,-4.4267202693362936e-5,-0.0004286982732588034,-0.0004393196364493876,-0.0003522880037209811,0.0008890495462792427,0.000654167168166248,-153.57537610804806
t255,-134.24154568139872,-7.420527407503774e-7,-1.2304602877374722e-6,-0.0008813459764585326,-0.00044941765982591734,-0.00019758279132586117,-0.0007029274095213441,-0.0006428565166900017,-0.00044564334098337,-0.00043015547902116425,-0.00035139990588193675,-0.0006765631324424728,-0.0007058437892280526,-0.0005598528518243442,0.0006849606330980018,0.0004778317279000736,-134.24642845040395
t256,-148.53776397362498,-2.2965915636853146e-6,-7.290965407486201e-6,-0.0011142352421132258,-0.000537003820135685,-0.00038963868231711913,-0.0011918799637650975,-0.0011311939464494058,-0.0009169523218204776,-0.0008934585955127322,-0.000827511693613817,-0.0011472787348118271,-0.0012034146767071147,-0.0009487734949474385,-0.000867726801727087,-0.0011200785939563447,-148.55006270774985
t257,-122.88901826881477,4.111363737801901e-6,-5.341389238135017,-0.0011840997700495388,-0.0002852415369223032,-0.0007658057464764832,-0.0030523547373272055,-0.0029458739302785537,-0.002552272003424286,-0.002474119261005644,-0.0023919396978971334,-0.0029061224079693798,-0.0030605097602168212,-0.002326960218468341,-0.0024933756239627204,-0.011697851692076806,-128.26853992197212
t258,0.004204198023058893,-1.4941276069939983e-5,150.86310677351008,0.006106943981295038,0.0006443625267331268,-0.0004588045867537533,-0.000541545571442909,-0.0005390609267905538,-0.0005322606339427252,-0.0005299968640896592,-0.0005289780165350496,-0.0005370275943281561,-0.0005400321698761736,-0.0005236238755390215,-0.015423910571487844,-0.0022050283379226694,150.85168706761635
t259,1400.3945557422373,102.08403676962182,0.00039712800808384345,0.006652756567802866,0.00047565143897687325,0.0004148895039007842,578.7123377945345,296.89791588280116,0.06378496974924337,0.016168232474170395,0.04841670755283794,0.003884466705023273,0.0010517579127670123,2.71999572504636e-5,259.2373100514954,2582.166744668164,5219.634174668725
t260,330.4152169332104,0.00018142803188927927,0.0002230431505444716,0.006307542487946946,6.146186308555023e-5,0.002413387724558453,0.00047355982165431525,0.0006750735640009454,0.0007721469905915728,0.001049561827747708,0.0008059911338623852,0.008884445346926898,0.012673945209160285,0.008219685623193106,465.0509834659901,5.690086063042872e-5,795.5089985728362
t261,137.0118448735223,1.5474316071498402e-5,1.9205241740140858e-5,1.1442881573967631e-5,3.9118431741377535e-6,1.4574944797664405e-5,-2.04698774798741e-6,-2.115065805710402e-6,-2.4349220639264663e-6,-1.7343030979523407e-6,-2.485485780751869e-6,-2.91452137180933e-6,-4.780189746089094e-6,-5.7004382309089156e-5,-6.664936249552164e-5,-831.4011451292774,-694.3893778117482
t262,2.118530175799234e-5,7.5696997685870215e-6,8.744352558968947e-6,7.996898425456822e-6,7.961642786171668e-6,-3.835950799709087e-6,-0.0021204781689599704,-350.7432103503296,-0.000605621972983571,-0.0003614486344119472,-0.0006184324792039748,-0.0007172181611808131,-0.001401060800709617,-0.0007639616882011972,-855.7191241478321,-2219.3459031719626,-3425.8147762700855
t263,-132.3675792665961,-0.0002872186935792475,-0.000715047536414941,-0.00023985284401622462,-3.0646636164538506e-5,-0.0008770271026872589,-683.7107076542313,-0.016124999636457353,-0.057067737447796446,-0.006110137311185631,-0.03973005369438955,-0.0041094150307883735,-0.004226321086379612,-0.0025438482091389935,-0.00289882255711167,-0.005188166309405051,-816.2184362149229
t264,-177.8939357751248,-0.000981745636330801,-5.500546635204939,-0.00026312093710201625,-2.6525646781921255e-5,-0.00047300377125848405,-0.004518937176151314,-0.003746403527890535,-0.004108449405159641,-0.0025937915811762957,-0.003866114821069109,-0.0018874042378708362,-0.0019367107439707321,-0.0011617161960310342,-0.0013577767396066606,-0.002062596035651917,-183.42346670678577
t265,-181.91774819322796,-0.001028473280259725,-5.87643350550642,-0.0002598155417626496,-7.443079189405023e-5,-0.00032150847230793704,-0.0030816506741545703,-0.0025898896334429398,-0.002651416416846118,-0.0018644774566787176,-0.002505362999266875,-0.0013890957391861215,-0.0014244182667410542,-0.0008442890473157549,-0.001041879799109293,-0.0015636258825190274,-187.81482203273586
t266,-182.60630854213028,-0.0010513002665763181,-5.542472731832347,-0.000260693623654036,-0.00010869202360884197,-0.00027013696718723636,-0.0026113287572722813,-0.0022646644053400567,-0.002287962780647256,-0.0016745358300347306,-0.002175327033243121,-0.0011957093147643664,-0.0012280679594314173,-0.0007293931646612838,-0.0009401517820069246,-0.0013583064346338483,-188.1669375443057
t267,-184.68871195853308,-6.69085249235046,-6.583324536845573,-0.0002882184007314418,-0.0002898333898385539,-0.0002611024427534908,-0.002320541997521771,-0.0020478739390877884,-0.002010200435463877,-0.0015508306304655131,-0.0019333436244786193,-0.0010968171040073831,-0.0011333961488299471,-0.0006619085288773847,-0.0006687977324504566,-0.001300062788225144,-197.97845191489182
t268,-184.97601161689295,-6.934996521097416,-5.9184625724034605,-0.00031826692939119415,-0.0002872408062793689,-0.0002792505924655996,-0.0023094581613759624,-0.002050039243261773,-0.0019400013453782974,-0.0015464054718960104,-0.0018760886432826012,-0.0011343073426288753,-0.0011750152244606627,-0.0006854279882064807,-0.00012129691944366352,-0.0013845612506876727,-197.84457807031256
t269,-183.18896094643748,-7.018832589010425,-5.986385975253811,-0.0002495829854937154,-0.00021103689985252288,-0.00033509902282110557,-0.002617133751135946,-0.0023455542989656553,-0.0021918173888977642,-0.0017900413500230986,-0.0021282998738259206,-0.0013511390158687327,-0.001401594737002157,-0.0008345842126059629,-0.00040957682466151175,-0.0016771371460306496,-196.2117221082089
t270,-203.97216437797118,-8.29193142995865,-5.827339811843922,-0.000294810780462454,-0.00024827332604635785,-0.00039830052314599666,-0.0041525135870341835,-0.0037648330500079895,-0.0034552153255782113,-0.0029006154705421344,-0.0033615759445156743,-0.0022892390303995394,-0.0023823134314606867,-0.0014439337069109867,-0.0014804869926158821,-0.0025934532369700073,-218.12020118417945
t271,-0.00018229695977201976,-8.441880966825611,-6.063016746483476,-0.0003974679447381259,-0.0001501244187500571,-0.00017080236870786384,-0.0003235664230440575,-0.0003201635320441063,-0.0003144798452940415,-0.000317495199782553,-0.000326647133718691,-0.0003171948952769225,-0.00031760828041214304,-0.00025674359717171706,-0.00043042770953917795,-0.00039167526407604496,-14.509114406881414
t272,-4.020999353555496e-6,-1.2216502573522272e-6,-9.958168284005802e-7,6.188599206311635e-6,4.505421774918248e-7,6.677037223262699e-5,-2.87633002419357e-5,-2.8194690304978667e-5,-2.547873251861569e-5,-2.5634623911186945e-5,-2.6736587436719354e-5,-2.8614442271975605e-5,-3.046315516410319e-5,1.733974373879925e-5,-1.016321450747019e-5,-4.0084503355120075e-5,-0.00015962245879618404
t273,-1.7569878996106973e-6,-1.951012889411742e-6,-3.8795584937572e-6,5.9219976043431e-6,1.9280360875348007e-6,0.00012124671105255462,0.0028792724255264197,0.0027935801634723714,0.002305591916692565,0.0022025279788355175,0.002435443287540234,0.002599131672290095,0.0018559329334793557,0.0009575979215466928,0.011360032957099449,0.00779194454634572,0.03730256498829007
t274,-89.90277402365595,-1.442030974014575e-6,-1.420840964117043e-6,7.712924751001735e-6,7.301898704846869e-8,0.00028005651951094624,0.0008078332733878829,0.0008677731912192896,0.0010861508175608859,0.0010167393141532978,0.0010332644886541962,0.0008699957857914485,0.00040909658961396997,0.0012307359046321476,0.005588986502245079,0.003674600112656682,-89.88590386808472
t275,-166.77504123228823,-1.7335187202585479e-6,-2.1253990685542e-6,-0.0003634546517293154,-3.971738153364884e-6,5.304203701627911e-6,0.000508803804853237,0.0005109168513453834,0.0005815933248331348,0.0005680465070188154,0.0005565922028799978,0.0004958325946497298,-1.9631567361640232e-5,0.0006047249990715995,0.004323713396680395,0.0026114161350564444,-166.7646652051432
t276,-148.85964451586963,-1.2636473031361815e-6,-1.1640564184064605e-6,-0.0003240218024805929,-8.807727140575908e-6,-0.00018766698565720642,7.978813925001938e-5,9.60323053265783e-5,0.0001503941165282949,0.00013894778337242002,0.00014801906912698202,9.049642784319671e-5,-0.0005010646503372548,0.0001827674041827283,0.0029902823932392345,0.0016008967820666277,-148.85519088031805
t277,-60.50575361102561,-1.3839732821950705e-6,-2.598751369378868e-6,-0.0005361032813106615,-1.4452187819109334e-5,-0.00040811725239962263,-4.469877359153559e-5,-4.620202389571935e-5,-1.6687243038121435e-5,-7.667711702865105e-6,-2.5497420922025825e-5,-3.633285368381428e-5,-0.0011998325063384578,5.036323813701936e-5,0.002944239563267286,0.0017152791600635014,-60.5033833030435
t278,33.09918529073396,-1.5574839470763003e-6,-2.418747611782095e-6,-0.0004651945907896852,-2.763586252622016e-6,0.00018891418729533884,-0.0002815668495255815,-0.00028379649383666455,-0.0002598167887677735,-0.0002427843764556835,-0.0002668679618194605,-0.00026456085146454286,-2.2996903381605254e-5,-0.00015346762129391393,0.0025595539567896926,0.0014350793523942795,33.10112104597529
t279,667.1840886155152,-4.066249836511668e-7,2.900581534155503e-7,-0.00039111401013400173,-1.0780026216188586e-5,-5.302912555858746e-5,-0.0005933652399462083,-0.0005890791722574207,-0.0005631972947519943,-0.0005328678760401615,-0.0005747507045870803,-0.0005755534062032253,2.8297050771444683e-5,-0.0003668823757676876,0.001817507790066133,0.0010819296874165698,667.1827656142453
t280,1359.2082196923373,-1.2398571627151688e-6,-1.9275555267799135e-5,-0.001207155873608863,-0.00043068802878229695,-0.0001124119741605283,-0.0009936490500400783,-0.000993403251458225,-0.0009657258918568271,-0.0009155827794455995,-0.0009775738481820223,-0.0009547068356402712,-1.4987981146244036e-5,-0.0006251095929502193,0.0001994653160250721,0.0011075710409059795,1359.2013152181748
t281,1360.1176387069843,-2.027983611031507e-6,-6.795058584283194,-0.002162864048139191,-0.0005783902349323427,-5.048343076086345e-5,-0.0018684914819931502,-0.0018553042166328429,-0.0018299385487472305,-0.001696728651748049,-0.0018442160857147748,-0.0017669914458706647,-0.0007551319894669589,-0.001201345529843749,-0.011184556668860918,-0.0015200845053971138,1353.2942635678792
t282,1114.7833773614398,3.908498795877879e-6,0.0021896930185749557,-0.0012799549386400932,4.16025905861463e-5,0.0006028695005382805,347.34387850592265,285.6280818654812,367.7735595785827,0.04351048784505091,298.7816842728785,0.028135849383903625,5.733449732806019,0.005308760789144431,-0.006429813575828917,-0.0011219393553556225,2420.1149927808674
t283,763.9816607660468,-7.0794022172920466,-4.209546025095431,-0.0016505771883468163,-0.0009350512397032508,-0.001063570167459678,-59.14260487545117,-54.9811207062636,-62.331813707768326,-0.03276195842606746,-62.433822748909066,-0.030652917391310253,-6.772984447353691,-0.004021624595336636,-0.008174682285939075,0.00045857391593271974,506.9515642305353
t284,248.7852147082613,-3.029053700337187e-6,-3.849015804456436e-6,-5.794375025815185e-6,-2.259794655244838e-6,0.0023171495174363066,-6.175638610476116e-6,-6.184385308702492e-6,-5.512699330021261e-6,-5.239564626698115e-6,-5.459113651879169e-6,-5.7519755910608045e-6,-6.1795039667719995e-6,-5.718443434536388e-6,-0.011263467407086244,-7.2438103331931024e-6,248.77619999299762
t285,-0.00014887129107882336,-0.00022089702498269222,-0.0002764523288990958,-0.00029863292402162176,-0.00014924119645980322,-0.0005896736432245125,-97.4801356058936,-78.54754476020246,-104.00801715408952,-0.005070039402579369,-112.33168117399859,-0.0010923901228704245,-0.0004013800629451348,-0.0009219759342871982,-0.00032183580095769754,-0.0008913317584961729,-392.37776141567497
t286,1.2414492397465478e-5,-0.0002213697961790951,-0.00028692659029778305,-0.0002669140744312402,1.3536642398056247e-5,-0.0002410385819565057,-135.15712522548372,-100.93569426082496,-157.26072896201117,-0.003718493790433965,-178.22298139521337,-0.000626725804832196,-0.00020453108096733037,-0.0005598728046591008,-6.973170767155195e-5,-0.0018348913416431402,-571.5845343879714
t287,-76.1378310324007,-0.00022946422310920195,-0.0003860988779678328,-0.0002737551267814085,-0.00010118038308068928,-0.0005233027570219139,-118.58518623220847,-102.98525524417605,-110.90445669649678,-0.0028705558305782645,-0.0060943346756590685,-0.00044005365065862044,-0.00013158615927343125,-0.0004115125863760458,-4.970478705411474e-5,-0.0014273855772612414,-408.62566813991685
t288,-180.9163147159101,-0.000400008127823744,-5.7621347269173455,-0.0003373118543869385,-7.97364452216659e-5,-0.00039255589390656124,-0.0034118471188272653,-0.0032791720643337782,-0.002686542981745619,-0.001683192175441856,-0.002132388321816202,-0.00033688250857804957,-9.014027013235584e-5,-0.0003198887002016294,-4.100273204443934e-5,-0.0015238161600046574,-186.69516392818193
t289,-0.0053505585259982814,-0.004560204892199544,-0.011136121307273658,-0.00668680399864876,-0.008449201575890271,-0.00013374002299884857,-0.010634207065169323,-0.010048455431884339,-0.009100679096116433,-0.004133333102598533,-0.008388706695576625,-0.0021786173670995676,-0.011472239247767633,-0.0007359439714143248,-0.013668382271781751,-0.03427397759209857,-0.14095117216451644
t290,-0.006112513988440334,-0.003919182600019504,-0.006856588471444627,-0.006369063430690821,-0.007613355605775142,-0.00011711366625043835,-0.006261868701507908,-0.005510836438356142,-0.00447349444840998,-0.0010989048105703235,-0.003946722435980659,-0.00027480972230107,-0.00692504012895511,-0.0004135592125726197,-0.01083490347990933,-0.03320451315646615,-0.10393247029765017
t291,-0.005910301479201602,-0.0049159071964803265,-0.007903621119864758,-0.005755549832008946,-0.0069259135193439686,-0.00010607382770530067,-0.006590736760984533,-0.006353037804642857,-0.005732329506323443,-0.0025630758737691197,-0.005347798311933365,-0.0013417679148769398,-0.0067647757880815295,-0.00048071182651038545,-0.01016599234252446,-0.02579202149289929,-0.10264961459715083
t292,-0.005586365350764686,-0.004776961080702904,-0.006881441594607268,-0.005254600501905216,-0.006463964559449916,-0.00010698470139938977,-0.006871436150402594,-0.00678222851996074,-0.006594088308289492,-0.003460676616345914,-0.006369175469720574,-0.0022413477423182926,-0.007382886561379646,-0.0006019622499090257,-0.005966953244508752,-0.015026335283710354,-0.09036740793537476
t293,-0.005604207196173663,-0.0045754401435307455,-0.005814697681228559,-0.005118149139101361,-0.005699491855481434,-0.0001281347866181535,-0.007919011437025232,-0.007863937009933474,-0.007978803540451449,-0.004589698995177328,-0.007941489319983222,-0.003252911314434926,-0.00892742361714796,-0.0007521469436047075,-0.006888535526361035,-0.012926143789674771,-0.09598022229592802
t294,-0.00543904000948067,-0.004260939658167323,-0.004883816620606302,-0.0050250351421492105,-0.004935951892097154,-0.00014240026538093624,-0.01035234874374199,-0.010199060855822496,-0.010479330389314194,-0.006365823736110904,-0.010786785224042911,-0.0048333026927001276,-0.012425300124457197,-0.0009872079191594121,-0.010409872618156025,-0.015250342384737622,-0.11677655827612446
t295,-0.005681999763549402,-0.003367146498209526,-0.002613736361220333,-0.004804436197365014,-0.003853182578409553,-0.00013114791141302263,-0.01368999479199461,-0.013615446852387247,-0.01417105430772325,-0.008822393188612446,-0.014628905583176303,-0.007035942125829324,-0.01689395646713151,-0.0011832477713703217,-0.01869890309791257,-0.010034290994209587,-0.139225784490514
t296,-0.0049680713173079795,-0.003457276750068731,-0.00165025894786461,-0.004727629009669201,-0.002794145646906483,-7.907016124471161e-5,-0.029117162998728616,-0.029105611656759678,-0.030781806916253728,-0.014416025502071899,-0.031603842858893776,-0.010339691507801849,-0.036986580537064044,-0.0012863748869965743,-0.025941260507163288,-0.018179923608811974,-0.24543473281360714
t297,-0.0036599761507026467,-0.0028269928671250024,0.00028483375701836934,-0.004072429857971117,0.00020860874703909022,-3.4725310582659116e-5,-0.011724721310564842,-0.01169897563729786,-0.011751524767472809,-0.01040926510001681,-0.011725857775253739,-0.009232806409663065,-0.011297025154152717,-0.001430134724401923,-0.012021788720535132,-0.006248040532495758,-0.10764082181417861
t298,-0.004738923068272823,-8.216677856970569e-7,-7.807095835864037e-6,9.14393738008007e-6,3.4779315898080345e-5,-2.0118043962283473e-5,-0.0004751957742680819,-0.0005046869115185876,-0.0005247200300162603,-6.192388462363142e-5,-0.000529198765193611,5.575151610081836e-5,-0.0006301976858782223,0.00041654847028593843,-0.0006570382438712053,-0.00030255384159525074,-0.0079369617731566
t299,-0.005790645962011588,-1.4510263799465685e-5,2.2498326463586386e-5,-1.6365984789376816e-5,2.264777260194743e-6,2.545820764377524e-7,0.08252441449309358,0.08076284459297664,0.08180513270243568,0.017994362714475885,0.08102828754345245,0.012177118752112588,0.11623039636545791,0.0006621705924350346,0.08088947282509969,0.09990332487337097,0.6481810209301102
t300,-0.00582672145971576,-2.343878259020772e-5,1.4500353845226479e-5,-9.497074272303569e-7,4.372547830264613e-6,-7.254551027649386e-6,0.03616704438929631,0.03472893705528856,0.035706433263245956,0.00936390343737982,0.034910794627268066,0.0061916804525333925,0.04224938336761263,0.0004423922609394231,0.031200180201673807,0.04246482333263638,0.267586080788789
t301,-0.005294361648706266,-1.4149430201954307e-5,1.4543170232743406e-6,1.0090721368211814e-6,7.758566257435652e-6,-9.775377178412821e-5,0.022296394166475796,0.021257226574595802,0.0219957787358769,0.004965071784412204,0.021413425992441417,0.002700167950395939,0.02336129178764632,0.00014415223828633948,0.021890828539960546,0.030612220013517995,0.16524051488833444
t302,-0.005429922666867528,1.275782126362884e-5,5.6180630387572445e-6,8.497990897803802e-7,8.89536465887331e-6,-0.00011801219194074003,0.015975993966676934,0.014809175558407987,0.015180500655326458,0.003083263820639262,0.014765053666987826,0.0014057918328112113,0.015426154805903784,4.0418831746197366e-5,0.015397831552578208,0.02249635994056177,0.11306073082088242
t303,-0.005427489067030079,5.7095558597568015e-6,5.586026545780091e-6,-9.570809574792927e-7,9.877432700662143e-6,-0.00011942246626016199,0.011245164858028673,0.010431822676235507,0.010510115545815825,0.0017381155644768547,0.010222162954744683,0.0005919186720798178,0.00998880181907813,-2.463658766534014e-5,0.011160964286715775,0.016800339411350857,0.07713807360171926
t304,-0.0053329181717032565,1.259859244623609e-6,1.1371056881756899e-5,5.463092058940725e-6,1.2860985944767681e-5,-0.0001209723530811635,0.007495808066931326,0.0070486623427182295,0.007001553641705411,0.0008589779068224672,0.0067682905374157575,0.00020006967028510822,0.00552270187477703,-5.6533078282424226e-5,0.007943224643719932,0.012388530679775203,0.04974835075521371
t305,-0.005136328949235757,-0.00011010244399025699,0.00020325088600878558,-0.004410427552714326,0.00013086489256268865,-0.0001134103745928445,0.006564613132465488,0.005878907867591424,0.005275585012130847,-0.00030062975134095127,0.005059404404177914,-0.0009365608616672891,0.0031260456160855246,-0.0004264102935120994,0.005525033459229336,0.008762447417712371,0.02909228246091085
t306,-0.004836743347611336,-0.0036609781803491194,-0.0015174150304678592,-0.004521073884282979,-0.00042178939812400457,-0.00010552538845077575,0.002157946454642418,0.001950352822972261,0.0015235242472649217,-0.0016864836973993053,0.0013894841101002194,-0.0020840176665255696,-0.0009587750479401505,-0.0006083723835536989,0.00186215475185558,0.005264247002633366,-0.006253464635236032
t307,-0.005729888726560774,-0.0037131933652124476,-0.0015990023193448364,-0.004655562448344767,-0.0011878572582254767,-0.00010117574514146592,-0.00015681620390361426,-0.00044919473284018956,-0.001026646479258818,-0.002640121249046026,-0.00120956771775025,-0.0025128364964265245,-0.00430858616569751,-0.000622707975700056,0.00038811180510966206,0.0025030474781927636,-0.02702199760015033
t308,-0.005651502561912236,-0.0037891313646126103,-0.001763113282321769,-0.004715907650060773,-0.0014558074807553751,-9.671928089998163e-5,-0.0021530191608565338,-0.0024864522954597046,-0.0031774058166257942,-0.0031960531412035817,-0.0033729959849538105,-0.002608282349577561,-0.00771031642227534,-0.0005852024771555591,-0.003134810031721699,-7.312962541779856e-5,-0.04596984892581013
t309,-0.005304496458745557,-0.0038677419045443813,-0.0015437758417729086,-0.004655356557197012,-0.0016547216926296121,-9.503156930293233e-5,-0.003649442762313075,-0.0036746003957012843,-0.004751365513859701,-0.003211745746438774,-0.0049334754816004345,-0.002544488038741852,-0.011245668550818853,-0.000553609879006219,-0.006837032085407436,-0.0027475911555740052,-0.06127014363365403
t310,-0.0046569028946040255,-0.003997899164036298,-0.0016640129648580755,-0.004686323690978625,-0.0018518386490088453,-9.343357209015379e-5,-0.006981872285388011,-0.0067935977221098235,-0.008234957454344658,-0.0036658627013895885,-0.008465209135044581,-0.002681438826626533,-0.0157256368749209,-0.0005412375350677727,-0.01087629391820173,-0.005247971688170792,-0.0861644890768404
t311,-0.004270267101325181,-0.0040533578123459115,-0.0018264940530823863,-0.004756480883027963,-0.002033520898722702,-9.209693351969593e-5,-0.011748543570354852,-0.011358516817013187,-0.013324354165155634,-0.0041899847516707394,-0.013720071436456682,-0.002866469631043287,-0.020446003252607235,-0.0005364324135183661,-0.015631972678735524,-0.0077839932259817154,-0.11863855962456106
t312,-0.0038881983448207677,-0.004100328764366305,-0.0019394273502879352,-0.004820064959320112,-0.002201166198954191,-9.384187603318043e-5,-0.018730223465714863,-0.018026105152703045,-0.021088738762140364,-0.004832516057878272,-0.021909493590880933,-0.003243467473816158,-0.027180825451207185,-0.0005624394324067946,-0.02183890092812241,-0.01040935445467598,-0.1648650922633285
t313,-0.0033971131941463303,-0.004045443042964071,-0.0019076995663091382,-0.004814639530066943,-0.002288745864587077,-9.97201802864404e-5,-0.028339994259817286,-0.027517286640217818,-0.032436475895971595,-0.005151174536272566,-0.03414153906260064,-0.00353695256196115,-0.03969233154789711,-0.0006042992064688142,-0.021836106207525414,-0.013357109654671635,-0.223166630951764
t314,-0.0029495355767876937,-0.004053524187363107,-0.0019827456590789183,-0.004883564116176361,-0.00244802028261582,-0.0001014939691936197,-0.025292137244778568,-0.02459912800318251,-0.027069225282332438,-0.005046668892232788,-0.0263158433690003,-0.003317086676227951,-0.02827845939523611,-0.0005994207844939457,-0.019399448629375305,-0.01638931496912057,-0.19272561703719598
t315,-0.00027277781322614005,-0.004067345222972025,-0.0020952891109650464,-0.004945262644379231,-0.0026111126566808448,-0.0001016080414410624,-0.021872398124591862,-0.021372564069466832,-0.021560590852176896,-0.004551632706233615,-0.020727123236909725,-0.002831725738129837,-0.021207878291316005,-0.0005780552345248793,-0.018550997932954855,-0.019812241039834134,-0.167158602715803
t316,-0.00036292955765504693,-0.004038221894411403,-0.002158142231360372,-0.0049756947612709015,-0.002773853081632933,-0.00010217650114391835,-0.020540219219976136,-0.020177908356190485,-0.019138891311181117,-0.00460540322660535,-0.018384847331437096,-0.002849445278426135,-0.018297154896543655,-0.0006151307686194107,-0.018883167934049042,-0.024046170255119893,-0.16194935660562287
t317,8.565897602037001e-6,-0.00392973941231661,-0.0020115491353753603,-0.004925187595330411,-0.002841387604597414,-8.175370840037754e-5,-0.02097077454332066,-0.020377957424376376,-0.018620005047488213,-0.005531171316716479,-0.01784701762535447,-0.0037824259433312775,-0.01775834986025898,-0.0007743896734060708,-0.01980732315229969,-0.03032943129848532,-0.16957989744345567
t318,9.028954805456163e-6,-0.00240752087748099,-0.0020582266884193122,-0.004896623351984343,-0.002855655656408466,-8.525936929169692e-5,-0.023588118396117953,-0.02294239702115044,-0.02080879557126304,-0.007477027658984638,-0.019869910223792465,-0.005434812540629724,-0.019774136825215265,-0.0009769278802622568,-0.022956592513536617,-0.039742465298496385,-0.1958654409182281
t319,2.2401034220333528e-5,-0.003833674483812474,-0.0020302089771133806,-0.004890071568254425,-0.002807512653553335,-6.800911041779926e-5,-0.029161863650955945,-0.028331948888340376,-0.025271879605662607,-0.010506549551885692,-0.023876077649199225,-0.00804790099217764,-0.024165416911701324,-0.0011749112762502092,-0.02917117769109744,-0.053626703023518456,-0.24694150499971998
t320,1.1866705398888645e-6,-0.0038083687604253936,-0.0020716746263805337,-0.004944047927459719,-0.003306085480006689,-0.00010179485097909034,-0.05385369394372351,-0.051036935696501286,-0.04575604299615935,-0.018060310686712162,-0.04283650037964233,-0.01349274971428064,-0.04990939992552899,-0.001240271294513513,-0.054374518782740626,-0.11611002452269868,-0.46090123291721263
t321,8.14355248938746e-6,4.0198533188880434e-5,5.9121999116444755e-5,-3.778801300172002e-6,3.368871443259172e-5,-8.111128621497624e-5,-0.0006518501076093115,-0.0006650451834947922,-0.0006597581550247088,5.440841213930757e-5,-0.0006494710260099789,0.0001872126559277081,-0.0007828461553690041,0.0003143953885091838,-0.0007666252878783083,-0.008345717725686805,-0.011909034472784553
t322,9.044971099531785e-6,2.6887756391838034e-6,7.6063985226866245e-6,3.064655337636677e-6,1.139500549868842e-5,-7.86495786798668e-5,0.08522397321213093,0.0820123424874052,0.0822950483407281,0.016754979768600138,0.08271166380516558,0.010946960924656187,0.10651667178909119,0.00034177370386669114,0.07943031592132757,-0.0004096992861442622,0.5457791808942452
t323,1.0306706600190506e-5,-2.2302142969350986e-6,4.065760115766939e-6,-2.545233392330043e-6,5.429695424810444e-6,-7.633606682233091e-5,0.020915577496701178,0.020864928916158657,0.022155429324071507,0.008658252705864955,0.02211166714597711,0.005592171722442577,0.037056118334903784,0.00025132171334114076,0.024819124997746123,0.07864421375323512,0.24100749675807132
t324,9.62349400710086e-6,-4.6541498487059906e-6,2.0977248983438223e-6,-4.68323781371025e-6,5.175336976415291e-6,-7.397495013068366e-5,0.015249439154445103,0.014480839089011429,0.015611341905777945,0.004991081717486497,0.015438167074354178,0.0028652156808999458,0.02185828209545849,0.00011904532534991146,0.016333870412129366,0.035067947783731304,0.14194881445673294
t325,1.031741780561452e-5,-3.2677261619999863e-6,3.3386330804356183e-6,5.154742684787928e-7,8.633511521906255e-6,-8.240795178735162e-5,0.0106183917326914,0.009899306900323434,0.010672206379522087,0.0029767604446465294,0.010601580969245968,0.0013352729444633818,0.01388868768282684,4.138107794733309e-5,0.010728093294220503,0.020802216475886145,0.0915010272605007
t326,9.152656714897025e-6,-5.5645114659746455e-6,1.7254137232573857e-6,-1.2719200998743834e-7,7.967499534344718e-6,-7.963610177752832e-5,0.0065408099380797865,0.005924117058791099,0.006375849926421224,0.0015700278352219765,0.006375123744145406,0.0004704220096981816,0.00843795979201114,7.939308906182775e-6,0.0063775918362821375,0.01302377209090512,0.05503713130518126
t327,9.198464559256881e-6,-7.306691218028654e-6,1.315396476442311e-6,2.1402946583484164e-6,8.703178851116288e-6,-7.033980356508465e-5,0.003110305782558131,0.0026335582010051668,0.002824916434244347,0.0007127768895020852,0.0028980102407498492,0.00011956784174334786,0.004005962580257405,1.5330132272910755e-5,0.0029189542987710865,0.007452509358674002,0.026635602599540384
t328,1.4778795613492306e-5,-8.51315557320633e-6,2.428186965307374e-6,-4.532899192479146e-5,1.6693775540615347e-5,-5.386350243818971e-5,0.00012198691626066023,-0.00023989787552918811,-0.00024816775924537706,7.095282428409041e-5,-0.00015587542574685157,-1.0939646261627517e-5,-5.576561385132745e-6,-0.000270265122180693,-9.03998767565588e-5,0.00292984400496977,0.0020278565865923196
t329,-0.002197988790052748,-0.0038922144673270605,-0.003637315812368789,-0.005175983310065551,-0.003717544727700069,-1.804277016653177e-5,-0.0028359056738445775,-0.0030773438668481676,-0.003235850196117737,-0.0012303423965383936,-0.003018510627130369,-0.0010304092894108706,-0.00344492016597225,-0.0003965716906916259,-0.0031438421058435804,-0.001463329697864014,-0.041516115587942326
t330,-0.0004615846241531263,-0.0005124435901560793,-0.00047155043744615,-0.000488725884096445,-0.0005549270350699773,-0.00012415172380216593,-0.0059524986940490245,-0.00607191888839403,-0.006252652337361152,-0.0034653376767439462,-0.006011431219857823,-0.0029364304134366272,-0.0066684414894202385,-0.0007443625351420527,-0.007179186202180882,-0.005656670806824132,-0.05355231355813385
t331,-0.00045678788406434474,-0.0005144238843020955,-0.00046510802134123926,-0.00044949288398051987,-0.00048200668256001913,-0.00012775097976311964,-0.009332564556918053,-0.00936706444910901,-0.009687055948816903,-0.004985382565845692,-0.009335776948869662,-0.0038962799749295194,-0.010828299958024437,-0.000835980638118588,-0.010198709474836119,-0.009661052029755698,-0.08062373688123503
t332,-0.00045965353149743864,-0.0005266583157071766,-0.0004747588518183361,-0.0004441116801993421,-0.00044979472898716083,-0.0001225945289356154,-0.013422503899008231,-0.013403507847348393,-0.01393205613851415,-0.006404508176285372,-0.013566765369891974,-0.0046228826909640456,-0.01584162017622927,-0.0008440706526976743,-0.013984808162408425,-0.014390727095435403,-0.11289102184592802
t333,-0.00046915536340822654,-0.0005305865025356147,-0.00047842917815423425,-0.000468748501349386,-0.00045198711388780364,-0.00011235720862047129,-0.018233298364181656,-0.017814083705903927,-0.018721696706294897,-0.007333110199233676,-0.01817327385203768,-0.005099781159658255,-0.021773114544248722,-0.0008254056420625552,-0.01824300461490271,-0.020927825694139403,-0.14965585835061923
t334,-0.00047182474923880606,-0.0005412000510429253,-0.0004904022388060925,-0.00047555301520498504,-0.0004517752991629839,-0.00011093056202293212,-0.024692532841593277,-0.024009479335188058,-0.025203710289227747,-0.008820084175594598,-0.024749127937748108,-0.005975152552471423,-0.03057581304591515,-0.0008617802225586415,-0.02496623756629582,-0.02921852045595087,-0.20161412433802242
t335,-0.00047701470034996037,-0.000551102083365889,-0.0005044551149861009,-0.00048062250349860776,-0.00045482293249014436,-0.00010901369560907741,-0.03545250553079274,-0.03433169248212156,-0.03588773150687461,-0.010782146879714261,-0.03578540162602126,-0.007193921905006569,-0.04665884341908815,-0.0008977319529441484,-0.03690581383156838,-0.04317588592298503,-0.2896487060874165
t336,-0.0005421850956257611,-0.0005740788313659582,-0.000540338891797366,-0.0004950185543283213,-0.0004673069215494213,-0.0001069328287992973,-0.07389840094342794,-0.06999283909180763,-0.07167085182169129,-0.013697484921592102,-0.0743826303297876,-0.009049647482069571,-0.11275979909566392,-0.0008820808724088472,-0.07840881479752079,-0.07797166662904968,-0.5854400771084854
t337,-0.0041115075352312885,-0.0042927495419297764,-0.004982311215368223,-0.005568151121000379,-0.004542554569467908,-8.836733237522983e-5,0.0021850295354546166,0.0019446343696619304,0.0015683397817423822,0.0007474074069604775,0.001366703097009145,0.00042350963653745857,0.0014284483690538063,-0.00030915957629308973,0.0010919947198540785,0.006082757068737845,-0.007055976906654155
t338,-0.004159839318722954,-0.0043290695476637915,-0.005180768412080989,-0.005614742286878562,-0.004659909021864811,-8.788563963364389e-5,0.009529052353503932,0.008919636789438409,0.008062466826520185,0.0032887768574558596,0.0073012459699805625,0.0022218316399363488,0.009144301569620794,-0.00027280886117808065,0.009558727572644865,0.0343606095110501,0.06808162600212822
t339,-0.004211483745994673,-0.004340130261535834,-0.005349387760627229,-0.005648485570829187,-0.00475238891976453,-8.858214976272545e-5,0.004986428389321391,0.004747575563153282,0.00450990590461321,0.0015603995873471113,0.003906329302337403,0.00086716333604849,0.004910786720089406,-0.0003612470994794739,0.0063760552775937,0.013961932398611994,0.021074870971122338
t340,-0.004251589953503117,-0.004348124625739328,-0.005513433137369419,-0.005575397996381328,-0.004832822758264204,-8.890306688981861e-5,0.0018202605283570829,0.001771812237802201,0.002248345074136979,0.00031178815842830364,0.0017412270030856564,1.2411686881912406e-5,0.0026562966108759157,-0.00043936031776427054,0.0016342233589433251,0.0038436025740436683,-0.00900966462335644
t341,-0.004195703463988818,-0.004252370196364996,-0.0055514230786865215,-0.005515070673033825,-0.004842885518625161,-9.527510687826049e-5,-0.0012072693185083182,-0.0008972549831513382,9.671179699527417e-5,-0.0008670010705264448,-0.00022949746515459082,-0.0007939895476301017,0.0005165798300187052,-0.0005708470571103057,-0.001990905688486552,-0.004534349714195896,-0.03493055125532715
t342,-0.004227199562227963,-0.00425152060142934,-0.00568597719484039,-0.005468472697671637,-0.004826190481137376,-0.00010200021583058481,-0.0056443739793605365,-0.0053085987324291255,-0.0044571917543387305,-0.003411638412463814,-0.0043520124439868114,-0.0025450689257143014,-0.0038084657709875863,-0.0008109822685329239,-0.006019343954045913,-0.013096115737413358,-0.07401515273241038
t343,-0.004047939330611353,-0.004207432521629522,-0.005733320750247804,-0.005283359465331982,-0.004723577380670859,-9.732913152611514e-5,-0.012197749791805523,-0.012040590318997313,-0.011303445562582566,-0.007506568453983032,-0.01053530196278806,-0.005509265036480379,-0.010428026755483912,-0.0011503515355854514,-0.01165881913798947,-0.026085729158776584,-0.1325088062944899
t344,-0.004186437280380744,-0.0018200931586657566,-0.0031762152516191713,-0.004603329470729013,-0.0008816691670528727,-0.00012074942610472651,-0.028045716375043155,-0.027143026593107328,-0.027790577967434726,-0.012600373044958958,-0.024492183055889842,-0.00935822309158325,-0.029592318199682468,-0.0014853526080880269,-0.02745385580608037,-0.059042368726351095,-0.2617924892227715
t345,-0.004176785126469364,-0.0044772734041303745,-0.005509219492733878,-0.004391065525764311,-0.004878556241478255,-0.0001225214376872131,-0.016040053868323866,-0.015839624321460095,-0.01584728872019034,-0.013804129197494193,-0.016737092044323575,-0.012662305157476498,-0.016603287188497125,-0.0016087746136902955,-0.009303524470281432,-0.014613201609491675,-0.1566147024194925
t346,6.948789061902697e-6,-2.426589808677036e-6,3.412694603514079e-6,1.9760034578906443e-5,4.068795531448091e-5,-5.79299720155854e-5,-0.000518219800161792,-0.0006120167909933155,-0.0006363886905954915,-0.00024504748457381833,-0.0006223928486559983,-0.00013972576383098048,-0.000701307765900779,0.00033020400960798125,-0.000633804271604478,-0.0007454942365160956,-0.004513740731490226
t347,6.5181124610941525e-6,-5.5970374262578385e-6,5.388407419813844e-7,1.756832590193649e-5,2.7534186184023386e-5,-5.0279960590750116e-5,0.04381877168340171,0.042495417290701526,0.04318618693145229,0.01588956696483603,0.04296565744329057,0.011552429507574059,0.061007338042550124,0.0006165729324372438,0.04403322211574076,0.048816627495557825,0.35437807287481415
t348,6.656286367606273e-6,-7.768397907243522e-6,-1.1498671822851176e-7,1.6055863539757375e-5,2.6225082062344476e-5,-5.219125142301252e-5,0.014877606528768437,0.014728845108614613,0.015463211765512722,0.007476806293163147,0.015262902766372552,0.0052898366272213495,0.01676979744638472,0.00030685594358212246,0.015443046091935673,0.019905699218180303,0.12551347038565686
t349,8.053916628921738e-6,-4.9862687156459695e-6,1.1314274385984767e-6,2.0864436787778163e-5,2.865863610406988e-5,-5.778061261209669e-5,0.004842996162534885,0.004426490925940133,0.004804560739655101,0.002289741751902982,0.00472276627441642,0.0014787316853601326,0.004314177813918307,-0.00013328994323844073,0.004582681448953829,0.006353626093859423,0.037678424488934395
t350,1.0299831753635973e-5,-6.351633119639534e-6,3.857495101262314e-7,1.3113226466183156e-5,2.893632689105421e-5,-5.662871394866366e-5,-0.0025111596933269963,-0.0027385921575008936,-0.0026235212727422816,-0.0013436427222353192,-0.002592016280055813,-0.0011934226820046064,-0.004317940637091451,-0.0005990267662791376,-0.0032362775647198187,-0.002550173851280283,-0.023716018839683904
t351,7.788499308212685e-6,-7.467291395542013e-6,1.201592366247665e-7,2.0068422161941518e-5,3.1055340563162666e-5,-5.245342557530664e-5,-0.009957689607508967,-0.009990695694310069,-0.010057747945714688,-0.004794557374140164,-0.00993081562671969,-0.0037251629750421063,-0.013298361549982436,-0.0010576004069535693,-0.010574317220128877,-0.011587318961018622,-0.0849751556572201
t352,-5.586488856460746e-6,-9.960509693526554e-6,-2.754936917309054e-6,-6.016112922238913e-7,5.126983697124683e-5,-7.506129201701383e-5,-0.020228163007518687,-0.020241933821216824,-0.0211058608878431,-0.008783682173807058,-0.0210191077687204,-0.006841059919432471,-0.027285585721188464,-0.0027002278503923897,-0.022355214200367728,-0.025232950608432322,-0.17583648096072474
t353,-0.004494518773152706,-0.0037407220756965273,-0.006293124068982162,-0.005509200725917833,-0.005097598812226098,-9.237198271616008e-5,-0.06350250502374735,-0.061221793802017976,-0.06296971966143733,-0.03227059483054095,-0.06245954312060283,-0.025277648930343417,-0.07511747793323618,-0.005336410229310237,-0.06386023046699282,-0.07377706928154278,-0.5510205297184634
t354,-0.0012797612433667874,0.003665959228517011,0.004049508343018396,0.011647001540670637,0.002363657578618328,-0.00011198744673902104,0.13361412245577053,0.1271542308909775,0.14537875839792605,0.03365262044220413,0.13488375971494476,0.023247902423141453,0.16169323235419242,0.004906375778329676,0.2791299231052447,638.730704124206,639.7946994277695
t355,-0.0011765293193403215,0.0036397190062168,0.004034318870568644,0.010249299326597634,0.00211218487407498,-0.0001260020149721584,0.059065245532569435,0.061711244335279976,0.06205909590569411,0.027173177054384847,0.06004060609613365,0.018064328360125514,0.08725305530169301,0.0038823726052159965,0.08748823213940628,255.66925802740454,256.15472837547816
t356,-0.00013434255235745247,0.0033334946950146762,0.003585566045219429,0.010681676361390327,0.0022119556295365213,-0.0001627066474730024,0.05414657176425736,0.05231576445366121,0.0482541884153124,0.022167107838684266,0.04373281584755764,0.015329576922031,0.052390815298555125,0.0034248972457537464,0.013177930951203634,107.02214903623594,107.34660434850429
t357,-0.0035799882640340105,0.0003354253489807279,0.0003166936883545163,0.00024213840850319859,0.00012393401540616115,-0.00010019443617894603,-0.00018233070433644046,-0.00018328336912316735,-0.00017725897591875723,-0.00013917534469873473,-0.0001653828108389378,-0.00014577729804439964,-0.0001888065145748657,-9.194377252563279e-5,-0.0009941530855035949,-1182.8061675747742,-1182.8110976778887
t358,-0.00429504534027602,-0.0017305969123985567,-0.0022080923009899518,-0.00475676369331793,-0.0009032974007370968,-8.465572499276425e-5,-0.06965270096174891,-0.06806765418578489,-0.07115287687620937,-0.02810884639605145,-0.07023854245391853,-0.020195296784373633,-0.09274034848802218,-0.0027921407104406436,-0.09396789454674687,-0.08498922788937294,-0.6158839806653817
t359,-0.004431627181973972,-0.002107232277138133,-0.00249429372766535,-0.005544129533492902,-0.0010380493136922585,-8.09895571190551e-5,-0.037315472073792544,-0.03689994226134658,-0.039314668715859404,-0.013857064794595813,-0.03844657865780409,-0.009357740514176588,-0.04617929114627337,-0.00163589815616586,-0.047671067789819666,-0.03989274323387249,-0.3262667889347881
t360,-0.004969284587053927,-0.0020346187711444232,-0.002478133076139537,-0.005768674550019615,-0.0010236619350207253,-8.451947535527592e-5,-0.02504043769403809,-0.024783684197208885,-0.026584894445297838,-0.008479227223547086,-0.025796809645892625,-0.005611123042244271,-0.03164596251111867,-0.0010422182191987353,-0.035621780951008986,-0.027167615386032375,-0.22813264571032105
t361,-0.0050782742480679766,-0.004726830090369236,-0.007383812161430125,-0.0059523999461733035,-0.00642176323925273,-8.801371459161814e-5,-0.01779127624783625,-0.01740225868285416,-0.01883636966026387,-0.004766265102250095,-0.0174327998389,-0.0029550126042434304,-0.02154105173421921,-0.0006995233179835933,-0.028136829690407657,-0.019638055459085625,-0.17885053573792886
t362,-0.005093129412710725,-0.004757918974885769,-0.008495172844228955,-0.006030959408593359,-0.0065316568295038634,-8.627235942706895e-5,-0.014210173893260082,-0.013677334180264077,-0.014688938945072673,-0.002911552292088165,-0.013223545225805827,-0.0017985202345590962,-0.017307789357159722,-0.0005628066743955963,-0.025328952077248883,-0.01674328028722667,-0.15144800299643052
t363,-0.00484244478490802,-0.004342909198269926,-0.0088589845290114,-0.006024141307316636,-0.0066075587044973965,-8.31152383460497e-5,-0.011375154257541537,-0.010829349158169662,-0.011562172929330514,-0.0018596930731955704,-0.010096640083463108,-0.0011160837951411046,-0.014425749098307265,-0.0004403525424808577,-0.024137397269068127,-0.015744443680963473,-0.13234618965001066
t364,-0.0044807255415391725,-0.004420595700017131,-0.00893577277796287,-0.006057781193348493,-0.006721422655787416,-8.420855288401809e-5,-0.012001938895722304,-0.01163892698267892,-0.012386207846146167,-0.002590125334363648,-0.01073648491193752,-0.0016620835128274588,-0.01451282536823667,-0.0005057682353743911,-0.024248824589239968,-0.016214381793755707,-0.13719807389182184
t365,-0.00431210431150749,-0.004839229990281486,-0.008033532032237804,-0.00608061307963962,-0.0065606480099554805,-8.971440034049803e-5,-0.016056131717115774,-0.01584228645720912,-0.017042741424974417,-0.0045118613160784315,-0.014739115823750775,-0.002878877360723437,-0.017009283626785617,-0.000646429818533598,-0.02500319737453085,-0.018085447691392708,-0.1617312144350571
t366,-0.004327945049571942,-0.004337758316790312,-0.009050156741026587,-0.00597272654090728,-0.006277105152212083,-9.702671956953724e-5,-0.017027175681761215,-0.016952092834571338,-0.017923180870167473,-0.005730337040178658,-0.015625767326419664,-0.003865325359063011,-0.01905578079457406,-0.0007738588312996465,-0.02824501360824092,-0.02171579250501805,-0.17697704337137177
t367,-0.004801998422806982,-0.004243939533590255,-0.008643526745489185,-0.005704709596176656,-0.005525198264969955,-8.185853333273862e-5,-0.021241636358102514,-0.02127052479583973,-0.02239400041469067,-0.008138205437565908,-0.019577170322267804,-0.00559844451776262,-0.022780878518165914,-0.0009265984578223338,-0.033732627804723594,-0.02885359540268407,-0.2135149131259909
t368,-0.005093096873155031,-0.0022483526705474374,-0.008744593539137417,-0.005581604774768733,-0.002180315653902383,-0.00011243862958597233,-0.040677239582798376,-0.04004704418329918,-0.04223686665107483,-0.012792035796144073,-0.03549171910528212,-0.009362884086152105,-0.045360292503227304,-0.0012543192011858768,-0.049786299530717344,-0.04985980696066013,-0.3508289097416383
t369,-0.00511804005804563,-0.004983394751568388,-0.008875206230076267,-0.006073319581299971,-0.007783500264935645,-0.00011396318390160787,-0.027545178134095672,-0.02414243738417004,-0.02478777052217507,-0.017176425417491443,-0.027444207770973693,-0.01363597099680724,-0.02960391332733553,-0.0012499044271091302,-0.04698579384444278,-0.022712415864279304,-0.2682314417587074
t370,2.9645259340419004e-5,2.2636871788664146e-6,-5.517837676434478e-6,2.9370379721184077e-5,-0.007158727012355703,-7.385543228257627e-5,-0.0008388559325698173,-0.0007714083999447301,-0.0007561660524756333,-0.0003064810240520029,-0.0007353732783057853,-4.749153304946467e-5,-0.0008793880762259384,3.743872814076855e-5,-0.000563434544027324,-0.005602662748853043,-0.017640643817437216
t371,2.8530207476600255e-5,-1.1684654938755661e-5,-1.5383546720699062e-5,3.232277010113129e-5,3.934177778251415e-5,-7.565819186545118e-5,0.06164246222120415,0.04052219853231279,0.04135668167447799,0.013159924854563814,0.041733929411668196,0.009394914348472592,0.057344028983584254,0.00016036280165280262,0.03548353064811088,-3.521600254046411e-5,0.3007602858353423
t372,-0.004460558401239566,-1.5048482296617458e-5,7.524624587120989e-6,3.368742845904243e-5,7.08752951531121e-5,-0.0001237315954155419,0.00791963188238132,0.016901798514136826,0.017526022256062493,0.008136554522750845,0.017071350777537218,0.0061311611502473905,0.01853366786363318,0.0001774319522285122,0.020211669049495094,0.0470302409756429,0.15515227781336333
t373,-0.004355576300521379,-9.533291133344935e-6,-3.477035168985983e-5,3.540146226083323e-5,7.380792775233465e-5,-0.00015256549967521853,0.004429021380662412,0.008326567572085466,0.009012437478909209,0.004581751098322428,0.00886127592770549,0.003237182357457425,0.005465420757075231,-0.00016307412990473986,0.006789661704985326,0.013328941890707062,0.05942594998499867
t374,-0.005038276658003067,-2.1506920815331083e-5,5.794532681559426e-6,1.9947501279143788e-5,2.7686514301661638e-5,-0.0002169653520463418,-0.00484699051088434,-0.0024530445662138936,-0.0025314923381657773,-0.0011460532766412999,-0.0024284311939126624,-0.00041388952907614316,-0.004066692901134139,-0.0005623780836600006,-0.0019137469020209176,0.0012108395884842026,-0.024375200095827346
t375,-0.005052487335645261,-3.3352732451919634e-5,-4.537476383754539e-6,3.339283376540154e-6,4.408624046209426e-5,-0.00036010576219269876,-0.012972449294591397,-0.011095768709888073,-0.011793423527948392,-0.005468327500420889,-0.012195047077415802,-0.004974595018824466,-0.013855304813842569,-0.0017226721120431373,-0.011672809758518287,-0.009332948142345664,-0.10048640373867367
t376,-0.005410743054709243,-3.249015313446793e-5,-9.784786564538216e-6,-0.006429478744009438,-0.009210396808625624,-0.0005630195890269107,-0.022295320860234558,-0.02250227843416984,-0.024142791389242517,-0.011493041152080033,-0.023706391371038197,-0.010611621001477951,-0.0276046591917222,-0.0030622958113414875,-0.023264639413059267,-0.02274408978226794,-0.2130830415427042
t377,-0.004479044524475526,-0.004925648357705244,-0.0033761028817337205,-0.0032117526184486387,-0.008553265711677737,-0.0009034006607801902,-0.07015746409764684,-0.06687829659457263,-0.06765368708017849,-0.0334141347127783,-0.06746831204996966,-0.025738494335342487,-0.07711152284335841,-0.005027595169172979,-0.06457493318508345,-0.06811478859261726,-0.5715884434155416
t378,0.009635569477192704,0.0046873588110881445,0.003736848574952211,0.005278140846847429,0.008860517377430443,0.0010987882920628395,2.4361099178084427,5.521476688846159,316.99041593238417,0.039051492707397426,59.01701253057169,0.030022102828247924,7.912950100857037,0.007205638447657105,1065.2693007266719,0.21821019752746382,1457.4750525520296
t379,0.009186744339414722,0.004740761931961787,0.003646761289047937,0.005081302200771368,0.008333650840562493,0.0010830482130673048,1.4115085244244037,1.8920957859808214,75.07285826668718,0.056000008536572554,18.96131756661819,0.03777793299008574,5.059256141297981,0.007704464659944676,3.236416103258883,0.10869047460175982,105.87569753787065
t380,0.008213187792423313,0.004275042114990203,0.0038441665316811487,0.00026455340651359796,0.00021764072860013542,0.000430932512468352,0.005732073129873919,0.00133021620673671,0.00035021334434873376,0.00025788434028370746,0.0003219312296962203,0.00025574334813045573,0.0002402681537666355,0.00034578023443275117,-0.0005985538562265667,-0.00017866812359318562,0.025302411094126127
t381,0.00011337198145906554,0.00022511373033825234,0.00021291175714538456,-0.00014125301149077305,-0.0054252607212505275,-0.0004975769850301706,-0.01188279169271195,-0.0334374573474036,-456.0903602414984,-0.01084082937869314,-91.75680313852914,-0.014254364815441413,-11.697401204141395,-0.0023280136550894877,-855.718183754391,-0.10203583193698527,-1415.4430403206352
t382,-0.0032290853188432843,-0.0011042686100909806,-0.001130169849512435,-0.0012491221661719433,-0.009082662160066571,-0.0004780947735598726,-4.40585161928212,-8.595690765087014,-6.9918852798486055,-0.03635777112370479,-0.24635875723709746,-0.023403074240117724,-3.475527172382911,-0.0038752336020542156,-406.5460804232483,-0.05385295920921143,-430.39515645813935
t383,-0.004655056535054782,-0.002283559151319297,-0.0027502576337969553,-0.002931717078150581,-0.009514323070613772,-0.0002622359941843098,-0.03259759350278322,-0.03171585502315346,-0.03237341143192725,-0.015032265574483833,-0.02972102776670839,-0.009393944042466948,-0.03459188264756947,-0.0018971514361267351,-0.032246277453064576,-0.041239814285488244,-0.28320637262689186
t384,-0.005496992953708588,-0.002538747123620499,-0.003543823976768871,-0.0032148256601266826,-0.0087842617713975,-0.0001694272935433803,-0.017912995494758423,-0.017553377681384062,-0.01731416554013919,-0.008439908193677301,-0.016056440934380852,-0.005060470255419071,-0.019470610403223065,-0.0011453712332634843,-0.019745827803070368,-0.035969992839744086,-0.18241723915822544
