Costs,Total,Zone1,Zone2,Zone3,Zone4,Zone5,Zone6,Zone7,Zone8,Zone9,Zone10,Zone11,Zone12,Zone13,Zone14,Zone15,Zone16,Zone17,Zone18,Zone19,Zone20,Zone21,Zone22,Zone23,Zone24,Zone25,Zone26
cTotal,2.9501180685000637e13,8.857906900005952e11,7.939596900005878e11,1.2294903600005908e12,1.6702408950005928e12,1.0520696150005933e12,1.3208565900005947e12,6.856865400005947e11,1.2124349100005942e12,1.6209078500005942e12,1.502648220000588e12,5.322105950002284e11,4.6200301000059344e11,7.634137050005947e11,7.285622000005939e11,1.9491328300002275e12,2.061077490000594e12,7.53382150000595e11,5.445368900002285e11,3.7492783500022925e11,8.87717285000595e11,1.439424335000593e12,1.428197280000594e12,1.6677118400005935e12,1.024443835000592e12,2.7770145300005947e12,1.333395150005957e11
cFix,0.0,0.0,0.0,0.0,0.0,0.0,0.0,0.0,0.0,0.0,0.0,0.0,0.0,0.0,0.0,0.0,0.0,0.0,0.0,0.0,0.0,0.0,0.0,0.0,0.0,0.0,0.0
cVar,0.0,0.0,0.0,0.0,0.0,0.0,0.0,0.0,0.0,0.0,0.0,0.0,0.0,0.0,0.0,0.0,0.0,0.0,0.0,0.0,0.0,0.0,0.0,0.0,0.0,0.0,0.0
cNSE,2.9501180685000637e13,8.857906900005952e11,7.939596900005878e11,1.2294903600005908e12,1.6702408950005928e12,1.0520696150005933e12,1.3208565900005947e12,6.856865400005947e11,1.2124349100005942e12,1.6209078500005942e12,1.502648220000588e12,5.322105950002284e11,4.6200301000059344e11,7.634137050005947e11,7.285622000005939e11,1.9491328300002275e12,2.061077490000594e12,7.53382150000595e11,5.445368900002285e11,3.7492783500022925e11,8.87717285000595e11,1.439424335000593e12,1.428197280000594e12,1.6677118400005935e12,1.024443835000592e12,2.7770145300005947e12,1.333395150005957e11
cStart,0.0,0.0,0.0,0.0,0.0,0.0,0.0,0.0,0.0,0.0,0.0,0.0,0.0,0.0,0.0,0.0,0.0,0.0,0.0,0.0,0.0,0.0,0.0,0.0,0.0,0.0,0.0
cUnmetRsv,0.0,-,-,-,-,-,-,-,-,-,-,-,-,-,-,-,-,-,-,-,-,-,-,-,-,-,-
cNetworkExp,0.0,-,-,-,-,-,-,-,-,-,-,-,-,-,-,-,-,-,-,-,-,-,-,-,-,-,-
cUnmetPolicyPenalty,0.0,-,-,-,-,-,-,-,-,-,-,-,-,-,-,-,-,-,-,-,-,-,-,-,-,-,-
