Costs,Total,Zone1,Zone2,Zone3,Zone4,Zone5,Zone6,Zone7,Zone8,Zone9,Zone10,Zone11,Zone12,Zone13,Zone14,Zone15,Zone16,Zone17,Zone18,Zone19,Zone20,Zone21,Zone22,Zone23,Zone24,Zone25,Zone26
cTotal,2.1115649855e13,5.220792e11,5.31237025e11,8.205619e11,1.27417829e12,6.6039515e11,9.33952445e11,5.1028194e11,8.77201855e11,1.1277658e12,9.79905235e11,3.84968125e11,3.5128583e11,5.9382879e11,5.54209995e11,1.44541092e12,1.55082685e12,4.4441741e11,3.91196535e11,2.48132295e11,6.10890655e11,1.093183585e12,1.07444307e12,1.212985335e12,6.8914475e11,2.13322562e12,9.994125e10
cFix,0.0,0.0,0.0,0.0,0.0,0.0,0.0,0.0,0.0,0.0,0.0,0.0,0.0,0.0,0.0,0.0,0.0,0.0,0.0,0.0,0.0,0.0,0.0,0.0,0.0,0.0,0.0
cVar,0.0,0.0,0.0,0.0,0.0,0.0,0.0,0.0,0.0,0.0,0.0,0.0,0.0,0.0,0.0,0.0,0.0,0.0,0.0,0.0,0.0,0.0,0.0,0.0,0.0,0.0,0.0
cNSE,2.1115649855e13,5.220792e11,5.31237025e11,8.205619e11,1.27417829e12,6.6039515e11,9.33952445e11,5.1028194e11,8.77201855e11,1.1277658e12,9.79905235e11,3.84968125e11,3.5128583e11,5.9382879e11,5.54209995e11,1.44541092e12,1.55082685e12,4.4441741e11,3.91196535e11,2.48132295e11,6.10890655e11,1.093183585e12,1.07444307e12,1.212985335e12,6.8914475e11,2.13322562e12,9.994125e10
cStart,0.0,0.0,0.0,0.0,0.0,0.0,0.0,0.0,0.0,0.0,0.0,0.0,0.0,0.0,0.0,0.0,0.0,0.0,0.0,0.0,0.0,0.0,0.0,0.0,0.0,0.0,0.0
cUnmetRsv,0.0,-,-,-,-,-,-,-,-,-,-,-,-,-,-,-,-,-,-,-,-,-,-,-,-,-,-
cNetworkExp,0.0,-,-,-,-,-,-,-,-,-,-,-,-,-,-,-,-,-,-,-,-,-,-,-,-,-,-
cUnmetPolicyPenalty,0.0,-,-,-,-,-,-,-,-,-,-,-,-,-,-,-,-,-,-,-,-,-,-,-,-,-,-
