Costs,Total,Zone1,Zone2,Zone3,Zone4,Zone5,Zone6,Zone7,Zone8,Zone9,Zone10,Zone11,Zone12,Zone13,Zone14,Zone15,Zone16,Zone17,Zone18,Zone19,Zone20,Zone21,Zone22,Zone23,Zone24,Zone25,Zone26
cTotal,3.3054124625e13,1.029274455e12,9.2722786e11,1.43665764e12,1.86743736e12,1.14483889e12,1.480016945e12,7.4928659e11,1.36786499e12,1.80401943e12,1.71236716e12,5.8290085e11,5.01220955e11,8.2834746e11,8.0276908e11,2.14396942e12,2.263515245e12,8.65014975e11,6.12844985e11,4.25626725e11,1.013888525e12,1.60026924e12,1.59123204e12,1.878511935e12,1.18957515e12,3.086145045e12,1.4930167500000003e11
cFix,0.0,0.0,0.0,0.0,0.0,0.0,0.0,0.0,0.0,0.0,0.0,0.0,0.0,0.0,0.0,0.0,0.0,0.0,0.0,0.0,0.0,0.0,0.0,0.0,0.0,0.0,0.0
cVar,0.0,0.0,0.0,0.0,0.0,0.0,0.0,0.0,0.0,0.0,0.0,0.0,0.0,0.0,0.0,0.0,0.0,0.0,0.0,0.0,0.0,0.0,0.0,0.0,0.0,0.0,0.0
cNSE,3.3054124625e13,1.029274455e12,9.2722786e11,1.43665764e12,1.86743736e12,1.14483889e12,1.480016945e12,7.4928659e11,1.36786499e12,1.80401943e12,1.71236716e12,5.8290085e11,5.01220955e11,8.2834746e11,8.0276908e11,2.14396942e12,2.263515245e12,8.65014975e11,6.12844985e11,4.25626725e11,1.013888525e12,1.60026924e12,1.59123204e12,1.878511935e12,1.18957515e12,3.086145045e12,1.4930167500000003e11
cStart,0.0,0.0,0.0,0.0,0.0,0.0,0.0,0.0,0.0,0.0,0.0,0.0,0.0,0.0,0.0,0.0,0.0,0.0,0.0,0.0,0.0,0.0,0.0,0.0,0.0,0.0,0.0
cUnmetRsv,0.0,-,-,-,-,-,-,-,-,-,-,-,-,-,-,-,-,-,-,-,-,-,-,-,-,-,-
cNetworkExp,0.0,-,-,-,-,-,-,-,-,-,-,-,-,-,-,-,-,-,-,-,-,-,-,-,-,-,-
cUnmetPolicyPenalty,0.0,-,-,-,-,-,-,-,-,-,-,-,-,-,-,-,-,-,-,-,-,-,-,-,-,-,-
