BalanceComponent,Generation,Storage_Discharge,Storage_Charge,Flexible_Demand_Defer,Flexible_Demand_Stasify,Demand_Response,Nonserved_Energy,Transmission_NetExport,Transmission_Losses,Demand,Generation,Storage_Discharge,Storage_Charge,Flexible_Demand_Defer,Flexible_Demand_Stasify,Demand_Response,Nonserved_Energy,Transmission_NetExport,Transmission_Losses,Demand,Generation,Storage_Discharge,Storage_Charge,Flexible_Demand_Defer,Flexible_Demand_Stasify,Demand_Response,Nonserved_Energy,Transmission_NetExport,Transmission_Losses,Demand,Generation,Storage_Discharge,Storage_Charge,Flexible_Demand_Defer,Flexible_Demand_Stasify,Demand_Response,Nonserved_Energy,Transmission_NetExport,Transmission_Losses,Demand,Generation,Storage_Discharge,Storage_Charge,Flexible_Demand_Defer,Flexible_Demand_Stasify,Demand_Response,Nonserved_Energy,Transmission_NetExport,Transmission_Losses,Demand,Generation,Storage_Discharge,Storage_Charge,Flexible_Demand_Defer,Flexible_Demand_Stasify,Demand_Response,Nonserved_Energy,Transmission_NetExport,Transmission_Losses,Demand,Generation,Storage_Discharge,Storage_Charge,Flexible_Demand_Defer,Flexible_Demand_Stasify,Demand_Response,Nonserved_Energy,Transmission_NetExport,Transmission_Losses,Demand,Generation,Storage_Discharge,Storage_Charge,Flexible_Demand_Defer,Flexible_Demand_Stasify,Demand_Response,Nonserved_Energy,Transmission_NetExport,Transmission_Losses,Demand,Generation,Storage_Discharge,Storage_Charge,Flexible_Demand_Defer,Flexible_Demand_Stasify,Demand_Response,Nonserved_Energy,Transmission_NetExport,Transmission_Losses,Demand,Generation,Storage_Discharge,Storage_Charge,Flexible_Demand_Defer,Flexible_Demand_Stasify,Demand_Response,Nonserved_Energy,Transmission_NetExport,Transmission_Losses,Demand,Generation,Storage_Discharge,Storage_Charge,Flexible_Demand_Defer,Flexible_Demand_Stasify,Demand_Response,Nonserved_Energy,Transmission_NetExport,Transmission_Losses,Demand
Zone,1,1,1,1,1,1,1,1,1,1,2,2,2,2,2,2,2,2,2,2,3,3,3,3,3,3,3,3,3,3,4,4,4,4,4,4,4,4,4,4,5,5,5,5,5,5,5,5,5,5,6,6,6,6,6,6,6,6,6,6,7,7,7,7,7,7,7,7,7,7,8,8,8,8,8,8,8,8,8,8,9,9,9,9,9,9,9,9,9,9,10,10,10,10,10,10,10,10,10,10,11,11,11,11,11,11,11,11,11,11
AnnualSum,1.1991099042797464e8,1.7136278442006889e6,-2.2849711507009678e6,8.021996594774024e6,-8.021996594769466e6,19343.92898561299,4.467380559587079e-5,7.276453583841784e6,-185829.6350613546,-1.26449615e8,2.3056493767676737e7,712936.6774700218,-905516.4415189421,494689.08165042324,-494689.0816504293,281.02651424554097,4.4242577382455954e-5,-1.1562827105320876e7,-124528.92479464831,-1.1176839e7,1.7146530427670577e6,28.37062291703745,-33.51916521042085,374533.06893485936,-374533.06893399043,212.77672302566305,4.4907364311812816e-5,6.8130610641843e6,-65691.73512696543,-8.46223e6,6.686620415823861e7,4.320082717641469e6,-5.104067482984936e6,742651.8062927842,-742651.806291852,421.42715802403507,4.48556419995063e-5,-4.86393367493872e7,-677498.0710621902,-1.6765806e7,1.08207656218822e7,1.1454827973391651e6,-1.3533586925000676e6,85063.40987321748,-85063.40987227812,48.22643562704912,4.49576101453438e-5,-8.636305564896582e6,-59808.388256673796,-1.916824e6,2.432431831932062e7,1.7159756015110358e6,-2.288101491047163e6,454175.45592292334,-454175.45592198777,259.577985190392,4.497015684809065e-5,-1.298431546217249e7,-421745.5455260302,-1.0346391e7,5.629097772174022e6,30.825302371266652,-36.419307027465976,852248.9907489497,-852248.9907489589,467.40648682577444,4.4388388988490144e-5,1.3543636817168893e7,-672805.4019696094,-1.8500391e7,3.126463108972683e7,41712.049706353486,-49281.72223589984,3.190488573733105e6,-3.190488573741422e6,2107.0393113563173,4.423165773497365e-5,3.908805578207397e7,-135622.23850047556,-7.0211602e7,3.6039500106510087e6,0.8992580457489602,-1.062449358765193,1.0674483074558172e6,-1.0674483074558035e6,7927.30376817021,4.4110888562311555e-5,1.860669197001595e7,-169814.12120998732,-2.2048755e7,1.691026721150352e8,9.264037029348778e6,-1.1220702842400812e7,9.257193802194154e6,-9.257193802193917e6,271259.9678092855,4.4343052816482286e-5,1.440547172879662e6,-130035.4424994889,-1.68727778e8,6.26303354979456e8,2.766602608466227e6,-3.602246010719936e6,3.071893916235242e7,-3.071893916235071e7,555466.0267561353,4.374972919599346e-5,-4.945661508387427e6,-383107.095492899,-6.20694409e8
t1,15853.495084759064,0.00014692993572918689,-1.3155449123792871e-5,213.87933899086698,-1684.7476578587348,7.928974551728902e-8,4.21381345695541e-9,-688.6741347512268,-8.95276496187126,-13685.0,2034.269472903423,240.01430198573274,-1.2831113984137207e-5,14.207307131755988,-118.70350477521028,6.906007604827926e-8,4.260078452347314e-9,-846.1030857720672,-17.68447867971594,-1306.0,365.65045626803976,0.0034318518550327764,-8.07744870444218e-6,10.75989113925416,-69.91475621137707,8.001134045997387e-8,4.205938129808816e-9,692.9628802432708,-10.461895291188757,-989.0,3203.959241496093,18.985003008214914,-8.262842039009753e-6,21.30585708851627,-164.80728400163838,8.036189771382308e-8,4.212566038420923e-9,-1055.8584726062475,-63.58433673579378,-1960.0,712.6321755833084,18.685082881974115,-8.718229640261534e-6,2.461078757020074,-7.118711632993782,8.120492428485491e-8,4.226696680724431e-9,-499.28941287949124,-3.3702040720755773,-224.0,3714.2836897595575,34.533646526392985,-1.2910177852658521e-5,13.022380898292926,-50.00539336391293,8.099987999076713e-8,4.222415028222816e-9,-2490.8853490593087,-13.948961931609896,-1207.0,757.3800463272102,0.006119078886476771,-8.035877619836414e-6,24.082353169939257,-123.98496697112778,6.979779171916244e-8,4.2737269007575044e-9,1571.1443557383568,-58.627899375625326,-2170.0,5190.904225429617,31.69229676874151,-7.621269099525566e-6,86.2959295064933,-733.0517680385467,7.021284872476567e-8,4.272546319633818e-9,3607.062632884315,-11.903308988845275,-8170.999999999999,527.9000345149246,0.00013699154598019675,-7.930195804098526e-6,29.40606778410984,-166.79356760537905,7.918782148502698e-8,4.204482107823779e-9,2219.640514471937,-15.153178301849849,-2595.0,19323.739536022043,819.0959624887037,-1.0652786220318835e-5,243.49320636343163,-1637.5187050279453,7.720160463019802e-8,4.186873879755956e-9,600.0000114931001,-9.810000738504419,-19339.0,80988.19242988664,8.927572690220241e-6,-733.2598263532493,684.3104139608477,-9321.571587341463,6.919281996299431e-8,4.23698072041132e-9,-3109.999939762638,-50.67149931958012,-68457.0
t2,16069.436780893418,2.4330715204534132e-5,-2.2164338939668056e-5,132.88807020520588,-2045.6001591481834,7.906231940468192e-8,4.2146600783647255e-9,-1368.211638085289,-17.513056088577624,-12771.0,1862.4354302983106,3.836581626692857e-5,-2.165329517159192e-5,8.808148943323108,-155.72019792801365,6.874305861788759e-8,4.2596839353146655e-9,-483.8170915772619,-16.70630651533483,-1215.0,308.5564763156159,1.8105125205838024e-5,-1.4947854559196112e-5,6.670112919418951,-119.60133622820543,7.962114161466581e-8,4.205243621280829e-9,731.9524081699226,-7.577664411468513,-920.0,3151.7587769331953,1.812906040040294e-5,-1.457079446683526e-5,13.209180582377273,-224.0804276205599,7.999674046145092e-8,4.211994888032874e-9,-1059.9258923633467,-57.96164119448927,-1823.0,645.4444541988488,1.9187145795366832e-5,-1.5617057481395606e-5,1.5258760235637558,-28.982895111869194,8.078754240202149e-8,4.225774559782652e-9,-406.2452825125737,-2.7421562476475576,-209.0,3702.2818295409074,3.3453234452370935e-5,-2.0864063007039607e-5,8.074100603890006,-142.46003318792216,8.059629504128298e-8,4.2218610355851975e-9,-2431.2807295304224,-13.615180094454692,-1123.0,757.386439702048,1.7743331213166217e-5,-1.404000793236585e-5,14.930032230059377,-250.1692351026314,6.948671478034186e-8,4.273158424017745e-9,1559.7084237537051,-63.85566435287919,-2017.9999999999998,5897.263484606219,1.6676600642730378e-5,-1.3429497427993172e-5,53.503665257211345,-824.4321730389871,6.988670255690139e-8,4.2720790855038894e-9,2476.699522362468,-9.03450249393647,-7594.0,527.9000184505619,1.5942212505931296e-5,-1.3695233966151544e-5,18.231515820782885,-272.8581828256855,7.887747341509069e-8,4.204196345289616e-9,2171.120330406699,-30.39368417304894,-2414.0,19257.387183969968,254.83303596297452,-1.0185982087059045e-5,153.99123699339964,-2880.6993338399966,7.733915830519119e-8,4.187384551875259e-9,1919.9998861627603,-19.511999126203918,-18686.0,79195.43076772775,9.353602404363944e-6,-700.3442045086862,378.269104215462,-8974.684240778783,6.920941963615232e-8,4.237526571012564e-9,-3109.999936786661,-50.67149930776095,-66738.0
t3,14855.006518005286,2.5971300410414215e-5,-1.9824797082144976e-5,59.09291022330399,-1591.7071056409984,7.902827541526908e-8,4.216629454488499e-9,-1028.1470826501265,-13.245246142746087,-12281.0,1660.3394354085233,3.757844934476632e-5,-2.152739101533436e-5,3.871498794806808,-81.7370484475691,6.874176373164113e-8,4.260312803105029e-9,-401.9885324790747,-16.48536939297097,-1164.0,240.57861418532468,1.7596743748846916e-5,-1.4720834955868102e-5,2.932069481655229,-60.305406419976336,7.95911123140278e-8,4.205846816702619e-9,704.8913016980134,-7.09658189846848,-881.0,3100.5385525627194,1.7609801317163072e-5,-1.405648532597129e-5,5.8058650995394325,-132.00902596712888,7.996061975776463e-8,4.2125957685865494e-9,-1170.8273606672233,-57.50803464342806,-1746.0,578.2536992891631,1.862622055201591e-5,-1.5214923272675767e-5,0.6706370198003364,-12.143669923955729,8.072022054453129e-8,4.2261071502106865e-9,-364.3214991863023,-2.4591706893977676,-200.0,3679.512483791775,3.319803138844138e-5,-2.0303322642443726e-5,3.5486087732636915,-75.13857963920427,8.053140585250808e-8,4.2223326944132435e-9,-2517.822711893343,-14.099814005827456,-1076.0,757.3928411192582,1.7300272101828432e-5,-1.3941585015262974e-5,6.562461008941294,-152.37317540342224,6.947460672719572e-8,4.2735371124983e-9,1381.3786388533872,-59.96076900230254,-1933.0,5318.502041722751,1.631220050243177e-5,-1.3346041125416797e-5,23.515769612939742,-617.6626151908521,6.986995029360376e-8,4.272579603851102e-9,2561.129068765082,-8.484267937895842,-7277.0,527.9000178039628,1.659904820913682e-5,-1.2876283890928103e-5,8.013186823096476,-218.5767031017488,7.886254908298541e-8,4.204833937588758e-9,2025.7081924156148,-30.04469773926534,-2313.0,17395.72456220485,248.64716880399934,-1.0146616948785114e-5,69.70177440375252,-1221.5614149306255,7.738782168051279e-8,4.187826985919389e-9,1919.999919000389,-19.511999385800046,-18393.0,76464.1370450426,9.643827495571804e-6,-567.9433676312223,170.1522804664684,-7224.674534469114,6.9242098122196e-8,4.238173740309056e-9,-3109.9999338564176,-50.67149927439643,-65681.0
t4,15178.269029143927,1.3635372753004172e-5,-0.00011535177747673818,53.06613749286282,-2230.1953147154727,7.875602309609852e-8,4.2177294754936146e-9,-914.3229964237347,-11.81675384872353,-12075.0,1458.2433975266194,1.6361867147726706e-5,-0.0954575395720977,3.5074341431490175,-110.87608156079328,6.837271864095152e-8,4.259418106557694e-9,-197.8451270178595,-15.934181979256595,-1137.0,216.38125138698373,7.920054181415993e-6,-0.016171381388126002,2.643452277083463,-84.75139816753885,7.9131108135077e-8,4.2050656956929695e-9,731.1936352915282,-5.450777403530842,-860.0,3169.438740439225,8.056533224847176e-6,-58.63635490604136,5.2550219485882295,-166.1062244145698,7.949868080133479e-8,4.211793509609605e-9,-1190.7693695315236,-54.18182174954596,-1705.0,511.0659632300689,8.51039707932192e-6,-0.01617831842310317,0.6098928822478171,-19.728306317844133,8.024093616229723e-8,4.225069190896685e-9,-294.9405308545833,-1.9908492108828935,-195.0,3656.7542463576992,1.532936019969744e-5,-0.000819065222939218,3.20094812083184,-104.92059665182508,8.006071193429304e-8,4.221456560580705e-9,-2490.089286695592,-13.944507473550235,-1051.0,757.3992359504218,7.908709920307198e-6,-0.02693930431187803,5.966661340178455,-193.4054219804666,6.909414897387014e-8,4.272482929472262e-9,1374.3127101836606,-55.24625416564266,-1889.0,5925.56787927009,7.444132434886064e-6,-62.39030499597926,21.90190905536793,-678.7396672459483,6.94741292116823e-8,4.2713218001277595e-9,1906.353960823953,-7.693784412223477,-7105.0,231.74830929823844,7.616859851943296e-6,-0.0005461549415895547,7.356068559099134,-215.5891306538172,7.838184798679207e-8,4.203861794436159e-9,2266.106945718182,-30.621654457536096,-2259.0,17805.646584652517,80.52743280270236,-9.910902775761561e-6,92.87863804405934,-1527.540587785581,7.745531352967077e-8,4.188521377276984e-9,1919.9999416276823,-19.51199948009278,-18352.0,73795.35258471801,1.011112472171605e-5,-550.8075069885733,210.5434189132216,-4558.417125088254,6.9287846462604e-8,4.238722702227642e-9,-3109.9998831217135,-50.67149866772794,-65736.0
t5,13164.038052621248,1.3511105512994177e-5,-0.00010518021578417237,34.69560135211546,-368.4835017821326,7.896531341682051e-8,4.2183800888389145e-9,-831.4730731950684,-10.776987382407025,-11988.0,1660.3406892139549,1.642217312842883e-5,-0.2030667990323873,2.4999785832602353,-60.078376457026884,6.833036079471574e-8,4.257829939359626e-9,-468.89322919042866,-16.666011838324753,-1117.0,265.72120395951555,7.932215722398806e-6,-0.01504533356890709,1.8854506929596868,-44.75294572712293,7.913385769454712e-8,4.203275812039617e-9,631.1068265267845,-7.945498127288161,-846.0,3194.059052019336,7.956057474715396e-6,-79.30240301765338,3.7347690918736247,-90.23642153572233,7.94831104727983e-8,4.209849903486852e-9,-1292.2971440813453,-59.95786055264686,-1676.0,578.2712424396518,8.408155611806238e-6,-0.016415026382163828,0.43975479268784445,-9.888753315908414,8.022745871039802e-8,4.222953881194351e-9,-374.2794504551998,-2.5263869219137516,-192.0,3679.5683883161673,1.516431181160267e-5,-0.0006730150915830072,2.287273005566534,-51.71598497101703,8.00243662861804e-8,4.2193542916075786e-9,-2583.6704566305198,-14.46856194788449,-1032.0,757.4056366228408,7.726162029740807e-6,-0.02388649271652453,4.2209035737125635,-96.40675957297506,6.904590850105941e-8,4.271113845470889e-9,1251.2752927642264,-60.471194683942265,-1856.0,4675.935225490432,7.287340393400257e-6,-42.86596734316391,15.249088012087634,-360.1298942334396,6.940836090966009e-8,4.2697805098449596e-9,2705.4962745608555,-9.684733833202577,-6984.0,231.7483026043628,7.488758361128901e-6,-0.00045658721453588553,5.170239113026467,-138.30344079989655,7.83450636968096e-8,4.201639315813236e-9,2152.734909341273,-30.3495612336351,-2221.0,17496.448335438265,52.28172236602669,-1.0149920166570978e-5,63.7796405881281,-905.9976254101838,7.744546100262864e-8,4.1859977354060445e-9,1919.99993655809,-19.511999449290645,-18607.0,72719.36928694695,1.0669269141312099e-5,-564.920295434216,170.36810975224782,-2122.1457270107244,6.92367923894076e-8,4.235803789076405e-9,-3109.999886198667,-50.6714987384085,-67042.0
t6,11949.35902465507,1.7694883663055188e-5,-3.58450856413047e-5,134.46920501280525,-134.4692319746705,7.889537351770824e-8,4.220848711484183e-9,398.2312247409601,-3.590204341843118,-12344.0,1862.4379839746,1.8367337570515966e-5,-0.00013262610013501101,9.97277343430137,-1.6277121750762389,6.840918426513896e-8,4.258762554313926e-9,-727.4188999324036,-17.364031107679157,-1126.0,323.46029196687067,8.670515528134916e-6,-0.00011789292197557751,7.558689948655975,-1.2356429493272711,7.91642854847272e-8,4.2043346177801214e-9,533.5516715258391,-10.33490134631267,-853.0,3223.7515279217832,9.022121549527052e-6,-7.073687682486827e-5,14.931194218028729,-2.4170259343180844,7.948713501334475e-8,4.21069588482107e-9,-1481.6012789296028,-65.6643556861253,-1689.0,645.4770632093545,9.5164992656697e-6,-7.397507748727319e-5,1.730719123571142,-0.2855159816233899,8.023940701976811e-8,4.223575263528713e-9,-450.8787696442386,-3.0434323268707173,-193.0,3702.3937202707057,1.7583357992953635e-5,-6.722078611591184e-5,9.115108833433498,-1.468342183465879,8.002914448805094e-8,4.220091633218621e-9,-2650.329558729661,-19.710878630551502,-1040.0,757.4120343298894,8.952142053660284e-6,-5.9346875113451916e-5,16.83285847659782,-2.685805603337113,6.912098169638219e-8,4.271616885661575e-9,1162.820807680181,-62.37984455920415,-1872.0,4202.838031836549,8.426925806106445e-6,-5.6194021211646166e-5,60.285311980200326,-9.60642470618273,6.949128957848876e-8,4.270370888424427e-9,2791.6907079644843,-11.207579366840204,-7034.0,527.8999720483117,9.344833417477411e-6,-3.4594593459995435e-5,20.563176698522774,-3.2927101540240025,7.839727701071054e-8,4.20266866990761e-9,1715.1279578650083,-20.298371283561487,-2240.0,18348.708192369853,2.0819370122649087e-5,-2.758963178224742e-5,203.0393213087918,-561.7852953226906,7.676844011990962e-8,4.184203896645804e-9,1818.8060133617037,-18.768224967839405,-19790.0,74059.09140963713,1.1198659437944612e-5,-13.839071649303415,597.802870646021,-203.38384539616493,6.927211441906725e-8,4.235611626355719e-9,-3109.99987590227,-50.67149860639546,-71279.0
t7,13148.648818002168,178.84241667023844,-1.4279047317231352e-5,363.0456417255302,-177.5367532067844,6.89334575774519e-8,4.255352012013078e-9,-0.00010471609655779704,-4.281199713042213e-6,-13513.0,2064.5351945116518,274.7810120294838,-1.158224308056546e-5,24.823871098943364,-1.4953621216847497,6.910160853688747e-8,4.26208622175871e-9,-1164.5005557679901,-13.144148234123183,-1185.0,348.2073112276756,0.015051720982588928,-7.44061504771549e-6,18.814020273974766,-1.103362141470465,7.989512582219386e-8,4.20779943945406e-9,534.2675312005016,-2.2005449190720734,-898.0,3207.2578206981216,1538.4628370437792,-7.789699290321693e-6,37.09051639036306,-3.316785200030482,8.009067601571765e-8,4.21350271324227e-9,-2969.422718457105,-32.07166276614067,-1778.0,712.682901292644,193.6148236214859,-8.139414243491053e-6,4.303873014314804,-0.26770998797582884,8.087226460186221e-8,4.226176981837939e-9,-701.5980922108032,-4.7357876699954025,-204.0,3725.2078796110004,1011.0012172521181,-1.2475444291029744e-5,22.287962129694424,-3.427851362452848,8.049628013130459e-8,4.222313335158714e-9,-3639.686945445127,-20.382249788367055,-1095.0,757.4184411645818,0.00014170027375276801,-7.673900032205478e-6,41.18785487840144,-6.295556775959009,6.969121968786319e-8,4.273857743282483e-9,1239.319877817303,-57.63075117851768,-1974.0,3762.95181245654,0.0001350149480547664,-7.296300551460513e-6,147.5113564524572,-22.51835156766523,7.008366588848294e-8,4.2727996248975246e-9,3511.6434806593297,-11.588425779188707,-7388.0,527.9000374789221,0.00011189369211372235,-7.145580826566628e-6,50.296395390134215,-7.700769518784287,7.891212913077505e-8,4.204905929322839e-9,1802.8055983370014,-7.301366509476393,-2366.0,17979.499889991548,3628.8663423224402,-1.1352748774138332e-5,519.6341557171287,-0.0002792993513224264,7.728379396606887e-8,4.186388048872095e-9,-9.4585089285807e-5,-2.847971860740841e-6,-22128.0,72802.76326066493,3694.4827224206265,-8.033529757650219e-6,1579.6412543857773,-280.13849021882606,7.023194023901139e-8,4.23845673580092e-9,1387.1720231680754,-19.920762449071145,-79164.0
t8,11760.427469221388,1829.9999051694847,-1.3795100367901936e-5,822.6065353517907,-0.00015446412088919814,6.87924896187322e-8,4.255514452325867e-9,1491.0878340031472,-13.121575545878473,-15891.0,2266.6324864868698,652.9800914618411,-1.2177829170547084e-5,49.12704840048249,-1.4183717997315741,6.90143882468559e-8,4.261890561886958e-9,-1621.9419985078734,-14.379243922830579,-1331.0,350.5836880490935,0.011706998958372449,-7.8226577044986e-6,37.20493771827282,-1.0632150704475054,7.967358574259988e-8,4.207965197260316e-9,621.9421359186246,-1.6792458694711967,-1006.9999999999999,3225.1920029273742,4275.46993654283,-8.200462834709573e-6,73.6731212988111,-0.0002170056560735677,7.98650906513233e-8,4.213460417395674e-9,-5504.744876016343,-72.58995955407782,-1997.0,779.8857184685666,1051.6126055364955,-8.691804431902741e-6,8.510275795590186,-0.2089632516542775,8.070682739022186e-8,4.225871830930738e-9,-1599.999630006009,-10.799997932436407,-229.0,3748.033213533325,1166.7011210460896,-1.2984377542984839e-5,45.03082473922945,-9.55801777709398e-5,8.031254544122534e-8,4.222547744890591e-9,-3691.5319572659896,-39.23309356628922,-1229.0,757.4248415819225,0.07209370901210849,-8.14277982200333e-6,83.27291685974227,-0.00010470773966718185,6.96501711254593e-8,4.2738471056851735e-9,1443.897071931355,-68.66681130009485,-2216.0,2965.160869929273,89.16091631096238,-7.689717109589768e-6,298.4047294590183,-0.00011434379549565588,7.004090667142617e-8,4.272193736078938e-9,4958.637110959369,-16.363504685536995,-8295.0,527.9000386803256,0.0006896502731565929,-7.956243546106801e-6,101.68338435329119,-0.0001050914159081875,7.889611012919351e-8,4.209327698402029e-9,2036.7906551174,-10.374654829258288,-2656.0,18533.390567516202,5573.275614627915,-1.2331511124216559e-5,1026.0148200534247,-0.0002627251957119181,6.905237698413773e-8,4.221412776842233e-9,-1244.1363248362395,-14.544402347000638,-23874.0,72681.05624366816,5133.0000044332455,-4.742666092903788e-7,3182.6152742196778,-1.0119444855389778e-6,8.129957810070005e-8,4.275072046749837e-9,3109.999978702558,-50.67149968282755,-84056.0
t9,12406.008614770455,1829.9999388507888,-1.3809269742821334e-5,952.5892242272415,-7.233781837142744e-5,9.264480985958678e-8,3.976756856923679e-9,1898.2250349543192,-17.82272672818197,-17069.0,2648.705541747022,373.56244771287936,-1.3245284849725017e-5,58.153541387755745,-1.327972833410386,8.396323418706667e-8,4.161641897196594e-9,-1612.739150809506,-14.354394041510421,-1452.0,304.61848926132814,0.025738366402186956,-9.383037755514208e-6,44.04527734169191,-1.0523046881526288,8.142200505146724e-8,4.1645196276520534e-9,753.6867066394128,-2.323897619241245,-1099.0,3984.5047058660466,4237.544352741174,-9.44860863722429e-6,87.20895035614525,-2.908822842651215,8.778576923133326e-8,4.148669963739056e-9,-6054.681137189231,-74.66803956504752,-2177.0,899.2542904654226,898.4634075379444,-9.507966101444779e-6,10.073464179131543,-0.26262245341623497,7.23037639161343e-8,4.179190786511078e-9,-1548.0789964696364,-10.449533823234738,-249.0,4345.6125402886655,1166.7009329870946,-1.4740037671060593e-5,53.30123165618427,-0.00017808837875039782,8.314651227434817e-8,4.17434472386e-9,-4178.468701766027,-46.14581041922457,-1341.0,757.431241946298,0.001527648336013154,-9.358390973875148e-6,98.57561662045157,-0.000181595430145205,8.871289247242692e-8,4.160804906131222e-9,1635.7324800152371,-77.74067536140844,-2414.0,4019.2102443027275,0.0014670924259274315,-9.266058268226863e-6,353.2181092244561,-0.00019440191575784038,9.270499142792053e-8,4.089809974524339e-9,4704.093895115854,-15.523512153659057,-9061.0,527.9000364362076,0.0005474408340331366,-9.378618170349467e-6,120.36324282611055,-0.0001806240791482492,8.988322220041548e-8,4.141193808533744e-9,2253.0411474898387,-10.304784279832953,-2891.0,23118.05419209829,0.0008897322991466123,-1.3578838284145127e-5,1147.1243943970692,-88.98661711234355,6.789847888322438e-8,4.211401521194876e-9,-357.5647419817805,-2.6281036002658005,-23816.0,72504.71466205435,4653.169729618521,-8.226331404087507e-6,3548.3823254045537,-2.2192176609209553,6.876195348506348e-8,4.2268980562625995e-9,2506.7534640015188,-40.80095521437438,-83170.0
t10,13045.517265195656,212.25459080802347,-1.3672469619581287e-5,856.5889884305006,-196.50518308451993,6.910749961302537e-8,4.289665268474237e-9,3216.8579196756878,-34.71356739352059,-17100.0,3430.269498991841,2.3487015209746054e-5,-3.005818540380527e-5,53.56051160766634,-7.199933539921124,6.828087317760946e-8,4.256888094568943e-9,-1981.2806128440284,-15.349457706896997,-1480.0,310.78610376201607,1.2591225179076191e-5,-2.177116873031087e-5,40.574656885942595,-5.436697091359731,7.852838241936185e-8,4.203021837178736e-9,778.6877216484404,-3.6117760995509536,-1121.0,8102.246966368989,1.3954999673082255e-5,-2.040261926189775e-5,80.31979506821665,-10.799871649831537,7.884685918686964e-8,4.20737289955719e-9,-5885.320261020848,-65.44662238624734,-2221.0,1357.915249963825,1.4049739499609325e-5,-2.1369400631080924e-5,9.276968024856638,-1.2490049654181656,7.961411074050088e-8,4.219018685762168e-9,-1104.4879117068135,-7.455294072695052,-254.0,5477.558507567238,2.1947916803129262e-5,-3.01978053298901e-5,49.08504059233369,-6.612173985897945,7.934177235760722e-8,4.214924629715875e-9,-4104.130765707267,-46.90060028941055,-1369.0,757.4376356525239,1.1758031470451025e-5,-2.3383746305068735e-5,90.79429826612198,-12.195786351595334,6.896809916272947e-8,4.267918346676534e-9,1704.875626593118,-82.91176260083643,-2458.0,4767.98311034753,1.1051427094072033e-5,-2.1471659873836713e-5,325.2931532676367,-43.78709345473688,6.946471287714907e-8,4.268666336995214e-9,4225.4548439831815,-13.944003782375198,-9261.0,527.8999664810246,9.57683272954425e-6,-3.5174254244850215e-5,110.8508432949681,-14.914126530800766,7.800057415884724e-8,4.200417154548533e-9,2341.962290254843,-26.798947975588682,-2939.0,26727.80719705203,1.3041381154187137e-5,-1396.6120698159698,877.9526699492807,-816.6360173019915,7.622386786819162e-8,4.1827480230651704e-9,-1919.9997949224946,-19.511998048542694,-23453.0,75445.69486896668,1.9574917941353974e-5,-1.2533033193332933e-5,3163.6223505852668,-557.1625140986389,6.962663623154583e-8,4.2359080421228445e-9,2727.380944046183,-43.53565659373513,-80736.0
t11,13037.385298906063,182.33941396800515,-1.388558069393811e-5,983.3023212480734,-156.17139706991276,6.908497612549469e-8,4.288705516805526e-9,3216.857944341144,-34.71356756106748,-17229.0,3599.572798933268,1.3484649029746754e-5,-151.82326179093698,48.40940447506231,-61.9482087628297,6.766262010599471e-8,4.255433334940914e-9,-1929.99974530008,-5.211001101406646,-1499.0,364.1270495681964,8.705714360333322e-6,-0.021165325982554377,34.62492356122935,-61.12451327137352,7.736022865866922e-8,4.198954312406212e-9,806.9392347410821,-10.54553805158753,-1134.0,10439.059712404422,9.076128851397731e-6,-1155.6820335732439,69.12290555955934,-121.93108219221317,7.775329073107954e-8,4.202712165191711e-9,-6899.606545970093,-83.96296541246662,-2247.0,1682.7305551574732,9.223923820926924e-6,-625.4802218253614,7.810217769547768,-15.939159816693502,7.842926933148123e-8,4.213307437076048e-9,-785.8171341651472,-5.304266418577711,-258.0,4554.121193381474,1.3428295002280932e-5,-0.0012781745242644279,41.75659822900328,-78.73262378049603,7.822034676442298e-8,4.2100810030218995e-9,-3051.375851102222,-80.76805207180274,-1385.0,757.4440313103024,9.941663414807756e-6,-4.824982665465938e-5,96.7386960936725,-136.7152101413994,6.860595883243434e-8,4.2655127944186924e-9,1877.3332576864102,-106.80073668923056,-2488.0,3665.2804667521095,9.375982499770454e-6,-4.573422468822631e-5,346.5415349979813,-489.88826197483087,6.911124913173732e-8,4.267807578071535e-9,5871.808071402969,-19.741774879548228,-9374.0,231.74825391681048,7.835806887787297e-6,-0.00039503962989490037,94.56603633002881,-209.8998923008221,7.756502531788952e-8,4.20395877178338e-9,2884.4216858984914,-27.83569671471271,-2973.0,27040.54887756934,1.3423537719976129e-5,-3432.6101488438203,970.2702075367047,-880.6247217517068,7.620037435711779e-8,4.181017964892983e-9,-400.4211330645955,-17.163094916349504,-23280.0,78042.16905601247,9.638176067897647e-6,-26.236866051167134,3428.67200978228,-922.1883156897333,6.889853564247447e-8,4.233131957558871e-9,-1590.1397844679589,-28.276109269505756,-78904.0
t12,12705.08599371287,250.95528430910008,-1.4727685883904893e-5,1214.1165099008347,-69.3021495472755,6.847760744348671e-8,4.24968644190912e-9,3216.8579438371526,-34.713567549138006,-17283.0,3632.06908109516,1.3993407488872058e-5,-195.4214435847797,58.73151627992225,-68.16841888107983,6.780627215033683e-8,4.257607994675114e-9,-1929.999747851911,-5.211001112863059,-1492.0,400.6697702841456,8.538019334544467e-6,-0.010678597356352272,42.78508609712051,-60.12404230317567,7.795829631009637e-8,4.203970711409816e-9,757.4604184243979,-10.780562515294298,-1130.0,11381.879335605188,8.42781751904273e-6,-2771.218153510028,86.3607998418984,-106.82829468813105,7.825517411273801e-8,4.207438869509634e-9,-6257.662950383558,-94.53074538668679,-2238.0,1895.7887097308787,9.053008056205259e-6,-725.185904715142,9.979671369754252,-11.849594308856474,7.900450541934567e-8,4.218632857411936e-9,-906.6132509387506,-6.119640265828912,-256.0,4492.353782414097,1.3167586678640321e-5,-0.0007151239361039382,52.6938976170855,-64.16135481161581,7.864815645765978e-8,4.2148830837124316e-9,-3020.9639913937513,-80.92163194962409,-1379.0,757.4504380856861,1.0825289414557416e-5,-3.12973037154984e-5,129.69284115748988,-0.3474238380190167,6.883013644116224e-8,4.268180396234717e-9,1694.3479555103465,-107.1437904940931,-2474.0,2434.4010369121515,1.0085775988170699e-5,-2.851848977475927e-5,464.65781014146626,-1.2441386284724187,6.934537282220173e-8,4.27102222684996e-9,6466.52484497807,-21.33953503228185,-9343.0,231.74824747354467,7.5808282672603666e-6,-0.0002717670602456716,128.81512834393558,-70.51951137336125,7.796355035424713e-8,4.203811610946852e-9,2693.855752694054,-27.89935302562355,-2956.0,27479.325179760242,1.33803966330976e-5,-4310.585031761716,1170.847591759504,-995.2124344528712,7.633349591786168e-8,4.184337482424026e-9,-621.5866571228808,-18.788661610644297,-22704.0,78880.87836681645,1.0090780038668721e-5,-759.6420381330171,3845.322168577409,-2264.698278587658,6.88824397288689e-8,4.234585084429645e-9,-2092.220317753168,-37.639911081961706,-77572.0
t13,14270.547013689435,2.045961086374027e-5,-3.209401687787162e-5,1135.6728446964812,-1410.3641273474605,7.898591334290463e-8,4.218566706552071e-9,3216.8578472397567,-34.71356673049521,-17178.0,3654.687240690493,1.4051279810878716e-5,-199.62463437623492,63.05565757121591,-94.90751009250044,6.782558794508712e-8,4.2561968001940955e-9,-1929.9997667689972,-5.211001136566443,-1488.0,357.50118740408004,8.615758119521582e-6,-0.006495987764105916,48.71890742721155,-52.19774696206572,7.810132669729885e-8,4.202510464702772e-9,783.6403473885421,-10.656207960136499,-1127.0,11447.377771946254,8.436772587993555e-6,-2662.891467990537,96.89839179774572,-106.53029885543435,7.839570498634517e-8,4.2060223634897295e-9,-6447.546240945073,-95.30816446083226,-2232.0,1715.0671985281724,8.75157320492925e-6,-538.5738944638998,11.207786395963545,-11.979955927923125,7.913405332075142e-8,4.217448454360197e-9,-913.55464869711,-6.166494662244292,-256.0,4313.331920843933,1.3326353538437338e-5,-0.00045143014659961944,59.26846648088771,-63.21033782948808,7.889384065905664e-8,4.214308071159084e-9,-2850.607680220515,-81.7819312401708,-1377.0,757.4600409452595,1.29009326797632e-5,-2.295758179598799e-5,146.83151006947998,-0.0008419358362658717,6.890440192956013e-8,4.268143010233891e-9,1672.1415265726157,-107.43222564823554,-2469.0,2616.5666928126675,1.2028285547939488e-5,-2.103978784767709e-5,526.0411392734964,-0.0008457080067962589,6.939699794315235e-8,4.2701384383730515e-9,6201.859160779276,-20.466138206052168,-9324.0,231.74825537036813,7.564596129067194e-6,-0.00020252774556642114,136.18916667513759,-145.73670649944034,7.814761737798012e-8,4.203082802369887e-9,2752.1808430351894,-27.381363691882463,-2947.0,27007.80989871995,1.3337988124365635e-5,-4358.102391111633,1281.5588803523092,-1131.1180143889164,7.63184188721369e-8,4.1823060039445255e-9,-393.039546601453,-17.108840350263172,-22390.0,79752.26018801474,9.885455838025894e-6,-328.7167417757696,3980.2753984183623,-4813.252481825198,6.876238584485255e-8,4.232285323576061e-9,-2091.9318417822315,-37.63453100490364,-76461.0
t14,14840.887931262547,2.058010515751252e-5,-3.192710701068253e-5,1002.3293186692592,-2060.3615503564783,7.902538563801553e-8,4.219277183461592e-9,3216.8578786888575,-34.71356699558741,-16965.0,3512.8178134826117,1.3668446515020623e-5,-107.34900805390478,65.43907078149196,-62.69713921957741,6.78414534726697e-8,4.257446338181054e-9,-1929.9997496000444,-5.21100112062932,-1473.0,370.2162150353812,8.212342453441603e-6,-0.0064024873873575515,46.78337126281041,-66.62384918181982,7.815850015064345e-8,4.2037489313817544e-9,775.3263564258997,-10.69569934104533,-1115.0,11953.57384062428,8.028773541599486e-6,-3081.7720847590026,93.79826334778005,-128.22913170167058,7.845483923126138e-8,4.2073338938388095e-9,-6533.881395622087,-94.4895000247565,-2209.0,1589.7336840974624,8.881080936037605e-6,-527.5519733719536,10.971609696424526,-13.40776046584698,7.92329152193117e-8,4.218965798871219e-9,-801.3365463530465,-5.409022560362649,-253.0,4316.025770694373,1.3041900743349587e-5,-0.00044701449656050585,57.529391990522946,-73.5605836072138,7.896357480068282e-8,4.215907080849805e-9,-2856.372411568817,-81.62173360757453,-1362.0,757.466112515889,7.211105213511358e-6,-0.03779295725435684,141.99570950726863,-104.46728384817584,6.858669626290878e-8,4.269133259075997e-9,1754.1409704996313,-107.09772297990041,-2442.0,3397.6918808115347,6.819891988479299e-6,-19.260321541798476,525.8003001110984,-351.1299287815237,6.90771753902022e-8,4.270366425459449e-9,5696.6921471508,-20.794084629001464,-9229.0,231.748261671403,7.873648236349267e-6,-0.0001729236387788117,129.7866602884981,-195.3515316397803,7.827188221586407e-8,4.2050716473037865e-9,2774.428322759837,-25.61154810374247,-2915.0,28323.419251711704,1.3403462833207295e-5,-4869.15987616005,1147.873664472296,-2367.4521173687986,7.635764081258482e-8,4.183281171216635e-9,-4.428387826009739,-14.252548279907698,-22216.0,78828.38813430334,9.890435346867888e-6,-259.3959682891603,3835.4488814855195,-5152.388753756488,6.876287616649518e-8,4.233616020316339e-9,-2091.4271845550215,-37.62511914547556,-75123.0
t15,14314.474053514701,2.0376780549346037e-5,-3.27390797297073e-5,1142.0848340465332,-1592.7031843847324,7.88545613633145e-8,4.2188014509623345e-9,3216.8578760856785,-34.713566986076806,-17046.0,3659.7354263766665,1.4314261660517935e-5,-189.5094666919705,66.03532809889067,-128.05052987633005,6.776578998794284e-8,4.2568442812257245e-9,-1929.9997711084864,-5.2110011754796774,-1473.0,300.27369494213065,9.395933719704747e-6,-0.006784962496970388,53.117005119225084,-68.01824347011821,6.742951703441473e-8,4.244090455905514e-9,840.0227106937863,-10.388391783249208,-1115.0,11611.545288891082,9.276905730136608e-6,-2884.4872378146356,103.84703544316274,-149.66150854123617,6.775635099608641e-8,4.246165523736815e-9,-6379.238661295881,-93.004926009728,-2209.0,1570.1300634641732,9.394330574147146e-6,-511.46460526258164,11.969435728674725,-17.18159185593416,6.783215505565488e-8,4.2559587126287925e-9,-795.0864770175721,-5.366834515676297,-253.0,4190.918168634611,1.3897549618135638e-5,-0.00046401813189410215,63.0184610489435,-89.99655861224558,6.793889717867598e-8,4.255224199937427e-9,-2722.4684101415787,-78.47121086481116,-1363.0,757.4725421283696,8.644287142876329e-6,-0.023257177155890405,73.73843508334141,-359.30579926458176,6.853743571694711e-8,4.268040671326144e-9,2072.9657401816958,-102.8476696545089,-2442.0,5257.782569111725,8.146786063891714e-6,-45.0274468347738,280.25868177568265,-1260.0067947810294,6.901171334057274e-8,4.268820336325659e-9,5018.549195435091,-18.556212913364636,-9233.0,231.7482630164587,7.718077706282672e-6,-0.00018531031952690605,146.0364360890882,-204.29923342982062,6.824885738142125e-8,4.250186097719336e-9,2767.0721922950634,-25.55748044595854,-2915.0,28155.526166640113,1.3435252017142453e-5,-4785.275295038774,1265.5026160992934,-2474.482776496969,7.623216287307559e-8,4.181671621919925e-9,2.9277559090775673,-14.198480596724929,-22150.0,80767.95466045043,9.874858345999768e-6,-228.61121802658258,3905.5514136288757,-7883.664332710022,6.880850709517007e-8,4.234463078861773e-9,-2091.602151036875,-37.62838223249215,-74432.0
t16,16062.716856994604,2.0337282067335582e-5,-3.406732460488091e-5,1210.6124464375957,-2935.473603325169,7.888769752813309e-8,4.219797741531962e-9,3216.8578806039964,-34.71356702566257,-17520.0,3661.31386527939,1.452057107087402e-5,-158.63551744125934,86.16747393297717,-154.6350852793518,6.796649384861031e-8,4.258395777603418e-9,-1929.9997499217554,-5.211001151584134,-1499.0,350.0297937515271,8.81972596600833e-6,-0.010612800429264359,63.666439747396986,-119.91382265047929,7.834925059391507e-8,4.2063525513962425e-9,851.5617741828265,-10.333581123755646,-1135.0,9688.918968817334,8.720675996003426e-6,-1126.9836239694916,127.0636683009299,-237.69174477359363,7.868701170940082e-8,4.210573359484935e-9,-6112.978128090128,-90.32914903378148,-2248.0,1434.2604819205671,9.01647291467879e-6,-459.91561275518745,14.340885436573009,-27.543134525505867,7.94200939804429e-8,4.222265604038404e-9,-698.4282378200094,-4.714391348294146,-258.0,3728.0327975391,1.3675386529185743e-5,-0.0006791055893400632,75.39619121680064,-147.3131651676881,7.912129074326717e-8,4.219279328390784e-9,-2198.600415166708,-71.51474306752218,-1386.0,757.4789450248472,8.565897177324153e-6,-0.026340784516539685,67.79811390283811,-365.44493058822763,6.880425711398159e-8,4.270957315292827e-9,2120.8596160055313,-94.66541218905836,-2486.0,6529.2496965498785,8.006352518818916e-6,-41.05570740946924,183.44904453629326,-1333.2791134558188,6.930086785375578e-8,4.271459099709085e-9,4069.0589668541684,-15.422895138970881,-9392.0,231.74826266620806,7.419181039766393e-6,-0.00020461357355625514,194.09678077219235,-264.82289119807774,7.862267305127638e-8,4.213089612243786e-9,2833.0202436298937,-26.042198751769057,-2968.0,27201.630695263604,1.3155086529770483e-5,-3634.1255333358595,1799.6107877536685,-2415.4124573427375,7.632702035578356e-8,4.183055560876734e-9,-63.02030667101188,-14.68319886728823,-22874.0,80937.37118137727,1.0146739650984374e-5,-181.90064385179033,5346.652252866312,-8250.223769686387,6.899106640056441e-8,4.2369712352382135e-9,-2088.331643606805,-37.567387258047226,-75726.0
t17,16174.38621764144,2.018855643188887e-5,-3.695549714663639e-5,1732.5384701719115,-2817.0689546558065,6.873865766573792e-8,4.246977358453883e-9,3216.8578504000616,-34.713566829609306,-18272.0,3393.237231824577,1.550193935219166e-5,-0.00024837611293559417,124.9222705221517,-124.92238909203343,6.789510336606435e-8,4.255208456475501e-9,-1845.9585542457387,-6.278326197895315,-1541.0,306.8932639137329,1.1516133729412709e-5,-4.985218081889687e-5,94.09879124085833,-94.09881937211509,6.777247375885776e-8,4.244048272276293e-9,870.3511350348772,-10.244332544968852,-1167.0,6969.839020572162,1.1304242334889005e-5,-5.029491567005822e-5,186.7410013405669,-186.74102877700776,6.814501748294121e-8,4.249000820442709e-9,-4573.872467092482,-83.96648708749755,-2312.0,1059.3216314732513,1.1793352852781626e-5,-5.1788392764433925e-5,21.448683925396043,-21.448708367288514,6.818394892635874e-8,4.258775767130803e-9,-789.9891397255221,-5.332427375772821,-264.0,4397.12603654931,1.7077199523985478e-5,-6.23484464601091e-5,112.46787636035845,-112.46790370709,6.824385554738675e-8,4.256903609613728e-9,-2911.007431573167,-60.1185324213287,-1426.0,757.4856443455633,1.0335905254847624e-5,-4.47261102302036e-5,210.92751604451053,-210.92754349286835,6.884446484442793e-8,4.26773885761804e-9,1889.4264567330588,-88.91203930581598,-2558.0,6092.536543019684,9.66859691404352e-6,-4.2373316500334807e-5,755.7987685193366,-755.7987962250121,6.93652501685264e-8,4.268072047556226e-9,3568.2336884636225,-13.770171134960847,-9647.0,231.74826495757597,7.443014610198969e-6,-0.00029052294091357924,233.66084482826636,-350.37052056803594,6.830557334154276e-8,4.248713662578539e-9,2969.0033696808237,-27.041675883765897,-3057.0,25562.441753877534,1.2416672400523194e-5,-402.6824311593865,2463.8129314699313,-2717.885946392951,7.625158563269763e-8,4.181363471808454e-9,-199.00364392635583,-15.682676326561,-24691.0,80895.28265408768,1.1083887587432846e-5,-97.1041707810553,7915.94748395192,-6793.0458900120775,6.910696589952124e-8,4.234945419205935e-9,-2194.0412637491772,-39.03882466221644,-79688.0
t18,16082.667665706207,1796.6047900769506,-1.3929056012731811e-5,2828.3919143087505,-804.6642680233069,7.956136326704045e-8,4.220519572991217e-9,-8.337598566261901e-5,-4.815598411416729e-6,-19903.0,2080.4662967300437,117.8444078876127,-1.3680675574754204e-5,177.30979595615705,-42.97848229156079,6.893240915905006e-8,4.261738041087801e-9,-683.3968328603662,-17.245171808980015,-1632.0,279.8754639705833,0.0069949025534861795,-8.943410675633932e-6,133.5916868866241,-33.12476770371873,7.978024362921072e-8,4.208439876230336e-9,864.0875223635614,-8.436891553825665,-1236.0,2999.5395150175486,575.9544796743047,-8.668449280467395e-6,263.4009840848171,-68.10699763958841,8.02619694671232e-8,4.214982510064075e-9,-1257.4402024495673,-64.34777010578873,-2449.0,710.8833826341241,298.02514014829615,-8.947398691687675e-6,30.5851331707048,-7.145502635817506,8.108655764628301e-8,4.227486608572319e-9,-746.3105477034618,-5.037596746006607,-281.0,3726.7813452845,1074.1814483426278,-1.3154594498282755e-5,146.16497717893336,-87.51344783459633,8.082609706120049e-8,4.22497708570765e-9,-3331.6052258952673,-19.009084001115173,-1509.0,757.4920589851607,0.009038525967425718,-7.956954330779186e-6,260.7301266224223,-204.44033960097354,6.991087263179901e-8,4.2762750749508275e-9,1964.84845476835,-66.63933141102567,-2712.0,6982.580861191493,10.339872215792147,-7.5609612407258515e-6,897.4546147848066,-841.3225403572062,7.024890533652454e-8,4.2724216755112085e-9,3169.406242603737,-10.459042939411255,-10208.0,527.9000402853002,0.00019432123283484544,-7.890570861688069e-6,351.8476529682383,-156.91042623069245,7.926487707520823e-8,4.212357218436099e-9,2530.410713628352,-10.248167158107758,-3243.0,20383.62673013904,3664.4738674703854,-1.2159044911586589e-5,3720.785417850379,-917.075910749799,6.892104804246036e-8,4.218830926741686e-9,599.999908437617,-9.810001036913588,-27442.0,81170.07305775331,1.0274689818656408e-5,-127.10203410873281,11313.152044056109,-2056.4516290068113,6.877089264785684e-8,4.232631191389426e-9,-3109.9999495169695,-50.67149942265176,-87139.0
t19,16740.062683756278,1799.2078793794253,-1.4393029864361605e-5,2581.148055850355,-818.4184905764797,7.961088432890915e-8,4.221970611743703e-9,-0.00010948066566796052,-4.6154139231760944e-6,-20302.0,2122.0243815709014,108.03174123526621,-1.3766172093039446e-5,149.88965063255873,-49.92283855866114,6.889652038966275e-8,4.262082218703571e-9,-629.9221310914198,-17.100790090810982,-1683.0,256.22363914168545,0.0043757435986369,-9.010531502004638e-6,112.53370158690694,-38.87217439995873,6.863739468926889e-8,4.251161347053581e-9,952.727929957067,-7.61746308565878,-1275.0,2998.440986690008,933.2292852789719,-8.683876652640356e-6,220.2540318912394,-82.5035050741035,6.903631410400238e-8,4.255443788944728e-9,-1480.4089475542312,-64.0118426259919,-2525.0,745.4641188159529,272.78060075238324,-9.1236239901997e-6,25.431001753085713,-9.230839661953985,6.907778128409881e-8,4.2675757127734894e-9,-740.4468557864147,-4.99801681767141,-289.0,3731.983196840019,1127.4401516858907,-1.3691549080001295e-5,134.96521269143398,-44.89505068511387,6.915891783427546e-8,4.264942477797025e-9,-3372.456999996162,-20.036496914499235,-1557.0,757.4984515299609,0.005106526164969272,-7.985154825466752e-6,250.34239553940407,-83.26222273356184,6.986183282081177e-8,4.2759406663958e-9,1936.180108685926,-67.76383162680224,-2793.0,6830.613593537171,6.390371735514868,-7.583404925555435e-6,865.5385882524747,-467.980538964711,7.024548088649904e-8,4.27289741425134e-9,3315.3787452106017,-10.940752248203822,-10539.0,527.9000421506572,0.0001378635379503413,-8.105912041853147e-6,332.5358079180928,-40.142041186457774,6.92291244496631e-8,4.2555517743616416e-9,2528.948305765588,-10.24224447262193,-3339.0,19950.587462878186,3555.176544103499,-1.1148501423171155e-5,2969.6018055197687,-760.555703864498,7.736797569913377e-8,4.187671714630991e-9,599.9999035520585,-9.810001101914741,-26305.0,82505.99659358745,1.1167091708896018e-5,-104.62823447482911,9831.310148065226,-1533.0070696758519,6.906761908465274e-8,4.235928337274705e-9,-3109.999949262348,-50.6714994149121,-87539.0
t20,15793.194890420707,1808.0304125266941,-1.516854652297316e-5,1499.2897606478027,-86.51489658735053,7.934880512689518e-8,4.2225880274505e-9,-0.00014649271632736398,-5.41095805611642e-6,-19014.0,2100.212247342186,113.01367397124758,-1.3872562828050582e-5,85.52696561481045,-49.45210624834023,7.152686752540045e-8,4.350462978453437e-9,-626.2099994957002,-17.09076738174625,-1606.0,327.83477264596553,0.0037347451063931484,-9.64356171306793e-6,63.187364672249075,-39.35893264418605,7.119225014029493e-8,4.342929906646884e-9,872.3048873807808,-7.971817228715785,-1216.0,3052.833360991067,887.9046346962555,-9.479272457912895e-6,123.46507637342786,-77.2243881316481,7.259029634013503e-8,4.345463762422049e-9,-1513.14414290748,-64.83453161507018,-2409.0,753.6057046267598,255.8387383785767,-9.658184705381635e-6,13.709182442071025,-9.761969279155794,6.949444773500692e-8,4.350877316341146e-9,-732.4476245327819,-4.944022048285118,-276.0,3728.207956497778,1126.5542351540955,-1.435134830402616e-5,74.61319222067677,-41.43315966043507,7.160976014654388e-8,4.359947386446704e-9,-3381.773132910916,-21.16907702382916,-1485.0,757.5048409715658,0.004612185243719662,-9.223696805359138e-6,140.68642734062522,-69.7209064450257,7.298558704236828e-8,4.353988664657615e-9,1903.375162824298,-68.8501277260597,-2663.0,6267.9519034873865,5.960789853993718,-9.185487358234194e-6,529.2941323993695,-197.04018595660804,7.552957199953154e-8,4.3183981833143134e-9,3469.282002349242,-11.448633019740367,-10064.0,527.9000426180882,0.00013558973008758653,-9.551795144523696e-6,185.1979212743542,-42.51074022729705,7.349613565412745e-8,4.3406291890743006e-9,2518.6130374558265,-10.20038723258447,-3179.0,19191.56378615496,3901.756767790379,-1.1314931149606814e-5,1629.0178473432788,-708.5282971126974,7.734120328566637e-8,4.190231839433734e-9,599.999908416204,-9.81000133043672,-24604.0,82623.64002657156,1.1379221903245091e-5,-105.84567328312856,5754.330002354129,-2078.4529155160153,6.904813621231172e-8,4.236632161375393e-9,-3109.999952086757,-50.671499462882686,-83033.0
t21,15886.274673210746,1802.7185080896134,-1.5057678358953337e-5,1168.905251808218,-547.8983258742478,7.941799532817091e-8,4.223012875145475e-9,-8.708337241083281e-5,-5.188573745128106e-6,-18310.0,2117.5326771173914,130.60587696594013,-1.4523674419322456e-5,70.44714432931367,-64.53784535773165,8.341082446862938e-8,4.158898601968123e-9,-676.8204230816166,-17.22741553182589,-1560.0,297.4336919022736,0.00406508510128379,-1.0001266110728491e-5,52.20457085750434,-49.55729237981036,8.090697774320367e-8,4.162054124040856e-9,889.1836651183814,-8.268690663554505,-1181.0,3004.2854777600496,1578.1074848438184,-9.842857315677012e-6,102.02644164030033,-106.99899839992165,8.744773965120337e-8,4.143139810391283e-9,-2168.079951306499,-69.34044478175191,-2340.0,750.3994958749652,329.4914114903036,-1.0004687423865846e-5,10.758508121835579,-11.208971985771333,7.176548375550046e-8,4.175452493314749e-9,-805.9999334562845,-5.44050011321601,-268.0,3723.3598403609863,1122.1620629362433,-1.5903513126615745e-5,60.76114810763971,-46.17611552340478,8.28927633437854e-8,4.158070123353188e-9,-3387.7865277816077,-29.320392280445645,-1443.0,757.5112405095773,0.0047818021098129096,-9.573293840920142e-6,117.12435445671642,-76.10566344795647,8.84682608800248e-8,4.150102623319818e-9,1864.2643965856482,-75.79910042003243,-2587.0,5231.9524663233815,6.557736507311488,-9.46390334263021e-6,445.8406574534202,-195.94472075033607,9.244461654404809e-8,4.081432076722953e-9,4299.783156614954,-14.189286768978686,-9774.0,527.9000418032351,0.00014311271500607568,-9.948418819086536e-6,147.138014325619,-71.38732301181639,8.961321763881526e-8,4.129027459191991e-9,2495.455733875319,-10.106600246298843,-3089.0,18506.455511224915,4297.420058663642,-1.2862781511545362e-5,1274.5894046467652,-837.6548807471855,6.898034654164208e-8,4.222716523917569e-9,599.9999203774826,-9.81000134678439,-23831.0,82755.1206099058,1.1006294775784458e-5,-116.1915294372624,4321.973964537282,-3325.2316068118375,6.868515348078672e-8,4.2334960836522806e-9,-3109.9999498624056,-50.67149947866564,-80475.0
t22,12568.00894069815,1829.9999339362826,-1.2331225182175296e-5,950.6443848898584,-6.864093342193505e-5,7.937086114768184e-8,4.224780385336711e-9,1816.1393726750393,-16.792551298058434,-17148.0,2221.3503602292126,369.2090999773735,-1.4560325426306002e-5,60.96187012822812,-27.48010920079144,8.260148268663654e-8,4.17007758401572e-9,-1133.9794596913755,-3.061746964994162,-1487.0,52.968964195249434,0.004717649452657772,-9.95240557996704e-6,46.16774148512075,-27.8345634021772,8.02000722317811e-8,4.1672323586789765e-9,1058.1152499749994,-3.4221000320236055,-1126.0,2935.277770962882,3675.0805814616406,-9.871180386497322e-6,83.66732346038333,-89.54623468683063,8.667994461983112e-8,4.153633620248235e-9,-4334.625908664118,-39.85352276802455,-2230.0,746.2382715388136,522.237531471844,-1.0032571668090871e-5,8.93872788896217,-11.809015926667524,7.13865578650436e-8,4.17959006269327e-9,-1003.8296542638274,-6.7758507511593224,-255.0,3720.050837119287,1125.1531584389174,-1.596635435612835e-5,49.96437354447266,-45.27512003739558,8.215420328469602e-8,4.1646483728303255e-9,-3437.654856687729,-36.238376495345015,-1376.0,757.5176376115656,0.004572097690792829,-9.568969804646993e-6,95.61253873341171,-70.27815649029398,8.777454588670684e-8,4.158083874491075e-9,1745.7577268760986,-65.6143093495381,-2463.0,6274.974259643066,6.345859236908725,-9.46848642327191e-6,360.44720252048114,-161.15334788012382,9.2345002940235e-8,4.089139246023777e-9,2858.8201446471344,-9.43410878364215,-9330.0,527.9000413392108,0.00013466476641154572,-9.97088290164134e-6,118.48722822583667,-130.79824059811693,8.909439022371893e-8,4.143882069599232e-9,2431.257444537893,-9.846598286924628,-2937.0,19623.752246854594,3082.4274436724386,-1.5067424529169439e-5,991.9000776542209,-1933.1164103556441,9.223473352631074e-8,3.942890083063334e-9,549.0130239309722,-8.976366767051337,-22305.0,68680.68935834788,5132.999585852245,-1.0681445384673601e-5,3518.3005279727863,-9.697892224978162e-6,7.991474849297226e-8,4.042583723978126e-9,-549.0130833350878,-8.976368536425134,-76774.0
t23,14358.648948669717,1797.9676233017767,-1.6588825689640688e-5,619.0294636868219,-926.6458980397882,6.929587734658193e-8,4.290750918002833e-9,-0.00011667170036148644,-4.405194228288262e-6,-15849.0,2075.8010588844904,147.47637326352609,-1.3448204082546829e-5,41.12160047375698,-66.70392629050993,6.867324415002556e-8,4.259962064887786e-9,-769.2182034485626,-17.47688950367538,-1411.0,318.52119997127926,0.0038631044460737418,-8.827853842104646e-6,31.147277165442212,-49.029169043232315,6.842013273104688e-8,4.248788581224651e-9,776.8474884676974,-9.490650904305921,-1068.0,3068.4755019941063,1832.4490707906268,-8.621440418429283e-6,61.62949805661702,-76.33354402600956,6.873886362634109e-8,4.253262140407728e-9,-2695.682879055707,-74.53763921423905,-2116.0,740.778508515634,362.11215411738135,-9.059356973497854e-6,7.1182905264579475,-11.65662392685987,6.883375211696587e-8,4.265073421776875e-9,-850.6106975094291,-5.741622731724591,-242.0,3719.323151102226,1137.1631902911192,-1.377982152187447e-5,37.66322906021141,-41.76133274817714,6.885385300470774e-8,4.2616157590380445e-9,-3509.113905876888,-38.27431811626433,-1305.0,757.5240393927106,0.004473534807680508,-7.955212748924717e-6,69.66818325948836,-57.50924147421721,6.957482377141515e-8,4.273306163866403e-9,1651.6875513936404,-84.3749982160496,-2337.0,3133.140284538402,5.9413538704339475,-7.526536935465161e-6,249.84070021746197,-89.51096795861407,6.991515328116184e-8,4.270542495955977e-9,5570.972849433214,-18.38421263237848,-8852.0,527.9000420509827,0.00012347649656884417,-8.16996179760177e-6,85.07147477111685,-151.63236048731227,6.883816184672866e-8,4.251368824931821e-9,2335.117959902974,-9.457231610337141,-2787.0,16860.202578956247,3623.9995770290216,-1.312088122423668e-5,667.4457287114745,-1065.8377747112795,6.858947564256953e-8,4.222083010434686e-9,599.9999041910389,-9.810001100036512,-20676.0,83798.63909805643,9.654427901393205e-6,-108.1199176613921,2287.160246986099,-10747.007986892928,6.836083562530367e-8,4.2331185535143284e-9,-3109.999950826276,-50.67149945362137,-72070.0
t24,14638.00505748933,1787.6014769924416,-1.647517202435381e-5,413.7209740622562,-2466.3273849689144,6.931839867322818e-8,4.291130358689578e-9,-0.00010277539801486714,-4.404802151130767e-6,-14373.0,1995.7867951360317,180.2606301691779,-1.3904392073841629e-5,28.234039617861484,-68.77515986849183,6.838409487518952e-8,4.2585661520533445e-9,-793.9625918588256,-17.54369935652339,-1324.0,328.3035551932645,0.00428184862152832,-9.376345097800884e-6,21.380808116321624,-48.672980426438194,6.811535315217891e-8,4.245790617854e-9,711.9675209980508,-9.983176419900046,-1002.9999999999999,3073.070162679701,1668.266061729205,-9.134984160461157e-6,42.240164395053846,-73.68653541341496,6.844703982387438e-8,4.2517696188163935e-9,-2647.9620755971255,-75.92776870582973,-1986.0,731.5052990617216,422.1479486339352,-9.351591226347514e-6,4.8775481329285215,-10.951155618234816,6.849585913447625e-8,4.261962850152218e-9,-914.4073805678902,-6.172250358474345,-227.0,3720.304103439012,1136.6578543134037,-1.4000997984988164e-5,25.81014381850886,-41.27109827973918,6.853856522573922e-8,4.2593219658199114e-9,-3576.722356395777,-39.77863296161488,-1225.0,757.5304405746716,0.0049920828378970765,-8.605471483523191e-6,47.75396906870589,-58.468748117907786,6.911879693180476e-8,4.268783898959017e-9,1533.398777979501,-86.21942305055163,-2194.0,2249.160497922182,6.9732313802469665,-8.27065721704013e-6,171.41076351615146,-84.21317292473057,6.943691503540533e-8,4.265610297193148e-9,5980.404023925384,-19.735335605772413,-8304.0,527.9000416108682,0.00013834087633252443,-8.90659830642717e-6,58.318586640395154,-176.52299349361726,6.862973907755965e-8,4.252297038529991e-9,2217.284240799753,-8.980005056993441,-2618.0,16134.249454943212,3506.892984000268,-1.513794257552417e-5,442.07164020566825,-1530.4039554337867,9.192351848642046e-8,3.958506839099799e-9,599.9998925219465,-9.810001175488406,-19143.0,80650.99684725692,9.983372644559462e-6,-333.2206826844566,1310.5459939205048,-11040.65071989209,7.837885731974242e-8,4.0105929213618975e-9,-3109.9999490296195,-50.671499447568266,-67427.0
t25,14423.537591047172,107.03866652670706,-1.896338481940621e-5,173.9536596014886,-1631.529659283177,9.28032321465081e-8,3.973034048569703e-9,-0.00023339975346109166,-5.603941621757598e-6,-13073.0,1963.9634829230304,150.6244127455029,-1.4311487519631375e-5,14.786528397389377,-66.85716406363599,6.890959318474338e-8,4.26495501951406e-9,-828.8792713270506,-17.637974428975216,-1216.0,345.82836621178,0.0058146424546791425,-9.289555608047028e-6,11.198375849423613,-43.082942381211325,6.858063825600537e-8,4.252186752590224e-9,617.7412752553599,-10.690880355806055,-921.0,3213.37646096791,312.078118000485,-8.150483280219644e-6,21.608148386123453,-77.01804863222685,6.889618630427104e-8,4.2572089535713904e-9,-1574.9318164001722,-70.1128542474312,-1825.0,710.3331659843757,283.39116121186555,-8.540523087639316e-6,2.4969664160106015,-8.415286354745984,6.897651808294576e-8,4.266887194843115e-9,-773.5843042058198,-5.221694579365064,-209.0,3721.583913145364,1129.1488507274473,-1.2805732779796401e-5,13.206404298787378,-41.60446889479773,6.911989677211334e-8,4.265998510583242e-9,-3668.593739441242,-28.7409470978303,-1125.0,757.5400395023703,0.006468036288469245,-7.686828923307906e-6,24.4205236806246,-78.52720909849064,6.97294372821683e-8,4.2768887494515976e-9,1390.2573131355234,-77.69712764159348,-2016.0,2568.8322405456506,9.143499631740648,-7.145451539978855e-6,87.64207867594429,-363.89034701362755,7.003728461292362e-8,4.273559978021577e-9,5341.900810263748,-17.628275022543164,-7626.0,527.9000411845501,0.00015618676735513915,-7.791766040885975e-6,29.823576131583366,-150.6890977068152,6.913435708706603e-8,4.258521352621317e-9,2006.090000812724,-8.124668883316652,-2405.0,15817.406003267793,2703.6953188071725,-1.4896770740621595e-5,227.24562581485154,-1398.5368497411414,9.225169441441839e-8,3.960466431135637e-9,599.9999177929236,-9.810001122848348,-17940.0,73968.63242931449,1.3890435519967215e-5,-264.82407445175863,704.8687904241731,-7441.005707235365,7.908100902191781e-8,3.998800285019854e-9,-3109.999952486241,-50.67149947001501,-63807.0
t26,13952.028126473628,60.77434639110045,-1.421373158279346e-5,106.62993647803228,-1881.4322504319819,7.970284781674163e-8,4.225777199589275e-9,-0.0001406227706312562,-4.120499940280726e-6,-12238.0,1959.0614383837983,82.42426972320723,-1.52772934940995e-5,9.225275594200198,-57.3619912142612,6.874078447675548e-8,4.262290662095522e-9,-835.6926069267423,-17.656370348288018,-1140.0,343.1848100040088,0.014872257395448667,-9.237600135185206e-6,6.985850516542469,-40.1944822218071,7.969684046151656e-8,4.209826288698416e-9,564.0058415700413,-10.996882965725021,-863.0,3203.4144308478817,47.217895390341205,-7.947479192349624e-6,13.83464489073394,-96.82418524331166,8.01065309929642e-8,4.216486877600089e-9,-1391.7700252633047,-66.87275274185696,-1709.0,681.7923775726255,49.090025662383326,-8.5063462091694e-6,1.5980767221621244,-6.82233513287458,8.088158784359368e-8,4.229322819051088e-9,-527.1002094576174,-3.5579269397624285,-195.0,3720.8870709779994,713.3371889397025,-1.2689751267911362e-5,8.456482876107566,-54.25120218680859,8.078238517213524e-8,4.2266327755721505e-9,-3310.624095424578,-22.805432571714906,-1055.0,757.5464417146994,0.008598620354984803,-7.570379386219177e-6,15.63689107295815,-112.54728469041798,6.971727537541029e-8,4.277553316579931e-9,1300.767647332305,-71.41228654709838,-1890.0,2678.600516625725,9.734063718482352,-7.126422364754717e-6,56.03773993428325,-435.3738394054023,7.004746054913567e-8,4.275179157525597e-9,4850.0065501330755,-16.00502393863138,-7143.0,527.9000397387651,0.00018112437802575665,-7.32500572676741e-6,19.09489562206246,-143.86748865105884,7.921291666704686e-8,4.216322784785004e-9,1860.4070316468215,-7.534652231237261,-2256.0,15816.246744878328,1836.5438641121775,-1.1527952789959963e-5,146.07701783082345,-969.0575640368102,6.919378846317408e-8,4.228296008558046e-9,599.9999496494347,-9.810000946556139,-17420.0,68183.77520357705,9.56605168596656e-6,-145.53541057579815,461.87351728295147,-3156.441877905425,6.907578275071701e-8,4.240933468786361e-9,-3109.9999426366644,-50.671499374108194,-62183.0
t27,12530.733612327633,66.33016117397068,-1.435889354632449e-5,45.232583858319266,-842.2962180930753,7.960782842351756e-8,4.226805954329842e-9,-0.00012074655307309168,-4.2164870477171814e-6,-11800.0,1951.179040287607,1.5039112974492614e-5,-0.00016603546546312757,3.650493704900433,-59.262794166450725,6.794344550103743e-8,4.261010366236606e-9,-786.060561054964,-17.506027839518723,-1092.0,395.29164014437214,8.996553603284318e-6,-0.00011953568173558144,2.717272418234388,-45.014021641592414,7.85498851109908e-8,4.207138738227878e-9,484.9997193937681,-10.99449985106322,-827.0,3316.322458640954,71.03159570553646,-8.115243667583861e-6,6.0524785391659846,-56.56147515031576,8.002533689440803e-8,4.217839326340554e-9,-1630.1826852726483,-68.66236439447951,-1638.0,674.4245338879672,72.63295208891583,-8.46254448362282e-6,0.6990729148691599,-3.8070278377478783,8.067226661786622e-8,4.229768514707501e-9,-553.2153187307966,-3.734203938388156,-187.0,3718.34863871658,139.28088292823753,-1.2922503084598981e-5,3.6993522602059334,-29.62116648485787,8.057696343701325e-8,4.227179553359788e-9,-2798.6505569477968,-23.05713762713803,-1010.0,757.5528467310145,0.020348203933583796,-7.780002965831589e-6,6.841183352211154,-67.18271625379143,6.967494161948834e-8,4.277366155740142e-9,1183.5120292153358,-69.7436835343754,-1811.0,2236.8038228761316,21.775008412563814,-7.304435734457868e-6,24.514994692532635,-311.4473492988271,7.001480170244273e-8,4.275386249077918e-9,4888.48553514517,-16.132004583573806,-6844.0,527.9000374447596,0.00023188901947950635,-7.73293692186807e-6,8.353603335061255,-87.33876124990213,7.918103079041556e-8,4.219783415014886e-9,1720.0511071774133,-6.966210939297248,-2162.0,15749.440080462156,1555.3434740931623,-1.3225455201811572e-5,64.52074602889294,-856.4942452553695,7.563385906133877e-8,4.262621558285557e-9,599.9999589131947,-9.81000108077225,-17103.0,66732.64967287514,1.3789336270100738e-5,-183.5631533304532,194.979182504299,-2299.4685812843627,7.360463246872465e-8,4.222704713716797e-9,-3108.9391070921242,-50.658027489542334,-61285.0
t28,11323.679418487776,314.4657289338369,-1.4602017342260135e-5,63.97935213970002,-138.63732076025812,6.95119845170993e-8,4.2588733357585485e-9,44.90802906084817,-0.3951933015405091,-11608.0,1913.677998442518,1.7792176348278765e-5,-7.768423027691617e-5,4.155733013236636,-51.00335892171596,6.785299044942906e-8,4.2601881033904894e-9,-780.7951155759756,-17.03519712996983,-1069.0,405.58687259715265,1.228911516626704e-5,-4.280953785431715e-5,3.127876405917839,-38.89850886196457,7.82908294676515e-8,4.205142297677101e-9,450.0840177412295,-10.900227437864244,-809.0,3482.078295482701,0.00012536057973353766,-9.204367450137219e-6,7.393641571341197,-75.76992131184421,7.974115974500563e-8,4.216544901701965e-9,-1742.814307119499,-67.88782485017359,-1603.0,634.8108006016874,0.00012692521067242523,-9.399267661463956e-6,0.8563637535582804,-9.327652958187521,8.035281263471401e-8,4.2279374295315785e-9,-439.3738549288043,-2.965774071765059,-184.0,3702.578300182904,0.0001911153521975193,-1.4195069121851511e-5,4.521942210293877,-47.587183098562036,8.029528520701234e-8,4.2254201015473486e-9,-2649.1624117935717,-22.350824498983012,-988.0,757.5592508601651,0.0001084381498852832,-8.629004372347987e-6,8.352617948799285,-84.94682723188511,6.94853457771528e-8,4.275476391381585e-9,1160.1105243291154,-68.07566578305608,-1773.0,2229.5163885130974,0.00010095438960472763,-8.132262103385209e-6,29.91699698571889,-268.93040331520046,6.980289494482248e-8,4.273361218383802e-9,4722.079790579926,-15.582865647552484,-6697.0,527.9000317725889,7.276134674588671e-5,-8.689323537762503e-6,10.172827068803937,-101.91707365390047,7.868515286466203e-8,4.216419343063656e-9,1688.9726796687528,-7.128529004105767,-2118.0,15812.073460309488,1239.5868351768313,-1.4084566847207645e-5,96.06169486895631,-597.0056698270897,8.465196695053669e-8,4.026692707509671e-9,625.2794985562338,-9.995805074626098,-17166.0,66248.24130979789,1.6107959952396473e-5,-188.70218872002297,220.7636295735954,-1823.7324471274567,7.836766333430919e-8,4.037020292317556e-9,-3079.2888505182564,-50.281469195182765,-61327.0
t29,10132.791668694324,884.204865905569,-1.5892576881151192e-5,47.004647926717716,-120.3603436156911,7.435992318993455e-8,4.295753749058006e-9,569.3696326280233,-5.01045571226261,-11508.0,1868.665216605379,2.1828980202175193e-5,-5.433895642446323e-5,3.250852655868325,-22.88624552584246,6.796444358750705e-8,4.260676994371217e-9,-777.4495084329138,-16.58028285688567,-1055.0,405.55832070288324,1.536621532012855e-5,-2.2212333559450667e-5,2.4672173550708205,-16.99760796928382,7.876042445443383e-8,4.207107871561287e-9,417.78509704065914,-10.813020359519854,-798.0,3464.5729572349287,0.0001684933991270298,-8.261070865776706e-6,4.988986566046342,-34.57437643254898,8.011930002147068e-8,4.216849840452024e-9,-1785.7217147939255,-68.26601290017376,-1581.0,640.0245197449148,0.0001735667654508867,-8.413489172403609e-6,0.5801184627431619,-3.485869546203972,8.082751285989677e-8,4.229464949180966e-9,-453.0607731184641,-3.0581607742766095,-181.0,3704.761979589553,0.0002469241354223116,-1.3498007370310676e-5,3.055733625606779,-20.053973614173476,8.067339500518122e-8,4.226811880051282e-9,-2687.915126577039,-24.84884652797182,-975.0,757.5656484208139,0.00014614329539019768,-8.237216991348163e-6,5.631184512444425,-39.68352791359368,6.962374948346631e-8,4.27690012447473e-9,1089.9364932808526,-64.449936274971,-1749.0,2350.842090115354,0.00013790115499342189,-7.709886674665207e-6,20.133915489379536,-168.46181787894812,6.997826230374231e-8,4.275711990485494e-9,4414.052056133929,-14.566374110812225,-6602.0,527.9000286046244,9.390400367431141e-5,-8.16866648138004e-6,6.758404740380327,-50.804211067826614,7.900042367837612e-8,4.2148382623257635e-9,1612.2576704739765,-7.111978562255594,-2089.0,15986.487532015857,1077.8450275484283,-1.2897981399438336e-5,63.7894861260718,-325.0182934521842,6.838945654432822e-8,4.2199834782193745e-9,651.0817119112363,-10.185451309340262,-17444.0,66951.25818109624,1.1593890381798804e-5,-157.22954665678043,176.73280615231928,-1218.5121516398062,6.810099630529073e-8,4.2296168126912286e-9,-3050.335538546335,-49.91376199978276,-62652.0
t30,9534.582947525156,947.6820778571515,-1.7626093150365636e-5,155.2716859446078,-129.22739004063322,9.217741612487226e-8,3.985265880648127e-9,1341.4958633391366,-11.805167076645088,-11838.0,1883.0947796330595,2.717251301421292e-5,-4.4157997146705834e-5,10.346990279275916,-11.610571664195815,6.79415028976159e-8,4.2602635210084075e-9,-801.6447527340931,-16.186428592721104,-1064.0,405.52976759200203,2.04416044741127e-5,-1.639983193099814e-5,7.847642182270702,-8.742935480115298,7.844211869650136e-8,4.207497142002703e-9,412.163363281433,-10.79784169060795,-806.0,3429.105746432805,0.00019513357937428626,-8.154873891029697e-6,16.22934574812152,-14.931217601533284,7.972264339495902e-8,4.216487533312732e-9,-1764.9247040960988,-68.47935752607228,-1597.0,666.0220734202796,0.00020558447912611823,-8.19957964896997e-6,1.8747117605392947,-1.6154565773517306,8.052911549644663e-8,4.2295175546414805e-9,-480.0412470804873,-3.240278984483459,-183.0,3714.563100108039,0.000267001684174323,-1.3409909135662074e-5,9.92097335978488,-8.866074911927205,8.045524592988202e-8,4.227705183436963e-9,-2704.141878236455,-27.476373987802994,-984.0,757.5720463288517,0.00019313311155652526,-8.222140945792969e-6,18.34276686680259,-16.825119572872808,6.964108759168901e-8,4.27790918658688e-9,1064.7786504037126,-57.86852900425958,-1766.0,2998.8322597482043,0.00018735900052272862,-7.614888829527671e-6,65.74103358596825,-70.20206444853387,7.003016514947534e-8,4.2770964337768484e-9,3678.768529780165,-12.139938470835478,-6661.0,527.9000247319955,0.00011405985309814523,-8.123709461850972e-6,21.68682207935794,-23.262673235825204,7.918565805693187e-8,4.216230116821834e-9,1592.0584322900477,-7.382711877670625,-2111.0,16834.81474167343,1096.4581045155508,-1.2286893409138476e-5,220.99633019455482,-172.86271904896077,6.900829417407382e-8,4.223038205793271e-9,682.0063018058227,-10.412746898230838,-18651.0,69732.47968857049,9.845868705223302e-6,-115.86375975134813,573.1926808552086,-530.7549744758037,6.874821828092443e-8,4.233887806899371e-9,-3020.5185587531832,-49.535086375673345,-66589.0
t31,9738.865220073147,1615.2962991014522,-1.769319649941574e-5,401.56743188724374,-98.19091771614657,9.219770466426767e-8,4.0828786107198226e-9,1394.7356617822338,-12.273677520878818,-13040.0,1976.7846525393047,3.4374231735136024e-5,-4.46307743901312e-5,25.75880628753196,-7.163882966581523,6.794929328827211e-8,4.264633722993365e-9,-850.2850447908743,-16.09452087959354,-1129.0,405.5297664284236,2.7586933449131216e-5,-1.6539549366829197e-5,19.502069322463925,-5.449589828690333,6.789369159773173e-8,4.256617299187695e-9,446.30777462021666,-10.890031658426908,-855.0,3503.5587511351273,0.00045483262229564737,-9.133627131866617e-6,39.835140563207254,-5.4888131472203545,6.895315551633616e-8,4.2609999683344716e-9,-1775.1428916530565,-68.76263266755822,-1694.0,693.1253226906803,0.0004570025130686886,-9.199809275368411e-6,4.6018421846334965,-0.6802387701546733,6.914220124427725e-8,4.274565422787162e-9,-499.674569994895,-3.372803981836574,-194.0,3723.0064287963564,0.0005564434121015874,-1.4441114368416799e-5,24.350740786109295,-3.411473343823514,6.943212243560055e-8,4.278146597357868e-9,-2673.1551043144577,-27.79113399603035,-1043.0,757.5784420752948,0.0004199823766387956,-9.40056549356677e-6,45.0231635696445,-6.352804634862186,6.842425943772404e-8,4.331179263034519e-9,1136.9500699352657,-57.19928159860812,-1876.0,3440.265089621095,0.00038907028374894154,-8.629634035363964e-6,161.35775449294525,-21.88128541621249,6.9659576488978e-8,4.272976654501988e-9,3481.747831180147,-11.489770381007633,-7050.0,527.9000198525215,0.00016993040891589433,-9.195085208872225e-6,54.982188229691964,-10.64822005142602,6.899919445762475e-8,4.258092586992014e-9,1682.2887760722167,-7.522924907039373,-2247.0,17798.700717912285,2153.437573534454,-1.3065360341633723e-5,592.2807329183099,-79.4016439805329,6.878609132083614e-8,4.222379057036029e-9,662.2501716973063,-10.267539058983134,-21117.0,76174.92243370242,1.0257649934163875e-5,-123.97097777171368,1606.7905208124253,-895.3683239185397,6.825038418822558e-8,4.231082392257482e-9,-3006.022674534102,-49.35098861430916,-73707.0
t32,10459.408160897894,1829.9998100347145,-1.3204696819640098e-5,828.0063345047741,-0.00014216780620519723,6.875268944872831e-8,4.251930166952772e-9,2161.7153799975254,-21.129530097323066,-15258.0,2104.7196651659838,4.8537526204023645e-5,-3.73130951027378e-5,51.90943412687964,-3.9790723152102037,6.788471343089596e-8,4.261214241856696e-9,-877.7334852792583,-16.916552987419337,-1258.0,405.50121480659124,4.0495260900539235e-5,-1.2285259267468414e-5,39.311388397777094,-3.0398894172668363,7.793129521982422e-8,4.207220556477003e-9,522.3225294280697,-11.095271500521166,-953.0,3468.1570935794207,0.0006398204226389597,-6.744384309827123e-6,77.8458244366739,-8.65429295998111,7.932399917883653e-8,4.215955844902224e-9,-1583.1652374942862,-67.18402071868975,-1887.0,659.0845708770889,0.000639664157035059,-7.051480434020611e-6,8.992351125332391,-0.9993448431937615,7.998404045487109e-8,4.228362761438445e-9,-448.05384584614325,-3.0243640018120197,-216.0,3711.465179230692,0.0007903842189583536,-1.1214590882684818e-5,47.58177577566466,-5.292004705870525,7.992852650877076e-8,4.2250548775436485e-9,-2565.504914650258,-25.250814895737545,-1163.0,757.5848386098272,0.0006456169504557504,-6.255756906297522e-6,87.9888311477499,-9.779386378895978,6.960798773055893e-8,4.277007330485339e-9,1312.6939010245558,-57.48882383229662,-2091.0,6299.89821018349,0.0006359713787205486,-5.963868493366517e-6,315.30770297691436,-35.066286407538335,7.005997019047813e-8,4.277059841695848e-9,1285.4827825597265,-4.62303937982447,-7861.0,527.9000121642317,0.0005225464581815334,-7.302758783485305e-6,107.44289089744542,-4.909497185421951,7.875133767010078e-8,4.210291581501373e-9,1886.7619927687738,-16.195913964036787,-2501.0,19678.335777214692,268.9057538956526,-1.1070090645253611e-5,1114.694919756809,-47.60981332375699,7.691424189075746e-8,4.191871865813554e-9,1360.0698878504586,-15.396514378945687,-22359.0,79398.93957474479,1.2227920825146973e-5,-116.38834597902711,3090.263797821157,-841.2582676538376,6.854941820714143e-8,4.235002407941092e-9,-3054.588990359164,-49.96778092043739,-78427.0
t33,11605.552046117808,685.4159837549277,-1.4721519049048495e-5,955.4888678095813,-56.60125027491683,7.476173256090864e-8,4.280798419731411e-9,3216.857934783327,-34.71356753269553,-16372.0,2810.997174646203,0.00017852657491378163,-3.107634731963799e-5,60.56440450441524,-2.6929943835351016,6.653468208812693e-8,4.308805049966247e-9,-1505.9519430743192,-9.916789206853274,-1353.0,405.4726660998391,0.00017082550535983676,-6.773475997202168e-6,45.870570481056944,-1.9452627589348153,6.639382646209167e-8,4.2944428613350685e-9,585.868708129351,-11.266846066673626,-1024.0,5681.465408601709,4.380286475848152e-5,-5.965923679521608e-6,90.824466364905,-14.420877122574158,6.716248656236097e-8,4.296184529580933e-9,-3651.775014878883,-78.09402085375042,-2028.0,713.8003764218248,4.452148540081159e-5,-6.094158123579231e-6,10.491157091774436,-1.6667050735506692,6.642493505204887e-8,4.308174579211001e-9,-487.33535260962736,-3.289514322760165,-232.0,3772.0685291875843,4.9036458097952315e-5,-2.14995164199659e-5,55.51147459233011,-8.821366152821524,6.693015017787768e-8,4.3049373212821985e-9,-2520.3118894776467,-47.44677575056574,-1251.0,757.5911956165113,4.292342830711542e-5,-5.562437081024652e-6,102.66188572650866,-16.292770695896014,6.754952292642694e-8,4.310452795260419e-9,1478.0708135926516,-78.03116166348438,-2244.0,5561.670322503732,4.232832506186564e-5,-5.347584698652384e-6,367.8637071868078,-58.43778581065033,6.870432245779905e-8,4.301666853410141e-9,2604.493547983893,-10.589828903942951,-8465.0,231.74824827518486,1.817051604871333e-5,-1.553921659790876e-5,125.35361155960203,-19.90882575691779,6.792607019030807e-8,4.294967921616553e-9,2366.4196490338163,-22.612685810180942,-2681.0,20622.64634189431,2.5311107379839716e-5,-2.4058407609474062e-5,1197.7985135456559,-190.77132045943407,6.7379284452681e-8,4.211324151911799e-9,403.5801495254285,-11.253685796155112,-22022.0,77519.09027007272,9.258548391875669e-6,-131.55910188869345,3357.680159612201,-794.4982925474071,6.719871149088318e-8,4.221295475648579e-9,-2489.916603007992,-42.79644164373093,-77418.0
t34,12552.224968532479,2.2632514877405515e-5,-2.6023601889283603e-5,871.6500307080961,-205.01939822558745,6.881905885973046e-8,4.286845452998758e-9,3216.8579700511955,-34.713567719239016,-16401.0,3876.64001044454,1.620133092213544e-5,-239.99999010744384,54.98641031816573,-10.096675597977551,6.586366742266629e-8,4.249581362171152e-9,-2306.3027524432505,-16.22701887392596,-1359.0,405.4441137966071,1.1622619964785924e-5,-9.602838642324696e-6,41.65451099160239,-7.629782467092896,7.529984855094665e-8,4.195093056110672e-9,597.4253439781609,-6.894188389286967,-1030.0,10300.555076799807,8.115958128190825e-6,-9.84127979452073e-6,82.45813094272408,-15.144101732804204,7.548214535212734e-8,4.198316699203758e-9,-8242.542820400036,-86.32628395461442,-2039.0000000000002,1236.683022338426,8.141912422467701e-6,-1.0163270570013987e-5,9.523986821808842,-1.7508405368340312,7.615259004881255e-8,4.211140866856052e-9,-1003.6813164478438,-6.77485022540254,-234.0,3925.593011151705,9.14880705560808e-6,-1166.6999987991794,50.39205701019417,-9.267924075786418,7.601196668001752e-8,4.205503457808108e-9,-1484.4389552861003,-57.57819922196183,-1258.0,417.9401306162738,7.819054688050987e-6,-9.47034753803671e-6,93.2112730604774,-17.105595933796728,6.639978931853583e-8,4.258540594843544e-9,1838.889708393558,-80.9355145459349,-2252.0,5565.555307130436,7.57523852657534e-6,-9.133955439037549e-6,333.9542490021333,-61.384881883120954,6.687300822017643e-8,4.261345640909198e-9,2703.7928449956657,-10.917517743263726,-8531.0,231.7481556756118,7.789732825268992e-6,-0.001074063080688617,88.67597669245538,-125.23452773170715,7.708079365513091e-8,4.200860798788948e-9,2514.5126299502826,-23.701168383059837,-2686.0,23723.129414838684,1.2246773993565843e-5,-2017.2927589889796,973.5056066133977,-433.4898816494992,7.541409320886704e-8,4.183729539961528e-9,-944.5102626041808,-12.34213049995717,-21289.0,69863.05143602887,7.594248099916822e-6,-116.89538101274304,2935.566776464696,-829.0489871461857,6.845302884213885e-8,4.233201661393336e-9,3109.997609812548,-50.6714618032434,-74912.0
t35,12466.29818832349,2.0099707024633997e-5,-3.205460251916801e-5,979.795639410108,-172.23822070835254,6.869285937321038e-8,4.249421471911858e-9,3216.8579725731984,-34.71356771966752,-16456.0,4609.317626879784,4.53827220234506e-6,-333.8788943735314,62.37279125952461,-15.900558132896432,6.279456259403162e-8,4.23554970860209e-9,-2929.9999702731493,-17.91099995272743,-1374.0,403.15610929667605,5.992083342304733e-6,-0.021429616068757006,35.508314747893735,-55.07120195771633,7.312672785136046e-8,4.187242605154251e-9,667.7195829640752,-11.291381494026277,-1040.0,12728.651615281635,5.66379992116527e-6,-2117.064671357311,71.39676573534013,-116.04381628419875,7.32858392287753e-8,4.189814148420196e-9,-8415.290475483756,-90.64942361210512,-2061.0,1416.2509694442658,5.793858197576605e-6,-767.3150426683613,7.897105351742022,-15.988773725469908,7.396795601104828e-8,4.202766685152341e-9,-399.3216651930894,-5.522599072613308,-236.0,4521.090013645443,6.0791920240251095e-6,-1166.7017059631833,41.28645188055846,-80.91204656465533,7.378190969401509e-8,4.196899689464294e-9,-1969.4399954402534,-73.32272371614265,-1272.0,417.9465194847328,5.4269288655133795e-6,-0.03544990745715069,78.10138940228055,-147.31895533328392,6.45479726627432e-8,4.249592103573293e-9,2018.6259799915197,-91.31948914778037,-2276.0,5736.483524937872,5.188788158548341e-6,-42.32872505347396,293.96827875410764,-481.6327214296749,6.501813576319174e-8,4.253351234201466e-9,3130.8485637866465,-15.338926245294386,-8622.0,231.74815172966134,8.720039941208311e-6,-0.0004618952821212,98.79964750233539,-117.83638725268459,7.700972706556878e-8,4.201056090349909e-9,2527.082598696077,-23.793557551708773,-2716.0,27249.818156166824,1.380051225987917e-5,-5528.194319585597,1005.2101136775146,-772.3190643890027,7.546410981825448e-8,4.18362728486356e-9,-957.0803774872098,-12.434522230792853,-20985.0,68387.73695493524,1.0278138860596753e-5,-54.54390975855924,3142.9055942729674,-1292.4249712269034,6.845697031982901e-8,4.23351865356559e-9,3109.99778586594,-50.67146447818856,-73243.0
t36,12922.59759318769,1.647944346328584e-5,-4.392704650273857e-5,1080.5199868426143,-695.2619537243587,7.804423392035587e-8,4.215914514813402e-9,3216.8579687685697,-34.713567692165604,-16490.0,4862.888148408673,79.45899709223082,-675.7309668901462,76.94039904946524,-24.645596343175683,6.258140728224451e-8,4.234979100332875e-9,-2929.999981407747,-17.910999967921864,-1371.0,405.41556136923793,0.00026856038802136996,-0.012493503870782274,42.409049427222826,-63.35970918189078,7.315922629181525e-8,4.187366448728753e-9,664.846665019508,-11.299341761192217,-1038.0,13813.86059136106,0.0002831112306325267,-3542.903939152166,86.64776681230558,-113.20411293965854,7.33148981714459e-8,4.189695984788238e-9,-8099.234525395343,-89.16606386895047,-2056.0,1341.4876298309127,0.00027533545545361333,-746.306829197984,9.895742847459427,-12.474528891257192,7.403342439716194e-8,4.202979969569379e-9,-351.04250468470144,-5.559785310463931,-236.0,4946.250179206305,0.00016945831032387385,-1166.701039625145,50.55269818358923,-76.4455643992122,7.393021871426781e-8,4.197177070122975e-9,-2412.569875416779,-72.0865674774786,-1269.0,417.9529161318325,0.00021087597623630522,-0.019703551164769326,94.08684832159273,-147.06411078454784,6.457599538854017e-8,4.250536234022059e-9,1996.6708856659689,-91.6270467600393,-2270.0,5718.361798997147,0.00020320020247674542,-23.4763766444062,339.2553577513024,-642.1608172346822,6.501593800304979e-8,4.254064215079537e-9,3234.471357177391,-15.451523289692297,-8611.0,231.7481491722011,8.823991236619581e-6,-0.0003419429115456366,121.70102313915484,-125.59218494878888,7.699259540526477e-8,4.201965637569212e-9,2500.7433094267126,-23.599963704909893,-2705.0,28320.544737444445,1.3764090193113187e-5,-6408.99355367891,1121.9223744316096,-1549.4915173473532,7.546300406825731e-8,4.183782318410857e-9,-930.7411256344786,-12.24092902503969,-20541.0,68816.99291206706,1.1373920737040853e-5,-63.49228661570302,3406.9386625276074,-3282.7656607184517,6.847197483266273e-8,4.234013224748741e-9,3109.9978264808988,-50.67146509323004,-71937.0
t37,13506.31291834721,1.689865168394512e-5,-3.595876345168136e-5,1095.8158980642957,-1393.273198090627,7.842591396316717e-8,4.213007198929733e-9,3216.8579684672272,-34.71356769041304,-16391.0,4843.325909532329,209.9527535184295,-611.369019116181,53.9644735987457,-178.96313483547883,6.239935845112111e-8,4.232075194227052e-9,-2929.999982781319,-17.910999969905212,-1369.0,405.3870132920153,0.000313515302181299,-0.008869100315493088,46.67058769331747,-68.95651447319295,7.312917043190435e-8,4.184547519048031e-9,664.2086791794686,-11.301210172750485,-1036.0,14222.136550544943,0.00027791898486044124,-3757.1721841677163,94.91717631046933,-123.9053123511781,7.327751989560292e-8,4.1868149257057206e-9,-8293.255122913311,-89.72138541119685,-2053.0,1279.74455001238,0.00028443259260266696,-685.8264924849173,11.047504560056586,-13.029311972783617,7.402031422822376e-8,4.200316891335481e-9,-351.34119250517915,-5.595342112728609,-235.0,5004.737863479749,0.00023902824166876732,-1166.7007687301593,55.53949664332738,-85.66963526740705,7.399912952856361e-8,4.1946733840223156e-9,-2468.169691196629,-72.73750403266425,-1267.0,417.96251452814056,0.00026296671127005116,-0.01396033914386308,102.66417331703447,-173.45605409400918,6.455846530158232e-8,4.2491420266904824e-9,2011.9774796950624,-93.13441619454063,-2266.0,5557.639432733387,0.00025694624100916567,-16.599384519808453,361.72199101635556,-754.5705898594198,6.497686883383196e-8,4.252334045266863e-9,3469.721851660846,-15.913558034251478,-8602.0,231.7481469288453,8.842337207077109e-6,-0.0002557698971482889,135.91689276689758,-139.6042609592773,7.703694378586405e-8,4.1992595259122285e-9,2495.5009001385797,-23.561431957456485,-2700.0,27932.9377494923,1.3707589672405925e-5,-6402.712088297706,1214.1840769293221,-1649.7086425384825,7.541962349738829e-8,4.180728751625443e-9,-925.4987121363561,-12.202397201119279,-20157.0,69561.94105722234,1.2047946054001502e-5,-64.82653156040905,3600.545213752928,-5397.986108987553,6.837093914701606e-8,4.231122540030533e-9,3109.99782239161,-50.671465015101575,-70759.0
t38,14058.851296632094,1.7400835519749615e-5,-3.3857542576433094e-5,974.6417791559279,-2095.6374598237203,7.840589840160801e-8,4.213158364409926e-9,3216.857968155616,-34.713567688087586,-16120.000000000002,4760.727390351942,233.2382376174202,-588.0835750962863,53.9988242058288,-160.96989475618113,6.235737193003137e-8,4.232934435236723e-9,-2929.9999823901685,-17.910999969566344,-1351.0,405.3584621576145,0.0003229296904696692,-0.00907177479520283,45.080536920684615,-80.2924431565333,7.308534916823512e-8,4.184947783405599e-9,664.1634828878666,-11.30129003727865,-1022.9999999999999,14594.873355666017,0.0003110942854492811,-3240.2846442262,91.15804718665233,-148.73253232362043,7.319316648009166e-8,4.1872148844445025e-9,-9177.558017608248,-93.45651983250711,-2025.9999999999998,1176.1317569327923,0.0003124856659819989,-607.0717643285532,10.648279247017841,-15.748038062731565,7.39376042594667e-8,4.2008762701920405e-9,-326.38537872645685,-5.57516761854356,-232.0,4990.059100747953,0.00020298297537187364,-1166.7010486309075,50.95849926413882,-128.84693242096031,7.39470991956854e-8,4.195211373166365e-9,-2416.7867637578383,-77.6830582638286,-1251.0,417.9689126456391,0.0002375760607276706,-0.019707737674296396,97.08738591964861,-225.10048072083146,6.446373909441726e-8,4.250118002806041e-9,2043.9216870318999,-98.85803478734357,-2235.0,4554.448056054833,0.00023063474858331942,-22.94038045595805,365.76087553027304,-632.397680363583,6.488606798008754e-8,4.253272211105194e-9,4245.786993481235,-17.658094954568018,-8493.0,231.7481458247779,9.308923670163435e-6,-0.00023433505005056863,131.2630765339436,-174.4387787169452,7.704396887823574e-8,4.199829023981702e-9,2498.007637709072,-23.579856388628162,-2663.0,28974.79221602823,1.386333257814203e-5,-6484.762705211057,1077.6787674371499,-2777.4820054562138,7.541644426071195e-8,4.181048265481333e-9,-928.0054648187626,-12.220821886731857,-19850.0,69067.05143534308,1.2141290602779856e-5,-66.53649216549088,3566.3856722543396,-6087.227000461913,6.836571916264998e-8,4.2319702246442704e-9,3109.997838035784,-50.67146526718676,-69539.0
t39,13669.257322417425,1.819824537569093e-5,-2.8899938729482834e-5,1102.2971749350074,-1813.698873356277,7.831065215016311e-8,4.212990370345606e-9,3216.857954284716,-34.71356759839894,-16140.0,4689.08685753296,241.15201638635466,-580.169802790615,65.58607689563792,-121.74416578588264,6.239278600122585e-8,4.233178425599021e-9,-2929.999982331828,-17.910999968972213,-1346.0,405.329913551142,0.0003359907711984464,-0.011960500369908601,49.13539938022056,-94.5750502403204,7.313195883459127e-8,4.185463071195948e-9,670.4098673670376,-11.288505611669354,-1018.9999999999999,13900.52788356514,0.0006164541761213639,-1025.6112332635037,92.82886640902862,-219.0296730718848,7.257096875727169e-8,4.1857030948368245e-9,-10630.191226694235,-99.52523350687609,-2019.0000000000002,1253.2895358480168,0.00039102189031166274,-581.6538871725556,10.62766503089646,-25.67385517972586,7.334908879649909e-8,4.199237127387389e-9,-420.2186216331629,-5.371227985071346,-231.0,4548.525047630826,5.571002239417193e-5,-1166.7000723566894,65.51666581501671,-65.51669110960067,7.502967821161547e-8,4.200049872185085e-9,-2050.000007109067,-85.82499984357564,-1246.0,417.9753340088588,3.766913738810855e-5,-1.6712073252090278e-5,125.09243432359018,-103.64278174269617,6.75299965378852e-8,4.2634540742176305e-9,1893.3229637702555,-106.7479713241326,-2226.0,2847.679735335329,3.660993706845468e-5,-1.5981938079453507e-5,443.5910583820276,-412.070144373668,6.799975000913393e-8,4.266476422528833e-9,5599.104453362271,-20.305123385125125,-8458.0,231.74814450801608,9.026073732081885e-6,-0.00027268694302256066,142.76289862766916,-208.2342127567649,7.699841396036266e-8,4.200066839179955e-9,2509.5329634364934,-23.809530227195893,-2652.0,27622.793600554603,1.3568901597386111e-5,-6167.671558750229,1291.727448243504,-1984.5125645489943,7.536972944741436e-8,4.1812832549589234e-9,-968.8161589534884,-12.520780153899388,-19781.0,69140.56902045564,1.2037044854933539e-5,-64.27755193055094,3790.8093921902946,-7183.427202723699,6.839920510894157e-8,4.232966189266121e-9,3109.997794501008,-50.671464549117545,-68743.0
t40,14855.339437524766,1.9210978911651613e-5,-2.6975096048432013e-5,1290.3496909449264,-2811.8334964969636,7.789575174142493e-8,4.21228230326916e-9,3216.8579433344253,-34.71356755532445,-16516.0,4353.7674839337515,4.1664717736445865e-5,-239.99944274965316,96.48027630633587,-96.48022111637633,6.697730664363191e-8,4.252048880641875e-9,-2725.4095319178145,-17.35860618409581,-1371.0,405.32992572005287,2.9521637592353166e-5,-1.9799841577141062e-5,72.69462607024892,-72.69461531876337,7.667397892985457e-8,4.198394750040908e-9,642.4726123949936,-9.802558660796208,-1038.0,12132.708096543673,2.8812773896935394e-5,-2.0594766418561377e-5,143.58182720472797,-143.58181682129018,7.681623067526228e-8,4.201604200420008e-9,-9978.895552252752,-96.81256296196013,-2057.0,1080.2499929490778,2.900671498195321e-5,-2.1237888483641477e-5,16.552723306495317,-16.552713779090126,7.755178295002868e-8,4.214740746435817e-9,-838.5895301362133,-5.660480182690904,-236.0,3480.4020926458693,2.9918747054783954e-5,-1166.6996173375826,87.54322258112221,-87.54321364434365,7.788007280445582e-8,4.211625799471466e-9,-969.2914790197094,-75.41103521807554,-1269.0,417.9817439420124,1.641727640224773e-5,-2.6885398860843548e-5,159.85285954186693,-181.3025012095799,6.807584551645755e-8,4.264569294987626e-9,1966.7101551974956,-93.24224706681437,-2270.0,4518.1164002546075,1.5663456577471315e-5,-2.5421758868952872e-5,588.3108164171389,-619.8317190343882,6.857455286494631e-8,4.26703368699187e-9,4139.300226790833,-14.895714727940987,-8611.0,231.74814240436552,8.498945354858445e-6,-0.0004544257827523537,179.90172241263375,-307.0964152670236,7.687251490803312e-8,4.199313273178358e-9,2626.631352648604,-25.184356342751634,-2706.0,25585.87748142202,1.2691256239011459e-5,-3408.7781974424647,1757.6772954050284,-2303.847940203955,7.524262004287166e-8,4.181338168883891e-9,-1189.7837599536306,-14.144891963267252,-20427.0,68679.15052095948,1.1746655130560631e-5,-58.89897990944322,5098.068178173451,-7091.645832592777,6.84926977036309e-8,4.2336573888538794e-9,3109.9975629137675,-50.67146140884424,-69686.0
t41,14980.763647383954,2.8258558460866794e-5,-2.8589333280931993e-5,1947.8341158571702,-2445.459732081221,9.17655802194613e-8,3.957749790210267e-9,2771.78965099245,-28.927681920856664,-17226.0,3430.283764638062,3.0485877097919553e-5,-5.537399047629602e-5,125.13829141135416,-125.13833044767978,6.6933961482085e-8,4.297295373518323e-9,-2012.0309067815203,-6.252793993029688,-1412.0,405.30137304040426,0.00013622610249468524,-1.178281251063628e-5,94.84037146666942,-94.84027997917278,6.724026780222183e-8,4.290556912889752e-9,674.87127291046,-11.172861946059411,-1069.0,7723.317503793472,0.00012637779087559307,-1.1841938204612225e-5,185.3744082308889,-185.3743319868444,6.763232910767881e-8,4.292487573002279e-9,-5517.984791989875,-86.33290264721936,-2119.0,668.9997632083865,0.00012813153198161465,-1.2039072230556012e-5,21.38026309140517,-21.380195258933718,6.682849631476309e-8,4.303992195017683e-9,-424.1370216372619,-2.862925560974248,-242.0,3435.68523892831,0.00011362921202865216,-1.9052661747188157e-5,113.09916018071354,-113.09908599565529,6.73304342101049e-8,4.300599223387925e-9,-2065.063827485316,-63.62158027253674,-1307.0,757.6455878946653,0.00011942581893204787,-1.1423090643854788e-5,209.51964935380266,-209.51957466071548,6.796694589479318e-8,4.3089371684884765e-9,1671.2402859661277,-88.88605661812231,-2340.0,4672.803410097936,0.00011688215450149714,-1.104404057649449e-5,753.0694357533266,-753.0693579745721,6.913256702364055e-8,4.299604164475981e-9,4202.063217559848,-13.86681127680852,-8861.0,231.7482225584752,7.349319971909224e-5,-1.1751300213029151e-5,256.81379055544477,-256.8137207782498,6.803167490603651e-8,4.292339572658219e-9,2577.546376696079,-17.294730839028627,-2792.0,21441.62774900702,155.36689123520443,-1.751282040071229e-5,2447.8094878586508,-2372.3589277417295,7.560485501918205e-8,4.178177537199039e-9,149.67470764801305,-13.1198905354335,-21809.0,70509.6910295271,1.2829020109860675e-5,-99.01754461065842,7669.214789204132,-3600.9060300266315,6.836519865034756e-8,4.2283713483010545e-9,-2027.9689638790055,-39.013292877656774,-72412.0
t42,14719.810177743248,2.1992557581885898e-5,-2.260867738590952e-5,2967.371202115455,-307.6736395981751,7.827951761048578e-8,4.209449091742921e-9,1322.1269808112686,-11.634720465429305,-18690.0,2133.689540271643,93.64670858976044,-1.756589889284427e-5,180.4358374376802,-32.814551241868315,6.834367013999076e-8,4.2578656346937765e-9,-867.2160342138176,-17.741483341659496,-1490.0,405.2728162642097,0.0075240470439456005,-9.313347227771626e-6,136.52523941979325,-24.770342686437278,7.873684092358445e-8,4.202730867822014e-9,622.9166781573698,-10.95190596501008,-1129.0,3515.616918176097,828.129684187877,-9.195768988351982e-6,263.6236776572937,-63.17510189809072,7.902544517164055e-8,4.208109487295797e-9,-2233.580854291273,-74.61431469078298,-2236.0,719.4849766016758,363.6782727453093,-9.573577111446962e-6,30.674145322681714,-6.485506363553319,7.97260176320221e-8,4.2208816478863076e-9,-845.643782643133,-5.708096167780075,-256.0,2449.8797317276085,0.00037095793081878733,-1.6424048991984e-5,161.32312852326444,-37.210788885215344,7.96604799311664e-8,4.216895329022146e-9,-1168.88383413103,-27.10859183594929,-1378.0,757.6519962995502,0.011239540736834756,-8.853549921701456e-6,297.2074225685516,-75.61421818355558,6.90975439784575e-8,4.270298587922045e-9,1540.8647609215693,-49.121192313284254,-2471.0,5432.951656313885,13.725851125507868,-8.481564430803766e-6,1032.3054943730983,-412.17005862271446,6.949202111068249e-8,4.268821842693697e-9,3284.024348076195,-10.83728284907501,-9340.0,527.8998589150992,0.00026319964164507863,-9.152933801957252e-6,360.33655336733534,-100.4618960770105,7.784015190278886e-8,4.203518623274957e-9,2175.391568037117,-13.166338361762353,-2950.0,18635.357108091604,3436.812324004119,-1.818047785013572e-5,3688.7708723058777,-750.4283353165227,6.781554274159125e-8,4.2123257109247484e-9,-719.9999519991279,-19.51199895464064,-24271.0,73756.46198010685,9.698372638006885e-6,-79.94895720585441,10199.308587501806,-2067.1502429212774,6.826959341181763e-8,4.2283032067408956e-9,-3109.999878725138,-50.671498667512715,-78648.0
t43,14825.527673446284,2.2584687900796512e-5,-2.2084621905172868e-5,2563.972536233122,-86.69209759436211,7.84311967886616e-8,4.2102966032157105e-9,1512.5019073329358,-13.310019927652933,-18802.0,2234.4797274309212,72.0686844667468,-1.8132236838341868e-5,153.36861449785647,-35.25271052351999,6.831101593876709e-8,4.2585717784317365e-9,-881.8832130285333,-17.78108477556875,-1525.0,405.2442653660857,0.005167542282049286,-9.58765319229807e-6,116.21424474100881,-25.064848816293843,7.867991173146293e-8,4.202816303844493e-9,669.4413648589843,-10.84018418143373,-1155.0,3423.5853267312414,1522.7438513353538,-9.2493207688107e-6,221.15490430483516,-72.18793210808263,7.903689568326901e-8,4.208691702718049e-9,-2731.546459160996,-76.74968192684429,-2287.0,763.7830446816772,325.58808319578884,-9.757446723644038e-6,25.445990269440582,-8.194792751783567,7.969850521717746e-8,4.2211422769650904e-9,-839.9526348034137,-5.669680912097961,-261.0,2455.688533945148,0.00025378912548754183,-1.661363563760248e-5,134.88753043540603,-43.30439299221926,7.960403688222043e-8,4.2176030751170714e-9,-1104.013947915645,-32.257960711775226,-1411.0,757.6583961612807,0.006865737144266495,-8.756869788260896e-6,251.0318470151402,-80.65670705809845,6.910524611797394e-8,4.270685181170092e-9,1647.6397256697876,-50.68011882774276,-2525.0,5639.602867271253,8.252826218920761,-8.389999187553576e-6,928.335996667742,-268.15720250034894,6.951376146353324e-8,4.269369379030503e-9,3268.752406156852,-10.786885458680887,-9566.0,527.8998607995503,0.00018450393854048345,-8.907159773466855e-6,307.4458747393596,-97.77990502884468,7.788851153433376e-8,4.20075612722451e-9,2289.0606921634485,-13.626698341297432,-3013.0,18925.440628210254,2890.9936688882676,-1.71314011260256e-5,2866.9604379867465,-779.8827694963953,7.591682146748859e-8,4.181816008609884e-9,-719.9999494957107,-19.51199900718939,-23164.0,77828.64822913075,7.329743598026077e-6,-97.19944278350454,7824.039949668822,-4224.817352856237,6.848746228899646e-8,4.230779019068237e-9,-3109.9998917777093,-50.67149879586361,-78170.0
t44,14858.49780281903,2.3849950614263543e-5,-2.1322396624099022e-5,1466.1052319973014,-289.6909240607237,7.847734182814174e-8,4.2114283133227145e-9,1295.4881859566408,-11.400299274045722,-17319.0,2223.4849595280384,59.18134177857546,-1.7484696683778356e-5,96.15473214492197,-38.60323693669089,6.831881911811105e-8,4.258903670228685e-9,-878.4459748730869,-17.771804222455568,-1444.0,405.2442677590268,0.004563276779261596,-9.33101682101026e-6,72.85853173645302,-27.04749781406573,7.869439552989138e-8,4.203209201011539e-9,652.8336079323327,-10.893463634234408,-1093.0,3483.946084365647,1407.3483772714985,-9.320789283583465e-6,144.1909831470512,-77.69619139421812,7.902257953379885e-8,4.2091852913824996e-9,-2714.9646891076645,-76.8245550153856,-2166.0,783.7335087204928,304.7073370108252,-9.670298618393524e-6,16.656984249224887,-8.95522300207285,7.969226981916528e-8,4.221598807332809e-9,-842.4560186283375,-5.686578759403176,-248.0,2453.072724053073,0.00022287989732236438,-1.6947363472511233e-5,88.12451998320542,-47.33507580754265,7.95864177885056e-8,4.218192331018119e-9,-1126.1843719353853,-31.678002313837066,-1336.0,757.664797924482,0.005968146510740959,-8.82089410553598e-6,162.98007472641697,-87.11440957292008,6.906591224005306e-8,4.27086445457411e-9,1608.3537438485994,-52.89016631257728,-2389.0,5167.164395363498,7.122404835749259,-8.429426200340345e-6,583.674940564485,-274.06978531401603,6.947590459215825e-8,4.2696203276540715e-9,3599.988015913765,-11.879963012957978,-9072.0,527.8998601594324,0.00016179960712803436,-8.873456482403173e-6,198.97773564923355,-102.85576309571829,7.788082903987593e-8,4.20125065483434e-9,2235.3873355198266,-13.409321230996607,-2846.0,18781.56386294348,2464.4139069184307,-1.7028672358025098e-5,1596.1585912092225,-895.6243954386463,7.598355088428195e-8,4.1826033851931885e-9,-719.9999496804911,-19.51199897065111,-21207.0,74557.24605528975,8.385167376808072e-6,-72.05129986603175,5101.029636159664,-3318.5530163359927,6.866723669555505e-8,4.233150576102543e-9,-3109.9998849461995,-50.67149875330819,-73107.0
t45,14431.426621416625,2.6111600701342693e-5,-2.0619940088737677e-5,1152.7340478791427,-252.24221487554598,7.854089770808983e-8,4.209421865977903e-9,1235.9579740742083,-10.876434087148098,-16557.0,2174.5218954141255,75.6643878595814,-1.786335199571329e-5,75.42527662390825,-41.216649486842954,6.825960701490343e-8,4.256767100246627e-9,-875.630689651271,-17.764202958861894,-1391.0,405.21571921227786,0.0046309118472502115,-9.482087090869433e-6,57.14952278856924,-30.0277442905557,7.879640922286926e-8,4.200861580678546e-9,631.6310825173858,-10.973201729903474,-1053.0,3495.307205542378,2540.9748893559217,-9.2292820208455e-6,113.08952597727735,-72.78720297901071,7.913869169614693e-8,4.2071023307279974e-9,-3906.1448127534613,-84.43959599229127,-2086.0,786.7846953621945,416.7510547361405,-9.435908384334758e-6,13.06474963587919,-9.358978410601415,7.983759136884239e-8,4.219674680986681e-9,-962.74299612413,-6.4985158400509055,-238.0,2450.0163355915747,0.00024868497592142646,-1.6996447205857094e-5,69.11817640406883,-46.322195405958915,7.96641301590051e-8,4.216095043181333e-9,-1140.0842541385853,-45.72829421869444,-1287.0,757.6712003439169,0.006884413431353799,-9.026243691887466e-6,127.83064709236459,-77.87714600903627,6.901578153847395e-8,4.269297164564309e-9,1558.8545559342397,-65.48613282538425,-2301.0,3334.4502203291163,8.403677911316711,-8.581769328562584e-6,457.98389672674386,-171.16915844965885,6.941826127584855e-8,4.268024771621555e-9,5128.25461478122,-16.92324277474052,-8741.0,527.8998606665921,0.00017232414928839,-9.029273650081003e-6,156.0773830371926,-88.7781596668903,7.789897223712452e-8,4.198790475607839e-9,2159.904368074386,-13.10361547633929,-2742.0,18420.8226394412,2400.838327711761,-1.73131163312952e-5,1413.1575709319927,-1104.3065691348604,7.596382145560706e-8,4.1801956029913005e-9,-719.9999526993703,-19.511998990603622,-20391.0,72662.6527886417,8.200062559703455e-6,-78.7328230969747,4155.5592431831465,-3032.807828106731,6.857295015351972e-8,4.231091541139186e-9,-3109.999890014622,-50.67149880434703,-70546.0
t46,14295.173640267534,2.790293184815814e-5,-2.0176674028866187e-5,903.5788337535515,-484.4532911242487,7.856319836943316e-8,4.210741079227733e-9,793.6852439667372,-6.984434644860138,-15501.0,2106.274740674384,80.08936509849117,-1.7840116264610232e-5,59.77216012631834,-46.97876077465397,6.826327342775883e-8,4.257181665823203e-9,-860.4343146080589,-17.72317274175981,-1321.0,405.1871693255758,0.004962374123569341,-9.437704893926054e-6,45.28547072075697,-38.48102339582503,7.88054350203429e-8,4.201398847655438e-9,599.0183296449944,-11.014899309614593,-1000.0,3422.666009305646,2795.6176356772685,-9.052741670598262e-6,89.62003706254296,-66.4111602153118,7.915325005151379e-8,4.2077550526268916e-9,-4173.414129791262,-87.07838305345489,-1981.0,779.7186827978359,510.9993353213179,-9.372300098240431e-6,10.3536116630487,-9.410988079991172,7.983492881099405e-8,4.220246709999104e-9,-1057.5223558898226,-7.13827651839435,-227.0,2449.010543013958,0.00028024916621172526,-1.7005596422512764e-5,54.77367969038768,-44.211230796678734,7.966863640258665e-8,4.2167872603411645e-9,-1186.956446258649,-48.61680896644966,-1224.0,757.6775993402542,0.007852737175808824,-9.119705187338986e-6,101.2968336955376,-70.3812997849104,6.900109999880701e-8,4.269703621608916e-9,1467.8245161379332,-73.42549306033644,-2183.0,1852.9615535080736,10.030240557964092,-8.646626938626356e-6,363.1785551579625,-102.7949240898714,6.939832953015034e-8,4.268479848259672e-9,6210.117975323715,-20.49339185054953,-8313.0,527.8998606809868,0.0001854218623358715,-9.011298038589851e-6,123.68735080580402,-78.65980427329866,7.788578479493906e-8,4.199429783950725e-9,2037.681027391182,-12.60861108446316,-2598.0,17579.83500070735,2478.5609121487178,-1.7481266865154596e-5,1105.4738165247782,-1209.3577567652667,7.596495876802478e-8,4.180817220187293e-9,-719.9999561875121,-19.51199899713408,-19215.0,71387.00184624841,8.590054508858101e-6,-81.71532777923585,3261.4723165048176,-3709.087455185695,6.862251894033368e-8,4.232465931952413e-9,-3109.9998897292553,-50.671498813179625,-67697.0
t47,15144.168961880605,3.0539874747643115e-5,-1.9626440656329112e-5,623.2021727171106,-1969.4620012580006,7.857119332232176e-8,4.212240913401569e-9,648.8003021081663,-5.709446431449293,-14441.0,2048.937338033464,95.60183377408683,-1.778665636962795e-5,41.55178941542319,-58.902985094038755,6.827720941169103e-8,4.257781998480016e-9,-849.4943236519919,-17.693634752803224,-1260.0,405.1586195079427,0.006584279672630998,-9.345660693040306e-6,31.470926137864833,-49.673753726802,7.88411719437331e-8,4.202101923401499e-9,579.0658039387255,-11.028170867920776,-955.0,3371.3583457674217,1784.1344885116578,-8.973564935542178e-6,62.312488263129936,-76.1581329787676,7.917439206724756e-8,4.208477512572735e-9,-3169.2335249189123,-81.41365576178663,-1891.0,756.837405440509,467.58386105532264,-9.41338423025738e-6,7.197679217397794,-9.139757996080593,7.984177534887625e-8,4.220904571573277e-9,-999.7309935389729,-6.748184841817867,-216.0,2449.2684134964416,0.0002823763942656943,-1.700481370094506e-5,38.08491632767568,-48.38116840078309,7.968509006962969e-8,4.217539649605861e-9,-1233.7711057742515,-37.20132108696034,-1168.0,757.6839990624669,0.010019070707469909,-9.143817274499169e-6,70.43402799055576,-87.24916916814537,6.900170866405455e-8,4.270256234353513e-9,1409.0347158320913,-65.91358370584713,-2084.0,2434.12098881534,12.472346774823123,-8.69712454122701e-6,252.3819726135067,-209.86999114315338,6.939287714592725e-8,4.269055437955686e-9,5461.919026951877,-18.024335374146666,-7933.0,527.8998566016379,0.00019641098428542497,-9.05538810126101e-6,86.00201390053196,-104.92318401763544,7.786942285298833e-8,4.200117424518883e-9,1983.4099390367935,-12.388812949963423,-2480.0,17051.256575577034,2267.513927648607,-1.7367850893744273e-5,733.4422513776404,-1433.700786618762,7.594902167238395e-8,4.181544881530132e-9,-719.999951691271,-19.511998971618087,-17879.0,69329.47146919694,9.032563020750059e-6,-81.80864167684625,2243.9416785756566,-4338.933128154106,6.869600374452182e-8,4.234264955578353e-9,-3109.999888292255,-50.67149879690099,-63992.0
t48,14625.455285050717,3.4986563238913334e-5,-1.8871885233902907e-5,429.6960955967124,-2343.291154209256,7.862839453109933e-8,4.2141560424023955e-9,595.3790965764177,-5.239339173392155,-13302.0,2017.9064255034368,105.06946149687212,-1.7970385046749245e-5,28.851315822819338,-95.42050393326018,6.828772041825985e-8,4.258365303374893e-9,-839.7393845793708,-17.66729640428723,-1199.0,405.1586182403616,0.016659964059610236,-9.421901942753601e-6,21.852381478323654,-69.32915515583336,7.887663869182633e-8,4.202847025929154e-9,560.3459208488777,-11.04441602969434,-907.0,3141.5013050629564,702.3693861601041,-9.372121242540058e-6,43.266304411338695,-79.40237036827804,7.918289638713433e-8,4.209166613011914e-9,-1934.7014368094372,-75.03317916751901,-1798.0,716.3302821984366,478.4388027983171,-9.523482784322877e-6,4.997614684381541,-7.247260642837104,7.987280685046614e-8,4.221644595197346e-9,-979.9050697454047,-6.6143598489824855,-206.0,2446.737763618799,0.00035964111811841604,-1.660717844657622e-5,26.443576841093325,-43.56717697386006,7.974194584421873e-8,4.218420719185603e-9,-1296.4963088645095,-24.11819773017765,-1109.0,757.6903983660573,0.023106354649010022,-8.963282413409494e-6,48.905923106168174,-95.33442097649014,6.902258771666262e-8,4.2708530294830175e-9,1325.7976091762412,-56.08260712364685,-1981.0,3474.4053624326266,29.15336808175064,-8.560673949676398e-6,175.23805270747476,-615.7086966032874,6.940662179653627e-8,4.269643966835428e-9,4489.728026942847,-14.816105057308498,-7538.0,527.8998541197408,0.0002546736604111191,-8.890926915600013e-6,59.7146393391246,-126.11627197090131,7.787867343042359e-8,4.200846573130197e-9,1909.5913801805998,-12.089847523907276,-2359.0,15920.297029104166,2236.649387781866,-1.70416110010073e-5,512.1532216850155,-1266.5876744641987,7.594987498396846e-8,4.182259020857851e-9,-719.9999481609443,-19.511998956262968,-16663.0,66379.10123037013,9.622296545954044e-6,-84.13042482395342,1551.2013980996576,-4464.500829008725,6.878917023214922e-8,4.236117526864391e-9,-3109.999885565316,-50.6714987711835,-60221.0
t49,13942.297977744523,2.2594371464225957e-5,-2.6108871517357205e-5,491.2026012190317,-1461.8382981343389,7.850944714852888e-8,4.212928479168224e-9,-544.5827006455115,-7.079576701839571,-12420.0,1982.433784810334,0.0001132739718491493,-1.865507008436391e-5,32.47753723204005,-95.79240847125111,6.823881242772313e-8,4.256738704163049e-9,-760.665212234904,-17.453796023066403,-1141.0,405.1300687099281,9.374064438708522e-5,-9.711667051584212e-6,24.600484682792793,-72.56911752773226,7.90028625087912e-8,4.20108589063035e-9,516.5020519466946,-10.663571917477906,-863.0,3159.0231823816666,6.602281353078149e-5,-1.0932256099863687e-5,48.70404457671925,-143.65097075329172,7.92261993110402e-8,4.2071867821296215e-9,-1287.859659515065,-65.21665186391947,-1711.0,663.1123328527916,6.783001804871303e-5,-1.15062751150364e-5,5.625577745866599,-16.591501556239546,7.991546455835775e-8,4.219707283541993e-9,-454.0814152515756,-3.0650501928081924,-195.0,2433.2505469384337,6.825252558109574e-5,-1.9250093637821188e-5,29.765952735936576,-87.78671114254328,7.97636242066971e-8,4.21639042734905e-9,-1310.800835951482,-9.429001661511137,-1055.0,757.6999970764675,6.260798588059017e-5,-1.0623853117452526e-5,55.05355980507461,-162.38581797150385,6.892070863688532e-8,4.269359255185038e-9,1290.050177507747,-51.4179684687053,-1889.0,4351.807321349251,5.90593948146032e-5,-1.0176520157630104e-5,197.25786954165986,-581.7782883130407,6.929320744751642e-8,4.268176499319653e-9,3205.290509835354,-10.577461348778657,-7162.0,231.7482227031295,4.966257789871015e-5,-1.0586150401038278e-5,67.21882616808594,-198.25457706332867,7.781497021538933e-8,4.19845566312126e-9,2165.955995882412,-14.668506840184959,-2252.0,15094.909690928316,1114.2242018432562,-1.6189474394795908e-5,592.2456287618606,-1008.4833569405372,7.594364110517252e-8,4.180027612333229e-9,290.1909477596991,-12.087096210118048,-16071.000000000002,63272.45892007841,1.0446244963973884e-5,-86.62821475841595,1755.7114917724778,-3612.8708498527308,6.877750661333042e-8,4.2344728609862285e-9,-3109.9998593333685,-50.671498416888255,-58168.0
t50,14715.903567497826,1.3314677190317285e-5,-338.9831970413575,196.7656328576262,-1124.7815385586268,7.7818796436929e-8,4.2084713312547804e-9,-2089.1150503075287,-24.78942783807725,-11335.0,1983.8932120641423,2.549616346018023e-5,-4.233269290290555e-5,13.082562901264108,-86.2414270650366,6.794700798420053e-8,4.2564224942742525e-9,-842.2257378749207,-10.50859325287501,-1058.0,405.1015166341281,1.691442624899436e-5,-2.295281937667063e-5,9.907842530017374,-66.82567865588112,7.872163496751874e-8,4.201073268726322e-9,460.88531625318376,-8.068990799961766,-801.0,3231.35072285793,1.4468034617977184e-5,-2.6948547572743187e-5,19.61956466473947,-123.51969236544824,7.893471817730705e-8,4.207115617168221e-9,-1478.1763925523603,-62.27419017936902,-1587.0,595.9246508167438,1.4899856801043137e-5,-2.8568992245132706e-5,2.2657499257228233,-17.74833665536583,7.961871003865521e-8,4.219647036846724e-9,-395.7705982624563,-2.671452233826311,-182.0,1389.29837030554,2.0159508529937975e-5,-4.496254658366662e-5,11.991929196871737,-67.24497396591558,7.944194248124467e-8,4.216114494986554e-9,-345.3110376855949,-8.7342631264744,-980.0,757.7061360192597,1.3522993751449272e-5,-2.7414212866913893e-5,22.17682410701746,-124.39079768590652,6.860760515521152e-8,4.2686558835846665e-9,1156.6643168517587,-60.156465472714274,-1752.0,4646.108756894987,1.28076896416033e-5,-2.641894410711432e-5,79.46884890558692,-445.6435826513789,6.897430102239363e-8,4.267837770628511e-9,2369.886619699847,-7.8206292696331206,-6642.0,231.74814259932975,1.2893593260067565e-5,-2.584843326090276e-5,27.079460596843177,-151.8646179204951,7.745250425752839e-8,4.198081828291374e-9,2010.630665313318,-28.593637709588034,-2089.0,14568.901952633887,3.405222381665174e-5,-2.3201246134168884e-5,242.10482412294454,-1378.6410988556033,7.572547387331136e-8,4.179993069152543e-9,1797.2440552690641,-18.609744076223823,-15211.0,62305.41877939636,9.904470136760452e-6,-458.87144771427455,802.207679456942,-4240.280523929572,6.876746377970184e-8,4.235724957149631e-9,-2644.712156704311,-44.76234026824383,-55719.0
t51,14849.650107544901,1.4360940870247343e-5,-1829.9600097274008,109.60226018619716,-1310.6229025285907,6.806784188128271e-8,4.24910564665736e-9,-917.8089670635527,-11.860502797094135,-10889.0,1985.3295976777508,2.5500193788847873e-5,-4.0859132826253465e-5,9.844206630335744,-45.10753956882578,6.796323292483828e-8,4.256738807522317e-9,-933.2534807970413,-2.8127686503109843,-1014.0,405.0729669511688,1.6822946381999662e-5,-2.1866279895635088e-5,7.45688206495244,-32.68168037623588,7.84868675102995e-8,4.202005665213269e-9,393.3777670606724,-5.225930732204139,-768.0,3242.4064593937615,1.449090778230686e-5,-2.794858059650103e-5,14.762882083705135,-73.45139686855737,7.868312812384391e-8,4.207803636230617e-9,-1603.21182071208,-58.50611052821227,-1522.0,528.7370279293857,1.4946698894323549e-5,-2.9483442034785778e-5,1.7046926566513423,-5.001997564161944,7.9318436884458e-8,4.220034006615603e-9,-349.0833949532824,-2.3563136080766407,-174.0,1366.5401874455658,1.9784023131992496e-5,-4.744378435099308e-5,9.02196626299403,-53.12539295020404,7.911843225991696e-8,4.216489820936602e-9,-382.29586726641554,-2.1408659086223767,-938.0,418.05668940080784,1.3182678255693798e-5,-2.981181157812334e-5,16.687830682794104,-98.27018514533304,6.855580934301109e-8,4.268010986376721e-9,1384.8865056616442,-41.360824036505754,-1680.0,5385.437165577728,1.2503099963687065e-5,-2.8817448053219975e-5,59.79231390872954,-352.07166999293264,6.896472363664592e-8,4.268082766358733e-9,1278.0598071244715,-4.217600370583596,-6367.0,231.74814084801872,1.2606521744758382e-5,-2.8150263264059132e-5,20.374963082361667,-119.97666336498133,7.734077936206293e-8,4.198405816504498e-9,1895.0323179619381,-23.178743056718403,-2004.0,14557.432502577818,3.222943856266179e-5,-2.3099894595156268e-5,188.76490049420218,-1079.0981933037472,7.567182311015102e-8,4.18050709407687e-9,1363.3211919705013,-15.420410920294103,-15015.0,62478.503568298955,9.735668097997399e-6,-3251.6323254816275,526.4962294701506,-2961.130320466576,6.874370261293198e-8,4.236574194712409e-9,-2129.0240589868563,-38.21310264909651,-54625.0
t52,14495.161344614586,1.4704196002795007e-5,-1829.9475515466709,84.50159069627973,-1357.835485913875,6.81199182213987e-8,4.251134069763263e-9,-759.9999124610881,-9.880000125605322,-10622.0,1783.234654679549,2.503004294422221e-5,-4.2019262363397635e-5,6.937555743729594,-55.53515979294212,6.798583367444404e-8,4.257684970262836e-9,-745.623839706735,-2.013193998061752,-987.0,404.97356725582534,1.6663947871272425e-5,-2.2072840147102124e-5,5.259732051526488,-43.29957059195552,7.85362796169633e-8,4.2033255704694545e-9,383.79813846561206,-3.7318618473431346,-747.0,3320.632154392303,1.4355766810301546e-5,-2.7301885926313706e-5,10.406672469618949,-79.49495293189746,7.872237226900236e-8,4.209007566647725e-9,-1714.4257274450813,-57.11813361221539,-1480.0,563.2956382583634,1.4812402248514242e-5,-2.901028916147183e-5,1.204076433563353,-10.612065240227619,7.936368446985947e-8,4.221162216398699e-9,-382.30706197474416,-2.5805733558254307,-169.0,1378.2741458682322,1.9623492385226282e-5,-4.771830121229907e-5,4.692776367863331,-65.54090180473374,7.913294259808169e-8,4.2175223892448075e-9,-402.1738134350485,-2.252178977821986,-913.0,418.0620305290931,1.2996713933400442e-5,-2.997301723823991e-5,8.879583691258926,-120.68406825239,6.856418403238289e-8,4.268808181450118e-9,1366.9908216104807,-38.24835066847049,-1635.0,5222.5718810027865,1.2353277567822271e-5,-2.9013477848372746e-5,32.9222261023059,-430.62060387239245,6.897406389327405e-8,4.2689695770340204e-9,1370.6496602410534,-4.523146868105111,-6191.0,231.74813951702552,1.2464640656048866e-5,-2.825036177044843e-5,10.884093120033308,-146.75869595000947,7.733662272229761e-8,4.199408023283011e-9,1875.269074433566,-20.142595407221044,-1951.0,14912.591110653853,3.038602864290158e-5,-2.3402980017687388e-5,134.66213532959688,-1152.7526372038265,7.564348027899675e-8,4.181134494433608e-9,1104.013886407734,-13.514502221360445,-14985.0,62974.3144914466,9.773804333588004e-6,-3668.8029245022813,329.3184930666218,-3159.924878313811,6.875220520550252e-8,4.237427317472069e-9,-2096.191226135749,-37.713965344208354,-54341.0
t53,12778.06433369744,1.511923158573786e-5,-1567.2762218130547,24.268404925430026,-6.176872082090549,6.81120966318292e-8,4.2509090790640036e-9,-759.9996628870396,-9.879997018004529,-10459.0,1787.501641253227,2.584180310128596e-5,-4.0943663283848795e-5,1.6106927498536256,-22.515881708042166,6.797454652263039e-8,4.256671383367095e-9,-796.446023863471,-2.150413391656303,-968.0,405.0444179562583,1.7724193017169747e-5,-2.099310110759979e-5,1.2222866928411458,-17.685856361461315,7.866775016621042e-8,4.2025842718912575e-9,348.6963751323041,-4.277220226187431,-733.0,3349.7420587349447,1.510901863866453e-5,-2.5000098150037774e-5,2.414982454509107,-30.494823289365524,7.885020127614287e-8,4.208056320741059e-9,-1810.0556852380269,-59.60652284465716,-1452.0,630.5014034910669,1.569976536704117e-5,-2.6289023333773924e-5,0.2814369324977324,-4.671209676530222,7.953572909522159e-8,4.2202992228969096e-9,-457.02668939516514,-3.0849308398825364,-166.0,1401.099404060715,2.0321524425648033e-5,-4.47082006500853e-5,1.4477731795470616,-44.58044753811806,7.922683522986653e-8,4.2163457815689036e-9,-459.3940926445935,-2.5726127474616383,-896.0,418.06843105039343,1.3490538993175397e-5,-2.708653131969844e-5,2.6706162359081747,-83.22633587280454,6.855851975257611e-8,4.268024266158973e-9,1307.790972985245,-41.30367086846028,-1604.0,4500.58488099898,1.288715262837405e-5,-2.6070678651016625e-5,9.560512091444352,-300.9894766910073,6.897609838144799e-8,4.2684105124045766e-9,1868.0085277947885,-6.164431095426574,-6071.0,231.7481388027689,1.2899552495732205e-5,-2.5710993448329456e-5,3.2640573452838075,-102.22788693970811,7.739389777795375e-8,4.197904210446019e-9,1800.4692395078566,-19.253535977900178,-1914.0,14969.420572381938,3.0324702421644338e-5,-2.3809798842500018e-5,30.57748475743451,-973.4613970828058,7.560556644759792e-8,4.178872664305926e-9,1052.599943192008,-13.13660981126395,-15066.0,62984.186244638164,9.744041581694187e-6,-3667.9184974733007,95.74788302181767,-2665.6876460810386,6.867206217372623e-8,4.235072313964462e-9,-2094.642904583905,-37.68508930336264,-54614.0
t54,11866.242490816216,1.552154863898931e-5,-0.0017095930885324354,64.77195170235704,-9.416609331202473,6.808276039270702e-8,4.2508787838888044e-9,-1323.6424263989784,-16.95371275112431,-10581.0,1989.597272657289,2.7009012489549083e-5,-4.012055202725434e-5,4.1412888549716795,-38.3582328032406,6.794836268570117e-8,4.257181567475968e-9,-985.7188664076828,-2.6614492531476293,-967.0,405.0158687735455,1.9126969592414132e-5,-2.0173627693743016e-5,3.139992411344245,-27.21778712823635,7.831792637019356e-8,4.203448956283818e-9,357.70643160681357,-5.644504690633744,-733.0,3389.855475624362,1.7236586299071364e-5,-2.1662347353364598e-5,6.209547431292149,-64.5833893399304,7.855000334007202e-8,4.208736839714872e-9,-1822.1566717545484,-58.324957597036544,-1451.0,697.7041756033441,1.7773149618252016e-5,-2.2649086887063024e-5,0.7201723876670196,-4.885650301522682,7.928093742631092e-8,4.220890884688447e-9,-524.9949761185547,-3.5437167705792394,-165.0,1423.9135238485276,2.2628657540170246e-5,-3.9239452045304795e-5,3.8191790641066,-0.6420836702127501,7.889827046369249e-8,4.2170839399471236e-9,-529.1274740604756,-2.96312864611033,-895.0,598.9464236250981,1.5670034749848e-5,-2.22613680279676e-5,7.049853147188948,-1.1716039236987674,6.855937034228548e-8,4.268040486194577e-9,1050.8772190476611,-52.701885371133145,-1603.0,3370.302665901277,1.507108110821078e-5,-2.1347639834199367e-5,25.238174944947467,-4.179239616511626,6.90422977019731e-8,4.269620205750016e-9,2679.480694257463,-8.84228924520427,-6062.0,231.74813904424332,1.469667938294835e-5,-2.1397011626004574e-5,8.609637934199865,-1.4334840714622108,7.744873199093378e-8,4.199308905994556e-9,1697.0201103412928,-21.94439662050187,-1914.0,14177.551785168976,3.35256723385553e-5,-2.4962751158919587e-5,84.54727271459117,-12.349060685136887,7.561691729628761e-8,4.179546545586737e-9,1325.3916228471887,-15.141628657508699,-15560.0,62498.875616578414,9.499630502194145e-6,-3620.863567510488,187.7271796098785,-690.385390408876,6.868760959230305e-8,4.23527423391474e-9,-1924.8356633601788,-34.5181843760579,-56416.0
t55,12529.43551910273,2.4646783462405622e-5,-3.6547542899025703e-5,144.7981590657497,-9.753203529173519e-5,6.844734929377562e-8,4.285549315360038e-9,-1617.5935290532695,-20.64003973854197,-11036.0,2191.6937897585976,2.8484953346695763e-5,-4.2221762490961674e-5,9.354956116660727,-0.0009634002787598194,6.797004708351305e-8,4.260456496666202e-9,-1199.8830574752537,-10.164711329539173,-991.0,404.98731789916684,2.0742986229895163e-5,-2.183249709357866e-5,7.0823163462046885,-0.0009287671997054857,6.784842157273527e-8,4.251216656199409e-9,349.56010827706916,-10.628812733220316,-751.0,3371.10278205704,4.8959865661112755e-5,-1.254741900251732e-5,14.029522971121944,-5.196677093227058e-5,6.815607296801133e-8,4.253009867073721e-9,-1828.0069858014556,-70.12530376047282,-1487.0,764.9099971501323,4.9637684095343726e-5,-1.2888246401785475e-5,1.6208031899440933,-4.332073584661563e-5,6.83990477160743e-8,4.267328449065996e-9,-592.5312074660446,-3.999586370862301,-170.0,1446.7410490797286,5.7404177956032866e-5,-2.2978698297898826e-5,8.576823890402727,-4.615765435861247e-5,6.821371704249109e-8,4.260328923984744e-9,-525.4544778089125,-12.863383497029961,-917.0,757.7383857157549,4.523455875284498e-5,-1.2033994384881672e-5,15.855918073332306,-5.040135391120465e-5,6.867302554011918e-8,4.2668090143985565e-9,937.7867706241259,-66.38105727967096,-1645.0,2687.4043876241985,4.316473954822602e-5,-1.1753485057072788e-5,56.831569657715036,-5.631433874462727e-5,6.89937302390854e-8,4.267852044897735e-9,3476.2356480980975,-11.47158055760462,-6209.0,231.74815803612108,4.0793731019375845e-5,-1.2202705395448888e-5,19.3647232998368,-5.058045506067445e-5,6.813257488425783e-8,4.247258425786017e-9,1741.6272073058324,-27.740066719730006,-1965.0,13591.269865398726,913.483783189656,-1.7314186105402448e-5,192.0718446352266,-5.047927012080523e-5,7.558129396517456e-8,4.178418542626191e-9,1817.9364076036811,-18.76183308421823,-16496.0,62819.10303813092,9.849804816413824e-6,-845.9508820018387,457.9915268263981,-528.7844114069601,6.862125674850184e-8,4.233627932898529e-9,-2559.67688430387,-43.682397113768054,-59299.0
t56,12649.92493425067,3.108763218697155e-5,-4.0407608550026175e-5,275.6079234048958,-8.045191384310395e-5,8.388489917310475e-8,4.045386939622046e-9,-1237.6581578042112,-15.87461015057532,-11672.0,2195.7342424459607,2.551704756908998e-5,-4.2060323437119346e-5,17.81618941731596,-0.0010616335820666503,6.768329323122265e-8,4.253824664301521e-9,-1193.19743323421,-10.351920516767974,-1010.0,404.95876709614356,1.9509264078720963e-5,-2.2223906901140703e-5,13.485911412890038,-0.0010029940735025013,7.713670368994795e-8,4.199225758206739e-9,356.20307587863164,-10.646748751558823,-764.0,3338.7947298066074,6.028367637796447e-5,-1.2452264354611676e-5,26.71904724551155,-5.481685200510782e-5,7.773774427441446e-8,4.20549398278065e-9,-1780.2411788017826,-70.27259133047227,-1515.0,799.5901694738025,6.149160481139388e-5,-1.2699995109976796e-5,3.0870093844002544,-4.377199235765302e-5,7.82633251090048e-8,4.216108979036399e-9,-625.4553596090279,-4.2218243430351166,-173.0,2250.5525102145534,6.515467025808252e-5,-2.2689002640774178e-5,16.33592504464617,-4.8413732771779316e-5,7.840419323171712e-8,4.2152543969537586e-9,-1315.7679489327022,-17.120480452481406,-934.0,757.7447819861657,5.4042535003291264e-5,-1.168815508099301e-5,30.195881444964655,-5.228927762234446e-5,6.853087018242886e-8,4.265651736993487e-9,953.3623497088256,-66.30300327103235,-1675.0,1165.9743920530682,5.153728083741764e-5,-1.1067258370824221e-5,108.24070300446255,-5.605703428069813e-5,6.89654597964426e-8,4.266242316898325e-9,5071.520942366771,-16.736021909970813,-6329.0,231.7481559627473,4.969044503662003e-5,-1.1118173446283865e-5,36.880942110456715,-5.3102430121781014e-5,7.716037931410205e-8,4.2012241624019505e-9,1744.237101237113,-13.866184854325281,-1999.0,13302.534208411478,2654.0431641598116,-1.575353977214117e-5,366.2306177836606,-5.0256969666191696e-5,7.56284542242747e-8,4.179122243546451e-9,600.0020917475672,-9.810016140795053,-16913.0,64251.546610377576,9.705229675965254e-6,-78.86203014120714,984.8642892881772,-481.6917263478178,6.867956274512581e-8,4.234817802506807e-9,-2573.0054825569737,-43.85167035613736,-62059.0
t57,11957.458153455796,2.063408850623525e-5,-7.739737219427764e-5,494.62387368281713,-31.489747173973438,6.75551729232271e-8,4.243747356877757e-9,47.82867289317238,-0.4208960762933156,-12468.0,2830.1505960034237,1.771979284893153e-5,-0.00010623420053941648,31.84699113307845,-8.56832479492242,7.411767670406122e-8,4.195025411335987e-9,-1798.6043997603929,-5.824774136480427,-1049.0,385.39616070405305,1.3390371899188517e-5,-5.6568174306452794e-5,24.109442242462617,-6.4862846608445945,7.30891980375826e-8,4.196072949939928e-9,401.75045143459533,-10.769726615164922,-794.0,4684.706713217182,1.9133087601905013e-5,-2.6428925185469548e-5,47.760680909993,-12.849349603361908,7.617653699444879e-8,4.189958649974129e-9,-3106.257950724741,-40.36008660400668,-1573.0,735.5206182454581,1.9299786897333138e-5,-2.6900804791259415e-5,5.517805465403714,-1.4840635145540355,6.996509769604976e-8,4.2094590043422935e-9,-555.8026837655672,-3.7516689007102424,-180.0,2585.056256463601,2.5759842611901797e-5,-4.8697493183080974e-5,29.198656099047874,-2.1001085949251785,7.415313272997864e-8,4.1972299435137674e-9,-1625.8460359611022,-16.308745141836813,-970.0,719.9847346890393,1.8791303732205416e-5,-2.597061055750016e-5,53.97767760290998,-3.873315812389912,7.6805959635213e-8,4.193625869017039e-9,1027.0934678285041,-58.18255720157912,-1739.0,1369.762251818416,1.866936041587596e-5,-2.565855665537072e-5,193.47374152017062,-13.90590378309063,8.257166410906034e-8,4.1466310616902836e-9,5039.299609253945,-16.629691919857862,-6572.0,231.74813533185193,1.8555412392827618e-5,-2.4542728725091294e-5,65.92370101090594,-4.736605335634619,7.777006213975845e-8,4.177727300474358e-9,1793.6852028696678,-11.62042796770045,-2075.0,18960.42151819156,5.433741327475898e-5,-32.48823591792049,650.728064440997,-166.15298087743818,6.653958348967756e-8,4.2076377105924976e-9,-1919.996475931302,-19.51194427613254,-17473.0,63755.09831575997,1.064095203464835e-5,-123.29691298274457,1529.6390414052785,-1697.2505957982821,6.724008566907035e-8,4.223572357149796e-9,696.8501418632201,-11.040000884662094,-64150.00000000001
t58,12320.658364225268,1.4474289310157403e-5,-1829.999825138817,635.4090746766831,-723.4318348799814,7.741008511174771e-8,4.212680288494474e-9,3149.1982000759313,-33.83399352637489,-13518.0,4046.954551045835,1.3964504718929147e-5,-162.7884408785758,44.074274511316986,-21.053722198516756,6.727891650516848e-8,4.250361935509917e-9,-2778.6842286708234,-17.5024478337878,-1111.0,357.949899206916,8.828581936379579e-6,-0.01740354918444458,32.70543620854887,-17.345141138534643,7.691582292224812e-8,4.197229082096249e-9,478.68464780845585,-10.97744743666384,-841.0,6572.075485941613,1.1781707803823032e-5,-0.00011346311313562922,77.0671522324842,-9.499175507490714,7.734586860396883e-8,4.201651607833706e-9,-4920.045611215436,-53.597749822192824,-1666.0,1089.6790446305354,1.1903009107260713e-5,-0.00011973749088555647,8.902330183118954,-1.0983941370696413,7.790580525607042e-8,4.2129065653401325e-9,-901.3984327640696,-6.084440151181653,-190.0,3981.531829878877,1.625195174313528e-5,-0.00017287015566438879,47.106412692722415,-5.813786379606004,7.790891051494283e-8,4.208289218739349e-9,-2943.174157078415,-51.65014257224772,-1028.0,418.10015831988034,1.1307982192109917e-5,-0.00011652773318237983,87.10804917089916,-10.729087337892702,6.800110069894912e-8,4.261640965167926e-9,1429.0281036694132,-82.50711866152318,-1841.0,1799.0016176553875,1.0930892711166042e-5,-0.00011021468423638723,312.15697666019594,-38.504987724975294,6.84964031782856e-8,4.264393106491073e-9,4909.548004713026,-16.201512078933465,-6966.0,231.74813014535667,9.784779972360925e-6,-9.667448928605262e-5,106.3687234683487,-13.116319659333119,7.669468702244684e-8,4.1949117568013574e-9,1896.842176258604,-23.842623391404036,-2198.0,23705.887988729814,5.723213864610667e-6,-4091.071728270508,855.7252226761774,-640.0295174494192,7.277263203479909e-8,4.17002698190619e-9,-1919.9999718146055,-19.5119996517846,-17891.0,63663.279127090216,1.0310059567210008e-5,-56.239653465241474,2524.3464629844343,-1865.8771909599852,6.852401972800032e-8,4.23299266642683e-9,1600.00126901792,-22.510025007502488,-65843.0
t59,12957.344036067418,1.3384380459154821e-5,-1829.999867550485,845.9190435786393,-864.4071249059666,6.780541555919699e-8,4.2460687386735185e-9,3216.857462373605,-34.71356299188363,-14291.0,4435.922880491287,1.6115419313408916e-5,-426.5509322976501,51.047461774590616,-62.48027931345602,6.746852293823126e-8,4.25154439099941e-9,-2800.3781255492595,-17.561021280407694,-1180.0,388.8101660762953,1.0344920928643167e-5,-0.005990250004791268,38.42534920349438,-48.07585431465114,7.705051639448525e-8,4.198509065067963e-9,525.7617703302213,-10.915451462183702,-894.0,10087.726076539557,7.812715229127418e-6,-470.5285789093649,80.14815926635445,-82.51565570113024,7.672840876387344e-8,4.1999262980127714e-9,-7757.418967398401,-86.41104165155639,-1771.0,1315.649345764717,7.905579948827944e-6,-356.14698688589914,8.906847388613649,-11.726012791874526,7.731441186926803e-8,4.2110710120647e-9,-748.629948435038,-5.053253018557282,-203.0,4478.938602702875,1.1693586285470355e-5,-1166.6904437603382,48.071631535343926,-54.28206447502935,7.72160114276572e-8,4.206629225294763e-9,-2154.564582271595,-59.473155497576705,-1092.0,418.1065510365635,7.585119774705691e-6,-0.026728095656987923,91.75298472628353,-90.63910676290728,6.760660026966945e-8,4.259798134744549e-9,1623.114951429676,-85.30865998096893,-1957.0,2526.8055591966586,7.349257751301133e-6,-34.356039705785335,359.32173166706315,-199.03100074058338,6.811473524538616e-8,4.263380347427886e-9,4765.987504436949,-15.727762290261214,-7403.0,231.74812916895686,8.635539400120484e-6,-0.0003479710317845591,110.31641683640635,-120.35634123429837,7.664308272558858e-8,4.195934671240185e-9,2139.2701757345726,-25.978041242083485,-2335.0,26145.585164695236,2.5488906779218577e-5,-6415.447364508995,1085.2308525876172,-766.8567069346587,7.291135766800018e-8,4.1707543343697995e-9,-1919.9999717110081,-19.51199966332662,-18109.0,62882.863344747435,1.3685122367122113e-5,-58.58617927761625,3417.275040486367,-2635.880454290457,6.869705793665113e-8,4.233629571252724e-9,3109.9997310602794,-50.671496408106904,-66665.0
t60,13046.390213355096,1.4276437080083378e-5,-1829.9998991451953,1088.0261746629883,-818.5604242953862,6.764311592211303e-8,4.244973416325813e-9,3216.857484294079,-34.71356320204255,-14668.0,4569.265849845005,1.5879992591298622e-5,-452.82415482278805,61.37191475327193,-104.06865422576136,6.755978281803232e-8,4.2527991478730736e-9,-2839.0794566463337,-17.665514845485433,-1217.0,386.4814730181504,1.0094073938992282e-5,-0.004592544280779558,47.61729640470463,-67.01454352284316,7.728437998973773e-8,4.199574101851381e-9,564.9380455353619,-11.017689058347404,-921.0,10277.794715813216,9.400755757631303e-6,-1048.3478530884142,102.48795978806442,-86.9147418639253,7.673475924579234e-8,4.200042233587702e-9,-7334.948763355975,-85.0713268106085,-1825.0,1452.537881285549,9.763389606998198e-6,-422.8555167891914,11.630622897485516,-10.510863601693638,7.735926318086787e-8,4.211194335304813e-9,-816.2921606451268,-5.509972983639987,-209.0,4422.293016555951,1.3341319464379695e-5,-1166.6905155041359,61.961272030531354,-54.90878823042735,7.714635999894715e-8,4.206521080223552e-9,-2080.3810337480836,-55.27396451788828,-1127.0,418.1129466019904,8.986423819727806e-6,-0.013529973103186849,117.0805001144325,-95.5373482519099,6.750457041420332e-8,4.25941643402187e-9,1657.761357176023,-81.40393471653535,-2016.0,3220.9120199723525,8.635509996893084e-6,-17.74747267248909,449.454572205442,-260.9586017086748,6.802355915051381e-8,4.263673775119697e-9,4259.395482100707,-14.056008551533868,-7637.0,231.74812934513025,9.104867704185792e-6,-0.0002551377765414162,141.29147075241318,-124.63856322566447,7.655878774281614e-8,4.1969440830800585e-9,2181.749291158437,-26.150082070272376,-2404.0,27135.90823534513,2.531045445511539e-5,-6641.489164189359,1220.1104926160906,-1724.0176172619433,7.297584478652938e-8,4.171460150903183e-9,-1919.9999721942347,-19.511999666143424,-18051.0,61881.862524746044,1.377765254448975e-5,-69.47682418598298,4282.649239414488,-2357.363183798232,6.874128394036711e-8,4.234154077958436e-9,3109.999726325147,-50.67149633293708,-66797.0
t61,13943.276276678693,1.4584751422426922e-5,-1829.999854302363,1233.5087517982852,-1618.9291168245084,7.71588472297631e-8,4.208122893742828e-9,3216.857491251687,-34.713563243979216,-14910.0,4259.189617696596,1.4441502397721989e-5,-251.68176415562544,85.72902027979288,-49.51428737368775,6.757919766836985e-8,4.251317295252141e-9,-2782.2106319180793,-17.511969032249336,-1244.0,404.87314471267644,8.633619938494159e-6,-0.0033936321930633693,64.18415123358157,-40.723714802763695,7.74196442341205e-8,4.19725712808671e-9,524.4561093607241,-10.786305578641505,-942.0,10681.315202662001,9.935658634373819e-6,-1652.8638421977303,125.21489119639601,-105.79954763167656,7.677916918264049e-8,4.1974279117951085e-9,-7098.571451874326,-83.29526214837372,-1866.0,1324.0907714957295,1.0296440559926023e-5,-328.1935040291971,14.484817169811315,-11.564260288424245,7.742286469797131e-8,4.208535167250865e-9,-780.5491271421346,-5.268707576072478,-213.0,4347.045602225228,1.4267442590333717e-5,-1166.6902488010226,76.30686285509988,-63.56723048333895,7.725374719278529e-8,4.204497410524972e-9,-1990.397544802198,-51.69745533251227,-1151.0,418.1225471633965,9.63432808253733e-6,-0.008740353051744917,142.35402440029324,-121.18032974468863,6.748906742730739e-8,4.258428939671758e-9,1699.6387799443335,-77.9262911058537,-2061.0,3916.0947338249507,9.313030325086516e-6,-11.612992884684209,528.8378213556766,-416.98072049230416,6.79691977629123e-8,4.262061529071906e-9,3800.2018184288627,-12.540669547770001,-7804.0,231.74812947707508,9.231914567470601e-6,-0.00019712111085691295,174.66858788550982,-141.6840168250187,7.673725815624371e-8,4.195115721470982e-9,2220.5748126774915,-26.307325400552287,-2459.0,26870.177382237343,2.5445884322899716e-5,-6545.952610589425,1482.747090885712,-1817.459915010272,7.298716312880316e-8,4.1693492201076875e-9,-1919.9999733375262,-19.511999668149997,-18050.0,61255.87848240036,1.3521087351635336e-5,-69.11910542883219,5236.530388831347,-2730.6180004173093,6.864810966144307e-8,4.23138556791472e-9,3109.9997174111654,-50.671496178395685,-66752.0
t62,13834.446212010058,1.4536983276549796e-5,-1829.9998378358046,1215.271899604694,-1720.8622150696895,7.723389032514884e-8,4.208717502970196e-9,3216.8574899454743,-34.71356322645465,-14681.0,4296.634282997426,1.456762667333299e-5,-250.26618828297453,81.87406636034667,-78.63516563604487,6.764804239113118e-8,4.252134695732494e-9,-2796.057654079537,-17.549355989154478,-1236.0,404.8446022890957,8.612615667628085e-6,-0.0029373994711949375,61.925724489230284,-59.20711513750893,7.747196533202291e-8,4.197798430715253e-9,539.2588698540291,-10.819152781603103,-936.0,10642.98970323514,9.880488603933402e-6,-1688.9636674375279,122.56729973719996,-130.6397761549733,7.675478826702663e-8,4.19787099284947e-9,-7005.975272762852,-84.97829656062252,-1855.0,1505.0652802759807,1.0038652903897442e-5,-323.24870894474014,14.266853941025868,-13.978191929724348,7.738336061773736e-8,4.208924012870746e-9,-963.6009361943436,-6.504307260738359,-212.0,3680.6628822479597,1.4119684945814061e-5,-1166.6903987420305,74.80981443924244,-78.34896908328531,7.724937638279372e-8,4.20549086808931e-9,-1317.5506562707242,-48.88268678100662,-1144.0,418.1289529908726,9.610911946498756e-6,-0.008166212550641356,138.4727406518309,-155.55935532812097,6.747383811132252e-8,4.259234362660179e-9,1720.6379198314298,-72.67210160485848,-2049.0,4779.666199071907,9.35914290797533e-6,-11.320348932777536,482.32746746548446,-669.8183952696555,6.795713403785577e-8,4.262652217839125e-9,3186.6610531757224,-10.515984971955918,-7757.0,231.74812940312324,9.366430749739054e-6,-0.000186020733141742,172.9026138971257,-163.07544811105495,7.676378444605121e-8,4.1958686241664715e-9,2229.769445034969,-26.344563645579335,-2445.0,25840.863067624407,2.602344794623654e-5,-6186.247481611416,1531.365960711562,-1527.4695996722298,7.300663408495351e-8,4.170239455925829e-9,-1919.9999734491903,-19.511999667857523,-17719.0,60737.64915254664,1.3435040483930953e-5,-69.91046557026378,5298.131617336382,-3408.19853645002,6.867771593855378e-8,4.2324278068216784e-9,3109.9997149150213,-50.67149614171094,-65617.0
t63,13345.990170733672,1.4876804772830693e-5,-1829.9998504021216,1299.7442076867624,-1507.8785687089548,7.737290840270033e-8,4.209169147235166e-9,3216.8575898828653,-34.71356417039287,-14490.0,4311.360788286701,1.4774265145972167e-5,-246.20209386004643,80.22850904409401,-96.51704516665177,6.770755993642513e-8,4.251902260965855e-9,-2802.3039521839646,-17.56622095397299,-1229.0,404.81605247250553,8.792186150990952e-6,-0.0026434200303667313,60.23871268506432,-74.50660487378617,7.750696984904597e-8,4.197772557614554e-9,551.2631416608529,-10.808667389819004,-931.0,12026.73491369178,1.00173335747181e-5,-2657.7950196511865,117.7772050754105,-177.50802562860622,7.676424717316135e-8,4.1978942842548445e-9,-7379.191500807164,-87.01758280966922,-1843.0,1511.887894801304,1.0168076715350789e-5,-307.74522126049754,13.74495268296813,-18.782690848190423,7.738948219910033e-8,4.209128062874068e-9,-981.4799550304459,-6.624990586068712,-211.0,3331.879720374939,1.4566615750763594e-5,-1166.6908027515537,72.08954431650693,-105.4433517215656,7.727156563532432e-8,4.206180025547557e-9,-943.9408113484537,-50.89431351315309,-1137.0,418.13534625264987,1.0097954550592288e-5,-0.008289321238323127,133.58607808039977,-204.54403997443518,6.752687269362437e-8,4.259531821820256e-9,1760.5291352577626,-72.69824045530912,-2035.0000000000002,5119.782887920693,9.860552331521483e-6,-12.219961933414512,453.76040670500066,-927.424746719744,6.801450231141275e-8,4.2623312981805245e-9,3087.2894628115646,-10.188058695999104,-7711.0,231.74812885650374,9.046810726075445e-6,-0.00020851152990742258,164.43765915121634,-243.52977527643236,7.67389800730111e-8,4.1959887376273125e-9,2300.9771424202913,-26.632955758220348,-2427.0,24963.180700724046,2.591405003173659e-5,-5071.625412541402,1522.7927436007074,-1861.836085074672,7.299756124663253e-8,4.170976209061209e-9,-1919.9999729967417,-19.51199967047789,-17613.0,61032.502072075586,1.3197787208812894e-5,-66.46135157089086,5225.310985438348,-4430.6799433593205,6.874019475586075e-8,4.233571627503873e-9,3109.9997203334337,-50.671496233169286,-64819.99999999999
t64,13026.80216201649,1.503679920177281e-5,-1829.9997485843635,1389.1487625507818,-1410.0952707257272,7.714061521940362e-8,4.209087546819551e-9,3216.857644340985,-34.7135647006932,-14358.0,4354.086916385133,1.4331036558708205e-5,-242.2956354734996,78.4759125280762,-131.8930867585965,6.77365351558463e-8,4.252233381324396e-9,-2816.7688449391453,-17.605276135302425,-1224.0,404.7874961555471,8.394647880448385e-6,-0.002624596665799363,58.21600103553374,-102.89848563934414,7.755035066429542e-8,4.198239712867199e-9,577.6885148510243,-10.790910274036094,-927.0,11143.919351896215,1.0225655370873423e-5,-1191.8294282805202,115.63393978137053,-240.04166092035973,7.69921683770473e-8,4.199278999300945e-9,-7901.3040284812705,-90.3781843003531,-1836.0,1510.1086522960454,1.0514445935039508e-5,-225.33244993831542,12.972303878181764,-27.878861472308362,7.761531439319592e-8,4.210674889869712e-9,-1052.7635008935238,-7.106154457744312,-210.0,2897.861471761581,1.450670916203901e-5,-1166.6911140316852,70.63597826874687,-144.8709797208009,7.746475264135786e-8,4.207586426395815e-9,-470.5000365338452,-54.43533432101019,-1132.0,418.1417428678624,1.0114594566727786e-5,-0.009455418662182847,132.27264902885938,-268.44256764274013,6.77008391546176e-8,4.260484992817166e-9,1818.582631821765,-73.54501082868319,-2027.0000000000002,5120.663294737126,9.80461727295024e-6,-18.060198902497717,485.92896643516946,-931.8255531805067,6.819746329676895e-8,4.262926910960724e-9,3034.3066965048315,-10.013215425608072,-7681.0,231.74812711544226,8.693611708840173e-6,-0.0002715229892552891,158.32499434337393,-348.9242224952083,7.643827548278119e-8,4.195482946305344e-9,2403.901162806708,-27.049799013528734,-2418.0,22967.809476348662,2.6832641452775062e-5,-2667.321616811052,1576.6250257508034,-2199.6009419497395,7.277002801955506e-8,4.170919754945286e-9,-1919.9999705810335,-19.511999634519217,-17738.0,61354.60651498731,1.3296254983462748e-5,-47.06154703376843,5340.166658405727,-5133.039874428598,6.88890741569058e-8,4.234955779298771e-9,3109.999731103505,-50.67149640166949,-64574.0
t65,12159.758574513035,1.731246043604966e-5,-724.9020782261504,1587.2925804745482,-1587.2929550475405,8.420636484998563e-8,4.020745112878879e-9,3216.8574237724965,-34.71356285785012,-14617.0,3605.121528034331,1.6484742465402883e-5,-0.00025950866588629937,93.98016553811709,-93.98038872093468,6.781489154913063e-8,4.250835771852613e-9,-2356.757816017692,-16.363245872282892,-1232.0,404.7589357524445,1.0002794865806427e-5,-0.0001307953559000934,70.57432432653964,-70.57455245838207,7.787193942772918e-8,4.196452074492195e-9,534.8089194946899,-7.567506396048494,-932.0,8568.34014998811,1.06444266821974e-5,-0.00014246066103994665,149.19191898475165,-149.19210344067085,7.77717193117851e-8,4.199708332147805e-9,-6652.178307793955,-68.16152597272601,-1848.0,996.0666336837011,1.1056922993069956e-5,-0.00014791758143482462,16.846322702361768,-16.84651711936695,7.842502337388515e-8,4.211654996463544e-9,-779.8026339610863,-5.263668520059226,-211.0,2187.291661335115,1.5236102722687333e-5,-0.00022586340467466466,90.81047904709773,-90.81065999008949,7.82783548364949e-8,4.2090775889590825e-9,-1003.7878340954909,-43.50343574262866,-1140.0,418.14815365567813,1.008721574615255e-5,-0.00014942059933539928,169.5820263872699,-169.58220927645613,6.818185670722087e-8,4.261140195958339e-9,1690.1052871941497,-67.25311868954957,-2041.0,5572.465788318387,9.74475038191036e-6,-0.00014058626643255286,617.4029554029675,-617.4031384780868,6.867949911264801e-8,4.262579251638352e-9,2163.674655197773,-7.140129623914677,-7729.0,231.74812954265133,1.021969468842341e-5,-9.063037929487748e-5,208.09972429393224,-208.09990577365537,7.677820408958251e-8,4.194291376494337e-9,2228.2668219270913,-25.014689651066416,-2435.0,19527.605637549383,3.25217028809677e-5,-0.00017619672459039945,1915.7848628446325,-1915.7848498701833,7.520113518761796e-8,4.177752134510605e-9,-918.8519421503141,-6.753564739824117,-18602.0,67252.68496628781,9.651715134344667e-6,-87.9536523101188,5462.6473405001225,-8400.975627377762,6.863102836236968e-8,4.231625217858942e-9,1877.665426432339,-29.06846304285681,-66075.0
t66,12618.893490270018,3.043858436326694e-5,-2.6176302895581817e-5,1820.4798768790415,-56.82029873468179,7.776267385173799e-8,4.206815885168194e-9,964.9383883252251,-8.491461089777436,-15339.0,2077.5417747295037,6.88035823761167e-5,-2.3313700151901373e-5,90.97286916793857,-55.7324521052589,6.806905825765649e-8,4.253940083731191e-9,-841.1112374434379,-17.670999903592573,-1254.0,400.19251539752145,5.92483554188207e-5,-1.1521682015874767e-5,67.38331303274033,-47.5418347829149,7.844137981155123e-8,4.198954730522073e-9,541.1119559949242,-11.145997444997137,-950.0,3513.105135579904,8.438571414128192e-5,-1.0973389643859273e-5,161.47589575951977,-19.556582190729532,7.86580464491436e-8,4.204033285672157e-9,-1706.281731445237,-68.74279117290699,-1880.0,734.2590884427894,8.792421254892821e-5,-1.1386535283707222e-5,17.17397008299618,-5.408730992124624,7.932799640343324e-8,4.215951435494771e-9,-527.4640213381509,-3.560382810933042,-215.0,1864.915115631505,8.222258544677969e-5,-2.078868872599048e-5,96.78181710907708,-15.102113519336504,7.91667983168682e-8,4.212777140774477e-9,-771.2670929288049,-15.327787804136607,-1160.0,757.81198896812,7.234216728750765e-5,-1.0526207708090032e-5,183.8917528969297,-20.248254824118558,6.877485587833499e-8,4.26620584356936e-9,1199.3002797047386,-43.75582862738143,-2077.0,5631.705172028564,6.789982258875524e-5,-1.0194573267515285e-5,681.2100295714534,-41.92608422411541,6.91792683360392e-8,4.26560354225355e-9,1600.291790555805,-5.280965697191878,-7866.0,231.7481540291606,6.245024945709162e-5,-1.071199427174578e-5,226.14800659600175,-22.07284334603584,7.744976763283587e-8,4.2000378532041354e-9,2050.4810873711676,-8.304456462485309,-2478.0,15324.828905439803,2604.8752869291625,-1.8170699088130315e-5,2125.0346291555734,-618.9291863086221,6.780829984037314e-8,4.2130335929929185e-9,600.0003861311509,-9.810003218873016,-20026.0,71262.57338747248,8.318754233087912e-6,-87.54066929464847,6029.7238405944845,-4106.0852644682645,6.84128630855911e-8,4.2292045124842664e-9,-3109.999804927381,-50.671497745654804,-69938.0
t67,13578.3049094656,3.853033966948056e-5,-2.2329739452793294e-5,2360.9311548520286,-0.00011694277274126683,7.802331895743351e-8,4.207675338085557e-9,857.3083531036679,-7.544316754383312,-16789.0,2194.602727108899,6.84089811149099e-5,-2.3583479447441564e-5,130.13859279088595,-35.72703635213918,6.811120467359306e-8,4.255304581525219e-9,-891.2080670315421,-17.80626140522144,-1380.0,404.7303654010619,5.9771461272045985e-5,-1.1639226359345855e-5,96.09628329038976,-35.7535327288572,7.845450261499477e-8,4.1995693248191436e-9,591.2080977089003,-11.281261880462822,-1045.0,3512.203885352852,111.32551707290453,-9.461187038033981e-6,224.21652375750915,-0.00014827541028039493,7.882242957455874e-8,4.2053945482864626e-9,-1707.2905470274839,-69.4552214538245,-2071.0,801.4649087668747,0.010982941991962938,-9.912960679959568e-6,25.896397977269434,-0.00012139235350193675,7.946343378500041e-8,4.217085564655853e-9,-587.4071594886204,-3.9649989695640713,-236.0,2478.5784810956343,0.00028962632186901806,-1.8396614541673166e-5,137.01808260792882,-0.0001355402000908545,7.930239056676686e-8,4.214066697692993e-9,-1318.8974523114648,-18.69924716104731,-1278.0,757.8183999438057,0.013045328461283794,-9.010429476692467e-6,253.46193532300555,-0.00014944517306454138,6.88863606900328e-8,4.267253453101179e-9,1324.4452563850389,-49.738478589907906,-2286.0,5557.829897455928,38.33981772480641,-8.695260903333967e-6,908.0512214359151,-0.00017123585864703043,6.930336997715961e-8,4.266491100102838e-9,2162.9168717537927,-7.137628476875473,-8660.0,231.7481947345049,0.00022696578474300848,-9.206227454713675e-6,309.4417392960886,-0.00015096903734672425,7.765180528557088e-8,4.198216761028265e-9,2195.083414616686,-9.273415510123714,-2727.0,15542.048406535216,2625.7312558169097,-1.698869741968048e-5,2629.99964598416,-591.9565794049754,7.600561624422655e-8,4.181553850931779e-9,483.8410561785704,-10.663768173031329,-20679.0,73480.33627423656,8.030056448355887e-6,-84.35379175783808,7405.377655509043,-3728.688824191375,6.872831169688901e-8,4.231413950777681e-9,-3109.999823887544,-50.671497999431686,-73912.0
t68,13580.009308576007,3.2599156116121886e-5,-2.2985417964339243e-5,2332.6723241468026,-0.00014312969415522481,7.807586235350567e-8,4.208418016542797e-9,681.3140676123694,-5.995566849828429,-16588.0,2216.7101740303688,7.256048580292244e-5,-2.2777272516916906e-5,131.97623678790768,-41.02673615353659,6.814166481047944e-8,4.256026209210007e-9,-896.838261521972,-17.821462988421274,-1393.0,404.7018210721222,6.306549786688313e-5,-1.1221111876137697e-5,101.34931196201686,-36.59302804864179,7.849075401262041e-8,4.200329794001104e-9,596.8383064816079,-11.29646338754596,-1055.0,3532.775311856163,1925.1802789388698,-9.935691478093587e-6,223.886204961864,-0.00017363798369606648,7.882520976456304e-8,4.206198327182755e-9,-3512.926716196384,-78.91489606199495,-2090.0,833.6151884552884,0.010042235431291253,-9.992302862673263e-6,25.858512389776028,-0.00012378012171176551,7.947789958855749e-8,4.217939470447466e-9,-616.3234255474812,-4.160183838823966,-239.0,2475.2053783102756,0.0001792048349899645,-1.9626789620243823e-5,136.81823154557253,-0.00015833916704004864,7.929423166273639e-8,4.2148548507770105e-9,-1285.5363839386614,-37.48722723700809,-1289.0,757.8247931724982,0.009319941613622032,-9.850398418680484e-6,253.0864648235205,-0.00017665461566422586,6.884998429063948e-8,4.2677244591689914e-9,1364.8324098597197,-66.75280135803234,-2309.0,3098.5316574994067,50.40172468726919,-9.433581252018201e-6,906.7214222300128,-0.0002071360927343817,6.92659204475108e-8,4.26696667989236e-9,4698.85162506621,-15.506212951821482,-8739.0,231.74821355275174,0.00013528675380279244,-9.860510900952121e-6,308.98735316865674,-0.00017843017189089457,7.7677579829575e-8,4.199213234512028e-9,2225.740380438768,-11.475894229263005,-2755.0,14929.7674285255,3415.1577404890054,-1.7070041139843943e-5,2617.760337400943,-520.4405615786891,7.612831183225887e-8,4.182396717631034e-9,-145.95217930688298,-15.292748506361137,-20281.0,71388.10940020382,1.0604847435369401e-5,-74.63821016028285,7806.480260297383,-2658.2801400043977,6.88868613743827e-8,4.232815171648111e-9,-3109.9998229472944,-50.671498002652044,-73301.0
t69,14083.678319670465,2.1743468613237944e-5,-3.397504774872647e-5,1989.9348033545914,-81.6774698948421,7.791960746197977e-8,4.205149921110143e-9,-197.3698313003953,-2.5658096728023603,-15792.0,2201.672934816832,6.977097430947432e-5,-2.338360351756932e-5,118.59565644139127,-41.36883469952717,6.809707167379127e-8,4.254357612199608e-9,-911.0399953127255,-17.85980769526047,-1350.0,349.53945388186884,6.085647754844759e-5,-1.1652443640939e-5,90.41032478643564,-17.655642359364382,7.863873447124004e-8,4.198374592475339e-9,611.0406199899958,-11.334805579304605,-1022.0,3451.955363306205,9.19636994718027e-5,-1.095790677014553e-5,188.79575851247677,-26.00596135906276,7.893380045045452e-8,4.204277867602088e-9,-1522.2714850828556,-68.47375643790207,-2024.0,806.0296169764226,8.56770504649788e-5,-1.150789759771372e-5,21.75834166308552,-8.435454860837003,7.959512523319324e-8,4.2161955123640496e-9,-583.4145292946084,-3.9380487298389295,-232.0,2081.4108555517005,6.917457797300176e-5,-2.1451998387314362e-5,115.27712613767595,-20.054573784894398,7.939371020427438e-8,4.212921425289855e-9,-914.9526654082522,-11.680790294815294,-1250.0,757.8312012400049,6.849960313146904e-5,-1.0542642463251414e-5,213.4603276692262,-26.912404576546727,6.879415277744544e-8,4.266322289843261e-9,1343.603394668039,-51.98257702252553,-2236.0,5303.309750290338,6.352326261088228e-5,-1.0149427345928786e-5,768.0553300982762,-60.873703974597724,6.920954079644835e-8,4.2655092145614524e-9,2468.655134929618,-8.146564794890692,-8471.0,231.74815675476665,5.046777203206276e-5,-1.0736926772129932e-5,260.76828040138764,-29.52503619954718,7.770839005154653e-8,4.196942900754064e-9,2215.748807361336,-10.74024812145022,-2668.0,15687.420017780372,1699.7026495385337,-1.647226270830832e-5,2302.2138525588252,-769.5268667095269,7.616255560017313e-8,4.1805406960524265e-9,600.000366644034,-9.81000338942409,-19510.0,71851.70578936576,8.013470176618472e-6,-83.10645445604594,6440.500490995427,-3561.4285188845174,6.881599364080697e-8,4.230921766387726e-9,-3109.9998171941847,-50.67149786871279,-71487.0
t70,15473.524558106512,2.0483447219484166e-5,-3.6424941837341165e-5,1691.3823882853155,-451.35747703725207,7.78704038923698e-8,4.2057376406111324e-9,-1590.2498179457089,-20.299635525207695,-15103.0,2164.0023241274152,6.960385883359021e-5,-2.323814096457386e-5,106.78551800311779,-44.45247740223021,6.811655563510982e-8,4.255074640435487e-9,-900.5040505102265,-17.831360648798608,-1308.0,353.9345736571248,6.028053748659777e-5,-1.1575028787783255e-5,80.7194517420034,-33.85242071988068,7.868426591983354e-8,4.199227486061673e-9,600.5047049399876,-11.30635840107767,-990.0,3373.9981664465877,7.667800495171054e-5,-1.115915832990333e-5,161.4099926295408,-68.46393900853471,7.897553290248285e-8,4.205207084330213e-9,-1437.4050789832324,-67.53920670347205,-1962.0,760.9755047268632,7.932860092548484e-5,-1.1498269810916374e-5,18.630073107482755,-11.421663831628418,7.964020858463194e-8,4.217141071005953e-9,-540.5353675188334,-3.6486143919577128,-224.0,1427.7378125609523,6.476422871370845e-5,-2.172261653550419e-5,98.60961793979173,-47.23706065463591,7.942977356958364e-8,4.213819454437266e-9,-262.44415690726845,-6.666256059472695,-1210.0,757.83760224961,6.37353716202025e-5,-1.0917042199831461e-5,182.46614573139365,-73.03242722705401,6.879713052028993e-8,4.266964742514219e-9,1357.4689634760368,-57.740337114803225,-2167.0,4640.962183010568,5.956451976533045e-5,-1.0507214493639961e-5,655.2562808632051,-133.8345342948581,6.920929783032396e-8,4.2662195960789385e-9,3053.6932117517485,-10.077190415468392,-8206.0,231.74815744975666,4.7895054631856223e-5,-1.0782537906647748e-5,222.82297411548893,-83.21075279059508,7.774342041013928e-8,4.1979343160971245e-9,2229.470946801571,-15.831362762100106,-2585.0,15569.863676243518,1450.6480483698613,-1.63227484703955e-5,1949.4129162238753,-833.1150833864298,7.620076432311279e-8,4.1815405142252895e-9,600.0004625900501,-9.81000376966701,-18727.0,71680.42054694224,8.147613733264835e-6,-86.67427716726722,5298.370161545446,-4906.445123901995,6.886765797114186e-8,4.232486220501147e-9,-3109.999817694125,-50.67149787152826,-68825.0
t71,16128.493386652071,2.0779790288873644e-5,-3.5800787278316896e-5,1369.756019515716,-1677.7985383256373,7.783610875307445e-8,4.206490492102733e-9,-1585.2144117164116,-20.236441148182287,-14215.0,2151.658385033625,6.907456676676947e-5,-2.3284741456304167e-5,86.5612918825165,-38.77343177331085,6.81388032345818e-8,4.25591763477619e-9,-925.5473135479651,-17.898977447712873,-1256.0,276.38273453801196,6.198556595657346e-5,-1.1684272889779923e-5,65.77858193737252,-4.335393794756578,7.874549746291187e-8,4.200214663001937e-9,625.5480019722808,-11.373975030671962,-952.0,3369.4634671533427,7.530993998234952e-5,-1.1114270491786326e-5,131.4168233137532,-96.09337544823194,7.904262929668296e-8,4.206287946260195e-9,-1452.5611450518134,-67.2258342357753,-1885.0,720.4882478542365,7.716722073298009e-5,-1.1605078663292444e-5,15.178103364132463,-9.748719046579511,7.9683946438397e-8,4.21813096622839e-9,-507.49212531151824,-3.4255725007343014,-215.0,1424.1007623506548,6.455927339632196e-5,-2.1487171972967143e-5,80.31085505782062,-51.84281195823813,7.948699371755769e-8,4.214803934011416e-9,-282.9781012614662,-6.590747340095127,-1163.0,757.8440022033369,6.266726699356562e-5,-1.0860564018716305e-5,148.55537394743118,-114.99416896186328,6.882111425950701e-8,4.267775523789918e-9,1348.3141124289812,-57.7193714896988,-2082.0,4893.804951147436,5.858321046065779e-5,-1.0476522905246432e-5,532.2356565792849,-581.6512225979205,6.922977325373685e-8,4.267086015353115e-9,3053.68773908277,-10.077172366818267,-7888.0,231.74815871203143,4.730486032050722e-5,-1.0645277301067776e-5,181.37090193501461,-150.5028183869704,7.779324255677526e-8,4.1990363858054336e-9,2236.2425096686943,-15.85878866162431,-2483.0,15716.975709743123,914.1225265644165,-1.5951990437346673e-5,1527.312587339298,-1122.6013558045654,7.624229898172955e-8,4.182698355102917e-9,600.0005525168914,-9.810004458318305,-17626.0,69972.38202605172,7.905624937299971e-6,-90.20459145203533,4147.416217970716,-5339.9223439174675,6.891250553581334e-8,4.23429226715989e-9,-3109.9998187804435,-50.671497883432956,-65529.0
t72,15316.489726760141,2.0830488924973464e-5,-3.555298990372563e-5,939.5794284877277,-2160.663513643975,7.781474522453988e-8,4.20735302739169e-9,-1052.8503547883247,-13.55527228691678,-13029.0,2093.3841248704302,6.76840240405455e-5,-2.3333984185201453e-5,60.002846378774656,-46.10315825293994,6.816519599433037e-8,4.2567430690651645e-9,-903.4445574186411,-17.839299992698084,-1186.0,287.74147894839035,5.8754441685659496e-5,-1.1709567802409293e-5,45.45630349370614,-26.328745640240527,7.881505883112845e-8,4.201278740791366e-9,603.4452137871857,-11.314297710161682,-899.0,3368.013079298588,7.482078052803071e-5,-1.0939695961234365e-5,91.12434244301686,-200.7326523519905,7.912240962825672e-8,4.207437111855835e-9,-1411.7523009697861,-66.65253237628744,-1780.0,683.9698991617406,7.455357039938596e-5,-1.1990225602099321e-5,10.524472160441787,-10.9069180177165,7.972596089138347e-8,4.219119346591234e-9,-476.3720042590772,-3.2155116874955483,-204.0,1425.2223536686777,6.488517324926216e-5,-2.106511527872243e-5,55.68851205342884,-114.84435414569192,7.956611946267754e-8,4.215837999668356e-9,-262.35732789210465,-5.709227581721039,-1098.0,757.8504002745575,6.243885129415207e-5,-1.0672589898974586e-5,103.00710556061863,-230.6209397182954,6.884820731111538e-8,4.268570933086744e-9,1384.1423163357297,-48.37893428558192,-1966.0,5623.329908117991,5.81434668749224e-5,-1.0361164578383837e-5,369.0568413178037,-877.9977417953294,6.925148681050014e-8,4.2679122532089114e-9,2340.334049728623,-7.723105218908643,-7447.0,231.74815984299323,4.6983448678365925e-5,-1.061590108881892e-5,125.76336603372789,-285.2937377609859,7.784214343408713e-8,4.200097568118692e-9,2288.854043000272,-16.07186755710916,-2345.0,15485.767060857665,676.0098679805108,-1.566377417906743e-5,1023.3535269246465,-1443.3211719217777,7.629534832891985e-8,4.1838911558080525e-9,600.0007375973131,-9.810005829994003,-16332.0,67680.43820486097,7.766948740233426e-6,-94.61637329328013,2827.9782508685275,-5914.128777326561,6.89596859003703e-8,4.2362915845971486e-9,-3109.9998151211894,-50.67149784125505,-61339.0
t73,14534.70203886933,2.1285070626382493e-5,-3.593758403685807e-5,475.33816827588754,-2336.9182900988562,7.782427730668637e-8,4.205187199021699e-9,-879.7391755920078,-11.382726983429656,-11782.0,2043.1264066307979,6.763495764284359e-5,-2.312742509134046e-5,31.9327171459716,-79.21928798323097,6.816274487590618e-8,4.255575571603845e-9,-863.1094850856634,-17.730395278547086,-1115.0,234.64275968781158,6.02215542734511e-5,-1.156303719419003e-5,24.16883297749452,-89.42980210928619,7.902089203582553e-8,4.2001012216755015e-9,685.2434207052314,-10.625259996756602,-844.0,3398.0706055072537,6.455177354681383e-5,-1.1072501579404999e-5,41.16174688718542,-241.9729687698161,7.930982918573801e-8,4.206261413277074e-9,-1459.1922699611403,-65.06716721833195,-1673.0,645.8112446839777,6.5355224447836e-5,-1.2282087844859005e-5,4.4381171626454465,-33.24411052236959,7.991822871556485e-8,4.2179144853217844e-9,-423.1490476869791,-2.8562567885754095,-191.0,1404.676554891603,6.0628555901125645e-5,-2.1042890586696287e-5,24.39983845962957,-154.15397641235515,7.97196157738134e-8,4.214325143215651e-9,-239.702404916655,-4.220051686394201,-1031.0,757.8568020186311,5.4269645104952894e-5,-1.0936720393309628e-5,47.093413873774324,-270.88516883674527,6.883915888388481e-8,4.267690707213519e-9,1358.3221197765708,-44.38721022884713,-1848.0,5706.373151569365,5.0717072255700496e-5,-1.0634113102151282e-5,182.98505210411813,-921.8337807893084,6.92302817725538e-8,4.267058974219324e-9,2033.185050536611,-6.709513584909977,-6994.0,231.74815893984135,4.3487662296515386e-5,-1.0921540725703817e-5,57.78569167962717,-327.6420417976396,7.792997042242648e-8,4.198459258615154e-9,2258.508932347779,-16.400773808959062,-2204.0,15575.005028907954,438.77060684539475,-1.5351090174331177e-5,504.5015092922336,-1879.8084982553892,7.633694303955078e-8,4.182450953269512e-9,639.6326689903138,-10.10130048209296,-15268.0,65070.88796147994,7.832496995180684e-6,-97.03469261861186,1484.58217814268,-5694.764148029179,6.891485387762808e-8,4.235292597232447e-9,-3109.9998091140606,-50.67149775581048,-57603.0
t74,13559.544225690717,2.1867506066543677e-5,-3.582870641981134e-5,191.89479322002995,-1964.981215589125,7.785830652168003e-8,4.206357052934207e-9,-981.794271077031,-12.663518393246488,-10792.0,2030.8957656672537,6.888839450506529e-5,-2.2545218914627584e-5,12.983315849069376,-102.39816516464401,6.821105547826229e-8,4.256717333851105e-9,-877.7111430051515,-17.769819753795332,-1046.0,215.41099244418353,6.106430083292272e-5,-1.1233323869641904e-5,9.833001882905513,-74.02732312032073,7.915249694203286e-8,4.201589709114214e-9,651.6767628943949,-10.893484008994747,-792.0,3362.7035085960883,5.939050865663354e-5,-1.0995405139752078e-5,14.667839751024367,-198.30155874725554,7.94314303327999e-8,4.207710481081711e-9,-1544.264961877544,-65.804876200144,-1569.0,614.7880999498196,6.217327392435212e-5,-1.169266352869749e-5,1.6803553010251657,-24.451691644247084,8.003745303481579e-8,4.2192709042553e-9,-409.25434667874396,-2.762467487112758,-180.0,1399.261931203661,5.868181938237043e-5,-2.0681744906108338e-5,8.847717662009243,-123.90871067173643,7.982691083863506e-8,4.215522764945821e-9,-310.314459031454,-5.886517239299622,-968.0,757.8664019414142,5.194575452842099e-5,-1.0853723334826844e-5,16.89109418675337,-222.4635351299987,6.88686683888494e-8,4.268692120691968e-9,1229.5189610291181,-48.812963185533334,-1733.0,5738.00021058328,4.8620187462988985e-5,-1.0563713984050253e-5,64.77521439726688,-769.3922191890971,6.924547814712305e-8,4.26807379832276e-9,1530.6679651712377,-5.051209078783011,-6559.0,231.7481594958808,4.323815444515868e-5,-1.0691775561271193e-5,20.569394942648394,-287.39330652653854,7.799656707737807e-8,4.199799940763971e-9,2131.93283116068,-27.85711169168995,-2069.0,15606.24537180811,116.50915035356505,-1.4443600535322766e-5,180.41854426800313,-2998.8973789255156,7.644060039731116e-8,4.183917039368154e-9,1689.5424643321871,-17.818137445156395,-14576.0,62767.273835144275,8.68000457968298e-6,-90.22292812306186,642.7327538508665,-4717.112368996996,6.900974692748635e-8,4.237158006229e-9,-3109.9998029176936,-50.67149768453758,-55442.0
t75,12959.765815767425,2.2875885356140086e-5,-3.490399807142519e-5,147.0066556181203,-1619.5868540605254,7.784769226596336e-8,4.207402484750112e-9,-1096.0877052810458,-14.097901100564087,-10377.0,2019.9375084013268,7.456749190571903e-5,-2.2326900549259546e-5,9.786017328485308,-103.47026596879336,6.825020368042419e-8,4.257138598098275e-9,-902.4167871569998,-17.83652491115861,-1006.0,240.1513241593645,6.510761776777217e-5,-1.1079691460543157e-5,7.413000905116901,-78.02503356476049,7.89449352111132e-8,4.202646034753326e-9,603.7657727528951,-11.305118357059188,-762.0,3304.347364566863,5.77457174458985e-5,-1.0937214321883217e-5,11.123686432121495,-212.09730482021993,7.922410934460698e-8,4.2086091562109445e-9,-1527.0399213116884,-66.33387175421035,-1510.0,593.3878950235536,6.077386405277711e-5,-1.1518128880191149e-5,1.307504402968652,-17.840229900339118,7.976927488678316e-8,4.2197254522630736e-9,-401.14747277190827,-2.707746087375025,-173.0,1398.4411093550707,5.83949942347757e-5,-2.0397704529947777e-5,6.786501544795465,-121.11420707740652,7.963180697126544e-8,4.21628423905689e-9,-346.5205884780604,-6.59285341835519,-931.0,757.8728048437725,5.108188930061541e-5,-1.0770292659297628e-5,12.738093426013634,-248.2988439855801,6.887295633002885e-8,4.268779135418337e-9,1199.1925510515023,-51.50464571142479,-1670.0,5658.225114224413,4.78330809691174e-5,-1.0484413191883772e-5,45.60466444760147,-1094.6532788070324,6.926803183741766e-8,4.268513773738179e-9,1709.4646993489025,-5.641236595985971,-6313.0,231.74816019850712,4.3373826964930304e-5,-1.053344629795132e-5,15.76791184304489,-232.78478132033416,7.805846300620627e-8,4.200795855185057e-9,2007.6018006386303,-29.33312427301815,-1993.0,14614.704669605839,113.812312363514,-1.400230628844991e-5,149.00000952436648,-2307.6099994071988,7.654486163243159e-8,4.185500479105416e-9,1863.1874499602566,-19.094428088635443,-14414.0,61101.40305556198,8.96176736178642e-6,-91.54335305856414,445.43432366243843,-3440.6227387965046,6.906334976998123e-8,4.2384593261148724e-9,-3109.999798752484,-50.67149764989934,-54854.0
t76,13252.84301826602,2.354685816223226e-5,-3.406487780113808e-5,105.81613701493099,-1324.5361439690969,7.784206445513888e-8,4.208587467994637e-9,-1907.9280192412862,-23.194982116496615,-10103.0,1989.5979444288014,2.9883815864530864e-5,-3.612809460871026e-5,6.874472509470891,-102.07224917492529,6.810229984155977e-8,4.257487238104146e-9,-896.1549221241532,-17.24523945960849,-981.0,269.0410660719623,2.206056813439911e-5,-1.7721874075257393e-5,5.211919102695198,-78.91664889239664,7.878914421367985e-8,4.203385567180645e-9,558.8575750631195,-11.193915759155976,-743.0,3251.1557190332564,5.892742834195768e-5,-1.0660851589327085e-5,10.319566901356232,-108.57490482534114,7.929491747667049e-8,4.209997575675125e-9,-1613.6437237965793,-67.256705659479,-1472.0,621.7312250115367,6.248416222911905e-5,-1.1147712876357832e-5,1.1944801759639692,-10.777930139357748,7.984040638344701e-8,4.220916843034115e-9,-441.16992879366967,-2.9778976680530906,-168.0,1404.051725144434,6.006680862144825e-5,-2.0055758013480418e-5,6.310312124973362,-62.655684106547234,7.968232077093096e-8,4.217372260939137e-9,-428.10232860110875,-12.604064649810399,-907.0,757.8792065365042,5.1113233168599036e-5,-1.0547351769588365e-5,11.660934692531594,-122.38559441245262,6.889985892753613e-8,4.2696916305352835e-9,1044.513972049629,-64.66855949948435,-1627.0,3626.3108827208116,4.823123098895437e-5,-1.0192928984618469e-5,41.73992252531077,-472.9009187019809,6.929634975586683e-8,4.2694935743500956e-9,2960.620124677325,-9.770049310209249,-6146.0,231.74816129156136,4.487263283570282e-5,-1.0145246346006139e-5,14.236151457316517,-192.26525679062743,7.812990453685646e-8,4.2021560539302985e-9,1918.4136606176592,-29.132751376691633,-1943.0,13555.675437459962,119.88650876057842,-1.3956850327208822e-5,127.64624633950311,-1238.3061146962339,7.664642972058414e-8,4.187158354406698e-9,1877.2960624779328,-19.198126432410074,-14423.0,60005.00598892243,9.250665249747783e-6,-89.72523039002527,322.1767036543425,-2279.5571770947113,6.914120014706403e-8,4.239844609695947e-9,-3072.702472328868,-50.19782203350132,-54835.0
t77,14095.220142267235,1.6006763293981073e-5,-2.0584526968760595,24.700048527574133,-898.2903169503755,7.761332399224042e-8,4.206057504872087e-9,-3216.857870206072,-34.713567019269874,-9968.0,1976.771198027085,3.1398035742682705e-5,-3.52342908268645e-5,1.61285752574011,-55.287055269659916,6.811192952203968e-8,4.2567099989624705e-9,-941.4205396739659,-16.676456837975255,-965.0,222.8783795669356,2.3646602233434112e-5,-1.722708584360395e-5,1.2252933266744839,-41.16176657101299,7.891697569684843e-8,4.202825040234057e-9,559.2530708113077,-11.19498362882538,-731.0,3209.134957729198,6.560185580302234e-5,-1.030197438860437e-5,2.410357244612173,-52.28216767843058,7.943393608835204e-8,4.209182564891341e-9,-1643.2396669943303,-68.02353568156512,-1448.0,667.8451020037992,6.885889374823984e-5,-1.0760762846712103e-5,0.28125534813405556,-6.30590172027107,8.002354350670952e-8,4.219986713716129e-9,-493.48945930952766,-3.3310544978847654,-165.0,1413.4988278516942,6.730458936716894e-5,-1.9358923976825393e-5,1.4777789118034361,-32.4440999251963,7.979970795066781e-8,4.216165202162637e-9,-458.0398629299869,-32.492691929661184,-892.0,757.8856075112875,5.405240420527012e-5,-1.0217666094284453e-5,2.7203680606490015,-57.01438755810351,6.891150122790483e-8,4.269008072606128e-9,974.8468566176283,-77.43848853199849,-1601.0,1577.0513656107546,5.1119134238371276e-5,-9.792697300743627e-6,9.715369830638481,-116.61000966479634,6.931052777278242e-8,4.2688521743559e-9,4590.993514272272,-15.150281436880903,-6046.0,231.748163188288,5.018914214548393e-5,-9.654596521639416e-6,3.3226158554735985,-85.15565991711743,7.824464432720245e-8,4.200786571498934e-9,1790.5621746719182,-28.477334406346245,-1912.0,12878.94120516391,159.3957691286165,-1.4314090112940446e-5,29.487285746331146,-403.93898459332956,7.669380108315454e-8,4.186645060700978e-9,1865.2241366645028,-19.109397843331717,-14510.0,59557.193168032696,9.622108717699069e-6,-81.06564849346486,93.14351201082675,-1260.8107158080213,6.914477863957981e-8,4.238583287198898e-9,-3027.8323539237463,-49.62797155378866,-55231.0
t78,14497.086769526533,1.6700068492027875e-5,-658.3911789634243,62.89111176036467,-578.0152927478485,7.753824481528856e-8,4.2071551878676906e-9,-3216.857859399892,-34.71356692954037,-10072.0,2000.0592843132815,3.1736556182349026e-5,-3.5192591844285824e-5,4.211586686199424,-22.633839416195105,6.809955732321113e-8,4.256993737744196e-9,-1002.5671406514263,-16.069887540934875,-963.0,184.15411332506883,2.4062360358067314e-5,-1.7433768169014587e-5,3.193963564146348,-16.414836677972538,7.849595933352841e-8,4.2032734649749965e-9,570.2915406123063,-11.224787525824377,-730.0,3201.817032529877,7.750113817418545e-5,-1.0152506463975637e-5,6.280075613195313,-17.09662921707638,7.905348304159879e-8,4.2094202396266354e-9,-1677.168048300463,-68.83249805399888,-1445.0,718.3423367183532,7.864992054045002e-5,-1.0640405443828669e-5,0.7284972072496437,-2.8497060455794028,7.969822265047861e-8,4.219914394904162e-9,-547.5253988818132,-3.6957970836898055,-165.0,1425.2837540943187,7.714610736724432e-5,-1.919837563187889e-5,3.8434003144535906,-12.117988018112113,7.94467646533334e-8,4.216498378256066e-9,-492.3873664712932,-33.62185794207778,-891.0,757.8920077901004,6.048118686750614e-5,-9.96599654467685e-6,7.09221787070553,-18.24752307019694,6.890486537981171e-8,4.268879386813272e-9,929.5484746720813,-78.28522784093863,-1598.0,769.64720326553,5.784418138110375e-5,-9.505244035197392e-6,25.379332811632544,-25.965784247167857,6.93556386303008e-8,4.2695356822842004e-9,5280.3644051048495,-17.42520533797437,-6032.0,231.74816498543785,5.688935470475467e-5,-9.405435575279732e-6,8.659590859812642,-21.86476576084004,7.824093223269575e-8,4.201294632242308e-9,1712.5595442813735,-23.10258192333374,-1908.0,12123.342476230075,1435.7980959670983,-1.5838414026039123e-5,80.32069325179489,-129.07954360021347,7.651030397656111e-8,4.18976056840218e-9,1421.4660700730262,-15.847776136499975,-14916.0,60510.71204336315,9.53759892582111e-6,-74.98599813526177,176.43637993600845,-785.4466154236316,6.917651029149656e-8,4.239630277962719e-9,-2977.7242210387494,-48.99159830105886,-56800.0
t79,15064.425534370288,1.6714443205623463e-5,-1285.8557926731137,137.38175050443002,-254.3801143649252,6.776362942105161e-8,4.24379477404377e-9,-3216.8578276704397,-34.71356691813867,-10410.0,2051.655554392219,3.3397567350803455e-5,-4.148665070847303e-5,9.429953381177736,-8.960014843999405,7.908454084438029e-8,4.133316263418805e-9,-1055.717606967993,-15.407877953841709,-981.0,182.52457717619015,2.5674046999543284e-5,-2.5018372595207834e-5,7.139201407696579,-6.5724719345338505,7.710486555754964e-8,4.19053916976119e-9,571.1357597613112,-11.227067146361524,-743.0,3163.6154361816025,8.72071923839355e-5,-1.4652726388928602e-5,14.14259609585103,-10.780867820241394,8.315743572701923e-8,4.209068584321835e-9,-1625.9588623971088,-69.01837470000264,-1472.0,756.8819413878037,9.012613097531685e-5,-1.5106988695991528e-5,1.6338452242731338,-1.3724026740557531,7.061397692128156e-8,4.2409760560067295e-9,-585.1934026656444,-3.9500563647981775,-168.0,1434.5447999941257,8.794063850537638e-5,-2.574881706027467e-5,8.645813488699487,-6.715507435247693,7.885342683153235e-8,4.238404988635847e-9,-495.97741934674167,-33.49774897501094,-907.0,757.8984055773358,6.704273242211078e-5,-1.449348951270348e-5,15.98385142808394,-12.561416168019575,8.424774674042758e-8,4.204723484258173e-9,944.3449032991466,-77.66579677183951,-1628.0,232.8597442466029,6.653985470724383e-5,-1.4544186696823989e-5,57.289086865817694,-27.018913555895818,9.141813172862076e-8,4.138502067192194e-9,5898.334537961558,-19.4645075995315,-6142.0,231.74816432995885,6.814298363272434e-5,-1.3910700977798802e-5,19.520697774881068,-15.39699116854266,8.625087152370266e-8,4.18874386446275e-9,1726.7990148016684,-15.670940059543208,-1947.0,11462.88397872427,3353.339823188432,-2.0488656629853952e-5,182.29660704221982,-120.01010938385167,8.476197324548228e-8,4.025473514454457e-9,764.5088615729534,-11.019140726835431,-15632.0,62731.47029148403,1.3749817047678126e-5,-111.59057242662152,418.1263013513542,-859.2607666816086,7.923365819851211e-8,4.042425360894446e-9,-2925.417958348709,-48.32730914253808,-59205.0
t80,12483.96100560842,2.9700628251063474e-5,-3.075098875263245e-5,264.63115831853094,-4.435009479079072e-5,7.768179546102618e-8,4.209697154475253e-9,-1824.1345192212436,-22.457599364690314,-10902.0,2097.72491743771,3.2114883186616523e-5,-3.594649854652018e-5,17.470269764485174,-4.321396094289571,6.789217979773739e-8,4.254382940627552e-9,-1102.06655089688,-13.807236445414715,-995.0,249.78617345903993,2.518028465706265e-5,-1.9031083533856455e-5,13.224474307901772,-3.381866732922475,6.756271959879615e-8,4.243439778776014e-9,505.42084943097507,-11.04963668014632,-754.0,3223.2193642231605,9.993583168628759e-5,-1.1208452637939074e-5,26.200204388013077,-0.0007762502304016361,6.798703754679627e-8,4.2473994974085555e-9,-1687.3173293254788,-69.10155182343527,-1493.0,737.7768724244614,0.00010523675600883863,-1.1648920975370788e-5,3.0270279903418342,-0.0006085413992025538,6.818094492898421e-8,4.258405344336442e-9,-565.9829996256619,-3.8203859036620713,-171.0,1724.4901502988728,9.361619632808181e-5,-2.0538890840211886e-5,16.018426153694246,-0.0007367830105900593,6.813216723597283e-8,4.25521541041371e-9,-804.8865997044994,-15.621313110879266,-920.0,757.9048030984054,7.119244068213522e-5,-1.045092968727735e-5,29.6098125921372,-0.0007870985480620721,6.86648310414327e-8,4.265853018032705e-9,931.7931547994075,-68.30704419968232,-1651.0,1097.8242230392946,6.89922509049081e-5,-9.918600990248922e-6,106.13772660507395,-0.0007978173395513673,6.90214287850202e-8,4.264845940564933e-9,5041.6763237572095,-16.637534700121662,-6229.0,231.74816542597736,6.98769977127047e-5,-1.0146977303066496e-5,36.16456364699741,-0.0007813164268603652,6.791133838064687e-8,4.242664781354428e-9,1718.8513467416608,-13.763354293642184,-1973.0,11301.126448170626,3805.926070006687,-1.8674310627246663e-5,337.2192385837098,-61.462177385139256,6.908220121611701e-8,4.263022732124962e-9,600.0004431035004,-9.810003850381987,-15973.0,64766.95770318665,8.971564061313925e-6,-90.61488976364954,865.0270077373226,-910.1116129181236,6.868913381547237e-8,4.246007278437082e-9,-2813.354119058989,-46.9040981860737,-61771.0
t81,13745.618381210043,1.60312019106484e-5,-487.948576907691,463.79447516564284,-60.249560676983215,7.708944910141966e-8,4.2065262310981285e-9,-2079.5098321085616,-24.704902825964034,-11557.0,2191.662987796688,3.082977963124626e-5,-4.2509257772312104e-5,30.612012085304578,-8.468807789325242,7.913495890547309e-8,4.167174263125863e-9,-1180.6185019438765,-3.1876785460473993,-1030.0,233.24605958437667,2.379001309577236e-5,-2.3644004595525437e-5,23.175175450958296,-6.410656902564022,7.696334695884746e-8,4.171361351832175e-9,537.233176797975,-6.2437551549007,-781.0,3710.1931698165336,2.2158592126386365e-5,-2.383459871640964e-5,45.9084287880963,-12.70317528993356,8.281576670752343e-8,4.156357420108909e-9,-2147.588189841745,-48.810231885504855,-1547.0,975.1132136928011,2.24827551148089e-5,-2.4246359374239254e-5,5.303755917436246,-1.4675940507746947,7.003715275243627e-8,4.174166118075856e-9,-796.5725086488857,-5.376865215867697,-177.0,2403.6076633288753,3.096005795929329e-5,-4.4553497345071185e-5,28.06582382795353,-7.766252194458502,7.857259915928079e-8,4.162149949444484e-9,-1455.0964638718597,-14.81075757586736,-954.0,757.9104648639641,2.1127292874102533e-5,-2.4332518795786377e-5,51.88478253912819,-14.356614533821363,8.39461787320305e-8,4.157668559974271e-9,985.475542825887,-69.9141725739663,-1711.0,1892.442022170706,2.0931608695518485e-5,-2.408061860376819e-5,185.968669217672,-51.45992997170671,9.099822333101547e-8,4.106412077402495e-9,4439.700255724929,-14.65101407759655,-6452.0,231.74814472199543,2.21513838240443e-5,-2.1957992831564235e-5,63.366717790521946,-17.53420965033022,8.58021321751094e-8,4.1414717617645724e-9,1789.5357783646696,-21.116431506470494,-2045.9999999999998,15000.259888328375,3.47565317264813e-5,-3.006194539440918e-5,598.1346813910131,-155.92392807216137,6.900484782559215e-8,4.25827930610939e-9,1219.8955865289522,-14.36623292341727,-16648.0,65278.59208539157,8.956974909706875e-6,-98.66551367511666,1521.686968925887,-1240.061422743506,6.86509331516793e-8,4.2450631082248715e-9,-1312.4548438274846,-23.097283059851424,-64126.00000000001
t82,13965.364920532036,1.1551740132408242e-5,-1830.0000009926941,477.3617587638045,-1344.1024245908943,7.714911935381172e-8,4.2061028597384026e-9,1396.6664022841405,-12.290667604593404,-12653.0,3424.3949964136127,1.3383751012093599e-5,-0.03057200093499483,48.85387154464425,-6.089058116156507,6.73163188375201e-8,4.248959608350038e-9,-2359.7579045359544,-16.371346753934805,-1091.0,304.90207338472106,8.46283915843785e-6,-0.0016597402975991517,36.993704001427304,-4.603687424275173,7.696628951735119e-8,4.1969411657136065e-9,497.47674556889245,-7.767184324942115,-827.0,9815.546881997916,8.626167332267082e-6,-0.0158091479639676,73.27267281113639,-9.124963524488493,7.731929558672604e-8,4.199999930143426e-9,-8149.646828217225,-93.03196261343537,-1637.0,1673.9631687428969,9.137847679332215e-6,-0.016495008994248894,8.451810860024285,-1.0666884384592838,7.78914558922456e-8,4.209598800903658e-9,-1484.312693862743,-10.019111503401701,-187.0,3179.6139874588803,1.2891618498300484e-5,-1123.5098132871892,33.893214929549885,-38.7465053214739,7.787184426552365e-8,4.206479726371259e-9,-982.3718094806497,-59.879087264366845,-1008.9999999999999,418.26015273718514,8.709727866902744e-6,-0.004397697238964852,63.48612701128556,-70.66367976506731,6.795678785187674e-8,4.261147108602546e-9,1475.8006716161126,-75.87888267426987,-1811.0,1716.0421596369845,8.297621190603781e-6,-40.014467261207734,233.44422630456074,-224.9771545796506,6.844396866920145e-8,4.26285640106024e-9,5164.548240412992,-17.04301285669966,-6832.0,231.74813900522153,8.343577898230153e-6,-0.00021720641838682798,76.55316363580204,-90.43501478795149,7.709269020466121e-8,4.200724649970724e-9,1955.1298566918772,-7.995935755756141,-2165.0,20633.134377705323,1.3977329607701378e-5,-3046.8931019377046,835.5908528630662,-394.3190533018417,7.513325710828672e-8,4.182822901603341e-9,-623.5301612969831,-9.982928048887096,-17394.0,63071.25827485262,8.710824120885573e-6,-115.222069486106,2253.997989681597,-2466.3602244588074,6.869094865783054e-8,4.23462269898833e-9,3109.9974808195407,-50.67146008841829,-65803.0
t83,13154.756868422966,1.3955665319654378e-5,-1829.9999497116974,760.1678328073069,-806.3417649303575,7.730807184001013e-8,4.2071123093638345e-9,2328.64145224897,-23.224452829772993,-13584.0,4352.551060572108,1.4090949678793017e-5,-294.0407255247657,44.498399864957904,-114.8004659773674,6.727990665298737e-8,4.249887166574301e-9,-2799.649229570183,-17.55905351832982,-1171.0,372.9328867761565,9.007960760279585e-6,-0.0030703087640740713,34.25707737215928,-77.08602403869324,7.685833233007709e-8,4.19814627251797e-9,566.6150889274742,-10.715967807666486,-886.0,14189.618683932447,8.252962640561085e-6,-2633.199062705989,71.86626792614773,-113.56169008483369,7.71154077016059e-8,4.20008072413599e-9,-9655.194058814797,-103.53014858550758,-1756.0,2161.245795264987,8.664484681922085e-6,-525.1311984474565,8.415806330745426,-12.180823692630605,7.774180536607531e-8,4.209808149709855e-9,-1421.7527561535614,-9.596832039978901,-201.0,4013.3807138879006,1.4228166929936996e-5,-1147.083531206842,44.17919525733668,-58.8271627599646,7.770999116775386e-8,4.207097333652033e-9,-1685.86358877626,-83.7856407073847,-1082.0,418.2665691317328,8.707349457275959e-6,-0.004573327581731169,80.47479704245308,-132.52524433550838,6.792584243207118e-8,4.260713988206701e-9,1680.4883449588947,-102.699902238271,-1944.0,1345.2409298334992,8.254429496471358e-6,-17.156345309596233,283.8628682189498,-589.0382963019911,6.843170759550554e-8,4.2643310743173496e-9,6327.97315015469,-20.882314903593887,-7330.0,231.7481406403442,9.13093327300889e-6,-0.0001721305073398451,97.19205099250452,-169.17697103733627,7.711694939721514e-8,4.20294826621325e-9,2172.111115608871,-8.874173278825584,-2323.0,26176.06323846901,1.3775620647061308e-5,-6733.78630547198,908.6759613603997,-1871.6036868117292,6.758958445856726e-8,4.219948815545592e-9,-623.3674853100598,-9.981736046338062,-17846.0,61786.46857609077,1.2957460238547e-5,-91.84676629178101,3203.482755192561,-1750.4310769318213,6.894496407364236e-8,4.235730703534388e-9,3109.99796672596,-50.671467774817344,-66207.0
t84,13256.622333898396,1.4220894918155615e-5,-1829.9999195962114,984.1997755887977,-984.1999734452512,7.742114962319046e-8,4.208361314489747e-9,2852.352771480112,-29.975002175586635,-14249.0,3938.0121068071726,1.4469524410121757e-5,-235.3010240368786,66.04076881562224,-41.52414379829544,6.731080721268029e-8,4.251155294108286e-9,-2492.497977274643,-16.72974504490636,-1218.0,336.9304726968223,9.547665661380216e-6,-0.002367911086042996,49.42113494008897,-34.94585403363992,7.70939649156289e-8,4.198912703842899e-9,578.9656304010676,-8.369025713680054,-922.0,13152.362215420173,9.378084186062612e-6,-1208.5778783610951,96.33556044288522,-85.59685410854895,7.735349178733659e-8,4.201116666601359e-9,-10026.862708511264,-101.66034430168672,-1826.0,1825.41239729181,9.753410417389779e-6,-238.23181123340524,11.055563331359602,-10.409341499680927,7.803287957618072e-8,4.21163426377844e-9,-1369.582137399384,-9.244680318465978,-209.0,3958.54370015214,1.422842561376007e-5,-956.3817569744598,60.81198809755974,-37.74668790486731,7.787814287115252e-8,4.208130259440611e-9,-1814.7200599605098,-84.50719771209606,-1126.0,418.27296382753076,8.794883106988843e-6,-0.004424458767957739,113.9055981258772,-64.28290281142198,6.794385196377978e-8,4.262262603667509e-9,1657.3703762650114,-105.26161980587695,-2020.0,1276.6589712458594,8.359858532935202e-6,-9.307933788522849,419.7097053157479,-188.9797380997106,6.842991242495452e-8,4.2651546379884956e-9,6148.2080771353,-20.28909021423508,-7626.0,231.74814230040644,9.080019786207897e-6,-0.00015984470636970204,137.45995732633162,-85.03013813651337,7.714781541490431e-8,4.2042148277527e-9,2144.87287126132,-16.05068206066871,-2413.0,25016.60203647382,1.3747408328902499e-5,-6541.80281269196,1234.2389567048454,-910.7408314672595,6.758420026887101e-8,4.220136501298523e-9,-788.1048074512532,-11.1925553474378,-17999.0,61667.75235011355,1.3004077675625642e-5,-108.27191419934063,3944.641884611285,-2429.4488298940014,6.897938594636653e-8,4.236627948750608e-9,3109.997964054241,-50.67146770830344,-66134.0
t85,12202.025589940145,1.5411387623359556e-5,-1346.8649527264558,1354.87543782513,-549.1802084208475,7.759264947985214e-8,4.2068237063481e-9,3216.857683179347,-34.71356527261305,-14843.0,4007.3603144255385,1.4601493539010351e-5,-237.8744462994688,79.37023089548994,-61.87163225262349,6.72937468339286e-8,4.249714278472093e-9,-2516.1907658629707,-16.793715568290263,-1254.0,282.1291822637263,9.727282746840876e-6,-0.0024219409243561515,59.92391594906149,-47.9197818392658,7.721043811844951e-8,4.196942742822331e-9,663.0153963706205,-8.14630060378771,-949.0,13845.536084790332,9.54072210835601e-6,-1678.1437489136722,117.6559433267754,-105.65940230627851,7.746325031242343e-8,4.199162632108247e-9,-10198.768184853361,-100.62070171225515,-1880.0,1671.0250022550838,9.838096724176684e-6,-191.21468996928226,13.635046998364652,-11.919538866891129,7.819858065837061e-8,4.210337705389894e-9,-1258.0340992767854,-8.491731052949397,-215.0,4094.2477342703523,1.4600758571352154e-5,-1021.5443057459453,73.35316823689824,-55.798388836252975,7.801044712562405e-8,4.206539563914388e-9,-1846.5726453902596,-84.68557721169844,-1159.0,418.279363855051,8.920329765283322e-6,-0.004357517100444257,135.48446387805296,-108.05520331739896,6.794139908917334e-8,4.261272303892865e-9,1738.6350362024473,-105.3393120806162,-2079.0,1888.5762408809176,8.478174022643058e-6,-7.848859672419023,471.9477808660932,-501.4566289179829,6.841775160806167e-8,4.263915344475952e-9,6015.633050897841,-19.851592599441695,-7847.0,231.74814361442523,8.922857285798211e-6,-0.00015545066408678256,167.94858718999512,-116.91273258470791,7.72026871918338e-8,4.202497505752734e-9,2226.0063932679072,-23.79024503377499,-2485.0,26603.534132434816,1.3855742226178939e-5,-6541.928014754408,1422.8539122893408,-1861.023459599434,6.747732619366995e-8,4.217020175085421e-9,-1150.5798373624402,-13.856746897854515,-18459.0,62162.30534504911,1.2781661821422486e-5,-113.53943019295677,4810.328538477473,-3177.4209711121716,6.887763318549783e-8,4.234016053748529e-9,3109.997972827653,-50.671467852222044,-66741.0
t86,12591.013333024313,1.4744035616779445e-5,-1307.3169436137016,1326.4844751183455,-848.324995236173,7.76792076123995e-8,4.208431707109485e-9,3216.857681136881,-34.71356523174622,-14944.0,3973.323190098362,1.4054201924989644e-5,-243.45003686795317,76.91004914677008,-90.26930116155859,6.732488273898852e-8,4.251850106850532e-9,-2434.939577919863,-16.5743374119669,-1265.0,260.1031428317476,9.187308889407598e-6,-0.0029599447814257617,57.995301351540924,-69.38730848817212,7.725439368224653e-8,4.1978738219219986e-9,716.5783701617353,-7.2865551724071045,-958.0,13820.136462153465,9.10979461350885e-6,-1447.657658724339,112.880437391082,-156.06705939506327,7.751751954074645e-8,4.200472467093476e-9,-10330.289627139486,-100.00256350049663,-1899.0,1730.8025241554697,9.5428851422105e-6,-241.15410192960522,13.28912024265405,-16.09651260219788,7.826226759361764e-8,4.211715488920532e-9,-1261.3270807410913,-8.513958743667395,-217.0,4010.923127180095,1.4114059218183494e-5,-884.9175749343188,72.24647713979387,-74.51506843321154,7.806453638476525e-8,4.208002919042843e-9,-1868.926215390344,-84.81075975120805,-1170.0,418.2793698612912,8.833459074731534e-6,-0.004865369554516842,133.97510663688522,-142.0847385643335,6.794671936167881e-8,4.2626115043038514e-9,1795.1652567813685,-105.33013823850166,-2100.0,2025.4701560727608,8.396944817770244e-6,-8.218342044732996,475.03109440418257,-560.6699585805349,6.843149008386233e-8,4.265531058611618e-9,6010.220773771565,-19.833732079866042,-7922.0,231.74814552531834,9.345300668687128e-6,-0.00015888124200125363,166.68008157509394,-151.66879947099915,7.719603967059181e-8,4.200049484981038e-9,2286.5710385421326,-24.33031670865333,-2509.0,25664.19916203949,1.3381385530509331e-5,-6040.374338033911,1490.7467153931152,-1382.1496159600194,7.560735429522941e-8,4.184145649465321e-9,-1239.9086231378683,-14.51331372580025,-18478.0,61724.12913959349,1.218087723172889e-5,-93.69654065905577,4974.1277271726885,-3378.886873943355,6.906784130131516e-8,4.237407238408699e-9,3109.9980039349693,-50.67146834139695,-66285.0
t87,13821.44728874768,1.4032337705323079e-5,-1416.2338795533149,1229.110755770975,-1848.4683234724957,7.76496125515509e-8,4.2094803922504856e-9,3216.8577099896406,-34.71356551767225,-14968.0,4063.9748403118697,1.4916331471417631e-5,-259.0681750638818,73.38506402681435,-134.41494116224476,6.73928872582926e-8,4.251900751714178e-9,-2449.263790359311,-16.61301273136372,-1278.0,245.81976794724,9.932384430633974e-6,-0.003845062805338334,54.78462480486372,-104.79055269344819,7.737464648823826e-8,4.198678979456539e-9,778.2901346439949,-7.100139645070348,-967.0,12849.583302014955,9.891881530913037e-6,-411.16029190461535,109.79446837974906,-201.65216862318948,7.75809371158598e-8,4.2013068683681684e-9,-10329.462418704261,-100.10290112989153,-1917.0,1779.8121547589305,1.0327535897380048e-5,-228.89318968354382,12.154253797715814,-25.693788110721613,7.836203190442105e-8,4.212957978417274e-9,-1309.5400449830836,-8.839396181528656,-219.0,3609.6713357900603,1.3960847434668002e-5,-434.8608389578471,70.65012274050292,-99.33722011203258,7.811296982647384e-8,4.20935184818567e-9,-1880.2492637696419,-84.87414972725318,-1181.0,418.2793738474713,9.301573765039515e-6,-0.005822387375073949,135.27728849609602,-159.12442828065684,6.801741825857996e-8,4.2632344734053155e-9,1830.8526749080456,-105.27909594756441,-2120.0,1941.062680430573,8.787009519760901e-6,-9.072589072118555,508.3404241305234,-448.6592155765999,6.851018548022498e-8,4.266033584333348e-9,6031.2317595173445,-19.90306827406238,-8003.0,231.74814780867192,8.963725621891519e-6,-0.00019806397367727106,164.23730733802424,-200.83402652913148,7.73097348286431e-8,4.204768236133025e-9,2360.87495593559,-25.026195526728674,-2531.0,23780.353628105353,1.403852461501278e-5,-3637.2915886588794,1528.3732642434072,-1733.4528171234256,6.75005410572973e-8,4.218008123134688e-9,-1359.589533985512,-15.392966655421027,-18563.0,64669.69232887565,1.2019166565457808e-5,-82.54977835045963,4601.783069277252,-6415.251983376583,6.897203298774005e-8,4.23684686438711e-9,3109.997816807192,-50.67146529183714,-65833.0
t88,13635.618370824102,1.2363405889767714e-5,-1152.2652381034793,1286.3779113886937,-1950.8751738975936,7.74241019869647e-8,4.209850886590445e-9,3216.857682630312,-34.7135652931373,-15001.0,3879.60872509853,1.5820083081201133e-5,-0.053440925351337196,85.09509342788856,-85.11493675081073,6.764241117673672e-8,4.252829304514441e-9,-2578.5733085337133,-16.96214819795116,-1284.0,270.6877056942407,1.0074168233693136e-5,-0.0040973956451466715,64.21015011967506,-64.23013371081923,7.774854007522729e-8,4.200081894866089e-9,710.7208150531382,-8.384449908270792,-973.0,11541.648935769541,9.903103847545372e-6,-0.029913213783465877,127.25357247273841,-127.2736446969745,7.788908530055047e-8,4.202929911641501e-9,-9515.01175758032,-99.58720272727163,-1927.0,1680.7273979504355,1.0216436453726742e-5,-0.03166954335259421,14.680302485902752,-14.698015420302617,7.869293482430209e-8,4.215101474326814e-9,-1450.8845542205122,-9.79347154308854,-220.0,3374.7625392656196,1.4719220671637829e-5,-146.64699494786242,71.75258971432719,-116.85720884415396,7.838670374361907e-8,4.211320594458915e-9,-1915.0139274769965,-79.99701250833488,-1188.0,418.2793708412975,9.743856250644611e-6,-0.008901246454190005,133.34305277923,-220.79152131166393,6.824111436471326e-8,4.264186497171329e-9,1901.2885003701524,-101.11051124054188,-2131.0,2792.2753951879945,9.322937929012018e-6,-13.252218781807981,492.4927291421862,-735.1103610032078,6.874782523687467e-8,4.266654711021771e-9,5528.839620078865,-18.245174006377823,-8047.000000000001,231.74815133478404,8.902079176751388e-6,-0.0003339840877359633,161.24317857264163,-281.30929081102613,7.735152327782145e-8,4.205044720299254e-9,2459.0977900762255,-25.779504164023813,-2545.0,22304.49193735051,1.3469391363170235e-5,-1525.613926633333,1594.5058710936119,-2030.8808424484566,6.750039265434809e-8,4.218231822923059e-9,-1467.3182824650555,-16.184770404815627,-18859.0,68523.10289466032,9.746954054924677e-6,-214.5749497270109,4470.459305010084,-9406.31322257913,6.887316247515555e-8,4.237042346104516e-9,3109.9974220679055,-50.6714592216827,-66432.0
t89,12692.72982704322,1.914690309173073e-5,-2.9638612971222025e-5,1536.1426535986982,-1536.1426618247933,6.846913110819193e-8,4.282441506570403e-9,2647.5831893111563,-27.31299770476331,-15313.0,3399.7946947814485,2.0056902924180423e-5,-5.6307863706338785e-5,94.61631271404717,-94.61632957235079,6.801590559184964e-8,4.253169480650752e-9,-2097.456936959442,-7.33770477603851,-1295.0,149.2726842764868,1.4361155388709043e-5,-2.3420335248521722e-5,71.11791306268698,-71.11791990735627,7.86291376635197e-8,4.200670295405352e-9,842.1058292225922,-10.378497669795827,-981.0,8046.0856871124215,1.4607626903891093e-5,-2.345186350957879e-5,141.1930611775016,-141.19306748783058,7.881641836256219e-8,4.2046799143645364e-9,-6014.980723079392,-88.10494892560227,-1943.0,1210.0287268210075,1.5327578052374502e-5,-2.474491981097818e-5,16.1493101809082,-16.149316422588534,7.967904625806066e-8,4.21801734580992e-9,-981.4042320190239,-6.6244792186883314,-222.0,3026.2913287579395,2.2340761082791065e-5,-3.4410297053111314e-5,85.77301548742435,-85.77302161818704,7.918347318407536e-8,4.213165734835331e-9,-1759.4841177979808,-68.80719283882286,-1198.0,757.9368182210634,1.4115269508201095e-5,-2.232145682220635e-5,160.17022567992268,-160.17023135340062,6.880440014469319e-8,4.265291686577513e-9,1482.6878288805542,-92.6246332891779,-2148.0,3489.258445825592,1.3302942415377101e-5,-2.087017625215528e-5,583.2627877297022,-583.2627935936051,6.93439091700357e-8,4.267504375795689e-9,4636.0405039795105,-15.29893643450603,-8109.999999999999,231.74818423107243,1.3183504417886167e-5,-2.153092104234024e-5,195.8414804973052,-195.84148730477824,7.788151671051906e-8,4.200807022662736e-9,2348.0131842148353,-12.761353362984032,-2567.0,19414.80790608963,2.0729792880598024e-5,-3.063641046172376e-5,1899.6629821526294,-1899.662986498304,7.616389233629071e-8,4.1847437445057e-9,600.0021239702231,-9.810015855346517,-20005.0,71067.73943870368,1.2997674947083301e-5,-5.3821518874221514e-5,6129.33376071774,-6129.3337903295715,6.948355358616777e-8,4.238381940987532e-9,-1703.1066497230327,-35.632718580872066,-69329.0
t90,15102.6642456822,0.0001460442381112676,-1.3219611375393899e-5,1739.8180516124605,-155.83358998864267,6.890018661020579e-8,4.244209563483155e-9,-408.34041359533313,-5.308426607417188,-16273.0,2125.366921837918,240.07876479181968,-1.3426681591713659e-5,94.7928039823154,-43.234473119439194,6.882940815867322e-8,4.257789028696973e-9,-1082.6811738100512,-3.3228303215593624,-1331.0,148.51270537198374,0.005765778362697876,-8.924209670287047e-6,71.97441667552057,-30.64720065595655,6.85615678511949e-8,4.246597965496877e-9,822.5066989595038,-4.352377272393895,-1008.0,3041.085592686346,75.71742995128507,-8.854845482255974e-6,139.19876095149235,-78.70988452716762,6.882899573747595e-8,4.249946864042458e-9,-1123.909580087285,-55.3823102092424,-1998.0,723.6372455957546,70.04570343934913,-9.198993438318675e-6,16.820189254143997,-5.568831555952709,6.895787304454413e-8,4.262846287073873e-9,-572.072805636471,-3.8614919662810028,-229.0,3733.252821690536,71.87477923054593,-1.3733011032249821e-5,85.66362716248545,-41.37629523411555,6.888307995553877e-8,4.258489936319757e-9,-2603.8334484818874,-14.581470702857454,-1231.0,757.9368386973587,0.008818683871326812,-8.347509723453668e-6,155.77039054343706,-97.45942858717807,6.95085882176463e-8,4.2688580014472735e-9,1446.910752816109,-53.167363873208345,-2210.0,5267.360322280144,11.111342215842928,-7.950952268906055e-6,555.3780403710892,-474.5366718273951,6.993227578455826e-8,4.26807449884645e-9,2990.5558113075194,-9.868836455855227,-8340.0,527.9000117378484,0.0002514161374412216,-8.25415298307754e-6,188.93453548331547,-131.62029342875476,6.874879134801771e-8,4.245985163990379e-9,2066.8107339640387,-12.025230984727557,-2640.0,16315.968694040226,3398.9915391503396,-1.310449238863267e-5,2093.4649252636277,-724.6150651993044,6.828035958641869e-8,4.2152458046293666e-9,599.9999196167346,-9.80999981358205,-21674.0,69995.5616430513,0.0006493308081080355,-1.0476041400254462e-5,7045.753614323859,-677.0683846034661,6.921695798413634e-8,4.232369344682382e-9,-2135.9464950528773,-38.30101661815381,-74190.0
t91,16795.431759748815,0.00013894000016178977,-1.2992646074954963e-5,2246.39747353141,-303.6621573506281,7.851438586498149e-8,4.211727502280491e-9,-720.7968419223984,-9.370359992176143,-18008.0,2239.54921068244,240.04169227624845,-1.3527506725196855e-5,135.09155702391826,-32.004724630097115,6.868710029837729e-8,4.255676015436106e-9,-1106.689654355475,-2.9880675357642184,-1473.0,81.37835493853548,0.003465158293315072,-9.182927591525376e-6,100.96546602938173,-26.951068474362263,6.835463758639685e-8,4.242721652194696e-9,963.2730854505469,-3.669293986403998,-1115.0,3000.2672255767616,236.84804141954288,-9.004030596900771e-6,202.99912483315669,-46.971925202136994,6.870318402966436e-8,4.247312018276528e-9,-1160.7778472218843,-23.36461045355319,-2209.0,762.9801482380626,145.22018209458855,-9.2495673317967e-6,22.466738817019408,-7.637713493911334,6.87346642827939e-8,4.25996617560697e-9,-665.5369713921519,-4.492375081807934,-253.0,3739.1997132703036,394.13808617797713,-1.3802943899321942e-5,120.3555792774586,-36.732411786784574,6.885443449482868e-8,4.258871307818367e-9,-2839.0622011954456,-15.898752008698537,-1362.0,757.93684917854,0.0054945791352835885,-8.660698076969133e-6,228.11534378386594,-56.6891930289883,6.940520701855578e-8,4.266966075985349e-9,1555.9997543018915,-42.368240219653394,-2443.0,6429.0917724587025,7.932112943756432,-8.409677528602902e-6,871.6306509162426,-93.07856683874438,6.971470183211449e-8,4.26352687902177e-9,2016.0770955379771,-6.65305666886324,-9225.0,527.9000205315253,0.00015698445060180903,-8.7878709416175e-6,280.9041502538078,-64.73178850300441,6.88315174992346e-8,4.247228012644458e-9,2189.2450438963397,-15.317574441516648,-2918.0,17259.97703355927,2771.6025218366576,-1.1112011783886837e-5,2620.103680612987,-709.8731229719804,7.70227109246994e-8,4.1855105146779425e-9,599.9998976258652,-9.809999604004261,-22532.0,70169.77984250498,558.8734564987421,-8.580537856715015e-6,8879.838828890668,-132.62896874952028,7.0197287863069e-8,4.238945931744854e-9,-831.7313607252657,-14.131789887104881,-78630.0
t92,15062.669720138256,566.8536493353002,-1.3972836536035903e-5,2352.4770433227272,-0.00025519918855246976,6.827363304719581e-8,4.239596804173342e-9,-0.000139336544713347,-4.317114492835735e-6,-17982.0,2294.400831140125,240.03205706579166,-1.3347959999989279e-5,143.17615685117804,-30.301176793411933,6.87083298904203e-8,4.2570204201398755e-9,-1150.2023027428784,-3.1055522386343144,-1494.0,93.18307064053893,0.00295101912359346,-9.089676194092788e-6,105.53276209501458,-26.536552976116134,6.837042732965578e-8,4.244061991064791e-9,961.8181526752414,-4.00037443124146,-1130.0,3006.3597580801647,863.0999349963251,-8.964397181053997e-6,213.83331337649057,-40.319101622577215,6.869750583299583e-8,4.248454980922425e-9,-1763.7542162975597,-39.21967966281016,-2240.0,780.210004038994,200.51641255402097,-9.180246050591252e-6,23.083214591813825,-8.601390592709835,6.874915295760706e-8,4.2615988035700585e-9,-733.2587344833265,-4.949496996409321,-257.0,3737.266264546184,952.7127176520551,-1.3830032102732012e-5,125.2877007034871,-33.22164257623669,6.871847083941343e-8,4.257574657252387e-9,-3382.1052343831893,-18.939792180113958,-1381.0,757.9368521886456,0.004634677734691528,-8.649082048143327e-6,238.29317073389583,-44.77384615483124,6.933850351121267e-8,4.267046064864217e-9,1584.1656482800156,-58.62645114239212,-2477.0,5570.527575637765,7.042496824983127,-8.37741979657583e-6,899.4800473002911,-66.77637397058729,6.972051579739685e-8,4.26496575948576e-9,2954.4760357769965,-9.749773250296021,-9355.0,527.9000252306894,0.00013188146929557477,-8.90321431312535e-6,295.08317738800287,-43.5943838784041,6.878693945061238e-8,4.247534993247706e-9,2188.474383155441,-8.863324940322515,-2959.0,17310.30844216597,2581.9024078518187,-1.1023136375939675e-5,2613.266914784107,-786.6676014262241,7.703030836681814e-8,4.186015975760129e-9,599.999847562426,-9.809999968676665,-22309.0,69781.18276388201,1075.4515492060468,-8.641182288302827e-6,9001.841596595248,-83.75067045108992,7.024451417548887e-8,4.2399521456120714e-9,-1259.6134402066216,-22.111790415468384,-78493.0
t93,15603.832153743566,0.00014717097060256223,-1.318181950714933e-5,1996.979318562879,-120.36817044247276,7.880384179089485e-8,4.210747623050573e-9,-217.61444690428849,-2.8289889969120487,-17260.0,2243.8438952872602,240.0256789428958,-1.3079812497449964e-5,130.2490876946509,-33.32927511527735,6.882488915903058e-8,4.256516637410282e-9,-1120.7633072909143,-3.026066504087609,-1457.0,77.82530050795508,0.002882420110442184,-8.746689953209608e-6,98.67720888517542,-29.169605540095212,6.858802491571015e-8,4.246233574135266e-9,960.4517664094429,-3.7875440030899585,-1104.0,3019.294906805607,172.99390141115236,-8.51907936596537e-6,195.32566108114574,-47.97667180206458,6.892783062649982e-8,4.251531033802978e-9,-1114.3171021120493,-39.32068697457983,-2186.0,776.1290850581252,105.92341231255926,-8.872921186054123e-6,22.564317055290008,-9.170435524532232,6.904549446061085e-8,4.264024763633573e-9,-641.1188175590217,-4.327552537856287,-250.0,3733.460577411648,412.2114598143389,-1.3503537770825545e-5,119.3669263585138,-40.850683192506516,6.903730951955976e-8,4.260832396626107e-9,-2859.176873132716,-16.011393825455023,-1349.0,757.9368563424301,0.004515946901837752,-7.906435880740571e-6,220.78293706250795,-55.19479572461755,6.967528892274637e-8,4.270796278430189e-9,1542.2003995169994,-48.72990530365185,-2417.0,6240.469129018076,6.8636926963572815,-7.535118715689046e-6,791.0324416572374,-80.65919097839863,7.01030207507526e-8,4.269362634687217e-9,2182.496174746054,-7.202239663962015,-9133.0,527.9000286130965,0.00011983346994923337,-8.224695332402326e-6,269.5441234892885,-56.88098200494966,6.897645640071408e-8,4.248153557407545e-9,2156.1166405344634,-10.679922306855664,-2886.0,16587.709277804097,3043.17411562503,-1.1745670677054725e-5,2343.1201242003917,-779.1933910343382,7.61394497494765e-8,4.182334123125571e-9,599.999884688025,-9.809999585362654,-21785.0,70082.55153086076,767.3239894671794,-9.548305267143289e-6,7823.408451212074,-146.63332712070067,6.999620436297489e-8,4.237214414796672e-9,-1488.2743188959942,-26.376316005578772,-77012.0
t94,14825.948306504744,0.0001502994640904841,-1.3338105659302911e-5,1708.314807715709,-18.940822839715473,7.87801871568384e-8,4.211326525265635e-9,-8.21562398595728,-0.10680443767459041,-16507.0,2167.01471361344,240.0213436099785,-1.3590782263563896e-5,110.98879399299494,-37.94288926087297,6.86633887235777e-8,4.2551690022048565e-9,-1050.6078359265107,-8.474112503355737,-1421.0,51.734839203461334,0.002685756304237704,-9.313329337869778e-6,84.0827487313678,-32.471205604485725,6.834904758300315e-8,4.242649855071098e-9,978.5570424541474,-5.906101294772577,-1076.0,2967.860998289124,130.3489950251462,-9.150572382158974e-6,166.44730205165757,-49.68989644823739,6.867468288682471e-8,4.247438221977435e-9,-1027.037588291921,-56.92980152019149,-2131.0,765.9680098727883,80.95382825155774,-9.348590305654051e-6,19.22181933527627,-9.318493854482282,6.873733741844862e-8,4.260776001674765e-9,-608.7163186294039,-4.108835694889299,-244.0,3731.928914708559,334.9645995984004,-1.4054989751528172e-5,101.70761497456208,-39.4849030720183,6.884055232057901e-8,4.259370732085782e-9,-2799.4393485022015,-15.676863720838353,-1314.0,757.9368522689293,0.004460195259025163,-8.815040676055458e-6,188.14925865183793,-56.08816909151819,6.939144578419087e-8,4.2671648280760095e-9,1521.879735544344,-55.88212882193774,-2356.0,5562.738911617139,7.254231809915622,-8.542846089162808e-6,674.3615920516762,-85.54166013989534,6.971899467751063e-8,4.2641973287437795e-9,2749.259491809094,-9.072558666673547,-8899.0,527.9000309952296,0.00011929344387574514,-9.09264393939026e-6,229.72657213800068,-55.354922806346316,6.878017384404322e-8,4.2461547958788035e-9,2120.3893169071675,-8.661107500386137,-2814.0,16503.647714308736,2624.292372075081,-1.1695683019855503e-5,1953.8321015151012,-829.9620819387968,6.882406418612437e-8,4.2185185194453684e-9,599.9999054725299,-9.809999777106048,-20842.0,71569.17262568643,0.00037955675759932753,-9.609530216098233e-6,6552.574591880194,-1529.0582400318206,6.98184118438584e-8,4.236111250574427e-9,-2476.068776851288,-42.62057067276334,-74074.0
t95,16633.288168076746,0.00014017852755301012,-1.3382302695399541e-5,1330.1646678092688,-1892.5613214378027,7.877203242871991e-8,4.212240680327327e-9,-728.4221522010513,-9.469489082291103,-15333.0,2131.618638482534,240.01882076341604,-1.3709683171744658e-5,87.69259049255179,-35.18540457026115,6.856840087070986e-8,4.254403003060378e-9,-1051.3318451378036,-8.81278638518966,-1364.0,52.978888553333206,0.002688792578893638,-9.361542339267341e-6,66.42138159732548,-30.074419030216447,6.830107065278512e-8,4.242568803802364e-9,948.8867915561694,-6.21532217465459,-1032.0,2946.1518936672255,109.80124712775901,-9.201409388103772e-6,131.49243733724953,-46.96396597936074,6.866313049418306e-8,4.24791981560881e-9,-1037.1576178164698,-57.3239852455153,-2045.9999999999998,751.3078774227043,69.97088267123968,-9.417699473787996e-6,15.183827036098503,-8.695129475309058,6.871494437683564e-8,4.261302490983372e-9,-589.7863896333948,-3.98105867138656,-234.0,3732.2223620471077,243.33868369189727,-1.423716890775768e-5,80.34016348912434,-37.363973714014826,6.878560113835543e-8,4.259316740383471e-9,-2742.181003999077,-15.35621734707186,-1261.0,757.936853908385,0.004522141428485715,-8.893347518987589e-6,148.6260443599158,-54.01191078807565,6.93600917384157e-8,4.267586368759823e-9,1464.8422011168445,-55.39770191087817,-2262.0,4528.587867042908,8.068525405960276,-8.645976072857708e-6,532.689255101779,-83.6191997958761,6.969068728564742e-8,4.264913713995585e-9,3566.04150009833,-11.767939266749101,-8540.0,527.9000329305701,0.00011831039423436534,-9.098464888286663e-6,181.46290253628717,-59.51437783379495,6.87507259268024e-8,4.246361974026098e-9,2067.0422326243383,-14.890899535862248,-2702.0,16002.79757436453,2167.1035671481536,-1.1549111558329839e-5,1547.4984887757173,-841.5895406438807,6.883720070257633e-8,4.219774646093216e-9,599.9999216049024,-9.80999974530872,-19466.0,73039.77481763008,0.0007477525289716271,-1.01229938626311e-5,5094.322193082937,-5880.265855870075,6.987722424851403e-8,4.237928202434488e-9,-2497.933638212788,-42.89825429919944,-69713.0
t96,15976.566906128523,0.00014318560492430538,-1.3224536854694806e-5,901.0489158773428,-2356.722248778124,7.876112648708167e-8,4.212955850004303e-9,-703.7450168337195,-9.148686381459266,-13808.0,2077.572396304699,240.01678894961626,-1.3515053565360147e-5,60.102493495671766,-55.87453264190128,6.763665700531992e-8,4.304033557743879e-9,-1041.0781954063366,-10.738937283637808,-1270.0,68.09537714308637,0.002792162262582212,-9.490696740784388e-6,45.52972617388322,-42.8986384282551,6.753920164633686e-8,4.2964967156341995e-9,897.5985039877185,-7.327751614883622,-961.0,2944.463979634331,38.800271172969545,-9.327039733216446e-6,90.13033619763387,-100.86663106042434,6.807646103889096e-8,4.300860398612546e-9,-1009.1727266196693,-58.35522000434285,-1905.0,727.2124622239841,32.77030863842307,-9.56332624597927e-6,10.410162147995514,-8.603045083028181,6.732572461184037e-8,4.311593850362095e-9,-540.1439065199726,-3.645971910977222,-218.0,3729.455418521777,41.31914540718464,-1.398682120984256e-5,55.08101055004528,-64.66531879370753,6.774019443076782e-8,4.313022315912673e-9,-2571.7882239203345,-14.402017845592276,-1175.0,757.9368473465589,0.0048257399760563875,-9.092396672798833e-6,101.88368503369925,-156.8262382313174,6.834241978150492e-8,4.316064570547124e-9,1459.8055539685067,-54.80466483067926,-2108.0,4943.600705809066,9.12456939118059,-8.955883468206373e-6,365.0277889891895,-791.8382784854853,6.950106095935661e-8,4.305151981028163e-9,3437.4287403359986,-11.343517142204117,-7952.0,527.9000344874273,0.0001234598204804824,-9.31110557460485e-6,124.39100883307808,-214.40569035949096,6.848575333190157e-8,4.297891122694758e-9,2095.901452047693,-14.786919223918504,-2519.0,16611.855850979213,1217.5115883794888,-1.1981297871232648e-5,1036.7877764340087,-1410.345137415381,6.818002092365696e-8,4.216101420180681e-9,599.9999334427347,-9.809999886736714,-18046.0,73140.4427522682,0.0024354199274018115,-1.0502446085078666e-5,3469.8219110251484,-8818.951438845013,6.921153629068458e-8,4.234346688757675e-9,-2624.806114482619,-44.50953493460155,-65122.0
t97,12591.62167985529,1.0541084434745548e-5,-0.00012786693710468522,497.6159099068166,-1280.0550035715305,5.2072886807092666e-8,3.056859233838046e-9,-1356.812478695514,-17.369992718530103,-10435.0,1871.6928980946777,123.11852277604812,-1.2145881034186805e-5,32.63255828404181,-20.341162770742795,5.2565541030944216e-8,3.0584148716946077e-9,-1087.7623282826346,-7.3404764347782505,-912.0,399.24874521978603,0.00021922106930987774,-8.034852882450834e-6,24.718564891786254,-20.591699308602266,5.240503024921048e-8,3.0523257978228125e-9,295.4548705936912,-8.830692633089187,-690.0,3328.971549862368,7.4499217960604454e-6,-2.795828505718083e-5,48.93654777558632,-119.38151019569344,5.2316074176458616e-8,3.046506744222494e-9,-1821.7282378722728,-67.79832911897101,-1369.0,750.2499296082717,7.516411914639717e-6,-2.985742892738984e-5,5.652200679964874,-13.78889663706022,5.254276801271718e-8,3.0530492526844378e-9,-582.1834724249292,-3.9297389352858665,-156.0,200.38046551751512,1.1144372608184826e-5,-5.501461643942905e-5,29.907645429597263,-72.9551277115701,5.238682177687072e-8,3.0488009900077645e-9,692.1624925809185,-3.495431996144848,-846.0,602.328853439999,7.5569081619057585e-6,-2.5944076811135605e-5,55.317069786147826,-134.95085200227976,5.2860386380973684e-8,3.0628705162576273e-9,1029.0741922610182,-47.76924514682125,-1504.0,2758.0767458262126,6.821777213265348e-6,-2.597040564426545e-5,198.19852459623132,-483.4853141338378,5.313539446218319e-8,3.077151842033302e-9,3300.1003963577086,-10.890333544126806,-5762.0,190.04396804251894,7.200713493475013e-6,-2.3867450886414993e-5,67.53966028795902,-164.7591575356699,5.2232985493604824e-8,3.059978415655848e-9,1707.143852426263,-14.968306603665319,-1785.0,13886.06594675451,1.6521417718377056e-5,-5.86413051213229e-5,588.0170119851558,-1475.976066769748,5.076651255422169e-8,3.143304880358178e-9,220.49252766232297,-12.599377545856909,-13206.0,56060.439106916514,7.981848103366007e-6,-37.927019667564785,1981.2088291039151,-3098.1761519810657,5.073599861203973e-8,3.1393973646207868e-9,-2395.9418146065723,-41.602957796992946,-52468.0
t98,13219.93336625327,1.3723779287561409e-5,-1326.9607094562675,189.5637021178021,-1038.0777475763741,5.202546088832639e-8,3.057611499396358e-9,-1681.5360830040286,-18.922544263961797,-9344.0,1669.5968472356356,0.0011293893842741272,-1.2399668284290203e-5,12.615549851669947,-85.440428703128,5.254878069947425e-8,3.0592582038134547e-9,-749.7487584404834,-2.0243269787159197,-845.0,399.24874692274136,0.00013359705190455864,-7.974252810278524e-6,9.55745753746891,-65.41927214853308,5.240508617011181e-8,3.0534316825405813e-9,299.7746437954399,-4.16170178061633,-639.0,3327.759479666188,1.0807380215220643e-5,-1.4361352786286336e-5,18.918298958520992,-122.70515917067289,5.230396817319725e-8,3.0476198344820845e-9,-1899.971892163707,-57.000723779613864,-1267.0,713.6794717677383,1.1549508329830034e-5,-1.5005928261973114e-5,2.18501209644414,-15.55395163674462,5.2555287499888066e-8,3.054120664138711e-9,-552.5806092197626,-3.729919601518655,-144.0,177.58890165615642,1.3965615989083305e-5,-5.222243579657381e-5,11.560951841485819,-72.95874731614691,5.238548126856322e-8,3.04974684890331e-9,672.728951896356,-5.9200198753954165,-783.0,124.56978570029277,1.0381042120857711e-5,-1.431448702344546e-5,21.385846839953214,-128.39556653869965,5.2854794959807774e-8,3.0638865194759737e-9,1413.2229034340016,-39.78296555022992,-1391.0,2340.845900345314,9.533991843401787e-6,-1.3814144296753745e-5,76.61709945897096,-418.19719928765704,5.3129955517875536e-8,3.078399432214343e-9,3358.543891669369,-10.809687947614131,-5347.0,0.00013257357703622236,9.673310726923016e-6,-1.411247111646416e-5,26.10921510955863,-133.89799938739938,5.227590844608407e-8,3.058154002344921e-9,1776.0999862347137,-20.31133014030988,-1648.0,13991.379002325037,1.7684856790300507e-5,-43.35381177920422,228.4592564858744,-1250.1921081432924,5.177683962345044e-8,3.0528118139031497e-9,-792.9734830017725,-18.31887360435776,-12115.0,54101.18326873069,7.277104055368592e-6,-462.2586081415348,833.186593686204,-4002.381484616112,5.3499678275412504e-8,3.074616933265506e-9,-1843.559551200126,-33.17022596258917,-48593.0
t99,13133.964510147745,2.4652884390935035e-5,-1809.818143507147,152.2796034694759,-802.2592402799573,5.202274400024146e-8,3.058574742871805e-9,-1854.8515157239642,-21.3152387783493,-8798.0,1507.1896011891472,0.002321376464129745,-1.167875489679599e-5,10.260900173570471,-32.81131848747931,5.257805168839184e-8,3.0609960165659606e-9,-673.8221684560475,-1.819324164467836,-809.0,388.404800851873,0.0003636693640325003,-7.083875179849172e-6,7.7738963537119945,-24.165432924731768,5.2442483693922325e-8,3.054846737584111e-9,244.84335089207394,-3.8569718089176,-613.0,3337.74057321641,2.088123063940712e-5,-8.87863985472436e-6,15.387212898430008,-54.62745267752915,5.2340665434436225e-8,3.0490002384317416e-9,-2049.8319722785072,-33.66837318868222,-1215.0,737.3272957301493,2.133391522867765e-5,-9.66872653584636e-6,1.777158118100536,-4.927126599181768,5.2579215778534825e-8,3.0554192321161524e-9,-592.1801226470615,-3.9972163172559756,-138.0,173.64858173063078,2.307596879587164e-5,-4.4749764110271816e-5,9.402901494035502,-35.410470718517004,5.2426612916220404e-8,3.051006895254956e-9,609.7245907827615,-5.365581599805525,-752.0,9.51144565511598,1.9469026127760945e-5,-8.720686340798454e-6,17.39441107766905,-72.06630153573987,5.288799876184152e-8,3.0653433862984694e-9,1414.509629427486,-36.34919542135741,-1333.0,2509.578000648063,1.787914102150772e-5,-8.336552170317771e-6,62.31572979147562,-299.9883475929948,5.3157780833456446e-8,3.0799175436048437e-9,2865.23488575488,-9.14027818799634,-5128.0,0.00011745512833613723,1.753430875949684e-5,-8.578428152112153e-6,21.23579222537968,-110.84122502941574,5.230068909896264e-8,3.0596128178972396e-9,1688.4876165493058,-19.882310205500687,-1579.0,13859.922263813765,3.1212900096426435e-5,-646.3327600193325,187.23517017266346,-916.8256345337214,5.181688668913428e-8,3.0551464210295743e-9,-817.0742458949112,-17.924824791082447,-11649.0,53145.82719476445,9.545275934307148e-6,-3610.8101749880507,604.8728148104449,-2869.4330255023506,5.3624049468050505e-8,3.0778557625817214e-9,-835.0400484060164,-14.416770074385482,-46421.0
t100,13343.158500891019,3.590778863400803e-5,-1829.9999570688221,104.40970853261285,-565.2786304501495,5.1881294468192724e-8,3.0591270150840734e-9,-2597.3509181050786,-26.93875619819551,-8428.0,1507.1889683193006,8.692898953516947e-5,-1.3838157126599306e-5,7.148046368511991,-35.17389074699358,5.244965622780305e-8,3.062549756817888e-9,-689.3020764319388,-1.8611206477875015,-788.0,371.74852592236977,5.470078643114739e-5,-7.983900164444242e-6,5.415742406561167,-26.649946961494994,5.233481656529738e-8,3.056001987070031e-9,250.43138600830562,-3.9457541430826892,-597.0,3321.064285139784,2.2296680234437156e-5,-8.466582967244424e-6,10.719149817891628,-52.74642953593644,5.223000492351111e-8,3.050063842063748e-9,-2066.509944791715,-30.52707448573054,-1182.0,725.5034102687015,2.2744681319131207e-5,-9.314263845622228e-6,1.237999342858695,-6.091861042003316,5.247382512897137e-8,3.056390232562707e-9,-581.7229317419717,-3.9266303082236016,-135.0,173.64834408594672,2.508827077828719e-5,-1166.6998885253556,6.550168197540475,-32.2316035098522,5.2333940673285094e-8,3.0520180679045024e-9,1765.6494851106388,-14.916530908245061,-732.0,9.510568693339115,2.1008218101857574e-5,-8.270996128974968e-6,12.117571860832427,-59.62797696377929,5.277164619656484e-8,3.0665262800732242e-9,1364.3348463558873,-29.335022731889865,-1297.0,2849.9966802291015,1.9663815502382428e-5,-7.876072856298872e-6,43.410230644619055,-213.61073287484385,5.30378839602176e-8,3.0809720188506183e-9,2318.573661671298,-7.3698514993562565,-4991.0,0.00010322419672183549,1.882536923510236e-5,-8.23071337771471e-6,14.793317511611054,-72.79429569305852,5.217927501002946e-8,3.0605620703976923e-9,1613.200845053698,-19.19998073999,-1536.0,13899.489774873104,2.8178510419936786e-5,-1489.9999539821672,130.84669479345538,-634.039499383736,5.1717681623727945e-8,3.057037621983195e-9,-565.9175668066912,-18.379477710982723,-11322.0,51273.83684789787,5.075057791931572e-6,-3729.839869016813,422.2839177709671,-2042.1417487337976,5.338979984156914e-8,3.0806138958081454e-9,-811.3867863224326,-13.752366560836723,-45099.0
t101,13639.177211019396,1.421464038167621e-5,-1829.9999970930808,22.610957576971675,-392.2166445460749,5.120205034084243e-8,3.053641208111742e-9,-3216.8579682361365,-34.713567668600426,-8188.000000000001,1507.188985915367,0.00013335101960482192,-1.2999240828305896e-5,1.5976607327579895,-24.73519915561021,5.2375730164570665e-8,3.0626525868483386e-9,-700.1595372022659,-8.892030690647811,-775.0,395.42621277506385,0.00010130883598998787,-3.522137828988006e-6,1.2098279767287763,-18.74109653829376,5.227710399855676e-8,3.0541983984027535e-9,210.1029498525059,-0.9979919028782926,-587.0,3342.686547122185,5.732980407409815e-5,-3.5082386262386133e-6,2.3959420569216405,-37.09268248315736,5.213287363603686e-8,3.0474334810666518e-9,-2114.3190290381785,-30.670831521198664,-1163.0,725.5033967460067,5.854221110063066e-5,-3.65152569034455e-6,0.27677464271927493,-4.283935016150501,5.239608724809534e-8,3.0538487030246527e-9,-584.5505744136848,-3.9457169001069716,-133.0,173.6483197006112,5.876965076967097e-5,-1166.6999728280878,1.4645369980063492,-22.666007041647408,5.220401109933887e-8,3.049992650450352e-9,1748.0808752121384,-14.827810833368837,-719.0,9.510500257028525,5.594650291321214e-5,-3.3859601978718648e-6,2.7080587475564544,-41.93207997174092,5.2637849507150203e-8,3.0644798419886976e-9,1329.4237609058048,-23.71029256858429,-1276.0,4015.4053166806325,5.4709594610063994e-5,-3.2413916149516054e-6,9.704806590991247,-150.21633100880152,5.2911430238099606e-8,3.0784196905576036e-9,1039.5366287646432,-3.430472631053641,-4911.0,9.141975480136567e-5,5.164268987699289e-5,-4.245138995806132e-6,3.306928148435477,-51.19079503840884,5.202855246903748e-8,3.0575589688420304e-9,1574.7521570545669,-15.868429018755844,-1511.0,14114.359711162044,6.26803744689133e-5,-1489.9999778208032,28.563349351439317,-446.65244383881,5.1557162232446026e-8,3.0575565599481332e-9,-1081.914168044956,-10.35653351943792,-11114.0,49790.76801987557,4.988329877201861e-6,-4754.213588129252,68.14851624224889,-2744.894654371557,5.294455845664631e-8,3.0914428887500884e-9,1795.9049051455627,-28.713203728219685,-44127.0
t102,13545.101701566977,7.156915357932291e-6,-1830.0000104786423,60.85916065798309,-462.2441625776587,4.958065426245546e-8,3.050615175740765e-9,-3074.2580075695087,-33.45868523393751,-8206.0,1507.1889288707466,1.187252354932408e-5,-239.99999458139993,4.276373442659773,-30.018288328635833,5.630337054183594e-8,3.400356257448244e-9,-452.2681534178673,-14.178877908239551,-775.0,360.00910054293394,1.0681295443273583e-5,-2.7737555126804656e-6,3.2394482581108055,-22.74456794061548,5.511733199719131e-8,3.3985516878673058e-9,250.7677640622832,-5.27175288439058,-586.0,5495.6842048724675,1.0559311205654145e-5,-2.6712049227958736e-6,6.412903393962487,-45.01499267202099,5.8396643606776405e-8,3.393904073055841e-9,-4237.503739901799,-57.578383616507224,-1162.0,1176.707669086831,1.0288548018584778e-5,-2.889082589356439e-6,0.7407028161078976,-5.198871995718978,5.138243705891277e-8,3.3968271935184064e-9,-1032.2816047328486,-6.967902622748674,-133.0,1233.5827592071882,1.1159999010233241e-5,-1166.6999964575762,3.9191299967069333,-27.5066220351891,5.601291993279739e-8,3.397929713938707e-9,692.8115790818733,-17.106861295156083,-719.0,9.510451406995765,1.0419457959037947e-5,-2.673226835234678e-6,7.2491333263502495,-50.8884418681857,5.9015992495226966e-8,3.4084216354406094e-9,1355.056933486828,-45.92808414597941,-1275.0,3950.1772733810394,1.0331270441118945e-5,-2.5646999251761026e-6,25.972398483936797,-182.297929573756,6.479023891393654e-8,3.3756831196775682e-9,1113.8238771791916,-3.675627217370628,-4904.0,7.502534755116644e-5,6.035968324894156e-6,-1.7958637017293423e-5,8.850621908446126,-62.123872532410125,6.0047739683523e-8,3.39666039256987e-9,1591.1422000969878,-27.86901263514501,-1510.0,13856.04868336731,4.167798459444406e-6,-2714.831971759514,51.57430507890675,-693.2622911428653,6.525417231055065e-8,3.2998986136939305e-9,682.7091849874773,-19.23791475743835,-11163.0,47349.96685560098,7.290759117219654e-6,-4488.7404195371055,136.10468871372132,-1721.6595991510997,6.078619112436514e-8,3.266359399695409e-9,3109.999966727382,-50.671499596307264,-44335.0
t103,7893.092565160641,6.477301333596601e-6,-1830.000202542634,102.88329721823659,-375.9106879955943,4.955305723036843e-8,3.0471933271791373e-9,2474.4896259981697,-31.554601219809733,-8233.0,3059.506207313767,2.2486663710380536e-6,-606.5518166695307,10.079110143396058,-12.367926737672505,4.67243097183566e-8,3.020513905760291e-9,-1650.7545767726508,-17.91099956242011,-782.0,281.7061765925691,2.0365675474849215e-6,-0.03427440665754308,7.631459863244892,-9.370483316322273,4.6568733853255605e-8,3.012475824952915e-9,323.45311831902114,-11.385999138043502,-592.0,10920.272596392331,2.0641734646766734e-6,-2077.183240966486,15.115359074391682,-18.546847955356874,4.648712446200271e-8,3.0012145838495385e-9,-7560.606370722609,-105.05149793246561,-1174.0,1840.6737948416414,2.3074336452133774e-6,-742.6376602675167,1.7461706953945575,-2.1420787720081336,4.693786973118576e-8,3.010006274457556e-9,-952.8402295371623,-10.799999304849864,-134.0,2102.152530232171,2.2296154529084254e-6,-1166.7018425363794,9.240015260108036,-11.333545642326538,4.667986771584122e-8,3.003410663951909e-9,-121.5321607108435,-85.82499912111926,-726.0,9.510435424570531,1.9426364185686573e-6,-0.04895263853554906,17.08375464648187,-20.96638260724636,4.70092667344986e-8,3.0211326196859236e-9,1392.3149506157913,-108.89380741216755,-1289.0,4369.519602587761,1.8955433597158997e-6,-58.22230742359132,61.227645072688446,-75.11098296668067,4.722626175004215e-8,3.035386610672458e-9,673.1072811070416,-22.521240365753048,-4948.0,7.103877916438006e-5,6.0441079813323955e-6,-0.0014373878337209489,15.176897963451134,-51.831877700545455,4.955780270582473e-8,3.030969651125197e-9,1592.3683733012276,-27.712033308456327,-1528.0,14113.458328268078,2.3603643152333027e-5,-3363.7785414902046,139.6185757699648,-332.78640191682064,5.766263953679164e-8,3.3078182168982226e-9,720.0000153466915,-19.511999631653993,-11257.0,46672.78695063067,1.27186716030918e-5,-4609.239730313514,365.2573367607339,-1064.1330431707077,5.715913612797792e-8,3.2609023726395224e-9,3109.9999730553227,-50.67149963933892,-44424.0
t104,8106.1105759150105,1.814179395392756e-5,-1830.000130512517,196.83877950424178,-246.10268259424387,4.9619606431921843e-8,3.0478323708822156e-9,2392.2125141232095,-31.05907432619317,-8588.0,3088.86854871342,185.73169802947348,-635.5901076173903,14.695242860214924,-27.228486130791794,4.653969998213857e-8,3.032940710006838e-9,-1770.565896284476,-17.910999603765944,-838.0,93.06273233617554,0.016895447186265563,-0.035221437201684545,11.088687222225005,-20.570770107946533,4.6345071673822004e-8,3.024701644916653e-9,561.8236757572648,-11.385999259217547,-634.0,13197.573920260691,552.3560927934345,-3723.114379510285,22.10625857047608,-40.384020962051416,4.634485501614355e-8,3.0116730642720944e-9,-8646.486373008542,-105.05149816767177,-1257.0,1847.8374594935258,169.33513543495602,-884.5770731222286,2.5479483171582706,-4.753431588983774,4.6723168043804965e-8,3.020238026090307e-9,-976.5900391608069,-10.79999940667604,-143.0,1949.1923994031936,0.0006587819526109597,-1166.7018597725398,13.312018560621048,-25.05871283404594,4.652477086295218e-8,3.0145371238052043e-9,92.08049501112647,-85.82499917118638,-777.0,9.510435432592415,0.02397677177755212,-0.0504065783405423,24.915588615590625,-46.035765741614796,4.6819613941179777e-8,3.032177191634362e-9,1503.5299788913533,-108.8938074923372,-1383.0,4081.699564824497,28.58396414225776,-60.57915947767726,90.6800356424684,-168.21333519345717,4.705304608703855e-8,3.0462246189010076e-9,1339.350170394408,-22.52124039495189,-5289.0,6.999871038068282e-5,9.054561990283015e-5,-0.0005951512102835414,31.093805529803394,-35.52234938109113,4.965657008902636e-8,3.0435436151097645e-9,1674.645484816358,-27.216506415958044,-1643.0,15894.846355716996,2.5047605501233994e-5,-4604.013791869096,283.54191595947276,-218.8625192945913,6.451543058247398e-8,3.3010861097345628e-9,720.0000140348737,-19.51199964956605,-12056.0,47728.07117027342,1.3768501993352491e-5,-3720.4513158195723,908.0266819582225,-931.9750259738082,5.9539074613876744e-8,3.2520571657605116e-9,3109.9999754252326,-50.6714996584037,-47043.0
t105,9112.8078100183,2.9338096224160502e-5,-1830.0000880175237,348.64139049927513,-263.2600621001018,4.96593501556654e-8,3.0441992777315345e-9,2244.840424603249,-31.029505472246267,-9582.0,2854.4918631982387,267.5628977437003,-553.7589487773166,25.40455085721506,-22.34455759253753,4.655719279047706e-8,3.031325478929722e-9,-1634.4448058640237,-17.910999603726182,-919.0,57.423480619466325,0.024480542443856335,-0.02767348303733026,19.174300193890968,-16.785572126495747,4.6378723228519234e-8,3.0234635863543573e-9,647.5769834996058,-11.385999285654508,-696.0,14453.058504526804,339.744601630154,-3935.725913043478,38.15247496983388,-33.31942055140008,4.6348256794838626e-8,3.009084170790145e-9,-9377.858749422456,-105.05149821469074,-1379.0,1711.1531240124607,251.86782452099894,-802.0444295644035,4.404613647380576,-3.877365821164675,4.676905435688043e-8,3.0179727430505737e-9,-992.7037674062458,-10.799999432883084,-158.0,2009.1612638030338,0.0011567140760430682,-1166.701386947404,22.755239761508665,-21.366739387295645,4.6579200952817185e-8,3.012188216705492e-9,93.97546482249686,-85.82499916371636,-852.0,9.510434602559151,0.03531615855481056,-0.03909410549959269,42.519682747091004,-40.09846497131093,4.68708401957934e-8,3.029543752492935e-9,1614.9659329928907,-108.89380747963293,-1518.0,4073.8340238527026,42.08841416318775,-47.07473595753065,153.48181825622476,-154.43923301966868,4.708847454449885e-8,3.04441310309134e-9,1751.6309530741305,-22.521240391461813,-5797.0,6.958758385435006e-5,0.00011224031849383249,-0.0003417532269543476,52.59085970327172,-43.42133741424102,4.964130505238433e-8,3.0420241966953348e-9,1822.0175751539887,-27.186937559012122,-1804.0,17076.547490430974,2.3751971964631823e-5,-4734.6420510416465,476.2587846827245,-338.65226154402,5.752321844659694e-8,3.3009595525750025e-9,720.0000133148764,-19.511999642965872,-13180.0,49579.13527697188,2.0666493288297022e-5,-898.3965682841996,1540.00829474907,-1387.0754998526763,5.734650626695621e-8,3.2568747084028084e-9,3109.9999752314866,-50.671499655329605,-51893.0
t106,10603.134854984095,3.441780586974965e-5,-1830.000075398799,596.7977144590893,-497.85765471155383,4.970853496748735e-8,3.0452060150403894e-9,2074.781094612177,-31.85596872823851,-10915.0,2859.0833815013516,264.1595083245777,-557.1623516621107,42.823384101873785,-29.192552716880027,4.661112750739834e-8,3.0331564778292716e-9,-1555.8003699881037,-17.91099960113593,-1006.0,51.25365058537671,0.02374814327107494,-0.02841839507868927,32.333714909374784,-22.07073032075794,4.636355893146605e-8,3.025583425936246e-9,711.8740343117595,-11.38599927631511,-762.0,14988.71604876003,576.5397737721203,-3698.930754817963,64.23904115113372,-43.55148556552525,4.636162324172784e-8,3.0106772023328864e-9,-10271.961125086538,-105.05149824089517,-1510.0,1694.5778988479597,312.35917483417586,-741.5530946782527,7.451371697114375,-5.0630368855704795,4.673844178694146e-8,3.0194951856633936e-9,-1084.9723144027187,-10.799999461401798,-172.0,2446.275889184139,0.0011031967042187164,-1166.701449494795,37.371456700094754,-32.6124842427634,4.655465498505131e-8,3.0133368182448466e-9,-266.509514937054,-85.8249991556913,-932.0,9.510434707484938,0.03348251250645361,-0.04093715019765526,69.48817124723239,-62.88254810475835,4.6855929139171537e-8,3.03076988510639e-9,1755.7852041307003,-108.89380745495727,-1663.0,3577.9606552871383,39.51470161750039,-49.64845808115088,248.16194199502868,-268.1936982725894,4.708006994384797e-8,3.0456050355079874e-9,2814.7260977446354,-22.521240389404692,-6340.0,6.952057024651716e-5,0.0001101927250459239,-0.0003430263981815869,86.08588532941988,-72.14922705656578,4.9693729502658955e-8,3.0428786311014378e-9,1992.076905798644,-28.013400812971145,-1978.0,19019.50655007233,2.3317365395026072e-5,-5540.526940902833,787.8958361874954,-535.3634812113169,6.36227948805674e-8,3.2944825526147245e-9,720.0000121313525,-19.511999647940137,-14432.0,52081.61857921263,1.6876145724992643e-5,-9.409688900952334,2851.7116269585385,-588.2490101552636,5.77230719625069e-8,3.2516592851614557e-9,3109.999975685144,-50.67149966171329,-57395.0
t107,12114.9967846225,3.779153563726073e-5,-1830.0000692004467,795.3369927074777,-903.6416312279949,4.9752462412826325e-8,3.0465750611870157e-9,1886.498198682319,-33.190313401558015,-12030.0,2967.977962306292,260.87243821735757,-560.449429669285,55.58605694274776,-45.11932300394124,4.658789070159094e-8,3.0336518804240515e-9,-1582.9567052337236,-17.910999598916447,-1078.0,60.64437857225303,0.023751846400356512,-0.028422119962489573,42.032919322321995,-33.93098379027297,4.6279727618836174e-8,3.0268442856198145e-9,758.6443553317661,-11.385999204654844,-816.0,14268.430803190859,1320.3286408376196,-2955.14189497641,83.05746873391271,-69.07542889891306,4.627898972099011e-8,3.0120460751235268e-9,-10925.548090710949,-105.05149815321042,-1617.0,1736.3060638391946,355.2928255118782,-698.6194520196534,9.849003697084303,-7.015794593893739,4.665234151198317e-8,3.0207302152631266e-9,-1200.012647052716,-10.799999425853084,-185.0,2864.9185637251826,0.0008097554018994221,-1166.7017478278974,46.152609717686055,-70.46792106291879,4.64962710733529e-8,3.013398347622481e-9,-589.077315142152,-85.82499914758662,-999.0,9.510435303963227,0.025766423173709654,-0.04865804317543142,86.38896973135195,-129.62714871341745,4.6735365463709353e-8,3.031425750734238e-9,1923.6444425786403,-108.89380741770785,-1781.0,3215.5523493008586,31.703574519792028,-57.45958994837599,320.3140870671724,-420.0371521831481,4.698133329569971e-8,3.046032790019193e-9,3718.447971572654,-22.521240382320862,-6786.0,6.96227299764122e-5,0.00011196376795244737,-0.00034572475915065504,108.09995430668911,-139.111846862649,4.9688691198623965e-8,3.0439002477351272e-9,2180.3598021407147,-29.347745485379342,-2120.0,20978.38541130125,2.3347519250717986e-5,-6263.648601536861,1008.323511136068,-948.5483563796363,6.364734739344089e-8,3.2875431790771507e-9,720.0000117314546,-19.51199964908465,-15475.0,55910.14466576401,1.4881155930540283e-5,-39.65897206770441,3828.8165539496426,-784.6307386874829,5.747941619924477e-8,3.251049810113852e-9,3109.9999761019913,-50.671499663981976,-61974.0
t108,13545.168149079998,4.085959195524877e-5,-1830.0000645455427,997.0634593384464,-1201.3398092122582,4.9790786975246634e-8,3.048279609340151e-9,1349.7948378553797,-32.68661328328207,-12828.0,3246.955418506334,240.54208348507956,-580.7797900729227,67.2700944681505,-63.81549872243389,4.673795857956147e-8,3.0260139024809144e-9,-1757.2613081351344,-17.910999572390455,-1135.0,83.66870027299588,0.021978809610054235,-0.030200688578979104,51.127682071149124,-46.20796359590765,4.64686547633283e-8,3.0203731805244107e-9,781.8058021271811,-11.385999040287127,-859.0,13582.586038620075,1777.2655688353223,-2498.204973108051,99.35173205658921,-106.01520334737152,4.641215486047188e-8,3.0055953888242984e-9,-11046.931664467373,-105.05149877193405,-1703.0,1844.4254850762331,349.26480080773695,-704.6474825463908,12.143584763843094,-8.773565855125169,4.690509430777495e-8,3.0154784375104954e-9,-1287.6128229496044,-10.799999337917596,-194.0,3034.25037022299,0.00039914980941458913,-1166.7001449666202,63.03185470031153,-44.55773453525372,4.920068587987212e-8,3.0192808415877376e-9,-751.6379300224729,-82.38681453128922,-1052.0,9.510441485334548,0.000664186413787407,-0.00016834268152309247,114.89057198032,-93.90344764681781,4.953948495834892e-8,3.035661117535928e-9,1949.2606378010535,-102.75869949588947,-1877.0,2489.308178609935,0.0006564005936665964,-0.00016484283485795412,411.4616320026175,-383.8122034755308,4.981420760497034e-8,3.0510672636372605e-9,4645.278012477892,-20.236111194858374,-7142.0,7.027664017667601e-5,9.725096054198297e-5,-0.0003339233826045454,134.19286896940832,-155.9014338286582,4.9688477786179186e-8,3.031041694048917e-9,2287.304447744817,-30.595716535236143,-2235.0,20359.209280723087,1.1348008182113182e-5,-5062.220228399931,1244.0521552450084,-948.5292327944683,5.0099388401753605e-8,3.0483712648002566e-9,720.0000134783483,-19.511999624950747,-16293.0,63137.006055732985,9.092328743691481e-6,-139.55135675249267,4105.366975133156,-4082.150157557332,5.3187909630183725e-8,3.072441909213803e-9,3109.999974089914,-50.671499644554586,-66080.0
t109,15248.807205516028,5.1742440496663566e-5,-1830.0000474330543,1277.0669037088549,-1274.2172250538183,4.9881346534942486e-8,3.0471727518781748e-9,157.60396395877675,-28.2608524382039,-13551.0,3548.61033115602,267.0358901191817,-554.2859834095808,82.73865430494217,-76.87900364473464,4.726472065569365e-8,3.048032828120157e-9,-2065.3088890401605,-17.91099954931443,-1184.0,133.11133042678608,0.025166229207369308,-0.02701417792689523,62.409556156117944,-56.99808925013356,4.718142647124301e-8,3.0412299719288834e-9,769.8650495821548,-11.385999012153636,-897.0,12868.648316329367,1932.7959418256528,-2342.674600389782,122.73932891640447,-119.08817281522951,4.7116953958524386e-8,3.0309725388262783e-9,-10581.369314994803,-105.05149890855687,-1776.0,1907.3461102826063,394.84440645987587,-659.0678786084445,14.775611613958896,-10.911410709863373,4.748172098573044e-8,3.037654462562741e-9,-1433.1868396088116,-10.799999475650575,-203.0,2988.717793046079,0.0002895598960801542,-1166.7001549909328,76.26322792118648,-64.203280705422,4.9643580012345534e-8,3.043211657125561e-9,-657.3420098991471,-80.7358656340627,-1096.0,9.510443568725268,0.0003709213993669443,-0.00018083371945703923,141.59353975113058,-125.78049638861421,5.008228620647934e-8,3.0567757795100676e-9,2036.2439357190717,-102.56761279470165,-1959.0,1864.9172428869042,0.0003658953705992939,-0.00017438343243833735,511.36452422493926,-489.7501103502589,5.046456459701794e-8,3.071255486008778e-9,5577.044689004657,-21.576537320627946,-7442.0,7.125687774166642e-5,8.967692966458133e-5,-0.0005490452921571891,168.8145304027093,-170.40597251238017,5.006569369742286e-8,3.050193349968705e-9,2366.4494266707597,-30.857596493573034,-2334.0,21076.630269403195,1.5040997194394231e-5,-4472.409752567252,1463.7973997223205,-1659.5059416213994,4.995366060811766e-8,3.043407252597469e-9,720.0000096545583,-19.511999665696983,-17109.0,66054.31609432491,8.348275458414396e-6,-34.75820942859122,5096.096243210337,-4218.9826154623015,5.376234989112887e-8,3.0714882963758827e-9,3109.9999789529434,-50.67149968619096,-69956.0
t110,14746.96149481334,4.5912778729961825e-5,-1830.0000581871902,1340.4845355673797,-1129.6615560215805,4.982726349128002e-8,3.0491974163308285e-9,683.9038168396959,-28.688278839146637,-13783.0,3692.800994853805,249.47649685313755,-571.8453717229603,79.22489734315552,-102.70216779157984,4.6259781425110965e-8,3.3072539491138383e-9,-2130.043850022625,-17.91099955281692,-1199.0,91.3682386449141,0.023349304896079788,-0.028825331914256017,60.36601710879224,-75.31739084695342,4.611691834823845e-8,3.3095540739426043e-9,841.974610164542,-11.385999088704647,-907.0,12914.321989493968,1922.722121852539,-2352.748414398777,119.37641308471197,-150.78802654325966,4.671321519352535e-8,3.2960828921773527e-9,-10549.832584603177,-105.05149892956867,-1798.0,1885.0183887086546,428.38256230349384,-625.5297177026501,14.593839497022099,-13.566905000247813,4.5493040830869516e-8,3.3039958773353535e-9,-1472.0981684215963,-10.799999429244188,-206.0,2678.589045249637,0.00021554890718703353,-1166.7002260373772,79.07664657185559,-56.53495645460282,4.858959218919958e-8,3.3078766664746636e-9,-345.6939342000371,-79.73678803291732,-1109.0,9.510443774221917,0.0002610905451571194,-0.00027817305767716696,147.51209011660006,-103.87317865650218,4.9178940200172296e-8,3.3174561624891474e-9,2030.083126231771,-99.23246443572926,-1984.0,2684.006749819285,0.0002560360353746269,-0.00027804093133613876,527.4120184889977,-402.89055860867217,5.04871314055482e-8,3.3121794342878795e-9,4741.707006052925,-20.23519379215748,-7530.0,7.417300359542033e-5,6.694548548623877e-5,-3.666971884004263e-5,172.8103633037787,-159.24462309772883,5.056300917587807e-8,3.3222275862481542e-9,2382.2153735533743,-30.781218258384612,-2365.0,20583.451011578938,1.9268629569797325e-5,-3407.948962493026,1441.142289317548,-1894.0067686699215,4.919470365713148e-8,3.033283392074645e-9,707.7846289712135,-19.422218007459175,-17411.0,69306.22867450812,7.026743713390441e-6,-25.137460987379256,5064.560020910692,-5386.979717033342,5.2022976518940473e-8,3.05966442192967e-9,3109.999975433913,-50.67149965867079,-72018.0
t111,15185.033229911558,4.281386022051187e-5,-1830.0000631970145,1336.9683575617225,-1564.0922866774793,4.985802808979588e-8,3.053605736681065e-9,799.1369422823439,-29.04622257212836,-13898.0,3582.417113078827,249.65572833233162,-571.6661400330362,78.94637630635117,-112.04867816322961,4.7416373971453136e-8,3.0465562353017478e-9,-2000.39340001039,-17.91099955986438,-1209.0,113.40551129670872,0.019051160590058413,-0.033123063708312334,58.7815792236995,-90.1588378472,4.715326317317506e-8,3.0416879227136494e-9,844.3718183223544,-11.385999140782197,-915.0,12968.106010005074,1937.2556852486603,-2338.214850677919,120.44653768488645,-156.19644835277634,4.715590319595693e-8,3.0283467685760794e-9,-10612.345434868594,-105.05149901851873,-1814.0,1977.8045040549662,420.6420321022679,-633.2702516695222,13.850528143769937,-18.59383676191893,4.7560158892167066e-8,3.038584299218014e-9,-1541.6329764433717,-10.799999473958083,-208.0,2414.6910667685056,0.00016302873105796317,-1166.7002919079084,72.2261201475583,-102.8029759528303,4.9729587679406034e-8,3.0405286832610487e-9,-20.22196782122787,-78.19211431081493,-1119.0,9.51044630501795,0.00018393760449852313,-0.00038343718199881964,134.3546608912375,-192.79100449781356,5.003122996687504e-8,3.0566978565197137e-9,2146.74086906518,-96.8147723093932,-2001.0,3575.702683172456,0.0001775991481971163,-0.0003750496982482049,496.27106492342597,-641.3214060605815,5.03482002105936e-8,3.0706912706805512e-9,4184.344170572407,-18.996315174565105,-7596.0,7.710983981630486e-5,2.3213764119239585e-5,-7.381912325045997e-5,171.93265986229977,-185.4984056816075,5.0582182969648955e-8,3.053213199180699e-9,2429.99575109737,-30.43003183153555,-2386.0,19439.405741288327,1.5922723720898265e-5,-1925.1345359290754,1474.2971914604286,-1907.5016364104897,4.9529706146423515e-8,3.0366593081762754e-9,660.0042551851143,-19.071031551467893,-17722.0,72221.74778544469,7.649037812805391e-6,-18.332885348929775,5022.810413526038,-6497.553793939903,5.238707351294439e-8,3.06250169156532e-9,3109.9999726188134,-50.67149963145885,-73788.0
t112,15990.649621152575,2.2198152361450767e-5,-1830.0001437785813,1421.0067083051395,-1474.032695803024,4.9698732021754084e-8,3.0566995348988806e-9,-76.15581019409635,-23.467701999306126,-14008.0,3283.0217636966577,0.000250364662456303,-240.00029115391823,87.64696569071529,-87.64696538539705,4.9915932857906104e-8,3.0604091276504624e-9,-1803.324469983375,-16.69725325788942,-1223.0,169.71745104881242,0.00025041951090613087,-0.0002953980415198247,65.85538275127807,-65.85538253578711,4.9722038724798e-8,3.0538260879705824e-9,764.4241151388027,-8.141521470590188,-926.0,12352.787226843726,0.0002550512417405416,-0.000300812822024596,130.85828223490233,-130.858281821387,4.9722613672041685e-8,3.044672071217841e-9,-10416.446787209954,-102.34039436662249,-1834.0,1980.7131066209452,453.3566836573465,-600.5556006255512,12.950371388316576,-25.664563740214362,4.7734134386331647e-8,3.041430827452398e-9,-1599.9999973515137,-10.799999993057806,-210.0,1918.4051556548109,0.00013063059737107444,-1166.7005806297702,76.47355949713476,-98.97246082452148,4.9805976899731574e-8,3.045733827759446e-9,475.2062456770965,-73.41204881545588,-1131.0,9.510448802217908,0.00014928592079043235,-0.0009138429082266286,146.2030190950243,-168.2057542403618,5.0173925230832276e-8,3.0605944544695342e-9,2131.0621546290895,-94.56910377552927,-2024.0,3399.5953447026973,0.00014448316741726852,-0.0008980414920016787,537.7536182016604,-566.4885787115714,5.051875111186546e-8,3.0740465862572555e-9,4325.2345602615615,-19.094190950982078,-7677.0,9.994547508766621e-5,2.6419543105044135e-5,-8.832396996915113e-6,184.43016887113214,-171.04625616967883,5.237994712140303e-8,3.061044876396257e-9,2431.03833836038,-30.42236864379741,-2414.0,17914.433529455127,3.256397188856693e-5,-1104.2936046156358,1625.3757326960501,-1598.3888593687952,5.188121974690193e-8,3.0542809141257387e-9,1277.4284705938826,-9.555301360706075,-18105.0,74198.9759538152,7.6080954097537744e-6,-21.27304375060119,5385.202870132107,-6701.275535172305,5.34352883648044e-8,3.075684431686343e-9,2491.5331800781264,-41.163432658484034,-75312.0
t113,16346.539832545815,2.29855524589086e-5,-1829.9999721031436,1593.186209466074,-1593.1861503044956,5.186911218927464e-8,3.0671117447199774e-9,-188.95782971295915,-12.582112931815669,-14315.0,2808.7729639965532,3.289369362105006e-5,-2.3972851446989516e-5,99.07273516370991,-99.07269381455093,5.218158860133583e-8,3.070486596260005e-9,-1543.605281163105,-14.16773314996083,-1251.0,83.82873373851203,2.452153065639552e-5,-1.3956330133377304e-5,74.97485580561892,-74.97481513624702,5.199121722607636e-8,3.0644798648358653e-9,866.1711377461376,-2.999922767643759,-947.0,10662.052740935791,2.3998976723680806e-5,-1.4166665544403176e-5,148.61871332096268,-148.61868542361012,5.19711443871633e-8,3.052374709887995e-9,-8717.869285981162,-68.18349270756568,-1876.0,1912.4749529664955,483.1189243147939,-570.7932059281997,17.231731409550836,-17.23240406498789,4.80717858835809e-8,3.044810351006465e-9,-1599.9999987572098,-10.799999997739922,-214.0,1479.6211124279002,2.4240706947055263e-5,-1166.69986496981,90.70859107168117,-90.70856400157616,5.2067408042575075e-8,3.05628906832894e-9,901.1734373583469,-57.09473608898306,-1157.0,9.510506229087364,2.1526200188264166e-5,-1.3324787248405604e-5,168.24565164131187,-168.24562349127487,5.249650067940433e-8,3.070353471017555e-9,2137.1856228330394,-74.69616545368667,-2072.0,4301.287665096468,2.0734872849834526e-5,-1.2579224037634284e-5,610.1396726537953,-610.1396421392687,5.2871934410404176e-8,3.0836880555870156e-9,3562.4634256337035,-13.751129456727735,-7850.0,0.00011149630547077916,1.0063952210232645e-5,-2.0402159638972335e-5,203.94243188972973,-217.3263325406308,5.2143909557120067e-8,3.060442039636238e-9,2512.0422435698088,-27.658444125163676,-2471.0,17084.21331420309,1.1505914144774168e-5,-13.788479983160386,1825.191204109155,-1852.178064002169,5.173816524206933e-8,3.0542206131215326e-9,1620.4132144722726,-16.851200333163124,-18647.0,75350.71978965637,7.216949693049767e-6,-24.486611106938827,6416.75790276908,-5306.297930421847,5.339405537819515e-8,3.0770065294927707e-9,450.983314001126,-21.676472092083472,-76866.0
t114,16688.540458228083,1.3589553919206583e-5,-1613.6602018752592,1512.9109643641102,-1512.9110118461815,5.1948637874613754e-8,3.074987721619363e-9,-760.0002181488983,-9.880004298029993,-14305.0,2321.7381841083547,2.2486283226107983e-5,-2.6656147548008957e-5,94.61714098019375,-94.61717383541865,5.241470316604703e-8,3.075527091510686e-9,-1068.8522443120705,-2.8859028160345885,-1250.0,78.00740871281725,1.3861823193147588e-5,-1.913084946237801e-5,71.6272133840664,-71.62724556078456,5.2343898469026954e-8,3.0684241013678388e-9,871.8144605122249,-3.8218318277695658,-946.0,8362.726661084609,1.565288245809458e-5,-1.6012680691517568e-5,142.10480333395526,-142.104822752256,5.234079275653061e-8,3.0570972806262717e-9,-6432.241540881222,-56.48510049068896,-1874.0,1638.4920846332736,2.3679023766301154e-5,-1.1377423664471364e-5,16.518437591257157,-16.51842727831775,5.293444020559721e-8,3.067973961978064e-9,-1414.941253160896,-9.550854135748262,-214.0,1118.9989334729357,1.6821194659305192e-5,-7.973409774637597e-5,86.70219926882906,-86.70221810715319,5.238158138303793e-8,3.0620096014810947e-9,76.44898942324741,-39.447840950460275,-1156.0,278.25049762551015,1.253748638758055e-5,-1.6401679447818355e-5,160.80696536399498,-160.80698493658915,5.283788604263498e-8,3.0749808557265357e-9,1861.4648647460142,-69.71533897835039,-2070.0,4675.169788056268,1.1902232816446584e-5,-1.5398812854440168e-5,585.9090536867358,-585.9090748314511,5.327737257982577e-8,3.0880514205957702e-9,3176.3070502566234,-12.476813730184142,-7839.0,0.00018169222372112751,1.5348850458358498e-5,-1.0276819347677013e-5,197.37186085290463,-197.37185425875754,5.2621444850619425e-8,3.06491119221587e-9,2498.9232206257075,-29.92341403413788,-2469.0,16947.487739296048,2.3515525240763664e-5,-1.9360843407406294e-5,1756.5040399637405,-1756.5040355099281,5.185267391243147e-8,3.0525123827109845e-9,1791.0766658033601,-18.564413741576843,-18720.0,76532.09629294965,7.137154333430714e-6,-25.13560672512177,6282.264633930643,-5557.415330769222,5.324007210723994e-8,3.075120763252146e-9,-599.9999948640904,-9.810002088942523,-76622.0
t115,15302.167121728535,2.6515446259037376e-5,-1.70345095431595e-5,1839.10995949308,-1338.9782704232814,5.064900466027091e-8,3.2106051326078668e-9,-979.6620613014926,-12.63675903909752,-14810.0,1889.4443914991334,96.51466976833295,-1.1960730164451864e-5,124.65335031637746,-48.43460581818503,5.502111992949863e-8,3.407484596818301e-9,-778.6753701735767,-17.502423682746127,-1266.0,58.55881939253453,4.5718900289608154e-5,-9.692199333529995e-6,95.86706389069883,-31.37239463748303,5.4434430503992744e-8,3.410508255245361e-9,844.1877158883599,-9.24124061298292,-958.0,5088.022190978107,165.12698167013383,-7.98522504023465e-6,186.51083287970195,-77.24152432152091,5.619903909433968e-8,3.40369735373124e-9,-3384.9324418943265,-78.48603138365426,-1899.0,1145.9838338164707,0.02337002822500426,-8.115979194688631e-6,22.142599305415867,-6.498990687884403,5.206110421697678e-8,3.413213857098686e-9,-938.3171629607538,-6.333641434561841,-217.0,1286.0030775315581,5.850775752058792e-5,-1.5730903393537647e-5,115.44763604197706,-40.4511672130945,5.5014832872481e-8,3.4142471340374095e-9,-162.80646313010695,-27.193126419530863,-1171.0,756.010378890758,3.185995617324663e-5,-9.94225494384132e-6,211.29623567901768,-90.12273284818556,5.6596367001113717e-8,3.4111813950698917e-9,1285.9648365713747,-65.14874026458945,-2098.0,3474.2039397970916,3.142262571063856e-5,-9.844980567034011e-6,735.4132172159397,-498.6187872259943,5.9254165590420344e-8,3.3779320317690646e-9,4238.990278543887,-13.98866993048035,-7936.0,0.00033735856003032117,2.5190721081569893e-5,-1.0315905827632946e-5,256.09611806539294,-121.88460927994072,5.718950715348113e-8,3.4035939500553477e-9,2385.2504055816303,-16.462266656698837,-2503.0,15832.448971364141,1273.347279506431,-1.2653288766854814e-5,2316.951685863495,-888.9381019170415,5.1344636706948426e-8,3.049161544569321e-9,600.0001796582494,-9.810001855563632,-19124.0,75732.250927935,7.394007265087743e-6,-29.87230127290477,7782.278354865672,-3603.9855730950594,5.211758705173134e-8,3.0735108829709357e-9,-3109.9999167832434,-50.67149903354558,-76720.0
t116,14394.551385331935,1.58781251596322e-5,-1.830937581221256e-5,2100.330534213854,-301.9134671460843,5.247330082726808e-8,3.083463378605909e-9,-1396.1053275870133,-17.863122499656207,-14779.0,1860.819214511647,111.10685622747967,-1.3202835650352518e-5,125.89854311799195,-51.07788205354124,5.920130816853874e-8,3.4094527627215437e-9,-775.2535339455313,-17.493184711618454,-1254.0,66.59484152509518,2.433761804382741e-5,-1.2554035870688893e-5,96.08415009829885,-34.95018625238891,5.780892457769819e-8,3.4131864598737386e-9,831.5469742457778,-9.275791458315595,-950.0,3152.260054832259,1612.929442178339,-8.385197135388177e-6,192.12986667507198,-63.50592474236541,6.156665407002407e-8,3.4089608687502626e-9,-2939.3011586223756,-72.51227197664173,-1882.0,820.8397459412901,0.012307493035568518,-8.565345684109772e-6,21.79609937770755,-8.37096676939583,5.28061066721502e-8,3.4203969673786843e-9,-615.125082719532,-4.15209481037707,-215.0,1575.9851384226479,3.853646309966185e-5,-1.8768097369865223e-5,116.39858103080822,-41.46364876729192,5.892207019927025e-8,3.418981897978296e-9,-469.10150064815804,-20.818590828498714,-1161.0,756.0103897876901,1.619347884013081e-5,-1.3880473758377288e-5,219.10819830582489,-69.06409491512402,6.232938748478183e-8,3.4246630386660633e-9,1239.752232185723,-67.80672773933868,-2078.0,2855.3999420126524,1.602859654579204e-5,-1.3701435692219307e-5,834.2731167213882,-131.63844258191156,6.677311816587351e-8,3.3733936572853477e-9,4329.25191492438,-14.286533427931245,-7873.0,0.00037259121600034833,1.5082344843543058e-5,-1.4075359330090993e-5,269.7702205655861,-79.97120004580972,6.33904263858156e-8,3.4027964426132184e-9,2304.335166448334,-16.134560629781195,-2478.0,13997.680730547007,2640.5925835164776,-1.2866329750744614e-5,2451.2017865298035,-588.6653083340176,5.1426239760158026e-8,3.053482178418493e-9,600.0002228149597,-9.810002234219914,-19091.0,71746.40717530811,1.213643628633913e-5,-29.720688890672605,8371.101742851848,-1381.1168354696017,5.214430754361891e-8,3.078610822379633e-9,-3109.999907096565,-50.671498982253425,-75546.0
t117,7463.615912442347,1830.0002517823357,-1.862839789739776e-6,1908.2394319444643,-3.306943032074095e-6,5.5020245142745514e-8,3.0893239940126275e-9,3216.857976605942,-34.71356774841794,-14384.0,2062.915901046309,821.3218421143172,-5.997790962534836e-6,127.434201949642,-1.6896946514708766e-5,5.530741595210701e-8,3.4192371290828355e-9,-1749.9470626224606,-4.724859645589182,-1257.0,57.16849004561425,0.052113703212806624,-5.616154626815675e-6,96.54640163919994,-1.6340029817240158e-5,5.472624173186027e-8,3.4177625747434073e-9,807.434806588061,-9.201790075139835,-952.0,2991.8008198245016,4275.470543689835,-3.5356927817335698e-6,191.09997540850506,-1.6336820286729815e-5,5.647293583342754e-8,3.412008089204411e-9,-5511.048900652284,-61.32241845227017,-1886.0,835.6804452065975,968.0640741404155,-7.962493215496217e-6,22.066958329111205,-0.011490285929433929,5.208862237508631e-8,3.4197317917845066e-9,-1599.9999795483775,-10.799999930650616,-215.0,1598.7769271267753,675.425060562716,-8.593893179022987e-6,116.77892770389026,-1.5580026203815332e-5,5.5309667492254805e-8,3.4166324428938067e-9,-1175.3037618588705,-51.677129418535365,-1164.0,756.0103991836512,0.07402434444977443,-6.433193393252298e-6,216.0276618625526,-1.61022418849306e-5,5.685949908455771e-8,3.4166138511798162e-9,1184.0745661813417,-76.18662909250114,-2080.0,3143.5236641450715,89.16276862040826,-6.350878250394754e-6,773.9258566697014,-1.7057019891969944e-5,5.952198041006605e-8,3.37920009659597e-9,3906.278454626083,-12.89072069602668,-7900.0,0.00040917348161342344,0.0023271435297667884,-6.209598734778091e-6,263.73618974133365,-1.6209161508213718e-5,5.73777650815023e-8,3.4094276435981506e-9,2241.6537950210845,-26.39269871770045,-2479.0,14360.687360387887,4788.318329192219,-1.531831903040727e-5,2355.2374150358787,-348.731216457734,6.616298443378998e-8,3.274661884229863e-9,-1919.9998743176814,-19.51199858326642,-19216.0,64065.68864624843,1814.973438652565,-9.297896161287513e-6,7688.14795701059,-9.911861999092108e-6,5.541735751826339e-8,3.2546351925635176e-9,599.999979977162,-9.810002918233433,-74159.0
t118,12234.118648469303,2.0928220268991635e-5,-1.4520942449263578e-5,1744.3722656556768,-0.00014020791281523,5.276212075731659e-8,3.0845022144311383e-9,588.6896911341282,-5.180471482851928,-14562.0,1860.8192426947644,100.10897302283718,-1.137389312305999e-5,111.57447894554541,-46.51117994413181,5.352613052378239e-8,3.089420068873409e-9,-767.5192014771746,-17.47230191222491,-1241.0,67.14298812418816,1.7412387884335032e-5,-1.0291958427751761e-5,84.54269325550126,-36.96830882645598,5.318647971427854e-8,3.084899088189032e-9,833.491554075144,-9.208933800076563,-939.0,3119.182412313811,2216.1740573728325,-5.891506845768465e-6,167.32799829465944,-61.57920352187622,5.321348180121622e-8,3.078912481441949e-9,-3504.8142370529627,-75.29102155341963,-1861.0,822.906541749473,0.009281293711973655,-6.415670480217293e-6,19.337084740616675,-9.460297072445991,5.3445296565875556e-8,3.086053428420959e-9,-616.6303490376258,-4.162255309000668,-212.0,1575.985163594855,2.8921661150018078e-5,-1.4829108454887022e-5,102.26052613544545,-43.4442274549119,5.3198038029906586e-8,3.079195468893238e-9,-457.22989927359504,-28.5715771126337,-1149.0,756.0104028387893,9.896531150780876e-6,-1.1499749710362877e-5,189.14406036107002,-63.03683174297674,5.3751051356574e-8,3.092863326606569e-9,1228.8104158135384,-57.92804571553617,-2053.0,4311.974603169301,9.286655913357012e-6,-1.0927022654558914e-5,677.6940276279869,-104.67582248294327,5.4077208703538434e-8,3.105793219164708e-9,2924.658568489223,-9.651375201633787,-7800.0,0.0003908925462706001,9.323301245205937e-6,-1.1411314381220224e-5,230.94177698697413,-56.249202690600605,5.320769829334822e-8,3.08277934135639e-9,2280.5432414977263,-9.236204648734523,-2446.0,13323.437373435188,3156.9177991783035,-1.1362846753798784e-5,2040.3665506378395,-518.911840006594,5.268553088843012e-8,3.0660759798803666e-9,600.0001297433886,-9.810001657719285,-18592.0,70676.4102906691,1.238322975538654e-5,-129.19555548938098,6275.645972700329,-1275.1893076716856,5.3708910158864814e-8,3.089110214180048e-9,-3109.9999139117904,-50.67149891460632,-72387.0
t119,12924.766025108733,1.943446293291382e-5,-1.8724486080035176e-5,1409.692482188609,-54.31398779548898,5.360412433298732e-8,3.290563585101939e-9,-598.3657640924794,-7.778756205896794,-13674.0,1658.7225919987914,116.56527566985794,-1.1130839021210937e-5,87.97828392152718,-38.00319929885809,5.347716152873079e-8,3.0969455496315704e-9,-660.0807230815285,-17.182218118936028,-1148.0,60.95516954954916,1.9101720974185666e-5,-9.649535439521106e-6,66.6636597267443,-34.05861257952513,5.3255662965118587e-8,3.089901861337976e-9,784.0829817131583,-8.64320791362639,-869.0,3087.3735205619805,1308.6384706440326,-5.923550877060539e-6,131.94006202741383,-59.69755686332417,5.326009052374165e-8,3.0843457928936156e-9,-2675.58890941956,-70.66558109470256,-1722.0,822.2636554425197,0.008947134051865271,-6.282842692375217e-6,15.248639289089988,-8.56561450747217,5.3539251191160187e-8,3.0912995528181524e-9,-627.7185206469603,-4.237100479813751,-197.0,1553.1934041345266,2.8823836892348246e-5,-1.450926335723002e-5,80.63564748218043,-41.24193771065025,5.3193348719799225e-8,3.0868590817697218e-9,-511.9242476355157,-17.6628806264851,-1063.0,756.010402957114,1.1481465370812238e-5,-1.04109031561858e-5,149.12733392720034,-62.92120183707377,5.375462250452076e-8,3.100204566556968e-9,1110.4911978174412,-55.707733984308746,-1897.0,3276.603728045423,1.0748893839182555e-5,-9.947636322938419e-6,534.3614795290974,-104.18015071262194,5.4121093265005294e-8,3.111010835456247e-9,3528.860182820572,-11.64524052839186,-7224.0,0.0003953634745621876,1.0687005988501339e-5,-1.0183802785488317e-5,182.06198865164887,-71.20158548224077,5.318243554933562e-8,3.0894243045758544e-9,2160.2435633114064,-14.104362397622554,-2257.0,13990.231688773418,1370.5378092262981,-1.1324786115243202e-5,1593.7313864242003,-596.6910282112265,5.2647840600895626e-8,3.06875873821993e-9,600.0001567403658,-9.810001661250233,-16948.0,68191.90823367472,9.275713176106958e-6,-143.30326934402555,4809.2042525161705,-2946.137809559439,5.381010613834202e-8,3.09356378328852e-9,-3109.9999175268995,-50.671499011256905,-66751.0
t120,13499.851224637403,1.7690750128363913e-5,-1.6525528866640926e-5,955.7999470882422,-1032.2175303195477,5.268733311953443e-8,3.0830251087464952e-9,-1438.0441882173288,-18.389454399939392,-11967.0,1489.903687971062,110.90465123996897,-1.1905933469770304e-5,61.31714741083937,-35.741682488297585,5.1593486014671895e-8,3.3431991047311533e-9,-575.4301307203092,-16.95366157094007,-1034.0,170.52577952543916,2.4117378353742423e-5,-1.1207601180577523e-5,46.451248826384095,-31.002622435556304,5.1478713556320776e-8,3.3450571962309354e-9,604.8893121454702,-8.863731022842595,-782.0,3192.9981646668457,1184.9638009270827,-7.659334244144876e-6,91.95162528110072,-56.10466710011029,5.2134097175349535e-8,3.34118748792358e-9,-2790.485845987538,-72.32307020535426,-1551.0,818.5967351683463,0.009475316781757273,-7.788556951648467e-6,10.620395419676987,-7.410418177023816,5.0908447251061666e-8,3.3508652369572214e-9,-640.4928527078856,-4.323327281846957,-177.0,1537.0343091278849,3.479386462285897e-5,-1.5907300277917615e-5,56.193094099327745,-36.52203300671022,5.168178750190655e-8,3.3432712455316234e-9,-578.3041939703137,-20.401195184577066,-958.0,756.0104038003919,1.6264785064145788e-5,-1.219173361605354e-5,103.94346004059142,-61.71808850655671,5.2328416816922955e-8,3.347513140428345e-9,977.9748017184518,-69.21058117673712,-1707.0,1318.4613341369416,1.5160739892057228e-5,-1.2105594565084802e-5,372.40025719730204,-117.76388732737882,5.376427794580812e-8,3.3391439505688146e-9,4961.274500786302,-16.372207895005662,-6518.0,0.00039923294658963514,1.5678717951301574e-5,-1.1763069810909033e-5,126.9039104360794,-72.66672921779768,5.261161570109939e-8,3.3439877745910356e-9,1988.618322567073,-14.85590698628646,-2028.0,13041.287913810429,1055.4525906791555,-1.1318558957799666e-5,1108.9843595004438,-636.9150487395832,5.265019129272806e-8,3.072067952535375e-9,600.0001980255153,-9.8100019914319,-15159.0,66999.7366618322,6.620141092031704e-6,-130.44958836394764,3272.0393401614356,-6855.654997283645,5.355727286959577e-8,3.096812688889429e-9,-3109.999923639438,-50.671499091463595,-60125.0
t121,12196.797884629064,2.0869296450283842e-5,-1.5567441831847335e-5,208.21768967984278,-1420.5450154122361,5.277524663829664e-8,3.0818858712842992e-9,-918.6001322344533,-11.870431999295887,-10054.0,1524.474141057421,46.31914388448574,-1.2129814138886465e-5,14.22290783207612,-43.76225421369541,5.445709469740583e-8,3.411925435577976e-9,-608.2117545210896,-17.04217197326503,-916.0,183.91722547652333,2.8215863652256316e-5,-1.0862430417992343e-5,10.773359961677324,-33.427354287405066,5.39403906826932e-8,3.412315563455613e-9,541.147479249968,-9.410727808393085,-693.0,3228.2298119678244,145.75710995237085,-8.018728379507996e-6,21.32898505790906,-79.99847875694678,5.554452202028434e-8,3.4083904184459426e-9,-1872.937018079472,-68.38040213759203,-1374.0,783.4805157399314,0.008985393953448351,-8.165981297591578e-6,2.463605482403081,-5.8909322553213945,5.2151874687435796e-8,3.416112249613483e-9,-618.8846940576053,-4.177472189542134,-157.0,1545.3414986978628,4.162248826632707e-5,-1.607227396705762e-5,13.035378598090084,-40.66653191451423,5.4458428716550256e-8,3.412716930094064e-9,-655.8489732948022,-11.861397688998768,-850.0,756.0104021256112,2.101071203839438e-5,-1.1268726042779953e-5,24.10967034732342,-105.5171060895801,5.5893833297659223e-8,3.413140241163006e-9,887.8133999757023,-54.41637615556708,-1508.0,2580.5433125683803,2.0770253078087078e-5,-1.1178154757497679e-5,86.38508497238838,-691.8646584810973,5.9020963352680645e-8,3.386246081120254e-9,3832.5837798265784,-12.647528530111117,-5795.0,0.0003972748634669118,2.055500664391447e-5,-1.0984686445051428e-5,29.43714409471755,-150.7852769590699,5.6436474703627366e-8,3.405446310338849e-9,1922.937625957668,-14.589899994683513,-1787.0,13364.608491046738,443.1181302363382,-1.1460652854000248e-5,255.99825746384462,-1383.915074124428,5.263737837865414e-8,3.079810786334031e-9,600.0002087659465,-9.810001963619378,-13270.0,65284.469777179555,6.2679331445454466e-6,-86.59437653241204,894.2467890938419,-9659.450775193285,5.3480049493881756e-8,3.1031872235512158e-9,-3109.999921588441,-50.6714990856446,-53272.0
t122,11436.274275882586,1.4470180137142772e-5,-2.3056864335595864e-5,123.17129495509869,-1900.8026722021705,5.2651717051905166e-8,3.0843943461186143e-9,-444.8597123570733,-5.783177717591781,-9208.0,1507.1888898613192,4.248342729211952e-5,-1.7600932897600083e-5,8.72216248966733,-126.71560422981634,5.404221824552404e-8,3.414126257335008e-9,-505.43080968791634,-16.76466337871256,-867.0,102.49492454389394,1.4140015422453521e-5,-1.6561413008847208e-5,6.607275204131453,-96.00378007633381,5.35540474899259e-8,3.414723049597834e-9,652.0199482261746,-8.11836553018334,-657.0,3126.6027723538364,2.6545610897642826e-5,-1.1620939785168657e-5,13.079864782377852,-190.0220919813956,5.510939960941234e-8,3.4119101573177183e-9,-1584.603561718831,-64.05699840799038,-1301.0,725.503367799415,2.6982569396397863e-5,-1.17861038502649e-5,1.5107349668154422,-21.946661230412605,5.186944618476816e-8,3.4186513751585606e-9,-553.3324621242642,-3.734994659750701,-148.0,1541.1878562320385,2.1676682906016987e-5,-2.384771021579643e-5,7.993487649969929,-116.1189891342521,5.4056437785459225e-8,3.4159575801550184e-9,-622.4323818877235,-5.629970742178445,-805.0,756.010398344188,1.253681385304852e-5,-1.6984042788553562e-5,14.785489575054266,-214.81046349596778,5.5457813482510455e-8,3.416980977796461e-9,917.6889117641005,-46.67433179443317,-1427.0,3464.323927996623,1.2346886837200676e-5,-1.684265160992105e-5,52.97366011385871,-769.5557380498925,5.8610433689092017e-8,3.390214006895822e-9,2751.337570532391,-9.079416149421647,-5490.0,0.0002794852565502146,1.2308250129800481e-5,-1.654317065344321e-5,18.051870205999982,-262.2476942727397,5.598709471882039e-8,3.408662947838832e-9,1947.2203920122001,-12.024843251200332,-1691.0,14220.053848421343,1.8991020573746613e-5,-2.111173843538794e-5,157.65926982909943,-2357.945210021969,5.140678907898291e-8,3.1824594023135047e-9,552.3920124453872,-10.159918594810616,-12562.0,60611.86079490416,6.198170293388496e-6,-189.54638386657095,387.6159748227642,-7380.258986432399,5.1085620184332914e-8,3.1626121472997652e-9,-3109.9999072044448,-50.67149896445307,-50269.0
t123,12031.94254054899,9.75242596503043e-6,-0.00019485739323948402,55.22080174171379,-1676.5253437801114,5.203741011563256e-8,3.0872811497852483e-9,-1659.6278723022797,-21.009941153763492,-8730.0,1505.57012275229,1.5562963209228677e-5,-4.8762735739481524e-5,3.9841890861367983,-109.98036465842937,5.278437827878918e-8,3.101547202763469e-9,-549.991252209085,-16.582661816310278,-833.0,80.19077755846973,6.965549581855694e-6,-0.0001298880910096906,3.018187859606979,-83.65807842163497,5.265301340739035e-8,3.090052305564971e-9,639.8113178569533,-8.362081981496353,-631.0,3056.767896078039,8.384605538992438e-6,-3.233458875883765e-5,5.974840743353447,-162.03775551434228,5.269872731526007e-8,3.0835401416075536e-9,-1586.1774945514983,-64.52746285117955,-1250.0,725.5029550918008,9.034306029173235e-6,-3.344005974609615e-5,0.6899286290309687,-18.714682865617196,5.303719180957869e-8,3.092194698055999e-9,-561.6867901273976,-3.791386372705975,-142.0,912.1196030921647,1.0471249098439182e-5,-9.85495492856023e-5,3.651408751633986,-99.01513710778924,5.273967424481183e-8,3.0827555556451797e-9,-40.26878758272895,-3.486999126846006,-773.0,756.0102632375153,5.917723118180202e-6,-0.0001222144633246719,6.754248853151674,-183.1779750881474,5.322274934478144e-8,3.098672966585087e-9,848.1687493344654,-56.7551700817608,-1371.0,3599.5313511879194,5.6623069464444394e-6,-0.00011839531564286334,24.198855397080926,-656.2102206777763,5.335372431218025e-8,3.1109571977735103e-9,2316.123336026493,-7.643209246986589,-5276.0,0.000238335882758302,5.573029945983742e-6,-0.0001039711824642506,8.246256453907664,-223.6238871341033,5.270713512054813e-8,3.0943698084248245e-9,1867.6103495509446,-28.232858858201283,-1624.0,12198.710528929829,1.5588830333701793e-5,-5.706474409524851e-5,72.25385091936694,-1981.6203836621441,6.680009339557606e-8,3.314023766069821e-9,1816.4066343044076,-18.750589080454994,-12087.0,56934.347476149866,1.1693694585461753e-5,-211.42916354135716,166.48403983717313,-5429.6120025588025,5.9475892542389377e-8,3.259739700616641e-9,-3090.368190300273,-50.42217185579081,-48319.0
t124,12421.761185495698,1.0784749063731282e-5,-853.8289695621331,47.5959912942883,-1634.3659874261505,5.338812096728886e-8,3.3109317950717493e-9,-1439.7513508741918,-18.41087976017565,-8523.0,1508.8072780964567,1.7853746815316833e-5,-5.567745884744415e-5,4.948616210000818,-82.60061851924793,5.689060763022569e-8,3.4172576242200062e-9,-609.4834634683451,-1.67177455544348,-820.0,69.97503775951016,8.57004597192783e-6,-9.205940733846071e-5,3.748949179380847,-62.25612303989623,5.5718797691185386e-8,3.4177532473765093e-9,611.1824152186945,-1.6501956843312098,-621.0,3017.2770733604566,9.964310615719997e-6,-4.274609459288826e-5,7.358165665251248,-161.00323980227543,5.90063534538938e-8,3.4206526757610634e-9,-1586.7935408439205,-46.8384254948208,-1230.0,699.1181042721201,1.008942151834891e-5,-4.333322917079659e-5,0.8506554347251936,-19.2585583435687,5.2065973110296626e-8,3.42194612356578e-9,-537.0848448962132,-3.62532327543202,-140.0,902.868019787589,1.3065975001790206e-5,-0.00016773633520988256,4.496879494816675,-95.12337142810927,5.663009385678128e-8,3.4261205658542957e-9,-50.95601077589696,-0.28536246468585963,-761.0,416.3531673461955,7.77490582545806e-6,-0.0002146786061207325,8.316620743748427,-179.54131537858336,5.96706147318674e-8,3.435771747001706e-9,1145.6127993253767,-40.741065193936805,-1350.0,4741.9114184525015,7.722557460545488e-6,-0.0002106987903329514,30.055514765482034,-574.8861540180301,6.592165553737307e-8,3.392926082233065e-9,1003.2300854346507,-3.3106617134164606,-5197.0,0.00023793143895820416,7.63008767522314e-6,-0.00018136739453233994,10.153942695395022,-217.68781679485272,6.064939983503264e-8,3.415937918315957e-9,1830.2240903266224,-23.690280481162493,-1599.0,12127.475559019511,1.414573331563712e-5,-7.122271032446047e-5,89.6922659085763,-1625.4651672682228,5.973526209391505e-8,3.3400739822878666e-9,1431.2168431940656,-15.919443825536089,-12007.0,52919.888140228235,1.0479894705011698e-5,-173.55006553742308,192.82573326740786,-3293.635450501747,5.76948974264218e-8,3.282253508908006e-9,-1797.3970226408417,-32.13134607294311,-47816.0
t125,11631.55575741194,1.1641881501810528e-5,-1333.0455833154922,31.812949689440686,-733.8447472488061,5.327475708802054e-8,3.3143740500602027e-9,-1155.6331918063534,-14.84519640580028,-8426.0,1496.381140170605,1.553351651136487e-5,-5.381205743432116e-5,3.5837151117167374,-62.53974666127492,5.126353340799733e-8,3.3666091239871723e-9,-614.7651970264884,-1.6598733539380193,-821.0,64.6390400750803,7.659849267472212e-6,-6.79211369943859e-5,2.712343606149113,-47.594425630346045,5.109366943578919e-8,3.365279282839472e-9,603.9543239798584,-1.711221821678501,-622.0,2965.1270904511307,8.472134944132458e-6,-4.047136363916416e-5,5.374697099224963,-61.811426387953276,5.161189018525923e-8,3.361926097941683e-9,-1648.8667104964263,-27.823618553938196,-1232.0,724.9308584577842,8.879047852773807e-6,-4.1099834952420945e-5,0.6208007398718148,-6.534325547313834,5.060817280120308e-8,3.3679932480583133e-9,-575.1351386706826,-3.8821628098679564,-140.0,911.9261690080274,1.1550620115734254e-5,-0.000109320284898694,3.286153836183448,-41.09028250441733,5.118400380819732e-8,3.364271199521423e-9,-111.49754777101859,-0.624394852110338,-762.0,416.3531594383531,6.6971199808735915e-6,-0.00010222374786029935,6.073919159069991,-72.41504313683882,5.1885906855835355e-8,3.3710211247636374e-9,1032.4422124441753,-30.45415243072541,-1352.0,5194.226452222095,6.333343388073337e-6,-0.00010068299264189308,21.774930825517032,-291.4724162469231,5.313918269557397e-8,3.3543360061362526e-9,277.3865056193126,-0.9153781128242595,-5201.0,0.0002403789409385454,6.4042471018708575e-6,-9.27711815147894e-5,7.419075034309695,-90.06859117184206,5.220414241445539e-8,3.368514910054758e-9,1707.3749482892827,-23.7255862169879,-1601.0,11839.830904562126,1.3789330502731909e-5,-7.288477602913268e-5,63.63130322712895,-1210.1567528086898,5.993442516686403e-8,3.2307090091814012e-9,1477.957592608004,-16.262988550332683,-12155.0,51656.640942622595,1.0972274528302571e-5,-135.67561599049097,162.05576275249672,-2187.6597917215895,5.748063217602206e-8,3.312584020124981e-9,-993.2177971696633,-17.143511545657155,-48485.0
t126,11985.264876054312,1.2865200147384184e-5,-1645.1814734745747,105.3791124879613,-338.5009065988412,6.730341248306685e-8,3.3179609447083803e-9,-1344.7430956512121,-17.21852574584272,-8745.0,1517.9966058198943,1.6269842844526183e-5,-5.346333488712762e-5,11.445719605537727,-8.743385266654201,5.4372220429867675e-8,3.4481727469689825e-9,-651.938661292109,-1.7602417233824714,-867.0,70.34611251957607,8.304255593895343e-6,-5.699491409661641e-5,8.667684926367679,-6.415678093693495,5.384486334631867e-8,3.4541953828018556e-9,586.4731291017022,-2.071199817820061,-657.0,2951.247301316858,9.091517382180665e-6,-4.15642568284002e-5,17.164597754495375,-10.771928499824112,5.539776997892357e-8,3.4550173723383788e-9,-1630.5455452625833,-26.094392812320987,-1301.0,752.4610510494825,9.303421122305825e-6,-4.225729242198695e-5,1.9827515115708274,-1.1852148436630923,5.2124975186133995e-8,3.461741189488742e-9,-601.2004511536152,-4.0581036617863555,-148.0,921.5648401271685,1.2708274588222005e-5,-9.985016490412035e-5,10.491662813212825,-6.521961432122456,5.428155787858118e-8,3.463517570842454e-9,-119.86321176885059,-0.6712426541690426,-805.0,416.35315829294314,7.649742983952273e-6,-7.754239637087582e-5,19.40090764739554,-12.10688891902782,5.5754703679006327e-8,3.45470442824298e-9,1037.7980867315225,-33.44519391614865,-1428.0,5570.7099610586,7.430873764796138e-6,-9.128594524533337e-5,69.5244539889816,-136.23761065670234,5.882483026405406e-8,3.422521102064272e-9,-16.95602320045729,-0.040697385127001044,-5487.0,0.0002420943404414324,7.540931334663011e-6,-7.234864698229023e-5,23.690720451100397,-14.609724575798403,5.6352764163222725e-8,3.449433600375218e-9,1711.6731240131342,-28.75429723183862,-1692.0,11053.691797215366,2.385466593987877e-5,-2.6651235077846633e-5,212.82034658238564,-3.8709195755774544e-5,6.682140574548458e-8,3.3257399350505e-9,1919.9998968091818,-19.511999152165075,-13167.0,53291.89521082813,1.2504640599345396e-5,-148.59789225547632,517.5750947856263,-995.9436744502219,5.904990631898747e-8,3.2660529566598557e-9,-890.6972483267128,-15.231503040846588,-51759.0
t127,11343.653565721628,1.0313081661990718e-5,-880.4361148798124,303.1832968591246,-327.52059071415647,5.240864113984247e-8,3.0863881491435463e-9,-760.0001647532021,-9.880002584170478,-9669.0,1721.6374497060515,1.5973331493724358e-5,-5.3265609909403085e-5,32.61997031412709,-9.284009937534245,5.10462951130225e-8,3.3488636905060783e-9,-758.9242733219222,-2.0490995279196413,-984.0,64.2216624520078,8.846618651092505e-6,-4.9569914334228365e-5,24.698907579091046,-7.0313689497696314,5.0842080975375074e-8,3.3385453105425658e-9,666.5984850236784,-2.4876454293744734,-746.0,4524.703069348293,9.233098021326925e-6,-4.168858739482933e-5,48.91917245442134,-13.923011660657105,5.1480706617279054e-8,3.3322236634811462e-9,-3053.934506304285,-28.76469136894797,-1477.0,820.0558547467997,9.503431199557961e-6,-4.30470219307747e-5,5.651248676671817,-1.607694638886785,5.0289752264515634e-8,3.335575210763681e-9,-651.7003970934242,-4.3989781940099775,-168.0,1237.584958809678,1.2445691272797756e-5,-9.610053866474952e-5,29.903924582314673,-8.509454259626123,5.103005069760506e-8,3.332018415756285e-9,-344.0526455503992,-1.9266999749469045,-913.0,416.3530715483815,7.807372369307442e-6,-6.33105658371956e-5,55.290000539137516,-15.737740000555652,5.170954897883378e-8,3.344029533436682e-9,1205.487446292101,-36.392722924546185,-1625.0,4216.3920433224575,7.467992226468144e-6,-5.873666215359743e-5,198.15503398018575,-0.01733668873119768,5.314577002405045e-8,3.3315253630836644e-9,1805.4282259718254,-5.957915363996388,-6214.0,0.00024379060625387124,7.444964671685791e-6,-5.947776640259677e-5,67.52055915527399,-19.21653654584509,5.191175380064189e-8,3.3349910170756236e-9,1896.1941865470646,-14.4984009635103,-1930.0,14202.7363827101,1.1816967240181332e-5,-66.23120037170766,558.8814584238349,-260.44301303555466,5.912039407188707e-8,3.3175300800206917e-9,594.9038105164832,-9.84745011349042,-15020.0,57763.4567336175,1.0878143001800764e-5,-146.97887002707884,1569.5119007906708,-1222.179602651338,5.6948641133808075e-8,3.265654542770693e-9,-600.0001673279196,-9.810005044877313,-57354.0
t128,11708.841092510507,1.020542870569631e-5,-111.24605278877078,580.7030948279029,-653.2987111435855,5.2250967636624896e-8,3.0865612058687477e-9,0.0005749588992500392,-8.597374145115855e-6,-11525.0,2063.4460144340246,1.3167531214009896e-5,-80.67934646264972,50.85734916096385,-27.943443967827857,5.107473503286718e-8,3.34772635465802e-9,-889.2795289454688,-2.4010574352870626,-1114.0,47.02724731387768,7.50025951077321e-6,-0.018997598098298745,37.5061460505384,-24.851666017510233,5.083784897143173e-8,3.3362381852906073e-9,787.2230859077525,-2.885823204359476,-844.0,8054.378595105762,7.522829506957705e-6,-27.849333508347843,76.4619349899557,-39.44363391332533,5.149489985905828e-8,3.3285913134597915e-9,-6340.76970191723,-50.77786833786064,-1672.0,1263.1802267004164,7.748434827399521e-6,-16.677516908426846,8.262333547496842,-7.374936166175044,5.0191683841525716e-8,3.3324652225060524e-9,-1049.3072902044246,-7.082824763855897,-191.0,1835.3336893778062,1.0981465612713406e-5,-673.2265304170597,44.733970848423134,-30.848022329439345,5.1040235952149145e-8,3.3280916623359223e-9,-109.38433907223244,-34.608779437333425,-1032.0,416.3529670323251,6.811088293614553e-6,-0.0372171202595363,86.17392652900742,-44.071268653227285,5.1715007904578476e-8,3.340778960996512e-9,1449.0788305639785,-67.49724521007425,-1840.0,2826.991758917104,6.517273771199598e-6,-40.90493721671786,333.0031086051501,-84.06674019662859,5.313612110521307e-8,3.3276532032325916e-9,3998.1707694049314,-13.193966074405694,-7020.0,0.0002438147580447054,6.424874153155447e-6,-0.0008872348599476589,102.40634692365357,-58.947992652146,5.193183236096977e-8,3.332852725578008e-9,2154.2670719426305,-8.724789268165905,-2189.0,16769.216735162758,1.0718706973907223e-5,-781.0419356479796,944.494551159364,-601.8594085499691,5.8805695934288434e-8,3.31329224404228e-9,600.0000455698383,-9.809998459295107,-16921.0,63118.38128055812,1.083088865720575e-5,-186.81594638770767,2681.7850490569763,-2127.5408771030297,5.654411793914366e-8,3.2648908592597887e-9,-599.9995182086741,-9.809998512132728,-62876.0
t129,11813.999933411993,9.50361380536914e-6,-0.001507710179922862,687.3256683336245,-687.327033871295,5.2201518500943906e-8,3.0870888112269415e-9,1185.4347592348356,-10.431828956795602,-12989.0,2559.305108089108,1.4476207490833775e-5,-66.3262098929665,53.40814810969246,-33.73917240426121,5.863663214677052e-8,3.408106554985335e-9,-1308.1159722071661,-3.531916221209012,-1201.0,42.61835441976159,7.996776869570235e-6,-0.00611252701388003,39.29513580543734,-31.750779364397374,5.725963203404749e-8,3.4097160873070414e-9,863.4872932785553,-5.643899665974203,-908.0,10683.162024864543,7.863906077097978e-6,-1232.108446620574,77.6952710733822,-70.51565527736076,6.089908785604209e-8,3.403201994605725e-9,-7594.407260367383,-63.82594164021782,-1800.0,1614.5836256240386,7.968391410463323e-6,-67.60565901488302,8.922935944847739,-6.843359784644974,5.242347209548138e-8,3.411120789426611e-9,-1334.0526944961716,-9.00485629175769,-206.0,2295.5855700417856,1.23191119955445e-5,-1136.9383927186325,44.9314348851377,-52.362275048547616,5.829096297752455e-8,3.408526085769472e-9,18.501828636774853,-57.718178170885295,-1112.0,416.35296777825056,7.65261468550471e-6,-0.01608568221793005,82.60652323528619,-108.43306264095035,6.158286359765558e-8,3.4138855201808626e-9,1662.558089171589,-72.06843957343908,-1981.0,3678.7781139295794,7.557529942871475e-6,-23.75481958275084,297.7208282538178,-425.39228280135615,6.621935249335103e-8,3.3732311054388204e-9,4054.026442445689,-13.378289859915528,-7568.0,0.00024613282005041454,7.475108080649574e-6,-0.0005085850968419459,94.6054559182681,-183.23918347621114,6.261475867524425e-8,3.4020168501203275e-9,2452.5668865289035,-9.93290405614834,-2354.0,19543.886095857724,8.599553287203925e-6,-2563.612760254336,967.0241308777097,-842.4875658313547,5.399029595830545e-8,3.3109024962198865e-9,600.0000894198812,-9.809998719741067,-17695.0,67738.1774509987,8.454477128235807e-6,-193.64016239096392,2726.8818336332015,-3639.609669676619,5.354266749423928e-8,3.258949086388778e-9,-599.9994616455069,-9.809999088878069,-66022.0
t130,11669.409858667355,1.1787344001916017e-5,-0.00014077577725891,629.483292003521,-629.4832450187897,5.348298247902973e-8,3.29780673384718e-9,1916.644109084969,-18.053885782665645,-13568.0,3104.531817619419,1.4307147281250223e-5,-73.20868606437931,45.5814818474416,-38.99982155778941,5.893473579233736e-8,3.4069862295193713e-9,-1784.0877661041393,-4.817040113451374,-1249.0,41.64875092161464,7.885909048545294e-6,-0.005199463739187986,34.10219201763384,-32.5205994393468,5.7539708502648605e-8,3.4078287998081245e-9,910.7402857334241,-8.965437713118426,-945.0,12062.616899123008,7.796689590944544e-6,-2350.4793011782667,67.63544477709726,-67.9166931675571,6.122763132859444e-8,3.402631823109636e-9,-7768.853008023964,-70.00334938180582,-1873.0,1753.2388802491394,7.889481692893904e-6,-104.73874336644195,7.821569629046917,-6.840104603689176,5.256694957501936e-8,3.4109027919825378e-9,-1426.8503692362008,-9.631240612823422,-213.0,2872.002146700549,1.2303672695590504e-5,-1143.5252687741502,37.46999333328131,-69.19038555462255,5.858732659079733e-8,3.4077528858969676e-9,-470.56096272268456,-69.1955353446803,-1157.0,416.35296882010454,7.667543254044996e-6,-0.014637949966547228,68.06648143674556,-151.52740188765915,6.190051559600243e-8,3.4132568478638827e-9,1807.5520631151871,-81.42948126090899,-2059.0,4044.810441201321,7.566487978321938e-6,-21.204479588225393,240.7122615304836,-660.7083299028805,6.630749848798278e-8,3.371301231980578e-9,4291.552224058267,-14.16212492403083,-7881.0,0.0002497554366384093,7.559418264940368e-6,-0.0005067151433669963,83.53474049606753,-152.17568536012735,6.291415862686485e-8,3.402477928424215e-9,2523.8628471273446,-10.221652925512256,-2445.0,21066.790248773348,1.0349849410065497e-5,-3677.3423709367257,848.2699454277525,-695.9078284958075,6.488596800563602e-8,3.225975635889914e-9,599.9999927035907,-9.809997881169002,-18132.0,69521.30393593523,9.984406589452258e-6,-241.08518485553407,2452.088478608767,-3034.4978255490596,5.6835325204011426e-8,3.2010787193746688e-9,-599.9994157357931,-9.809998959363224,-68088.0
t131,11524.578852792167,1.1252183811788581e-5,-0.00011057235954635269,718.0886900396906,-718.0888512153301,5.35039770255929e-8,3.295682764047404e-9,2642.670540440382,-27.24913279335908,-14140.0,3437.468605685294,1.4349519406899731e-5,-229.66355064689463,46.98228279981988,-99.89069970192983,5.912309109150355e-8,3.406797331996093e-9,-1859.8749799090629,-5.0216726337179045,-1290.0,41.64875354285867,7.919380987536378e-6,-0.004725100835828833,38.472437842677714,-37.399940681273044,5.771522610386101e-8,3.407621263230734e-9,943.6571583237967,-9.373691904194837,-977.0,12525.602030675636,7.852100606413971e-6,-2088.1462415889814,76.65369954608558,-74.00968654289142,6.14160675283939e-8,3.4015506501096216e-9,-8431.484115407098,-73.61569468132161,-1935.0,1754.4879724509708,7.937680258079086e-6,-111.6199159789302,8.903503145502821,-7.434391838730778,5.2640862757809736e-8,3.4098246902414173e-9,-1413.7940651912725,-9.543110577996709,-221.0,3188.5701308270227,1.2365795376359762e-5,-528.5166920079499,45.28403973178701,-46.51717642370568,5.876666462824593e-8,3.406642809890481e-9,-1381.1509427438803,-81.66937180474989,-1196.0,416.35297102321033,7.753440166810874e-6,-0.018930106374766074,81.15336945143696,-107.17680484728292,6.208821307767848e-8,3.411518828907486e-9,1839.320117367677,-100.63073070139447,-2129.0,3093.06160759385,7.651826652435245e-6,-19.47872354596745,299.3314489580453,-334.6144690538172,6.632015913111706e-8,3.3689038794883257e-9,5118.434757964565,-17.734629628911364,-8138.999999999999,0.0002550665806342118,7.731691309361748e-6,-0.0003371041917642524,101.54622615738391,-101.54673493959821,6.311213849223288e-8,3.401026126613693e-9,2542.2204317792875,-13.219848754309629,-2529.0,22181.147041938977,1.078492972927962e-5,-3681.03310363087,904.1868003641546,-1223.3620943212925,5.8641615803598444e-8,3.314017077054068e-9,502.273517356896,-8.212172533714714,-18675.0,71061.48528382003,1.1024090239308452e-5,-0.0004693093529232361,2756.240601686109,-2756.2408226140446,5.629567750616413e-8,3.2730069205214054e-9,-502.2724199812887,-8.212184856573616,-70551.0
t132,11350.80985684059,2.30900269443373e-5,-1.6070573761745367e-5,902.6481060347355,-707.6023387009024,5.214984140566114e-8,3.084631788884721e-9,3216.8579362642317,-34.71356751997498,-14728.0,3844.7445578738175,1.4376330449712462e-5,-38.661811342663555,63.007916282663125,-39.216975103049684,5.909530052190447e-8,3.4081575887266437e-9,-2494.139525343662,-16.73417680925665,-1319.0,41.64875464543297,7.92311707694653e-6,-0.004420882789294076,46.38281627705702,-39.17854827995382,5.769309070281752e-8,3.4095621524694073e-9,956.7382253651447,-6.586835105455331,-999.0,12825.249639887146,7.790572521888984e-6,-1405.6993424595087,91.58612832672254,-82.94037480206738,6.137238081804468e-8,3.4039515810943984e-9,-9366.180336091926,-83.0157225393335,-1979.0,1861.69831200031,7.901024483251255e-6,-160.4499159308234,10.624356623633984,-8.793688258837888,5.257478258684343e-8,3.4115328400938196e-9,-1467.1756361736118,-9.903436215003914,-226.0,3285.46070586691,1.3736808906954422e-5,-0.00011951822714690021,73.01522661031028,-9.136269155187713e-5,5.880014955179781e-8,3.4073253168877113e-9,-2049.6526808735734,-85.82305454655273,-1223.0,416.35303973506063,8.433416864745028e-6,-9.58510849547772e-5,100.25154219870869,-100.25160652368744,6.210259117549886e-8,3.411778283367847e-9,1867.1524780029508,-106.5053660563241,-2177.0,1959.9108054553276,8.255093535072887e-6,-9.909234182843294e-5,361.4271522277044,-361.4272218889001,6.628876789770061e-8,3.368898344923915e-9,6380.143831943725,-21.05447695884148,-8319.0,0.0002659382164134568,8.092270550138487e-6,-8.919564277051807e-5,121.53776909584039,-121.53784841769912,6.31164909435837e-8,3.402549875156759e-9,2615.6104890694314,-27.610594645267536,-2588.0,22584.43102501981,1.1521465308420367e-5,-2140.731599209746,1100.1972584088082,-1140.7431147563939,6.406509477410425e-8,3.2984365705357184e-9,-1230.1122537876884,-9.041327246067048,-19164.0,71471.5873351306,1.2784690569422043e-5,-0.00012653057754175742,3289.732990401215,-3289.7330535323445,5.6378353525643025e-8,3.259001363516886e-9,1570.7574716249771,-23.34463023561935,-73019.0
t133,11768.84166601113,1.73201942494888e-5,-1.5206528195628963e-5,1010.5927541047588,-851.5787019267805,5.325752341138792e-8,3.0906476516938702e-9,3216.8578463063277,-34.71356665348532,-15110.0,4014.3228284309275,1.2758878264005122e-5,-31.417227846492327,69.35197721568277,-49.703630456126014,5.001410586871234e-8,3.2194919522502433e-9,-2648.4032708505606,-17.15068928660154,-1337.0,45.92462354486462,7.274126454284201e-6,-0.003155384822602535,51.84861306849281,-42.5118645480559,4.987388009468108e-8,3.2054811464246217e-9,964.4412860352342,-7.699510036477896,-1012.0,12992.28517709523,6.97879219739494e-6,-783.0124851375198,104.37926198079997,-76.84914571162543,5.0148705938828975e-8,3.1960759790000675e-9,-10130.685036245572,-101.11777885889498,-2005.0,1827.5493853991761,7.285962768345543e-6,-120.31449581262461,11.735313561224869,-10.219189547109686,4.9854122230559976e-8,3.203595892199447e-9,-1469.829670063518,-9.921350869661229,-229.0,3515.0990738678706,1.020047724891407e-5,-74.74619536179509,56.12454645753114,-96.25819374479828,5.001243540824551e-8,3.195669266464226e-9,-2075.5231331596688,-85.69610831184013,-1239.0,756.0104210859414,1.3096962141643842e-5,-1.1385604395274482e-5,115.83131319742273,-86.31691957045352,5.0805601744603966e-8,3.218888814956559e-9,1529.2101210603807,-107.73493753083137,-2207.0,1530.4483941724175,1.4607403010046234e-5,-8.86298419779008e-6,404.84517832221803,-404.8449357844874,5.143709561074967e-8,3.2166042278134914e-9,6920.0725976554395,-22.521240150322793,-8428.0,118.90439956594793,1.2179944033032408e-5,-1.1122067546760036e-5,140.4586061571531,-110.51022366542634,5.0721964375771586e-8,3.2110668810299225e-9,2503.859345599648,-29.712128762612046,-2623.0,22841.706192570357,7.834707700242685e-6,-1429.2225597310967,1229.2484252927288,-1254.809578050404,5.415856748628966e-8,3.2892529463087864e-9,-1897.7738840806296,-19.148603876864428,-19470.0,71789.53437004263,2.94581367541843e-5,-5.570395360368219e-5,3731.5525280993656,-3731.5525667796755,5.4056706961402265e-8,3.2273328987515454e-9,3087.773797742919,-50.3081027669446,-74827.0
t134,12401.915544794168,1.3629611136924893e-5,-1.994022072257964e-5,972.2836113761728,-1326.343432276211,5.334129640197958e-8,3.0948671721417275e-9,3216.857849075277,-34.713566700789315,-15230.0,4056.9331583616517,1.4490492587174343e-5,-43.19249648600524,65.08534805936095,-76.46174000697138,5.915448805808814e-8,3.4091776693723918e-9,-2635.249111231706,-17.115173241471112,-1350.0,43.264317607970305,7.959343354776785e-6,-0.003983901042872611,49.16699602971201,-58.52710631489603,5.774451025744878e-8,3.4074602009640064e-9,995.5534968439671,-7.453728281348852,-1022.0,14016.77886054472,7.923553123697766e-6,-1654.7454547138204,96.9375543474512,-124.39829061274136,6.142314594217716e-8,3.3993780143446193e-9,-10209.820767572124,-100.75190999414735,-2024.0,1846.459309386154,8.013002710630985e-6,-162.06181265058285,11.367055395621291,-12.312945586676863,5.256543147300921e-8,3.4081176611412585e-9,-1441.7200039196944,-9.731610687999506,-232.0,3521.0317824254325,1.2483165204534071e-5,-61.720943146131916,53.89803401445547,-107.71511272940378,5.88177054680654e-8,3.4034610829130758e-9,-2068.7635287917105,-85.73024431221391,-1251.0,756.010424911113,1.368037032183613e-5,-1.6691091850401305e-5,113.16415236807694,-106.51833143903616,6.25006406892331e-8,3.4102846821375684e-9,1571.905777241362,-107.56202013212753,-2227.0,1567.4633678029961,1.4854988162369604e-5,-1.4758491892361902e-5,411.25887610322224,-372.27371765685064,6.673130991321581e-8,3.366675544117433e-9,6920.072713985511,-22.521240389507515,-8504.0,204.90046648726138,1.3379671487999361e-5,-1.620907105634642e-5,137.72650802360118,-126.25132834002633,6.350932172479249e-8,3.4005138097985605e-9,2461.163567928463,-29.539211332930005,-2648.0,23535.840701809426,1.061903884509969e-5,-1713.4367673167844,1190.5544753626864,-1511.4464750294067,6.386063167235984e-8,3.292735966367704e-9,-1919.9999459754818,-19.511999528301377,-19562.0,71173.70318765966,987.5935569733826,-1.1515796542437765e-5,3895.2030481035013,-3176.8282345737966,5.7176944586845296e-8,3.2563444651533137e-9,3109.9999524161353,-50.67149949783293,-75939.0
t135,11496.281815940061,716.6005873743076,-8.033956091181478e-6,1179.0772186461109,-1054.1040083614203,5.349114339966866e-8,3.0993059048441707e-9,3216.85796208935,-34.71356769548168,-15520.0,4042.4607310954,1.2861963655356903e-5,-46.31465980251697,71.96094471714422,-91.65537830749344,5.133737803010718e-8,3.355032663205283e-9,-2595.443951299227,-17.007699302439093,-1364.0,44.48947580606205,7.14137841012334e-6,-0.004112438534355169,54.28249670158343,-70.78285778045827,5.115777393204592e-8,3.353969884296484e-9,1011.0983323868165,-7.0833418667102865,-1032.0,14530.082579676251,7.0969359763954024e-6,-2050.6151801565466,107.63364679294143,-142.91045276334526,5.183595496063302e-8,3.3439669561897125e-9,-10296.725516900475,-100.46508381255906,-2047.0000000000002,1853.7702660645507,7.324638642670947e-6,-181.20177856604303,12.510654271692824,-15.263318456845168,5.037467891422457e-8,3.3496573935550766e-9,-1426.1890539010224,-9.626776786035332,-234.0,3407.5088532685954,1.1019285989334532e-5,-1.9875754666073413,66.8512518829099,-69.82163794047744,5.135907025015499e-8,3.341396771470281e-9,-2052.739738295024,-85.81116451866806,-1264.0,756.010428186748,1.0122420866599903e-5,-1.8121034459014443e-5,123.60197109427936,-140.96181415805123,5.241416436058788e-8,3.3539677442879087e-9,1621.7097370904207,-107.36031426285884,-2253.0,1735.43393610113,8.98982555228357e-6,-1.6230615916547275e-5,451.6151739769578,-490.6005652932001,5.3874647203610343e-8,3.346430569794806e-9,6920.072702765305,-22.521240357487123,-8594.0,319.07638923066145,9.417916763989902e-6,-1.7956954998255208e-5,150.66788689216307,-171.76627658428413,5.26552922615437e-8,3.3566527424077778e-9,2411.359514601578,-29.337505653266277,-2680.0,23076.317007626494,1.0680042226821474e-5,-981.3996761002928,1315.6045724685337,-1708.009976510899,5.8646647291799163e-8,3.292796893243049e-9,-1919.999938760105,-19.511999444870767,-19763.0,72211.06530023721,1487.768180339052,-7.890946681315976e-6,4314.847670711563,-4062.0095944150007,5.738094223234966e-8,3.252824238802437e-9,3109.999950222384,-50.67149944411035,-77011.0
t136,11193.155457539742,1631.6870406499845,-9.431436246471645e-6,1584.231951208152,-1558.2188309813873,5.1086964666257516e-8,3.1797092720769246e-9,3216.857958668346,-34.713567676111154,-16033.000000000002,4013.635866883134,1.3394338219187546e-5,-57.90446322785233,89.91593112893081,-142.02755165879125,5.135839699120414e-8,3.352115663951813e-9,-2484.910537514179,-16.709259064884275,-1402.0,59.81920283983588,7.468453932580178e-6,-0.004851362162037283,67.21454620483938,-110.97434310732571,5.120191426844947e-8,3.3534867962531076e-9,1051.015698349213,-6.070260442752552,-1061.0,14048.492706701178,7.493396019763145e-6,-1269.4445493294022,132.21026187726216,-222.5930051689699,5.188010033306015e-8,3.34253045827923e-9,-10486.14569563912,-99.51972605280258,-2103.0,1840.5051098000154,7.661168774035297e-6,-193.96186952598111,15.866454851773248,-23.068239080328425,5.0396394352340556e-8,3.350153809243871e-9,-1389.9592382460098,-9.382225508800461,-240.0,3434.825544714931,1.1296996870575685e-5,-0.0002612071069615945,90.28035708825874,-90.28050045090518,5.144436956510528e-8,3.3412944665213197e-9,-2050.0001522341577,-85.82499923426975,-1299.0,756.0104307837316,7.974261920752907e-6,-2.82243011109442e-5,164.92336560976986,-183.7237447510788,5.246914239682639e-8,3.3524322477318837e-9,1687.8822838454316,-107.09231529319143,-2318.0,1924.4483368448423,1.4904352031398206e-5,-8.519843178006805e-6,608.8805148645218,-608.8805199477562,5.4177977417653186e-8,3.346074009581395e-9,6920.072902483319,-22.521240681794282,-8822.0,462.2079336774981,7.447352921159712e-6,-2.769383435476603e-5,202.16648537487274,-222.49166539434873,5.271022995450114e-8,3.3514537033889776e-9,2345.186773251509,-29.069506714886234,-2758.0,23133.519744830686,7.853563838225466e-6,-367.0419342922538,1725.0295885575263,-2124.995457134588,5.258300110850276e-8,3.0875362212709287e-9,-1919.9999503180875,-19.511999531296613,-20427.0,71728.66083021484,2549.800707651,-5.522336457767931e-6,6020.016380448201,-4059.80637023876,5.497609774597471e-8,3.1184309317573268e-9,3109.999957353737,-50.67149948518642,-79298.0
t137,10745.07286876465,1701.7664565216826,-1.1417432278076527e-5,2225.560559235024,-1234.8278769363872,5.948771698258202e-8,3.3105444472938e-9,3182.6974861803355,-34.26948239242986,-16586.0,3930.6933641122946,1.3736779854845328e-5,-19.449134830713902,125.98482727434669,-137.48653348965897,5.1369873167131914e-8,3.351014376966213e-9,-2432.1756619788275,-16.566874875360316,-1451.0,61.03744097287562,7.683779911058457e-6,-0.005875161414143933,94.60329422095495,-106.01994883338887,5.119961471621323e-8,3.3522499239962753e-9,1054.048062934253,-5.662981866316653,-1098.0,12858.538787510402,7.598859752453373e-6,-26.67606240089017,190.10854461532935,-202.18867318651934,5.1911542818469396e-8,3.344079743778141e-9,-10545.552336852954,-99.2302672196171,-2175.0,1677.2640143868714,7.80586666888648e-6,-25.19670746748125,20.03055000471575,-27.42021350436914,5.0377361851344346e-8,3.351676352392255e-9,-1386.3199907231688,-9.357660550841791,-249.0,3478.825047003457,1.440588290755543e-5,-3.624051653948448e-5,117.48505633722361,-117.48506736859845,5.165465969000476e-8,3.3474167187119275e-9,-2050.0000144314977,-85.82499975427265,-1343.0,756.0104425166097,9.056100393980176e-5,-6.638856514671014e-6,222.4489629870939,-201.4214751695269,5.3004942175478736e-8,3.3590016374227115e-9,1728.888226036623,-106.92624034131663,-2399.0,2036.2068057563874,9.636097455229121,-5.246480028599833e-6,825.3098777708537,-655.7043287402817,5.451051543470758e-8,3.3495521115904805e-9,6920.072793454643,-22.52124050026824,-9113.0,527.8998895701427,6.713634859564462e-5,-6.610136749293135e-6,271.5864122468468,-250.3684527662483,5.3269148330435685e-8,3.3570355066831797e-9,2338.3414403575716,-28.459349986981618,-2859.0,23162.43932039857,1.2180169468431306e-5,-2.543644048587097e-5,2329.573014460965,-2259.5003735972086,5.280400691418863e-8,3.086223400041023e-9,-1919.9999486275394,-19.511999411427485,-21293.0,71512.60150548448,2071.4917234002232,-6.4505583196606415e-6,8492.132268204734,-3478.5539349171504,5.483800618820694e-8,3.1165338261177404e-9,3109.9999436505623,-50.671499296114305,-81657.0
t138,10465.493212311807,1696.7659305504733,-1.2289659985699149e-5,2835.074240200417,-773.3922141270426,6.63677037017174e-8,3.2944404456606285e-9,2977.662876201447,-31.6040328750753,-17170.0,3487.220372157736,240.00001095878216,-1.1094550315219173e-5,153.01975618530702,-153.01973163628264,6.066425973623498e-8,3.4091348169326027e-9,-2236.121648411836,-9.098748205599781,-1482.0,90.6499381696584,5.381807566822228e-5,-8.652511940783102e-6,115.37043681677403,-115.37040617726592,5.923344196890625e-8,3.412174804432983e-9,1041.7800297219642,-9.43004375384787,-1123.0,10085.777997949204,5.203403863696399e-5,-8.629306483223762e-6,228.52207003610079,-228.52204114478008,6.307670628764524e-8,3.4064109548763996e-9,-7795.784082061094,-66.99398824442751,-2223.0,1410.6911499289747,5.2637697753729074e-5,-8.78830814960925e-6,26.1749546920938,-26.17492706561154,5.3645315361985565e-8,3.4172034224011247e-9,-1147.9426083967232,-7.7486130598414,-255.0,3445.256503115392,1025.733132928735,-1.2941735526353635e-5,139.13735836242893,-139.13733315525542,6.031863403286712e-8,3.4168993824756293e-9,-3018.053318829882,-80.93632953594133,-1372.0,756.0104426422293,5.961052582463775e-5,-8.12765342692231e-6,249.90736654415036,-270.9348083584833,6.385534648406048e-8,3.421154049701215e-9,1826.5476654330862,-106.53071780467987,-2455.0,2159.1163731310276,7.81904839305392,-6.906007880847391e-6,1008.2475210944561,-767.7344909724777,6.75497544198552e-8,3.3718307556821933e-9,6920.072795711772,-22.52124051430412,-9305.0,527.8998984778135,4.8553972839350866e-5,-8.114465884201892e-6,309.6010252548411,-330.8189409805028,6.487246101099979e-8,3.4054843140728095e-9,2445.716356445816,-25.398379702295045,-2927.0,23972.584611797294,1.4527906309462418e-5,-3.073340014484346e-5,2752.977657564646,-2823.050314268203,5.2884000828454946e-8,3.0875097094171454e-9,-1919.9999395933398,-19.51199933667236,-21963.0,71143.98877724048,2925.310037272506,-7.3354592823735905e-6,10734.98380364182,-2904.7067354820106,5.4851236914419515e-8,3.119093431093362e-9,906.1218737787894,-13.697749048103752,-82792.0
t139,9961.044846935063,1829.9998817044352,-1.104979755611842e-5,2430.441238976514,-9.44136312045042e-5,6.675027996744849e-8,3.2976673908517607e-9,2164.6808848997875,-21.16674711076979,-16364.999999999998,2236.682461429314,321.1152537336769,-9.122927097333185e-6,149.05972009222106,-26.386119568553223,6.054575001813982e-8,3.411148793139437e-9,-1272.780090785718,-11.69121583689287,-1396.0,97.43134571578665,0.008209142804661687,-7.359564052736511e-6,112.1133712340605,-20.85682688629428,5.9095969663305766e-8,3.413228294368852e-9,876.6155461131301,-9.311638017075085,-1056.0,6353.125622986033,315.2271987874134,-7.299991998112377e-6,218.9557017000593,-49.896000209621306,6.295665934658999e-8,3.4097857711578473e-9,-4657.051334748388,-86.36118117459654,-2094.0,1053.3429305219877,235.4315152001102,-7.427872129538864e-6,25.530183393648368,-4.935489077333403,5.36816004773449e-8,3.418404034634756e-9,-1063.1925823094566,-7.176550352251517,-239.0,2326.1014590937993,1166.700344979141,-1.081886859201009e-5,133.95176885657742,-29.220560279596036,6.018243418805144e-8,3.4207607798553628e-9,-2246.696638445963,-58.83636344104888,-1292.0,756.0104423586516,0.010872342353772792,-7.164843684874185e-6,247.2603565119469,-59.704291613207104,6.36834539140619e-8,3.425383823448805e-9,1448.788733246357,-82.3661057426142,-2310.0,2309.2978500506038,6.291196747011644,-7.053904438469835e-6,848.5596526935467,-484.1707543671292,6.756346988518027e-8,3.374362512737355e-9,6112.192298108516,-20.170236240196218,-8772.0,527.8999054562116,0.0003043576400570414,-7.160749997806873e-6,302.9710995283528,-70.86393332388526,6.47326244640855e-8,3.407992121201714e-9,2003.4626575516334,-12.47002647364913,-2751.0,19828.38133191221,784.9820884356759,-1.0246732081754035e-5,2397.416136572083,-1550.743003851206,5.472628577700944e-8,3.2986128453524114e-9,-816.0957088287448,-17.94083404309788,-20626.0,70572.60348640251,2946.9572537132085,-7.641516678607339e-6,9146.316660678456,-1629.7458476994914,5.4368971013815e-8,3.2564809574459356e-9,-2549.9237648011535,-43.20778090771342,-78443.0
t140,10807.57227580687,1741.3118926068562,-1.0105309626421716e-5,1316.2992058848433,-371.1025930051897,5.121957204537457e-8,3.1884108424526598e-9,1599.9992243267673,-14.079995538907808,-15080.0,1827.1538980029309,322.80116912685094,-9.288254908273836e-6,82.7977170189736,-25.770912208474275,5.99196395053526e-8,3.42007033836827e-9,-895.3324981035084,-15.64936460565156,-1296.0,110.3622756061333,0.005512468782443782,-7.417265003635427e-6,61.094974302943136,-22.423099056671987,5.8542792091121955e-8,3.418854082800463e-9,841.0368253977165,-9.076481360143402,-981.0,3061.6345005728786,2781.5633510003995,-7.2683521104414785e-6,123.16963301715295,-41.21290015277431,6.23922238227941e-8,3.4198908310553406e-9,-3898.155156872938,-82.9994208093502,-1944.0,825.4855383118414,514.7686894519395,-7.415140923750225e-6,13.606191424325926,-5.724797477834131,5.3445466243656865e-8,3.4246014538277766e-9,-1118.5851640737174,-7.550450275435974,-222.0,1654.7325981108022,1166.7002278607463,-1.0828237031964339e-5,73.82455587470967,-26.91304391042623,5.972173503329872e-8,3.4235305840009624e-9,-1619.7102412647735,-47.63408589394054,-1201.0,756.0104415615006,0.006978650459831912,-7.105117716115089e-6,141.164137563246,-44.33111458628402,6.319009905591565e-8,3.4347402304073733e-9,1352.5253935820429,-65.37582973006741,-2140.0,2245.4815838394925,6.1844482283904965,-6.993140698397055e-6,537.8266601789963,-136.06667717576823,6.74821488254489e-8,3.376640768928649e-9,5526.812474786138,-18.238482924913782,-8162.000000000001,527.8999081177562,0.00022973046578607197,-7.146434673070653e-6,176.2187419224589,-47.69258920396911,6.421079045122815e-8,3.4100886370045746e-9,1900.6272587939943,-12.053542277750378,-2545.0,14072.735919883093,4615.434241657987,-1.1687120600628213e-5,1501.5423222426707,-360.037501741859,6.645802396667449e-8,3.2936855476577966e-9,-797.4289344939733,-18.24603591719587,-19014.0,69590.17948009209,2583.554597691361,-1.225401294331865e-5,5351.492267174029,-1997.8195447695643,5.797620987181116e-8,3.2906639218675546e-9,-2891.7891820777495,-47.61760581225544,-72588.0
t141,10953.802108908576,1730.6074386356172,-9.93641648916358e-6,1087.8526277581022,-610.181288713484,5.117405123357079e-8,3.185979865959524e-9,1599.9991179097603,-14.079994631515055,-14748.0,1901.2188124736977,317.71116354122006,-8.843069526844471e-6,73.83558593450843,-26.50083294021259,5.548870524993169e-8,3.420481819491212e-9,-974.9246429285513,-15.340077295040267,-1276.0,127.66407337321573,0.005348969561968913,-7.103095480845339e-6,55.9324634619478,-23.33484916493043,5.490672134469374e-8,3.4204603982333495e-9,815.2712163299385,-9.538245921834214,-966.0,3013.608553076288,3031.179325722771,-7.0187603389688815e-6,110.72958989367758,-42.379748386106584,5.668620782846023e-8,3.41606648959791e-9,-4115.447225134665,-84.69048841605759,-1913.0,824.8321722346997,503.7141301572011,-7.12785851579666e-6,12.790977965273138,-6.175993818466785,5.267951114913865e-8,3.428880236835685e-9,-1109.6709997744936,-7.490279690448807,-218.0,1654.8769548651055,1166.7002175593968,-1.0335257361768473e-5,67.66927014584212,-28.051514430125888,5.55040765226424e-8,3.4202620689074332e-9,-1628.5326490334487,-50.66226882208265,-1182.0,756.0104422035665,0.00663636256079352,-6.840081632218049e-6,125.16332610134606,-44.24866564198844,5.7104388829777044e-8,3.4211220524168142e-9,1337.0490062513024,-67.98073849273231,-2106.0,1867.2983523477149,6.544645039201766,-6.773036715627934e-6,448.5255234840368,-111.52839603119725,5.981707663690783e-8,3.384420554871861e-9,5849.463111852136,-19.303229973436693,-8041.0,527.899910314664,0.000218200792982547,-6.898027710311975e-6,152.82708924958357,-47.72221363903328,5.7612471403966326e-8,3.411927518429851e-9,1881.9729950872231,-11.977992372434729,-2503.0,13100.27723685059,5537.385190148305,-1.0940496864540133e-5,1293.3351943470082,-247.38366245610496,6.031805610946351e-8,3.3026928761551486e-9,-783.1341931835183,-18.47975481908222,-18882.0,68090.98258496283,2704.890227495063,-1.138948858494695e-5,4118.39396410195,-1250.801988941051,5.757215713106554e-8,3.270378906166222e-9,-2872.0457373756826,-47.41903888144337,-70744.0
t142,11629.052114385968,1706.1148082470813,-1.1490839835061052e-5,886.1817252905312,-1275.2677694486956,5.984234940511238e-8,3.31631708259874e-9,1599.9991276925264,-14.07999472055531,-14532.0,1849.1869952659724,321.294591451278,-8.892083375553812e-6,58.35972833654997,-29.340457089954885,5.5438073572317256e-8,3.421538306373442e-9,-955.2125560047301,-15.288293124215393,-1229.0,172.10435268249188,0.005130852698460486,-7.109829944648985e-6,44.20280778424291,-25.721110720224946,5.4876252049289524e-8,3.4211212101489315e-9,750.1104269917982,-9.701600536078413,-931.0,2991.560876267788,2743.4621221011566,-7.01351136834383e-6,87.5135699121297,-45.68071834110235,5.6637383499306863e-8,3.417292465135979e-9,-3847.9874186523743,-83.86842445965009,-1845.0,824.6922935729383,507.024295027742,-7.1224188547511875e-6,10.108563024870715,-6.642601006652985,5.2679985187604435e-8,3.4274034916967985e-9,-1116.6451880851132,-7.537355464667484,-211.0,1652.6000761957202,1166.7002325947994,-1.0300099937292516e-5,53.48045183114333,-30.376787770883023,5.544612979353523e-8,3.4224108674251997e-9,-1653.888847362217,-48.515115243628316,-1140.0,756.0104428826311,0.006724709349197866,-6.842897816963828e-6,98.92334708573769,-47.605981550838436,5.705716496878307e-8,3.4218174670261076e-9,1288.0782002883589,-66.4127266287399,-2029.0,1773.4618998134533,7.126763298639743,-6.7709031368930186e-6,354.66835291463946,-122.46278335331144,5.986442469765587e-8,3.3867228259289835e-9,5765.231038146273,-19.02526410467648,-7759.0,527.899911842291,0.00022515010847009212,-6.901565130418154e-6,120.79615482280242,-51.535206656456054,5.755561052072399e-8,3.41441849256413e-9,1825.5885570813434,-11.749635395924457,-2411.0,13208.007490669224,4944.31639963783,-1.167030875551399e-5,1056.3820807157847,-366.3790249426984,6.689198393258331e-8,3.2892932079964535e-9,-783.8590306446366,-18.46790382174105,-18040.0,69531.90560558232,2190.9224436659874,-1.2368951089295508e-5,3346.330707269401,-3377.336060861674,5.8514368367698454e-8,3.257116486629982e-9,-2871.4143094512283,-47.408374081218355,-68773.0
t143,11351.618992483694,1687.9211135989472,-1.1765184437504798e-5,608.8556752378626,-1820.3150699548344,6.710368689154847e-8,3.3035934496348312e-9,1599.9992965280837,-14.079996200503683,-13414.0,1738.6161723697649,350.3582299330045,-8.83300562814258e-6,39.07758823161944,-30.01146463372882,5.540243083054977e-8,3.423401838364264e-9,-960.1683204451102,-14.872196677671404,-1123.0,152.35136711071942,0.005626607946370857,-7.070865096517384e-6,29.59413645235286,-26.667144455449108,5.4848953889081104e-8,3.4236319109199627e-9,704.4635982461955,-9.747576946335293,-850.0,2949.0964431300763,1814.6050211510328,-7.032632403007393e-6,58.59605152873358,-49.32015869157211,5.6588945508791155e-8,3.421075740175872e-9,-3009.2401070762303,-79.73724328490744,-1684.0,824.1649800661455,482.0416300903625,-7.134923620418596e-6,6.767677652844363,-6.868698297045638,5.275513568271726e-8,3.4285401264224126e-9,-1106.6357904151696,-7.469792015093857,-192.0,1650.069171733794,1166.7002573047496,-1.0254717678325758e-5,35.80467863042215,-32.914518570740995,5.5384567824124776e-8,3.427697423916522e-9,-1738.4681677835874,-40.191411113594945,-1041.0,756.0104440113093,0.00732962868857813,-6.863015675399973e-6,66.238245992816,-52.59893632257437,5.7001925341160515e-8,3.4270250421432818e-9,1141.5161276346425,-60.17320413791294,-1851.0,1682.3631543702045,8.073742793714526,-6.785175950116497e-6,237.66545530066523,-155.3659962936998,6.009001832099456e-8,3.3974730399969818e-9,5335.872029880281,-17.608379326798893,-7091.0,527.8999130729699,0.00024488458639243966,-6.906801283074814e-6,80.89332393009386,-59.76090577708647,5.751427634081103e-8,3.4205987450486044e-9,1660.0466212810954,-11.079190542177917,-2198.0,13444.359257173255,3438.929195163796,-1.1563231351055608e-5,697.0183942233532,-467.98696559089444,6.717306888010018e-8,3.293430510739695e-9,-797.0679311912284,-18.251938276435247,-16297.0,69973.03923537847,1986.4375145079566,-1.1557970428651565e-5,2283.6265993193942,-8325.947750276471,5.9161373562505216e-8,3.2611329644308523e-9,-2830.3173566589717,-46.83823087167434,-63040.0
t144,9954.353017154957,1699.8742108790289,-1.090254942069414e-5,422.96174361328855,-1791.1083079218943,5.97912337146296e-8,3.3309213983465403e-9,1599.9993437433448,-14.079996608732435,-11872.0,1599.0673258348456,302.37925976251705,-8.8851589148135e-6,27.51783760199999,-49.56482389306007,5.855045755516663e-8,3.386141086676149e-9,-848.7080783822634,-17.691512093969436,-1012.9999999999999,81.29276614536279,0.005817122204511808,-7.229836962657801e-6,20.842881754270923,-30.73878878169177,5.7289671791192767e-8,3.3805585193796445e-9,706.0166278217341,-10.419296888977847,-767.0,2948.240189252576,717.8370434106363,-7.108293954411569e-6,41.266500200137884,-53.06601622740257,6.090361618336582e-8,3.3796731463289137e-9,-2057.7985371029836,-75.47917253114866,-1521.0,821.4302748978998,438.88408142536605,-7.224755625797019e-6,4.766574985189503,-6.248785532370542,5.3023294868566436e-8,3.3862225126199177e-9,-1078.5519127740886,-7.280225831227831,-173.0,1647.6117087540079,1166.7003243255074,-1.0079756173809139e-5,25.220990148574067,-33.4687688240482,5.8382796768695835e-8,3.3848867952762454e-9,-1834.811004898501,-31.25323948926302,-940.0,756.0104447544845,0.00891162241945505,-6.933788163408682e-6,46.645801976781726,-61.003531287788334,6.158130992055076e-8,3.3862358384043535e-9,981.8492699263671,-53.510890118960326,-1670.0,1741.7185247585542,9.707545637621878,-6.89151783494389e-6,167.13705586727272,-366.90315445405156,6.718032386235805e-8,3.3464112653055762e-9,4870.41239762705,-16.07236260954042,-6406.0,527.8999150787204,0.0002853267822707274,-6.928860737718399e-6,56.954325861389975,-85.0493652041096,6.263027649351306e-8,3.3774090197350876e-9,1491.591794305354,-10.396948501810352,-1981.0,13323.496141034226,2150.9709890040126,-8.93278101363154e-6,488.49334028272705,-437.44851695737975,5.298006925113802e-8,3.0934996298018376e-9,-719.9999451837391,-19.511999282351294,-14786.0,68881.30994501669,1.0483709879844727e-5,-47.73803725331472,1288.5268608517251,-9891.427324720673,5.3583483275173505e-8,3.1210447593631742e-9,-3109.9999550822754,-50.67149947980285,-57070.0
t145,9580.56755156278,331.9852463016278,-1.0961138746057873e-5,211.6302130650632,-1244.1024027045833,6.694987743177165e-8,3.319096720113601e-9,1599.9993997430113,-14.079997073128718,-10466.0,1524.2154806331384,325.66416333943425,-8.744472132296727e-6,14.331026365854795,-56.48912785322797,5.473238712546881e-8,3.4254382620860132e-9,-863.9887638235762,-17.732769966166938,-926.0,64.51652662305666,0.016932141756794285,-7.01776841880602e-6,10.855249486602712,-32.67089440451319,5.4224355759141606e-8,3.4246224851323873e-9,668.9912018639727,-10.709008747902285,-701.0,2940.568515952555,177.44647968597113,-6.861469332157715e-6,21.491121887133847,-78.87528014550155,5.5893919509458105e-8,3.4233831493233237e-9,-1601.1984068131967,-70.43242406886156,-1389.0,783.5408964946729,185.88467087130516,-6.960616152612343e-6,2.4823356532974565,-4.658717972939294,5.251631407430232e-8,3.4305219176613744e-9,-802.8300747102114,-5.419103428806623,-159.0,1641.4677068210162,1166.7009131215855,-9.926493813592466e-6,13.134475220365522,-38.029677012782365,5.475585754390492e-8,3.4288509368308732e-9,-1900.8922823314992,-24.38112593946652,-858.0,756.0104439907531,0.02652453664856698,-6.819017105862686e-6,24.29293916814216,-99.59856298223264,5.627726674363992e-8,3.4303819355056666e-9,891.5451104635454,-48.2764484134825,-1524.0,1814.6837108130283,27.77926623217492,-6.765983515215401e-6,87.04176978383843,-494.8773894387925,5.946752039514843e-8,3.4014558831343815e-9,4438.018110769767,-14.645461448541095,-5858.0,527.8999141820567,0.0007492204756238756,-6.773215841435419e-6,29.66091881561532,-141.88974039815446,5.675484478516011e-8,3.4232480500398394e-9,1400.3556067759578,-10.027441879279756,-1806.0,13227.799970425976,1388.544687624787,-1.061751770663311e-5,253.54273660045519,-788.3754400565292,6.754779384069405e-8,3.301987339794565e-9,-719.9999447872868,-19.511999246936778,-13342.0,62152.31112314792,1.1716887576621164e-5,-36.532131939366096,720.2560883368302,-7443.363634688044,5.9078176082812464e-8,3.264470942447755e-9,-3109.9999571504836,-50.67149950908921,-52232.0
t146,10194.314243272967,3.654005386153668e-5,-1.0465684992539127e-5,125.5677849296905,-1071.615885372012,5.0992356213393896e-8,3.194646547720324e-9,370.9986215579639,-3.2647905299050892,-9616.0,1507.1889023694773,240.00002569141134,-1.0482162743533526e-5,8.777762981579686,-72.37914277509132,5.7536733112119665e-8,3.4181400130994766e-9,-791.0516979354403,-17.5358399038969,-875.0,69.47174564097364,5.826241962671246e-5,-8.1948556018322e-6,6.649392521401397,-54.83437138914636,5.6344268057880194e-8,3.4194429367315635e-9,650.9644378022903,-10.251254699847584,-662.0,2942.8262971051977,6.56252961321684e-5,-7.886623356527124e-6,13.163239809654673,-108.53979443254707,5.978719979570045e-8,3.420409848892278e-9,-1469.079796080823,-66.37000424615889,-1312.0,725.5033204737523,6.632427198850118e-5,-8.115690971402192e-6,1.5203712844471817,-12.536036376598979,5.257324153851214e-8,3.4268932565835687e-9,-560.7029681894618,-3.7847454542649204,-150.0,1627.9804969944353,941.5123827541815,-1.255192556289693e-5,8.044444412647906,-66.32828498594199,5.73806624215058e-8,3.4266272968201396e-9,-1685.5372030774959,-14.671823604567559,-811.0,756.0104418014685,4.226258659694792e-5,-8.235575391381038e-6,14.879731424556857,-122.69712696365711,6.051473111153367e-8,3.4391447708886746e-9,846.3597100451909,-54.55279039603491,-1440.0,2104.9164742105477,3.796204439789186e-5,-8.208310817833732e-6,53.311310767513916,-439.5734552316789,6.67096171390932e-8,3.3925411159068162e-9,3833.99783523615,-12.652194795739021,-5540.0,527.8999076481382,3.555401377592426e-5,-8.254265148796363e-6,18.16693469194648,-149.79596776645616,6.149352267118279e-8,3.4146342126364287e-9,1314.051008023658,-5.321909958226713,-1705.0,12878.920826924335,196.9598391611153,-9.612263911985748e-6,157.96445521754316,-1134.0351148941866,5.193218659594843e-8,3.1640432848197704e-9,600.0000041325183,-9.810000961227821,-12690.0,55962.75812158615,7.536372417663716e-6,-40.239164933606276,410.77104227167814,-3532.618555439656,5.150917299356246e-8,3.1767237559381804e-9,-3109.999951514551,-50.671499489914325,-49640.0
t147,9402.181006169068,1.4305746786088788e-5,-1.8524594093976353e-5,56.41354342498326,-843.2177908646566,5.3230477078110835e-8,3.115615349391633e-9,511.12111409215333,-4.497868658282479,-9122.0,1507.1888785856356,239.99988011069502,-1.4313926474760046e-5,4.011209455901491,-55.16108875589744,5.1492563637103514e-8,3.3576184072399985e-9,-838.3752516592508,-17.663613473595163,-840.0,63.30218822029124,1.5805784236810625e-5,-1.1169020848007913e-5,3.0387030540703446,-41.79227034142515,5.1387025370581567e-8,3.357536845357465e-9,622.1918593798279,-10.740485001147226,-636.0,2941.2239360376875,1.5373160266635094e-5,-1.0541012087912112e-5,6.015248198775314,-82.71920614959333,5.206067321630514e-8,3.355179084291337e-9,-1535.970833743361,-67.54914937916273,-1261.0,725.5032870598686,1.595303083658817e-5,-1.1137232271426021e-5,0.6947488044686048,-9.553668767602636,5.110182488233635e-8,3.367386241705067e-9,-568.8049381582998,-3.839433805875508,-144.0,1627.9804636499196,2.2306203336772953e-5,-1.804453996728841e-5,3.6760140119531384,-50.547868090489786,5.1641500209025774e-8,3.3578214876735398e-9,-789.397679984886,-11.71093390393443,-780.0,756.0104375905526,1.0031392923932023e-5,-1.3055712102425025e-5,6.799711972205592,-93.5102490454586,5.2292906659338315e-8,3.3648354683523683e-9,759.486180874886,-46.786078417834645,-1382.0,2376.918702612424,8.668348775321855e-6,-1.3649596689510934e-5,24.361587770483357,-334.99674473364007,5.372668440352352e-8,3.3546566288269596e-9,3269.5058305090174,-10.789371223632175,-5325.0,527.8998883001823,8.915976409705712e-6,-1.434339945722668e-5,8.301747865761765,-114.15974623056076,5.2509727023721794e-8,3.356734642690401e-9,1220.3629815244265,-5.404866084745352,-1637.0,12733.715244118044,1.766013332856999e-5,-1.784041136350415e-5,72.87334585237812,-1005.6293894114737,5.1646101332088294e-8,3.163542127996645e-9,459.8806764519233,-10.839876870081286,-12250.0,52757.22676564705,8.181012036399179e-6,-35.10084553952362,178.85831517672827,-1771.3128048697893,5.1564045389740236e-8,3.1752147857771212e-9,-3109.999939286437,-50.67149936214353,-47969.0
t148,8815.978117413339,1.5034946428167331e-5,-3.605799137453739e-5,68.61804760168756,-586.2786131211537,6.649838206291716e-8,3.3270268481942056e-9,630.228482800014,-5.546013693151021,-8923.0,1467.072034941038,0.0001034378459864828,-1.618022501072036e-5,4.942546048175319,-46.767027684824676,5.0379541911086764e-8,3.218219701493214e-9,-580.2808819955367,-16.966758612369958,-828.0,71.2266008592011,1.4096874755553551e-5,-1.2197281586164852e-5,3.744388264012515,-36.019669892373486,5.0314564103124975e-8,3.2115131519414677e-9,596.9860881557689,-8.937409335188978,-627.0,2925.3616830949472,1.3486651562855416e-5,-1.1408523811162939e-5,7.411451265074063,-67.96519776925363,5.0593821880719575e-8,3.2061067612631878e-9,-1557.6697744129362,-65.13816433440812,-1242.0,701.1626481144262,1.4214445881272821e-5,-1.2247042619744385e-5,0.8559412751364855,-8.701716669891448,5.0496637428915295e-8,3.2174046132495535e-9,-548.6137315997745,-3.703143136359612,-141.0,1618.7435657968672,1.5456770712570535e-5,-2.3351746264422617e-5,4.52924299853758,-43.136444242594116,5.046984056046656e-8,3.213153915547956e-9,-802.4354738576702,-9.700882848835523,-768.0,756.0104352586623,7.794398110035811e-6,-1.883889250914288e-5,8.375343641884578,-75.74876198015042,5.0884236924591675e-8,3.224329468374122e-9,716.5633063923161,-43.200312313778504,-1362.0,1528.0423430924739,6.842461604686991e-6,-2.1448362612507812e-5,29.99965563684249,-241.48693565043686,5.1463697267026756e-8,3.2259209899078703e-9,3940.4484332467996,-13.003481761155868,-5244.0,527.8998134690283,6.7985238691625705e-6,-2.263530715003433e-5,10.226130267671655,-92.06926332842365,5.0856132395796624e-8,3.2139864192662306e-9,1175.2023222692956,-8.258986889006742,-1613.0,13193.063423685186,1.2177811233551836e-5,-3.085551376638566e-5,90.56844219848205,-684.598852846457,5.3180751550906234e-8,3.0990388578539154e-9,-460.42884265691987,-17.604151738199747,-12121.0,51955.45849681552,7.565314747444884e-6,-34.0713256591303,197.5839768056477,-1620.2997276943977,5.4487092269277365e-8,3.1298207047932772e-9,-3109.999928341357,-50.67149923969826,-47338.0
t149,9245.732715666602,1.297329705884914e-5,-2.4735524483275474e-5,47.175714071234296,-552.6806511534949,5.153115972125026e-8,3.1149003935310106e-9,72.40943896786045,-0.6372058667417596,-8812.0,1446.8917280040619,0.00017014242751778286,-1.4945272197789221e-5,3.6157755641511935,-21.893789761880868,5.699743366998587e-8,3.460177420058483e-9,-579.648816963916,-16.965052096159425,-832.0,54.17514308537297,2.664909160589e-5,-1.0804780858886318e-5,2.73666417536147,-15.921884173881438,5.585207322979545e-8,3.443374725747699e-9,596.9429663706264,-8.932905357320656,-629.0,2928.4873208052677,2.606111534598717e-5,-1.0708703329287985e-5,5.422643897068508,-36.00694775228009,5.917941049673923e-8,3.4509219684866877e-9,-1585.4016455160188,-65.50138680544147,-1247.0,716.2950165957308,2.653303175615167e-5,-1.0998526089368738e-5,0.6265318666540026,-3.071359966868693,5.2261342094305694e-8,3.4794620708800306e-9,-568.0160949241184,-3.8341091599006734,-142.0,1626.6480112347979,2.218595072028236e-5,-2.335811197351366e-5,3.3155748626016623,-19.93529772608496,5.68708595030399e-8,3.4716205564070716e-9,-830.4597817705084,-8.568505490599065,-771.0,756.0104338437341,1.1098090591529125e-5,-1.936496133594231e-5,6.128060591279963,-41.9313720016885,5.986716820280358e-8,3.4753833051356553e-9,696.8446140159714,-49.05172824323352,-1368.0,1070.0613116713837,9.889812868460087e-6,-2.2929296995459903e-5,21.96828842390837,-195.34623420066524,6.621630469334485e-8,3.442946858116768e-9,4381.776511856622,-14.459864774459612,-5264.0,527.8997918295585,9.551326007973249e-6,-2.3224949281180633e-5,7.485141862310559,-52.86114268394161,6.093443074278048e-8,3.4750811440526937e-9,1144.8163011140355,-7.340078510405931,-1620.0,13081.927382320124,1.6594162512916085e-5,-5.5322721033023615e-5,64.18048150288767,-643.0126711345328,6.710810619156114e-8,3.3738260697019145e-9,-219.26356698266414,-15.831587039094867,-12268.0,52189.40091527721,1.200519634804437e-5,-44.885110293908596,154.21506506901406,-1334.059456721088,5.950100118597435e-8,3.3458351385307593e-9,-3109.9999261678904,-50.67149923746982,-47804.0
t150,8839.42217303906,1.3544451268876031e-5,-2.0187010402943198e-5,148.03434976608594,-14.294199860816342,5.294305669030637e-8,3.1188955286814557e-9,163.2745021264535,-1.4368184882746278,-9135.0,1607.6028880524864,0.0004053518576918913,-1.181847315648154e-5,11.554477095179662,-5.717371180494622,5.7379069425094284e-8,3.4192911133481044e-9,-715.1095914470499,-17.330796105991343,-881.0,75.5245490059212,7.551691289222469e-5,-7.917184524854657e-6,8.750046120396528,-4.4122133160087,5.61857799978922e-8,3.4170309083498146e-9,597.0789924530486,-9.941441919179425,-667.0,3036.6077425542126,7.728209477706987e-5,-7.782736491916733e-6,17.327675600174075,-7.564237514393209,5.9586793384253e-8,3.419235570855342e-9,-1655.639381301743,-68.73186891989081,-1322.0,854.1654335377215,7.828995793223996e-5,-7.907090072151268e-6,2.0016247362987083,-1.1085404326126769,5.2346000118107426e-8,3.42134582081192e-9,-699.3380559001238,-4.720532375212952,-151.0,1822.9356280231882,2.651340971014877e-5,-2.0615077225446136e-5,10.591369062081773,-5.084429694328559,5.717965815991935e-8,3.42360414606909e-9,-998.0569363830896,-13.385636970913517,-817.0,756.0104338629976,1.3119430065746218e-5,-1.597539102889723e-5,19.585220192747204,-8.405184939165867,6.032000942923648e-8,3.4360010649682113e-9,736.6695258873133,-52.85999220933359,-1451.0,1122.3150490216203,1.1068170705248947e-5,-1.89843907342257e-5,70.18488640047812,-14.846659475811675,6.641494516588181e-8,3.394041489296245e-9,4410.902712963261,-14.555981055465546,-5574.0,527.8998172931085,1.0535592906792007e-5,-1.913637553526715e-5,23.915784139154983,-8.996193746531851,6.131285028782262e-8,3.4170383683499136e-9,1182.6614451887508,-6.480844334746849,-1719.0,12941.197042514932,1.66061553694624e-5,-5.231091090416034e-5,213.66670712911895,-17.84396558538372,6.70224402831083e-8,3.324650369863481e-9,87.55670956322714,-13.576457971383599,-13211.0,54459.17515723075,1.161915690729486e-5,-13.268836089149556,504.48310477870706,-759.7180152175353,5.9152894348625585e-8,3.274142023234171e-9,-3109.9999231500474,-50.671499205280206,-51030.0
t151,9314.580000400441,7.4100364132554135e-6,-0.00028422391910313844,290.4718633905097,-701.3162192769912,5.273026586712829e-8,3.1200829215958705e-9,1237.9307385341758,-14.666106302498262,-10127.0,2085.8254487052004,5.325039378615214e-5,-1.1828026094912615e-5,32.69869191718939,-9.347305852403862,5.7639291994429095e-8,3.4120171287313293e-9,-1104.4817981315744,-15.69507811439797,-989.0,68.4002526598895,4.40628157614263e-5,-5.416432230359768e-6,24.758492373333787,-7.079451447790318,5.641162176209767e-8,3.4120483160369586e-9,674.0972049922267,-11.176537278516347,-749.0,7190.53567652143,4.2065226784246735e-5,-5.373146885207553e-6,49.037207652985735,-14.017558389162973,5.987206105673698e-8,3.4101959229407794e-9,-5643.786250546592,-97.76911200778358,-1484.0,1512.8173742858035,4.27277115218233e-5,-5.469883795388906e-6,5.664924991449049,-1.6191594262203912,5.220193888946305e-8,3.4131141792780066e-9,-1338.8261003830112,-9.037076776005627,-169.0,2132.612152600603,1.2950000422751044e-5,-7.544771482676517e-5,29.97610113859372,-8.567526238543836,5.738548531673748e-8,3.4152275106072964e-9,-1167.9384106648508,-69.08225438776715,-917.0,756.0103884233075,6.9060874148815226e-6,-0.013016164567515403,55.42329623278292,-15.844580834990387,6.058247145168859e-8,3.4223809195194307e-9,922.9220424934641,-86.4981371143593,-1632.0,893.9963469894614,5.4604129597285e-6,-89.16308303761944,140.164005952923,-333.90752554585623,6.620847856960747e-8,3.387837850824707e-9,5652.558693837248,-20.648443721278706,-6243.0,231.7481208086681,6.531628364957558e-6,-0.0013729517374016893,48.86568178338625,-101.41367215585045,6.171184870756763e-8,3.410835344522045e-9,1783.041780164677,-23.240544241960613,-1939.0,13350.489107962652,1.2600943846001248e-5,-396.3160774646775,529.6830223115444,-363.34390638905154,6.58729168352694e-8,3.2425481377739144e-9,1919.999839779058,-19.511998851871798,-15021.0,59306.449184753474,9.44111912723217e-6,-36.79961861479303,1516.0681199166283,-1238.744380099965,5.771285483017041e-8,3.2102794962534658e-9,-2935.517740074821,-48.455575381069096,-56563.0
t152,10347.348755880821,8.023214346544741e-6,-0.0002698136920945198,603.553617894767,-625.9775009265161,5.046248898163205e-8,3.1991328406628737e-9,1700.1647788325363,-27.089389931169272,-11998.0,3512.267441419959,5.916514702365037e-6,-288.2174585235023,52.36505925633086,-23.08448242663292,5.644147411626026e-8,3.4040613130372176e-9,-2110.631857733229,-15.698707971767242,-1127.0,42.76055514863621,4.808701877284644e-6,-0.016902377212425122,39.066220717138826,-19.52775079113165,5.514896382582152e-8,3.4031859858312006e-9,795.2148137447243,-4.496941304680938,-853.0,12356.325578278516,4.728147022138223e-6,-52.150039770382705,80.46912734385016,-28.544558281804743,5.860043606234957e-8,3.3978742018035863e-9,-10566.888439457673,-99.21167289880167,-1690.0,1657.7272182845313,4.792124566440135e-6,-30.074297216481117,8.57235959397835,-5.893849641824211,5.0694969632417706e-8,3.403447471859631e-9,-1427.694496197266,-9.636939664487041,-193.0,3778.61117190644,1.1722875600981356e-5,-597.9330318528703,43.77319871421259,-44.626507712570294,5.7838208565211975e-8,3.4082857573534015e-9,-2049.9998434684594,-85.82499935629201,-1044.0,520.1066468485608,5.961397832951448e-6,-0.07432721123997756,64.53106995579398,-158.1822608700965,6.114500581762231e-8,3.4155997299294356e-9,1539.7888408841532,-105.1699756326443,-1861.0,870.1196716357864,6.7271464050894425e-6,-16.180254322726483,278.293519249439,-278.2935813874404,6.634409730339582e-8,3.381112376838915e-9,6268.465736264825,-22.40509823295094,-7100.0,231.7481212093531,6.836489192124519e-6,-0.0011027314755331127,91.85828832307381,-105.3314379148707,6.234862509159838e-8,3.406726706117138e-9,2021.5806355777054,-26.854511362161595,-2213.0,20261.91933822681,1.364014940293537e-5,-5184.105049697757,887.6767780169272,-984.9788781284117,6.540066153739566e-8,3.309214659630208e-9,1919.9997964734605,-19.511998584375448,-16881.0,59750.110355586694,1.2600204647445604e-5,-46.22676878823831,2611.4413030863698,-2230.65343825887,5.709066497055978e-8,3.2657241373815093e-9,1910.0000350792209,-50.67149938837685,-61944.0
t153,9914.653523328127,1.825614047543276e-5,-1.866999787586208e-5,732.094741325777,-450.89257246958624,5.330243612389126e-8,3.3097314698727987e-9,3216.857875230762,-34.71356701250348,-13378.0,3686.2295186907318,2.00275555819692e-5,-325.23627275070885,52.96927173326484,-39.68262245488039,5.6698863489184215e-8,3.4035889254704837e-9,-2150.47363437957,-15.806280921215453,-1208.0,41.64872746897204,1.9053839259471315e-5,-0.00663206996999267,39.74400984153539,-31.337339535726,5.538078408298985e-8,3.4034301687671194e-9,869.392633461397,-4.44141827556112,-915.0,12499.08784878006,1.8827118242285718e-5,-160.97033986370906,81.22620545845757,-54.04912014810214,5.8840189062932675e-8,3.3986022917975254e-9,-10453.24718940088,-100.04742368816471,-1812.0,2043.8708295938227,2.0244456810887516e-5,-251.9339434371885,8.958777444361374,-7.588105185681156,5.0727918590239963e-8,3.4035441555015668e-9,-1575.6717922901714,-10.635786420254961,-207.0,3348.997222220616,1.1673152292926711e-5,-110.77566713665277,48.473487428357615,-30.87009862610093,5.8181732678725104e-8,3.4104212362821015e-9,-2049.9999558220275,-85.82499981277087,-1120.0,756.0104330300172,1.0785677205654115e-5,-2.2304115665974088e-5,88.68133720594155,-51.62516297578042,6.17898705267923e-8,3.4187719937981406e-9,1310.5538998685508,-108.62049567586656,-1995.0,890.6497799097671,9.234319618267057e-6,-2.6421973305294355e-5,301.583254201012,-301.5832117084069,6.658242592432552e-8,3.3789299196287486e-9,6749.461969704656,-22.11177498557428,-7618.0,231.7481642637489,9.111816242391e-6,-2.7236561049109835e-5,110.89687990050719,-47.46165946883444,6.285193260027985e-8,3.4068150356976234e-9,2099.169273181951,-24.352639814860368,-2370.0,21054.916045581598,1.361203921194542e-5,-3854.5940669290576,968.7216349303035,-574.3240934508966,6.490416358026607e-8,3.3008605513474353e-9,73.95688268352218,-13.676416484585323,-17655.0,61624.772427689706,1.3209988669558346e-5,-42.85763459695061,2937.94102593933,-1737.1843704703872,5.6716265403599974e-8,3.261755130014438e-9,1910.0000377618085,-50.67149938100134,-64641.99999999999
t154,10706.144538230792,1.8332594620182774e-5,-2.2030336297927857e-5,622.8181472708403,-667.1069845903417,5.899978850964372e-8,3.3226862583507864e-9,3216.857869653306,-34.71356696674427,-13844.0,3904.512676946859,2.2766281457244838e-5,-363.45821225581244,44.81482807296966,-47.1314154363063,5.687750897163049e-8,3.403206020360025e-9,-2270.6072583869322,-16.130641763032404,-1252.0,41.6487300923046,2.183913714628596e-5,-0.006042092518793029,33.901704620470184,-34.523183042106865,5.553305016033521e-8,3.4033116889641194e-9,911.1169919041487,-5.138223376855254,-947.0,13609.413206825875,2.1817630250788547e-5,-1246.3874827380023,68.37150218684705,-71.52685345004946,5.8999917186363715e-8,3.397999184530153e-9,-10382.502260763433,-100.3681339223358,-1877.0,2109.7429812060204,2.211054264825627e-5,-317.920174165568,7.815300941016852,-7.046621177153201,5.0749666790022244e-8,3.403094736943995e-9,-1568.0074565734103,-10.584052390368376,-214.0,3801.38661225113,1.233906879887907e-5,-510.2779809962238,41.563169471006304,-36.84685974762975,5.8391896279922834e-8,3.4104797382341428e-9,-2049.999953559963,-85.824999807565,-1160.0,756.0104348518248,1.0587389882921186e-5,-2.337160238123909e-5,75.25117035817536,-64.06893455049531,6.197227435727823e-8,3.418526951575964e-9,1405.0451478184539,-108.23780575175573,-2064.0,1000.4482708227773,1.095019529973458e-5,-1.936267479494661e-5,268.0129101375999,-268.01270271691976,6.669250329927426e-8,3.3786046820249725e-9,6920.072770597012,-22.521240492968634,-7898.0,231.74816365566292,8.807526859846698e-6,-2.926927646857364e-5,90.85560819361017,-84.06626177017374,6.299879230876772e-8,3.4081278684403192e-9,2238.8168340716657,-27.354323751538125,-2450.0,22597.17500510391,1.3594093937598482e-5,-4270.464877824488,818.0733016785204,-746.3393933165545,6.487043047206935e-8,3.3078026313698496e-9,-330.7927231862203,-16.651326099483324,-18051.0,63656.86516444827,1.3334400404010788e-5,-45.738260554927265,2564.9437367065125,-1876.3991931520934,5.667645553470623e-8,3.2643111473764944e-9,1910.0000384253738,-50.6714993789331,-66159.0
t155,11375.108960455898,1.3123765659407888e-5,-2.0778229958100732e-5,695.3305659599823,-899.5838307779709,5.0951971497205335e-8,3.1984137856124467e-9,3216.8578790201323,-34.71356704258707,-14353.0,3924.2848427669637,2.258915495915898e-5,-338.50956347611816,50.579573333819546,-50.694254950606236,5.7018728500815796e-8,3.4005813775098983e-9,-2274.5194156061475,-16.141204711792277,-1295.0,55.97191441846448,2.1750138248511424e-5,-0.005301311335435631,38.30645426891816,-37.23160349461651,5.566023957635891e-8,3.4014857384077866e-9,929.0407455813425,-5.08223126685774,-981.0,14433.955660522077,2.1774398631646506e-5,-1992.9436907937798,77.51731475215622,-76.59099299547053,5.9150490729373494e-8,3.3943685809964454e-9,-10398.65116112853,-100.28715219963188,-1943.0,2134.326188780252,2.2054845120952457e-5,-337.2556777286527,8.937979723252115,-7.56873345629693,5.0794514713691866e-8,3.4027413552276816e-9,-1565.8701537012703,-10.569625721884854,-222.0,3973.025003669185,1.2501661981878921e-5,-643.085157412121,47.45693314193249,-40.57183801750269,5.86266881801441e-8,3.407668694504528e-9,-2049.999954109575,-85.824999810681,-1201.0,756.0104350060469,1.0117563301239268e-5,-2.550502694916591e-5,82.37831773705463,-99.89768532153218,6.219033485112317e-8,3.4155638786507022e-9,1506.3365235885535,-107.82757568084212,-2137.0,1217.9387305489129,1.0875747644835971e-5,-1.9444124843997657e-5,312.44455445393555,-258.9348370829565,6.672974416743945e-8,3.376988571219978e-9,6920.072801121329,-22.52124053878823,-8169.000000000001,231.74816391196302,8.692484150941203e-6,-3.177601484621739e-5,99.41014348025861,-132.4839967639208,6.323970638206258e-8,3.4047368041170427e-9,2368.9709306558393,-28.645218263383807,-2539.0,23331.927798173376,9.830757076081156e-6,-4175.300459455042,919.9734197520748,-851.0100849651266,5.922356466368753e-8,3.2509393358193484e-9,-562.2382327036161,-18.352450673146837,-18645.0,66174.36552787398,8.884807560421881e-6,-9.203131217974896,2817.0582442229934,-2480.549187420403,5.6454396514456476e-8,3.22098409278337e-9,1910.0000372819413,-50.67149940024427,-68361.0
t156,11769.5157644843,1.4006599307464598e-5,-2.61634325635195e-5,880.054854704971,-912.7149209263669,5.352861901882434e-8,3.305904727790936e-9,3216.857880948194,-34.713567107241964,-14919.0,3960.12517591948,2.0274809223060444e-5,-327.3309398423551,60.78545684192249,-55.61144369847973,5.2871683372586513e-8,3.404801655367808e-9,-2296.7669963174826,-16.201273226057534,-1325.0,55.92934605727421,1.9802332138637517e-5,-0.004839199376835346,46.07579575311247,-41.06173938093905,5.2270673052863674e-8,3.4037606215673796e-9,948.2182993354327,-5.156882418708749,-1004.0,14794.875406362382,1.9482710830769183e-5,-2324.4730497880632,93.90276448721846,-79.18899413318982,5.385800318800887e-8,3.394586920732703e-9,-10396.822792783965,-100.29335374190555,-1988.0,2166.7183947081735,2.0182541451681648e-5,-367.0558561862826,10.8376309864244,-8.310450047420117,5.0075187351658976e-8,3.403582824818442e-9,-1564.6284950688378,-10.561244624469694,-227.0,3959.2513333842803,1.1700580182188011e-5,-610.98740536283,57.72804106678719,-42.16702653124838,5.4626576424966767e-8,3.405596129492348e-9,-2049.9999545180635,-85.82499981290799,-1228.0,756.0104346181932,8.934183214209233e-6,-2.78248896321617e-5,98.42123370056201,-120.21397219928323,5.639798805035274e-8,3.410400050701663e-9,1560.390977832228,-107.60865511874634,-2187.0,1443.200344098855,9.297778605352547e-6,-2.1169280228083187e-5,366.9665058457898,-353.71839982185423,5.914045880964253e-8,3.3764616513515906e-9,6920.072802229367,-22.521240533232298,-8354.0,231.74816541244076,8.058641403872993e-6,-3.457562892348334e-5,119.75977131808938,-146.73376158381924,5.690167177124999e-8,3.4062865647603188e-9,2423.44986939641,-29.224018082796224,-2599.0,23150.29461203759,1.2126324916638568e-5,-3306.472862043371,1063.7823527197947,-1112.682314220336,5.917554050151142e-8,3.3156418533517107e-9,-670.7716296503895,-19.15017102078343,-19105.0,67512.09135869882,1.1172250033561583e-5,-34.708985566065536,3385.6772341643104,-2385.388157686817,5.6388686761159684e-8,3.2680490991381024e-9,1910.0000385971084,-50.671499386139764,-70337.0
t157,12005.733904330167,21.685332697939188,-1.1189476510423812e-5,1013.9612183833759,-963.5248405012336,6.679179585370506e-8,3.304289823338352e-9,3216.8579638876367,-34.7135676997835,-15260.0,3989.215645932128,2.2734039601698805e-5,-315.84906897191337,64.75383866131578,-78.01470484967436,5.731693046130838e-8,3.3980843028718694e-9,-2299.8960119993812,-16.209721566621344,-1344.0,57.75508098004016,2.1899536912208786e-5,-0.004322744044105096,49.248176027097145,-55.9545740825252,5.592809782600045e-8,3.4000304773743554e-9,972.0227402778798,-5.067122412127793,-1018.0,14494.395972843276,2.173686226443783e-5,-1961.9617423477162,101.73558488665255,-101.63612028739266,5.943454156561429e-8,3.3924629202337334e-9,-10415.323894865365,-100.20982200910133,-2017.0,2190.2343279807487,2.2177448256990853e-5,-383.56592383837415,11.834657560026736,-10.124344523185336,5.092167525730441e-8,3.4002213815244567e-9,-1566.8028181634993,-10.575921242036973,-231.0,4156.257818486647,1.2666217250861158e-5,-781.8724007670509,62.457122809471414,-55.01759418196753,5.894141323980691e-8,3.4083866299508243e-9,-2049.9999592477166,-85.82499983932836,-1246.0,756.0104336964549,8.193838185909519e-6,-3.70346480272265e-5,110.27683166843872,-119.20291839315692,6.245838531807044e-8,3.414324528975348e-9,1580.4431258718967,-107.5274440492673,-2220.0,1612.7196820917027,9.48323766451178e-6,-2.526930222852587e-5,401.59005831328165,-439.8613104167821,6.680512572777357e-8,3.3702144411255054e-9,6920.072826307199,-22.52124057009586,-8472.0,231.7482282486226,7.260236557444422e-6,-4.524440983747755e-5,134.38245175716972,-144.55895289901494,6.348680395825203e-8,3.402320691685705e-9,2445.8833884647925,-29.455077649989704,-2638.0,22468.74204921412,8.337827508088841e-6,-1864.4213548859736,1135.2013211806195,-1578.8021810035534,5.394525607227471e-8,3.269854474302998e-9,-713.2574013330164,-19.46244155258645,-19428.0,68327.48264710557,8.352752858953748e-6,-20.25478259618948,3906.1332486469973,-2121.6896627974043,5.314921658829494e-8,3.2126580203700585e-9,1910.0000407995726,-50.67149936125314,-71951.0
t158,12061.48657902464,38.96193603101925,-1.1760906975802812e-5,1031.7275195337645,-1026.320413910247,6.632485787689891e-8,3.3031387097889768e-9,3216.8579586929827,-34.713567676612364,-15288.0,3960.1292479687177,2.0394511729377167e-5,-320.9640397692065,62.66954008551459,-95.77247227696239,5.3118985517777396e-8,3.4009845870384212e-9,-2236.025026548118,-16.037269904201036,-1354.0,46.212893519116264,1.989819309721205e-5,-0.004370555152319691,47.64983201543988,-69.66127846408727,5.2517330171461735e-8,3.4004984869096173e-9,1005.2364221315546,-4.433518595878078,-1025.0,14044.107293999752,2.005114212006672e-5,-1406.6695452705064,102.25754411889112,-97.00977590498745,5.411145326585043e-8,3.3917503851743965e-9,-10511.933661650413,-99.7518754255233,-2031.0000000000002,2187.4388297404557,2.070479531719998e-5,-378.1545678357752,11.73692669112999,-11.164363895833256,5.0243134967067566e-8,3.3991704734744297e-9,-1567.2777186418284,-10.5791268124298,-232.0,4189.2456162413855,1.1597257980965748e-5,-804.7032396271701,62.336209309122026,-57.05363231569834,5.486037959283197e-8,3.4042440445714124e-9,-2049.9999654012245,-85.8249998577591,-1254.0,756.0104375967817,8.740946466149e-6,-2.6642728623523322e-5,112.8390152254026,-109.18386300190822,5.6722026585401204e-8,3.4092548146897072e-9,1583.8480820570005,-107.51365403466566,-2236.0,1663.935410402445,7.752467603411134e-6,-2.9298087871915625e-5,411.91309219035685,-440.39993117549506,5.956107299032901e-8,3.3773153478339778e-9,6920.072690404184,-22.521240333688652,-8533.0,234.3599083818116,8.12188950093502e-6,-2.946293630580924e-5,137.463086180874,-133.55324562345987,5.722878984597101e-8,3.4051567006319627e-9,2449.221117241768,-29.490844897546122,-2658.0,21860.32919395071,1.3119838060327452e-5,-1170.6214770798242,1106.636124420708,-1517.8319160012784,6.429644058806243e-8,3.2968186363592e-9,-719.9999396373289,-19.51199882874225,-19539.0,69875.70264109067,1.3717787438993882e-5,-31.006294609432047,3915.9968190729855,-2564.0217210842015,5.6296503895961304e-8,3.2558126497834852e-9,1910.000041351423,-50.671499350436164,-73056.0
t159,11979.104940942654,152.58398388637735,-1.094468053462018e-5,1201.339033971857,-1011.172343585399,6.680733334753242e-8,3.3056258656500725e-9,3216.85796342138,-34.71356769462722,-15504.0,3803.4586357863705,2.3206018646331987e-5,-311.29885825585336,67.25239762444916,-113.25636596820334,5.754170525340558e-8,3.3991344620837247e-9,-2060.592231177137,-15.563601273316305,-1370.0,50.01085470184687,2.2318265882013802e-5,-0.004794847113964487,50.293211631422544,-89.11885535700594,5.6152085209755774e-8,3.399635537701004e-9,1028.8340172954872,-3.0144557973081603,-1037.0,14479.686015010595,2.2125553412985156e-5,-1592.0506692122267,108.4350438006,-132.84630892255495,5.969268886312867e-8,3.3929626134543526e-9,-10710.413908135193,-98.81019470833007,-2054.0,2211.977735954924,2.250052272055883e-5,-397.2186692201092,12.653035852983486,-14.001422961992539,5.105798492110943e-8,3.3989707119131517e-9,-1567.8278619055798,-10.582840268906898,-235.0,4210.921022541363,1.2717133348377564e-5,-792.0271647591126,65.99483266767245,-80.06373809525309,5.918935894459661e-8,3.407353243536204e-9,-2049.9999652624633,-85.82499985821477,-1269.0,756.0104372314604,8.997096934762316e-6,-3.268494456254183e-5,127.84470088119615,-107.55580334902746,6.283536493130249e-8,3.4135308764080857e-9,1594.172528796134,-107.47183991578193,-2263.0,1678.3119756170772,9.662643408028774,-7.903268525505243e-6,473.68879255963554,-431.2150816468489,6.748664447146606e-8,3.3763344398655166e-9,6920.072918606425,-22.52124070852079,-8628.0,260.18688187247386,8.320388832578147e-6,-3.531026390012102e-5,155.59030758979804,-133.2245569738716,6.385164135064254e-8,3.4056508448356265e-9,2438.8964251980765,-29.4490307601135,-2692.0,21455.581937350154,1.3423028282585946e-5,-693.1261754253803,1233.4947463645756,-1517.4385961299436,6.466199298826703e-8,3.288604584077597e-9,-719.9999268265047,-19.511998813784473,-19739.0,71137.70754287345,1.3600466357470702e-5,-36.33432236433488,4279.9899860793275,-3356.691760588966,5.645424967630112e-8,3.2552579069642804e-9,1910.000039989373,-50.67149935538523,-73884.0
t160,11420.118999754322,327.27078537350434,-1.2062282308842314e-5,1753.8854639649803,-706.4196124658007,6.626132944998301e-8,3.282830103136812e-9,3216.857942862288,-34.71356750735634,-15977.0,3707.6491242166016,2.301999163544897e-5,-255.954906911649,95.93457084161822,-104.1266880967637,5.751236671579058e-8,3.3997653765358e-9,-2019.0506839994785,-15.451439125881317,-1409.0,61.479184820929326,2.2072829871790174e-5,-0.008856994156540123,72.24439271843178,-79.95419010859345,5.6124957697969155e-8,3.4002425741741324e-9,1016.0053551057617,-2.765907669373125,-1067.0,14696.258723305316,2.2023284642352327e-5,-1679.7421075503853,136.63199017777285,-199.91915365163763,5.964997608796682e-8,3.3932049239768278e-9,-10739.558580210958,-98.67089416715147,-2115.0,2222.655779429233,2.2375004761423672e-5,-401.38887863611956,16.68258687736495,-18.9735101336239,5.096723923251183e-8,3.4002999177518075e-9,-1567.3960742497877,-10.579925710579884,-241.0,4057.159806423715,1.2443665205367688e-5,-581.6884342684492,84.02665281960468,-118.6730800030744,5.91261118681649e-8,3.407319277846056e-9,-2049.999957621759,-85.82499983249754,-1305.0,756.0104311977898,1.3172502611801781e-5,-7.799380390151453e-5,162.03695500418772,-185.9812288305292,6.271375732416376e-8,3.4132766988516882e-9,1704.9570698431135,-107.02316245913853,-2330.0,1697.1702295028954,7.4337123034036034,-7.256968907987681e-6,676.9733194880513,-410.1289232689628,6.744014788918983e-8,3.3750400731514445e-9,6920.072909858196,-22.521240694245353,-8869.0,501.16463579201564,1.2065574613091221e-5,-9.137567703964348e-5,198.2927585490846,-224.56859364870078,6.371086242406745e-8,3.4041627062003597e-9,2328.11163010187,-29.000351546939072,-2774.0,21220.5133399281,1.231246393738982e-5,-0.0008394843043272878,1688.693746554207,-1688.6946129822365,6.467370859136366e-8,3.284794971937758e-9,-719.9996493089151,-19.51199707793237,-20481.0,73545.90063185211,1.2420169522690505e-5,-37.65906025356402,5631.551425015796,-4917.121547658339,5.640365584908428e-8,3.252053033388127e-9,1910.0000376196674,-50.671499376205496,-76082.0
t161,11440.557017703708,738.0581684030731,-1.2260592764491047e-5,2396.831328038189,-474.4708806414659,6.628274112482931e-8,3.2997998922306867e-9,2456.8579473576633,-24.833568521334833,-16533.0,3238.749092280962,2.3058448677010864e-5,-240.00051902049316,125.5959104912912,-125.5962276076488,5.3425274048813984e-8,3.400930108337851e-9,-1526.6263858053803,-14.12189344523813,-1458.0,97.83471927881504,2.2369724393834954e-5,-0.0005223729711424711,95.29063578670609,-95.29095025854116,5.2830416008069144e-8,3.4010552840137954e-9,1009.8834607856418,-3.7173656400463972,-1104.0,14870.849190857805,2.1713302968100413e-5,-1265.6864696944215,160.175365189861,-252.26646734558693,5.441328307202457e-8,3.3915405482968155e-9,-11225.114705651664,-100.956935153236,-2187.0,2209.3084053724965,2.2115414390423933e-5,-375.6051652871554,20.675986069635837,-25.65193234927434,5.039131465054099e-8,3.399307089201855e-9,-1568.1423529217318,-10.584963046942564,-250.0,3708.1191382411926,1.1750264015911819e-5,-168.5827912742114,98.50457926969742,-152.21595793323522,5.5118371589661424e-8,3.4057779820605465e-9,-2049.9999801992913,-85.82499989874586,-1350.0,756.0104457488026,0.0004989152527925254,-7.080306490901213e-6,213.16656103224997,-213.1659448611157,5.761973930397377e-8,3.4116523390293395e-9,1763.7734010203774,-106.78495482408954,-2413.0,1677.8625570995634,6.096882015102144,-6.864355445075102e-6,952.2634119167832,-344.9160701862858,6.031969489881305e-8,3.3785173863683344e-9,6891.145040072627,-22.451814114164023,-9160.0,527.8999102242229,0.00019528115701923982,-7.115642666874949e-6,261.70599107679885,-261.7053990736339,5.810061585530779e-8,3.4076540461111902e-9,2360.785871020656,-13.686561470012474,-2875.0,19759.951723632505,1489.9958341841866,-1.1727318209316815e-5,2174.3953365912485,-2174.394735651847,6.534313579122535e-8,3.286100755330076e-9,-22.562314254189864,-14.385832836021684,-21213.0,74241.38545288806,1.3232502237610202e-5,-32.2333865618624,7677.863069977281,-5179.343668900318,5.6450414574093784e-8,3.2490175457166616e-9,1910.0000185752904,-50.67149956089992,-78567.0
t162,10864.654167220442,1165.4915992140382,-9.390832657226404e-6,2938.136352116421,-313.30611562268325,5.1658952854473044e-8,3.19232376784067e-9,2456.8575702003413,-24.833563753840036,-17087.0,2929.761822389078,4.341601672315548e-5,-2.0241720071183247e-5,148.03990653524843,-148.0398749035694,5.501305148778663e-8,3.4096630173665053e-9,-1422.9199949359293,-13.841882309509927,-1493.0,170.0482056105145,2.5190184443394095e-5,-1.458637668993672e-5,113.11646730126549,-113.11643516866046,5.43979336590331e-8,3.4092830948438675e-9,963.6621613708534,-3.7104097706455694,-1130.0,13104.579556116394,2.3161556413387543e-5,-1.5432604641096974e-5,225.2560647430752,-225.25604403624828,5.600150880337651e-8,3.398315547321729e-9,-10772.06193915832,-92.51764543190005,-2240.0,2026.7526187219103,2.142157031452142e-5,-147.99962423358767,20.189035997143744,-32.14205745646481,5.0323380988494896e-8,3.4017424164862463e-9,-1599.999994515383,-10.799999983583783,-256.0,3525.2882803413427,1.1493999935047876e-5,-3.611093592571284,136.19753731991455,-141.04967428481038,5.498558684883119e-8,3.4041378716192975e-9,-2050.00006165195,-85.82499967192742,-1381.0,756.0104447924244,0.0005827020684002203,-7.019120219672956e-6,281.33090560237986,-185.95358800029172,5.750482672312898e-8,3.4101158124692826e-9,1727.5433465024084,-106.93168463010849,-2472.0,1677.5054002005672,5.850817362728581,-6.799651529510457e-6,1251.097067414342,-110.84482964208668,6.007392745528877e-8,3.3766878581031564e-9,6570.072792180522,-21.681240776662563,-9372.0,527.899911491081,0.00017553797815245096,-6.9984077898678665e-6,342.95384344055947,-227.8890114353331,5.801299140483865e-8,3.404236465357339e-9,2316.1435121679624,-10.108424261491535,-2949.0,16971.950561286958,3005.8152244396165,-1.093065899911705e-5,2853.916914412551,-1479.6338734608494,5.986300981925551e-8,3.295374821002715e-9,379.3827210586967,-11.431536856196926,-21720.0,73971.25702415289,1.1303045718304976e-5,-29.311544383417097,9595.2328775766,-4897.754137671528,5.621728334367964e-8,3.2509063673971865e-9,1431.3198867807978,-41.74411788682023,-80029.0
t163,11005.726391787077,1069.6285701448858,-1.2483970230370657e-5,2298.397068396909,-496.7758690609969,6.667580101781232e-8,3.368558721768103e-9,2456.857413281679,-24.83356214267978,-16309.000000000002,2546.332170569799,5.217245922280293e-5,-1.77884454610929e-5,122.2576589278499,-122.25766306045338,5.518420538917946e-8,3.4193613004266433e-9,-1133.2903241781794,-6.041876693903646,-1407.0,132.26341754901057,1.473726628703491e-5,-2.3014081285399398e-5,95.83860498760588,-95.83861888107971,5.4607299895432066e-8,3.4201172591975936e-9,938.1659175918861,-5.429313022933821,-1065.0,9682.639085375591,1.341812506070354e-5,-2.1374096250085134e-5,188.93031601310867,-188.93033289990512,5.6334988857085995e-8,3.4120541881694215e-9,-7472.069053499564,-99.5700070547839,-2111.0,1679.8182567699082,1.8415444298940736e-5,-1.6262448418238174e-5,21.453080657226174,-21.45307683873376,5.212988349394767e-8,3.415281215764136e-9,-1429.1713555647086,-9.64690722609287,-241.0,3365.105629690975,73.71919072208165,-1.2089579796104396e-5,115.02049517210203,-115.02044341173634,5.578184520532198e-8,3.4265467935799234e-9,-2049.9998607694624,-85.82499935719198,-1303.0,756.0104426630063,0.0003678782645004165,-7.17627195453747e-6,189.9197826449767,-285.2971426767185,5.7549821915143404e-8,3.4301974223723102e-9,1775.1056127658567,-106.73905615469363,-2329.0,1677.4471888281746,5.327904616227095,-6.942466113466846e-6,945.9504917623916,-335.1171148528056,6.045957325643953e-8,3.4098791968180227e-9,6570.072777277154,-21.68124075100888,-8842.0,527.8999107149746,0.00013180194583853403,-7.228701963159972e-6,235.21960491003694,-350.28443091917205,5.811592773276372e-8,3.425247441833507e-9,2372.8469407381754,-10.6821500734263,-2775.0,14571.03567616483,4166.841815390845,-1.1027609389419356e-5,2332.906460757116,-807.7031146218566,6.00934712805584e-8,3.300650015078782e-9,275.1170627909757,-12.197889506722655,-20526.0,74613.36207994903,1.1539469036908328e-5,-30.222260182975344,7781.960831554683,-3765.0348692621956,5.647851007918447e-8,3.2666739599390075e-9,-2303.6351304338136,-40.430663202318485,-76256.0
t164,10555.996597714535,1289.539015625123,-1.2188680893661206e-5,1323.118034671532,-294.7175299589273,6.772344247606726e-8,3.3003135699606545e-9,2121.6911195255443,-20.627225547345226,-14975.0,1824.0155728074856,355.69222103023543,-1.2770699765808849e-5,83.10336324668566,-12.900129795869654,5.967919271639259e-8,3.4127098522537535e-9,-930.0000148005311,-17.910999769781338,-1302.0,75.12967591916131,0.014256940355209262,-7.470716900464973e-6,69.26898604894708,-1.3998634010195083,5.890779014479547e-8,3.4136722549267326e-9,852.3169467159674,-10.329994809391014,-985.0,3887.6886075508946,2728.5434374037163,-7.3821930993743994e-6,134.6532207621238,-5.7128604594631724,6.279510900514829e-8,3.412942041061342e-9,-4701.5222795816735,-91.65011837220312,-1952.0,1094.1314999650035,496.9622221071195,-7.5498853328478945e-6,14.64025084984867,-1.9391600209176596,5.367119941110593e-8,3.4176128517587827e-9,-1371.536930704476,-9.257874698253532,-223.0,1647.403208427504,1166.700365879069,-1.1300777819531335e-5,81.49116589752835,-4.514777609798844,6.004036336667905e-8,3.4238958501128114e-9,-1625.4157144628407,-60.66423689729019,-1205.0,756.0104408311274,0.01181096579842606,-7.304952255289996e-6,152.68048023939335,-7.368565814698786,6.356438913202863e-8,3.4315654393231002e-9,1329.8273087231944,-81.1614677014485,-2150.0,1687.4650696265426,5.855798289064611,-7.2100003575977655e-6,551.6726409178365,-317.611201103216,6.774145392506963e-8,3.3832326411159534e-9,6291.3792526901825,-20.76155327796399,-8198.0,527.899909615167,0.00021943779278486288,-7.336557630189286e-6,186.88022167693134,-8.13796455101745,6.462193118497082e-8,3.412494654237596e-9,1863.2598250473209,-11.902203954012348,-2558.0,12802.702339550879,6068.070165657353,-1.1560984719891321e-5,1466.2848130181342,-437.54573051959915,6.71688672268736e-8,3.2871972103838355e-9,-719.9995795051069,-19.51199670676473,-19160.0,73099.33326891842,1.3392519389530465e-5,-33.2448246176092,4833.138276123475,-4031.5553008900943,5.791332862598368e-8,3.3334805020251843e-9,-3109.9999336475794,-50.67149933389125,-70707.0
t165,12535.86113233287,740.8290193022542,-1.1850081912962907e-5,1061.01665492154,-1643.7860516125988,6.814314041012092e-8,3.3026061006469616e-9,1922.2029055675907,-18.12364864418232,-14598.0,1856.6014217085717,325.0088402189626,-1.315736725552709e-5,65.60052321706935,-17.299748545265107,5.9379730461191804e-8,3.4131665774348457e-9,-930.0000238376913,-17.910999664145876,-1282.0,50.73964258597858,0.011106958081870599,-7.583481918044716e-6,55.69882104114764,-2.007618545030269,5.8625359229435294e-8,3.41711269667286e-9,876.7718893265612,-10.21383384207061,-971.0,2945.3030435449987,3438.496289207715,-7.427769324472397e-6,109.96070982428579,-7.535061128685835,6.251356331884157e-8,3.416019987507301e-9,-4472.934751737778,-89.29022233650228,-1924.0,835.6898020752541,672.3411528984425,-7.583533925295698e-6,12.696788214730786,-2.33888635282223,5.3530490710759184e-8,3.4243296032323453e-9,-1289.683485334939,-8.705363970084196,-220.0,1661.5726952844502,1166.7003132398952,-1.1308128713068204e-5,67.19119954469868,-5.5983798102351905,5.981745320819392e-8,3.4267685525056935e-9,-1644.6604517238618,-57.205365282533,-1188.0,756.0104420407456,0.009698280781931506,-7.272394334289944e-6,124.35939400307598,-8.978260374365659,6.32934672245751e-8,3.4303972014750582e-9,1323.1254185510038,-76.52668529018855,-2118.0,1816.0070762140165,7.577530810293426,-7.163117910938503e-6,445.3548529188757,-350.56443975418637,6.761254931945113e-8,3.380616192254632e-9,6185.035606194162,-20.410619284566643,-8083.0,527.8999091865836,0.00024603373612011863,-7.283813476525845e-6,151.80746095115416,-9.96044795635729,6.436478556643006e-8,3.4115696889061696e-9,1860.142417456127,-11.889578451481597,-2518.0,12898.114948101882,6258.648608692135,-1.1126881697222282e-5,1251.4590818955776,-386.71103465269545,6.063135844468703e-8,3.2932838798349828e-9,-719.9995960745505,-19.51199688383607,-19282.0,72273.44668255279,1.1548349452460631e-5,-36.27380483965869,3845.640060757715,-3594.1415225653136,5.6849186437290634e-8,3.2682956486773045e-9,-3109.999928386625,-50.67149927603662,-69328.0
t166,12525.43591944783,911.839465187811,-1.1697875509596729e-5,867.2101965872898,-1761.3658473255161,6.756290088058036e-8,3.299301661420177e-9,1900.7344979694383,-17.854220240550443,-14426.0,1902.972117681697,263.082932261346,-1.1876335056153034e-5,52.6735221934992,-21.817540017161786,5.336857146647243e-8,3.0949118907257165e-9,-930.0000206147614,-17.91099967524397,-1249.0,113.84360618218537,0.009065844943458863,-6.510696618757863e-6,45.212989955558065,-1.8558869302662009,5.370983967298177e-8,3.09409560670352e-9,798.3764436723255,-10.586212264755819,-945.0,3020.7722394302587,2914.677662041605,-6.058663539737643e-6,87.85858697327953,-8.187775330847632,5.385895086902136e-8,3.0905736989370365e-9,-4053.702866303883,-87.41784080961554,-1874.0,835.6898448578844,624.3205005984742,-6.456796336120114e-6,10.14860042775341,-2.4370070860289434,5.400768290800577e-8,3.097920317967837e-9,-1245.3160486730512,-8.40588371967517,-214.0,1667.4143929279926,1166.7002236456797,-9.359939118535117e-6,53.686056739406744,-6.093936087484243,5.398785644144198e-8,3.0957984081088e-9,-1671.4537415777402,-53.252986343137195,-1157.0,756.0104410377398,0.007158608368973154,-5.432753045266033e-6,99.28938371152799,-9.782789245002265,5.4477325093311174e-8,3.1106431972391512e-9,1288.6986523720134,-73.22284110279615,-2061.0,2044.8091680725722,6.194561743300123,-5.051296036299099e-6,356.0982381914223,-432.76913050933547,5.4650065582690416e-8,3.1154628733106648e-9,5921.207152775888,-19.53998526715987,-7876.0,527.8999092046572,0.00017852542966039834,-5.27141771321432e-6,121.27546361408159,-10.898071718537253,5.383535987714331e-8,3.0954665159101044e-9,1821.4554211726374,-11.732895577816363,-2448.0,12840.496982186018,5918.301334539647,-8.107086856591042e-6,1014.8196102871087,-371.1063636486506,5.3116836665004024e-8,3.0728703215661057e-9,-719.9995587629476,-19.51199652690736,-18663.0,72021.56809603704,1.1869724280885171e-5,-33.970563378530684,3136.92680791679,-4077.852921525832,5.3897819095884245e-8,3.09679287331635e-9,-3109.9999320299194,-50.67149929115361,-67886.0
t167,11608.985435750117,1160.9365146884584,-1.0959307961502145e-5,608.8629335594712,-1925.4487271088117,6.028439393999225e-8,3.3198030582182096e-9,1980.519374223065,-18.855520246782792,-13415.0,1822.448048968765,259.77065202873825,-1.1228649436577929e-5,35.24139365641978,-24.54906648339365,5.343886292203959e-8,3.098489632216363e-9,-930.000017286235,-17.910999706385667,-1145.0,165.77596342326805,0.01818194176078034,-5.543507080330621e-6,30.412841773307235,-1.3211285521634784,5.37590701115552e-8,3.097010485126875e-9,682.251950471549,-11.13780356659407,-866.0,3059.0730653490723,1979.966250025113,-5.171459650172033e-6,59.332576814499966,-7.852747844874431,5.3899297274255395e-8,3.0932528840688e-9,-3289.0771030891706,-84.44203613694718,-1717.0,835.6898351841646,588.1230220020748,-5.82366736733335e-6,6.8317942485668635,-2.4624313473242427,5.4079229657222936e-8,3.1006725905199624e-9,-1223.9207488800137,-8.261465435201309,-196.0,1661.4458051685435,1166.7001918563024,-8.471127762670902e-6,36.20751485617197,-5.97240290922078,5.395614900716174e-8,3.0992213824319316e-9,-1750.8180721882543,-46.56302836191159,-1061.0,756.0104403244293,0.007271243819628657,-4.83255452131611e-6,67.06564578154567,-9.722457556762757,5.464929557789084e-8,3.112295157686453e-9,1142.6997543440975,-69.06064935968757,-1887.0,2230.0498149410787,7.703513876612475,-4.567878181795266e-6,242.0189948027701,-798.6434012274592,5.48862445605366e-8,3.118227977654182e-9,5565.236363792512,-18.365281661829915,-7228.0,527.8999083201704,0.00018087838220465203,-4.836683608104547e-6,81.99370859387987,-10.95065526711883,5.398472018756841e-8,3.097987952681695e-9,1653.1079506237716,-11.051088363116362,-2241.0,12896.23844918724,4635.469579199031,-8.315583268000776e-6,682.7400550772151,-628.9365575331105,5.3046631775494606e-8,3.0714304063914217e-9,-719.9995214012026,-19.51199624546043,-16846.0,69069.25985266759,6.975477327364324e-6,-26.030247323863644,2163.996016272535,-5634.554198966402,5.3913678488228506e-8,3.0980741991418414e-9,-3109.99993061012,-50.67149929327491,-62412.0
t168,11410.606021276713,472.6298026948587,-1.0536996510824073e-5,420.07044585812645,-2184.6253269676386,6.032253763449511e-8,3.324284541458744e-9,1874.8484172557603,-17.529349682897095,-11976.0,1712.673234058526,265.61040592432676,-1.1055264831857333e-5,24.68566885191744,-26.833548851331006,5.325156789131402e-8,3.0964432000464833e-9,-923.2429928196021,-17.892756159314143,-1035.0,167.80008096286903,1.1980244982828202e-5,-4.293775687999357e-5,19.19648227616259,-14.87174622584177,5.315564325025602e-8,3.0918120589197033e-9,623.2429702746249,-11.367756380707455,-784.0,3126.335505200671,504.86341788270516,-5.333899558624344e-6,41.79501256164274,-6.978284302183859,5.3876214954350864e-8,3.087895122728082e-9,-2035.5679247201738,-77.4477213324837,-1553.0,835.6898369075053,470.7361492751602,-6.011800515705673e-6,4.827617830099489,-2.41895816891721,5.4109699181555285e-8,3.0984132982065943e-9,-1124.2459791296055,-7.588660754186252,-177.0,1649.007146016479,1166.7002678663205,-8.770692259881018e-6,25.544011328029278,-5.5178029391396075,5.3866807264398525e-8,3.096518363069676e-9,-1842.5120246790736,-33.221588873747734,-960.0,756.0104393581654,0.009395141362705932,-4.9756270086761e-6,47.24319824318857,-9.097043174455928,5.443053289770185e-8,3.1095755803410868e-9,970.5773805429676,-57.74336518527333,-1707.0,2400.2551022168545,14.97919622374712,-4.706024658025993e-6,169.2776945064883,-851.5219889606545,5.46198912502869e-8,3.1154335671487873e-9,4827.942211638048,-15.932210963908066,-6545.0,527.8999069422124,0.00023059150630854686,-4.945654978506863e-6,57.6837673556745,-10.276520330448632,5.379715610409825e-8,3.0951387831066208e-9,1458.9573990309987,-10.264778694809294,-2024.0,13475.17653702361,3259.305235474419,-8.374861966919262e-6,485.843364203011,-1316.8136088206365,5.2925210940072753e-8,3.0707321788219885e-9,-719.9995232495567,-19.51199629489002,-15164.0,63650.81583030879,6.911243397723339e-6,-27.43977039629859,1492.307352550982,-5281.011985472653,5.37795584473611e-8,3.0986018273900683e-9,-3109.9999341443886,-50.6714993280607,-56674.0
t169,10282.269628519076,0.00012946703346239225,-1.1351568961602362e-5,213.2037397961043,-1328.7039543149444,6.802196372917854e-8,3.31985295474972e-9,1339.0137916439774,-11.783323915450142,-10494.0,1592.005406147141,282.65632635536247,-1.2972757971877562e-5,12.645011340426132,-33.19779513311787,5.802957940524261e-8,3.410542957537169e-9,-900.2781845474404,-17.830751244891182,-936.0,181.88882276925082,1.3942361548558898e-5,-2.52749876936633e-5,9.479488214283956,-72.34071132823577,5.6766443448548354e-8,3.4128751207724954e-9,600.2781630460863,-11.305751426076492,-708.0,3124.4019758358895,14.773492139890884,-7.239502595952805e-6,21.26061920650321,-117.19368024705783,6.09976734494494e-8,3.4153264804133062e-9,-1570.6539791498572,-69.58842061363315,-1403.0,810.0794873086838,15.265972863945251,-7.3968909032278536e-6,2.4557104713954274,-5.1943168319213635,5.325356990032523e-8,3.420397540106572e-9,-657.1709421644609,-4.4359043040044766,-161.0,1632.5120662048535,1166.701023883501,-1.0980460584539172e-5,12.993597449104687,-65.23834782845414,5.8447887381627805e-8,3.426606231786693e-9,-1856.4296389767155,-22.538689806900457,-868.0,756.010436441209,0.027454616499674064,-7.0979474638407625e-6,24.032389977610944,-129.0017248319876,6.171531846194368e-8,3.4323993703633533e-9,940.372688364806,-49.44123753228925,-1542.0,1888.688974808331,12.480389216951977,-6.934128327560474e-6,86.10819130934541,-546.5621274991572,6.74775329891567e-8,3.386647391775693e-9,4491.105228169868,-14.820649131295243,-5917.0,527.8999043467961,0.0009176588718753799,-6.921998933059738e-6,29.34278873530601,-162.8022139585535,6.279095865486819e-8,3.4114839373951665e-9,1443.7618445877656,-10.20323451072393,-1828.0,14043.258815836296,1620.4420380833317,-8.871856136439312e-6,255.74943982303466,-1410.9392565601486,5.276729845657557e-8,3.062442626949391e-9,-719.9990354914764,-19.511992867987924,-13769.0,58160.89168256902,6.462552757297889e-6,-41.34251832096821,807.7080860999915,-3637.5858222216007,5.340588130181191e-8,3.093543614044095e-9,-3109.999935482553,-50.6714993810745,-52129.0
t170,10022.342223794325,6.410509015978667e-5,-1.2485918501278734e-5,127.32979831645072,-1045.1524521849315,6.700243821878498e-8,3.321315789318376e-9,476.6751222314235,-4.194743774186316,-9577.0,1516.5044606640042,243.37593201518342,-1.1390445316984025e-5,8.677911182492615,-41.89600394630778,5.298385401391426e-8,3.084543482351998e-9,-825.0346949084864,-17.627593665510748,-884.0,204.43789057808104,1.5292247356354687e-5,-1.6107743567332605e-5,6.574627714131436,-54.94459332031128,5.2830008102917157e-8,3.0797143998195767e-9,525.034669757996,-11.102593966963079,-670.0,3120.125315917239,0.00011075212377816274,-6.275495303354581e-6,13.187056135338448,-107.84395183633355,5.336243803526696e-8,3.075349193171649e-9,-1628.5332151104235,-68.93530956306044,-1328.0,742.8797266004447,0.00011341155366437668,-6.657438104840142e-6,1.5231236152772087,-12.45564761826028,5.362731620638583e-8,3.08594050132994e-9,-577.0522065854735,-3.8951028174629254,-151.0,1627.980506957076,111.03313855642976,-1.0058786429342005e-5,8.05899825797779,-65.90315322810702,5.3485827522219715e-8,3.0838580218488107e-9,-846.2839411281246,-13.885539408899286,-821.0,756.0072321100631,0.00010413645061521297,-5.769376830925661e-6,14.906655131441491,-121.9104157352715,5.402799005012142e-8,3.0984410624448023e-9,855.6458836256218,-48.64945354977302,-1456.0,2179.532908045341,0.00010109035437247297,-5.438625677069804e-6,53.407752867413464,-436.75592024857457,5.4031574219856296e-8,3.1030916278935758e-9,3816.4093161788537,-12.59415253828949,-5600.0,527.8998978775905,7.093431301724606e-5,-5.774365301665739e-6,18.199802063817682,-148.83572937917765,5.332855934884154e-8,3.085299282676324e-9,1336.2037048105124,-7.467740582909955,-1726.0,14206.852492363814,0.00014080285940163654,-7.838166745607077e-6,161.58405827604514,-1230.982448455091,5.243799444088604e-8,3.057550571046987e-9,-23.06470967494134,-14.389525507462466,-13100.0,55694.15412529092,7.3764739773629515e-6,-59.43691849666858,475.7243468457244,-3572.770132687755,5.340588713738835e-8,3.0873740492245102e-9,-3109.999929196958,-50.67149924022554,-49377.0
t171,8305.405224089463,1.567984394297621e-5,-1.694575118601112e-5,57.488930284412874,-822.8735014452714,5.078098387739925e-8,3.188564871585714e-9,1540.5360679971902,-13.55671984344705,-9067.0,1505.8275493149208,187.8107048663982,-1.2940915604211901e-5,3.9889050559734645,-42.979554408258565,5.739548387891232e-8,3.408330720168056e-9,-784.1304396862323,-17.517152256214427,-853.0,208.28941962158797,1.895565057473245e-5,-1.5309043926436956e-5,3.022087440305379,-38.44978895021176,5.6208821670151606e-8,3.4103043541521305e-9,484.1304306464822,-10.992152461200481,-646.0,3116.1865254351414,1.9738337902899725e-5,-1.1297971416085672e-5,6.061565475401539,-82.88797264897471,5.985377778507651e-8,3.4103206691312144e-9,-1691.2301410419054,-69.12998573133562,-1279.0,725.4163948535539,2.014133754491362e-5,-1.1505834556081726e-5,0.7001043072541855,-9.573141800782148,5.26310743841779e-8,3.4154614996471882e-9,-566.7180189102158,-3.8253471382824262,-146.0,1627.9692789070405,3.099746467884331e-5,-1.8009728315414806e-5,3.7043247697809014,-50.650956685002015,5.743020309924872e-8,3.4170157855878955e-9,-772.5878010875163,-17.434858950922795,-791.0,756.0072241764907,1.856298448327597e-5,-1.1272351083102845e-5,6.852072589409065,-93.70107152007411,6.054585596301303e-8,3.4271476572045407e-9,772.777608715898,-38.93584131591521,-1403.0,2470.3151010675797,1.8471289498113683e-5,-1.1092160336066088e-5,24.54914874040799,-335.68014589828863,6.667681787631135e-8,3.3849553653165593e-9,3252.549303352157,-10.73341470110321,-5401.0,527.8998705644896,1.4730584569457352e-5,-1.318821822519805e-5,8.365668939208808,-114.39264455911031,6.15738862260922e-8,3.406198303535871e-9,1248.396399217107,-8.269295765316416,-1662.0,13918.686847958666,2.034796538274137e-5,-1.2830089476887585e-5,74.80317569532068,-965.7996715518419,5.226689506602381e-8,3.0635493059554634e-9,-373.72349204598675,-16.966867600831606,-12637.0,55547.655997267466,6.889268429169215e-6,-598.7114416082284,148.63129896113674,-4248.904445471409,5.333011253069654e-8,3.095402912655096e-9,-3109.999917156977,-50.671499206684736,-47688.0
t172,8310.097108943211,1.5031499107200407e-5,-3.7028854556268134e-5,70.35417222966959,-1015.5230859219387,6.741013717014319e-8,3.3991086060812237e-9,1513.3896588012249,-13.31783206376749,-8865.0,1515.0207174558557,102.38538018510674,-1.3031073194902985e-5,4.993949471315456,-26.83512791567946,5.768168683093183e-8,3.410649177366785e-9,-738.1718422459448,-17.393063980310924,-840.0,226.42066163636318,2.3647239873275623e-5,-1.298689922459606e-5,3.783505704281895,-22.811807086276815,5.64798079987952e-8,3.413145746852545e-9,439.4695295147055,-10.861900486122373,-636.0,3115.316556637504,1.3439307602925763e-5,-1.5941058392527466e-5,7.487089156820193,-57.465526382766576,5.991154970262669e-8,3.4157024122273938e-9,-1734.980775167358,-69.3573417795306,-1261.0,722.7747896321118,1.37025176795317e-5,-1.618904538268658e-5,0.8644910017419738,-7.463551549539303,5.270068832799934e-8,3.4176897893957e-9,-568.3394348981883,-3.836291752101643,-144.0,1625.9496680424556,1.9513415346164855e-5,-2.6352428650566242e-5,4.575654715620743,-35.68326487975674,5.746916528676213e-8,3.4281619821343787e-9,-796.8885839110955,-17.95346718394956,-780.0,756.0040105336316,1.3233467764367564e-5,-1.5490088889186074e-5,8.463491925133152,-64.28665770642439,6.061324992845484e-8,3.4381226893054776e-9,722.6924300619386,-39.873272612180294,-1383.0,2029.17632173101,1.3167721564352108e-5,-1.5223729023960577e-5,30.343835915942602,-225.10609309615583,6.667624932337496e-8,3.389851780205958e-9,3502.1430115809744,-11.55707413592294,-5325.0,231.74815616376537,9.984219237155294e-6,-2.303325054274451e-5,10.334252861213947,-78.08047490438787,6.164428084456391e-8,3.4137255899966945e-9,1484.344752045376,-10.34667317833136,-1638.0,13925.602148687427,1.5380056061839475e-5,-2.510667214038713e-5,92.94532772699739,-806.4232187350588,5.1071105346467516e-8,3.1518466945937475e-9,-713.6588554536759,-19.465392538067288,-12479.0,53439.622670460056,7.92121919989063e-6,-544.5610635194115,164.62239165114397,-2779.012617678691,5.081649728312422e-8,3.1579329674763206e-9,-3109.9998903279575,-50.67149888161496,-47120.0
t173,7075.613284847355,1.5559920511665157e-5,-1.8297240826334048e-5,48.47357592145179,-9.700663716162722e-5,5.231727116265831e-8,3.0850989663473915e-9,1624.2981832973642,-14.384944335466463,-8734.0,1515.7160325840057,69.12766416961266,-1.1174808760303818e-5,3.6596760153701773,-17.137540750375052,5.311983704961186e-8,3.0886578920915943e-9,-709.0513822462983,-17.314438651731074,-845.0,223.42452909673412,3.712036695045417e-5,-8.305302917529333e-6,2.7698957235946775,-13.196448987980292,5.3008472268028805e-8,3.0814910995380132e-9,436.66029215545296,-10.65829685421188,-639.0,3132.1470978278167,2.2616702118829366e-5,-8.482063950436764e-6,5.488480947122691,-36.26846563717638,5.301279066202723e-8,3.0783162364318886e-9,-1764.0354219223577,-69.33170536153284,-1268.0,726.6183440009764,2.4393369193258164e-5,-8.92375441713068e-6,0.6341408511052818,-3.78313834387187,5.3360678263919936e-8,3.0849053559104173e-9,-575.5841683919373,-3.885193636469969,-144.0,1629.0209545825949,2.7340199516849218e-5,-1.64253091454352e-5,3.355832683716974,-21.883253926497428,5.31096677356863e-8,3.080668115260928e-9,-808.093802206901,-18.39974209776866,-784.0,756.0040023728008,2.0586952485467664e-5,-7.44626845820402e-6,6.202470790963941,-41.17695208233807,5.3729382441428084e-8,3.0955236038579236e-9,708.8207994025514,-39.8503336725194,-1390.0,2448.4217806146207,1.9595709548181408e-5,-7.182524159557111e-6,22.234997250805314,-150.9385391313372,5.385295904162195e-8,3.1030594874694074e-9,3041.3181005733545,-10.03635176440908,-5351.0,231.74816526393977,9.468869435869243e-6,-1.1298729267494934e-5,7.576022354231455,-50.50082840326455,5.3025821182582756e-8,3.088273589520285e-9,1467.1263217175115,-8.949679152483228,-1647.0,13245.412837800519,1.9804336032109475e-5,-2.8291982548118595e-5,65.53520925307008,-413.97978804687125,6.717786660508864e-8,3.300639055405832e-9,-311.459026975701,-16.50922359609499,-12569.0,51810.249230220834,1.3690300546534313e-5,-244.42721993023915,146.69588860320738,-717.8465188713825,5.9352439441651607e-8,3.3256886048637627e-9,-3109.999895403039,-50.67149883651789,-47834.0
t174,7459.98104402292,1.608837131726092e-5,-2.1579913777822792e-5,152.1257364124048,-126.29053383026762,5.329562075429359e-8,3.3178174471978835e-9,1598.2483473579784,-14.064588597378291,-9070.0,1509.662090786597,26.697670768373587,-1.0982608945382542e-5,11.681790914847145,-9.340613553392053,5.7621937843443375e-8,3.4085907942003253e-9,-628.6036982692898,-17.097229719373413,-893.0,214.92318048672897,0.00014452540315888367,-7.282711588825075e-6,8.84646681647015,-6.7029813058768655,5.6407697032019464e-8,3.410681288650565e-9,469.8345805742734,-9.901383870941801,-677.0,4192.798491674203,7.8654499075471e-5,-7.197071389770133e-6,17.51860030685432,-18.441694190403897,5.983274034342584e-8,3.408833704471919e-9,-2775.174344330465,-76.70112498336577,-1340.0,1020.243682503611,7.90942641742485e-5,-7.311040312968256e-6,2.0236794701974476,-1.7085940897586207,5.245208202159519e-8,3.411194107323966e-9,-861.7420801533352,-5.816759564725099,-153.0,1292.4163518070395,8.245118259487576e-5,-1.7447447232246738e-5,10.708073689127172,-10.980498026841298,5.7401303131859326e-8,3.415511997526391e-9,-434.23731434860815,-28.90667817822234,-829.0,756.000791312306,7.819221384784464e-5,-7.071744474626597e-6,19.80103691113153,-21.347057000467924,6.05575486009585e-8,3.4259975800829947e-9,763.9349487410163,-47.38979114646332,-1471.0,2812.8218828005283,7.751798401819196e-5,-6.950111487678622e-6,70.95820969582769,-78.26198137371262,6.649851060041381e-8,3.3844437254068834e-9,2857.9129331394874,-9.43111488972041,-5654.0,231.74815299184638,1.6465444566099587e-5,-1.3565446654616211e-5,24.1793021276923,-26.231299905376222,6.158503853905626e-8,3.4062999881106627e-9,1520.4638267761156,-6.159984952454273,-1744.0,12783.52554693475,1.785688843421507e-5,-1.8538844236513378e-5,218.09939367385098,-103.17291861085266,5.1940655158108236e-8,3.053914300704161e-9,599.3626634233898,-9.814684777193278,-13488.0,53890.106688723994,1.222097322362557e-5,-42.901476928082296,515.7375884828824,-298.2714509732831,5.324000580915783e-8,3.0846544541007535e-9,-3109.999862910564,-50.67149855731827,-50904.0
t175,9297.267209188174,7.916513219505839e-6,-1504.8107679234076,325.0615150135591,-546.5421925433839,5.217027176497169e-8,3.0875946520396304e-9,2456.857795920013,-24.833567347454704,-10003.0,2841.7679336431934,4.700326954736918e-5,-2.178711787797743e-5,33.16309020484885,-9.375713200548699,5.7687356400237474e-8,3.401649499818862e-9,-1844.574983421195,-14.980352497548232,-1006.0,150.46938575040863,3.216706395370395e-5,-4.6589074901173465e-6,25.11014769933919,-7.1009450159720915,5.640742409629243e-8,3.40386842424909e-9,596.9778253030672,-3.4564413004409915,-762.0,10241.892501837134,3.039294637825899e-5,-4.54979581853936e-6,49.73364661260896,-14.06016797837908,5.991495492539471e-8,3.399950438029709e-9,-8677.915707123291,-89.6502993741834,-1510.0,1727.0015510537246,3.121485743941085e-5,-4.437447793406602e-6,5.745378038995184,-1.624088995049047,5.210278363170384e-8,3.4037735657556884e-9,-1548.6693482168698,-10.453518707976185,-172.0,1628.489583046375,3.223013765371304e-5,-1166.6999427396404,30.40184627911832,-8.59355347406108,5.7422897076167937e-8,3.4054253525801588e-9,501.9990554472509,-52.59702084751385,-933.0,416.3433248416239,2.941333138815908e-5,-5.07896948234567e-6,56.21054981040041,-15.892619420346268,6.062025447054831e-8,3.4125338305490208e-9,1273.5938968972364,-70.25517652169192,-1660.0,4356.177557751043,2.9243648448462482e-5,-5.013765998742066e-6,201.45405856072964,-56.947747037912116,6.597792188473428e-8,3.3751275182395754e-9,1859.44728252582,-8.131176089198476,-6352.0,231.74809428660166,6.902971984773541e-6,-0.001555815064298564,51.07895510775748,-79.76332448050395,6.192536711241718e-8,3.39969864136843e-9,1789.608699150869,-19.67087521391852,-1973.0,16877.556549018336,9.187756520128266e-6,-2907.0814505951066,512.6473238912571,-563.6123600259128,5.13157869280071e-8,3.0465782957764116e-9,1403.1682109138274,-12.678282423625408,-15310.0,54028.13313813553,6.305995360224928e-6,-62.767177844313586,1440.3040425609954,-1364.09576611801,5.277028196785275e-8,3.076186104869193e-9,2189.5072726032736,-44.081515614921734,-56187.0
t176,10109.845547022196,8.258659181190294e-6,-389.2956861388271,623.5814922297176,-845.155798426513,5.208316262749825e-8,3.085399175868706e-9,2456.858005938038,-24.83356916288807,-11931.0,3623.6363864593773,4.412374201384866e-6,-362.44274356265487,50.16430498179866,-36.767759487304524,5.203383659162867e-8,3.3933984036163218e-9,-2108.8961517603443,-15.694041090918192,-1150.0,104.84821626686967,3.7784661831055595e-6,-0.016071002926475092,37.64406810650904,-29.368499275901627,5.149111393061788e-8,3.3944808573274445e-9,761.5363101113443,-4.644028034263856,-870.0,12285.673030770375,3.7163926551481095e-6,-290.57225187942095,76.32160536130256,-50.579319874760664,5.305308500600084e-8,3.3866925199405274e-9,-10196.157304967854,-99.68576315129324,-1725.0,2110.598679449339,3.7929474037752154e-6,-303.97967513897737,8.479667011344933,-7.298715116800037,4.933179058067359e-8,3.391270289416845e-9,-1599.9999601660165,-10.799999876117722,-197.0,2583.8531333003157,4.349006052587961e-6,-1166.7018031854566,43.8267121952781,-38.09056058755726,5.209314932675676e-8,3.3908709428187937e-9,-283.726527639887,-74.16095848564412,-1065.0,416.3400993538361,3.786748922106376e-6,-0.041776372303514095,83.61578319494312,-60.33832407107121,5.351456709428097e-8,3.3945075119189473e-9,1550.1033521571203,-90.67913810088265,-1899.0,3122.4064224838494,3.741447328322428e-6,-46.236040184090136,324.1041797468247,-125.4269036113144,5.62049695604726e-8,3.3638807805622635e-9,3980.282301893239,-15.129964121609797,-7240.0,231.74809397995915,7.381013931368265e-6,-0.000897696239148658,90.28165186463742,-128.1694097730022,5.6552608582230805e-8,3.397514420495134e-9,2081.664819644562,-17.524265456433145,-2258.0,19891.189655285652,9.675761065926385e-6,-4124.08190777252,936.7943690229158,-517.3163802830699,5.127509540024656e-8,3.0488921093556117e-9,990.9817913282452,-8.567537293460056,-17169.0,58173.874195838565,9.799029819572681e-6,-35.59586864339572,2669.372748530818,-1559.810676304707,5.278470320395012e-8,3.077444001474264e-9,2367.353363461551,-43.19377309033021,-61572.0
t177,9929.849885143427,1.1866482927593656e-5,-5.812341494404087e-5,760.9431711424676,-470.60153313806455,5.158958661024227e-8,3.0734069447935775e-9,3197.267414137301,-34.45889088855214,-13383.0,3799.6922579661114,9.938481781416172e-5,-314.7531942591856,52.919765065740975,-39.30809644095734,5.622744252622359e-8,3.389962786701109e-9,-2248.4799144746935,-16.070917293172666,-1234.0,96.18023222750881,9.835747117567265e-5,-0.006369985456479985,39.82701771911606,-30.076114575889687,5.489123022205126e-8,3.3924547919305682e-9,833.4176267233988,-5.342490519554989,-934.0,12653.57968063334,9.918623068021532e-5,-973.234272720059,79.99746153738552,-58.29292036254524,5.8365889908509085e-8,3.3850657065161463e-9,-9752.939051633366,-98.11099667639459,-1851.0,2261.240753818729,212.66169084685058,-654.6027268205688,9.077921179794778,-6.577679436146657,5.001486075403637e-8,3.3909748177617207e-9,-1599.9999597607014,-10.799999875160317,-211.0,2954.212075483922,8.010718542578054e-5,-1166.7010526676593,43.78418020731377,-52.83216461645853,5.59811818488354e-8,3.39134717348868e-9,-563.7333713130506,-71.72974724906416,-1143.0,416.3400985802392,8.752327770742567e-5,-0.02138911996636736,81.54479032110764,-106.3718331118569,5.912280640629672e-8,3.396546208029299e-9,1735.7248033036524,-89.21655756036284,-2037.9999999999998,4297.226513435753,8.736304752117365e-5,-27.8708499505951,292.2996128569124,-469.60501563151547,6.33471711076605e-8,3.3563768553929324e-9,3699.1518859959147,-14.202234119126624,-7777.0,231.74809415382774,8.644243812702982e-6,-6.371869905752866e-5,104.42227937664649,-82.84686104279142,6.298142001310874e-8,3.395352661571242e-9,2189.59086847237,-20.914325945660885,-2422.0,21957.97608748072,9.61511181982606e-6,-4296.526694377344,979.9892601698091,-591.9191661547748,5.119248292243385e-8,3.0442757739287838e-9,103.167297078858,-1.6867938477695466,-18151.0,61106.54125987705,1.0141450890834304e-5,-32.343989266109425,3043.728439954401,-1575.209830582562,5.2768621866675995e-8,3.072927084070064e-9,2406.8324014703153,-42.548290877859785,-64907.0
t178,10074.801246580402,1.1337804001752167e-5,-5.985160857668055e-5,794.0918254515921,-42.69950412138001,5.211718495076455e-8,3.078773369418884e-9,3137.488242821244,-33.68176172223599,-13930.0,3806.5649944555994,0.0001133258268996545,-296.47720679279854,46.42571619323524,-35.088543035144134,5.6474098835877005e-8,3.389219296476843e-9,-2220.4298922535886,-15.99518194556546,-1285.0,141.67497921856008,0.00011177163593096868,-0.005097319779464527,34.864300351029854,-27.56269458678843,5.51205429469444e-8,3.39185289761279e-9,829.1820367528228,-5.153636241129244,-973.0,12802.71399845941,0.00011141222781840682,-842.3636666133903,70.17139891128565,-52.71502265986913,5.8626664844975615e-8,3.3838297279336173e-9,-9950.929354876653,-98.87746466164596,-1928.0,2251.5156049600246,273.0335419263197,-694.9277744356502,7.870533894706773,-6.69194391662188,5.0089618958017945e-8,3.3908199869286034e-9,-1599.9999625938478,-10.799999884221277,-220.0,3291.99816521436,8.143415699440214e-5,-1166.701203449711,35.46005802661491,-83.43623008115509,5.621875961159646e-8,3.3899715456042316e-9,-811.3495037019396,-74.97136746830944,-1191.0,416.336899562199,8.986489092147035e-5,-0.025030704016711557,66.3476449230339,-159.63980473961496,5.9367824115326047e-8,3.3958665193679827e-9,1891.4368541560714,-92.45665311023022,-2122.0,4549.3245928966835,8.956749230297747e-5,-31.23737505209997,246.72957691045724,-607.9684287082134,6.338565550222602e-8,3.3545526116546317e-9,3965.2318414729607,-15.08029715381007,-8106.999999999999,231.74809267434105,8.552734826631164e-6,-6.646900440586597e-5,99.26536357551952,-40.24620767488728,6.321496329781002e-8,3.394572175451645e-9,2249.370005818824,-20.13719653994559,-2520.0,22956.45767085168,9.406105452599231e-6,-4347.203004750287,842.7744709251385,-689.8403548631214,5.137002546513897e-8,3.0483442648283233e-9,89.27079361389113,-1.4595852119545667,-18850.0,62550.6506101791,1.0025120773283874e-5,-8.610514280662933,2988.5069426517434,-742.954905421022,5.297262825310498e-8,3.0762554444102357e-9,2420.7289387902138,-42.32108248063139,-67166.0
t179,10856.004059416466,1.1432118538803248e-5,-6.204654867387178e-5,866.4445755910974,-152.43182411208608,5.164877420325221e-8,3.065648360497372e-9,2914.769660613765,-30.786421033069566,-14454.0,4076.466995356397,0.00010817269907478555,-302.1569549170301,51.766193675250044,-42.71995407087818,5.653856354167609e-8,3.3878385026539735e-9,-2438.7716815557424,-16.584706716883883,-1328.0,140.66900435701098,0.00010711845950105815,-0.004950726946303183,39.08590272325581,-31.837108833976558,5.516598039503262e-8,3.390630420541592e-9,863.7033533797704,-6.616308072866505,-1004.9999999999999,13683.247150955993,0.00010531026634788611,-1470.1213516803298,78.34891640286537,-63.93501458641965,5.8666306620952636e-8,3.3817325858901765e-9,-10134.931705289662,-101.60810116308751,-1991.0,2237.2060114712076,288.0166968066981,-687.9873100043951,8.880702672249924,-7.316145413954554,5.0074602178967833e-8,3.390332645815927e-9,-1599.9999557195601,-10.799999861080993,-228.0,3169.975283197545,5.1331297155326835e-5,-506.45570421827125,43.777695415604256,-43.77757574279279,5.895143018102413e-8,3.398878722322572e-9,-1351.605757029338,-81.91399300212221,-1230.0,416.33694323596814,4.6537139185231617e-5,-1.1221637532624323e-5,82.35339064091997,-82.35327888388107,6.225124868463078e-8,3.403551545881777e-9,1877.2482199006047,-100.58531030069472,-2193.0,3495.6234189864817,2.6817189660199944e-5,-1.298059373858016e-5,309.3346304287034,-309.3345138827998,6.633909166619474e-8,3.3618910608474007e-9,4887.500200615306,-18.123750043374397,-8365.0,231.7480916527782,8.530575932620569e-6,-7.19645153037072e-5,93.72777631906455,-174.32193432569008,6.340298964060418e-8,3.392927074250259e-9,2472.087986076167,-17.241856351480394,-2606.0,24560.98300759396,9.279029204757577e-6,-4659.3619292200365,895.5038413048103,-1234.9486001307675,5.1198986529459864e-8,3.0450190863784637e-9,77.08400357905592,-1.2603324356293921,-19638.0,65962.00508613333,1.0726648100429359e-5,-17.7474435590838,3071.812591659019,-1485.8640913120173,5.2797057065352815e-8,3.0719941399482513e-9,2432.9156754296337,-42.12182938247973,-69921.0
t180,10938.774084440438,1.4281524600062812e-5,-5.8258576325442384e-5,1132.0292477980731,-0.0005143056977430301,5.913195879079168e-8,3.3071330079610725e-9,2985.908451905647,-31.71122576293757,-15025.0,4098.114206601786,0.0001065307852204525,-297.03516002792236,61.994033261078535,-45.06581659881334,5.234444301764266e-8,3.389555085127085e-9,-2440.418217674934,-16.58915214317522,-1361.0,128.84202754052723,0.00010556342193011107,-0.004631760673300638,46.816514053049126,-34.20882699901017,5.175877557170648e-8,3.3915530299898066e-9,895.0345628944754,-6.479751343513807,-1030.0,13638.64093472768,0.00010381457165473352,-1359.0637992092509,94.09699032911077,-65.59075004359276,5.335066223267496e-8,3.380803318025717e-9,-10164.61638066861,-101.46709900042887,-2041.9999999999998,2248.3675851634234,288.3004861356053,-694.3726343007197,10.62948030724713,-8.124963681676629,4.9352788818985056e-8,3.3897612096747967e-9,-1599.9999538170207,-10.799999852928638,-234.0,3198.3858993195004,2.9669309976397723e-5,-9.667639651094778e-5,55.74798609072046,-32.58664189875255,5.497543485224629e-8,3.3982633276330975e-9,-1875.6982655421152,-84.84891100359995,-1261.0,416.33378666991047,2.6466006750974383e-5,-1.2986988699767745e-5,102.2968621489824,-70.14745398935784,5.6382270170482124e-8,3.3987535747761484e-9,1905.2279554196994,-104.71116378117252,-2249.0,2262.290056881665,1.1265953242771948e-5,-2.7169876576352276e-5,382.53361314512824,-382.53372490863865,5.894694482228363e-8,3.365094445647021e-9,6328.594434781375,-20.8843640483654,-8570.0,231.74809083782554,8.052018285571689e-6,-6.445869363506582e-5,125.41878576438268,-81.63951989974446,5.7057579005991304e-8,3.393095845647491e-9,2423.501057608733,-22.028357960954043,-2677.0,24439.035599108774,7.898711520635953e-6,-3038.127175435624,1076.5918018567563,-1186.8950281892057,5.134389577406456e-8,3.0499960749846393e-9,-881.0803197662174,-8.524885505662255,-20401.0,67273.67427207547,1.0877364098274816e-5,-26.54874676060615,3777.1162095112345,-970.5134080462711,5.2957768344241134e-8,3.075051369473538e-9,2423.54667485897,-42.275012544013585,-72435.0
t181,12861.364286272035,1.114864427192483e-5,-6.159006737527888e-5,1025.4721452926995,-895.8605704479431,5.231715536397635e-8,3.0693926431519643e-9,2456.8577562357136,-24.833566959430303,-15423.0,4142.055675242816,0.00010685120790982607,-291.3165295535505,66.96570138845892,-53.908286019367594,4.899983451828543e-8,3.323496509809669e-9,-2474.1165307567467,-16.680137202222934,-1373.0,224.50953004439558,0.00010602733641107502,-0.00409109701769502,50.72985256642179,-40.092934581031415,4.885313158014832e-8,3.3265032255345914e-9,810.9875630647108,-7.13002607296574,-1039.0,13768.639927928902,0.00010290265612788779,-1586.7454936597148,102.11032050076257,-75.10740222537729,4.944765668283753e-8,3.3140161986712147e-9,-10046.87106681933,-102.02638867278372,-2060.0,2251.0340760689432,286.6594069982196,-693.1199032782745,11.585084641841318,-9.358709924907014,4.794768397937573e-8,3.319274005858761e-9,-1599.9999546966578,-10.799999856184767,-236.0,3229.643538168075,2.1917252556667908e-5,-9.302154551110568e-5,55.69232035421083,-74.7361375943557,5.1676081453695564e-8,3.3251022479393586e-9,-1853.8729606686911,-84.72668920794305,-1272.0,416.33380917695183,1.726598412798706e-5,-1.5436033192486763e-5,104.31185820858879,-133.0110168597423,5.2231966176824556e-8,3.3347815085441396e-9,1987.3521831324827,-103.98683553517756,-2271.0,1128.3256350466927,89.16266093694733,-6.134278798937123e-6,520.96003739259,-2.604383040208792e-5,5.459342360173283e-8,3.3310133309371946e-9,6920.072939501721,-22.521240738246362,-8636.0,231.7480905375927,7.845621194271325e-6,-6.88641663331485e-5,126.346571974669,-166.04906884973406,5.257947462766507e-8,3.3355389694555965e-9,2527.533698711185,-16.579231407179755,-2703.0,24011.388660713637,8.52117487793315e-6,-1682.9314966356385,1174.925713212293,-1409.324331668343,5.1323400982288125e-8,3.046882387219533e-9,-1135.281135656784,-10.777418524094365,-20948.0,70831.41974940397,1.0459527668862568e-5,-38.50094256150859,4085.24194284864,-2779.958235718055,5.2948117079449745e-8,3.069050133072553e-9,2407.337507952398,-42.54003239791758,-74463.0
t182,14135.49361309442,1.1792481734265937e-5,-6.763277701767231e-5,908.1637859741062,-1944.6811396429923,5.234016276865477e-8,3.066337973926774e-9,2456.8573594187833,-24.833561913371433,-15531.0,4198.52672857067,9.783957171130075e-5,-295.0707885360284,62.75228528429132,-72.68365683617573,4.973621423898799e-8,3.0520154545179866e-9,-2497.78063583701,-16.744030527074663,-1379.0,304.64516096200487,9.797482152384058e-5,-0.004241106451190642,47.74099268739311,-52.22636277834456,4.945761924492746e-8,3.0501639158756777e-9,752.4288301057338,-7.584477894799835,-1045.0,14142.587498146098,9.2147733908603e-5,-1994.4771391990864,94.98388774469606,-106.0291603010597,4.941378918346604e-8,3.041394432413622e-9,-9964.648231548379,-102.41694716122633,-2070.0,2199.2052764340797,300.89797083321787,-653.2014625600697,11.00861451525079,-11.110446652545175,4.9483190152971247e-8,3.0468794128829844e-9,-1599.9999527674104,-10.799999846340041,-236.0,3108.606210226603,1.3386465299105254e-5,-0.00010623919848315131,55.94296418055477,-60.05982296108198,5.223553655992957e-8,3.053259142263594e-9,-1742.3868916206925,-84.10236700623156,-1278.0,416.3338274892929,1.1202690517762797e-5,-1.6527072846379166e-5,104.72076481276392,-108.16988305860741,5.272760631010576e-8,3.06801152516539e-9,1973.0840718273869,-102.96877579692742,-2283.0,1328.0962374783496,1.2952610567457823e-5,-8.889825188386278e-6,493.67583051537497,-46.32376485603979,5.383611291038337e-8,3.0827616274166672e-9,6920.072933557404,-22.521240729557682,-8673.0,231.74808904964107,6.11849881818218e-6,-7.172997784685353e-5,129.53826510037968,-133.6144324355918,5.2277888712022206e-8,3.0596089222953407e-9,2509.092653965258,-16.764510116433392,-2720.0,23672.9643479487,8.399383984694115e-6,-764.1845292348203,1151.234666579673,-1493.3752051112774,5.1427601646606235e-8,3.0494827815997103e-9,-1189.8876837638172,-11.751604848193333,-21365.0,72600.85781840081,9.522001555718637e-6,-36.64434956155449,4129.555291834296,-3156.001105411113,5.315459614698982e-8,3.0691646331456714e-9,2383.167546662741,-42.93521130868388,-75878.0
t183,14801.27707976504,1.0842986975277916e-5,-6.770512470026356e-5,1002.620311786655,-2337.243311320284,5.244467370696336e-8,3.068598270797339e-9,2423.764218709414,-24.41824274729178,-15866.0,4189.062655498338,9.875268311618389e-5,-296.104993093266,66.55241844759527,-83.70535261271554,4.97687928366829e-8,3.0555151057485557e-9,-2477.1165897757874,-16.688237270086123,-1382.0,244.5772275176593,9.623502208175596e-5,-0.004527665126712061,50.37222657782603,-62.166589402911306,4.956289134282374e-8,3.0528018980224765e-9,821.324841181903,-7.103274488054615,-1047.0,14253.349336800396,9.082630407181978e-5,-1993.5570517738638,99.94583283273678,-130.53838167424962,4.9522739641042474e-8,3.044950476241896e-9,-10054.20828986692,-101.99153700540087,-2073.0,2200.206915611923,311.85538235111665,-663.0043308986312,11.761297893033994,-13.019313698271597,4.968704322835783e-8,3.0502431584601446e-9,-1599.9999514596332,-10.799999841954495,-237.0,3029.6481189636147,1.3300811618897183e-5,-8.703427550151707e-5,62.81484570470531,-53.207907377486684,5.2430702242246743e-8,3.0576159168228394e-9,-1676.5214629175453,-83.73352067326772,-1279.0,416.33067210746,9.15903988954283e-6,-2.065920420099341e-5,116.79730356909116,-100.24032019994456,5.290076932155283e-8,3.07133570074484e-9,1958.224423402113,-102.11206751146678,-2289.0,1337.0625166308062,1.316739159075651e-5,-8.154175664271071e-6,526.8996340504306,-83.51384851864913,5.403979565330856e-8,3.0860400758181253e-9,6920.072933516256,-22.52124072874309,-8678.0,231.74808938838515,6.3029894590260535e-6,-6.477627377326216e-5,142.78744528735368,-122.2787279194329,5.24101138565574e-8,3.062837045302168e-9,2494.4593129815585,-16.71606131419364,-2730.0,23388.091126819967,7.486673087756872e-6,-301.066079978856,1252.6508462445433,-1680.9519969223284,5.131467829258384e-8,3.0475497477129095e-9,-1094.3322482240192,-13.391655457611249,-21551.0,73624.18721142245,9.086091139781398e-6,-27.1659117630934,4560.412460582744,-3062.21542317628,5.299865035218836e-8,3.0661230039308238e-9,2284.3328124526597,-44.55115909626305,-77335.0
t184,15018.434825205197,9.431293330235535e-6,-9.784914718622469e-5,1430.8939354991153,-2077.1406439905654,5.238663290463068e-8,3.0683632516244075e-9,2026.2413056087257,-19.429331419652677,-16379.000000000002,4205.799858738932,0.00010025840948383355,-305.13361090084777,84.66737204625257,-118.43622002739798,4.973237448795995e-8,3.0552411409163544e-9,-2437.3167225412776,-16.580777629782016,-1413.0,253.4325336446558,9.811385012935735e-5,-0.005391081904172938,64.2342118782686,-88.25866809222654,4.951035181042441e-8,3.052154372757404e-9,847.2806912475188,-6.683475757664759,-1070.0,14355.299653431635,9.269750291950484e-5,-1952.4584052276616,125.65949776757753,-186.85763223866547,4.946402803201905e-8,3.044312009606749e-9,-10119.964008635943,-101.67919790864049,-2120.0,2205.3116487666694,315.32037907328083,-666.1498062796691,15.375791911542207,-17.058063761157364,4.966851042442262e-8,3.0498115282862437e-9,-1599.9999499194769,-10.79999983582208,-242.0,2867.0180160684477,1.1287033692831411e-5,-7.308757346191869e-5,79.69129153875396,-89.29901218661128,5.242588055681205e-8,3.0572945749625507e-9,-1467.8452993746562,-82.5649342998207,-1307.0,416.3306555726013,7.079278371326766e-6,-4.853052201477952e-5,148.4856221998247,-165.04384328330536,5.285132781089149e-8,3.071234552978032e-9,2039.617364982658,-96.38975806489154,-2343.0,1222.7795284420731,1.641456978456693e-5,-6.929644717204147e-6,748.5890302020889,-10.920263893704368,5.407223167648418e-8,3.0861348560545703e-9,6920.0729364616,-22.521240732122397,-8858.0,231.7480872907318,5.728525897709217e-6,-0.00015687865242608944,181.22653244484772,-201.73635674437853,5.235487155220133e-8,3.0630295437538456e-9,2601.913137508359,-17.151249398776123,-2796.0,23066.76685792453,7.327799973245753e-6,-40.70320536340365,1714.7253707799814,-1766.5941546809586,5.133095990237584e-8,3.046602875482278e-9,-772.5419488690078,-18.65292715350078,-22183.0,76787.98738750942,1.45148848131346e-5,-29.745305156799446,5850.774754296945,-4596.746913770639,5.296238898928684e-8,3.0628882924669148e-9,1962.5424935315018,-49.81243080459953,-79925.0
t185,14298.314553567834,26.9646876712527,-9.033160916663371e-6,1976.1768688912512,-1830.14643461763,5.3048276149013876e-8,3.066831605284954e-9,2433.227339265543,-24.53700511537346,-16880.0,4156.198540422969,0.00010239882586372858,-326.32957123665494,96.0790183147825,-168.55557380624813,4.9698408465945595e-8,3.051140721780767e-9,-2292.2035446567,-16.188971473545966,-1449.0,254.13925317058988,0.00010080474434398633,-0.008083013560787913,71.70895872822365,-129.59908526991012,4.949708979169958e-8,3.0474407435611544e-9,906.0819328224669,-5.323077290373213,-1097.0,13933.930770888766,0.00010226010322703015,-1220.4425512841826,141.06817284946797,-256.9674608591362,4.944693244885093e-8,3.0398425913619916e-9,-10323.878428265156,-100.71060560079644,-2173.0,2150.580727882257,344.41221499724,-630.1552602252178,18.730695130199926,-23.768427413125526,4.96856103338221e-8,3.0453479425668564e-9,-1599.9999505790295,-10.799999838712568,-249.0,2734.782556547867,0.00018234792410797931,-8.856756152521377e-6,105.56754183605737,-95.41927972564079,5.3107807270778675e-8,3.0555179945256376e-9,-1324.1706361491445,-81.76035602300965,-1339.0,755.9847852390197,0.00016320181954816278,-6.088796813612356e-6,194.087572772372,-184.05250426282376,5.353166216910845e-8,3.0694698898586186e-9,1738.6615373126708,-99.68154821972514,-2405.0,1808.6172176475586,1.7865630939929594e-5,-6.685520879085928e-6,840.9072516456329,-484.0759245881964,5.40501788441655e-8,3.08193468650201e-9,6920.072684387551,-22.521240318947637,-9063.0,527.8998558182429,0.00012083098890695094,-5.543415890778244e-6,236.40136182026396,-225.37043347384702,5.303632298456474e-8,3.061846030867283e-9,2352.209048825641,-16.139948328268005,-2875.0,23627.512011350595,1.8663118148545442e-5,-2.033987131626764e-5,2226.6236400666594,-2226.6236276636228,5.180636587692293e-8,3.052956303637408e-9,-720.0000227516257,-19.511999363649508,-22888.0,78168.19583359896,7.1994543816958645e-6,-26.111809186708705,8011.290159649672,-5271.702731678842,5.301750112448811e-8,3.066588017404635e-9,1910.000039787783,-50.67149941963776,-82741.0
t186,14347.346035118604,46.154857170847784,-8.939916282294124e-6,2540.2263474942306,-1465.526616972054,5.286066248211557e-8,3.0698654311380963e-9,1969.5168203230394,-18.71743800703563,-17419.0,4021.139743135464,2.6842470937108898e-5,-240.00000857647157,134.0801595706545,-134.08015787605905,5.121793865145061e-8,3.0578443332793194e-9,-2299.9299512322013,-16.209811904523196,-1465.0,195.2845348260238,2.4277948611770127e-5,-2.674233498287134e-5,101.44509660839107,-101.44509486628375,5.1068963078550147e-8,3.0538789430707306e-9,919.0345324229494,-5.319066574921387,-1109.0,12627.790320464697,2.4224620297528017e-5,-2.6987371984388483e-5,202.1823663099189,-202.1823646996946,5.101049633612615e-8,3.04674073214601e-9,-10329.104564883459,-100.68575452479766,-2198.0,2085.8835787437556,368.16626307785697,-578.4817043728781,18.648752214775858,-31.41689421461235,4.972410937975784e-8,3.0461313110193574e-9,-1599.999995507024,-10.79999998693987,-252.0,2405.1155993694406,0.00011977289759759305,-8.986729917597469e-6,119.68577362900551,-129.83391145368495,5.303899964040308e-8,3.056266292834606e-9,-962.2340611934349,-79.73351112993896,-1353.0,755.9847844688165,8.991914902390712e-5,-5.384199577868314e-6,224.4725730171346,-234.50752618189702,5.352937894252101e-8,3.0703258581386875e-9,1780.1294597500066,-92.0793756084706,-2434.0,2582.4510322280544,2.0956375296917503e-5,-5.922461912247453e-6,890.2147770904826,-1217.2172364549137,5.402877311870947e-8,3.0825328970920377e-9,6920.07265231519,-22.52124025599671,-9153.0,527.8998573863327,6.81797032837545e-5,-5.443386580925108e-6,275.60635825647506,-286.63717069860513,5.296267627361533e-8,3.0625424431228845e-9,2412.5150800886886,-16.384187819777274,-2913.0,21843.80335274979,671.8762848453679,-1.241737992483067e-5,2887.3119899929093,-1536.4796218764372,5.1869669072523045e-8,3.0522952250341403e-9,-719.9999939528585,-19.511999375182278,-23127.0,78069.35236458834,7.215368829286249e-6,-26.848993377771844,9705.008887763699,-5352.840788342343,5.2887208649005627e-8,3.064776136237992e-9,1910.000021869104,-50.67149945959492,-84254.0
t187,13055.843549804471,72.9055256898427,-1.063956944431939e-5,2163.1678232179834,-270.83665466589207,5.209680290820635e-8,3.0889911873361395e-9,1599.9997630913706,-14.079999901241603,-16607.0,3313.5607775545636,9.512895306604744e-5,-1.3730019121952784e-5,107.69541291472575,-107.69537472033777,5.231142819890547e-8,3.0644145342714894e-9,-1927.0214293357506,-8.539467855212445,-1378.0,278.264236205785,3.241842183980467e-5,-9.688476156537896e-6,81.38666450551739,-81.38662601837083,5.219971153490656e-8,3.058638915093661e-9,773.9301462470443,-8.194443717854167,-1044.0,10658.74461908551,1.5161871165922936e-5,-1.5013861484201955e-5,164.34018627212896,-164.34017875078325,5.2109717126168615e-8,3.0520535558838146e-9,-8517.058650928197,-73.68597580949599,-2068.0,1709.3795701346921,1.7368265155364605e-5,-1.6380186445593982e-5,18.913339261181424,-18.913328711795078,5.209125505074958e-8,3.056520705680582e-9,-1463.500949758866,-9.878631960837266,-236.0,1337.0288052701355,0.000279811278701538,-1.0685701170153049e-5,99.48642939795,-99.48555572537785,5.2845722090428086e-8,3.0582026970059243e-9,12.24647138260515,-74.2764195135098,-1275.0,755.9815762754448,0.0002670456175604217,-5.775027284745437e-6,185.4202170505108,-185.41935079068077,5.3430963043251086e-8,3.0725111590260796e-9,1614.223961233699,-80.20666513462153,-2290.0,1829.7019367328405,2.269518097205903e-5,-6.376552044454351e-6,791.4296042423301,-648.6428205646006,5.391554503768228e-8,3.0829107665869705e-9,6668.428557893003,-21.917294665074394,-8619.0,527.8998563046484,0.00013157647703959915,-5.777348018793065e-6,227.0277183721633,-227.02683539548605,5.2850477255584036e-8,3.0655302728657507e-9,2225.101192023151,-14.0020571538514,-2739.0,18026.87116087341,2650.6800371964387,-1.3976367850276177e-5,2386.154738514383,-666.1939221129246,5.1133747536599126e-8,3.0504838278049024e-9,-720.0000011148948,-19.51199941282034,-21658.0,79338.29930904435,7.978652864614132e-6,-28.071374896192065,7262.444315379317,-6208.275829407764,5.2102731716582777e-8,3.062847772157575e-9,-266.34906073316495,-14.04736760943304,-80084.0
t188,12722.259402786221,96.02782789202746,-9.90986931616984e-6,1271.9857841882053,-230.7593103804613,5.2674554022869e-8,3.0721121950280046e-9,1439.150822182906,-12.664529540792334,-15286.0,2171.0564095601917,100.53379100908666,-1.3155850147305698e-5,71.6633029187019,-11.771594446244052,6.059512294202176e-8,3.4085820860609372e-9,-1030.8517124104385,-16.63018352356784,-1284.0,281.9051783576439,0.05148667588789616,-3.0905442125012946e-6,60.61561724093745,-7.661620864734499e-6,5.986500828199531e-8,3.4097497604327804e-9,641.7578784713354,-11.33015007206243,-973.0,4396.2481384334205,3056.230561179525,-7.242210500354565e-6,118.74713740846978,-2.4311251401640255,6.403731741914182e-8,3.406523786707858e-9,-5545.040098951731,-97.75460575050572,-1926.0,985.5914033547833,583.1228930693526,-7.450632328127448e-6,13.71379031964948,-0.29707052104008486,5.45041858070916e-8,3.4148367604507194e-9,-1352.9982701284239,-9.132738696054897,-220.0,191.1573280189039,1007.1918418984418,-1.2103711304339349e-5,72.56285206313552,-1.5497192411031901,6.087266490699615e-8,3.4146666569093445e-9,-19.179212676190716,-62.18307801941844,-1188.0,755.981571978716,0.014290620063799948,-7.381603732940073e-6,134.26082494316427,-2.7054992295274904,6.450333329538631e-8,3.4190015798495974e-9,1314.3294235558885,-72.88060455090056,-2129.0,1600.929360062697,3.360212608680268e-5,-8.756912943769228e-6,480.0270587551989,-242.72245432100885,6.825155612626999e-8,3.3685205986232154e-9,6230.326088573905,-20.560077976875945,-8048.0,527.8998542325016,0.00037838248125345524,-7.317564756948922e-6,163.89771315453825,-3.36518315647371,6.559772051256705e-8,3.4025775801800102e-9,1865.8669128358847,-11.299668196759107,-2543.0,13585.185925888316,5563.966859834731,-8.701494253109265e-6,1485.2073067318825,-2.1962395768317547e-5,6.71412589319791e-8,3.283332023633057e-9,-534.2135919530384,-18.14646990063091,-20082.0,76992.32347231351,1.4630182975149293e-5,-32.803457768461385,4758.9055474676725,-4241.88665416191,5.7426788915008176e-8,3.2443531907082922e-9,-3009.1482395000953,-49.39068309030385,-74418.0
t189,12819.723365060428,94.32388712404523,-9.14265507971714e-6,1021.7777617723158,-416.37720670840264,5.2883213644018026e-8,3.064478454274592e-9,1360.5248205173255,-11.972620360591911,-14868.0,1754.8954394324892,374.3372296218458,-1.2119612827813942e-5,65.77958545629714,-10.258629611208475,5.246539485106087e-8,3.05426925063893e-9,-894.464711818462,-17.288901001745838,-1273.0,374.66716018330925,9.62059892447895e-5,-1.0045113348438479e-5,49.74158041842462,-9.509841923873324,5.224189458104861e-8,3.049212228382316e-9,560.2988223851293,-11.197807280962893,-964.0,3475.1385318270773,3258.5229744691214,-6.826160933837075e-6,98.66503216697627,-3.919524622739839,5.281423578293298e-8,3.0458718839751302e-9,-4825.384888893432,-93.02211817866267,-1910.0,835.6325655495142,630.0161359340657,-6.660677883834893e-6,11.400924278006784,-0.4479915288983046,5.300937449448257e-8,3.051620850083384e-9,-1250.1630267882904,-8.438600833938388,-218.0,200.217866844756,1045.3767001231035,-1.0534220224208335e-5,60.307316631181216,-2.3717087089025024,5.2856317760051933e-8,3.046701469774332e-9,-70.9431139174983,-53.58705048678369,-1179.0,755.9783703524265,0.010455354422786618,-6.0706230888306884e-6,111.52783798917585,-4.4263506267554735,5.3389674000957034e-8,3.0621647803389036e-9,1311.6059256886188,-66.696232734178,-2108.0,2179.168368754681,4.001486596555082e-5,-6.4028719506526315e-6,399.33279719186356,-303.68747346872806,5.365043569780363e-8,3.07414972736049e-9,5737.118767540713,-18.93249367520774,-7993.0,527.8998522757634,0.00031499463781333614,-6.0267252273568715e-6,136.1720928522797,-5.3953892993652035,5.284182744097629e-8,3.060145882775787e-9,1867.2414646386285,-11.918329485094734,-2514.0,15023.378872497853,4825.704007194292,-1.4863538345949669e-5,1218.1544473631063,-351.7253092077115,5.984614026717285e-8,3.2834536496455765e-9,-720.0000035934399,-19.51199944379393,-19976.0,77510.90127149624,1.579654607219488e-5,-33.18453083841393,3971.9707771890808,-5860.615884772284,5.6383314864198186e-8,3.2519189377120473e-9,-3075.8340557592915,-50.237593168660375,-72463.0
t190,12739.80641847028,168.20059822017944,-9.242040210619789e-6,855.3003145655459,-264.3589754247477,5.291096934619976e-8,3.0641081721140842e-9,1444.7655970838055,-12.713939203569268,-14931.0,1788.4846447162483,313.87088893789473,-1.2386951570108023e-5,55.11678121922267,-12.003747203207695,5.251980592128619e-8,3.058797231117314e-9,-871.2996213817562,-17.168933927524836,-1257.0,399.1403329814164,9.888192476498138e-5,-9.186259620502449e-6,41.73571907276003,-11.156027853326988,5.234174947748457e-8,3.0540035626902004e-9,533.4050802270347,-11.125194173852385,-952.0,3384.302110283503,2860.340842104809,-6.305654794310774e-6,82.8070684034746,-4.661290189268398,5.296978806800294e-8,3.0511083788652174e-9,-4347.7261171162445,-90.06260726612899,-1885.0,835.6295685343761,582.2409352634079,-6.379500549719259e-6,9.568880530519383,-0.53509260858984,5.32021678623422e-8,3.057292036583894e-9,-1203.778778198471,-8.125507192563997,-215.0,199.94474124292992,1029.1909049778778,-1.0454705625145139e-5,50.61553300158887,-2.836073522497435,5.298478629040049e-8,3.053259873665416e-9,-64.674636112942,-48.240459197755705,-1164.0,755.978371043161,0.009705628877044415,-5.996594322830961e-6,93.59708098068812,-5.273642385725965,5.354389937286199e-8,3.067154924180445e-9,1294.957259393914,-61.26876871416798,-2078.0,2962.526344474782,4.819064760217465e-5,-6.0887543157047005e-6,335.30107074256455,-529.2123400197396,5.3860064567711936e-8,3.0800205230171708e-9,5156.40100774672,-17.016125088937788,-7908.0,527.8998485807781,0.0003121834237620853,-5.85217068159384e-6,114.28393600058335,-6.390979752171416,5.297352496604779e-8,3.060702693331351e-9,1850.0556155464865,-11.848726756515488,-2474.0,15234.886515527334,4103.340608874645,-1.2191083753799439e-5,992.1692895257852,-361.8843999077611,5.2186311562827206e-8,3.0537051185862912e-9,-720.0000024117882,-19.511999454810518,-19229.0,76075.93429420076,9.692408639285517e-6,-29.022690587471633,3179.718255779768,-5469.334225250623,5.33169312921036e-8,3.067745709908166e-9,-3072.1054047767593,-50.190239199496446,-70635.0
t191,12579.71563678726,249.10973600894155,-9.195024456429978e-6,615.6846826751196,-775.5130044184622,5.2879613276462534e-8,3.064201275048556e-9,1444.716462023227,-12.713506896928829,-14101.0,1698.3628555570183,267.5144484047736,-1.2160617315375264e-5,37.95389522819641,-13.192727662888846,5.25300429314342e-8,3.0597857611232943e-9,-816.7279574439909,-16.910501936874724,-1157.0,399.13454752653774,0.00011447483380350943,-8.69632619272172e-6,28.75232558809608,-12.548483169948977,5.236041429341956e-8,3.054720913087233e-9,471.619878354935,-10.958374129693043,-876.0,3421.945586383441,1672.1076175977264,-6.2452001313773325e-6,58.034526367879046,-4.194030585126621,5.297587562971408e-8,3.0517593173298147e-9,-3327.212802685103,-84.68089091013367,-1736.0,835.6265353626158,548.5956453908266,-6.2701122621515834e-6,6.703424704197102,-0.4843573488328718,5.321893217770854e-8,3.0580297015087228e-9,-1184.446229413808,-7.995012475503963,-198.0,198.1008903587881,1011.9416618032891,-1.0331517769157249e-5,35.46922533339135,-2.560875904521351,5.30063815264901e-8,3.0539753856648835e-9,-132.40565413639982,-37.54523717790392,-1073.0,755.9751670942851,0.012290281676125213,-5.98731645008046e-6,65.59956794658358,-4.7473602689849885,5.354899800698651e-8,3.0677918420720896e-9,1147.1386858826504,-52.97834499778538,-1911.0,3246.3014674772753,7.602112980476227e-5,-5.857850956953975e-6,235.05085368264167,-673.7723282130095,5.386074913053566e-8,3.081222291332527e-9,4501.274143287637,-14.85420644130196,-7294.0,527.8998431241057,0.00041019255145994615,-5.8783871261967645e-6,80.09689809459924,-5.76870001283401,5.2976339705143344e-8,3.0617899976849763e-9,1680.935344083795,-11.163789654114169,-2272.0,15742.691900196678,2448.729844690987,-1.2698298020360788e-5,688.7986620116912,-741.7083920129497,5.218244513189227e-8,3.055350447656484e-9,-720.0000027617256,-19.51199946540643,-17399.0,71256.98788337871,6.71283655660424e-6,-26.736470300337384,2207.9286808621223,-5267.189606235277,5.32866313110028e-8,3.071274317420583e-9,-3064.8918671912174,-50.098627228136635,-65056.0
t192,11587.647816878882,666.8073502228957,-8.438261168043881e-6,427.7326075838409,-1588.7134535707096,5.29020922489784e-8,3.0635325580850383e-9,1474.5013035157137,-12.975613508425644,-12555.0,1699.536519594709,140.19389214805452,-1.1568947145402779e-5,27.25747982082977,-15.625360303700223,5.2553112049447616e-8,3.0609251227088944e-9,-788.2019602445247,-16.16055943514562,-1047.0,399.1345487233419,0.00014880570054259427,-7.901029758831471e-6,20.64563223089656,-15.414571837391641,5.240012711972599e-8,3.055612241738142e-9,399.3976239811208,-10.763374053079616,-793.0,3506.0177158327474,734.1187127532734,-5.059016200803246e-6,40.87648524984757,-2.7456769101395264,5.301821924279005e-8,3.0527329338969336e-9,-2626.440363340229,-80.82686858909422,-1571.0,817.3803019161794,523.7735735780199,-5.62789665562331e-6,4.721536262168129,-0.3196414743303868,5.323226716236178e-8,3.0589388640119758e-9,-1157.7410124355154,-7.814752269234297,-180.0,198.06827619553178,960.3720555829639,-9.493650961664669e-6,24.98263014773938,-1.688876180024724,5.303781355877475e-8,3.054789606587528e-9,-180.57143604230052,-30.162640266567514,-971.0,755.975164274329,0.027171738452101173,-5.329646981264752e-6,46.20494298818059,-3.1351193298024076,5.356017970798402e-8,3.068638450588576e-9,975.0132348429805,-47.08538923539735,-1727.0,2938.0205971435707,0.000248516849142478,-5.053873461763425e-6,165.55738663492255,-644.150918002004,5.386344180269702e-8,3.082412280636074e-9,4164.314931754654,-13.742241038135191,-6610.0,527.8998156057934,0.0009695596766463385,-5.26883901819003e-6,56.41603928485238,-3.886371904653134,5.2974422742794886e-8,3.0628240024461187e-9,1480.923293544995,-10.35374087147692,-2051.0,16552.7501797573,1185.4854277177874,-1.1897401015223801e-5,485.80044232601836,-1818.5240343579624,5.216870134582039e-8,3.058966846992252e-9,-720.0000041134999,-19.511999463274048,-15666.0,65007.37876529216,6.706824213036827e-6,-33.883620694194605,1548.1558250674784,-4411.911680065056,5.328494304700248e-8,3.075930653934149e-9,-3021.1956114633945,-49.54368481207633,-59039.0
t193,17711.093318903175,2.480653815332732e-5,-2.993506610481291e-5,235.7491225551758,-2009.9127823649826,9.192623638872452e-8,3.973218813867082e-9,-3199.3699816954027,-34.55967233625024,-12703.0,1023.3662763904656,0.00012305141621283422,-1.5753941676340322e-5,15.428096944653632,-102.06629900468506,6.913163254695514e-8,4.283580762855034e-9,225.0641458157635,-14.79232708615149,-1147.0,191.18411016015355,0.00014053711019479324,-9.636691438552705e-6,11.686547250811815,-78.70858610969726,6.887492322629576e-8,4.270295883504175e-9,746.0672513330317,-2.2294536022894955,-868.0,2963.090977257307,138.9773708091259,-8.763601835349525e-6,23.136270549497457,-56.599185648129826,6.926025400834975e-8,4.2760522772547945e-9,-1288.4051233739442,-60.20030089785993,-1720.0,664.2497749269049,624.9621627052969,-9.126611572847097e-6,2.672320779711698,-8.91452227858362,6.940972750799904e-8,4.286930004054598e-9,-1079.6818738520499,-7.287853240276295,-196.0,2280.5365843700233,0.0001166379818265822,-1.5097520549891811e-5,14.139703349657955,-34.52915992889967,6.940048891160351e-8,4.284162368211581e-9,-1167.8192574967852,-29.32797190243721,-1063.0,754.6856644942364,8.288360643421735e-6,-2.985873406193078e-5,26.152788268950058,-105.91335891592544,6.99785645225505e-8,4.294248427850272e-9,1290.1551321417717,-73.08020448619101,-1892.0,3585.000039300535,7.853125011879035e-6,-2.7288534140144106e-5,93.70403511229551,-293.55745944362013,7.057813610151108e-8,4.293743103620322e-9,3861.5966759270527,-12.74327152895377,-7234.0,647.8545189874981,4.981754407921511e-6,-9.10940192453536e-5,31.931314778249273,-206.0290812385817,6.937740179631051e-8,4.275656257829289e-9,1802.3930250463911,-29.149691527919018,-2247.0,15674.413958514244,141.45445821580014,-1.4592338726896658e-5,267.9973774047343,-1100.3537043048996,9.313625139071374e-8,3.964417822649901e-9,1919.9999241770622,-19.511999501494405,-16884.0,73165.12108071313,2.4017214304770938e-5,-150.69539284372942,905.9540771268541,-4450.708371881892,8.03567868675791e-8,4.005663514684251e-9,-3109.999918022891,-50.67149915462278,-66309.0
t194,14120.897743245267,2.7289856917869626e-5,-2.711367480071753e-5,143.75773765352878,-721.9055692083429,9.196141955406091e-8,3.985046352919316e-9,-1967.0347902961134,-23.71512163878816,-11552.0,1225.4628477646586,0.00023642689471795833,-1.5282605639784563e-5,9.783705838758125,-66.4083352926415,6.887862167857443e-8,4.282046062763171e-9,-72.24338202120128,-15.595057510427477,-1081.0,177.1985402666041,0.00033870280113832866,-9.391623089556691e-6,7.411200629498882,-48.92962965823456,6.862058729199582e-8,4.267828173623099e-9,687.0443130546171,-4.724753670862957,-818.0,2960.5283651993905,55.17913140836553,-8.748974220862053e-6,14.67180282191063,-98.60676775778333,6.894805504349664e-8,4.2727101789180314e-9,-1249.2939154681796,-60.47860752774352,-1622.0,731.4435164124568,283.5797836781651,-9.184581097655468e-6,1.6946268530812594,-7.026393922808775,6.921997276868044e-8,4.286513655555511e-9,-818.1688833607977,-5.522640544102967,-186.0,2303.3283679532706,0.00020363263783694906,-1.44591153167563e-5,8.966519922992429,-55.56171899163534,6.920559757595146e-8,4.283624649918882e-9,-1241.7370689773554,-11.996289148735816,-1002.9999999999999,754.6856611625113,1.1849810569955463e-5,-1.9772748179351365e-5,16.584856384685942,-113.55750311917743,6.962089409923772e-8,4.2909733651881444e-9,1187.3934928965944,-63.10649946776422,-1782.0,3639.308276307141,1.0887197610508206e-5,-1.8802222710904928e-5,59.42163270233332,-435.4795132662746,6.97107074104132e-8,4.282822634439475e-9,3578.5588588193727,-11.809246708358023,-6830.0,647.8544985553362,8.102465497538373e-6,-2.8956669975840403e-5,20.24905697550568,-142.64506864407045,6.902815958277919e-8,4.27306729586005e-9,1611.9184210710032,-22.376887170136488,-2115.0,15686.716737949542,1.2900588285864547e-5,-7.818549845239568e-5,168.8552583620886,-1433.4921322302941,8.389819318780518e-8,4.034698981916377e-9,1393.5628891215788,-15.64268799551134,-15800.0,71094.19841351974,1.39783860191739e-5,-1059.3177097346208,464.78166577216405,-5411.990949466964,7.893110311231487e-8,4.048279566492911e-9,-3109.99993483952,-50.67149931224983,-61927.0
t195,13358.49366358366,1.3492973744729137e-5,-3.9798054470854125e-5,65.25218246021828,-959.0724224561287,7.86790844942203e-8,4.230572941829673e-9,-1623.9771814016271,-20.696215941407957,-10820.0,1427.559494477857,3.927780283745209e-5,-2.5186592719783996e-5,4.548623334885628,-58.34284582094363,7.899963332877402e-8,4.1693567209320225e-9,-323.49185767741176,-16.27342836714478,-1034.0,208.95650413149488,2.940394125020063e-5,-1.633952633899483e-5,3.4456264381711583,-44.203143409327,7.689647835199664e-8,4.164999996241895e-9,621.7079025045375,-6.906902807098579,-783.0,2941.0308593355494,3.4665891317348996e-5,-1.4867180918845713e-5,6.8211989199189285,-87.49050435611414,8.28216811193828e-8,4.154576109405107e-9,-1248.869313891382,-59.49225989029178,-1552.0,664.246773299245,3.4878377094058345e-5,-1.534406701678925e-5,0.7878390866198727,-10.104712326379817,7.010237082792007e-8,4.171144338361678e-9,-474.72552173647307,-3.204397928752213,-177.0,2326.120111588115,3.9258818055641696e-5,-2.6268335995635076e-5,4.168664537973077,-53.46333645362653,7.859676413394022e-8,4.1625885613097445e-9,-1310.3847669776349,-7.44068576507128,-959.0,754.6856560110747,1.040314294024999e-5,-5.251433200035914e-5,7.710630360103013,-98.90415570860607,8.387926902875434e-8,4.160611345088855e-9,1100.5158365900493,-60.00792522402281,-1704.0,2608.906007645351,1.0241373262319893e-5,-5.289525944546091e-5,27.626241301087056,-354.3188909525963,9.143840612224987e-8,4.1091412812809624e-9,4271.883904220346,-14.097219649122474,-6540.0,647.8544068836259,8.510272861531036e-6,-0.00011519371139867155,9.414155733875228,-120.74442933378572,8.568991399413677e-8,4.1512410456894685e-9,1497.3422141738324,-12.866240860237808,-2021.0,15599.472477014675,1.3306674064028293e-5,-56.39486215004448,70.85084410954141,-1127.1171586018477,9.174889610225689e-8,3.986399676097559e-9,599.9986956348745,-9.810009400231923,-15077.0,67159.46587338427,1.5666554335015843e-5,-1375.4648970399628,198.87773945160077,-3743.2073209842874,8.122307872460916e-8,3.995710728590258e-9,-3109.9999114391117,-50.67149910774074,-59079.0
t196,14154.598111535544,1.3198159351222894e-5,-8.622326952529308e-5,77.9052309400619,-760.4839367046526,6.789682190808527e-8,4.257816968092293e-9,-3013.098846285709,-32.920486514444136,-10426.0,1627.687989241611,3.149643528484124e-5,-3.035454923275884e-5,5.533417610577389,-44.998076357741226,7.866462916638068e-8,4.1731213559833665e-9,-555.3239566892212,-16.89937500224518,-1016.0,217.58791132763517,2.3062488759301678e-5,-1.9580304217953565e-5,4.192288131944373,-34.91881415474104,7.657431527389776e-8,4.171584806888922e-9,590.918910780683,-8.780299645160236,-769.0,2942.435670213136,2.571193609749915e-5,-1.7733878364552856e-5,8.298150831000346,-65.22751773233564,8.244139503247825e-8,4.161385014740229e-9,-1298.0437175416605,-62.46259378953833,-1525.0,641.3678663635765,2.58997220666707e-5,-1.8242974610562192e-5,0.9585169870755159,-9.021570065849637,6.99093691334442e-8,4.175483474697746e-9,-456.22529957333643,-3.079521439202481,-174.0,2311.187732686069,3.11871466623039e-5,-3.2320901866052523e-5,5.070324279554305,-49.66033018292115,7.826118779074444e-8,4.169238981536676e-9,-1296.2329381079917,-27.364787620103552,-943.0,754.6824463431999,1.0450332962943778e-5,-6.361314907667767e-5,9.379526178743243,-89.08224016361477,8.349470645749643e-8,4.168656862866082e-9,1074.9259759163087,-75.90565519457444,-1674.0,1746.473117048688,1.0288322519307326e-5,-6.452088815185675e-5,33.60518105816998,-287.58590170347617,9.124765739373503e-8,4.116796799080922e-9,4951.848761532081,-16.341103792392456,-6428.0,351.7028337886486,8.712346451651166e-6,-0.00025440769118725305,11.451276170017158,-108.6419928963531,8.52977654406915e-8,4.157422223958944e-9,1752.0406643001834,-22.552535753115414,-1984.0,15732.386725771586,1.4186223219895097e-5,-1427.5633888458415,73.12952639279848,-908.7531687726499,9.18158681230511e-8,3.981705164939605e-9,1359.1903406122942,-15.3900494256968,-14813.0,63782.18692962298,1.654581315855232e-5,-1179.352734795845,214.65457095118822,-2064.8173885147007,8.165578926423832e-8,3.98748719862341e-9,-3109.999894943631,-50.6714989920269,-57592.0
t197,12956.743477758488,1.709641345055764e-5,-8.367873345321679e-5,47.69692844501551,-526.374779705457,9.166015670292633e-8,4.047573657282664e-9,-2253.826669227339,-26.23889079355428,-10198.0,1688.3035758283484,3.16572177085293e-5,-2.6429420216083132e-5,3.5480035933753444,-32.42231609510372,6.861447802850805e-8,4.287163346606266e-9,-628.332769829728,-17.09649879071799,-1014.0,185.58297226011848,2.422553686548047e-5,-1.566819877447107e-5,2.68640872138194,-23.25712093131706,6.858627212503278e-8,4.2786797611474535e-9,611.2155377196702,-9.22780639580634,-767.0,2933.4570661619828,2.6744305790262323e-5,-1.4217507919990317e-5,5.320848277239206,-52.17305128730211,6.899856050273159e-8,4.284653370159467e-9,-1302.5425791528567,-63.06229660625998,-1521.0,635.8398283104198,2.8399929156469853e-5,-1.4662532584163975e-5,0.6146627854187081,-4.006756405215979,6.931427545593494e-8,4.297577561808827e-9,-455.37397349714735,-3.0737749998514317,-174.0,2303.8655699241212,2.880503536186449e-5,-2.509131252273312e-5,3.252607226533902,-18.850554191502614,6.929486168280048e-8,4.296446442968101e-9,-1330.643658270318,-16.623968471265208,-941.0,754.6824537166855,1.0344197675490461e-5,-3.200116367196887e-5,6.013766372789434,-38.22793201735699,6.799511949265776e-8,4.344571033285231e-9,1018.0062502325255,-70.4745167164562,-1670.0,2632.781701090418,9.356318918727606e-6,-2.7581398394198706e-5,21.55311094411245,-176.2398767585447,6.928891572175997e-8,4.2873706590390174e-9,3951.9465093586605,-13.041426470592562,-6417.0,351.70281615603096,7.0611940188386765e-6,-8.896677351862978e-5,7.344089165335222,-46.645669051760635,6.89527673153988e-8,4.281515365086131e-9,1693.0120922468695,-27.413246679428877,-1978.0,15642.72065422172,1.4234167642538836e-5,-2053.234994588288,41.22789677154777,-567.574664681441,9.167503492120463e-8,4.076354604980137e-9,1806.5391573812133,-18.67806342463413,-14851.0,63131.566280346284,1.666688754055009e-5,-1100.8393910207976,146.64780236554327,-1475.7033125650876,8.102580038110567e-8,3.969638395655523e-9,-3109.99989696155,-50.67149892596226,-57541.0
t198,12452.656498974045,1.7350637627192465e-5,-7.16109822487625e-5,159.30846556191366,-53.882889410610794,9.167594843277759e-8,3.990114612836973e-9,-2100.195088241683,-24.886932700767936,-10433.0,1489.4595865556091,3.676389782330976e-5,-2.4180636609223154e-5,12.13329038835418,-4.097668278119019,6.885177778798891e-8,4.286222092316939e-9,-416.96940369758926,-16.525817617124595,-1064.0,225.64309100453997,2.9120262056963954e-5,-1.3916332538350983e-5,9.19116672403944,-3.587248798440505,6.867208676062619e-8,4.2759111708358396e-9,582.5423227926175,-7.789346993961799,-806.0,2918.7457399443288,3.217779881691512e-5,-1.2934358793187926e-5,18.195252495218487,-4.843401664399669,6.881958910643913e-8,4.27681804877694e-9,-1273.5710955586774,-61.526514530500435,-1597.0,690.7739680606505,3.3631735956844854e-5,-1.3506939821194393e-5,2.101584439303228,-1.0901355783668578,6.896223989134765e-8,4.287167901372327e-9,-506.36745617317604,-3.4179809390639377,-182.0,2305.9544147338443,3.164621214676002e-5,-2.3680722685894204e-5,11.119728134846207,-6.187871761277409,6.904549811257996e-8,4.2871587634566635e-9,-1309.5924922323088,-14.293786906154647,-987.0,754.6824459162478,1.2568951011349857e-5,-2.0240175844810253e-5,20.567814502353283,-10.881211569316022,6.954966733359504e-8,4.295323707919724e-9,1054.4978002760943,-66.86684151913886,-1752.0,2601.753125041639,1.1696359270788962e-5,-1.9080135765968397e-5,73.69137602518178,-31.233096478038522,6.984018012367721e-8,4.291796903353202e-9,4100.319660293731,-13.531057559163099,-6731.0,351.70282233112965,7.584275687871263e-6,-5.556825048440651e-5,25.11177469780781,-13.417953128756656,6.894681778943716e-8,4.274709420863869e-9,1734.7792041424682,-21.17580012507976,-2077.0,15536.870072676138,1.0600548823863114e-5,-951.7320739278085,174.90396436122393,-238.05092488399947,6.952331107700548e-8,4.268958904413143e-9,1244.5564412854403,-14.5474901595543,-15752.0,64450.802986377494,9.646409697316453e-6,-921.0771427171703,503.5128780710276,-811.5673396849018,6.927237181309457e-8,4.2474635074046764e-9,-3109.9998928869177,-50.671498849209854,-60061.0
t199,12636.424390724836,1.0775938518444578e-5,-0.000169105011247492,326.8497589169927,-804.7498912411651,7.815091599823192e-8,4.236346678093618e-9,-871.2479377893727,-11.276162347126444,-11276.0,1701.4170676769138,2.560645047320844e-5,-3.846539429655486e-5,35.216242190375574,-9.778358524470429,7.405894158465025e-8,4.2122675998345325e-9,-551.9646338420106,-16.89030471313877,-1158.0,217.54087407431078,1.919981605290271e-5,-2.3122514394332535e-5,26.669426124653622,-7.407156182303564,7.303309431731159e-8,4.209566419159677e-9,648.6777780477947,-8.48091821389437,-877.0,5912.90156644342,2.011708328367081e-5,-2.197834788586475e-5,52.81195509791257,-14.663796127952848,7.595536185908504e-8,4.202005949591084e-9,-4131.825894734822,-81.22382887999868,-1738.0,1076.1115639073385,2.025331316208972e-5,-2.2389643244705217e-5,6.100555874540881,-1.6936778828132408,6.952248800369091e-8,4.213599982106934e-9,-876.6013797906263,-5.917060041110441,-198.0,2422.4715244067584,2.5634811537460888e-5,-4.03932616604774e-5,32.28034860687788,-8.962066118119788,7.39635074582345e-8,4.209578846770256e-9,-1331.089426168123,-40.70036604113065,-1074.0,754.6824390935403,1.2969697639871078e-5,-3.571387047668468e-5,59.693091648098466,-16.57627375369305,7.659186651804354e-8,4.2072679299433635e-9,1193.8687395379707,-80.66797385587614,-1911.0,2081.4377250923085,1.2758394198642621e-5,-3.5648144880097456e-5,213.9105093284333,-59.389685192878915,8.207796805645937e-8,4.154360197207108e-9,5090.841254049693,-16.799780463065186,-7310.0,351.7025941455165,8.433237824967004e-6,-0.0022556565603823026,51.60558957712033,-122.6190520576774,7.757600974547478e-8,4.1971411609002674e-9,2019.3414465154494,-30.028331031169326,-2270.0,16222.999005242244,1.3945852573945061e-5,-1160.400422294125,542.0745191180866,-321.1609982079562,8.353541081411078e-8,4.038073288985928e-9,1919.9998812577799,-19.511999130615887,-17184.0,68782.23470469181,1.3841989990319286e-5,-990.7375369088056,1558.1246191784992,-1493.950475511415,7.858285513740685e-8,4.051858970714796e-9,-3109.999827083733,-50.67149823037648,-64694.99999999999
t200,11214.496613598305,1.3445391694222295e-5,-5.294382055660214e-5,635.2399236882866,-635.2399570210536,6.888687626133756e-8,4.271555733255402e-9,1575.3134818266888,-27.810022629976935,-12762.0,2981.9447703653973,1.4227571713206859e-5,-158.69995552068553,51.95681030424179,-35.87119197006169,6.658884265425713e-8,4.321556572224675e-9,-1545.158516691405,-4.171930780229896,-1290.0,84.05532759923312,9.710133454445245e-6,-0.019292909416816786,39.00451838865188,-29.434128134699353,6.643986879315845e-8,4.311870220687842e-9,890.6742947355666,-7.280729453111201,-977.0,11151.389885374032,9.43708855663894e-6,-222.609434555805,80.2996676046743,-44.114085885395326,6.698371292436584e-8,4.316108822743028e-9,-8959.939600099546,-71.02644196297085,-1934.0,1606.6043836662445,1.009650377521696e-5,-192.77339083269325,8.734966884034726,-7.987190295921948,6.628964637442811e-8,4.3219437028981844e-9,-1185.5761398724674,-8.002639710091414,-221.0,2597.876127052667,2.2195568058451142e-5,-4.11142154389718e-5,56.418675247097546,-4.656077392940509,6.700507442316358e-8,4.3290115344448585e-9,-1372.6071060095571,-82.03160002604604,-1195.0,754.682434095008,1.1822286222484417e-5,-2.565196167119297e-5,104.34925620323389,-8.610026394764287,6.759302621353083e-8,4.33353361505671e-9,1379.920385011106,-99.34203514597948,-2131.0,2061.0330648567633,1.0882158343655093e-5,-2.468662991740854e-5,373.88459535427904,-30.856604810139274,6.87542562239434e-8,4.321254432228312e-9,5737.8689261439085,-20.9299678003995,-8121.0,351.7027682957046,8.233408963492973e-6,-5.6042868157044825e-5,98.28037222334657,-98.28003937069234,6.794182315591073e-8,4.323481806784575e-9,2211.052623307611,-27.755676712058992,-2535.0,20331.513780370224,1.4217693701983714e-5,-3755.2311057505367,941.3099242516686,-431.91104145158886,9.090471635936296e-8,3.959154223503828e-9,1868.451547615661,-19.133119325340143,-18935.0,72319.75239689901,1.6893819759131808e-5,-1097.9611497911242,2615.75375647942,-3257.735121227667,7.84259837320788e-8,4.022788592895931e-9,-599.999895967567,-9.810003337417653,-69970.0
t201,10946.969410969727,2.9799527228800586e-5,-2.736696231814335e-5,736.6827340475505,-602.7963929203281,8.24702918204127e-8,4.0564272764128114e-9,3216.857811728144,-34.713566322713376,-14263.0,3457.066060992208,1.53564302936502e-5,-332.6392406500352,51.49309127046093,-64.12176983194978,8.050441249420539e-8,4.164239888479284e-9,-1713.575058102343,-5.223099117336703,-1393.0,37.44325090827313,1.0449778750906804e-5,-0.00857470323045785,39.528847801823275,-41.778926910799605,7.816676023483408e-8,4.1596684940448595e-9,1027.2577034750027,-7.442311099528672,-1055.0,14027.446805863128,1.0188389063035835e-5,-4185.8483671613085,79.93078009015278,-75.67472684917513,8.44006033697803e-8,4.144654313622488e-9,-7699.857641696676,-56.99686048573926,-2089.0,1671.6375489830564,1.038175686151399e-5,-873.1167139050327,9.24288234542152,-6.99218672684577,6.992304072280908e-8,4.16452641615782e-9,-558.998301746814,-3.773239403657658,-238.0,3969.5194103733534,1.581988607113742e-5,-975.0726186276369,47.53563061505669,-64.54383614932115,7.998131813560609e-8,4.156242272981283e-9,-1624.3861525513737,-63.05244956072714,-1290.0,415.0218050233907,9.756948459121818e-6,-0.05040213286545837,78.60262329141715,-172.52572391605415,8.545532153526952e-8,4.149887071496124e-9,2066.3020723614095,-85.35038446818051,-2302.0,6283.4771217907555,9.691066022147548e-6,-62.56420720831463,277.71087207076573,-778.2964188854764,9.07430898039508e-8,4.086375877298452e-9,3056.7549143969745,-12.082291939178678,-8765.0,591.1694100817137,1.0848582243576917e-5,-5.525083439153958e-5,104.26918063428145,-104.26947183896392,8.775066687579334e-8,4.1422158938717755e-9,2169.9999262656793,-21.169000829005594,-2740.0,25535.847724860287,1.4066119957821151e-5,-5644.54217097566,916.1249663574279,-1150.6206571723433,9.043554406021866e-8,3.958106959932538e-9,600.0001244898612,-9.810001695413726,-20247.0,75659.92332583417,1.785237165763523e-5,-0.00030962554811485006,2889.9254273018823,-2889.925575326858,7.729877659686194e-8,4.050998561272809e-9,-540.3553986198629,-10.567487453281952,-75109.0
t202,11761.57045636815,2.2692966478264646e-5,-2.867333696440146e-5,694.7413412850831,-415.61260950058147,9.11038092095432e-8,3.919981824975452e-9,3169.3973990357845,-34.09658129545814,-15176.0,3610.840104571542,1.5413362930353915e-5,-59.04978091665901,49.38213171860929,-27.427767001910286,8.09605161173193e-8,4.159991744663104e-9,-2087.109507342868,-15.635196527087901,-1471.0,37.4233639353226,1.0495752477128317e-5,-0.005141212180294853,36.89315507342272,-23.31585136834827,7.856219781117434e-8,4.155756701853768e-9,1065.044470328318,-3.0400073317580576,-1113.0,14364.482918694426,1.0133320743352904e-5,-2669.719786952808,71.9878748832742,-57.22474805271486,8.486021547950045e-8,4.1415960631697595e-9,-9415.53999303482,-87.98627570549938,-2206.0,1968.1123427422667,1.0375740383463512e-5,-496.4983954976399,8.18464050089623,-6.853330029737843,7.006407567100676e-8,4.161947161147993e-9,-1212.7591430641182,-8.18612509878882,-252.0,4069.645990298195,1.5917509600083377e-5,-508.14821340687377,42.61532872132935,-44.56070299529927,8.039948182837983e-8,4.155268802899944e-9,-2128.960355404396,-68.5920632116829,-1362.0,415.02180465379615,1.0178641426587825e-5,-0.03707436281177021,67.77984928818444,-170.87883339227125,8.586683380080038e-8,4.1486242714454025e-9,2210.746706950186,-91.63246340052098,-2431.0,5843.523355352077,1.0127123051652021e-5,-42.779355454083756,259.1980653119875,-464.5503579458543,9.07445965833782e-8,4.081291221020151e-9,3671.7199591303147,-14.11167660757091,-9253.0,647.8543701293211,1.1990591520322113e-5,-3.6172318795745e-5,97.4894904668494,-68.99460538714338,8.8103217018586e-8,4.140245713315124e-9,2237.348963276039,-20.698194390617836,-2893.0,25508.400926441525,1.4012366517711411e-5,-4832.500871696162,811.734177350319,-857.7855214329752,9.001333479187319e-8,3.953800959251012e-9,580.107388765635,-9.956113510307732,-21200.0,77355.63402393136,4.940635515221905e-5,-2.8801210821011938e-5,2718.3987917033387,-2031.3655153993802,7.722225614859175e-8,4.0652218061811194e-9,1910.0041113599245,-50.671432267066216,-79902.0
t203,12761.338492438479,2.4887043309833358e-5,-2.7675025524827655e-5,780.0297951201546,-582.2981358800837,8.232506866302748e-8,4.046785140274494e-9,3082.9019920472397,-32.972140987733844,-16009.0,3728.883721909752,1.562553490150746e-5,-58.84503693720865,54.98343250751855,-30.3520526035345,8.128121154216577e-8,4.154614185156338e-9,-2142.884292118888,-15.78578846365028,-1536.0,40.635973943800295,1.0636874223242862e-5,-0.004288837717853748,41.073414417350214,-25.640987040761846,7.88446448704899e-8,4.15550611106721e-9,1110.1770265300959,-3.2411497285740793,-1163.0,14219.638438515442,1.0457625452939257e-5,-1140.8510560533991,81.54393903288285,-52.64711646835985,8.516405360568033e-8,4.1372082590918725e-9,-10706.781433066439,-95.9027825501254,-2305.0,2004.7733156881136,1.0588408318730868e-5,-412.2820454625549,9.115883954024223,-7.478747503663578,7.014283566594273e-8,4.16346863709866e-9,-1322.203542557505,-8.924874777516278,-263.0,3977.611224538696,1.6560906556955136e-5,-187.19684545455013,49.05170435413481,-33.5876740568305,8.071619738707896e-8,4.153710840308679e-9,-2298.307379486751,-84.57104653467265,-1423.0,505.8837122344255,1.103547505257977e-5,-0.00012799676421495357,84.67192152680367,-84.67200907071316,8.620325184021586e-8,4.145965758994228e-9,2142.043683186013,-105.92719099818378,-2542.0,4359.456756159596,1.096728094108976e-5,-0.00013004929001467168,309.2313403820074,-309.231427837639,9.080668833827543e-8,4.076921432200009e-9,5321.098074684535,-19.55462439098036,-9661.0,647.8543644557295,1.165560287674038e-5,-4.047820344591149e-5,112.48350406851112,-58.83695059280908,8.828067396687564e-8,4.130899046890628e-9,2344.2226453705184,-19.723534567493765,-3026.0,25871.370779620916,1.0541631557854924e-5,-4188.120915185635,903.3689480533524,-795.242190186717,6.909159629737126e-8,4.2361125150075165e-9,559.7292637136378,-10.105896598712876,-22341.0,82109.82838441631,2.4888087033080297e-5,-1.692930229308298e-5,3014.776330638872,-1900.9372497482393,7.016489407486372e-8,4.24810828312309e-9,1910.0039616975448,-50.67143492445591,-85083.0
t204,13906.536181455202,2.07482284933356e-5,-2.3603636536295577e-5,962.7127016262295,-670.4746717304996,6.854516561889514e-8,4.27689546143088e-9,2651.59088846642,-27.365097029269528,-16823.0,3939.236002271063,1.6092906369803786e-5,-73.86887058876596,60.29988189702901,-78.788989608333,8.161889481965164e-8,4.158639494057549e-9,-2237.835882441828,-16.042157698611028,-1593.0,62.18129766272096,1.086050113292841e-5,-0.004151650052136378,46.01212857181754,-55.40160418944373,7.915379452988481e-8,4.159515990642901e-9,1155.943466913902,-3.7311482478186004,-1205.0,14335.636840278565,1.0732974334153921e-5,-1405.273126368046,89.33080774267373,-140.53185878620718,8.547610682247024e-8,4.139995287335292e-9,-10395.385911553902,-94.77676210851475,-2389.0,1964.784012301187,1.0870325768588411e-5,-364.9115399525507,10.837044953491992,-9.608799074168715,7.027458229585306e-8,4.1696986406049175e-9,-1319.1961542758163,-8.904574891472922,-273.0,4433.866068824509,1.6968029366334584e-5,-290.58151790055365,54.37898584830553,-75.90646620518393,8.106831556307435e-8,4.151408856550547e-9,-2563.5253906540506,-83.23169696145929,-1475.0,754.6792472126311,3.194925636338938e-5,-1.5336840438491726e-5,102.13374379008343,-102.13229716989625,8.711286406921705e-8,4.147178897356153e-9,1987.7556300390272,-106.43634056897939,-2636.0,4197.834060366802,2.864649471249944e-5,-1.5788258556433166e-5,372.4046665845935,-372.40320178093407,9.150463475500411e-8,4.0788094270967e-9,5825.38824761693,-19.223785730899237,-10004.0,647.8543835274271,1.0985309232371125e-5,-4.7724380354995545e-5,124.72232629137243,-134.84682425046407,8.839675651269759e-8,4.132977852535109e-9,2517.2205494579603,-13.950398376074249,-3141.0,26001.379403433933,1.15156666975284e-5,-2884.318354218949,1066.6538374718996,-1232.9756425913954,7.488797962814291e-8,4.259485700467215e-9,468.0405518400649,-10.779807504386389,-23408.0,89294.6324395217,2.455637698415254e-5,-2.0932582014174135e-5,3465.6015959416136,-4399.566609632893,7.420831373753237e-8,4.222171305255391e-9,1910.0040045912945,-50.671434093911316,-90220.0
t205,14662.773550896101,2.0677992871244363e-5,-2.2547078727381154e-5,1055.5354279210428,-921.0873493629379,6.858359119675726e-8,4.2997556258069386e-9,2581.228761836243,-26.45038951831056,-17352.0,3985.159694827867,1.4463782788818691e-5,-70.4142854356392,68.42758655537588,-66.17512859425226,6.987405959479036e-8,4.361194474136841e-9,-2278.844999603268,-16.152882275067636,-1622.0,42.78873806655778,9.742129430694887e-6,-0.003668148391074242,51.933686338932354,-49.46986207342125,6.948595123947295e-8,4.360105853592535e-9,1186.6419444421695,-3.890848437266545,-1228.0,14429.81616151757,9.750062019170505e-6,-1612.221788060544,103.49957236728008,-97.07199517302618,7.077333529018253e-8,4.355688672847274e-9,-10296.572055810697,-94.44990468534058,-2433.0,1991.9993983283669,9.895483677569172e-6,-381.2938591829145,11.975302461280494,-10.513325042665127,6.787568253789193e-8,4.3609025476199306e-9,-1325.2222752743169,-8.945251252027834,-278.0,4530.93083940226,1.525064988444659e-5,-293.1600061825879,61.023535593569214,-68.97672268797835,6.993208211442925e-8,4.360574602133419e-9,-2646.002473742696,-82.81518770298172,-1501.0,754.6792463955227,2.063886151277767e-5,-1.714324260485772e-5,115.01426183082326,-100.66235606866537,7.17509325337164e-8,4.367451870115046e-9,2023.2671173342128,-106.2982730568181,-2686.0,4365.758797817034,1.649879982550908e-5,-1.8884972528335205e-5,415.6793361510647,-398.9559329014746,7.426256886587157e-8,4.339720648427539e-9,5817.71626783195,-19.198466579909695,-10181.0,647.8543893074686,9.09744859433679e-6,-5.7484954523596523e-5,138.78951798368226,-161.90402410986383,7.229026173121906e-8,4.36310138557162e-9,2590.408497173086,-13.148332039960668,-3202.0,26022.488959080667,1.083934199543542e-5,-1767.8842360680733,1152.7891911744866,-1588.764574219157,6.910417173913236e-8,4.233447754290417e-9,437.37585687898803,-11.005207725634506,-24245.0,93385.5753606516,1.6415757301165592e-5,-2.6745699857709446e-5,3920.6048332035352,-4787.512098466461,6.978250484085725e-8,4.242269431507586e-9,1910.0033589343273,-50.67144413613799,-94378.0
t206,15605.622993725297,1.8779291775648917e-5,-2.3386097504649865e-5,991.3558648244679,-1486.3790433792408,6.935990585904671e-8,4.276887195872734e-9,2487.633844734053,-25.2336553431746,-17573.0,4040.8364614913576,1.4654118709934564e-5,-78.8084160549101,67.1722038500679,-70.36974011831727,6.802124906494777e-8,4.289671562979522e-9,-2300.618852232109,-16.211671648319275,-1642.0,43.433349612505786,9.749832487698354e-6,-0.0037977754775820154,50.65051022884292,-54.135956757247286,6.773464104903472e-8,4.2793297677237656e-9,1207.012189728068,-3.956304850995983,-1243.0,14677.43731142763,9.65031782148216e-6,-1612.8487787731808,103.78569996163912,-91.09293260459253,6.815365322125243e-8,4.277748500294576e-9,-10519.12981421623,-95.15149548394564,-2463.0,1929.7849781122088,1.0018438049304893e-5,-350.02382955872804,11.521488861787681,-12.320595055880098,6.826052098911106e-8,4.288396653443064e-9,-1288.2662543963752,-8.69579804585277,-282.0,4290.2303063293,1.4478812534078509e-5,-217.50646201054417,59.98798773168273,-70.95512853510415,6.840714876058363e-8,4.286952744948647e-9,-2458.9971535649865,-83.75956449737204,-1519.0,754.6760460663803,1.566629717178533e-5,-1.878652779886025e-5,110.86833009364607,-125.221385894868,6.945153315755627e-8,4.3018244036427004e-9,2084.4941808724284,-105.81716807580612,-2719.0,4208.385869335912,1.1992273086997275e-5,-2.1772144251540526e-5,414.7875114829347,-431.512347565666,6.969744730947258e-8,4.298988078538639e-9,6128.5632377994625,-20.22426133366018,-10300.0,647.8543896384452,8.025555999785654e-6,-8.15714891955563e-5,140.7326666016048,-189.63516957029597,6.905381409553112e-8,4.288526115082515e-9,2658.0166261610775,-12.968439350840203,-3244.0,26134.59845842968,1.1097325300242119e-5,-462.9973054001912,1173.4612435866163,-1414.6154268487187,6.925595313922547e-8,4.236129449129295e-9,-508.7079753456096,-3.739005561260283,-24918.0,94972.94501700663,2.499541549246196e-5,-1.740453529271279e-5,4152.958121761469,-4073.0416158722146,7.020242083947427e-8,4.246464406357247e-9,2509.9999704602174,-40.861501005754604,-97522.0
t207,17028.689323596056,1.845544508614011e-5,-2.6045291775013146e-5,1110.4507996583613,-1652.8604020255477,6.875869088894632e-8,4.275798306907179e-9,1521.853182679811,-15.132896379098371,-17993.0,4083.6514529866454,1.4605056294768672e-5,-102.63088494127751,73.13989659363584,-76.95276706949434,6.798263837400314e-8,4.290700764138744e-9,-2299.000410344027,-16.207301892393883,-1662.0,58.91071581821301,9.771787888828151e-6,-0.004259451612184644,54.72931155296665,-61.88668478193539,6.785293014150191e-8,4.282512625308754e-9,1210.180106842656,-3.9291998166939353,-1258.0,14014.885329127937,9.71484551454734e-6,-828.975133874579,116.26921249504494,-83.48634273733599,6.823714229121713e-8,4.2815333996723265e-9,-10630.674615968772,-95.01845882132487,-2493.0,1843.0737203834306,1.008701826719898e-5,-312.4139145740968,12.255012435357944,-15.36085513263793,6.841591329967287e-8,4.292661323005405e-9,-1233.229672160838,-8.324301103833168,-286.0,4215.292754539756,1.407089078533058e-5,-138.87782550761324,61.04598191649223,-109.1648688899765,6.83708061699772e-8,4.287628587541338e-9,-2407.275296299714,-84.02075990477653,-1537.0,754.6760462254596,9.877036960160796e-6,-2.8637640669131926e-5,123.84132683748963,-123.84157339553022,6.930929132893398e-8,4.303233323634314e-9,2098.4826235366104,-98.15840449141285,-2755.0,3991.2208934421587,1.4253984373333502e-5,-1.5778438346932703e-5,459.36845312320884,-459.36847250955526,6.996514012060425e-8,4.302663842765985e-9,6448.751533049269,-21.972405639502046,-10418.0,647.8544404833262,9.305619415974226e-6,-2.6456356655079733e-5,168.28944938254068,-168.2894646918199,6.927097396363384e-8,4.294432412316589e-9,2652.861654906411,-12.71606299360132,-3288.0,25497.89065813464,1.6519022420401028e-5,-5.449770198258946e-5,1340.5601033589296,-1340.5604551712743,8.262769024022866e-8,3.999271964370228e-9,128.05090779800219,-0.941176204461985,-25625.0,94361.92336912952,147.15067492116805,-1.412797913242935e-5,5155.993572463993,-1973.2060874449396,7.76784459306384e-8,4.121391383981741e-9,2509.9999859605905,-40.861500966204986,-100161.0
t208,17393.30402613293,2.1121781781124483e-5,-2.0898730648144477e-5,1637.0171984783733,-1212.0845209238869,6.880137964398943e-8,4.298978435943953e-9,770.5943376556658,-24.831041622624646,-18564.0,4170.926206741793,1.5288957742520914e-5,-5.677451870388196,79.53197478713535,-166.07791617656278,6.682404295610104e-8,4.331474921198394e-9,-2359.3326300012877,-16.370198833508514,-1703.0,78.07858290240065,1.0109868484258265e-5,-0.008357434871210122,60.79644507658311,-124.81468990040455,6.667444075580301e-8,4.324147996554538e-9,1278.9997904171285,-4.051781234164153,-1289.0,13580.855904770746,9.923355626922753e-6,-4.6863550264245015,102.43748552620373,-276.8444822362526,6.721644595920938e-8,4.323533580135951e-9,-10749.549296894185,-98.21326615443989,-2554.0,1781.966341809435,1.0218052999347208e-5,-4.857732332599533,13.64321319621902,-28.745179209278184,6.636237189550989e-8,4.332011007106487e-9,-1460.1506361578554,-9.856017588284788,-292.0,3746.521840491833,1.456426400613492e-5,-1.3615254342517173,86.37424422989564,-100.8432662990181,6.695701089803045e-8,4.330363114944726e-9,-2069.9671413225797,-85.72416629983698,-1575.0,754.6760548576794,2.3795461224211938e-5,-1.166972801869185e-5,164.81720441860872,-164.8147617332481,6.836314253842486e-8,4.343237852607756e-9,2169.332772571072,-99.01128222511619,-2825.0,4221.061821150348,2.9334298101758502e-5,-9.299344834283209e-6,653.055608660469,-410.6691043423428,6.966358879044917e-8,4.331075780654081e-9,6220.0728949911645,-22.521240556272932,-10661.0,747.9998247843566,0.0017098840904294602,-6.651518623267513e-6,283.1281899792774,-2.0235723496105066e-5,6.90835525077472e-8,4.334495643788037e-9,2375.6994123064264,-30.829110124226005,-3376.0,24602.34453226688,228.82452202547518,-1.0369372963583603e-5,1805.0575000963581,-1805.0569188917464,7.116350008393977e-8,4.243035317806288e-9,1914.3004846661543,-19.470109834663617,-26726.0,95519.5254408242,120.80563145184071,-8.368459761116602e-6,7167.579005399291,-1755.2385818317591,7.142584894535496e-8,4.24957280703499e-9,1910.0000117682944,-50.671499305656084,-102912.0
t209,17439.9107516364,4.624753104097211e-5,-1.3055870074852658e-5,2175.993371533491,-1302.799003495943,6.973437871397113e-8,4.274560936759643e-9,760.8482019907462,-24.95335490335247,-19049.0,3916.739729699248,9.37614538337534e-5,-1.5752252130788664e-5,123.83727241260917,-123.83724089873743,6.920849244773146e-8,4.295498267785878e-9,-2164.8946257086204,-15.845213578575747,-1736.0,91.89400589108841,6.330775115493947e-5,-1.0873956007285834e-5,93.9488266089763,-93.94879571897503,6.894820244250434e-8,4.285302717948438e-9,1225.539188329154,-3.4332776095007835,-1314.0,13088.486680077693,4.411316621191442e-5,-1.1924706358432403e-5,186.3882842882169,-186.3882682105497,6.928180105107736e-8,4.284146151898054e-9,-10399.180502188763,-85.30622619263865,-2604.0,1465.7357131755934,4.5994858645522936e-5,-1.2224370723465672e-5,21.48361410966967,-21.483597432569475,6.945283099535655e-8,4.2978550457531596e-9,-1159.9063948296819,-7.829368860347849,-298.0,4050.5886888531977,5.665169322682675e-5,-1.7460205202340856e-5,113.80977920158197,-113.80976323262735,6.94709359700527e-8,4.29398068651323e-9,-2362.341066675368,-84.24767742261814,-1604.0,754.6760608690194,0.028348548843125793,-8.097476838055744e-6,222.33001205463773,-172.97975661801306,7.039685511271658e-8,4.3085580679248215e-9,2179.078938964417,-99.1335957678585,-2884.0,4170.496624842167,37.27253638777841,-6.990389039278784e-6,877.289239753075,-430.89559152425517,7.084989746635276e-8,4.304464165487488e-9,6221.355360593072,-22.51816311947045,-10853.0,747.9997743141063,4.9375092128848286e-5,-8.146489270843827e-6,365.1260626585654,-1.9753693954237226,7.021455483581854e-8,4.29492111287292e-9,2368.71741284291,-30.86792170942978,-3449.0,23705.66714293148,1939.0091905202714,-1.0158642673913614e-5,2359.356661714364,-2129.5209070401343,7.096493720368462e-8,4.239187575779511e-9,1919.9999213696485,-19.511999378460562,-27775.0,95500.30452278978,299.86665115792204,-9.505917657151086e-6,9722.185582716931,-1547.7791973223664,7.117197024030503e-8,4.24643847036864e-9,1410.783565312486,-41.36111517221898,-105344.0
t210,17170.68660667877,4.633236459575334e-5,-1.5688194332436725e-5,2719.521778394241,-1096.7541759581516,7.410095485779142e-8,4.284345020200256e-9,655.816827177268,-26.271067012282533,-19423.0,3663.4621819054832,821.2567693545485,-1.352705208501836e-5,145.08104874449944,-145.0810553483928,7.67161998517546e-8,4.205386735135356e-9,-2729.3496863620994,-17.369244840927916,-1738.0,80.47856176468876,0.011576630938471125,-9.629331384608004e-6,110.38306747121656,-110.38307501473682,7.552424159393432e-8,4.205975878138742e-9,1242.491699844213,-6.981821141577064,-1316.0,11112.107909458395,1818.2205418162719,-9.592466807686865e-6,218.85874194960556,-218.85874051750008,7.863751735987856e-8,4.195383189688389e-9,-10223.139410828522,-101.18903240378492,-2606.0,1246.8902933694826,662.9069559993562,-9.74908745809173e-6,25.21132396267534,-25.2113230977854,7.086750368237613e-8,4.219631157527694e-9,-1599.9972583695162,-10.799982185009656,-299.0,3242.6493494376004,498.1602798719142,-1.4533486342186998e-5,135.1173305723001,-135.11732718709098,7.640619964257125e-8,4.212908768322524e-9,-2049.984822258298,-85.82479597821725,-1605.0,754.6728522333984,0.04141314950922994,-9.190950513236225e-6,232.54037036325852,-281.89307072424555,7.941232562874764e-8,4.205656226662348e-9,2284.08992906656,-100.45148497316373,-2889.0,4052.9121350861165,51.88833972942571,-8.78927646904678e-6,1057.5483969511554,-527.8787998442062,8.390794064372027e-8,4.137345740452441e-9,6239.005738972125,-22.475802183030556,-10851.0,747.9997732475664,0.0001859188421667083,-9.121341176481663e-6,419.330388851236,-28.571762693025416,8.063727010212225e-8,4.187073228319453e-9,2351.0669847005606,-30.825560984931855,-3459.0,21445.552247789376,5142.009358741765,-1.4068684705681047e-7,2727.032572323532,-2825.0821441055396,1.6445304218146293e-7,4.241082437868723e-9,1919.999964779597,-19.511999562486448,-28390.0,96492.19497761373,1439.9999402468711,-1.1446615812034434e-7,11865.869736793054,-5683.393188412939,1.6213023132739248e-7,4.247453724419795e-9,1910.0000332781128,-50.67149955061299,-105974.0
t211,17692.86104043777,4.1844004754236055e-5,-1.4754178186504176e-5,2044.6401114154096,-1246.8182829363875,6.896321333274137e-8,4.2739548671957495e-9,-57.42137104538725,-12.261524996710367,-18421.0,3240.615203691701,183.2893696016169,-1.4706230968153882e-5,123.7112103385598,-90.39953423040618,8.295294944749119e-8,4.258590417527586e-9,-1819.3041104224606,-4.912124354045402,-1633.0,117.59632881716396,0.0024719940491956358,-1.0316297268936252e-5,96.55417821454839,-55.613223705269036,8.050853178067836e-8,4.270922733382759e-9,1085.8562555205497,-8.396000604549744,-1236.0,7931.238638737419,2495.857499755526,-1.018384163385016e-5,183.30834273841467,-151.96610807964538,8.69220306189045e-8,4.2613415431842036e-9,-7944.7777431566465,-64.66061985754486,-2449.0,990.5357930162737,293.82050925728964,-1.0381202225751682e-5,24.08987213533375,-5.621250740538301,7.13731607364389e-8,4.292981390179561e-9,-1014.973839288734,-6.851074068469383,-281.0,2475.4325474227426,984.1021577901911,-1.6323499998749824e-5,120.35801666858954,-59.44085461637576,8.235840788000853e-8,4.285160264142567e-9,-1941.4518544667808,-69.99999655627404,-1509.0,754.6728508383412,6.672474235925013e-5,-1.162657559641764e-5,216.12488691798058,-141.57567924697105,8.816023309611339e-8,4.247252144445941e-9,1981.0327858237283,-97.2548995211196,-2713.0,3870.4626076654026,3.0776068442028505e-5,-1.3280320759363972e-5,862.6059351467885,-698.0348461136374,9.21148335529569e-8,4.206453153074621e-9,6195.406125974105,-22.439840254460808,-10208.0,747.9997976279907,3.0395242913220557e-5,-1.1782602073989002e-5,329.9703327507286,-0.00010468875730743883,8.94309561708136e-8,4.260376749481124e-9,2195.6342033079845,-28.604247701652763,-3245.0,18635.45126982427,6460.847478207118,-1.1894367085370798e-5,2282.3411376238373,-2414.127816151352,7.679840124915785e-8,4.263867533783581e-9,1919.999941803018,-19.511999469123637,-26865.0,95270.91356592331,393.8291107883483,-1.0435037394027844e-5,9968.11425965616,-4464.046523088679,7.539456493850434e-8,4.234441913021597e-9,-600.0003940493751,-9.810008861783777,-100559.0
t212,20353.47273785118,2.0433282054837588e-5,-1.9395759152725085e-5,1191.9071986869192,-1346.8085931678957,7.897342110070978e-8,4.246773214513566e-9,-3216.8577779768193,-34.713566513972125,-16947.0,2137.0806214742515,161.2830434907468,-1.4908025543642271e-5,76.91329738557307,-18.422848103323705,8.219759838000658e-8,4.179992953659602e-9,-834.2017550202521,-17.652344398080263,-1505.0,69.05108259577302,0.002672332315859842,-1.0253012679978446e-5,58.15665529963891,-14.576579662584917,7.980789911119785e-8,4.178157514636471e-9,1036.1094632965946,-8.743283687273506,-1140.0,2952.353576932914,1860.6248293459091,-1.0083119344683097e-5,119.07515894590908,-18.777825036081868,8.634480031299859e-8,4.164763864972354e-9,-2582.8281805854754,-71.44754969166861,-2259.0,760.9848780028328,293.79663879495274,-1.0299079686977927e-5,12.863689790322644,-4.869428437604928,7.114491566602189e-8,4.1890872178146985e-9,-798.3866574363573,-5.389110487563457,-259.0,2328.5184217454103,929.2653344762739,-1.6107339191833454e-5,79.69888374873882,-12.615327362404942,8.183751859273993e-8,4.1725235933620856e-9,-1883.4836647828643,-48.38363180090616,-1393.0,754.6728486165383,7.418629628895287e-5,-1.115830034790825e-5,147.4366541898015,-16.209440587311875,8.747200679917863e-8,4.166247502999365e-9,1706.6320250961492,-94.53215042942719,-2498.0,3657.316622247232,3.210492468943145e-5,-1.2906056000301584e-5,527.9716885014407,-192.7323448623931,9.218049923225639e-8,4.096819121363558e-9,5456.084610091396,-19.640595266160673,-9429.0,747.9997713986158,2.313876816346256e-5,-1.2895371447569383e-5,179.88140158836603,-220.09338005048016,8.890448422625758e-8,4.152132809660481e-9,2306.9318326826037,-30.719635951592327,-2984.0,15682.897073659387,5421.223934536461,-1.3443887191829227e-5,1609.178475485871,-63.78741917995271,9.220150915865816e-8,3.965479133367908e-9,1919.9999483826434,-19.51199952647944,-24550.0,91692.64759304665,7.031558346251141e-5,-2.18264738877504e-5,5794.619335912461,-1507.5956354103243,7.824084189278704e-8,4.086771830496201e-9,-3109.9998437476174,-50.67149840747174,-92819.0
t213,19183.11762414357,2.8550904669949717e-5,-2.591066224438945e-5,1093.5969603265244,-537.1432771524272,9.186418502598879e-8,3.961189477934906e-9,-3216.8577441005714,-34.71356593295648,-16488.0,1689.554613168215,186.095669382754,-1.4377532502694012e-5,70.18006903292849,-15.643179221878537,7.606812157676639e-8,4.209499641203317e-9,-436.6083156910614,-16.578842368701558,-1477.0,60.299455902610156,0.0032315881781341004,-9.929592411215714e-6,53.169461493222045,-14.724157116919368,7.497082589880169e-8,4.20518648391752e-9,1025.0855940887584,-5.833576102377565,-1118.0,2935.1504280970216,1984.126531890832,-9.79177930886231e-6,105.24071860575927,-19.369221236428924,7.821868352079287e-8,4.198489850359696e-9,-2721.9763272604264,-69.17212044964091,-2214.0,785.5600319362804,334.4765713662587,-9.925166165355229e-6,12.15799400517918,-5.289703141011234,7.083367604357311e-8,4.211725418920307e-9,-867.0522808100035,-5.852603503379513,-254.0,2336.344373430256,931.5976655923732,-1.513413368699591e-5,64.33356227573927,-12.788053935991886,7.602702802244483e-8,4.2138403624227855e-9,-1906.8766497008012,-46.61088260530928,-1366.0,754.6728489702733,8.078281928193833e-5,-1.0731884395376619e-5,119.01520165607567,-16.345598658588113,7.892240996258844e-8,4.205639979261959e-9,1681.888552369561,-93.23107446618391,-2446.0,3603.3340897352464,3.4058574579497606e-5,-1.2284468381763516e-5,426.3685100410921,-109.8146900358656,8.397394138478115e-8,4.1413212088109545e-9,5353.2549246132485,-19.142856210928304,-9254.0,747.9997703440636,2.5556969589580462e-5,-1.1959907890340672e-5,145.44426737910675,-221.93327430954517,7.992445573510694e-8,4.19547791191603e-9,2279.1421636339956,-30.652940724996,-2920.0,15552.886962406186,5045.879707832252,-1.294780060455724e-5,1330.745763914379,-0.00037201601638838183,9.248469691936099e-8,3.957595145575635e-9,1919.9999502504581,-19.511999524664454,-23830.0,88753.91900098763,7.273820245527883e-5,-2.2975633680381015e-5,4367.71871118818,-1442.9663962096226,7.811562186092886e-8,4.0721626221862435e-9,-3109.9998673931586,-50.67149842216298,-88518.0
t214,19305.49037486222,2.4588457989978803e-5,-2.3022613098826594e-5,889.2545483615118,-587.1735867884627,7.439906370443714e-8,4.2908520980878746e-9,-3216.857771625927,-34.71356644454735,-16356.000000000002,1713.0156509802296,184.8194817572994,-1.5007263987132991e-5,56.19038802231574,-18.670193534709735,8.206152870385748e-8,4.173269114081558e-9,-480.657536966744,-16.697775332478255,-1438.0,58.601360826359624,0.0038035698830072096,-1.0290407050969435e-5,42.56976256354138,-17.508729084756812,7.968835896489084e-8,4.1720938821562635e-9,1011.5598026498276,-6.225990314881731,-1089.0,2922.9655609544634,1793.755685649743,-1.012960797165209e-5,84.26535315637496,-22.885992995375794,8.621833490566234e-8,4.1576630727546385e-9,-2550.6021543478028,-69.49844232801652,-2158.0,786.5872472014747,383.1717810282894,-1.0310729565212389e-5,9.735743031801372,-6.050729729634815,7.1207457233887e-8,4.179256847139633e-9,-920.2324616023205,-6.211569691381174,-247.0,2334.851555848136,902.1112455331071,-1.609402300762709e-5,51.58588474724311,-14.451922897471274,8.170294102801045e-8,4.165015969720829e-9,-1897.1857253104524,-45.91102190950613,-1331.0,754.6728513818546,9.007380770322681e-5,-1.093855581342707e-5,95.43449018199482,-18.72582662092563,8.734356136476334e-8,4.158536928425549e-9,1643.3508969478003,-92.73249111246926,-2382.0,3588.0589838831343,3.8093434967497556e-5,-1.23962000452089e-5,341.8962200248263,-204.74325408272568,9.22476763063239e-8,4.0906244169084934e-9,5323.82042171346,-19.0323973281141,-9030.0,747.9997683649062,3.0905069400548415e-5,-1.1782954732132304e-5,117.77074093059399,-270.9276554675921,8.88317856075114e-8,4.145451126806411e-9,2276.8044572071585,-30.647330246063238,-2841.0,15540.043502610482,4277.698414997105,-1.2962335214103246e-5,1051.7705203910664,-0.0003771576034485752,9.28138948702886e-8,3.9590749996921995e-9,1919.999951566178,-19.511999531325053,-22770.0,89476.22693649374,6.524008779896365e-5,-2.229281423958904e-5,3473.1583865610014,-5178.713986963983,7.881085555591996e-8,4.06291129942027e-9,-3109.9998802311798,-50.67149867055794,-84610.0
t215,19538.535869679577,2.3410030069115378e-5,-1.9868290157117402e-5,614.5936368614351,-1511.5581568517755,6.895497637627462e-8,4.275868366093017e-9,-3216.8577869451433,-34.713566345520356,-15390.0,1608.6772769805345,185.11649220074202,-1.4003860899382806e-5,38.41279684076508,-17.52776335308783,7.092195211637406e-8,4.37217172078733e-9,-463.02861140679573,-16.650177328244247,-1335.0,77.13622655223512,0.004492619316778776,-9.608960685672764e-6,29.098101969518968,-16.558944364927502,7.057907601761836e-8,4.369747156445619e-9,926.8173144270387,-6.497181665917727,-1010.0,2911.0708534016658,868.6591649016086,-9.481874648860786e-6,57.60857013592905,-20.877476751098193,7.195680753959245e-8,4.372155790666628e-9,-1748.6815077115295,-65.77959456137135,-2001.9999999999998,773.8552079197282,352.9864462041451,-9.614371334880965e-6,6.654817912305326,-5.9395449961412465,6.921453072916801e-8,4.37703692436361e-9,-892.5323237394613,-6.024593756889762,-229.0,2326.1924368833966,803.2806640599526,-1.4139310002285206e-5,35.736493884200804,-13.43370564159487,7.105502196067521e-8,4.380121855947351e-9,-1878.0924770432707,-37.68339807570592,-1236.0,754.6696507084604,9.272453504250648e-5,-1.0113232144507196e-5,66.09771068197854,-16.97748657049808,7.237755385248344e-8,4.380201354768965e-9,1490.4907280201041,-86.28068552284162,-2208.0,3585.0000131647457,3.537153638644652e-5,-1.1170956753238919e-5,236.82606331494256,-212.4826092549725,7.529933262967743e-8,4.35676860114771e-9,4799.363782535287,-16.70727403650609,-8392.0,747.9997679417976,2.8951809595134667e-5,-1.0735852980228955e-5,80.70257792640716,-339.82613703201474,7.292433748006322e-8,4.375274459898314e-9,2172.520822273591,-30.397049399194923,-2631.0,15529.914829993471,2612.752521748299,-1.3305401193699172e-5,697.3009382241341,-104.45622327300643,9.296726777586852e-8,3.960223262582422e-9,1919.9999460405604,-19.511999515775752,-20636.0,89604.03902500447,0.00013179753431473797,-2.1065354352195667e-5,2384.179996820659,-10949.547747185003,7.952556219457505e-8,4.042803183588665e-9,-3109.999886450382,-50.67149886588479,-77878.0
t216,16949.967448197414,2.340252521690314e-5,-2.004071802080776e-5,438.7200446024478,-189.11616316242785,6.889441707479658e-8,4.276715579668231e-9,-3216.8577666828437,-34.71356638679995,-13948.0,1471.622459731839,183.00393279000235,-1.4897928284934904e-5,27.87994671336088,-20.60075151924702,8.093520805115171e-8,4.1766162612854534e-9,-414.3867284243784,-16.518844473630438,-1231.0,78.01687729258724,0.0063271619286458585,-1.025796992482629e-5,21.11835810676547,-19.51162974352042,7.867041258358306e-8,4.176099423780343e-9,858.8278271768834,-6.45774981633775,-932.0,2938.9126952534384,596.1806303252433,-1.010728434093265e-5,41.80934084784316,-25.50830728386269,8.501109843375945e-8,4.163527272300965e-9,-1637.7892447480729,-65.60510440301792,-1848.0,744.0066562411732,383.59936146564934,-1.0289443136016582e-5,4.829161820346869,-6.163733985842481,7.095280694580837e-8,4.180666806430954e-9,-909.1347750372171,-6.136660286616431,-211.0,2312.5173689413623,380.8416956462289,-1.5637517969868256e-5,25.551928175962527,-14.788551197487282,8.059908848717728e-8,4.167472463077131e-9,-1528.1965791411837,-34.92584686961835,-1141.0,754.6696536307521,0.000104126683800241,-1.0777538678311294e-5,47.26026659948162,-19.51687220489408,8.61905188125863e-8,4.1642922150351076e-9,1336.5628314314138,-82.9759728903533,-2036.0,3585.612437741818,4.442413806770321e-5,-1.2022229597979271e-5,169.33241002418404,-710.4880457066847,9.224301383254135e-8,4.106014344052856e-9,4723.129495287514,-15.58632984064787,-7752.0,747.9997525229938,3.527989514397201e-5,-1.1454694699075403e-5,57.70292395928939,-331.68733388876456,8.792496520592339e-8,4.152967340283056e-9,1977.8449060815828,-29.860272588745463,-2422.0,15542.761400051213,1015.2020894960867,-1.2929895497050054e-5,498.8753637345281,-269.32679301764796,9.335354326095473e-8,3.973841782860819e-9,1919.9999521215589,-19.511999542770035,-18688.0,82320.82599632617,4.888835996087954e-5,-2.721289473758813e-5,1659.4685099496226,-10056.623110796989,8.035636888405388e-8,4.025566880814855e-9,-3109.9999180652567,-50.67149919336192,-70763.0
t217,16382.29790220061,3.3464635642478746e-5,-2.310659453674646e-5,234.8875138910907,-851.6143728424521,9.156699764274344e-8,3.9846014814156514e-9,-3216.8574902880573,-34.71356338193049,-12514.0,1322.747862304852,145.99896149872555,-1.35443071507327e-5,15.583552912952879,-27.43279250552908,7.071828113986438e-8,4.371983936572558e-9,-304.67494795282045,-16.222622783732497,-1136.0,54.78468927220428,0.017726399907823234,-9.184779225845836e-6,11.804592689316582,-22.314929302496598,7.041582061086027e-8,4.369649851059482e-9,821.5255132264989,-5.8175831722790265,-860.0,2920.1852353830777,163.89540708396635,-9.024364603266981e-6,23.369349445492112,-55.112328218628825,7.172470919849454e-8,4.370537345560578e-9,-1288.5641282316412,-59.77352646135777,-1704.0,700.4504965677852,162.99049027024873,-9.15037279765534e-6,2.6992149502551896,-4.427249220495979,6.926322581334226e-8,4.376205557475707e-9,-662.2428039740746,-4.4701395136537965,-195.0,2294.8057091367305,0.0005122371630664894,-1.3728985023535851e-5,14.281948558996941,-80.59731777672279,7.085552831132302e-8,4.379270443417484e-9,-1146.0330548096824,-29.45778369025283,-1053.0,754.6696544030768,5.165694284323421e-5,-1.0298780533487946e-5,26.416462329625794,-149.0935260804783,7.210641472972667e-8,4.376554218960262e-9,1316.2112476256777,-73.20387970766755,-1875.0,3606.434229238619,3.190359085601731e-5,-1.1463019195122898e-5,94.64723758799587,-534.1401405369783,7.500624677262682e-8,4.352385696760787e-9,4011.29593226442,-13.237279066258518,-7165.0,747.9996873826806,2.699709459105972e-5,-1.0727533631270563e-5,32.25284855672508,-182.0219763509768,7.262691991942105e-8,4.37017516192447e-9,1659.33975045213,-28.57032638348851,-2229.0,15548.292936054242,618.670351420128,-1.3793568585596244e-5,280.0896536117132,-1325.5408623260294,9.328994836884743e-8,3.977031128248832e-9,1919.9999344322969,-19.51199948637902,-17022.0,75941.61592301697,1.4694684531141117e-5,-1406.356898540274,759.7207144265208,-7312.308301420658,8.02228263558497e-8,4.0039434575259795e-9,-3109.999952744747,-50.671499485839306,-64822.0
t218,15390.322797702063,2.4737189288206224e-5,-2.9629700726562214e-5,142.055110799757,-1511.6419276661254,9.143669250329744e-8,3.9858785250549255e-9,-2483.4761702143273,-28.25980579897827,-11509.0,1286.2525125514373,7.671410897199325e-5,-1.674553240661311e-5,9.63627724134628,-69.99609524904277,7.024342512858792e-8,4.375022121579085e-9,-139.11713788402992,-15.775616697909982,-1071.0,74.3216471205424,5.197854341379079e-5,-1.136549097950364e-5,7.300132795469317,-53.02995194164625,6.995164454863053e-8,4.371696250873837e-9,786.1602936740111,-4.752162332416919,-810.0,2920.6687861850337,5.143440871707089e-5,-1.1196438062920781e-5,14.450624308707829,-104.96578505977823,7.120289440188731e-8,4.372721626278799e-9,-1169.2402480326068,-54.91341769747488,-1606.0,655.2087381438662,5.322481739289991e-5,-1.1361905864756726e-5,1.669015621045667,-12.123551842612375,6.888174534727781e-8,4.3786050227454805e-9,-457.66500446013583,-3.089239395024125,-184.0,2294.805259610921,6.303892310609204e-5,-1.727642553022042e-5,8.83092119308395,-64.14381585693336,7.036742570836107e-8,4.3816079994853935e-9,-1227.1411034655755,-19.35130731563781,-993.0,754.6696485172646,1.781188007976143e-5,-1.581061780576661e-5,16.335274079476758,-118.65749932435935,7.158755652093448e-8,4.378123814308064e-9,1177.827618551043,-63.17504389441478,-1767.0,3667.7645195070895,1.434781617233711e-5,-1.8394848073093177e-5,58.5242095695274,-425.0952230054452,7.44595234980416e-8,4.354011595267663e-9,3471.2616639171797,-11.455166011418408,-6761.0,647.8544384977021,1.4682746444964742e-5,-1.593821646686588e-5,19.943489921452088,-144.8628404149602,7.210005455376002e-8,4.371421568106459e-9,1599.1986506531496,-24.133737474621984,-2098.0,15521.087004535706,1.7410427009730307e-5,-6.65164188588899e-5,174.4230111807914,-1314.8927338913115,9.216600229702511e-8,3.975129608801388e-9,1552.191374537616,-16.80860733951687,-15916.0,69810.50683437982,1.549065791355482e-5,-1264.3959785391196,436.9108632719352,-5111.350298062615,8.070704697048865e-8,3.9934640800288e-9,-3109.9999372763236,-50.67149934717156,-60711.0
t219,12382.992820843992,2.3685651634570465e-5,-2.7319045013498805e-5,63.64788523330439,-727.024022650204,8.310730239322831e-8,4.0705098984742776e-9,-876.2773969811577,-11.33928292094184,-10832.0,1286.25291928073,9.427351437757453e-5,-1.805060191223481e-5,4.427227814753604,-54.69823580960571,7.912884063990611e-8,4.175530960668997e-9,-190.0688013821724,-15.913186205469568,-1030.0,74.54752666688158,7.040304015765137e-5,-1.2116369009668115e-5,3.354161304229722,-41.441754983980886,7.702382377454184e-8,4.174703987475896e-9,748.8489895599221,-5.3089809119712115,-780.0,2915.3687912889322,7.04746207965177e-5,-1.1934686133116972e-5,6.639067626590236,-82.02533473866795,8.295217306506008e-8,4.166141271577918e-9,-1237.538262490495,-56.44432027325136,-1546.0,655.1283675797607,7.133932221889976e-5,-1.2171350392700868e-5,0.7667673223602361,-9.47311286317066,7.027410483106449e-8,4.1786609501851785e-9,-467.268021538015,-3.154059740187985,-176.0,2294.817088641739,7.881503853053937e-5,-1.9749189089663896e-5,4.057027616872823,-50.123479313782525,7.874052426758553e-8,4.176201774783974e-9,-1285.5515995606331,-7.199096529842042,-956.0,754.6696503152758,1.791105119643215e-5,-1.896347836889793e-5,7.505099790474958,-92.72612428539571,8.402555808422084e-8,4.173028483989147e-9,1074.9461692123457,-45.394794063175695,-1699.0,3591.535025508053,1.646637286891555e-5,-2.1434636706113185e-5,26.88722734641972,-332.1875527979717,9.170660457947075e-8,4.118744707759988e-9,3236.4455778122965,-10.680272991111522,-6512.0,647.8544286675374,1.763372026079615e-5,-1.790327122799246e-5,9.162537056012997,-113.20220769198262,8.581946472966359e-8,4.162277555059466e-9,1484.2516756050404,-13.06643345343696,-2015.0000000000002,15522.035997193017,2.4234276232439312e-5,-1.1668726041820226e-5,80.41662466108288,-1015.690978391459,9.26706450484435e-8,3.981929826973298e-9,622.2116048088396,-9.973260917308265,-15199.0,65028.01506770814,1.6070388739273295e-5,-1177.1338313415745,190.02979895078718,-2794.2396170791544,8.172510549656427e-8,3.9895961081969305e-9,-3109.9999350459707,-50.67149935388754,-58086.0
t220,10616.182337394219,2.1905803974083527e-5,-2.477474465219686e-5,79.61773255602616,-323.8849734867836,7.391965624404904e-8,4.308485364553967e-9,134.26645455914365,-1.1815482198605542,-10505.0,1249.045595866461,5.5353687278458954e-5,-1.8680695665588263e-5,5.622882830415924,-46.0851220141094,6.88103843689694e-8,4.3018779699267464e-9,-177.70359333553643,-15.879800085928691,-1014.9999999999999,94.85093097871567,4.095807314306319e-5,-1.1898443178596689e-5,4.26002907446146,-35.65020945621358,6.870470709528137e-8,4.2910662827739156e-9,709.9408937781917,-5.401673502339852,-768.0,2945.159491303169,4.067546592501883e-5,-1.1426676581590348e-5,8.432142382567397,-66.41541969803525,6.900747212203431e-8,4.292617266151324e-9,-1307.242675587732,-56.93356783113368,-1523.0,633.3388206762772,4.1644785067249615e-5,-1.2023583525935554e-5,0.9738008098601432,-8.651522730332518,6.935157655602849e-8,4.3077082704105e-9,-448.6328560968108,-3.028272348752343,-174.0,2285.7638451427615,4.7111231477222444e-5,-1.8482059330629927e-5,5.153018696934436,-42.349924853484524,6.910562669584462e-8,4.299451232366053e-9,-1299.858106725284,-7.708860958709347,-941.0,754.6664559689091,1.2026715459904014e-5,-2.1889313033020007e-5,9.532625048650761,-74.03445185532043,6.961210453624807e-8,4.3093737342380775e-9,1025.2898188148552,-43.45443817947567,-1672.0,3584.999915945427,1.0754928052645721e-5,-2.4142420235044608e-5,34.143091887769295,-238.76766630738962,7.012580698768892e-8,4.306950401904496e-9,3045.6754030787934,-10.050731284687615,-6416.0,647.854408089614,1.2039156337591926e-5,-1.987679259912222e-5,11.636785701579822,-88.56297541111009,6.927678465866804e-8,4.299149728932937e-9,1418.766452835469,-7.694663444681683,-1982.0,15547.460302058253,1.5592468747594487e-5,-0.00014084853603130585,102.78305222891204,-677.5911714045172,9.200343253834657e-8,3.974105458579275e-9,9.498131004052613,-14.150188708225864,-14968.0,62537.04149158363,1.669040129130342e-5,-1325.8994767506285,213.9894129371862,-1664.4600229171792,8.19795920483398e-8,3.981640420191313e-9,-3109.9999223251425,-50.67149922095791,-56600.0
t221,10628.084256029164,2.3463766465375376e-5,-2.2375876248455876e-5,48.34036807032704,-582.2935598670499,7.403631194694962e-8,4.307999180583258e-9,217.78544993218654,-1.9165153077142654,-10310.0,1222.3878022153353,8.901012941972216e-5,-1.7172858011754416e-5,3.5835248395654737,-24.67895387802439,6.82919833788819e-8,4.2916909435774765e-9,-170.4322775223599,-15.8601675590095,-1014.9999999999999,58.63895998997791,7.428124220768936e-5,-1.0503406248141666e-5,2.7134313470121634,-17.684310397623854,6.845821216825507e-8,4.286978473185809e-9,729.5860430319705,-5.254187818021695,-768.0,2933.7608920474245,7.412487332898228e-5,-1.002054012906403e-5,5.374088562543525,-40.77031373998552,6.886007761935585e-8,4.2903026689149236e-9,-1318.4620185059582,-56.9027125495385,-1523.0,643.534032611791,7.554962719726136e-5,-1.0572741824548786e-5,0.620818163986366,-3.3817581895978135,6.921200314353952e-8,4.305189074453116e-9,-463.6435630084212,-3.129594622322804,-174.0,2293.228801285104,7.38963905439041e-5,-1.6702375686700804e-5,3.285079476886572,-22.430929923884047,6.901223615729602e-8,4.298059196053377e-9,-1323.9718493185876,-8.11115878137937,-942.0,754.6664543124655,1.1668103440228802e-5,-2.1597746661517232e-5,6.074020618229261,-47.41615366257257,6.931175757232714e-8,4.303060972115619e-9,1001.6534883062343,-42.977799712094075,-1672.0,3584.999897115575,1.0962381006817267e-5,-2.3060311191986635e-5,21.768364555204887,-209.7622944074769,6.982647143653526e-8,4.300961784241718e-9,3035.0095789240377,-10.015534158545547,-6422.0,647.8544093226536,1.2829900126763157e-5,-1.798967616996565e-5,7.417513380601532,-60.44866130697211,6.89810839495477e-8,4.2929543867294425e-9,1394.7802136725984,-7.6034699776782295,-1982.0,15615.449057627518,1.7160737995696477e-5,-8.95278764007095e-5,64.4500416024333,-692.4304411539005,9.199969629149102e-8,4.0852017833296815e-9,7.694856888720292,-14.163442686493099,-14981.0,61759.31103972711,1.6776506029061325e-5,-1209.421769452838,149.23195437751394,-1014.4498199114252,8.201864711653092e-8,3.986385183489434e-9,-3109.9999224004205,-50.67149921839484,-56524.0
t222,10382.286085743724,2.7060797874034052e-5,-2.4993364310760185e-5,165.61142459654445,-21.58669872248308,8.302323238073923e-8,4.070526990284672e-9,70.30789945948297,-0.6187132603908125,-10596.0,1386.3504141008718,0.000256995513686782,-1.4905955170601842e-5,12.564559915795344,-5.473036626115559,6.879647355700434e-8,4.301278025829757e-9,-311.2019339705239,-16.240245574592784,-1066.0,56.924130993944416,0.0002405577405880038,-8.091410610351031e-6,9.517421937993774,-4.428377985488384,6.872515972872915e-8,4.292101744014598e-9,751.1869100611569,-6.200317541416771,-807.0,2914.929036777245,0.00023997838776347894,-7.79371191091978e-6,18.84205335565747,-7.138685527442499,6.89616624590347e-8,4.292104115249558e-9,-1268.2155997953953,-58.41703705202396,-1600.0,688.4244092965911,0.0002444962129408179,-8.190564439877937e-6,2.17634090755956,-1.1702120957195987,6.925124438202744e-8,4.306689711371104e-9,-503.0352857221262,-3.395488760333364,-183.0,2305.539999192951,0.00017029407797484902,-1.6008156263374476e-5,11.515330589064376,-5.078670495187809,6.920066946805826e-8,4.302387745628464e-9,-1315.385665258514,-7.591148382256095,-989.0,754.6664468996083,1.0856708501519932e-5,-2.25323068398188e-5,21.29864014691669,-7.790314448837006,6.961348615588522e-8,4.3100164717628255e-9,1033.0850640405379,-45.259825027814465,-1756.0,3584.9998990559566,1.1108146052674474e-5,-2.3163379770855336e-5,76.31210357202806,-14.449417143387045,7.008309065970951e-8,4.306033922046619e-9,3104.3818892276677,-10.24446272511617,-6741.0,647.8544037493045,1.3548453295000643e-5,-1.7252636791718934e-5,26.00468421854522,-8.764462553506386,6.914909314945921e-8,4.2966566844546294e-9,1425.249673721031,-7.344295497832215,-2083.0,15532.055826416312,1.3880422735614496e-5,-5.745195064989493e-5,232.72153640308935,-16.09294891300065,7.603430456706013e-8,4.286368757191348e-9,123.62697145567626,-13.311341856867456,-15859.0,63751.260560243136,1.0405101731651143e-5,-1137.6183555033251,520.9967200653753,-881.9675128788119,7.466976177447708e-8,4.232142560882717e-9,-3109.999923218993,-50.67149923837404,-59092.0
t223,9657.423136157186,1.4560903593999323e-5,-0.00013359973936226857,338.26029644773024,-829.3639173134382,9.090748878098888e-8,3.985028616258006e-9,2354.1123101026383,-24.431706431995423,-11496.0,2541.315594535363,5.182505978978402e-5,-5.118545695640978e-5,35.97699179908326,-9.837956053285879,6.812365711777087e-8,4.29731095374785e-9,-1400.6728043299515,-3.7818266542401466,-1163.0,57.61514993996981,4.615968776918129e-5,-4.325294431154489e-6,27.245620360531774,-7.452422745285431,6.79169500617674e-8,4.285282539210848e-9,810.1782816868281,-6.586671140964498,-881.0,9738.190594387956,4.526136284046062e-5,-4.17590130939308e-6,53.952787255606715,-14.753138945176625,6.820459194387755e-8,4.2846413246335336e-9,-7943.116592607303,-89.27369126184672,-1745.0,1523.9146578975117,4.60896887622293e-5,-4.405844538834467e-6,6.2323507504023326,-1.7040067098145113,6.841759799046997e-8,4.296487331479705e-9,-1320.5294690652304,-8.913574621782534,-199.0,2940.7118169459964,2.6040671002911036e-5,-4.0295175855961195e-5,32.97760277303363,-9.016169252020939,6.855931092385015e-8,4.293642311052084e-9,-1802.2357166376794,-84.43751964542825,-1078.0,754.66641134585,4.780222204611474e-6,-0.07436617452432541,43.49331851321357,-102.9556966574307,6.906045095243541e-8,4.3057060059422475e-9,1330.640993685015,-105.77066555213635,-1920.0,1708.093879205247,4.768548439375048e-6,-89.16305794260893,161.25400758809462,-374.28871332309063,6.971307976975415e-8,4.305832379527798e-9,5952.742931358824,-21.63905172298509,-7337.0,351.70256803334763,7.3768539850479165e-6,-0.0017738042065407484,53.31934082075362,-125.91586471082944,6.898122493929697e-8,4.299099986821757e-9,2020.5759371482275,-18.680214929989607,-2281.0,20731.34056181734,1.42148093079716e-5,-4893.617558634663,556.2144385018847,-566.3511269566162,9.124383372378393e-8,3.970405524778462e-9,1544.1632715267115,-16.749600547196028,-17355.0,66143.45294204602,1.6214675956707164e-5,-1172.0678247063172,1608.8570402017358,-1310.9327586722281,7.988483614724183e-8,3.999678548618857e-9,-1545.8591428680797,-27.45027225641884,-63696.0
t224,10071.143790360858,2.1639625014145884e-5,-4.078985680544677e-5,654.7596396762816,-654.7595995818425,9.142528201603124e-8,3.987407305797605e-9,3002.7868329473677,-31.93064434451509,-13042.0,3562.532868675491,4.827873431255946e-6,-394.5757170073981,52.812594862492155,-37.527259745184466,7.585692903977799e-8,4.156075596747401e-9,-1868.331500876265,-17.910990811229517,-1297.0,47.833821649890545,4.201871936260413e-6,-0.03587424015320128,39.56938724337907,-30.735832884265164,7.366854643413095e-8,4.153147899891957e-9,935.7544736019463,-11.385979645065412,-981.0,13191.84427651353,4.126735972227715e-6,-256.76275569524097,80.52552879722205,-50.82968662261794,7.944648710349102e-8,4.139892571013243e-9,-10914.725887524557,-105.05147968585426,-1945.0,1913.8551983198363,4.2019769513809e-6,-219.0108217480421,8.838362980192889,-8.185681351055802,6.627102982983034e-8,4.158431626391738e-9,-1462.6970715465525,-10.79999092219572,-222.0,3945.386449471928,2.7293166450776435e-5,-654.4096434979817,57.2363907986238,-11.38828546038758,7.918370633213771e-8,4.1689360377785085e-9,-2049.999938908349,-85.82499975898861,-1201.0,754.6632353799215,8.398441176585264e-6,-0.00017020380336506326,81.07041132154437,-81.0702876707471,8.505271369734555e-8,4.161550154934682e-9,1496.292964477182,-107.95616178370719,-2143.0,1728.4358845257661,8.759375661732006e-6,-0.00020542801198826283,295.7645410208206,-295.76449890568875,9.125541497298315e-8,4.096474411544056e-9,6452.85870659751,-21.29443666005833,-8160.0,351.7026139645241,1.0390408338353392e-5,-6.780148204831951e-5,98.83629930062511,-98.83621655696001,8.682269007750616e-8,4.1525527170960206e-9,2216.6341124035575,-19.336751787492094,-2549.0,24587.224964604902,1.4142191821715966e-5,-5936.385895162979,961.6027199688218,-672.7175543281409,9.052029008533341e-8,3.9797879458335534e-9,281.4272600886518,-12.151509393899259,-19209.0,68060.78205928316,1.62064418543929e-5,-1260.3062941511437,2705.490615018129,-2410.294945847285,7.82526246520817e-8,4.027792345697425e-9,1910.0000487395087,-50.67149929336709,-68955.0
t225,11046.862792697964,2.4886798876915692e-5,-2.8627884894854144e-5,775.0719380345679,-405.07889641709204,9.131143451434416e-8,3.9816894440114026e-9,3216.8577350530095,-34.7135657023267,-14599.0,4128.328542306803,26.298273795911356,-412.5011948451956,53.969838356124654,-44.15594200132426,7.632431475033052e-8,4.1566740017747846e-9,-2336.028526548308,-17.910991139515502,-1398.0,44.78413267420706,0.013357424759040394,-0.021305144010520687,40.81180986810414,-32.66239981995915,7.40822962579888e-8,4.15406250320092e-9,1016.4603860188108,-11.385981095382075,-1058.0,14483.384952568296,28.68907928204277,-1788.6261013310973,82.0039381053208,-63.41376081473908,7.992296537273342e-8,4.1392596878329135e-9,-10539.986628392706,-105.05147948274711,-2097.0,2127.3598466625995,29.427721164293757,-458.82546230571927,9.316356595690799,-7.03325482782876,6.635721407000918e-8,4.159167306710463e-9,-1450.445217760919,-10.799989596334683,-239.0,4496.917328778038,0.0001096521688853928,-1123.7412442351265,61.22825776138779,-3.5795054307983762,7.949151611095405e-8,4.166353442247405e-9,-2049.9999468350056,-85.82499978570712,-1295.0,754.6632383408121,8.900783857835577e-6,-8.170586452639629e-5,85.37398381572109,-85.37400035065554,8.566300554092229e-8,4.160444518469285e-9,1663.527801953622,-107.19095103753682,-2311.0,1896.4486243068181,9.943463875996137e-6,-5.529301203527276e-5,309.76875342072714,-309.7685003934513,9.136371043934976e-8,4.094035933740461e-9,6920.0724077848245,-22.521239859615388,-8794.0,410.6264432974585,1.1056561269455473e-5,-4.4771481306826455e-5,104.11212194655924,-104.11214160414767,8.740581225441614e-8,4.150695597772917e-9,2369.5417506009976,-29.168140613444205,-2751.0,26996.460411993346,1.4020456322510302e-5,-5854.621131128846,988.3292772759073,-857.656762274788,8.991025695251874e-8,3.9659599697032315e-9,-719.999811906957,-19.51199805838074,-20533.0,73858.25132127866,1.6550750562154646e-5,-1011.0465336114995,2807.312349843637,-3543.8457049107583,7.7217926178554e-8,4.0515292350127125e-9,1910.0000500326305,-50.67149928498562,-73970.0
t226,12171.491653150291,2.7010921200234367e-5,-2.7921231378394162e-5,700.5733496721822,-484.20893529825827,9.091128383380442e-8,3.967437914101721e-9,3216.8574960734677,-34.71356277908006,-15570.0,4184.781588012993,31.194780444438052,-359.6639469453061,48.11408584834089,-35.279893180113525,7.102066980275694e-8,4.110760574284314e-9,-2378.2356230427927,-17.910991207805786,-1473.0,39.60773016683868,0.014181640926157625,-0.019517932114184934,36.38019258473159,-26.85138011039606,6.995251993934012e-8,4.103703762279989e-9,1077.254776553304,-11.385982973085072,-1115.0,15413.654751172178,31.248799485709583,-2694.4867649453477,72.93634870452932,-50.06393334426882,7.274073593678454e-8,4.094247469245937e-9,-10459.237725630219,-105.05147551755427,-2209.0,2198.9267081296666,32.66087003488807,-516.0057604700668,8.240698236380364,-6.471599175443434,6.603913948935758e-8,4.112652562287839e-9,-1453.5509285219355,-10.799988298360775,-253.0,4806.974730923845,4.858604931804986e-6,-1166.7020000725856,39.65307484764566,-84.8703357030949,7.073681743310936e-8,4.111725411426751e-9,-2146.2304794411684,-85.82499547608097,-1363.0,754.6632429289053,7.449621133591038e-6,-4.946365467068242e-5,77.17183423863017,-70.89112463471982,7.775603035336871e-8,4.123887767821249e-9,1780.772200691719,-106.71611129487418,-2435.0,2298.283193369896,8.04432114659017e-6,-4.4875157894191e-5,290.2192031884664,-204.11678499034542,8.28318945910547e-8,4.06341018059099e-9,6899.085296233442,-22.4708710527552,-9261.0,647.8543188782646,9.464045275259883e-6,-3.1873536362884816e-5,94.4419899138649,-87.93824531645451,7.883977930494175e-8,4.1144023819226565e-9,2273.284891074207,-28.642932219581343,-2899.0,27658.17851313914,1.4171483120028341e-5,-5260.164102454116,871.8450734928774,-869.3475459238716,8.959281506324352e-8,3.970452502263256e-9,-719.9999536458241,-19.511998859865344,-21661.0,77204.41950996227,1.6785163005326684e-5,-477.364359840441,2552.4238864449776,-2980.807603765185,7.699338704803818e-8,4.070020610084858e-9,1910.0000496558002,-50.67149928247817,-78158.0
t227,13070.947064900638,2.7947569876882305e-5,-2.8114683536640462e-5,816.8144559108067,-526.905302186981,9.106923777323351e-8,3.976279572832726e-9,3216.857342207346,-34.713560743523864,-16543.0,4215.808985441343,40.06774382571957,-342.110426233914,52.28935762354261,-48.706488634764106,7.717683604157962e-8,4.151753861397895e-9,-2347.4381808087096,-17.910991287800897,-1552.0,39.24945890608826,0.015409223802288104,-0.019246074356521644,39.728824688700556,-35.69149756680072,7.485362780358431e-8,4.149577733780933e-9,1143.103034059746,-11.38598331218928,-1175.0,15557.118091054946,37.07983292544156,-2600.0072858819776,78.40401733202975,-75.93388255713323,8.073858841559198e-8,4.132577920756231e-9,-10565.609297202547,-105.05147578211461,-2326.0,2212.420099364902,38.80360778736416,-511.3219177187141,9.142770884964614,-7.750728344834114,6.660862451616884e-8,4.156104763266391e-9,-1464.493843797281,-10.799988242700232,-266.0,4873.553987307051,0.00047385697904182345,-1166.701250192626,41.7756749381586,-101.24219638566679,7.650033316492855e-8,4.146744312170965e-9,-2125.56169406333,-85.82499552918524,-1436.0,754.6632419447994,1.0697510158106246e-5,-4.855288443098151e-5,85.06735233868692,-91.34777335181776,8.669022027141174e-8,4.1545096759688314e-9,1925.7461837010567,-106.12896686467649,-2568.0,3271.356108348644,1.1397898872296209e-5,-4.544099357060461e-5,304.1822208665137,-390.2835120217229,9.149750916861696e-8,4.083239170147332e-9,6581.453772088501,-21.70855533120831,-9745.0,647.8543373754212,1.2986047086214514e-5,-3.1943702016934854e-5,103.90611047228671,-110.40955561799065,8.81615387251885e-8,4.143685999270355e-9,2445.9425998434817,-27.29347320390795,-3060.0,28445.74874920913,1.4187215549358312e-5,-4348.091400895858,989.161293652293,-852.1167090154047,8.952237273340529e-8,3.972654961558718e-9,-1319.9999460163665,-9.702001196777392,-22905.0,79593.59162852331,4.8214476702429114e-5,-2.4765735382769515e-5,3007.7815415860564,-1925.5117221328594,7.732609961488996e-8,4.082463023734342e-9,2510.000029988101,-40.861501527199366,-83145.0
t228,14082.330333714623,2.719058609848224e-5,-2.8554540395289814e-5,997.3497431801228,-637.2623795095336,9.109660126738539e-8,3.97717387855697e-9,3134.2216001941933,-33.63929627890204,-17543.0,4239.618130573629,42.290878613215185,-330.3415447889802,62.737635416816694,-60.57821371296747,7.776478346937255e-8,4.146857178409851e-9,-2317.8158946670565,-17.910991510476126,-1618.0,39.62835751737938,0.014660959384137452,-0.019624365754364676,47.82229655126159,-43.80538619272797,7.540286902877786e-8,4.1440719719825005e-9,1192.7456792111059,-11.385983756466699,-1225.0,15388.396044331927,38.943732507163546,-2209.6257588582616,93.3830153207116,-98.2156843381652,8.134187371423053e-8,4.127103367419454e-9,-10681.829873152868,-105.05147588482505,-2426.0,2210.842928989658,40.64152813748521,-490.3448935922358,11.085329619007684,-9.131961482951775,6.69274577134782e-8,4.15176087626757e-9,-1474.2929430265576,-10.799988709648238,-278.0,4875.207420911983,0.0005943920319664396,-1166.7011253044761,51.6456848648123,-97.52063037091827,7.708074726126417e-8,4.142399397312617e-9,-2078.8069496442663,-85.8249949450453,-1498.0,754.6632427693063,1.1339136675922019e-5,-4.08306731780313e-5,110.81425465810855,-63.077113207858346,8.730247256664646e-8,4.150228005777639e-9,1982.5238773023252,-105.92423209933378,-2679.0,3618.8231157253495,1.1668343210452551e-5,-4.3134606766635726e-5,380.6145417667474,-359.3186961841713,9.1569051458441e-8,4.077560293653247e-9,6536.4513622036875,-21.570292134197594,-10155.0,647.8543630867277,1.3450783447352391e-5,-2.962166120393312e-5,134.69711247648974,-79.25641566305559,8.855246981121124e-8,4.139198815955633e-9,2516.803064899241,-26.098108717399608,-3194.0,28763.708624798433,1.4422578050713427e-5,-3687.9630790847314,1219.6216871988663,-869.6652914948643,8.941735817056999e-8,3.967082157410108e-9,-1319.9999548808732,-9.702001040932302,-24096.0,86024.11697978711,3.536812668534648e-5,-2.95518522299394e-5,3514.091310809001,-3567.346826662205,7.710126492162156e-8,4.086533953384496e-9,2510.0000315610696,-40.861501320104615,-88440.0
t229,15028.318825297769,2.396841977081827e-5,-2.752177556300591e-5,1114.5852785973768,-793.8021302772498,9.09459248293705e-8,3.898920030938239e-9,2961.2892049345573,-31.391175037432937,-18279.0,4204.217029164598,47.22987185109038,-317.14754223041575,68.0393632686446,-76.72563638361999,7.795925432026309e-8,4.145692417016758e-9,-2256.7020942249114,-17.910991521002448,-1651.0,39.078132528715535,0.016490531743240815,-0.017310342973453005,52.02904512442662,-54.69123151397664,7.558037940431545e-8,4.142890807459741e-9,1224.9708573126372,-11.385983716031845,-1250.0,15115.13426401955,40.6459216790506,-1754.544498251225,100.46981016278401,-130.0085256308711,8.152890355434462e-8,4.124908299943255e-9,-10791.64550102166,-105.0514710361029,-2475.0,2157.6457206967148,43.361181817918876,-429.9732434463475,12.170592434620838,-10.868879030257945,6.703779042706419e-8,4.151636667488084e-9,-1477.5353839675765,-10.799988570642606,-284.0,4847.658805415107,0.00043565939780982585,-1166.7012553563802,61.121239108829236,-70.16637570824192,7.72945407361449e-8,4.138749426065611e-9,-2059.0878589041913,-85.82499028967914,-1527.0,754.6600425716463,1.1571898046518302e-5,-4.02460985993502e-5,119.40309936195032,-89.73130858469345,8.749871156746994e-8,4.146854267518117e-9,2055.286364007383,-105.61816876630547,-2734.0,3621.4854277947065,1.1826827849545337e-5,-4.223691774206831e-5,449.3946733387212,-250.87803279189552,9.157682663944377e-8,4.074640461243663e-9,6551.618304995518,-21.620343017266375,-10350.0,647.8543636411845,1.3382300004570963e-5,-2.9994475187563483e-5,145.62801114082615,-109.79451598669368,8.868783175198434e-8,4.13555821342927e-9,2601.806031194811,-23.49387346664919,-3262.0,28837.16284498326,1.4487716112310979e-5,-3123.6407806701814,1353.6426180631006,-949.4627613192985,8.925655446222509e-8,3.960592001329442e-9,-1319.9999345428143,-9.702001080504298,-24788.0,90869.87578092319,2.669786754280911e-5,-3.565096089554018e-5,3870.1397635413773,-4899.154044436045,7.66913612103426e-8,4.094236989457297e-9,2510.0000102162444,-40.8615013527359,-92310.0
t230,15906.01214107967,2.632906403980596e-5,-2.9024174729822034e-5,1088.3098285493186,-1068.229160941372,9.158067772554519e-8,3.978607783890267e-9,2806.2832922643206,-29.37609838409636,-18703.0,4153.329950818079,45.24922565864776,-320.3174675733815,65.0311093347098,-85.18766149886726,7.83852425280917e-8,4.147355187126315e-9,-2177.1941653102313,-17.910991503390967,-1663.0,52.15615846431832,0.01557796601497025,-0.01799620653163349,49.590698618217154,-62.117617125138345,7.597678385885304e-8,4.145349663804664e-9,1230.7591606096785,-11.385982401637651,-1259.0,14766.86431391009,42.19684463127815,-1288.8949912619348,96.98508011113167,-134.40334801980163,8.196860844507394e-8,4.129322846379735e-9,-10883.696419654154,-105.05147978060147,-2494.0,2109.4149395324403,45.358067570589135,-377.22290310417407,11.631315301664237,-12.512868391180438,6.733291150634067e-8,4.1561892798023555e-9,-1479.8685620243411,-10.799988951283165,-286.0,4803.998589270277,8.612548858927e-5,-1158.7570178415262,65.95046562193181,-37.367175679274396,8.208011593662533e-8,4.160081092176329e-9,-2049.999947808001,-85.82499977985229,-1538.0,754.6600423678327,1.1849462379435507e-5,-3.9604243968694804e-5,111.1427004245767,-128.2345458687727,8.78143253841599e-8,4.153722893795732e-9,2123.773183415004,-105.34135266906927,-2756.0,3827.085182997494,1.1983411839401277e-5,-4.143815838283517e-5,422.26845857589007,-356.61308958321587,9.166294192688052e-8,4.079340222907201e-9,6550.87737524378,-21.617897865285816,-10422.0,647.854363767691,1.316159711534954e-5,-3.101161669816002e-5,134.76552646957825,-160.48145305780284,8.89402470386571e-8,4.1421000472328e-9,2689.066006719439,-21.204426137925108,-3290.0,28979.543309230485,1.4537428471895757e-5,-2540.8106693710374,1318.512770915845,-927.733578158801,8.924782045758182e-8,3.961592632155231e-9,-1919.9998484238745,-19.511998806347695,-24890.0,91739.39282293277,6.568305438225266e-5,-2.0824436267605635e-5,4152.142799921551,-3725.8640937394985,7.692783411771379e-8,4.110789462692622e-9,3109.9999249683783,-50.67149907908446,-95225.0
t231,16592.55100254443,1.9621044028402764e-5,-2.4153535579400678e-5,1230.4208153858237,-1204.9849998149502,6.814843345050349e-8,4.2507436687107374e-9,2695.9550170033917,-27.941830632726,-19286.0,4158.995128025316,36.32871958280943,-323.65553452432323,73.47314156594683,-77.3668048065138,6.342497912230044e-8,4.3056881768941585e-9,-2178.863658577217,-17.91099132442426,-1671.0,58.914599446145054,0.012970948976923836,-0.016977218863218697,55.37482722496497,-60.13728261686594,6.324686470871243e-8,4.297773925524902e-9,1222.2378444958579,-11.385982340940444,-1265.0,14195.880740042867,40.082611324620714,-750.890086027929,110.72412665250263,-110.94035041053567,6.378188605629293e-8,4.296137378593464e-9,-10874.805562256919,-105.0514794095532,-2505.0,2076.7525539757685,40.05978742477155,-339.4276395624724,12.52809392270374,-14.544196452140648,6.30478387088892e-8,4.3043555482963116e-9,-1478.5686109122069,-10.799988456886183,-286.0,4768.717494106521,2.0961194279765318e-5,-1102.5547650532233,69.56719843970964,-54.90499561284581,6.663909557552031e-8,4.315115016932201e-9,-2049.9999530956,-85.82499980709743,-1545.0,754.6600433117201,1.0419335401483855e-5,-3.358164790623775e-5,116.40702208429023,-176.72428940521857,6.798130051711859e-8,4.327755375995063e-9,2180.7706567134896,-105.11340957059384,-2770.0,4223.059141061753,9.495333500276402e-6,-3.3097154675974406e-5,416.84463681065915,-702.3136984053274,6.916661400792295e-8,4.31865338373274e-9,6547.0150966124265,-21.605152539224004,-10463.0,647.8543673895049,1.0749477660749407e-5,-2.6562530240553082e-5,144.27142659252212,-209.82991388328273,6.816906218675212e-8,4.320621812337168e-9,2746.259095975593,-19.554960326978954,-3309.0,28736.9391620823,1.468045230473952e-5,-1623.19694632885,1357.9192733438051,-1457.149640659349,8.918937623413242e-8,3.949059674388514e-9,-1919.9998642388014,-19.51199894788693,-25075.0,91756.12269694287,9.694855968932911e-5,-1.4935296100013783e-5,5133.501232919033,-1841.952450951642,7.736679146115957e-8,4.112883278611377e-9,3109.9999382799847,-50.671499235383834,-98107.0
t232,17709.792063075096,1.8448583413284822e-5,-2.3638308881331933e-5,1614.9858086328543,-1746.8000884161422,6.882108839344342e-8,4.253064169839712e-9,2456.855763222369,-24.83354139423269,-20010.0,4094.0455002162334,32.682114665917354,-338.8119587568534,93.10044573157181,-120.1564938679714,6.311200870410743e-8,4.301908671011863e-9,-2045.9486167166424,-17.91099133007934,-1697.0,46.33210196192536,0.011733679474901438,-0.019112617130906152,70.25445480808392,-91.61168677037634,6.291339056401988e-8,4.29226270293611e-9,1271.4184918754418,-11.385982997088714,-1285.0,14229.8802786408,41.32106776197014,-523.2211677143364,138.2450691786287,-176.63852908179214,6.347532855556455e-8,4.29163331350694e-9,-11059.535238546356,-105.05148035887336,-2545.0,2040.1784779318102,40.801824290771094,-298.66553065399165,15.918330328692244,-20.498488624394753,6.271700179143389e-8,4.298963670459287e-9,-1475.9346245789495,-10.799988753350142,-291.0,4676.961644960828,2.045509231272317e-5,-986.2808031135008,90.69773472090985,-76.55364460800368,6.67011001178836e-8,4.317130979198846e-9,-2049.9999526723773,-85.8249998047833,-1569.0,754.6600444096209,1.0831939960594196e-5,-2.8430573232786238e-5,162.5357167435969,-162.53415446916264,6.769319524867036e-8,4.3256396141950135e-9,2169.173710376097,-105.83529948225342,-2818.0,4986.538387920025,9.671426274328094e-6,-2.835623658229468e-5,588.3400281799053,-588.3385187373888,6.883336711066405e-8,4.3133395082387265e-9,5647.09554127684,-18.635420015964936,-10615.0,647.8543873037863,1.082180426883759e-5,-2.330162445923411e-5,200.9847527363561,-200.98444864606486,6.787569202109424e-8,4.315623812970707e-9,2731.719776981929,-11.574455961427711,-3368.0,27710.854159736547,1.9223391087503306e-5,-6.490307588860206e-5,1550.08319257605,-2843.144409260974,8.91251508563625e-8,3.944008277269114e-9,-754.8447878910157,-10.948109548278614,-25652.0,91734.882881633,2161.224218930066,-1.4424865091573874e-5,6982.809448960601,-2174.2449725313154,7.71250560085116e-8,4.1174115379382635e-9,3109.9999366726615,-50.671499219023275,-101764.0
t233,18898.681135453393,1.7180012008686043e-5,-2.3131297626158158e-5,2049.6057922668306,-2193.4988501952744,7.843103815197985e-8,4.222188083715511e-9,1826.1298596814552,-16.91793135488053,-20564.0,4017.3196187568756,31.15999518648912,-340.5364709681187,113.96973355279759,-159.06921309557217,6.477696816681143e-8,4.259456282717482e-9,-1913.9326723738861,-17.91099111792724,-1731.0,42.077519239687724,0.010005909845565788,-0.02236225656195625,84.38986648546103,-124.01381115415427,6.458880324670857e-8,4.252565189272381e-9,1318.9447638838346,-11.385982169128555,-1310.0,14187.248938723493,42.66168245451973,-221.06715786600878,168.86810946504556,-223.89903537932733,6.492145567242514e-8,4.24981593284251e-9,-11252.76105700018,-105.0514806195375,-2596.0,1905.2378315135963,42.7636534749404,-165.47246718443992,17.059438572304032,-29.537444276779873,6.51811077445422e-8,4.264222079767154e-9,-1462.2510225304288,-10.799989630354128,-297.0,4555.793661227196,1.682877670549379e-5,-762.5791626095184,94.40569122585288,-151.7952526433026,6.837474735402185e-8,4.270943269109755e-9,-2049.9999542645783,-85.82499980350711,-1600.0,754.6600473432947,1.1080883003808886e-5,-2.4933577339916058e-5,207.05763781760479,-207.059380528124,6.956338806464306e-8,4.286839975076667e-9,2222.1702494096753,-99.82854018758796,-2877.0,4836.509249272944,9.83701401718104e-6,-2.3756693000903974e-5,744.1719372563097,-744.1736337281063,6.998454911118808e-8,4.287363430081753e-9,5996.564400935183,-21.071939878473916,-10812.0,647.8543912103515,1.093645051257108e-5,-2.050114885232685e-5,259.61015177186596,-259.6106044765627,6.90658838351418e-8,4.269993762123621e-9,2805.135398755781,-10.989327762336838,-3442.0,27793.34159781378,1.5752953877624424e-5,-3.484985469653776e-5,2026.8291604103892,-2971.360832110722,6.955615365969248e-8,4.2338282074007435e-9,-599.9999063845634,-9.810000663638313,-26239.0,92126.25977903383,4075.344571793467,-8.501061231349425e-6,9411.148132512926,-3412.0809156878495,7.118779348445978e-8,4.243552264322849e-9,3109.9999398877067,-50.671499252018855,-105260.0
t234,18782.293211971984,3.579405104871277e-5,-1.3760369766965428e-5,2691.580456967262,-2107.7936051726165,7.891166248981885e-8,4.221128480070435e-9,1599.999917224553,-14.080003060247206,-20952.0,3831.7450007814455,5.234107325658131e-5,-1.977326040376578e-5,153.0929037179932,-153.09288418341913,6.823099743484079e-8,4.2742018292308735e-9,-2070.155632153837,-15.589420791218819,-1746.0,40.539867228988236,3.8575938616136904e-5,-1.3031488060860379e-5,115.762918574798,-115.76289907957513,6.805963841041283e-8,4.2657412934183424e-9,1285.371785706305,-3.9116980399231704,-1322.0,13168.26496973435,3.9197263249488056e-5,-1.3014035612570418e-5,216.30927074418764,-216.30925120172137,6.834901994010743e-8,4.263303465212668e-9,-10455.374006563416,-93.89100892258597,-2619.0,1600.6640670482384,4.061763841907422e-5,-1.3309341428840344e-5,24.871912026702358,-24.871891395716318,6.856273114357273e-8,4.278394290051293e-9,-1291.9434956936855,-8.720619359309772,-300.0,4521.795091458858,3.65440950728157e-5,-2.2178402174964433e-5,132.0204104904406,-132.02041462392071,6.863881949228165e-8,4.273077005222338e-9,-2827.898489234319,-81.8966125363294,-1612.0,754.656848502523,4.9086558527374867e-5,-9.892245506254621e-6,245.26625000330907,-239.80377011501665,6.950447842838012e-8,4.285732943075089e-9,2240.5567962568866,-97.67616388158193,-2903.0,4481.894886113149,4.52299041920979e-5,-9.170241726987609e-6,883.578045082638,-876.049063028258,6.988060657323355e-8,4.28503423299792e-9,6421.811579333652,-21.23548362002188,-10890.0,647.8544112773918,4.443309663223311e-5,-9.804050157415047e-6,311.2282475700949,-311.227981681539,6.8823762965416e-8,4.2674782131580394e-9,2842.48578514297,-12.340497003644561,-3478.0,26653.733670122416,2.7052316404877038e-5,-1.7204868643593937e-5,2667.6118925669584,-2667.6118895427435,7.475766888989107e-8,4.20669073595326e-9,-254.8604011874917,-1.8732817030319604,-26397.0,91229.4232307706,5132.999725754208,-8.245099358423534e-6,12263.560115082762,-4460.127623470096,7.450731767814123e-8,4.181663372490922e-9,2510.0061611683827,-40.86160145833653,-106635.0
t235,17998.884058947457,3.618974344877148e-5,-1.3807273774107407e-5,2395.5981518200656,-487.4828760111795,7.896850039023246e-8,4.221301438981172e-9,0.0006539137534862265,-1.1161294295769094e-5,-19907.0,3255.6763425061295,0.0074498953398219,-1.3918258448678943e-5,155.8776032755645,-6.467514157024214,7.612235681531587e-8,4.205872274249744e-9,-1740.3948034807686,-14.699064194684114,-1650.0,40.78308593037607,0.0017055493199697382,-9.822544132910701e-6,117.65136858404802,-5.8595146832198255,7.49561698157338e-8,4.20577849939189e-9,1101.1359513338568,-3.7125869660139132,-1250.0,9268.032618132262,1506.291918179724,-9.774801268672452e-6,181.36704543163407,-181.36686017001867,7.80765874232853e-8,4.1914499813058385e-9,-8218.697921732008,-81.62679010398959,-2474.0,1297.0348522804213,597.7626549187148,-1.0045897693662504e-5,20.912818297427876,-20.912661887139414,7.040726992289111e-8,4.215295672944196e-9,-1599.997668786841,-10.799984845721685,-284.0,4159.990076804763,0.00021930964404772755,-1.5158319674203297e-5,111.10253967374231,-111.10221049924583,7.592627185701628e-8,4.202033227151845e-9,-2578.1311638753073,-56.85944632996796,-1525.0,754.6568422587457,6.218174798086768e-5,-1.110863050929438e-5,204.79549166442928,-210.25769635658324,7.876038960685737e-8,4.197030910817303e-9,2088.5247119473574,-94.71940066347152,-2743.0,4489.921324072893,5.849949263533052e-5,-1.1093897608705673e-5,740.6931787817426,-748.2217771911896,8.319844448715493e-8,4.134940801659766e-9,5842.883741739613,-21.27651488488517,-10304.0,647.8544173179591,7.646060520038947e-5,-1.0196675964609989e-5,308.2345111716567,-47.78764684914098,7.982622466628634e-8,4.18296576789349e-9,2389.956965068954,-15.258313053603784,-3283.0,22730.807417770826,621.2674380942143,-1.3561320774700643e-5,2355.3503680126064,-1306.4983500408675,7.016864017989623e-8,4.242486923755548e-9,540.0424534804016,-3.9693137965286436,-24937.0,89325.5327988403,4272.307122739908,-7.920734585205458e-6,10082.926706308392,-4474.835967679914,7.137672820470671e-8,4.24783969806932e-9,2174.6770803909876,-34.607732604778334,-101346.0
t236,17974.628646868903,3.946871828976379e-5,-1.3694948689513293e-5,1432.7602774325223,-374.50971914100575,7.92599414211822e-8,4.222065642485117e-9,-759.9992391607991,-9.87999182113706,-18263.0,1944.0102923237607,618.4460783745585,-1.4021230944166299e-5,88.53460645389788,-0.00011122706551513275,8.216117492186784e-8,4.165157949879136e-9,-1108.9965591605537,-2.9942928214095703,-1539.0,48.23354083697622,0.04874635570101705,-9.635278039362015e-6,67.07686075276679,-0.00010933691627518033,7.972185125729704e-8,4.167160445231573e-9,1052.9017130012742,-3.2607420544428662,-1165.0,2919.1327911361045,4275.470388820136,-8.116117993576064e-6,132.7661057109103,-5.654461240911441e-5,8.621268204216635e-8,4.149761241698831e-9,-4969.662495615012,-49.70672556684422,-2308.0,788.9339610454114,1053.9121362723954,-8.269147659691418e-6,15.333835210186141,-5.303878698112017e-5,7.095923788948745e-8,4.179653409259126e-9,-1583.4913044280322,-10.688566864194854,-264.0,2298.770506725516,6.854156051609544,-1.456741036579133e-5,81.13075396060547,-4.756125054509109e-5,8.168289062554316e-8,4.163859944527427e-9,-933.9318315906353,-29.82352310104589,-1423.0,754.6568432973847,0.06227516992834384,-9.632704282626476e-6,150.08562023325337,-4.801233704159277e-5,8.734359438058127e-8,4.156857628585508e-9,1714.7140016120404,-65.51868275732993,-2554.0,4580.307511289631,75.46567395509753,-9.531420419875246e-6,537.6785987774546,-5.35476933939331e-5,9.213464940370757e-8,4.085876681810544e-9,4451.23736471225,-14.689085741165107,-9630.0,747.999740235395,0.0005536993650029731,-9.543113417577211e-6,183.22914538155882,-5.528923319851816e-5,8.882308772004614e-8,4.137725691446006e-9,2137.228391661902,-15.457766235294976,-3053.0,15931.685104387634,4957.247289066593,-1.6525918367079427e-5,1558.052809009838,-27.1745085575768,7.551581484873947e-8,4.247586830727143e-9,599.9993145111038,-9.809991942972044,-23010.0,87705.01412317844,1055.9620011762227,-1.1107318033687163e-5,5837.562205787024,-752.7289698429773,7.522321671260118e-8,4.214784268571828e-9,-599.9993555435391,-9.809993633497276,-93236.0
t237,18610.278785081016,2.97677543353881e-5,-1.645172762420553e-5,1131.4753000857334,-421.0244185947142,7.926379013937789e-8,4.2193044925963736e-9,-1697.3874539978042,-21.3422259252077,-17602.0,1879.7747607788876,0.0006187936380639247,-1.4009803429940532e-5,71.635293986326,-1.3588464696011104,6.932889946273168e-8,4.2801128147404335e-9,-429.6622223585548,-10.389590785345321,-1510.0,64.52838334486339,0.00042893922334856136,-8.708234028830524e-6,54.27018624156856,-1.001316912830272,8.047172575706756e-8,4.228230194627242e-9,1028.9805761765524,-2.778249159604987,-1144.0,2929.6024797612363,4200.265158696406,-8.376192512772905e-6,107.42442744762488,-2.0510139984376567,8.091757585383162e-8,4.232624619597551e-9,-4921.1128141797235,-48.12822936259512,-2266.0,833.1349505368056,942.012247764426,-8.696471399568922e-6,12.407282814014293,-0.22915366988197092,8.176292745554654e-8,4.246497565215258e-9,-1517.0849945590273,-10.240324270066232,-260.0,2314.3585539757723,0.00029079531954212876,-1.348550930269095e-5,65.64714718822378,-0.00021911805377446836,8.134870194418012e-8,4.238664412062779e-9,-953.7334068778529,-29.27235255823276,-1397.0,754.6568426899502,5.741468113422515e-5,-8.716245388130731e-6,121.43582167455206,-0.00024114998345087818,7.018887701095728e-8,4.288981339091052e-9,1708.3012325733264,-79.39370454695928,-2505.0,5105.539452184955,5.720256531022968e-5,-8.131933526636705e-6,435.0580960676316,-0.0002772926541166881,7.042454587041495e-8,4.2848704223786e-9,3934.992508634437,-13.589828725308726,-9462.0,747.9990089028087,7.611632238332372e-5,-7.990113561968912e-6,148.2569847883349,-0.0001990879333741166,8.049020705796765e-8,4.232327974984492e-9,2126.029561839957,-30.285424646701372,-2992.0,16617.84530771118,2868.1404228853958,-1.8575346840481487e-5,1280.5309373356672,-7.408675945907326e-5,9.168201794980358e-8,3.935659487410259e-9,1919.9953910276085,-19.511966370383735,-22667.0,86632.43660669561,0.00010253469207811227,-1.9373373074518987e-5,4383.795555846325,-984.4925218424537,7.815178206769899e-8,4.07319529563283e-9,-1199.3183782789192,-17.42134569886302,-88815.0
t238,19092.193843929428,2.7873145935374603e-5,-1.673778625413315e-5,931.2655576758934,-309.45272998389845,7.899273175707215e-8,4.218079550014748e-9,-2235.925323588743,-26.081359198871592,-17452.0,1677.6782194364996,0.0016160352409390337,-1.4223183060271202e-5,58.171077443629564,-0.9328328739752318,7.588415252899888e-8,4.203834015759997e-9,-248.6767882253813,-11.241277668357744,-1475.0,141.1544189908163,0.0013306213135732949,-9.818420800388363e-6,44.06729068973476,-0.7291150108620595,7.474605365683475e-8,4.202921188553803e-9,935.0306688844739,-2.5245844329269223,-1117.0,2935.8965618700136,1599.2926771571156,-9.653908927958554e-6,87.23385409481573,-1.3866427519701217,7.789087866901104e-8,4.193554837266197e-9,-2381.986276870919,-26.050163884293376,-2213.0,820.999644162881,274.06155281479505,-9.818973689204238e-6,10.07554735452458,-0.16839941575405248,7.052658673250601e-8,4.215905479725562e-9,-846.2561058281326,-5.712229341105052,-253.0,2291.5668484409503,0.0002912936824231996,-1.529501455456537e-5,53.3104223276967,-2.1044912980607733,7.570174468046816e-8,4.2059805760598365e-9,-963.4630797281965,-14.309975817185116,-1365.0,754.656850206078,5.6272459469633116e-5,-1.1338899109154447e-5,98.60997483274163,-3.8817577655732634,7.851651319870155e-8,4.200534229421428e-9,1650.7592297672197,-55.14434205179153,-2445.0,7643.824275632861,6.07795052310511e-5,-1.1151098352518374e-5,353.29520912935664,-13.93741569402828,8.333657948561019e-8,4.139247313491742e-9,1273.950573482443,-5.132692255694861,-9252.0,647.854545328446,6.910944908517061e-5,-1.0581758468887823e-5,120.39316318701641,-4.747043347977332,7.958186418326521e-8,4.1826452478780935e-9,2182.9212850426884,-30.422008817825883,-2916.0,17783.090507254405,1102.3251193192752,-1.2200698609837628e-5,1027.0966911299533,-6.457756171654607e-5,7.819831069990085e-8,4.1990814145877035e-9,1919.9997573697224,-19.511998348837835,-21813.0,87494.90167025152,6.685925108667229e-5,-1.0128109802717508e-5,3515.3681480373534,-4617.389237207051,7.070524492682623e-8,4.243495300885055e-9,-1286.353940305175,-18.526697429965793,-85088.0
t239,18945.194227735068,2.2416072672791464e-5,-2.01142935595283e-5,660.6217117236672,-1251.3105048139732,7.90918001210618e-8,4.219319596407265e-9,-1854.7781742182167,-22.727262763674556,-16477.0,1475.5815008300215,0.00021684445708106614,-1.4004961351136763e-5,40.0277921417489,-3.0787190835473384,6.924506079083006e-8,4.275132991545874e-9,-138.15774923262305,-0.3730275601676322,-1374.0,221.55054363736295,0.00015514326171660694,-8.401692309388272e-6,30.321030017640496,-2.3247484667933804,8.072041891607919e-8,4.226412962166244e-9,793.9410255034819,-3.4879975120341826,-1040.0,2995.89696459789,0.00010933818684744872,-8.35492719059775e-6,60.02632640653728,-4.618129771645811,8.092475698731683e-8,4.229310369753621e-9,-978.3631027207804,-11.942159607823431,-2061.0,753.7998607189343,0.00011701298509226962,-9.143449954258218e-6,6.933230797934883,-0.5341018720566928,8.188246275100619e-8,4.245336156349408e-9,-520.684476799894,-3.5146207948685038,-236.0,2268.7751065467405,8.326024251618361e-5,-1.458490505430802e-5,36.684628436544415,-2.827461752240123,8.147312070171062e-8,4.236868173323872e-9,-1021.4859529953458,-9.146388991567012,-1272.0,754.6536552251096,2.361693963768188e-5,-1.0858986745663326e-5,67.85299276699573,-5.215040730403954,6.995272861584954e-8,4.286756135038334e-9,1486.4666374992107,-29.758257586234446,-2274.0,8846.39523060319,1.830117096752515e-5,-1.1400896518373732e-5,243.11045494667195,-18.723988911701444,7.019270703203053e-8,4.283331251633933e-9,-441.63929278517827,-1.1424108142625904,-8628.0,647.8544299197175,2.323554875274837e-5,-1.0172263687653998e-5,82.844478703039,-6.377455703587101,7.990028053069635e-8,4.222134719934433e-9,2008.6311880816136,-21.952654140930257,-2711.0,18591.425238221324,3.647890321064681e-5,-2.3350963332543793e-5,698.6818457746444,-48.11062291258802,6.879606397905048e-8,4.220227164166117e-9,758.408883128446,-6.4053573838780755,-19994.0,87575.21072607786,0.00019455735481883947,-1.0015402068663777e-5,2404.017205253915,-11943.379385723914,7.034138871338324e-8,4.237117823169852e-9,-92.33898546071399,-1.5097446840939739,-77942.0
t240,16006.167346461332,2.4210013991345965e-5,-1.9753523753855263e-5,470.68505857290086,-1565.8521147219876,7.904488317940965e-8,4.219651781581665e-9,-0.00028897528412502105,-5.944501437899032e-6,-14911.0,1283.0860282309054,7.803149593305324e-5,-1.668626372655573e-5,28.970181999319465,-152.88759246626222,6.916472720152879e-8,4.2774724592105495e-9,117.91295540884094,-15.081634585190852,-1262.0,168.7691659960186,5.667049098755727e-5,-1.0389748298371421e-5,21.943945182314195,-114.41770362862343,6.887562183777137e-8,4.267818927989831e-9,882.0861857585032,-2.38163965678761,-956.0,3006.1465579469295,9.154891403851901e-5,-9.321907013963955e-6,43.44431625543794,-5.2164589104144845,6.91548303992022e-8,4.269064191421876e-9,-1099.6149921283527,-50.75950548671666,-1894.0,686.603119291038,9.650719213103985e-5,-9.981833930571326e-6,5.01803151469732,-0.6033214119311697,6.938302746534011e-8,4.2842722948351335e-9,-471.8330423391732,-3.1848736486041576,-216.0,2253.225582558046,6.84197485656795e-5,-1.662556729171092e-5,26.55131170614048,-3.1939212197669855,6.92591168351823e-8,4.276662226433952e-9,-1101.4150969655825,-6.167927941758527,-1169.0,754.6536498798215,1.7933139032789804e-5,-1.3256881407466373e-5,49.10822812307635,-5.890820250782322,6.985536425495619e-8,4.287193275956885e-9,1326.988643295998,-36.8597057906793,-2088.0,7401.934239221934,1.730980752906668e-5,-1.2275645032580883e-5,175.95488193020594,-21.14949440542727,7.014935233048859e-8,4.284571885402032e-9,383.5260064711074,-1.2656383124201136,-7939.0,647.8544186236933,1.803167774299801e-5,-1.2091423053278535e-5,59.959543101306394,-267.650606610714,6.913290152188592e-8,4.263785505674166e-9,2059.8812995291973,-13.044660650004603,-2487.0,17781.88703925914,2.657955449692949e-5,-2.5895417956511247e-5,503.0508551749976,-1102.5643752781511,7.794536428820644e-8,4.196692081815577e-9,1012.4681214106164,-12.84164129933568,-18182.0,82252.67065474215,1.9082208818024105e-5,-2.0373410157814392e-5,1686.9468370746076,-10196.94620158013,7.046334614263442e-8,4.249577096167016e-9,-3109.9997914658697,-50.671497603612636,-70582.0
t241,12625.361591464185,2.4727526482296692e-5,-2.0582195393396735e-5,246.38931629046525,-1453.1542831184452,7.90420279210642e-8,4.21697442313549e-9,1918.4803020761253,-18.076930898777427,-13319.0,1282.8422471496315,4.1217230520788624e-5,-2.0816588267292245e-5,15.700938661464534,-89.3594087452459,6.898534000793614e-8,4.2749818257236e-9,-30.70090480128751,-15.482892732580973,-1163.0,218.23123837708576,2.8601892474954785e-5,-1.2127144933135857e-5,11.893552472269757,-67.69980253906338,8.074084169823296e-8,4.224041778995299e-9,722.82032129732,-4.2453261612285305,-881.0,3042.823191927283,3.517073883103675e-5,-1.0726362280864176e-5,23.545378486981576,-134.00291156691583,8.10435302890738e-8,4.228129458704582e-9,-1134.0433969700978,-53.32228639626904,-1745.0,654.3689751409158,3.6942185350319375e-5,-1.1830107217017205e-5,2.7195421283391563,-15.47730471291552,8.190980861748668e-8,4.24386983169849e-9,-439.64364255397334,-2.967595195019027,-199.0,2253.2529924364567,4.162870181001633e-5,-1.851396672527771e-5,14.389502270131683,-81.88773483159753,8.14130383343434e-8,4.234955183768314e-9,-1091.1048639011808,-16.649919168492,-1078.0,754.6536471809941,1.1549205866410701e-5,-2.2297663182427485e-5,26.615471422900153,-151.48221903701912,6.971821694625382e-8,4.285847020718111e-9,1318.4162757355195,-27.20316462174579,-1921.0,7932.4460999776675,1.0822128518322228e-5,-2.1397477655698843e-5,95.36006278489815,-622.3349352751285,6.998921995130317e-8,4.2833872130815905e-9,-79.28093926725423,-0.19027770078153225,-7326.0,647.8543763571952,1.177702614230192e-5,-1.9171766242006822e-5,32.49577215518223,-184.93690462279392,7.981410830574827e-8,4.216138098233846e-9,1797.2933722623827,-8.706608832679583,-2284.0,17721.134359512966,1.523042671836199e-5,-7.357813023908012e-5,272.78953810561205,-1578.406282883076,7.786818054197419e-8,4.195149143860435e-9,127.76338265703014,-13.280939097676594,-16530.0,75456.88047912726,8.638515048831248e-6,-1891.5984251033074,790.5930522652671,-6774.203709478262,6.992407837773098e-8,4.246546672342746e-9,-3109.999906534584,-50.671498955438004,-64421.00000000001
t242,13159.21132920397,2.2273437967250355e-5,-2.2268469916207394e-5,149.20930950731483,-1134.8469783349033,7.892834011055714e-8,4.217485954861784e-9,39.77637473811213,-0.35003519345712103,-12213.0,1282.8427532367587,5.042570687357142e-5,-1.9484279885488102e-5,9.898759621694527,-71.17590135366656,6.901358117262295e-8,4.2759742302632876e-9,-105.87976684983069,-15.685875657963585,-1100.0,246.64417446022415,3.7585248641489024e-5,-1.0905630514150852e-5,7.498999411333162,-53.923182703996055,8.080789303434614e-8,4.22479238887488e-9,636.9930702254653,-5.213088151415867,-832.0,3050.1550267174384,4.725020024758393e-5,-1.0040318426846972e-5,14.84424133054656,-106.73562522345206,8.10883823021367e-8,4.229002557763386e-9,-1250.6223579764192,-56.641322177113246,-1651.0,654.2886391947154,5.084241856075226e-5,-1.067189476469395e-5,1.7144786673024501,-12.327193022274653,8.19538643218347e-8,4.24485849318387e-9,-452.62077424599437,-3.0551908447861944,-188.0,2253.253140606029,4.0652137253623516e-5,-1.9175276167925844e-5,9.071453071339468,-65.22565334414062,8.140712865970764e-8,4.235687148797017e-9,-1170.417337581241,-6.6816243093243735,-1020.0,754.653643789254,1.1075219787147366e-5,-2.3679624819869988e-5,16.780237407623737,-120.65804360462504,6.972078849443606e-8,4.286728500531994e-9,1206.10843267685,-41.88425773248194,-1815.0,4242.099526631522,1.0793551849506697e-5,-2.125821303712422e-5,60.11828290985186,-352.6235527335407,7.00011263736486e-8,4.28458781628503e-9,3002.3133903438998,-9.907636746549233,-6942.0,647.8543657548039,1.1771346027751411e-5,-1.9238792392208656e-5,20.48671628499095,-147.3059812143751,7.983083162570753e-8,4.216878482838849e-9,1644.0543576549862,-10.089451088311272,-2155.0,17015.433407358913,1.5055080179943101e-5,-0.00010091062288697444,170.84791545614624,-1272.1239165716863,7.789930553517713e-8,4.195567731401579e-9,-439.7054853656246,-17.4518350741669,-15457.0,70778.13083972184,9.021011250718707e-6,-2628.3897839496576,442.356702268233,-5411.426364540017,6.992055491129448e-8,4.248634367927851e-9,-3109.999903620204,-50.67149894959856,-60020.0
t243,14706.852661036264,1.254436601389592e-5,-0.00022061592576634606,66.85568830704128,-905.9761655966911,7.847752982122102e-8,4.216997610177632e-9,-2340.728350737458,-27.003625006078778,-11500.0,1282.5969151999168,2.5586920872060815e-5,-3.159676271830753e-5,4.534214586607906,-55.87928110424081,6.88203183260559e-8,4.276376008123384e-9,-161.41601941691198,-15.835823316554285,-1054.0,258.2279055134754,1.7507050804624187e-5,-1.7185033699886244e-5,3.43498093133531,-42.33748796628615,8.060696929807489e-8,4.224965614019807e-9,584.5505362847414,-5.875935163765737,-798.0,3086.0980524297984,1.9052279843361943e-5,-1.5234962657509932e-5,6.80026829946381,-83.7942983224372,8.088455136829863e-8,4.229331990696881e-9,-1370.4020136646016,-58.70201258011309,-1580.0,654.2829870143613,2.036407945276037e-5,-1.6348682297393965e-5,0.7844127528057914,-9.68065943470204,8.173872558085344e-8,4.245247223316562e-9,-461.27315000968383,-3.113594418323051,-181.0,1359.442119512252,2.1981877295861423e-5,-3.154574868052505e-5,4.1550267172809425,-51.20585594636438,8.11921109746588e-8,4.235966333537115e-9,-323.1578475427528,-12.23343325623781,-977.0,754.6504390917222,7.433116052376608e-6,-0.002549998165291797,7.687390250107347,-94.72552636139115,6.951642806907347e-8,4.28697507899507e-9,1126.991236403725,-57.600996883972954,-1737.0,3353.1032217414518,7.136443640732565e-6,-0.008062548985597722,27.543786481101186,-339.3387977109328,6.979581242305309e-8,4.2850141263535925e-9,3625.6645406022335,-11.96469576120735,-6655.0,351.7025705317938,7.750950402848366e-6,-0.00021729469636138783,9.383560496755583,-115.64195456163458,7.961063322517148e-8,4.2171425651448785e-9,1829.7686230551783,-14.212590053651281,-2061.0,16322.441542070908,1.264880862495968e-5,-1087.9045913454954,59.90971312243341,-1121.6389575550063,7.778950061981801e-8,4.195959382170926e-9,600.0022982401501,-9.810017235339771,-14763.0,66216.74723145034,8.999004634342846e-6,-2953.3897259509718,185.95712954922632,-3028.643292469774,6.998908073314793e-8,4.251502340805071e-9,-3109.9998532146205,-50.671498382282365,-57260.0
t244,15555.356053302596,1.2443951985440674e-5,-357.90601344929,56.43647463886847,-852.3157469421949,7.834119031704063e-8,4.217657069180967e-9,-3216.8572191329813,-34.71356090901642,-11150.0,1232.692965039301,3.0167905200266575e-5,-2.789808689479892e-5,5.7269433783299135,-50.58526414465299,6.887084371098117e-8,4.277817788096213e-9,-142.05110858637804,-15.783538022342755,-1030.0,270.0530895440069,2.1843787793079175e-5,-1.3836323992429488e-5,4.3394155794546245,-38.92809584916708,8.066681873288941e-8,4.226375052964571e-9,550.429324967337,-5.893742327643922,-780.0,3076.307889602321,2.391127049048223e-5,-1.255153591514785e-5,8.588177152184176,-74.37264502492214,8.09388386680735e-8,4.23078369801838e-9,-1406.6855983849664,-58.83783475980084,-1545.0,628.7854316273689,2.5322498690011567e-5,-1.3560824078419641e-5,0.9921542401776338,-9.126334781135427,8.179922614411608e-8,4.246786351049255e-9,-441.6699898463386,-2.9812730819595084,-176.0,1266.1521024961726,2.452349181134319e-5,-2.738711946271176e-5,5.235610513914676,-46.963559916725586,8.12580263040816e-8,4.23741027492309e-9,-245.0120858081819,-24.41206450120261,-955.0,754.6504357935959,7.509192131198071e-6,-0.001904247337756898,9.685796281459899,-83.76113587055148,6.95598196762978e-8,4.2882338290045325e-9,1082.0857491593981,-65.65894869107355,-1697.0,2931.732093609642,7.22229830792771e-6,-3.7901027003789225,34.73257218734364,-266.48131345695737,6.985703736426286e-8,4.286620189286259e-9,3825.430667020449,-12.62392394247657,-6509.0,351.70257041758765,7.825470688204525e-6,-0.00019601753040353388,11.05062187237467,-102.04588374749204,7.964479006263927e-8,4.2184926760522924e-9,1774.6009277312123,-22.308048157206077,-2013.0,15573.58767039386,1.2362095122132111e-5,-1732.9345773196903,76.62536758076389,-758.8341337900534,7.77319167965102e-8,4.197641249119783e-9,1329.7291704922195,-15.173509771350249,-14473.0,62872.85950071076,9.376833402999726e-6,-2653.663407672658,215.736222235794,-1396.260988894179,7.016029479558456e-8,4.2562811752141555e-9,-3109.9998376117696,-50.67149820040972,-55878.0
t245,15560.788554505987,1.301669112570614e-5,-651.1136410042328,31.456318891852824,-727.5605075737908,6.830389556031931e-8,4.249130280035996e-9,-3216.857177350148,-34.713560460117684,-10962.0,1242.9868144753123,4.05347784876985e-5,-2.5492337551256077e-5,3.619290871068651,-21.248445308402914,6.881630798351216e-8,4.2774388792378685e-9,-184.45963404734388,-15.8980410983697,-1025.0,256.29454137402183,3.36815897208746e-5,-1.1734611932893048e-5,2.740513808195302,-15.358984027257145,6.860522102548123e-8,4.266720839622086e-9,538.589830302254,-6.265923471407817,-776.0,3022.195412901846,3.783456403040404e-5,-1.0766065569023205e-5,5.427773801323756,-33.54664229808947,6.883107650975888e-8,4.269683281189544e-9,-1397.3405203753043,-59.73605115738731,-1537.0,649.8695415768364,3.9107535096173564e-5,-1.156331151596904e-5,0.6269467541116168,-3.2541601336217023,6.917313982564037e-8,4.285580523796245e-9,-469.0760915246924,-3.166264285061549,-175.0,1275.1337621209375,3.0001213720581505e-5,-2.4678873044719475e-5,3.245424736602451,-19.138495948266822,6.891821546087936e-8,4.275540801501285e-9,-283.61246982258945,-24.62822647674249,-951.0,754.6504321073558,7.64223027837985e-6,-0.0011719224990271145,6.014498920034599,-39.0701453303239,6.974103277117706e-8,4.294246097128808e-9,1033.591989064091,-67.18561054810073,-1688.0,3106.8510921261995,7.288757016422789e-6,-0.7085414236716615,21.768186516646434,-184.47854260489925,6.978017022632822e-8,4.284560281693737e-9,3546.270493471185,-11.702695434151304,-6478.0,351.70257149844645,7.5941644867613016e-6,-0.00016725008675605235,6.542877338309509,-48.636876660087935,6.868090608599639e-8,4.26064651565159e-9,1719.107136835654,-27.715549423091552,-2001.0,15322.388792349677,1.271732137830106e-5,-2233.9529207122205,43.350099405730504,-469.76743716593126,6.869511800615207e-8,4.227793107456921e-9,1823.7862828900809,-18.8048295277786,-14467.0,62961.550470182585,1.1019969650645724e-5,-2630.9445140887265,145.19284262976396,-1486.127472118067,6.949828294209802e-8,4.236773687745098e-9,-3109.9998394431864,-50.67149822020369,-55829.0
t246,14138.663148771506,1.655513705266495e-5,-0.0002869245360557211,134.19208505140952,-134.19135902577446,9.157607491567152e-8,3.9856048087549605e-9,-2861.0808769293335,-31.58272752630946,-11246.0,1371.3880908553724,6.094072360912048e-5,-2.4635352605135977e-5,12.687295872158877,-6.707217612080009,6.892131109806778e-8,4.2790596050393206e-9,-291.1820140050525,-16.186191481326293,-1070.0,278.8660644955608,5.220206802479405e-5,-1.0254380429278186e-5,9.610425065516504,-5.221031793988241,8.075916993526971e-8,4.2282000590514445e-9,533.8281234932455,-7.08362328681628,-810.0,3025.7726861082024,6.09134344207264e-5,-9.394255139161223e-6,19.026111394885312,-9.862373288735748,8.101875193931808e-8,4.232149866283712e-9,-1368.7765369263916,-61.159938900378364,-1605.0,683.9573633022385,6.28012418789995e-5,-1.0204700585074841e-5,2.1975890057177265,-1.218969530129256,8.19181651846978e-8,4.248123361564459e-9,-497.57738743940746,-3.358648015316515,-184.0,1285.9288473659726,3.3921397547205194e-5,-2.41252318002056e-5,11.627772713529064,-6.381591057250095,8.137613549521528e-8,4.239677503883753e-9,-278.69750698761607,-19.47753191011312,-993.0,754.6504338506326,7.710736098046602e-6,-0.0008824584000392696,21.50669990537621,-10.96755290010916,6.965255603089873e-8,4.290740025817502e-9,1063.2858395740238,-64.47454574596073,-1764.0,2830.5453640329215,7.545298405090187e-6,-0.45597845165035217,77.05689169325085,-26.67983085314425,6.995768169697357e-8,4.287892590336117e-9,3897.3949520747256,-12.86140610030852,-6765.0,351.7025724115008,7.896847243549535e-6,-0.00016284014533027888,25.042245999810685,-14.096903869409138,7.97487499271873e-8,4.219928827003815e-9,1750.6529222076813,-20.30068188134112,-2093.0,15863.299918037435,1.2193541880794129e-5,-1660.6622705832854,185.3120116827726,-208.16017251774687,7.778088292127385e-8,4.197501439214007e-9,1162.152321059686,-13.941819930089238,-15328.0,64683.38538031374,9.241943631223553e-6,-2621.364168484819,507.95231601764857,-893.3022028359703,7.008541782518038e-8,4.254200247456592e-9,-3109.9998361215617,-50.67149818181452,-58516.0
t247,13224.318816410136,1.2157577574312164e-5,-0.0002043784622239772,373.417147497915,-373.41778379619325,7.763395421992672e-8,4.215170215570832e-9,-1051.7761962010045,-13.541791728203352,-12159.0,1908.8446219714467,7.231377996023794e-5,-2.7682750562945485e-5,35.861250151824514,-10.092427283341568,6.8719481027056e-8,4.280299014723448e-9,-757.1691327675532,-17.444356767645697,-1160.0,241.32114739923648,6.513658066862472e-5,-1.0611404455779593e-5,27.15813246313147,-7.64517708313323,8.03931477636393e-8,4.229812446971647e-9,628.272459368328,-10.106616749448797,-879.0,5819.422710954346,9.019752161978968e-5,-9.599056164911046e-6,53.77919353235927,-15.134891944512038,8.073965885438463e-8,4.2336063027362765e-9,-4034.594527478454,-82.47256577132009,-1741.0,1036.8504210306387,9.469890677899966e-5,-1.0135349990869789e-5,6.2122785979457085,-1.747869216198814,8.160281983393538e-8,4.248692897323773e-9,-836.6674093432712,-5.6475057113116485,-199.0,2076.19380901297,3.5488795495251976e-5,-2.824660502159945e-5,32.87139067102681,-8.650917147498637,8.097079784861492e-8,4.239239450684723e-9,-984.7117059561499,-39.702583873345276,-1076.0,754.6504330501209,7.0837841336680885e-6,-0.0009266993772887609,60.78647209073086,-16.315886674079785,6.950912010335607e-8,4.290531347708888e-9,1198.0997848439356,-81.21988381192081,-1916.0,2176.2456271954134,6.85683355115198e-6,-11.214724238155977,217.8264731835304,-60.39384826463522,6.995652630783791e-8,4.290781277411815e-9,5009.066387637822,-16.529922433234702,-7315.0,351.7025713030183,7.200184383689974e-6,-0.00020704793384857456,55.728265523136855,-122.68854236153344,7.968335838931293e-8,4.227037639218226e-9,2021.2736178290563,-30.015712526757795,-2276.0,17629.9560855095,1.2393369832728073e-5,-2986.9209721229436,546.0986305007953,-339.8414831260892,6.814931903967721e-8,4.226868286273668e-9,1918.2065452510174,-19.498818441225854,-16748.0,68517.4787360646,1.003440221127262e-5,-2449.93845420529,1546.0062315853677,-1344.8752019524054,6.898170563422005e-8,4.242290933115336e-9,-3109.999823183726,-50.67149835174193,-63108.0
t248,12535.581987698091,1.1360279893469209e-5,-9.666277834041683e-5,672.0755361738538,-672.0759273700021,7.744513062002826e-8,4.214257318479292e-9,1220.8272780099007,-25.40878931322878,-13731.0,3022.998689866926,2.2765717013116686e-5,-239.9998152457556,61.73210706942365,-5.460613100140498,6.801119330369571e-8,4.280028621573585e-9,-1534.8430246727612,-7.427366740617093,-1297.0,136.7129741989766,1.884839798359469e-5,-2.3927598065567362e-5,46.761358365559474,-4.1347540866945955,6.767106784138037e-8,4.266386327208736e-9,807.8118523622563,-5.1514258253164344,-982.0,10901.380042553023,2.0440234775452843e-5,-2.0942748698902585e-5,92.57458007454106,-8.189092013823554,6.803170297460196e-8,4.268442305538792e-9,-8968.283847733539,-71.48168243365188,-1946.0,1654.9399421073365,2.0694055974820176e-5,-2.1946407433345376e-5,10.692732940923174,-0.9460047212364737,6.824100543303685e-8,4.281817655939381e-9,-1433.0138250329355,-9.67284410763188,-222.0,3030.865792848744,2.591416751880354e-5,-5.425588039046225e-5,56.57671159916676,-5.005805408106846,6.843148001249685e-8,4.277479188722998e-9,-1796.0338808813995,-84.40278988568438,-1202.0,754.6471898073904,5.322782687774289e-6,-0.07435583818813225,80.30461965515127,-184.50569464802393,6.89843114249879e-8,4.2907721866307855e-9,1595.489684766008,-99.86144913148817,-2146.0,2115.566732862746,7.224885440872086e-6,-89.16148147069929,268.3193762188433,-641.6811947087082,6.951552585331994e-8,4.290025140414924e-9,6527.739401211039,-21.782841396338792,-8159.000000000001,351.70257144952956,7.463482364720972e-6,-0.0003251378738256216,103.95341185176689,-105.66908124882096,6.85123855182781e-8,4.271679962927881e-9,2230.2590197499,-26.245604194381666,-2554.0,21857.593136522584,1.3732066523145255e-5,-4954.039100362614,918.2743376463166,-691.2270778104029,8.287990094285877e-8,4.015866733033275e-9,1621.7183203495767,-17.31963014080019,-18735.0,71303.84445024621,1.6138123649662006e-5,-2137.2330939514277,2644.3351914601553,-2715.295806913387,7.789940855043315e-8,4.061704120046003e-9,-271.6709781280451,-13.979778970728097,-68810.0
t249,11938.58007787279,3.1179118323886856e-5,-2.383904185138042e-5,769.4473400446834,-583.1717348511607,6.724466909459311e-8,4.239127031121594e-9,3216.857876599092,-34.713567012609595,-15307.0,3592.0526747580875,1.3528234094305016e-5,-241.9952294903323,66.00937595803119,-12.125030281891734,7.393420770412036e-8,4.202512592516528e-9,-1968.626511894622,-15.31529265203071,-1420.0,68.5002614830887,1.1058508662532311e-5,-0.010557470760980594,49.94869235757464,-9.452293627666934,7.282428787319989e-8,4.1946157526814396e-9,968.6291921895056,-2.615306061802107,-1075.0,14130.124015234442,1.116525015141066e-5,-685.0927986031448,98.45780230142235,-29.31026478455443,7.574680635594745e-8,4.183570522002266e-9,-11290.21871010493,-94.9600552824083,-2129.0,1929.4909142285755,1.1283767362699381e-5,-667.7884668676346,11.372324340167772,-3.4073562634530705,6.88017264960283e-8,4.200541989115717e-9,-1019.7838844257114,-6.8835423632431345,-243.0,3450.3269295241507,2.1923528268633732e-5,-42.930008456530445,60.1799602890609,-17.75193571720025,7.42308324255859e-8,4.19391392702173e-9,-2049.999967888156,-85.82499974718566,-1314.0,754.6472300865028,9.633913166589061e-6,-8.874777474371136e-5,111.12089475435526,-4.9044670541175215,7.733467269789807e-8,4.192413368311074e-9,1594.8276836480884,-107.69126239624835,-2348.0,2669.7322489108074,9.734063084755119e-6,-8.900343235463991e-5,310.58990393272717,-310.5899072869852,8.225432763342077e-8,4.1358396886547985e-9,6273.971944311396,-20.704110674230538,-8923.0,351.70262163557334,1.0244326910354629e-5,-6.318526285380624e-5,135.5770073013128,-5.910659231124493,7.833376915218596e-8,4.185440428537976e-9,2338.9580959527148,-24.32701279646582,-2796.0,23960.09339697126,1.4356329950467438e-5,-3733.991351679931,966.5956850222051,-733.0485893815344,8.981735173471985e-8,3.96049658369336e-9,25.384269828190643,-14.03342518631939,-20471.0,74803.03712697973,1.6911947831944866e-5,-1360.6349387774476,2826.626419647131,-3524.3571376476452,7.699420642354498e-8,4.055217074778234e-9,1910.0000117844309,-50.67149894437095,-74604.0
t250,12949.591558691298,2.1115089854625836e-5,-2.6051362826398908e-5,710.6511639568951,-425.3869680772979,7.837955762391702e-8,4.216271111554749e-9,3216.857816782702,-34.713566459103696,-16417.0,3871.7109034369523,1.4906354407870563e-5,-296.43750740358814,60.8051754222919,-21.82887401451529,8.05251465781306e-8,4.158476406848177e-9,-2080.6320048891275,-15.617707537385874,-1518.0,41.40367117139907,1.2241826291065293e-5,-0.004881651783948136,46.06459368014114,-16.17994824454266,7.81186814822362e-8,4.1539304569445325e-9,1080.6342718673768,-2.917719142287599,-1149.0,14952.693913724906,1.2676038103533378e-5,-1372.9132064915589,91.18367444665459,-13.748241540741608,8.430660716432822e-8,4.136805663618469e-9,-11286.229172442736,-94.98698045101945,-2276.0,2061.852234240181,1.2708659736334164e-5,-779.1187692880284,10.531595126842838,-1.5815654325738338,6.953395433564054e-8,4.161039493250207e-9,-1023.7730383316326,-6.910469093749455,-261.0,3938.057042087342,2.5063781304567647e-5,-444.3309393069042,55.72296942700952,-8.624130226937712,8.048025235678407e-8,4.1471256601099174e-9,-2049.999967386504,-85.8249997392613,-1405.0,754.6472329066595,1.007209959614695e-5,-7.179884521991642e-5,103.07618655939241,-0.00019402473682242675,8.648257641205344e-8,4.142811705897383e-9,1760.0767639538096,-106.79992775244627,-2511.0,2640.4489854571307,1.1326145422953576e-5,-4.922377777926767e-5,277.6239171067778,-277.6236808218535,9.139045546912819e-8,4.0762603591829926e-9,6920.072055050562,-22.521238978957324,-9538.0,621.9408954349088,1.0349744907156048e-5,-6.127541444911181e-5,125.84340278263997,-0.00019623667174332936,8.792636086356574e-8,4.131137275200104e-9,2272.9930659496977,-28.77711709342503,-2992.0,26795.862941225834,1.4048212398943087e-5,-3208.931959748791,821.7349103987234,-1044.9640933164926,8.942834251767006e-8,3.9583737853855895e-9,-1319.9998123574446,-9.702000323400215,-22034.0,76989.79523113483,3.9177209819982435e-5,-2.7692434484975252e-5,2691.0786498712123,-2137.0124128994216,7.718884741990194e-8,4.0688057892237665e-9,2510.000021803298,-40.86150138142323,-80013.0
t251,14106.313642742107,1.9378147144577084e-5,-2.2983519992480745e-5,829.7890703977764,-496.246519339239,7.848892586575275e-8,4.217305604959744e-9,3216.857370928647,-34.71356117134111,-17622.0,3870.274775450104,1.4864225711403454e-5,-240.0021604245189,69.52466069923523,-0.003411351835478758,8.113761359873585e-8,4.155553204858646e-9,-2069.2070192462256,-15.586860075099274,-1615.0,37.30915526643141,1.2239145678860589e-5,-0.0014192768599704838,52.670520135559656,-0.0033609417368714537,7.867832307315925e-8,4.1513600486519165e-9,1136.230313940573,-3.2052214429202714,-1223.0,15188.038552126707,1.257826338909669e-5,-1393.3609348140915,104.2594064828022,-7.3389199328490164,8.489260562449305e-8,4.134234157574409e-9,-11375.442584891975,-95.15553162978156,-2421.0,2049.0382702405686,1.263363936931226e-5,-774.9035055048884,12.041806895689339,-0.8352585654810012,6.975108418357704e-8,4.159813838951813e-9,-1001.5806552499222,-6.76067051893875,-277.0,4097.680272397223,2.6658102803786268e-5,-527.1135038600366,63.713473561476135,-4.455295582298581,8.109367784239804e-8,4.144703729587339e-9,-2049.999973483806,-85.82499977323573,-1494.0,754.6472367423888,1.1296365976317e-5,-5.243438508849313e-5,117.85748843615201,-5.901152873221115e-5,8.730471057411912e-8,4.140690415415854e-9,1907.6974387939379,-106.20206390768932,-2674.0,3472.384002093653,1.0616427346632055e-5,-6.730364123081801e-5,332.71895615732336,-270.02779988829326,9.156864695892668e-8,4.071685063071341e-9,6620.727711040168,-21.802812800747784,-10134.0,647.854347899226,1.1391838265665572e-5,-4.5313128367196794e-5,143.8892351751705,-6.03269600289765e-5,8.853387109223262e-8,4.128624277070069e-9,2424.717337541819,-27.460826456626336,-3189.0,28412.395651186624,1.4450364440489516e-5,-2806.4155211696166,930.9328846261589,-1313.211079162093,8.932883484111817e-8,3.9424790689734416e-9,-1319.9999489441993,-9.702001051978145,-23894.0,83481.3130630648,2.722868828453209e-5,-4.215775319966748e-5,2961.5309013479123,-3105.9824579578017,7.684105554772681e-8,4.079790815157415e-9,2510.0000095709843,-40.86150123903813,-85806.0
t252,16884.401893555467,1.8272958327371208e-5,-2.428752680663448e-5,952.273404553742,-1174.7895875590489,7.843547891475782e-8,4.217568267191488e-9,2260.4833634844167,-22.36906814719017,-18900.0,3781.3374822719575,1.498047696922309e-5,-240.00430654351544,84.37683750178147,-33.398473862918884,8.144236500481215e-8,4.147568186831386e-9,-1879.2376115719658,-15.073942849699119,-1698.0,37.30915450171353,1.2348826999746944e-5,-0.002719188147131969,63.92553451123119,-25.298497384242996,7.893864652486016e-8,4.149656681786975e-9,1213.025953288904,-3.9594381577186453,-1285.0,16219.557468365338,1.2210312212373913e-5,-2605.751072363424,126.53125132107643,-50.084997977461065,8.511835769464483e-8,4.129223770373913e-9,-11043.790681456336,-100.46198015504497,-2546.0,2060.038542610191,1.2445896423885598e-5,-167.06973410062878,14.613876634698626,-5.7851029587572205,6.981022358779441e-8,4.160866239552928e-9,-1599.9976096082612,-10.79998509000557,-291.0,4422.161866914029,2.770971982762652e-5,-762.0489488181358,77.32164475740271,-30.609614603126456,8.137420494905933e-8,4.144379257342699e-9,-2049.999976237989,-85.82499979090248,-1571.0,754.647220711147,1.1522173905780593e-5,-4.495665847264865e-5,142.1562373631959,-25.45758799640192,8.764996898513038e-8,4.138252771832123e-9,2045.6284223406751,-103.97425905311265,-2813.0,3812.139852500892,1.2323346791245672e-5,-2.9123733881490858e-5,398.3205016793063,-461.0119663002329,9.198241080820303e-8,4.068012893715009e-9,6920.072869472222,-22.521240636538007,-10647.0,351.7025813312777,1.0979512309179176e-5,-4.6244511438072895e-5,145.59751094832228,-66.57932349402067,8.881009750567668e-8,4.119643201182353e-9,2943.815221463195,-18.535955072157424,-3356.0,29414.87781709408,1.2319127258305036e-5,-2086.7926729617825,1156.8974873012107,-1481.2806743715537,6.823226319063437e-8,4.218757474287326e-9,-1319.9999682837808,-9.702001142294266,-25674.0,89674.47615424577,1.6178007539354263e-5,-3.4040697346789233e-5,3592.870377097115,-4002.4850293587874,6.94779118745871e-8,4.233551456806324e-9,2510.0000171089177,-40.86150123096686,-91734.0
t253,17479.166992594666,1.7976372570141505e-5,-2.6379982928523547e-5,1249.1699910536324,-437.2569166340813,7.797368477467968e-8,4.214276070211993e-9,1599.9999446539512,-14.080003287623624,-19877.0,3631.735782459566,1.4863898436637085e-5,-240.0055905093975,94.80053933748728,-59.917296849712024,8.17398117164004e-8,4.162464655512811e-9,-1663.1230158549668,-14.49043351807503,-1749.0,38.74745373387516,1.2247562830441727e-5,-0.002744946022969415,71.82496962415762,-45.392315947112856,7.92478471888791e-8,4.161265945483562e-9,1264.469454997387,-4.6468297883259835,-1325.0,16256.70058700308,1.2002336172166916e-5,-2272.9315054457097,142.1622489110802,-89.85009363808794,8.539045618190653e-8,4.1398601155066556e-9,-11311.348364933669,-101.73288397224852,-2623.0,1972.9304913349592,1.2147620111239807e-5,-68.1726314557636,16.418992463476314,-10.37885222955982,6.994481654924297e-8,4.168604341308432e-9,-1599.9980244233636,-10.79998790549825,-300.0,4419.45080353004,2.227153504662491e-5,-697.5896819163468,86.87200673772432,-54.90815791821199,8.15222856405566e-8,4.147848199209692e-9,-2049.999992982958,-85.8249998096954,-1618.0,754.644017964666,1.224953020987205e-5,-3.497839769781094e-5,160.7080479624151,-59.669089927196,8.799895993789039e-8,4.1442126864876975e-9,2141.2897704182255,-97.9727236752312,-2899.0,3607.9993776702204,1.7651893735832172e-5,-1.3904175358196511e-5,528.6759814518981,-73.22705246699358,9.29667127224458e-8,4.076239830745458e-9,6920.0729303907465,-22.521240723361192,-10961.0,351.7025870302391,1.0575276476090455e-5,-4.3448520302755505e-5,138.64435187499987,-310.3144235010211,8.912698512773473e-8,4.132696697096627e-9,3301.2668280006556,-19.299310621479034,-3462.0,28520.246738743943,2.0388354437898097e-5,-5.124580274368057e-5,1371.413931396447,-1108.043378932045,8.897696107741638e-8,3.951182679934254e-9,-1712.6294339353828,-17.987826486804256,-27053.0,90563.06305512387,351.55517916732754,-2.2752564127971816e-5,4596.277285550896,-1862.2239018128037,7.706167762515658e-8,4.109718108606634e-9,3109.999903669372,-50.671498798518485,-96708.0
t254,19439.693812466296,1.6517340136228293e-5,-2.7077057743648816e-5,1047.845950346334,-1648.4287348913906,7.807197293237622e-8,4.211558156603933e-9,1597.0078798629609,-14.118897258779427,-20422.0,3498.271612722767,1.2666193184767634e-5,-240.00883539846188,95.18910344946086,-65.32523112090604,7.488457263031373e-8,4.101661161217336e-9,-1499.0791471665998,-14.047515206908102,-1775.0,37.74659343282686,1.0142799573040995e-5,-0.004374353152534271,72.1201865744304,-49.488776058569044,7.368301405024718e-8,4.091839240784632e-9,1288.7246924418505,-5.098332255240622,-1344.0,16284.836408470419,9.924701986182823e-6,-2064.3430965291263,142.7448132899282,-97.96405878783405,7.661418697097679e-8,4.0850508335185036e-9,-11499.646767017379,-102.62730947950453,-2663.0,2111.4042383872184,1.0362125655120262e-5,-200.778336449823,16.486187345313983,-11.313390742451917,6.91366186238537e-8,4.102500090200061e-9,-1599.9987162789762,-10.799992657303958,-305.0,4735.640588956492,1.0532495942886478e-5,-985.1768085211495,87.22742789630614,-59.86620138636709,7.471235603803903e-8,4.113997875715548e-9,-2050.000017028017,-85.82499980390598,-1642.0,754.644014695589,1.1504458796848847e-5,-1.3338566703270404e-5,161.3672207530935,-35.192872910263276,7.901004910918147e-8,4.105042674358833e-9,2161.074248896319,-97.89260943801033,-2944.0,4138.752053435783,9.280337211590107e-6,-1.740621466392924e-5,474.66674276193737,-391.97047937076877,8.457828644849628e-8,4.02967515401022e-9,6920.072932182485,-22.52124072552915,-11119.0,351.7025999786547,7.644291599868882e-6,-3.081676900874055e-5,123.48567295206516,-430.2490213445057,8.000360278983116e-8,4.090594062051208e-9,3491.843001687883,-20.78223018440663,-3516.0,30000.950579148554,1.5103519435896921e-5,-7.564272247481079e-5,1351.450270304806,-1311.890771598312,7.528293283732814e-8,4.233858772500034e-9,-1919.99803214114,-19.51198522417795,-28101.0,91317.79256611082,2921.075581588103,-2.463601793944358e-5,4816.774186087357,-1725.9707346867249,7.555190894018636e-8,4.2109920163111434e-9,3109.9999245606127,-50.67149906647472,-100389.0
t255,21236.63579997371,1.5172509794373457e-5,-3.262131071386934e-5,1216.2719723254029,-1494.3002307401657,7.844268057195728e-8,4.21660101241427e-9,229.02027198200602,-31.62779614938805,-21156.0,3571.2971658987935,1.4751703649360571e-5,-406.6452459330935,92.62197791781244,-79.93471552388745,7.497087254723218e-8,4.197414761356833e-9,-1369.6411644557813,-13.698032744115597,-1794.0,37.3091496994326,1.2255610484249968e-5,-0.01696359377929302,67.51688821911875,-67.23653630328653,7.375325895924871e-8,4.19963847477809e-9,1325.9680357117393,-5.540586063260116,-1358.0,15992.07964977197,1.2203420657306727e-5,-2267.2400455930724,144.47380061717664,-109.22443363925889,7.670279163515716e-8,4.182600696302904e-9,-10969.190482072865,-99.89850134780798,-2691.0,2181.4968928510193,1.2339200023513139e-5,-263.61913138944595,16.865689244232712,-15.944767681695307,6.917983656962929e-8,4.207717218437489e-9,-1599.9987028635053,-10.799992568529134,-308.0,4645.500827896757,1.3220789992870105e-5,-27.35617521115988,54.050989178446684,-183.75354658929518,7.473790219586745e-8,4.1912756223341126e-9,-2747.137653168414,-82.30445540739444,-1659.0,593.2046177664462,1.0789782504755763e-5,-3.8958747296477265e-5,94.7731917368899,-316.0765021395066,7.898336276963623e-8,4.191975024729169e-9,2710.906757619917,-105.80803688902589,-2977.0,4394.447929476751,8.568282912699684e-6,-2.0595219259933057e-5,637.0003219127176,-4.203865571728864e-5,8.499989797969333e-8,4.133686354830628e-9,6220.073043164274,-22.521240566236493,-11229.0,1051.3358205299426,9.321160424008361e-6,-1.4084536010841328e-5,201.06800025328354,-33.532713344220916,8.240533619346537e-8,4.1826298330317625e-9,2369.9998970079373,-30.87099976569844,-3558.0,28694.721383871754,0.0007765444578667541,-7.257555310701129e-7,1400.761959313496,-1778.9722239651321,2.6124816278468974e-5,4.189062453279571e-9,720.0000778110458,-19.511998947380622,-29017.0,91918.90990045833,3605.873160115424,-7.108288525978104e-7,5706.797776209804,-935.7669955478382,54.85773909029194,4.241554788658257e-9,3109.9999192636433,-50.67149895852951,-103410.0
t256,22581.28619866982,1.3692153419309284e-5,-4.962727190976227e-5,1567.5477847444415,-2014.3436510288461,7.852713870131772e-8,4.2174601994031736e-9,7.912403509331312,-34.40270000374239,-22108.0,3738.440653978763,1.4921710892514633e-5,-221.72094814780903,36.91578383762277,-220.10078020731038,8.242475133682569e-8,4.146924161255876e-9,-1438.650366916427,-13.884357559405387,-1881.0,37.28060037061346,1.233980829342105e-5,-0.01857477666669828,31.31673463964451,-164.79284609060537,7.986522605508804e-8,4.152589012436691e-9,1527.5708037358165,-6.35673029933337,-1425.0,15682.174820797762,1.2277937022067877e-5,-1021.4021573851586,45.952371916383385,-337.2847760315211,8.592390375625017e-8,4.130061537908976e-9,-11446.172787177773,-102.2674844726818,-2821.0,2192.0872459486804,1.2560453260024513e-5,-272.62055997951495,23.263098080823987,-8.931082714103155,7.023425073349407e-8,4.165259117370461e-9,-1599.9987212808353,-10.799992685598168,-323.0,4427.524673321536,1.3992340551077893e-5,-0.5803974618708762,13.077850323021199,-214.2296242839086,8.174476337787602e-8,4.143382067698496e-9,-2402.7488969735514,-84.04361900095999,-1739.0,532.2961808951688,9.537180853817164e-6,-7.957747550811265e-5,107.57161761861398,-339.2993988423061,8.844875753525943e-8,4.139153764602819e-9,2932.0146110298715,-108.58294074112875,-3124.0,4598.398215333217,75.46771816668272,-3.997128301839347e-6,870.0646777548251,-1.8838840682512563e-6,1.022277123347955e-7,4.088488727630471e-9,6236.5510878734685,-22.48169336036413,-11758.0,1117.8085405756524,7.17567446630198e-6,-6.934155575336589e-6,296.5010467409097,-2.3839022425605855e-6,1.0022802247441132e-7,4.1462953547229674e-9,2353.5218673588297,-30.8314525873047,-3737.0,28516.470267942866,0.002231976784387231,-2.5258665249715656e-7,1957.2138630053648,-1957.213836491754,439.22950329417563,4.214362174032644e-9,1319.9999720808257,-9.702001525858382,-30266.0,91948.88870319862,4132.56263521674,-3.675619427267751e-7,7745.6457004142885,-860.997583307837,1250.7620195964814,4.231922630393171e-9,2510.0000267604423,-40.86150152125931,-106686.0
t257,23238.29342918811,2.1577192687949425e-5,-3.101722280983055e-5,2099.281884420123,-2110.5916963993286,7.91689358865923e-8,4.213751384329385e-9,-112.10824147777387,-33.87536639077189,-23081.0,3878.2555989363614,1.6450279352538467e-5,-2.4504250483562356e-5,9.936012655498903,-235.2888518442461,6.986548581941487e-8,4.282257839575676e-9,-1708.2903663711363,-14.61238537085581,-1930.0,53.78847113452557,1.3894835697513372e-5,-2.2056391200232077e-5,10.026617623787953,-176.7572158877849,6.952739190176497e-8,4.271574372154971e-9,1580.9998915241663,-6.057756299453135,-1462.0,14911.088936502316,1.4088339190984673e-5,-2.192118110154073e-5,15.426359921956603,-352.9561182794781,6.998416164836745e-8,4.2712221565245016e-9,-11575.573335055213,-102.98583524382974,-2895.0,2178.46201159568,1.1180627809719587e-5,-194.10130949597948,0.3142387982247764,-41.87496534978286,6.882451620747217e-8,4.27740366236063e-9,-1599.9999868378927,-10.799999957145808,-332.0,3862.716248273408,1.5109020337607202e-5,-2.274736812485467e-5,110.6329700859297,-142.51253424677276,7.01521373783203e-8,4.276467762112814e-9,-1961.8859135354514,-84.95076301478008,-1784.0,580.1395822995653,9.46170500022315e-6,-1.6308483188139975e-5,127.34570199526895,-345.3764746972276,7.201599897012131e-8,4.296083541547494e-9,2956.785004894333,-108.89380839690634,-3210.0,5094.121996699624,7.181616736978143e-7,-89.16318115046599,1038.5768401330895,-190.08736645751702,7.395159774908179e-8,4.30316622025669e-9,6220.072951972771,-22.521240746541785,-12051.0,1117.8085419170384,4.048689092388467e-6,-6.777229073760428e-6,386.0624670108143,-2.093670292578992e-6,7.715911009520883e-8,4.300120066671073e-9,2369.9999960170003,-30.870999987103623,-3843.0,27160.881138854813,0.00013385588646934652,-6.120941953472354e-7,2473.169590478663,-2473.169421902129,2353.4999664331062,4.185459874096458e-9,1884.5510024825176,-18.9324094529494,-31380.0,92580.50278595176,2939.786037190936,-3.854158020038297e-7,9486.750878338866,-4481.906301240932,6684.509513151139,4.236842937639516e-9,1945.4489963866795,-50.091909448099976,-109105.0
t258,23376.387668608782,5.458764186890267e-5,-6.685287611147845e-7,2551.558679299818,-2348.7415799715004,1.9499013052033498e-7,4.214026261897943e-9,231.3573183477763,-28.562140371629823,-23782.0,3867.824944454349,239.99994052361964,-7.939745758327181e-7,155.42882778892042,-155.42869444427313,1.7136026937107356e-7,4.291017485859288e-9,-2158.995728622737,-15.829289098757394,-1933.0,86.73680734331931,4.297028090703947e-5,-7.713236230374955e-7,117.23848128868586,-117.23834785711662,1.7072193286072092e-7,4.280465003283317e-9,1381.4489591954273,-4.185942336743853,-1464.0,13175.528848522918,0.0001809288032265897,-7.551271155942843e-7,234.29477881362524,-234.29465461821547,1.7176173926390482e-7,4.2810880881341665e-9,-10180.39389872957,-96.13525429674921,-2899.0,1986.0501774503598,2.492896355483556e-6,-1.502431748426744e-6,0.2469324567810041,-42.49711293501176,1.3622081234714522e-7,4.263664885892447e-9,-1599.9999981019319,-10.799999995417723,-333.0,4106.414667724275,419.2032685819125,-8.225002644291107e-7,138.49265201513035,-138.4925241835555,1.720127181217269e-7,4.286592921753867e-9,-2659.8424687734105,-80.77559471801504,-1785.0,754.6408524139442,5.9863316826723164e-6,-8.269927086457392e-7,257.86811965048764,-257.8680211408955,1.7456787302902816e-7,4.300913278080775e-9,2566.3529313891145,-103.99388678659432,-3217.0,5896.847814785685,6.186836235162133e-6,-7.319693395516084e-7,1326.0380572561894,-1366.4375711724233,1.7777571228728282e-7,4.3042114250131456e-9,6220.072934885305,-22.5212406486532,-12054.0,1114.8407414620242,2.925631255133084e-6,-9.344283988302702e-7,450.82433510837996,-48.794031526428064,1.7603513297562526e-7,4.2846071823220035e-9,2369.9999526786605,-30.870999877043822,-3856.0,23978.09158151186,3676.167267616604,-6.797286412384698e-7,2800.2412919265116,-2798.462875869737,2396.474987704215,4.1861720595950425e-9,1919.9997441658136,-19.511996334856303,-31953.0,91881.18715535713,3683.152580992902,-4.2775255673286583e-7,11900.531481856366,-7840.6109614892675,8227.410986393641,4.237539553761697e-9,1910.0002535655526,-50.67149632548982,-109711.0
t259,22372.300750684266,5.873590087057261e-5,-6.545218719269128e-7,2340.51573119466,-1773.597000897122,1.9595153921392352e-7,4.213289396841353e-9,-113.12668411318228,-22.09285517856381,-22804.0,3183.5607628336343,240.00014533741478,-8.760788706843029e-7,129.7656453390489,-129.7656553672008,1.6746676054477814e-7,4.304871986841539e-9,-1570.321029979275,-14.239867460677749,-1839.0,95.90353402500766,3.902035447814229e-5,-8.591471401656789e-7,98.64294104583865,-98.64295883361932,1.6759924986653812e-7,4.297534489671289e-9,1301.1075500786035,-5.011104643751788,-1392.0,9181.903692799064,3759.237666272579,-8.088719422451166e-7,191.63724433054318,-191.6372533099541,1.6933228781080287e-7,4.302987556045363e-9,-10087.627067488585,-95.51428194299459,-2758.0,1649.9960093500945,276.80379713551866,-8.250210264588629e-7,23.894699813746932,-23.894608939811555,1.6573899663907684e-7,4.307533485821171e-9,-1599.9998970727595,-10.799999625234541,-316.0,3361.0279830462036,1166.7000161724486,-8.949567436443671e-7,117.17091218519609,-117.17096206877589,1.6866148142656312e-7,4.325967697748426e-9,-2755.4363651445515,-73.29158344082964,-1699.0,754.6408536590209,3.978866496416198e-6,-1.0553229099446976e-6,217.6119417953924,-217.61157452167484,1.7146910582853353e-7,4.32123119635681e-9,2405.331829267485,-101.97305328703568,-3058.0,5878.023896146508,3.36060692969385e-6,-1.034949987486586e-6,893.0341761951323,-1491.6085518437626,1.7467225691162338e-7,4.304207382561106e-9,6220.071714090207,-22.521237085012086,-11477.0,1087.538642662458,1.518303542126051e-6,-1.8158183471559515e-6,350.2333533512351,-114.90094883462052,1.7763312779998124e-7,4.329618238118378e-9,2369.999952807811,-30.870999862723828,-3662.0,20516.750313876044,5560.240616162979,-6.290250984314481e-7,2539.1950570579393,-2540.973639792257,2268.2999701280974,4.217089912992878e-9,1919.999678528811,-19.511995264012892,-30244.0,90871.65603659446,2821.5721034148014,-3.63805150416133e-7,10272.321348729878,-5962.101276100251,4324.222963994705,4.235415098930913e-9,1910.0003190254356,-50.67149525411182,-104187.0
t260,21260.084837624374,6.355936608666714e-5,-1.4263887811772423e-7,1514.3240432274602,-379.3495600939471,1.1142875287249399e-5,4.21713450925417e-9,-1404.0959905702887,-17.963404715359513,-20973.0,1905.4633818329612,821.3218684049973,-1.7614671637708874e-7,92.96742726006389,-1.8290460008828793,1.1170726310467109e-5,4.222720414041141e-9,-1105.9376148212505,-12.986027645496089,-1699.0,127.58574374897199,0.0520719648928842,-1.4499704748226374e-7,70.43973210797373,-1.384015922592968,1.151893498038508e-5,4.227842977861664e-9,1094.2871490411985,-4.98069228661126,-1286.0,2962.669980030249,4275.4705520824045,-1.4221629649143766e-7,139.40974487094059,-2.7401028530206992,1.1024199619951052e-5,4.213629178595447e-9,-4777.870637158468,-48.93954817593787,-2548.0,833.1047438752017,1053.9122578753854,-1.4420535679852894e-7,16.105957292515086,-0.3230332284935157,6.698967158712304e-6,4.238257379260439e-9,-1599.9999327011762,-10.799999716088946,-292.0,2317.378216082846,1166.702534076234,-1.8084290733942e-7,85.1968157902797,-1.6849250950420611,1.1658748233041214e-5,4.222086073407063e-9,-1974.5993018910654,-21.993350305837367,-1571.0,754.6408564109945,0.07397235072132123,-1.556076964564949e-7,157.59556067213913,-3.092851007210283,1.2783694333451333e-5,4.213804019897525e-9,1985.3672483099226,-73.58479870031914,-2821.0,7020.76484494737,89.16272094138796,-1.5612786687073613e-7,564.4691413595693,-68.54559900373748,1.3686554203131914e-5,4.147776971798246e-9,3030.1433518763856,-11.99447355607486,-10624.0,1013.2978584155103,0.0025541084846650037,-1.8278923178893766e-7,192.4178668186836,-425.0611105285982,253.0493408638408,4.193942770655427e-9,2371.1560079356454,-30.862517395855125,-3374.0,19268.4496423286,2530.5968565232843,-2.440850028354776e-7,1819.4968415463313,-30.433620477470775,2066.549919560092,4.211863908667468e-9,1918.8438776462217,-19.503516858992615,-27554.0,89800.39002645043,2901.3488208675803,-2.145249740196384e-7,5980.85516684897,-2961.620409366385,1.8671752511393453e-5,4.228933962995997e-9,462.7058423328747,-23.679465628026918,-96160.0
t261,21797.20906677241,10.727624974021712,-7.682960001248417e-7,1241.4562967652482,-4.402795683521901e-5,1.982562462973201e-7,4.2169156668058684e-9,-2980.757064492046,-32.635879414409324,-20036.0,1679.082505894674,240.00133610190153,-1.095296173277681e-6,75.42193583408384,-1.7238132537563562e-5,2.0980753259832318e-7,4.169759204915247e-9,-323.8536380532568,-10.652121669822064,-1660.0,153.18790497035198,0.00024440759133758315,-1.0411309676536137e-6,57.13902644735974,-1.717275111790277e-5,2.035857192068994e-7,4.176220528073474e-9,1048.6886371765108,-3.0157949907530353,-1256.0,2943.3642433989266,1941.632309236185,-1.0108893221035673e-6,113.10283984078977,-1.7883366427449755e-5,2.1918647336753597e-7,4.156478841863105e-9,-2472.313301188995,-35.78607269002125,-2490.0,787.9260667637902,1053.9121521108523,-9.578461430915214e-7,13.063139273634018,-1.5454982364458566e-5,1.7880190125109056e-7,4.189642912173001e-9,-1559.3755565109961,-10.52578541211807,-285.0,2294.597618509535,1166.7000921202016,-1.1055652209113135e-6,69.11715620743242,-1.9002631191305032e-5,2.0831381462887075e-7,4.16892138142242e-9,-1964.7719677010843,-30.64287918444838,-1535.0,754.6408672824512,6.546463193525574e-6,-1.1834666400233204e-6,127.85493795117198,-1.8769675453596588e-5,2.2172659094169667e-7,4.159716534132238e-9,1948.0579912199296,-76.55378326787499,-2754.0,6696.640953374456,5.760157124587658e-6,-1.1933169107769304e-6,458.05467669023136,-1.74569819463733e-5,2.2773005132871222e-7,4.088602736798555e-9,3250.0200230868627,-12.715640520997525,-10392.0,1067.8487902470767,2.116048077504755e-6,-1.58169065433276e-6,156.09370887764797,-272.29550669932667,2.240183481910434e-7,4.138086676788012e-9,2369.2221382851662,-30.869131488318345,-3290.0,19689.615467108044,3610.904112610079,-6.253939772611465e-7,1471.9924448875313,-2.5368537150660657e-6,2.6681657803404414e-7,4.212866952631953e-9,1919.999978014343,-19.511999685665117,-26673.0,89554.26674661018,2697.723976814298,-9.42822662934131e-7,4510.303664340267,-3678.503692843738,1.7568767584236137e-7,4.238059435511394e-9,-1234.9172398364344,-17.873454281711982,-91831.0
t262,20791.254784102133,474.9840937363256,-2.503512838635329e-6,1013.0011923411382,-4.605558785853106e-5,1.0167903970282582e-7,4.217221786798244e-9,-2585.0860475143472,-29.15397421834678,-19665.0,1476.985753721313,240.0000345798136,-2.0271908235110117e-6,61.337171372564015,-5.415948825224054e-6,9.147419900721317e-8,4.3725789678357175e-9,-138.54886995325256,-15.774082310314144,-1624.0,228.3752739352951,2.6849996885270838e-5,-1.948888089043843e-6,46.46588112572832,-5.29538529201454e-6,9.10054038362813e-8,4.37176907225084e-9,958.0900871921025,-3.9312619394722104,-1229.0,2932.909319654163,6.47662767388993e-5,-1.8647316908438296e-6,91.98173016767744,-5.171550922837491e-6,9.291991420337178e-8,4.373199017402635e-9,-540.9509073977174,-48.940200444384224,-2435.0,720.7292776964539,0.0006492649957845355,-1.8617916411429713e-6,10.623935648474815,-4.654153963803924e-6,8.885570640015673e-8,4.379292893295149e-9,-449.32093944783077,-3.032916739685219,-279.0,2271.8058102170744,1166.7000251959555,-2.051416931867039e-6,56.21187150463963,-5.1713769985234045e-6,9.163933691374742e-8,4.380155351838389e-9,-1967.755775822356,-24.96192383152796,-1502.0,754.63775112156,2.1350221761260536e-5,-1.803536073096566e-6,103.97710349686088,-5.202014368148506e-6,9.350363998215675e-8,4.378140230371563e-9,1892.6818476313865,-60.29671703288875,-2691.0,6692.342557577409,2.142900703227452e-5,-1.7584556863045869e-6,372.5235948101213,-5.053996228753775e-6,9.68602124805386e-8,4.3424729549590085e-9,3119.4279467288525,-10.294113969269805,-10174.0,1117.808514376011,1.077367142745057e-5,-1.6724489020647157e-6,126.94572691216835,-4.008226843012069e-5,9.420988992386698e-8,4.362958826137037e-9,1984.7842995932415,-17.53851002084548,-3212.0,19354.678754952445,4040.553254822246,-3.378096555202264e-7,1168.6392371085124,-4.937813056772738e-7,9.929686842348105e-8,4.244891220012067e-9,836.6783398114868,-11.549585892356557,-25389.0,90916.89607413749,0.0003510156635759513,-1.0675135266315734e-5,3612.828540442407,-3585.053474462948,7.045106465239485e-8,4.239877227918512e-9,-3109.9999808215657,-50.67149970131653,-87784.0
t263,19667.3908333884,4.831285326772941e-5,-1.6103195107062584e-5,708.0018645265845,-47.16490387096166,7.923728085436658e-8,4.21725688531816e-9,-1753.3927541473547,-21.835072130736652,-18553.0,1279.6757464904701,214.93199099905115,-1.3839736316941198e-5,42.17925831557998,-3.1988925065050093,7.117239546520807e-8,4.363078470321546e-9,-6.1714267446367765,-15.416662774227188,-1512.0,265.46370660153036,4.857355582931251e-5,-1.1451931896312778e-5,31.95087196831198,-2.415505050587653,7.073958463777013e-8,4.345269057968584e-9,853.443012770922,-3.4421234816927018,-1145.0,2932.3826991423393,1604.9793859270849,-9.033026642005056e-6,63.252689275982185,-4.798301933295904,7.214697425433372e-8,4.345627626636966e-9,-2262.37845478991,-64.43800861563368,-2269.0,653.5324586638224,483.1191378841456,-8.287245787626221e-6,7.305877336679965,-0.5549374362340874,6.916893192003936e-8,4.352775563115722e-9,-877.4795408208328,-5.922987409835226,-260.0,2253.407572968271,1166.6997799210735,-1.3776985092445609e-5,38.65632578997647,-2.937741065589467,7.123063009943004e-8,4.3539332472483645e-9,-2037.09950558481,-18.72641832170051,-1400.0,754.6376582615841,4.00254204711503e-5,-8.627054563764316e-6,71.50011180324023,-5.418479282943926,7.26033001518104e-8,4.3634929177958494e-9,1757.5357027039834,-74.25502493687053,-2504.0,6338.427874886804,3.7703299777009505e-5,-8.706709566352158e-6,256.17713822487997,-1332.3756275889375,7.51864343144028e-8,4.3204917041033175e-9,4241.768423567518,-13.997838153935556,-9490.0,962.8587133666941,1.0120103196566624e-5,-2.2809450800833475e-5,87.29724458329865,-454.04827639308996,7.306238332724158e-8,4.3339235756514214e-9,2409.553144955748,-18.660813894070056,-2987.0,18935.10420095534,2550.5531345289223,-1.0994180341655948e-5,781.0607301297023,-53.77528698803579,7.81893792126002e-8,4.187682551529149e-9,784.2212590710332,-11.164026769285949,-22986.0,92260.44575925416,0.0009279609500683333,-1.1153912397842342e-5,2482.3057305608186,-10807.081047299802,7.042134710192393e-8,4.241440711226612e-9,-3109.9998609816603,-50.67149839944744,-80775.0
t264,20115.20223005684,2.0312925715908346e-5,-2.0520422856698475e-5,495.99195285835214,-630.6228036825423,7.899396292419473e-8,4.220547403323646e-9,-3216.8578126446278,-34.71356647510048,-16729.0,1279.4323097071867,0.0001647239985704759,-1.4321974419238944e-5,30.576023593914226,-3.619527099689298,6.96023753418396e-8,4.2847157955729115e-9,100.73904811918865,-15.128004776022731,-1392.0,243.7102152457522,4.2057218796941815e-5,-1.0840391128309561e-5,23.160406444503757,-2.733121635498624,6.937379723506243e-8,4.275931334963675e-9,793.7914541144071,-2.928985453976844,-1055.0,3008.277046874713,0.00019628527817968416,-8.410305960271474e-6,45.85245758533332,-5.429258341492628,6.975434443940311e-8,4.276913852464369e-9,-909.6826696848813,-50.01776445631966,-2089.0,653.5294329724101,0.0007376073250179996,-8.430262423721848e-6,5.296176990854547,-0.6278703305475244,6.988767317034999e-8,4.290297600252041e-9,-417.3811456168755,-2.8173232619827884,-238.0,2253.407620481383,0.00014813807788186328,-1.414776081940733e-5,28.02300334904227,-3.3240389637326753,6.986746971465106e-8,4.284812979417585e-9,-960.6868715141727,-28.41984740811303,-1289.0,754.6376556010363,2.8924344951093754e-5,-7.894706155333002e-6,51.830387000464114,-6.131310606553444,7.042875710884757e-8,4.294084720003458e-9,1565.0532027558684,-61.38995584940807,-2304.0,7289.060649538924,2.7137462612471955e-5,-7.498499416887265e-6,185.70790200437384,-906.2695105413762,7.070788541444834e-8,4.2917974713807035e-9,2187.875687198938,-7.374747901058066,-8749.0,962.8584396880406,9.39937407801144e-6,-1.7266643218511836e-5,63.28308706145265,-353.9847989226131,6.96799587227382e-8,4.270791205318419e-9,2103.525073597937,-29.68179362489113,-2746.0,18924.970470616365,78.91192270254052,-1.175818263904279e-5,559.8764141966753,-574.2851057933436,7.8220615274941e-8,4.189721751337819e-9,1863.6239465921449,-19.09763660879882,-20834.0,85359.62213018567,2.19232590259931e-5,-2.3918814826238062e-5,1753.1788615402763,-10391.129577917018,7.008874934341984e-8,4.24576206798667e-9,-3109.999912917927,-50.6714990102059,-73561.0
t265,18384.58010932633,2.1151685949448448e-5,-2.0179804743317758e-5,254.54789032503916,-1473.0035838102683,7.919127520403289e-8,4.220607715724356e-9,-2240.9984148834187,-26.126001985889232,-14899.0,1279.4319237647715,5.387819912228589e-5,-1.7555001414536867e-5,16.092833818159953,-94.38064378550663,6.93795290697854e-8,4.279162745976959e-9,87.02089377123356,-15.16504396614827,-1273.0,198.60357186810364,2.2125509334307334e-5,-1.2389330382356628e-5,12.190430707983504,-71.50407075897138,8.111827858324255e-8,4.231654525358417e-9,827.5807451208307,-2.8706867531697022,-964.0,3071.6757597588694,3.284888300443298e-5,-9.709101662729716e-6,24.133068016743387,-141.53277244134514,8.151128908636657e-8,4.234043125985558e-9,-993.9274323337141,-50.348645976319496,-1910.0,653.4482111625198,5.101133526629242e-5,-9.72527574360722e-6,2.7874198256145806,-16.345783882085176,8.239222309191482e-8,4.249252203019011e-9,-419.06122466257574,-2.828663810451942,-218.0,2253.4073018967974,4.460920401076341e-5,-1.6865931812685062e-5,14.748645835281511,-86.48950591681827,8.185413348197561e-8,4.241016548750563e-9,-988.1452204798363,-14.521249159916605,-1179.0,754.6376519335536,1.8616441830672478e-5,-1.0727289050904559e-5,27.279801836182862,-159.9943832388036,7.02673990240477e-8,4.290117344711453e-9,1536.6130966925953,-53.536175181366154,-2105.0,6943.220038132293,1.6874646387588723e-5,-1.0227180306317403e-5,97.74019714408739,-573.1861708155459,7.060300401782631e-8,4.289707830016951e-9,1546.3288164656105,-5.10288763434425,-8009.0,862.7132757620242,8.158885931928334e-6,-2.7679989596185498e-5,33.306854790309195,-195.32883379850605,8.065105860836793e-8,4.222300496173103e-9,1834.5888063600169,-29.28008366893331,-2506.0,17948.730577367325,55.501987077306175,-1.2853019023307891e-5,298.67737277876324,-1326.397800148083,7.837928260922827e-8,4.1929502823401826e-9,1919.999874907891,-19.51199918211128,-18877.0,78723.4602633787,9.43364134715796e-6,-2184.104452473847,817.8908407116998,-6945.575220718293,6.977713866400475e-8,4.244178880774353e-9,-3109.999940958632,-50.671499360500746,-67251.0
t266,15693.687880140893,2.2390044008145205e-5,-1.9972529628719863e-5,152.96097997752284,-1189.511191869239,7.909303930853473e-8,4.221908627692717e-9,-1090.114731059288,-14.022939690459452,-13553.0,1279.189003078288,7.588132021768737e-5,-1.6252755382200102e-5,10.06901957439061,-74.95309506664817,6.927204854962699e-8,4.27987565693858e-9,1.0920645247256555,-15.397051809285033,-1200.0,228.9581743167215,3.617851104497753e-5,-1.1282799364619588e-5,7.6279914916959255,-56.78488306872889,6.90596098436037e-8,4.270517358136984e-9,732.1627841774929,-3.9640918804194936,-908.0,3156.949612013408,6.99168560066012e-5,-9.379967800809878e-6,15.099558059832534,-112.39985007283062,6.941535272282202e-8,4.272247103697339e-9,-1206.770338045312,-53.879042572430116,-1799.0,653.4457879112302,9.983652850868816e-5,-9.471214743901751e-6,1.7439729346020496,-12.981419522566226,6.96452467112734e-8,4.286664214028556e-9,-433.28376577078956,-2.924665986612941,-206.0,2253.4079403721416,5.780323193570918e-5,-1.6514723191573753e-5,9.227479546906029,-68.68656382402379,6.95105539381821e-8,4.280123824659499e-9,-1076.9181480392408,-6.030749413739719,-1111.0,754.637653867528,2.268520320021903e-5,-1.0086444548960655e-5,17.068858752095085,-127.0611537063519,7.010969976303296e-8,4.290144510497538e-9,1380.6870536465115,-44.33242522688466,-1981.0,6205.713241942663,2.101453856786211e-5,-9.657600291446499e-6,61.15225580160709,-455.2060582591969,7.036617920421889e-8,4.2880540524210525e-9,1749.1126231970002,-5.772074099120476,-7555.0,862.7132719611952,9.539348199346143e-6,-2.045769258997419e-5,20.8390759824969,-155.12311875835988,6.936630862739624e-8,4.2678223259468254e-9,1650.2196364974538,-22.64885483125362,-2356.0,17434.23279579221,3.3535924073222675e-5,-1.9823992610490987e-5,186.25419286250275,-1461.5817363624005,7.821816082214964e-8,4.191195654074922e-9,1403.8127584641481,-15.718024519475609,-17547.0,73639.77604408386,9.356220953942347e-6,-2942.4524756428295,457.3690705596765,-5310.021211558292,6.970064955653108e-8,4.245187331935859e-9,-3109.9999375927027,-50.67149931829507,-62684.0
t267,12344.550318181318,1.9303714508302924e-5,-2.3301648748170716e-5,68.35281344084967,-976.6874643967502,7.900510749930169e-8,4.224075732308033e-9,1229.604862981399,-10.820526250871051,-12655.0,1273.2559075151312,3.5239529843933545e-5,-2.5825050796438237e-5,4.587539561772101,-64.73957414588912,8.009535378333653e-8,4.161305953458224e-9,-51.56465744802497,-15.53922497454356,-1146.0,189.0328149575396,2.0328089066340863e-5,-1.922218375572089e-5,3.4758208672036854,-49.924463733676454,7.786381015981486e-8,4.161645260056338e-9,728.7882403185686,-4.3724135941432785,-867.0,3102.9524863809297,2.6145625077928228e-5,-1.633157114149063e-5,6.8795850659141005,-94.43466184690469,8.403986088165097e-8,4.147576069499037e-9,-1241.779354028325,-54.61806540962944,-1719.0,646.2390719180648,2.9798957831652197e-5,-1.57399304065926e-5,0.7946853887488832,-13.019835625813357,7.048774924359646e-8,4.170867631309575e-9,-435.07716429679385,-2.936771514943305,-196.0,2253.4186667123176,3.6873481311347234e-5,-2.6289709916541624e-5,4.236522457739252,-53.99504627380555,7.967875940440182e-8,4.159744119016946e-9,-1130.3383337507044,-11.321819811214153,-1062.0,754.6344478861736,1.5196424265135144e-5,-2.18519861111336e-5,7.777206411525529,-106.11528033233316,8.511742003184702e-8,4.1553561027773e-9,1263.7924759780017,-29.088843371307835,-1891.0,6114.647899745757,1.5015434394620346e-5,-2.165381366631791e-5,27.859133348395705,-365.1713153840443,9.16015141424141e-8,4.100404364733621e-9,1453.4607118712115,-4.796423027709477,-7226.0,862.7132109592205,9.585762299511347e-6,-7.2819889243814e-5,9.494450951321005,-128.1215108580612,8.687799938072808e-8,4.136950673345147e-9,1511.7379163305684,-8.824004236419505,-2247.0,17879.41926788767,1.3699619957983091e-5,-9.534087377093971e-5,85.420268696136,-1128.387773249445,7.799043371476273e-8,4.192503856178115e-9,-218.62478954265697,-15.826892198777017,-16602.0,68968.17303240101,9.352394046363825e-6,-2920.1859189767906,192.2703064036291,-3406.5860216960796,6.96307920236755e-8,4.2454102995394525e-9,-3109.9999084132437,-50.671499145962336,-59673.0
t268,11702.488720230887,1.909638347452941e-5,-2.37778171528752e-5,85.04921148093753,-704.761238613639,7.883378444733126e-8,4.2259467733994296e-9,1103.9379694655263,-9.714657965653572,-12177.0,1210.160263737113,4.181951942640098e-5,-2.276522173469963e-5,5.878536619752543,-50.08112646725281,7.429311850667859e-8,4.207639357258933e-9,-30.475409030431777,-15.48228399434544,-1120.0,132.41326812621688,2.6360815473680964e-5,-1.563972052904704e-5,4.453779178436242,-37.133714764470746,7.329063809991807e-8,4.203244724967498e-9,752.3699422837744,-4.1032856192981075,-848.0,3093.136091785963,3.43670372382857e-5,-1.3974724624229424e-5,8.815554032859206,-77.32718189913011,7.623940230493258e-8,4.195984120930106e-9,-1291.1565906885025,-54.467893692753925,-1679.0,628.9467725104643,3.919895570360266e-5,-1.3616528340940493e-5,1.0181163911864857,-7.026614021954209,6.988035783010096e-8,4.209519493829977e-9,-428.04896930899577,-2.8893312241719675,-192.0,2244.330960178755,3.807692109076512e-5,-2.369963348319901e-5,5.385861167296647,-48.74113982754912,7.420353737123636e-8,4.206310979714107e-9,-1152.986367527075,-9.989328445514477,-1038.0,754.6344480355508,1.7101293323886625e-5,-1.9825489447530686e-5,9.966036701255028,-87.72118005231803,7.682126900037821e-8,4.205949445991208e-9,1200.3486710476682,-30.22797308450337,-1847.0,5108.6713146616985,1.684552814528305e-5,-1.9760664027178574e-5,35.69525187644547,-316.09374987242825,8.240042764640553e-8,4.155444036361863e-9,2246.139449064829,-7.412262890229628,-7067.0,862.7132092719526,1.0567326591013575e-5,-4.529585299539003e-5,12.16629416258401,-100.6036492896097,7.780472746350965e-8,4.187185927349184e-9,1429.8711614428832,-10.146980937549065,-2194.0,18387.201205111578,1.1778089707386245e-5,-291.7637954465908,91.11895369434889,-1288.0444248570723,7.774341194384437e-8,4.197605321732994e-9,-719.999951310292,-19.51199902018083,-16158.999999999998,65520.34459631955,9.603331318659227e-6,-2559.3090516133475,221.98346226895984,-1885.3476121474498,6.966330430624825e-8,4.247042842547315e-9,-3109.9999054393843,-50.67149905829734,-58137.0
t269,11559.402141094455,2.036580508168382e-5,-2.4114002949058654e-5,51.698482253463055,-495.1908665643053,6.878491447873888e-8,4.256813084548433e-9,761.7940381509032,-6.703791230182903,-11871.0,1280.3970589976193,6.637831091853756e-5,-2.0831239304419648e-5,3.742837181371956,-19.195575111390628,7.421118690827057e-8,4.230924066334668e-9,-137.17399647207728,-15.770370220997753,-1112.0,87.72682869481235,4.5962780434113356e-5,-1.284263503698837e-5,2.834091048658211,-14.443812220135742,7.318681471894953e-8,4.226250777684524e-9,770.6940101071136,-4.811150824115401,-842.0,3105.937134741056,6.118579995780664e-5,-1.2114278636718334e-5,5.613000932288102,-29.254002229751542,7.609121986832319e-8,4.2206272813620886e-9,-1358.0034050133286,-56.2927776436855,-1668.0,656.4014349395445,7.125799215456984e-5,-1.1998516996718523e-5,0.648412778483908,-3.1542005476524486,6.979916843574463e-8,4.230410552989687e-9,-460.78540432291527,-3.110302176782625,-190.0,2253.149981336514,5.4226107929851944e-5,-2.134652492858414e-5,3.4310971403279997,-19.87074145188672,7.40736683410092e-8,4.234211675190675e-9,-1196.5718233332564,-9.138546647796257,-1031.0,754.63444810124,2.08204502700124e-5,-1.769769534992716e-5,6.344073526882442,-33.56469509175487,7.670940721629016e-8,4.237857464239564e-9,1141.199186057613,-35.61301579398289,-1833.0,4202.944527824375,2.0476249473992576e-5,-1.766527493171347e-5,22.73603949748506,-134.32970423096518,8.225593732100725e-8,4.1809241719667284e-9,2942.358921500434,-9.709787479239369,-7024.0,862.7132082123351,1.214003144712462e-5,-3.0876042323309524e-5,7.7472567792217735,-51.05849234834713,7.768971309061489e-8,4.214661973485223e-9,1366.4883265431188,-9.890280528167125,-2176.0,17270.708038754932,1.2541641990650368e-5,-203.44822265827477,49.755959768948316,-314.5038386165537,6.96989361908566e-8,4.226394731774619e-9,-719.9999508703967,-19.511998981205615,-16062.999999999998,64108.7689752287,9.930622390833482e-6,-2341.957114443652,154.6008363911928,-868.7413057643773,6.930194921955686e-8,4.24381635667095e-9,-3109.999902347209,-50.671499013351664,-57892.0
t270,11751.798874176124,2.4411095878115933e-5,-2.5759368942078188e-5,176.9121469527123,-169.0640006823238,7.399964448110683e-8,4.294922196014547e-9,297.97516569476215,-2.6221848625125346,-12055.0,1351.7233527996857,0.00016289024835539856,-1.8040376594368872e-5,13.143709969548706,-7.318732933138057,6.883998076848709e-8,4.275899495915817e-9,-186.64453421638717,-15.903940530560414,-1155.0,81.08784380262183,0.00012000033542397087,-9.049686781801858e-6,9.956167098384533,-5.582779963375209,6.858303658749046e-8,4.265691593684572e-9,793.6095155920108,-5.070857547395873,-874.0,3055.438348998187,0.00016725721396778257,-8.36755384175783e-6,19.710552901557485,-10.92895896831116,6.885405910351388e-8,4.2656336353184e-9,-1276.8753715763478,-56.34473039051723,-1731.0,681.6970120074861,0.00021187184891320336,-8.341934319342719e-6,2.2766500967560948,-1.2776387568520082,6.914844279678626e-8,4.2806131974182845e-9,-481.44646268519745,-3.249764260361537,-198.0,2262.857821678176,8.93711793233195e-5,-1.7311399589619057e-5,12.046076559621897,-6.936745306774533,6.897742301624715e-8,4.27390440089237e-9,-1190.3477540333374,-7.619471028318484,-1070.0,754.6344481002421,2.2860253180396286e-5,-1.2244288084585762e-5,22.280416263385785,-12.195868980603938,6.944598663994321e-8,4.282590437894549e-9,1177.8883971083558,-39.60740317476652,-1903.0,4422.138164764675,2.121497102533635e-5,-1.142848882458351e-5,79.82949428243326,-42.72321607914089,6.978516976523014e-8,4.281398825217551e-9,2838.1213502071414,-9.36580302081545,-7288.0,862.713205637356,1.0871660991542033e-5,-2.055333205536579e-5,27.203315957036793,-12.717042292605727,6.881049702221493e-8,4.2618530029721086e-9,1390.2443546646027,-8.443824351117327,-2259.0,16862.59830424116,1.4156907482870404e-5,-9.613644953178528e-5,243.00267747094833,-8.819544684762527e-5,6.93552047655279e-8,4.2388867850072706e-9,-252.52475481682512,-16.076056767341772,-16837.0,66501.91774321976,9.236219592076001e-6,-2360.2086134211495,530.765990235283,-1000.8037243177101,6.976759677897236e-8,4.2497756844490835e-9,-3109.9999059387774,-50.67149897788506,-60511.0
t271,12433.106109948912,1.0430027601761802e-5,-385.39478610038196,361.78595861234487,-830.337541511806,7.819203150752722e-8,4.22734329323645e-9,1317.5917776770486,-17.75152912070428,-12879.0,2245.389623001134,2.661872124079734e-5,-8.833136304279866e-5,36.97592526493673,-10.277621121984492,6.826182286026687e-8,4.272053051067376e-9,-1025.319498859471,-2.7683666319465834,-1244.0,100.57591884217771,2.0362971594462104e-5,-1.3559397417821196e-5,28.002356678185723,-7.785514917961268,7.937650009196006e-8,4.222792109968317e-9,824.9274599872649,-3.7202274686116095,-942.0,8193.743722310875,2.2745360793931847e-5,-1.1740321229037178e-5,55.45079880462651,-15.412434245372904,7.972705524099401e-8,4.224464086908132e-9,-6288.093646866255,-79.68845106062628,-1866.0,1407.3086147410231,3.399496983450279e-5,-9.262783107615452e-6,6.405370011140903,-1.7801519495608442,8.053794408531046e-8,4.2380235972223305e-9,-1190.8953135584723,-8.038544053288708,-213.0,2736.650282880969,1.7684982258247445e-5,-7.290790122335113e-5,33.89305809499707,-9.419087423218658,8.001365354240582e-8,4.2311488631571285e-9,-1546.4266183876605,-61.69758001695704,-1153.0,754.630976568778,8.385505403919001e-6,-0.01360785791108223,62.67543814665078,-17.422719873803977,6.912558563056121e-8,4.2812124863323255e-9,1333.5114034428707,-78.38149887917788,-2055.0,3225.5805009036085,7.60155249941318e-6,-16.18093912165548,224.59746595360312,-62.42130824878792,6.955587788747249e-8,4.2824627521894554e-9,4482.210568034065,-16.786295182086782,-7837.0,566.5613888568696,6.752195529272808e-6,-0.0015506404977324996,73.71318173480046,-64.02739511289532,7.924653605260943e-8,4.223851570809342e-9,1892.4167866432788,-24.66241830685131,-2444.0,21089.38070891897,1.2520196615315284e-5,-5114.611857037846,605.1670391142401,-290.42372599774944,6.917080143864542e-8,4.267807506746061e-9,1919.999821196149,-19.51199875759545,-18190.0,68930.9420621262,1.1453471008774601e-5,-2209.003104911059,1598.7605099353348,-1492.0801787300823,6.875401017406865e-8,4.2463176305059254e-9,-1719.9227393088177,-30.696560574353263,-65078.0
t272,12516.493614552313,1.1056421793252537e-5,-40.223333597537355,660.5846024090937,-716.4725325783401,6.808918277958249e-8,4.294918594811611e-9,1980.641957235889,-31.024319123651875,-14370.0,3094.182678477094,2.9609959607016584e-5,-239.99991268386825,63.62753916321351,-5.57887629909014,6.743821625315974e-8,4.270257948567585e-9,-1515.1405800991702,-14.090878233814118,-1383.0,84.81166162131764,2.5498378316278057e-5,-1.4525306951863548e-5,48.19719692338999,-4.224270389363374,6.709543514775415e-8,4.257148001264189e-9,922.5414352829351,-3.326034475205053,-1048.0,12831.968511644485,2.4486561791267693e-5,-1.4114962122202792e-5,95.41698624343417,-8.366479576038918,6.742633445247463e-8,4.25711327505676e-9,-10750.058306471401,-93.96072232489452,-2075.0,1890.611793615658,8.6170772467517e-6,-52.85828450281975,11.018706231196099,-0.9722406600512498,6.678458220795587e-8,4.263844131388618e-9,-1599.9999834178452,-10.799999945070345,-237.0,3878.175736109525,1.6681902698401212e-5,-506.5145214763429,57.34563823732912,-13.18203667154756,6.768541337699786e-8,4.2625598785672865e-9,-2049.999834143576,-85.8249988078878,-1280.0,709.3657532447534,8.128416522820101e-6,-0.073883052804746,79.88699210496922,-187.31935323723573,6.827978181630648e-8,4.275658524222596e-9,1794.2154872840038,-107.07500454106234,-2289.0,3521.8821553987977,7.498279795462847e-6,-89.16263258378811,275.40255791074173,-660.3482793142315,6.869465522478736e-8,4.27716392293676e-9,5668.9286560310675,-20.70246499858583,-8696.0,566.5613881049686,7.774257627280691e-6,-0.0012138019363579964,127.85849429294993,-27.4506970827084,6.808171639242924e-8,4.263052890976411e-9,2086.2137984822325,-27.181777834008194,-2726.0,25378.378091955256,1.447971925764695e-5,-6711.682703736475,927.0738619626333,-1234.2570133164386,9.040178317325032e-8,3.953639612749445e-9,1919.9997468987926,-19.51199831294592,-20260.0,70735.9666026903,1.7270933751739075e-5,-1919.7866081764712,2748.729233431901,-2491.74630236707,7.797249148781293e-8,4.028827516926244e-9,1542.6576229170707,-43.82056587074823,-70572.0
t273,12960.583946865085,1.734689195798752e-5,-3.939770799174792e-5,735.6882644444277,-735.6882091684778,7.378979176554594e-8,4.289735862289358e-9,3035.7755170388778,-32.3594971767745,-15964.0,3640.083038291067,1.2269231534571843e-5,-240.0034672096495,67.63939628981547,-11.277312198474737,7.995473311040228e-8,4.154767621801591e-9,-1935.2165814262826,-15.225086092913145,-1506.0,99.76985368388213,1.050986790778483e-5,-0.0022863648961854955,51.24048176889713,-8.530860001943225,7.75587521125925e-8,4.153551095308624e-9,1000.357305597209,-2.8345052697821282,-1140.0,15269.912831188676,1.072311387052159e-5,-1451.1698504791732,101.43255807373706,-22.04471466594814,8.367955175921803e-8,4.136601689610677e-9,-11545.142426405193,-93.98840846234054,-2259.0,2139.319167712352,1.522420520105405e-5,-1053.9084837866098,11.715447306947128,-2.525399763197168,6.904385470739159e-8,4.164472420203203e-9,-829.9982572506642,-5.602489510834225,-259.0,4440.037146706776,3.5178625116701425e-5,-965.9171816568179,61.98719379074695,-6.2822564178323015,8.065026246021117e-8,4.155417426246547e-9,-2049.999937959682,-85.82499971821075,-1394.0,754.6312453324671,1.424050087208719e-5,-3.2394528609476844e-5,113.08567316897482,-4.946062048400001,8.62521289066699e-8,4.147760358371641e-9,1737.4913758198009,-107.26221420319007,-2493.0,3611.8890099376395,1.3666748425388454e-5,-3.396338787657489e-5,312.6806586552136,-312.6806376646876,9.117652295077006e-8,4.079361867381154e-9,5866.662213778736,-20.551224495078433,-9458.0,566.5614464165112,1.1405191443059695e-5,-5.01150539651626e-5,137.97581851803974,-5.961583223371315,8.794327469444906e-8,4.135242670016776e-9,2291.4993609606386,-19.075004050254304,-2971.0,28593.129579906414,1.3927523573723133e-5,-6662.376845097302,946.1476426734059,-1338.0632868232856,8.19562468563101e-8,4.011089747271601e-9,518.5713952757848,-10.408499922911671,-22047.0,77244.75194101296,1.6546752708539612e-5,-1467.0071356835313,2860.607996413389,-3953.6813537155213,7.692104547607329e-8,4.0822278249543305e-9,1910.0000345707713,-50.67149915571929,-76544.0
t274,13774.10685689519,1.8912267115167053e-5,-3.1036386673670946e-5,702.4521553354707,-443.70290051878027,7.3976547132999e-8,4.282695224287188e-9,3216.8574626891354,-34.71356233567603,-17215.0,3892.831081641642,1.3318110158121628e-5,-283.7594889452627,61.310215304560145,-8.22131494998478,6.694468462038656e-8,4.264764567840356e-9,-2043.6426699772348,-15.517836445654696,-1603.0,132.9441475434052,1.1882276748459331e-5,-0.0021609647271353827,46.4472432707051,-6.215421825569982,6.659687997161982e-8,4.25374787421615e-9,1043.644023644349,-2.8178436140673306,-1214.0,16206.568248503021,1.2170570712780832e-5,-2330.7087021682137,91.9410207910888,-7.199533472512435,6.681292502420693e-8,4.251031366024709e-9,-11461.799173213629,-93.80187276560085,-2405.0,2173.0627897486647,1.2503326027454945e-5,-1053.9078218056022,10.619075138752734,-0.8465405453263194,6.704677917516529e-8,4.263767782408774e-9,-848.2021493395725,-5.72536576453576,-275.0,4666.306409711483,4.0946955272889373e-5,-1100.0965945965943,56.18576540530338,-2.5706677535954716,6.81308909438445e-8,4.261857699296915e-9,-2049.9999540001904,-85.82499978315883,-1484.0,754.6312529434977,1.1407035671091861e-5,-2.6212634016210615e-5,103.93233151120852,-5.74703103620866e-5,6.904704910429966e-8,4.277126909893002e-9,1902.658957576137,-106.22246965042314,-2655.0,3225.967623462957,1.0087007014722023e-5,-2.452767876264343e-5,282.7822358321875,-266.4692814546928,6.955590575330219e-8,4.27956394834485e-9,6846.063054222351,-22.343617683369676,-10066.0,862.7131700850847,8.735553525084663e-6,-3.2967820633021726e-5,126.88861219950661,-6.494003294600179e-5,6.851667240190946e-8,4.259977472043806e-9,2204.4203439366393,-28.022037114920263,-3166.0,29831.5966977239,1.1406769612640571e-5,-5512.423488280566,883.8790961882833,-718.0459756572781,6.914934064233435e-8,4.26162300252681e-9,-755.0676999687846,-18.93864145434668,-23711.0,80135.03027026978,2.219449003407072e-5,-2.8481675657503373e-5,2696.2233031741157,-2696.2232297531314,6.920175207857177e-8,4.238970400270462e-9,1945.0678044307997,-50.09814188211317,-82030.0
t275,16252.582297843077,1.533464450091132e-5,-3.657541293074463e-5,774.3824107991142,-1033.1317241176794,6.890320003420968e-8,4.2887845725950526e-9,2585.675230312665,-26.508193629305282,-18553.0,3897.047243224664,1.5560775254662323e-5,-240.0014167156091,69.60525743993264,-15.898972717805895,7.44053171461895e-8,4.190324470158694e-9,-1992.3727191748162,-15.379407687121116,-1703.0,238.6311897625017,1.4081243200133729e-5,-0.0006958850148478309,52.731625377569,-12.036644471834995,7.322971266487739e-8,4.188076561740614e-9,1013.4540558750957,-2.7795448119526736,-1290.0,16552.453823201384,1.4765165778448123e-5,-2867.8999030211608,104.38025683224228,-23.843511347943142,7.61044252745582e-8,4.1746053703973476e-9,-11113.6966960733,-96.39398445081507,-2555.0,2130.7302694546265,1.4867860341991187e-5,-622.4295843535702,12.055769775833653,-2.754515888567015,6.867935996213711e-8,4.1965141822852325e-9,-1217.3846064217064,-8.217347502268558,-292.0,4737.619490064746,0.00010704137053888405,-1075.0055228868612,63.78729629716129,-14.576413798861637,7.539877858723938e-8,4.189674680258398e-9,-2049.999957001509,-85.82499979310202,-1576.0,754.6312533820061,1.121865672100433e-5,-4.8585433438594786e-5,117.99411411543794,-0.00012171417349989054,7.85858558835958e-8,4.187013220933878e-9,2055.976324713618,-105.6015332074816,-2823.0,3798.761695016867,1.1086102617430627e-5,-4.482690038559056e-5,316.7371787574247,-333.0501803987077,8.31151486957311e-8,4.12406037590647e-9,6920.072580473582,-22.521240184942013,-10680.0,637.0418495963814,9.997323906359116e-6,-6.078923049415729e-5,144.0559846882328,-0.00014919780737867404,7.96125108473538e-8,4.180120643182829e-9,2608.275721121028,-19.373355495915572,-3370.0,30135.273800375104,1.487132584920991e-5,-2909.3951715851176,974.3691773894162,-1174.5458862593127,8.879737810760779e-8,3.941409214969226e-9,-1319.9999338389437,-9.70200101977974,-25696.0,83591.20395970147,3.329264871835016e-5,-3.3735219736087624e-5,3306.319429659785,-1308.661887712985,7.636618793718924e-8,4.085355034565037e-9,2510.0000000142873,-40.86150124395329,-88058.0
t276,18858.335654591618,5.495708038963062,-1.3518290351437134e-5,1003.0116892601822,-995.3959469456198,7.487177270289526e-8,4.278527518216964e-9,1129.74620946687,-20.19330097355415,-19981.0,3696.3928136436707,1.4595357611329961e-5,-197.1229809768637,84.51099853393237,-42.79073136679349,6.706730002973164e-8,4.258320060720721e-9,-1724.334408796599,-14.65570566520315,-1802.0,230.97718920381877,1.3073120405394427e-5,-0.0037419140576837166,64.02854980748478,-34.40923276803245,6.663999170932773e-8,4.246845019368213e-9,1107.1814530250601,-3.7742304908289177,-1364.0,16496.854219491845,1.2061927841920242e-5,-2674.448090570935,126.75000137147593,-59.65935158122452,6.678748244319036e-8,4.243437488057147e-9,-11085.837174605636,-100.65961618136555,-2703.0,2107.347642469402,1.2797148064171778e-5,-189.1423622433677,14.638032444732469,-12.04433184168353,6.703567620059411e-8,4.2564090701867935e-9,-1599.9989985375478,-10.799995151881111,-310.0,4744.825125437755,1.2940123816264404e-5,-976.2583651637713,77.46778443588691,-36.23412609499853,6.7310175590004e-8,4.2513880259577365e-9,-2057.010835334618,-85.78959627993001,-1667.0,754.6279900948434,1.9548968263639602e-5,-1.0495478850600334e-5,62.583268110920436,-364.65778830209626,7.011881772692735e-8,4.2744052025016705e-9,2631.434162677038,-95.98764171365244,-2988.0,4393.4482798543,1.917149898698688e-5,-6.574473528070924e-6,400.4753583691517,-400.4753451874438,7.209385976338089e-8,4.282157119339895e-9,6920.072935036879,-22.521240729377983,-11291.0,566.5613937507997,1.7614479685854824e-5,-1.0022807124223283e-5,26.13131666227719,-489.48768494608623,6.96189660957612e-8,4.258027035509566e-9,3488.746661886267,-24.951695012103237,-3567.0,29962.21878739856,1.1685559721301565e-5,-721.3304117450799,1215.5855881664738,-1374.7719584012357,6.898438019068093e-8,4.2324946995421555e-9,-1320.0000158567143,-9.702001289776215,-27752.0,90607.35276226231,1.672250279448214e-5,-2.0844175566598774e-5,3843.69964457647,-2745.1909126545,6.994689504980829e-8,4.243106468847651e-9,2510.000011039004,-40.86150120493987,-94175.0
t277,18683.622851359134,63.05015353789983,-2.5762004381798806e-5,1304.2153762696696,-451.41586580095856,9.232672752006831e-8,3.959663942543975e-9,1492.9985305708383,-15.471020220369915,-21077.0,3637.0104374406546,1.600381195442908e-5,-34.40241818258629,96.10597871805209,-75.74145926097853,8.374353429398206e-8,4.138152033961406e-9,-1738.27919791281,-14.693356893995704,-1870.0,236.88600403900028,1.4399181569234784e-5,-0.0017645767107417353,72.8140634418455,-57.80315826123561,8.110635393295064e-8,4.135452757713496e-9,1167.135265544002,-4.030424666404212,-1415.0,15888.405156090454,1.402719613367291e-5,-2158.4801528237244,144.11985801911098,-112.47269065181312,8.652656888806849e-8,4.115795521618181e-9,-10858.07656147449,-99.49562329865233,-2804.0,2109.2369870443636,1.4341103281223924e-5,-183.2334954553613,16.64510388715406,-10.849569957042485,7.094595630597904e-8,4.149002852653609e-9,-1599.9990444074951,-10.799995522407018,-321.0,4631.113071166894,1.4464697901928798e-5,-504.82150276858204,88.06823110051464,-71.17233094336063,8.319919513167988e-8,4.137522843703179e-9,-2330.780423009222,-84.40706009548562,-1728.0,754.6279985528483,1.2204018688946993e-5,-2.3250139880691458e-5,121.55293440576168,-149.5443636790113,9.071714900181742e-8,4.133481251492102e-9,2471.000838807289,-96.63739718482555,-3101.0,4617.946558446134,1.174362598162813e-5,-1.324481599885381e-5,485.3294508033653,-295.8277042864379,9.537364493262785e-8,4.058248784805604e-9,6920.072937261268,-22.52124073347089,-11705.0,566.5614027396244,1.1929557426842583e-5,-2.2637924726220727e-5,143.25078622663682,-268.8606040238661,9.168440357622056e-8,4.122211342617652e-9,3285.9275944888304,-20.879168815747427,-3706.0,30271.42850888769,1.864672894149333e-5,-9.00159162594881e-5,1394.76831826854,-1394.7683201490754,8.82359549062526e-8,3.946092694486812e-9,-1050.3171217425413,-14.111313966710119,-29207.0,95565.54621922142,2.434937864964e-5,-5.789008077279128e-5,4442.49814939277,-3169.090702786412,7.581460557698755e-8,4.104765199943343e-9,2240.317181874331,-45.27081432025895,-99034.0
t278,19249.569696271854,75.71799263323362,-2.7557512542474504e-5,1416.3205146943124,-205.35802971891135,9.291668146106403e-8,3.9571579487838065e-9,1156.5941311013116,-19.844277515139503,-21673.0,3829.1647396350036,1.572063457653891e-5,-32.18931436151626,96.82241881034876,-43.497516614418096,8.368093793598003e-8,4.1386447309098725e-9,-1930.089099577811,-15.211243690168843,-1905.0,212.24537011032163,1.4249772459199741e-5,-0.0013982824511328366,73.35770786977896,-30.536194021290232,8.103965367606753e-8,4.136407663649382e-9,1190.683568816911,-3.749068823360644,-1442.0,15301.05799323324,1.4212231018170682e-5,-2002.226699872499,145.19409228235045,-70.86632848649963,8.645435039997919e-8,4.117473709628805e-9,-10418.831157834293,-97.32791360109353,-2857.0,2158.893151387331,1.4461064968172919e-5,-232.6919467598516,16.769097553139193,-5.171232964969438,7.084534485463569e-8,4.150705622371494e-9,-1599.9990879904437,-10.799995755944236,-327.0,4524.333236545927,1.5214104330185982e-5,-126.14867477062045,88.72409203918643,-41.105884556148915,8.292484073511444e-8,4.1386942486604604e-9,-2601.76419180235,-83.0385927802118,-1761.0,754.6280697478904,9.999960977975735e-6,-2.738658924930207e-5,130.89835201480318,-130.89837449058726,9.12766502240251e-8,4.139017066225588e-9,2503.876221422669,-96.50425138846951,-3162.0,4635.229012980126,7.4091504623292225e-6,-2.8498400088090862e-5,584.9708807673447,-197.75156566445446,9.537703396412524e-8,4.062734529357369e-9,6920.0729331911,-22.521240727311977,-11920.0,732.6797779638692,9.668883560169793e-6,-2.691186333105801e-5,160.7090781592011,-160.70910088821282,9.217308169521405e-8,4.12671286307738e-9,3067.6039259196955,-21.283664012151558,-3779.0,30301.823467167636,0.0001263386100861625,-2.6888164841264666e-5,1378.3203754817155,-1378.3202934433637,8.922560113976074e-8,3.952258677421726e-9,-198.14726668267036,-15.676382044508173,-30088.0,98194.60960522499,4.082237889984137e-5,-4.102991666748255e-5,4714.034175900698,-2466.9723047943803,7.587764570791669e-8,4.116508656401292e-9,1910.0000234358804,-50.671499430766865,-102301.0
t279,19618.188955166836,59.50428604911727,-4.388780808780012e-6,1520.067235598338,-508.0229838307925,9.152237333746054e-8,4.269275021816714e-9,1701.6178157247784,-15.35530440371612,-22376.0,3931.0652295196705,1.2452716749522591e-5,-581.3197872313611,34.04204377468214,-218.29667551019256,6.745577960871457e-8,4.233080896486434e-9,-1210.5798235121774,-17.91099955580688,-1937.0,214.58502964843203,1.1838066581581607e-5,-0.05034326508969903,22.772391824056783,-167.25408951489865,7.782198481512399e-8,4.182639288224997e-9,1408.3329985693465,-11.385999175668358,-1467.0,15029.20205687372,1.2724842427225431e-5,-198.10155547031744,54.94739794928759,-326.22898452641726,7.787754088113667e-8,4.18211335126848e-9,-11548.767429009778,-105.05149866940053,-2906.0,1947.4164209942526,1.336869377412007e-5,-0.0006259544951739605,6.408199495378641,-38.246005044207436,7.881720255538987e-8,4.194266329419533e-9,-1571.7780035645346,-10.799999375301496,-333.0,4486.515418034224,1.2694291949520202e-5,-0.0012784700153543637,29.7526405739702,-202.2340578363898,7.850019354715101e-8,4.189391193350655e-9,-2437.2077353831523,-85.82499966991153,-1791.0,754.6282627439241,3.0713992647760637e-6,-3.9798832362336265e-6,183.30281307452503,-2.778914741411745e-6,8.52353068866317e-8,4.296916480460664e-9,2376.951387103174,-97.88245958499222,-3217.0,4909.498260153564,2.6516145942660543e-6,-3.671052969001285e-6,656.6622974993975,-3.0550341660470506e-6,8.600055517253634e-8,4.298343903868977e-9,6569.518859763639,-21.679413535235255,-12114.0,1462.106278108842,3.041934738770894e-6,-3.908467153385786e-6,223.7775052664456,-2.918192874277035e-6,9.67258091096266e-8,4.237714431106158e-9,2170.2665868590716,-9.150366567112114,-3847.0,28410.64200758509,1446.7767508027066,-3.353183869218142e-6,1633.0858654526494,-1278.1073118264821,9.162105710988203e-8,4.197733275501818e-9,631.6453119353341,-10.042620671246828,-30834.0,99835.01149320405,2.579221271466045e-5,-2.6155634106232363e-6,5351.572852191801,-2432.9129007870642,8.907447891342091e-8,4.17509325796537e-9,1910.0000315142997,-50.67149956175268,-104613.0
t280,20355.47992049516,43.24263298405801,-7.03318041138651e-7,1927.5729807700277,-1220.40804680658,2.276391153365206e-7,4.255056329045477e-9,2269.5959436761086,-22.483430642155746,-23353.0,3954.730886487222,2.3015477305556846e-6,-1.3768854718970143e-6,16.319166154756598,-232.05864323840203,1.3543038522118363e-7,4.236435437651872e-9,-1738.08041095017,-17.91099944933176,-1983.0,269.50783125052266,1.6652487494749787e-6,-1.3965075811367452e-6,15.27831622796246,-173.86247478150514,1.5679016828147952e-7,4.184557354459477e-9,1402.4623258368547,-11.385998956143371,-1502.0,14774.963935638112,1.7953345895221359e-6,-1.3155451230884504e-6,20.99574750009152,-349.5404746946393,1.5729652172054858e-7,4.1851002007386165e-9,-11367.36771036341,-105.05149837700544,-2974.0,1870.5501865634683,2.141108910990551e-6,-1.1845806791823645e-6,13.323689187158315,-32.750778725258364,1.5888269608368888e-7,4.196635852378083e-9,-1500.3230988362645,-10.799999300109382,-340.0,4268.565397336912,2.0537121381259954e-6,-1.4377979507713713e-6,17.383486972174246,-211.43279008759254,1.5813410366485504e-7,4.191734653609042e-9,-2156.691096289628,-85.82499958543927,-1832.0,754.6282389566071,3.5317902560849706e-6,-8.194811898816766e-7,244.49607018063548,-4.168199614839898e-5,1.954751283519249e-7,4.288299061183082e-9,2399.5873326144847,-102.7116014390082,-3296.0,5082.878569913929,3.2710229284067264e-6,-7.761602926289791e-7,875.8773675574566,-4.0071692492960235e-5,1.9738609540528215e-7,4.28967763104794e-9,6445.514298244091,-21.270198719783863,-12383.0,1321.9931585295474,9.288567179005014e-7,-6.783945594376878e-7,298.48189762144045,-3.750852616110716e-5,2.452872570390461e-7,4.250392435741042e-9,2335.967849960598,-11.442868737595198,-3945.0,28235.12335587004,2286.130386554002,-6.71732956413363e-7,2343.7456554981254,-1150.1090434055468,2.2738509462600903e-7,4.206053926619762e-9,-0.665462858679855,-14.224891164642354,-31700.0,100388.76914132953,6.373245856928879e-5,-4.318462812781037e-7,7329.590459834149,-2290.688193828418,1.940764177940951e-7,4.24003671870863e-9,1910.0000289660172,-50.671499574134195,-107287.0
t281,20506.540924226058,38.34405423960694,-2.6635594438477574e-7,2437.7055882122036,-1928.7349942855667,4.6830414229011526e-7,4.220892931419209e-9,3216.8579952712935,-34.713567866605395,-24236.0,3501.0010620389066,4.6998591843486586e-5,-6.707504638145166e-7,129.76281886666118,-129.76279455506304,1.934087487977427e-7,4.265846793557431e-9,-1468.0374310239763,-13.963701844383403,-2019.0000000000002,255.35466716115667,4.1396953294714104e-5,-6.222314798735645e-7,98.35554355772318,-98.3555145472602,2.2557068517364583e-7,4.213506320088626e-9,1277.7551240976088,-5.109861265882915,-1528.0,14556.290019361502,4.283956054641976e-5,-6.05421115949365e-7,193.98194648730896,-193.98191695808381,2.261853932664355e-7,4.214779867232494e-9,-11426.040501455007,-102.24958996282663,-3028.0,1975.8108060745205,1.291618243482476e-6,-1.5475755404030534e-6,15.906630063814788,-33.91743767943778,1.772095300234262e-7,4.1972273245392575e-9,-1599.9999983859016,-10.79999999664572,-347.0,4094.0290219378985,4.4433313305768244e-5,-6.368312883256681e-7,118.69658155724913,-118.69655238396523,2.2800629553919692e-7,4.22220098853738e-9,-2143.677164493328,-85.3519306543781,-1865.0,754.6250238246291,1.7698419344193548e-5,-7.799557130388481e-7,316.228776417464,-6.037431102716134,2.1907083174258162e-7,4.286248197248757e-9,2398.992199649262,-104.80858584587028,-3359.0,5723.841116617377,1.2831530160077085e-5,-7.934730581304793e-7,1132.8413014455516,-21.677031023074356,2.209967521717341e-7,4.285985211978375e-9,5775.052275009204,-19.05767436710871,-12591.0,1321.9926979211216,1.7389734469372898e-6,-1.1445418437025533e-6,386.05096821878203,-7.383141196646048,2.675733795218498e-7,4.232565208668819e-9,2349.7531389414416,-25.413664757615077,-4025.0000000000005,27874.584644344595,4762.355012135558,-3.9047706602864145e-7,2621.9371651193583,-2621.8648480902807,1.8694715726870228e-7,4.203797561783506e-9,-290.6556543127573,-16.35631896464255,-32330.0,102208.97219978219,961.6512353113595,-4.7544248248028666e-7,9509.010764240313,-4749.962716363139,1.6243659459154838e-7,4.23696115527647e-9,1910.0000167021606,-50.67149946557568,-109789.0
t282,21404.695593456585,39.47174052530762,-1.4186419577892268e-7,2894.1175697990498,-2612.8215941774993,559.5122413959004,4.221573854688594e-9,2456.8580176092596,-24.833568433729514,-24717.0,2710.248487246319,314.8410763743953,-6.118496732711913e-7,151.31023574737372,-151.31021516319495,1.9579129263168097e-7,4.269118386084635e-9,-997.3825159207863,-12.707067866310004,-2015.0000000000002,305.02291942566,0.0027924954694232627,-5.668550656468607e-7,113.89397870610505,-113.89397219688,2.28226668864061e-7,4.2168391096410355e-9,1226.8211838515572,-5.846901939142717,-1526.0,13260.584358191398,1036.6131861484835,-5.609391042749278e-7,226.22327030967085,-226.22326429052941,2.2890114123073268e-7,4.21886183831819e-9,-11174.344974079115,-100.85258951522063,-3022.0,1917.3544477597356,39.44360837038854,-5.78196030924277e-7,25.91615216358426,-25.916116981524244,2.2868452209043466e-7,4.229681240300907e-9,-1599.9981032954897,-10.799987663567205,-346.0,4758.056671573039,0.00017479731026788764,-6.008444025655184e-7,137.7915870412571,-137.7915801793723,2.3046407702241988e-7,4.2264112904198825e-9,-2815.0955851441895,-81.9612677602768,-1861.0,754.6250913521105,0.0744337519973826,-2.4669321375710844e-7,369.00406166686287,-4.1506407004770705e-6,3.4891433745834396e-7,4.32486950348753e-9,2337.5783372614114,-105.28192811318898,-3356.0,6034.281336688568,89.16318115203792,-2.4539514913008546e-7,1321.9011789712645,-1.464344184274143e-6,3.5354730846146605e-7,4.323522681310499e-9,5125.5636637848975,-18.909360234855342,-12552.0,1462.1063090962327,0.0027494896480776162,-1.2734500122139767e-7,450.4789767979868,-4.0400293624221794e-7,4.510001469542727e-6,4.314799617396685e-9,2129.58401884954,-17.17205798648679,-4025.0000000000005,26200.434076634414,5086.266600099716,-2.104794046507659e-7,2504.417892554699,-3352.3553006746265,351.5138614410957,4.206250231729063e-9,1400.4159271678793,-15.693057034674277,-32174.999999999996,100746.12862650435,1439.9997581848718,-1.6588225881078725e-7,11671.81398212062,-5623.27094502036,4.80872309908699e-5,4.238269382173032e-9,1910.0000299150347,-50.67149958058082,-110094.0
t283,22111.03051419854,39.98415094666605,-1.3194939320897277e-6,2834.5474130075136,-2451.3217961040223,2.348954766320717e-7,4.221748211097523e-9,1063.8101872066661,-21.050468153381036,-23577.0,2153.93626192106,240.00020760061977,-6.442699861085337e-7,128.89191765876348,-128.89180794246423,1.9611609727483563e-7,4.267655736001093e-9,-497.5981643745054,-3.3384144020301427,-1893.0,364.28355702566836,0.010977360690135454,-6.112063877479179e-7,96.95757601670903,-96.95746649013178,2.2822352152758715e-7,4.213809448863197e-9,1072.5141688838003,-3.808812409644315,-1433.0,9365.74793382451,3164.3669003624036,-6.087622882585081e-7,193.96378632930535,-193.9637327238207,2.2905801788803617e-7,4.217150287668791e-9,-9618.420483894815,-72.69440349162082,-2839.0,1513.427367711056,422.37176311443534,-6.268465891879965e-7,21.984927683854746,-21.984904175251692,2.298451981303002e-7,4.228114798170883e-9,-1599.9991591591304,-10.799994774214065,-325.0,3911.6371989384866,0.008965090708753428,-6.566594750828766e-7,117.56093468072856,-117.56081302774123,2.3087254543904092e-7,4.225897645296034e-9,-2076.9574199664166,-85.68886528082105,-1749.0,754.6249062175283,2.0979892788755377e-6,-1.162318147784125e-6,284.0020586700138,-299.1644548791411,2.0587130666116877e-7,4.282197202541602e-9,2507.239895080889,-96.70240620869325,-3150.0,5861.4634884584075,1.8364774159226616e-6,-1.3218078437329175e-6,1017.3430626264899,-1341.758429343731,2.0731953064198194e-7,4.278796875101228e-9,6287.701293802699,-20.749416257315623,-11804.0,748.0003282555535,3.7283817606455206e-7,-5.591038769986068e-6,325.8926264589822,-196.93807616661397,2.3593529214717044e-7,4.22184772615821e-9,2915.5152250444307,-17.470098607013064,-3775.0,23279.976906172113,6554.40660846342,-7.642348384604178e-7,2260.878124350548,-2961.628309161569,1.4991737219266493e-7,4.248821481085756e-9,675.7333133080207,-10.36664247863712,-29799.0,98519.46415827455,4.1527522529857196e-5,-6.603381771841949e-7,10197.577210741501,-3899.0474090131097,1.446682175343996e-7,4.23964944900357e-9,-729.5388559316383,-11.455144910898225,-104077.0
t284,21619.924717741484,43.0298401201719,-1.0296771485378132e-6,1556.94986961046,-666.58972504946,2.2646187942524446e-7,4.224091600325359e-9,-996.4670392221861,-12.84766235908473,-21544.0,1629.6510543532129,240.00008958294012,-9.83439352687879e-7,93.04161448917802,-1.910170746976575e-5,2.411409768769313e-7,4.156985368384e-9,-197.75878936389702,-15.933949211099685,-1749.0,391.34101943951754,0.0001392268590477033,-9.325712098286987e-7,70.49166174343185,-1.892937055308164e-5,2.3666846052759185e-7,4.158279913870211e-9,867.9676570069677,-4.800457792481733,-1325.0,3306.3127272809074,3195.048306500315,-9.31952165539622e-7,139.5246766352086,-1.981455194652235e-5,2.4500906003166874e-7,4.138388710754086e-9,-3943.7365356570053,-74.14915421658496,-2623.0,787.0863771168187,337.26913866570874,-9.421113431708169e-7,16.114437877393197,-1.6955244268984586e-5,2.062143992844318e-7,4.1778021504966815e-9,-833.8415052828743,-5.628430686921847,-301.0,2339.6831403465753,1166.700159881005,-9.908439318906203e-7,85.26070588293805,-1.8471870893793367e-5,2.40394032836301e-7,4.1576538978822055e-9,-1939.105008748319,-35.538978171454026,-1617.0,754.6248921936509,1.2900579670318296e-6,-1.7582899296974463e-6,157.7259208856218,-78.3304890469235,2.4664645453296367e-7,4.147133799218818e-9,2148.5476610758706,-76.56798488519465,-2906.0,5223.6133596711425,1.141326976532748e-6,-1.9688327144882213e-6,565.0491328973253,-490.66686925649833,2.5038326359551586e-7,4.072452542635143e-9,5647.641596448201,-18.637219175849243,-10927.0,748.0002318135063,7.442481820106783e-7,-3.7166880969802326e-6,192.55649605371232,-238.89990761723726,2.479882568027362e-7,4.1277567829097025e-9,2797.912562142235,-21.569379668400117,-3478.0,21402.95163190599,4481.904960592134,-7.08846774624057e-7,1781.7665676551906,-3.436261249172258e-6,1.9152766880985236e-7,4.286104210182085e-9,-441.1606217741625,-17.46253440460887,-27208.0,95884.40375724054,2.519312758633743e-5,-8.194479948122019e-7,5947.936626440413,-2716.6689319573807,1.5239476610620502e-7,4.2371480819794355e-9,-3109.9999766248293,-50.67149966108632,-95955.0
t285,22281.002018602045,78.66634463161225,-9.228715735888071e-7,1219.0518920311174,-238.02907523518311,2.1624094515705475e-7,4.224500739588443e-9,-2748.102659582319,-30.588519727290436,-20562.0,1427.554235112704,240.0002153560943,-9.95648683182253e-7,75.0809408412742,-1.80749954211989e-5,1.8675577056570786e-7,4.278511024060991e-9,-26.164727174276425,-15.47064522848881,-1701.0,364.215072989754,0.000394247735610737,-8.871461428094432e-7,56.88073447098573,-1.7033307617522903e-5,2.18138764869875e-7,4.224224401553611e-9,870.4142764363434,-3.5104604405249997,-1288.0,3412.8449503706797,41.093176504305546,-8.867782902670906e-7,112.59147885271864,-1.7564504916125837e-5,2.1931359351618578e-7,4.229209705019937e-9,-963.346156879563,-51.183430593318185,-2552.0,719.8896030499435,0.28692725207587666,-9.537781140642435e-7,13.004073417932847,-1.457000976433051e-5,2.2068568347888753e-7,4.2410767163472414e-9,-438.2225854524282,-2.9580029628587985,-292.0,2316.8913866172966,1166.7002278429668,-9.52687363900528e-7,68.8046325912844,-1.7798893469566776e-5,2.2042414308099176e-7,4.236889752915155e-9,-1951.1796879698995,-27.216540548399884,-1574.0,754.6248944091574,1.3074814140498217e-6,-1.1073561950304667e-6,127.27691032520488,-53.99481010463218,1.8950527759330216e-7,4.288086971561505e-9,2061.162808253973,-64.06980327017787,-2825.0,6095.590254732621,1.087956206350534e-6,-1.0883701324220423e-6,455.9836055962885,-290.03310961877855,1.903017407483945e-7,4.2822615625140165e-9,4397.972560570242,-14.513311459216084,-10645.0,748.0001695950133,7.664210128129381e-7,-2.6095462317023494e-6,155.38795574647654,-131.0550508338003,2.1767927715174367e-7,4.228545196193766e-9,2627.4661651340098,-21.79923801411672,-3378.0,21690.96825965528,4040.553250755144,-8.584559704272905e-7,1442.9905042839732,-1.5615351380502818e-6,9.64392377243911e-8,4.3058267542997775e-9,-720.0000126467692,-19.51199970584573,-26435.0,94797.04782760127,5.1331024361395124e-5,-1.8200689669992484e-5,4499.903305695524,-4267.279686018479,7.44650244514388e-8,4.214984046951278e-9,-3109.999980689313,-50.67149969744927,-91869.0
t286,22414.70455324373,103.6971016733079,-1.2246522911656483e-5,994.4396153790198,-93.26972956989985,8.051690930054118e-8,4.2268729656714475e-9,-3216.857960916245,-34.713567646480506,-20168.0,1225.4574097263148,240.00013592688666,-8.0867045984263e-6,60.614165673952776,-3.809699606056677,7.081024668773263e-8,4.277512757009035e-9,147.7391011093253,-15.00110485846369,-1655.0,391.7938050267343,0.0003821470126255895,-6.093439720664222e-6,45.91821165193856,-2.9108527420696384,8.2619075895227e-8,4.224659152314896e-9,821.644990967325,-2.446531037891796,-1254.0,3405.861646351632,1959.8843943388936,-5.582878981155617e-6,90.89752031187246,-5.775295948845036,8.300478266227374e-8,4.229384067521892e-9,-2902.8586367278454,-65.00962281803224,-2483.0,652.6897860378514,380.80970920470287,-6.026518145111147e-6,10.49868965503291,-0.6808765871914897,8.3793108593022e-8,4.2419389232997336e-9,-753.232979141414,-5.084323223920025,-285.0,2294.0997100124728,1166.700263147984,-7.391379043540775e-6,55.54925118819064,-3.564412050310943,8.350763850995255e-8,4.238111426771208e-9,-1939.3345921364023,-43.45021285260003,-1530.0,754.6216818845695,3.3132795369425406e-6,-2.2302145694773646e-5,102.75154075789978,-340.9138801408743,7.170434266759918e-8,4.288956920111456e-9,2316.527018820805,-87.98634239869394,-2745.0,5629.782064857201,2.7031239525791872e-6,-2.0922135748648173e-5,368.13251037091663,-1170.405262465575,7.194849067748965e-8,4.283408121797931e-9,5557.831551778346,-18.34084638293543,-10367.0,748.0000566944685,1.6608122191540997e-6,-3.213129158057566e-5,122.49129116021872,-512.9700834051932,8.208553896440504e-8,4.222684790783797e-9,2942.7306509452665,-20.251885002039167,-3280.0,19961.06602454539,4040.553147995666,-5.842259508968544e-6,1147.7445103635207,-38.9527012628923,8.07112533339921e-8,4.210391185096332e-9,135.8108146733788,-13.221790532672632,-25233.0,94093.31092729243,2.4693354092386176e-5,-1.8542085590504207e-5,3626.679055986373,-6229.31853056898,7.02694867361501e-8,4.243539571823253e-9,-3109.9999593725397,-50.671499492269135,-88330.0
t287,22324.962087674252,4.4306815913807416e-5,-1.267665664308135e-5,695.8780628347613,-1224.7774788786126,8.038438973009392e-8,4.229247642662373e-9,-2612.666025887267,-29.396677440661747,-19154.0,1023.3607230026976,506.4807744947312,-1.0937014735035007e-5,41.693322146999954,-1.7214851242515679,6.968103397969869e-8,4.279717407764556e-9,-6.396054079720326,-15.417269589055271,-1548.0,394.82353153572154,0.023868951919243066,-6.202979238388436e-6,31.582816564455545,-1.2657673210468292,8.138158430523602e-8,4.227219247181379e-9,750.7670643570339,-3.9315079645989077,-1172.0,3457.3715606418928,1959.8993715349545,-5.487120431983908e-6,62.52396463385981,-2.521442554075496,8.176756845568781e-8,4.23227779939759e-9,-3087.189960702884,-69.08348814076061,-2321.0,613.2715679553316,483.119201858762,-5.953134717864983e-6,7.221703752773953,-0.27863381607026777,8.254140871803671e-8,4.2450322245162855e-9,-832.7130204412158,-5.620813437795584,-265.0,2271.3079309545647,1166.70099362378,-9.777968701091267e-6,38.21094325451672,-1.515225828504698,8.224256880492433e-8,4.241171494470295e-9,-2003.3900838007814,-40.3145485076684,-1431.0,754.6216739346892,5.323345286033916e-6,-4.3404180703269405e-5,70.6763998020922,-347.0146423908507,7.056815602214894e-8,4.291358968179633e-9,2175.3582191325204,-88.64161246650467,-2565.0,6321.194760828226,4.471067895417817e-6,-4.32946391139986e-5,253.22564404810555,-1294.0157085917886,7.079900321388432e-8,4.285877290244332e-9,4436.229901543121,-16.634559063235645,-9700.0,748.0000886924003,4.025023913361704e-6,-3.313538012334683e-5,86.2914967998158,-294.39758687775594,8.145541536933066e-8,4.227658623425584e-9,2550.649257829709,-29.543227407411784,-3061.0,18873.81356430179,1905.8921191086815,-8.795237779395831e-6,771.5043518726047,-71.37642249684438,8.03911217102233e-8,4.209949860026621e-9,1739.3506232688078,-18.184227312590387,-23201.0,91090.45100448014,2.9540536417300446e-5,-1.987811131486523e-5,2506.0440738024204,-8711.82366762016,7.04884000649985e-8,4.247337784965772e-9,-3109.999921219323,-50.671499092018024,-81724.0
t288,23157.187610271718,1.6816062078791417e-5,-2.476027451663384e-5,492.4004209794765,-2920.270074939908,7.953103478874013e-8,4.229528762266451e-9,-3190.833398108138,-34.4845503049052,-17504.0,821.2639155374676,0.00029377604469016437,-1.4761092788936485e-5,30.332422918728977,-3.5585516083947697,6.940129478321536e-8,4.2806320227642625e-9,598.7453219672688,-13.783387928210434,-1433.0,390.2307820292781,0.01291905361050473,-8.572254753896428e-6,22.97591729101257,-2.687107898254971,8.110870692128586e-8,4.2290785223213096e-9,676.8600122716089,-2.3925142539371715,-1085.0,3482.6386592419763,30.257843061806053,-7.704472554450568e-6,44.74799687854001,-102.0369397811675,8.142066075832564e-8,4.234036218558943e-9,-1252.1983275754362,-53.409224178809225,-2150.0,596.9262651057147,295.9058856462775,-8.301096842567303e-6,5.1722821068958345,-13.77425525549815,8.224258484256044e-8,4.247179691049394e-9,-633.9509995367248,-4.279169850609793,-246.0,2257.946100682053,7.874315359726003e-5,-1.439454792273819e-5,27.343814243432046,-67.11000440158584,8.180657522773806e-8,4.242965326881844e-9,-863.6781208297825,-27.50185412351512,-1327.0,754.6216704638761,5.8025173616515205e-6,-0.00010910573330233558,50.57187657885354,-352.2575148459477,7.020261589553954e-8,4.291782847878345e-9,1980.6963090917095,-60.63223805634035,-2373.0,8637.57872885834,5.1191666969667385e-6,-0.00011019389253284618,181.47765649609283,-1319.4560951501437,7.041942949736266e-8,4.286243455502855e-9,1504.359200676062,-6.959385866262683,-8997.0,748.0000618358024,7.218118807931184e-6,-1.0311141472509224e-5,62.778954722742476,-318.90822771736606,8.13688943240207e-8,4.2299373035196026e-9,2370.0002123886925,-30.870998210528764,-2831.0,19321.85714138891,14.395473378608587,-8.300465195475337e-6,556.7822376842802,-726.5225571932365,8.04466275459115e-8,4.213395808735383e-9,1919.9997110133934,-19.511998029471343,-21067.0,88987.7053610416,1.5009444287573623e-5,-403.6162530349816,1739.8655912652648,-11974.283293892693,7.045760910513682e-8,4.250738080068997e-9,-3109.9999213586534,-50.67149912377452,-75189.0
t289,16600.636946001883,0.00017413978431282746,-0.0030870667453176356,477.8854046187991,-1519.2499646908752,1.8399857258471515e-6,1.2687141002681355e-7,-2791.3008492902636,-30.968625577204367,-12737.0,1652.032436086676,0.0003297286277437888,-0.006646786117345914,26.408116114512957,-146.13922098268173,1.9052072547003913e-6,1.1504267258428455e-7,-369.74685452539904,-13.548161651116962,-1149.0,96.77772610807774,0.00016251862233059274,-0.005937123820215875,19.372904479239693,-113.05762095737832,1.915872126428289e-6,1.3104930872869424e-7,871.5984927978889,-4.685729846624881,-870.0,3015.646738794481,0.0001635168823972515,-0.03365966817078228,35.74344331808628,-220.9795597134229,1.8958938311885177e-6,1.2965556818622128e-7,-1055.9244914162605,-51.45263682443735,-1723.0,501.89455833856664,0.00016482344303092507,-0.03310499923186264,4.132401980844422,-26.10498385611127,1.803804900626968e-6,1.2999028671455384e-7,-280.9923210678215,-1.8967171213174574,-197.0,1908.6936821444106,0.0002674513594017773,-0.0024950224379084104,21.221432449387013,-140.01493771997795,1.8986445366501413e-6,1.3026425797982443e-7,-706.0317954567763,-20.8661558455654,-1063.0,417.1161453332071,0.0001573535492943933,-0.02915780169902171,40.344671026507484,-250.1573507236577,1.8971472856335778e-6,1.1599119512428294e-7,1750.536807333161,-56.81127451826086,-1901.0,6592.680859159714,0.00015123504295791972,-0.08514614807808536,150.9597049015345,-778.4408509749791,1.916476360907226e-6,1.1511823352553082e-7,1257.797291636808,-5.912011802461608,-7217.0,196.26445460389476,0.00010880050717447275,-0.0010983288900565256,51.38249947148354,-280.8341585272614,1.885365056276446e-6,1.1532865616847829e-7,2328.9606388828456,-30.772446892230104,-2265.0,15818.01174253725,0.0002582583515631088,-0.014431245926945807,471.8355502315962,-2315.3184914011476,1.8727692818710785e-6,1.2787358988697565e-7,1919.997353503131,-19.511983783336493,-15875.0,68335.37141197042,0.00036140761500698995,-80.2637726561109,1595.742176593318,-7794.6353743751315,2.2146586310088148e-6,1.1634443867304779e-7,-2924.894272397314,-48.32053279994874,-59083.0
t290,16327.294514424939,0.00017018457946261172,-0.004355689465745782,149.78082152804254,-1420.5251675239433,1.8284784618439701e-6,1.2681256901592852e-7,-3216.832629068697,-34.71335568118888,-11805.0,1598.819441317202,0.00047681279966320486,-0.002490902247411149,10.24038565025105,-77.46762703160915,1.9330821524253023e-6,1.1761212955079559e-7,-429.9196011702193,-12.67058671468528,-1089.0,53.838437985768934,0.0002999711250774824,-0.002004243531544326,7.695623582730733,-60.10391341066167,1.8919780722577199e-6,1.1828557163098679e-7,828.407587003857,-4.836032893418833,-825.0,2948.937040326523,0.0002841904953678481,-0.01194331830033189,13.442882206604372,-136.7356863059781,2.0356506274016965e-6,1.1612584059575489e-7,-1139.4227523541513,-52.20982688536059,-1634.0,469.08454966378974,0.0002844393271154254,-0.011026341151052244,1.5591495747240187,-13.45996219938569,1.8935705613260067e-6,1.1695743943528467e-7,-268.3615376098218,-1.8114595259052964,-187.0,1885.959080732025,0.0003801238010524684,-0.0021443277088475645,7.99286893126947,-85.90376681376158,1.920174213034943e-6,1.1624918449000549e-7,-772.6795210032238,-27.366899669569808,-1008.0,417.11196469979257,0.000287118845656602,-0.012428172839360822,14.969026868259187,-173.7286893501875,2.0639159495847767e-6,1.1731327530205513e-7,1607.348393594421,-62.68855692453819,-1803.0,5660.418999109447,0.000279395238432053,-0.030365232035668592,55.5063493375574,-861.8790288528348,2.4917993229594637e-6,1.1536390450898944e-7,1999.3458234045204,-8.362059731237096,-6845.0,0.014671263149562254,0.0002020293811005628,-0.0006047747765603878,18.801427014687622,-169.52025297730344,2.122106895196152e-6,1.1734377842167592e-7,2329.4782623337733,-30.773707119581786,-2148.0,15106.482472781883,0.00039461298015802096,-0.005633679715418349,174.64464363023927,-2182.6074233227178,1.8672001376160272e-6,1.2797666627199526e-7,1919.997529058394,-19.51198497481787,-14999.0,62951.19801113122,0.00035730373161573485,-80.76084370899677,792.46476380041,-4065.077835470434,2.213123047924468e-6,1.165646634392429e-7,-2857.361554188852,-47.46290114182254,-56693.0
t291,15440.621090108873,0.00017226013758453356,-0.004251344909777298,109.15869879280753,-1079.228480820575,1.8289997118179783e-6,1.269700542230041e-7,-3216.8338800534475,-34.713350820125164,-11219.0,1710.9008332453031,0.0004902678014362858,-0.0017704054705141288,8.078697772250015,-48.48565734141585,1.8679259483595975e-6,1.1417043155111583e-7,-607.79102864091,-12.701566865218636,-1050.0,83.95265428072985,0.0003124030246493159,-0.0012442029720466995,6.077974940013806,-40.79626000810427,1.895587937607535e-6,1.0788527105149001e-7,752.0729846803318,-6.306424085211312,-795.0,2920.8127942531755,0.000263704193121967,-0.007862752263729553,10.542656230962614,-97.41188425292371,1.8476676625027144e-6,1.076404531348041e-7,-1202.832287519421,-56.10368160736435,-1575.0,536.2893849727883,0.0002666230690774284,-0.0072876572746393715,1.2166123857045372,-9.580434992801742,1.930784647226878e-6,1.0699227040873381e-7,-345.5858201499306,-2.3327232061307828,-180.0,1893.0181341201219,0.0003487920606888748,-0.0015746620974633786,6.291025660933607,-74.75301492639225,1.8729835838159593e-6,1.086167645183519e-7,-824.8956107387446,-27.659310216975825,-972.0,417.12181976477774,0.00026261203694873965,-0.008608002209691986,11.829011931345741,-133.82764679541847,1.8486101531870387e-6,1.147870676232409e-7,1509.8705152370014,-66.98535669582694,-1738.0,4401.147125869928,0.00025388997751147783,-0.019225288350263717,44.39040724324025,-368.1139484225836,1.9071562205545651e-6,1.1450844013297376e-7,2525.631908804648,-10.03652408020147,-6593.0,0.014211464096773329,0.00020627786006428343,-0.000452364130711308,14.477497762214318,-231.2976888634113,1.8436128672976565e-6,1.1456701782022742e-7,2318.5537114945555,-30.747487720497,-2071.0,13897.792293700635,0.00044868763279869265,-0.0036678042957484984,137.79235251302555,-1354.0670104738886,2.213704390092106e-6,1.0957833620309075e-7,1919.9975664333947,-19.51198533387624,-14582.0,60558.255397623674,0.0003911384903971671,-79.16657788434549,548.5848196284844,-2659.393590439644,2.478464865182241e-6,1.1564624106243503e-7,-2828.1880595474777,-47.092383089879995,-55493.0
t292,14461.328956933077,0.00017359274913996819,-0.004357619376920859,76.60891434340117,-555.3844571290401,1.8267049464404565e-6,1.2719134230008346e-7,-3216.8358623280233,-34.71336963649173,-10731.0,1865.598714646242,0.0005379474207289384,-0.0015022735196252486,5.9581996350339335,-23.207224512853823,1.8704194023742623e-6,1.1476831220428839e-7,-825.9191084260659,-16.42961898493537,-1006.0,101.71981653956088,0.00035438416797036517,-0.0009315493648772764,4.507371146311065,-21.518372644655962,1.9000336259081037e-6,1.0886626956779636e-7,687.0506866664595,-9.758926539834476,-762.0,2921.007929222162,0.00027652529772197464,-0.006218884264180725,8.046489645596274,-46.648324323409454,1.8494415320482581e-6,1.0892701158665067e-7,-1309.2765793628068,-63.12357477021149,-1510.0,603.4946847334551,0.0002779894544037039,-0.005861222661968341,0.9134749808738819,-8.798859858343276,1.927492802683673e-6,1.0833470857244319e-7,-419.7702507806341,-2.833467864044013,-173.0,1915.7962468236126,0.0003568138393402055,-0.0014751359244139885,5.237743326897682,-5.279428676238895,1.8762705567275251e-6,1.0959337851570431e-7,-956.3579095102907,-28.395535616025846,-931.0,465.27218700282634,0.00026997422558011907,-0.006319320594763029,9.74206431207707,-9.78749145386252,1.8496362050945043e-6,1.1522017655360835e-7,1277.1118840150052,-75.33259647975353,-1667.0,2473.7508260024733,0.0002604582492884672,-0.010989748516844568,35.66542865122714,-35.71820356818301,1.900623402060749e-6,1.147177025514634e-7,3856.0377831507158,-12.725106922858282,-6317.0,0.013953271623867872,0.00021166651821206847,-0.00045399117845730226,11.83774922454991,-13.807401008364494,1.8449040114299289e-6,1.1568846096239497e-7,2019.9868462130476,-30.030907325620934,-1988.0,12646.63862548047,0.0005641417587737248,-0.0032725047073812394,108.67289890433621,-257.79423791984624,2.54264364743169e-6,1.1535297524206865e-7,1919.9974045020256,-19.511985215803925,-14398.0,59342.17091961147,0.000496382459253664,-91.75040762139177,402.22832987346413,-1662.9433383873738,2.5581623004330566e-6,1.1768614747755072e-7,-3032.024894139432,-49.68110836110631,-54908.0
t293,14438.662334757037,0.00017483814361509957,-0.00434164566644562,15.62610879389217,-766.7158066883674,1.8269504487005524e-6,1.2725440892033092e-7,-3216.854924509877,-34.71354739769568,-10436.0,1998.8935190941734,0.000627980648278226,-0.0012808129574089766,1.6304160445536693,-16.543823632390005,1.8788026434410605e-6,1.1440444583407814e-7,-992.8668715413263,-17.11258911019729,-974.0,102.61101287326211,0.0009761737353594894,-0.00037350962283773495,1.3442264236330408,-0.0009338425610853707,1.9141905704690772e-6,1.0876495133926307e-7,645.3581452777053,-11.313055407660348,-738.0,2930.9750812666566,0.0004353520188395737,-0.0007288344247241485,2.477171314858791,-0.3799267531628271,1.8625686108859827e-6,1.0843209588485768e-7,-1405.3170187132093,-66.7550155942179,-1461.0,670.7001628919121,0.00043592170239089667,-0.0006955197163414202,0.2880993690808481,-0.04510742340075661,1.9359202566118332e-6,1.0789172823080747e-7,-500.56407233817157,-3.378824931938235,-167.0,1931.3191675031778,0.0005028026385506541,-0.0006379218739150848,1.5155517173245852,-0.2314937191969746,1.8906337997915415e-6,1.0936063043539937e-7,-997.7102522653514,-32.89284010559315,-902.0,756.7642073419976,0.0004662746650461082,-0.0006849513961745367,2.7950650656463907,-0.42256628757021675,1.861489084987019e-6,1.1520013991977514e-7,934.9675495063434,-80.10403891288817,-1614.0,1093.940625159421,0.0004406490779155991,-0.0006854597181520528,10.00138230070199,-1.5360936915635137,1.9072369276730788e-6,1.1457336647876004e-7,5028.18741203787,-16.59308297912699,-6114.0,0.014213005327679329,0.0002987521714635744,-0.0002944220527435241,3.4164649278929984,-0.5222113290234562,1.855319585324433e-6,1.1565206886981974e-7,1948.2261199484155,-26.134592844793968,-1925.0,12843.944351927614,0.0006705783693256159,-0.0026710508909554374,29.571850087941048,-71.02988329460297,2.5418070418806063e-6,1.1505551892637325e-7,1603.702916455598,-17.187237314817597,-14389.0,58822.60270204147,0.0005057255007056204,-89.56587446589654,117.63372524844063,-1002.6689913974769,2.557322065852892e-6,1.1740295096478432e-7,-3047.1290038579964,-49.873065888062115,-54751.0
t294,13583.293535030281,0.000222626137787756,-0.0006067228181075535,48.83847830146446,-48.83736550641204,1.8381317154247895e-6,1.2797266350739735e-7,-3110.5165462640284,-33.77771932768164,-10439.0,1972.8508493819727,0.0007061091075633418,-0.0011496128391728859,4.180699968134858,-14.683852842770708,1.9336649376465512e-6,1.150028615392901e-7,-982.6690287059847,-16.678226329377466,-963.0,154.42122406425068,0.0005174831940624915,-0.000554021602313203,3.1576622801270124,-10.675321204712292,1.9457537518570996e-6,1.0990940371203142e-7,593.3836138676662,-11.287144511679159,-729.0,2952.5608522443276,0.0004564717689215323,-0.0006830273675190138,6.189842162122158,-1.339922785422715,1.9186032751154077e-6,1.0998261354590089e-7,-1444.4923548141614,-67.91819226638302,-1445.0,737.9055125983616,0.00045172010009916335,-0.000657593865340882,0.7172892095693094,-0.15901739630430128,1.8798384366552688e-6,1.0955804737599293e-7,-569.6186375313445,-3.844942981410749,-165.0,1951.8997309503588,0.00047252577215123976,-0.0006772093644149791,3.7847236197112912,-0.8239853532890317,1.935794986367659e-6,1.0994415382956491e-7,-1030.9957919337437,-32.86447463304984,-891.0,756.7705341260053,0.00046888847550620477,-0.0005960449050614226,6.991980381193894,-1.510512267791526,1.9294335603184085e-6,1.1624893764632232e-7,913.9650502759417,-80.21692739127903,-1596.0,401.7111629627017,0.000444220699852322,-0.0005934042119283873,25.031741496303674,-5.359269333834616,1.9264229785333424e-6,1.155145116851438e-7,5641.232644741747,-18.61613268638139,-6044.0,0.014044527073935355,0.00026092134902574613,-0.0003042764964632693,8.53900724327953,-1.845113522961558,1.922730903031629e-6,1.1659423161069605e-7,1917.4794654969376,-20.1873624189301,-1904.0,13548.79748256259,0.000805266226187124,-0.00225595177992205,79.15886590825573,-52.46397317026464,2.541288987381524e-6,1.1510461804015047e-7,1092.9422190379987,-13.433146264996678,-14655.0,59541.02880087403,0.0005085160526694937,-93.50163055464141,238.3854238703098,-955.6649186732916,2.5560712340746046e-6,1.1672613386501133e-7,-3020.710634171029,-49.53755250025976,-55660.0
t295,11917.228507621292,0.0002552006033626804,-0.0003870500414951841,108.86467766865258,-108.86456370843199,1.928893734018608e-6,1.0806102735710125e-7,-1218.5931267484345,-15.635364980781532,-10683.0,1880.3835066173108,0.0008932939728390952,-0.0010707824463573306,9.007979253092397,-8.37573800150581,1.8169583704260537e-6,1.1345803616067334e-7,-888.4400220220016,-16.575550281049377,-976.0,240.98840877065146,0.0007137545166110535,-0.0004869294170671894,6.818358045809142,-6.755112642034185,1.811380421900392e-6,1.1301018551604221e-7,509.00744936129195,-11.059332278828242,-739.0,2972.0897048984366,0.0007488836708949941,-0.0004963211539025384,13.494359133576506,-1.5726454409378774,1.866861214291431e-6,1.1376345587160602e-7,-1450.2904640215174,-68.72120910612905,-1465.0,805.1076572269492,0.0006891290729026338,-0.0004859061061543059,1.560355931617322,-0.1924768129420229,1.9343430543103672e-6,1.1279281343110329e-7,-635.1882033487273,-4.287538260207049,-167.0,3449.4222150084456,0.0006567098361666854,-0.000590827039831218,8.25003424554258,-0.9800567015644929,1.8207183011449352e-6,1.133992132452737e-7,-2533.164414545311,-20.527845818198053,-903.0,756.7770361516463,0.0007970425769722215,-0.00046162450177615215,15.245099018759193,-1.7682380718985728,1.894755527277607e-6,1.1528920728381465e-7,922.8032053517389,-74.05743987542844,-1619.0,72.37179166693112,0.0007328111358556509,-0.0004665347458896106,54.62387087309293,-6.3172565456526035,2.3458045735334105e-6,1.1581873705189975e-7,6019.184704668988,-19.86337938878003,-6120.0,0.015454489306863163,0.00032935597191911694,-0.0003267733837307932,18.628778922214543,-2.164687636287333,1.9158784652783476e-6,1.1539469192307949e-7,1931.8945606196469,-15.374111002713894,-1933.0,14802.741083242063,0.0010558318094360001,-0.0019665002891814747,173.43635783302423,-62.051344355435575,2.541269960300394e-6,1.1566020243777536e-7,373.35068520415,-11.475873870029195,-15276.0,61693.797372372166,0.0005140943779057035,-713.617684675258,526.4604862288442,-1042.41362127423,2.554348728092795e-6,1.1307718945453361e-7,-3030.564374519823,-49.6626948816117,-57384.0
t296,10725.362911335138,0.0004964196297515232,-0.00022786734334645067,258.60522611414984,-0.00113944222823447,1.9517899979443195e-6,1.2907776524724045e-7,0.03311262312681239,-0.00038118272506775295,-10984.0,1821.1690518292173,0.0011381878640726623,-0.000981300370921595,17.41761418926265,-5.462921403181699,1.8053571221779976e-6,1.1483932913305672e-7,-839.4794531309883,-15.644450277574668,-978.0,333.72520235108425,0.0009501830159189407,-0.00040503872948139796,13.183977756986973,-4.291919543031467,1.8183606906616678e-6,1.1255139894959067e-7,408.1692636185477,-10.787071247193253,-740.0,3023.015267387869,0.045984096980178496,-0.00026589073352767444,26.121942836425006,-0.0006186705789859506,1.8225010434464033e-6,1.13112998286948e-7,-1513.5956045470061,-68.58670713665059,-1467.0,765.6637749928614,0.04408564356242286,-0.0002633172735645201,3.0178835013629866,-0.0005361008182502173,1.9847528609940005e-6,1.1274618723947985e-7,-596.6972255169188,-4.027721288118981,-168.0,3451.9468187554335,0.0011356946241828391,-0.00038343392106830987,15.97086869485037,-0.0005806106034795127,1.819313194625136e-6,1.1290037700584506e-7,-2543.0703127523075,-20.847548270488478,-904.0,756.7834756743856,0.04216302178115038,-0.00025271455471557216,29.52102809530128,-0.0006116911390452467,1.8298593914083152e-6,1.1755580639143802e-7,901.5552804056298,-66.90108473084105,-1621.0,73.00386528889473,0.1180764345093411,-0.00025558059917733924,105.82266835405136,-0.0006819692521988049,2.1220658854053444e-6,1.1763921624896004e-7,5971.763205146923,-19.706879896952785,-6131.0,0.026625037212776426,0.0005463680502001288,-0.00021147614585978193,36.05687666357653,-0.000618860190160291,1.848819280817699e-6,1.1706083691602958e-7,1910.0083700500313,-12.091589740030088,-1934.0,15743.207583431638,0.001626077370241869,-0.0018212009601453732,330.42357977530855,-15.119974380175524,2.541015898126437e-6,1.1579272533768946e-7,-719.9990142217107,-19.511982102995812,-15319.0,63339.41085101986,0.0005159298647761974,-1873.1102586384063,1041.221797819157,-632.8314248606536,2.5535896344728403e-6,1.1735573548449914e-7,-2978.6876216753276,-49.003862254947514,-58847.0
t297,10219.57061509064,0.0003606923028184759,-0.0003630649476048589,298.16794553262207,-556.773226159532,2.5002324060819913e-6,1.0682142970452784e-7,1422.553231359026,-12.518565977309871,-11371.0,2362.593680342501,0.0021595587004882297,-0.0009399511723224538,30.076004878811272,-2.874280220806732,1.822011739001705e-6,1.1499413750903023e-7,-1389.4887154541777,-8.307911069705085,-992.0,355.8014661063173,0.001955160052346848,-0.000341734985097701,22.768504272587712,-2.1961593153382455,1.8111431914834061e-6,1.1367232848655997e-7,385.3500312993683,-10.725457694501353,-751.0,4250.940767810017,0.0023066032814622185,-0.0003118515849331769,45.10493454930159,-1.3584733483894273,1.8730700490815943e-6,1.1354347109027518e-7,-2731.1893108000736,-75.49991492894101,-1488.0,830.8758231042884,0.002179812924741068,-0.0003070893394945308,5.210862100853455,-0.14911244090359085,1.9364426344350082e-6,1.1353139177450456e-7,-661.4744789543839,-4.464968562665674,-170.0,3769.706038619608,0.0008835369993204433,-0.0005263026780148452,27.575117732949376,-0.8158279551865317,1.8247424217783226e-6,1.1363070840252845e-7,-2838.7530121064947,-40.712675444926276,-917.0,756.789591279945,0.00294177640192421,-0.0003022902606135734,50.97613422523841,-1.5350264544566337,1.8916435860815118e-6,1.1590654730164875e-7,906.2170811590754,-68.4504216841915,-1644.0,176.20226666358278,0.0027624459006600774,-0.0002978579575885462,182.71659787713403,-5.523756880933664,2.3715269856703974e-6,1.1576336017771004e-7,5882.0131341258,-19.41070883197638,-6216.0,0.01540271499229626,0.0005475100068235108,-0.00022382079222557367,62.25815579333601,-1.8854366294796963,1.9316455134966807e-6,1.1704741692658388e-7,1913.937997520752,-11.326445128088999,-1963.0,15697.423130257615,0.0044991744390549355,-0.001522092031405119,571.4514042558362,-44.79733644216599,2.540414431699766e-6,1.1500218869194843e-7,-483.3078625293752,-17.77231523386702,-15723.0,64068.00145549596,0.0005207096802688394,-2614.2148195956484,1853.556591453238,-445.7567262099177,2.551562953099021e-6,1.1648979547677749e-7,-2405.858095619516,-41.72892882519834,-60414.0
t298,9031.856416662446,0.0006717869388229241,-0.00025565719874087023,581.042387677714,-581.0423485205646,2.5077934731417716e-6,1.0788876105624924e-7,3216.856685963481,-34.713560455355754,-12214.0,3807.0518712590524,0.0009468033292637422,-239.99466926753075,47.22601446072357,-6.253088916899466,1.888353019288894e-6,1.1451386971145905e-7,-2565.1052977333607,-16.92577858533503,-1026.0,117.33516333819233,0.0008046172112578014,-0.0005138474020470199,35.763429285734475,-4.72463952129956,1.8482171972087277e-6,1.1375601075238378e-7,637.2588705834938,-8.633116397857924,-777.0,11022.361524002748,0.0004610609648898974,-0.0007904004897447593,70.82275329476911,-9.38059376921882,1.9764249313696174e-6,1.1416776846870704e-7,-9448.554178634306,-96.24917762524221,-1539.0,1606.3070424083082,0.00046055386156783405,-0.0007723219849412407,8.180814685820144,-1.0842685588280183,1.8622137377956597e-6,1.1462288865840601e-7,-1427.7658409149667,-9.63743780911755,-176.0,2867.879741112763,0.0004496199043322494,-1166.6948041354442,43.289636469908096,-5.740985531274497,1.8731856808680528e-6,1.1565024211458492e-7,-714.1785422158771,-75.55549729601908,-949.0,417.1399959069172,0.0004780848812245622,-0.0007322936157027557,80.04997845104995,-10.595233334422343,2.0033798163708507e-6,1.1658016704194367e-7,1306.990982153751,-93.58547107282337,-1700.0,125.25450687416648,0.00046133206591187704,-0.0007130756948703688,286.8656356945397,-38.02609208501538,2.47058396993273e-6,1.1800352115377031e-7,6078.966865298974,-20.060666606526688,-6433.0,0.012714172585649944,0.0002997774827679715,-0.0003756060432884425,97.75035739332465,-12.95278093014622,2.062300702766483e-6,1.1741652356879642e-7,1969.480208617857,-25.290425595411456,-2029.0,21248.195831943198,0.0002538374773295095,-3450.9732071752146,785.4196447674994,-445.1313412645449,2.4816984262446277e-6,1.156233186492957e-7,-1919.9991896691793,-19.511994985491206,-16198.0,58379.003927698854,0.000528497479426309,-2096.470457385673,2889.136515382704,-252.59806751877406,2.550489559360036e-6,1.1630516579966017e-7,2866.0494365501327,-46.121885858524735,-61739.0
t299,9149.434285270016,0.010485740308387899,-0.0002200763646515724,888.0119278685967,-143.6001621742045,2.5489585595713443e-6,1.0741566585055137e-7,3216.8572450529223,-34.71356426238246,-13076.0,4302.639136007377,0.0003555143014320461,-426.6691543687406,46.80392541997986,-58.86760519813811,1.7813010680293713e-6,1.1383257747432251e-7,-2762.448028509561,-17.458630736749015,-1084.0,133.26945109361338,0.00029686645388906215,-0.020767550233203102,35.353946924460345,-46.06086576223512,1.7858069561265966e-6,1.1205103434966398e-7,708.2241586178584,-9.766222067510528,-821.0,13039.346719821728,0.00025770176062138054,-1120.7926619540783,71.74285749048633,-84.16823125113352,1.7886162721304345e-6,1.1248964202900026e-7,-10181.101476783742,-99.02746690402304,-1626.0,1784.8263455744193,0.00025797704191957746,-625.4075128570329,8.000002451419695,-11.31832186849836,1.931397848769284e-6,1.1330435866881782e-7,-963.5964741007089,-6.504299205873593,-186.0,3482.5946689715975,0.0002683192815636273,-1166.700093933461,44.839585450530194,-43.717166630343,1.7753428488238818e-6,1.1334605654086691e-7,-1233.944975062432,-80.07228898559862,-1002.9999999999999,417.1459762998594,0.00027148760031494673,-0.0327936101540971,86.87529716315152,-64.57386274647254,1.7981901258252007e-6,1.155604560504402e-7,1456.7726062906906,-99.18749678511978,-1797.0,186.16593992088076,0.00026629084594611467,-33.9270642874897,348.7185524651697,-112.56687519936425,2.1153132669552147e-6,1.1567478070090608e-7,6428.824394983692,-21.215216376362342,-6796.0,0.01247583552036176,0.00019479227997025705,-0.000722988813913503,106.46952653082543,-76.91157076633654,1.8185962779391196e-6,1.155075786086388e-7,2140.4128031506466,-25.982708478762113,-2144.0,24042.744459614554,0.000368638369964997,-6058.224608099797,1021.3732238727897,-414.38272819817485,1.8905054200364715e-6,1.058541464132692e-7,-1919.9987240994928,-19.51199361897634,-16652.0,62024.59141934834,0.0004350709714150309,-3627.9392993928527,3264.7585248212217,-1897.7380649587174,2.1656134420559668e-6,1.1463137639449702e-7,3109.998470460127,-50.671487600754446,-62823.0
t300,9261.774775732483,0.014664862170677816,-0.00022056881581476043,1228.0428263981519,-6.975750312104792,2.552150200534248e-6,1.0764387642003543e-7,3216.8572656677516,-34.71356436976493,-13665.0,4483.6597174284625,0.0003749806207272766,-512.6848590719213,58.270712709962595,-79.58471214719282,1.793398852405268e-6,1.1250098605581832e-7,-2806.0847846189035,-17.57645116247969,-1126.0,203.01721440229616,0.0002841056829800726,-0.011075963532856602,45.47124247783689,-48.03503567853909,1.8092223724478376e-6,1.0768114907194227e-7,662.8641491973862,-10.306780437411136,-853.0,14435.82520461596,0.000240240601464554,-3276.3514806284397,93.36508780996705,-76.00546744455005,1.7774502721921115e-6,1.0799817890195455e-7,-9391.854247526837,-95.97933892641855,-1689.0,1836.31179490623,0.00026036387203226633,-668.2202288203054,10.530514649418697,-9.942021873377069,1.9306715828645916e-6,1.0735647607260302e-7,-969.138610458625,-6.541710784385596,-193.0,3840.4275208767067,0.0002609709436864416,-1166.7000118642695,56.08121454383921,-54.447754684217315,1.7902156752510894e-6,1.0812041515910511e-7,-1558.8680289585568,-74.49320276613773,-1042.0,417.1555360947341,0.0002970470891111723,-0.015898381624492454,106.10984035496055,-95.16590735616363,1.7815042119386363e-6,1.1325668668513959e-7,1533.6333508251632,-95.71722046208362,-1866.0,1029.12178812911,0.0002925676093235339,-22.364606863505365,418.55009123652684,-219.8055090771917,1.954286101180275e-6,1.1346828295899567e-7,5882.911647389001,-19.413705411718073,-7069.0,0.012396925472241622,0.00022382991714538905,-0.0005291170570766443,129.2578053398689,-117.56433628345361,1.789880909298486e-6,1.135632310660533e-7,2239.679176034476,-26.384738622812783,-2225.0,25983.43997345899,0.00038498904549651023,-6848.1328814236,1113.7078964231964,-1379.504939029691,1.8019388516081812e-6,1.2707767975198835e-7,-1919.9984442543498,-19.51199195895801,-16930.0,65291.301105694554,0.0004319082240604273,-3631.6378972886805,3674.854109451768,-4513.844791103309,2.179342598548145e-6,1.1520652521016383e-7,3109.9985267034926,-50.67148752169062,-63880.0
t301,9957.856099637487,0.008028239139950816,-0.00018436736728623238,1529.375112456376,-520.382872427581,2.194013935215612e-6,1.2770262458526353e-7,3216.8573786732873,-34.71356443102162,-14149.0,3881.761924808963,0.0003436054546538533,-315.3972952383586,75.39327500453658,-69.29380960767116,1.8625120943441325e-6,1.1339011118770339e-7,-2385.0248526489067,-16.439587873862948,-1171.0,205.51840655178998,0.0002543099675829271,-0.008252704142931402,57.08846979910901,-55.94241993179017,1.8768416599038542e-6,1.0696476715880542e-7,687.3968935602495,-7.053353547566387,-887.0,16069.49321062455,0.00021942708001267515,-4162.680851571014,110.40867635668072,-136.1316823055437,1.8437912589640276e-6,1.0707617342294002e-7,-10033.293534833774,-91.79603962501336,-1756.0,1792.9341111544925,0.00023725403743895287,-878.2536964226151,13.202731838737497,-11.913592843227754,1.842791821999163e-6,1.0665789294930625e-7,-710.176079040229,-4.793713867563775,-201.0,4056.044925201257,0.00029010659010946774,-1166.699949769722,68.55421269430423,-73.76550375320892,1.8644463388572933e-6,1.0717701815008366e-7,-1725.3805022296654,-74.75347419970474,-1084.0,417.16190668890596,0.0002911145261800485,-0.010710056396270769,126.46655841078336,-146.15178209588697,1.8532062585213902e-6,1.1379307642152211e-7,1638.926323747624,-96.39258975407813,-1940.0,1703.0655037463175,0.0002871540083319099,-14.456942766998987,467.14476119268284,-532.999496343322,1.8744281001121409e-6,1.1412448834553947e-7,5744.201845196796,-18.955960128519518,-7348.0,0.012337873175667284,0.00026914089073565804,-0.00041383839432528513,153.38871555341817,-188.95434423793603,1.8535274100393136e-6,1.145008672297282e-7,2376.4922669194925,-26.938833367397322,-2314.0,27691.486549974223,0.00038305960463196027,-6860.929505975719,1234.2967731352753,-2760.3438894353503,1.8039755899784502e-6,1.265337176652914e-7,-1919.9983210981648,-19.51199146228085,-17365.0,67399.01693254484,0.0004406619292795085,-3631.8653529880517,4382.193353940534,-5683.672470734306,2.1695756199952693e-6,1.1473276399674995e-7,3109.99858175329,-50.67148742922031,-65525.00000000001
t302,9875.1146954183,0.007709174156976248,-0.00018338146590476674,1604.1861571786055,-397.4521960729053,2.0011487326666547e-6,1.2815017974146634e-7,3216.8573800025515,-34.71356434730282,-14264.0,3857.0767418294026,0.00037485700145536554,-317.8448307197633,74.35513836563146,-97.06552353305412,1.8604827666875093e-6,1.1385155196327768e-7,-2310.2841158186525,-16.237786929304598,-1190.0,251.52226706948412,0.00029469797962583717,-0.007490341982860417,56.28353556893887,-75.9491982289491,1.855203752313522e-6,1.2830186439520772e-7,675.7026694474234,-6.552080150963171,-901.0,14840.899651084033,0.00024583004507829493,-4158.9320909559265,109.79191351891488,-167.1776314875345,1.8396871838583577e-6,1.2788751297234484e-7,-8755.232434259713,-85.34965564762285,-1784.0,1843.616798741201,0.000264741139726536,-868.2979255905633,13.030780192547002,-15.99888184938237,1.7703019738234036e-6,1.2817571905847678e-7,-763.1994170165307,-5.151621067525812,-204.0,3840.4161045540304,0.00030368249416506623,-1166.6999282928534,67.11866657166239,-101.49866299344156,1.8484326186074212e-6,1.2802667052770315e-7,-1478.6825876496143,-59.65389779918825,-1101.0,417.1682931782681,0.00029279520071229834,-0.010710527271756358,121.83266093737619,-220.56519567295658,1.8493276820256141e-6,1.1456632719691397e-7,1735.0728527859135,-82.49819543501096,-1971.0,4326.319906441453,0.0002838336241831769,-14.918530491785635,348.86407852366534,-1185.394948649644,1.8768720593068247e-6,1.1466411461241472e-7,4003.3403310283397,-13.211122638431819,-7465.0,0.012296493633292115,0.00026956302207435727,-0.00040998137145816985,150.38408324164385,-258.43646997420285,1.8523673003813156e-6,1.14607614200474e-7,2486.4242712710106,-27.38404256943848,-2351.0,24984.79654552381,0.00039771714564219455,-6137.5554185821575,1483.622122657483,-1014.3541343863809,1.8120991916826147e-6,1.2672496498723458e-7,-1919.9975289030976,-19.51198578373793,-17377.0,68278.92299623784,0.00044707636820634787,-3630.79723384866,4496.197302968141,-6306.6506063982,2.167479593057329e-6,1.1489433742340187e-7,3109.998579112371,-50.67148738499778,-65897.0
t303,9622.874761249122,0.008197460828562455,-0.00018334468614314943,1665.497927847796,-221.5245062993206,1.9929816181697626e-6,1.2843051866667583e-7,3216.857365346824,-34.71356427975425,-14249.0,3722.6062370196155,0.00040864935020163524,-314.2147370546541,74.02403760218515,-124.17875029031082,1.863163658440152e-6,1.1376949665820568e-7,-2138.463328109334,-15.77386976828525,-1204.0,233.0479308132698,0.0003302476781676966,-0.009784543491634394,56.101427858335214,-100.149625921316,1.857419893717366e-6,1.2800400102994234e-7,728.0331625286822,-5.023442923196501,-912.0,11225.384577051627,0.0003050867872603884,-964.2746991153244,113.83177318397226,-185.83821140988408,1.840572857837217e-6,1.2757739290049118e-7,-8299.495000140429,-82.60874656908221,-1807.0,1486.203372806283,0.0003148520410873972,-347.9901059756264,12.380556753545124,-25.318435384447685,1.7732462483000812e-6,1.2788379822498502e-7,-912.1188780227479,-6.156826880608203,-207.0,3265.136088733383,0.00029202966832755185,-1166.699953945423,68.15327049117329,-123.1126048260666,1.8493786040154974e-6,1.2780760373233846e-7,-877.8427122299877,-50.63438218370185,-1115.0,417.17468515941454,0.0003215332955009744,-0.014822749145742553,129.24189291972667,-213.8184562640048,1.8527674994565313e-6,1.1444641932963426e-7,1733.8634374065728,-72.44705994765006,-1994.0,4885.103721661542,0.0003093596382459939,-19.673965480408263,487.93965010667864,-628.7511928507392,1.8809645693248663e-6,1.1460832918626675e-7,2848.7825529993597,-9.401077752695386,-7564.0,0.01226546944369295,0.00022726074852919277,-0.0005345194780053831,158.29458628927586,-263.2086683251998,1.8477869499418328e-6,1.1438299507990284e-7,2510.3832102859283,-27.481088411718034,-2378.0,25002.789755592283,0.0004002439426991077,-5345.713698532839,1434.0707414392257,-1716.6368696542042,1.8096826703137938e-6,1.267235308145917e-7,-1919.9983393559696,-19.51199152549653,-17435.0,69240.07930701635,0.00045180857300004227,-3629.8719776912376,4571.975242912188,-7046.510068668381,2.1708247751617666e-6,1.149874592913404e-7,3109.9985292910997,-50.67148692537682,-66195.0
t304,9630.018298015619,0.008730444089505726,-0.00018165780260215883,1731.052251617141,-335.22255873373086,2.1845061506904624e-6,1.2813290683831738e-7,3216.8570204646235,-34.71356236615303,-14208.0,3274.024040905856,0.00075638089343336,-239.99546765003177,84.72790040674066,-84.72740823590576,1.8865377121709608e-6,1.1377303705316804e-7,-1809.1451356316775,-14.884688150682722,-1210.0,262.4283685511182,0.0005344721864514019,-0.0005753871270409596,65.16698981974562,-65.16703054426782,1.879903996368621e-6,1.2790937142115916e-7,656.4816155093091,-2.9099043832213907,-916.0,8649.383709841195,0.0005708824714170087,-0.0006325278051237162,130.96179089050693,-130.96183174010594,1.8631908205831084e-6,1.274722592699975e-7,-6770.24873981468,-63.13486947281982,-1816.0,1476.805756064385,0.000549967265090267,-0.0006196831218140679,14.901477845319858,-14.901531807253969,1.7873064074791535e-6,1.2775603900314843e-7,-1260.2986003794972,-8.507033872479086,-208.0,2809.343539939172,0.00040951314490582667,-1166.6960342129469,79.84979688628883,-79.84983827993997,1.8724420686572122e-6,1.2766436546999582e-7,-479.1284645362337,-43.519411263986825,-1120.0,417.18146995196736,0.0005622524056603064,-0.0006063346278958631,148.91194909302587,-148.91199132969564,1.876591403246227e-6,1.1445974919140341e-7,1651.8371597414434,-65.01854534076024,-2004.0,5441.179637622662,0.0005507617823135038,-0.0005866180801997426,543.2915316803471,-543.2915719424623,1.9046770471815524e-6,1.1473585692728037e-7,2167.9748295714917,-7.154393056355952,-7602.0,0.012367428606095437,0.00027127855449447113,-0.0003463511492917147,182.63660272892557,-182.63667478401038,1.8596874477822197e-6,1.1426960545517635e-7,2416.086964847331,-27.09918711009555,-2389.0,23151.345172811,0.0004400572767148616,-2917.6250538112527,1522.2791522523235,-1995.4885083830122,1.8087169794729413e-6,1.2685388839318883e-7,-1919.9992098937444,-19.511994938185808,-17821.0,69026.12792972488,0.00044748870192679567,-3624.103829889666,5104.697919696828,-5713.91825850405,2.1783963853961083e-6,1.1520033412293576e-7,2129.5825601216343,-32.386770865788655,-66890.0
t305,10013.923029294323,0.008129599383695365,-0.0001742780094996978,1858.9510389823724,-664.0241900965374,2.002535578536881e-6,1.2833178269677453e-7,3216.855719648012,-34.7135551807593,-14391.0,2694.816652291883,0.0009934842986255605,-0.0010438890223123595,94.61491969895508,-94.61511676806043,1.814039216336615e-6,1.1339455720136075e-7,-1462.6703144904131,-11.146092231667984,-1221.0,191.37706682926745,0.006544633584161956,-0.0003018914031199789,91.54912134180238,-4.4120314150450834,1.8244315189311588e-6,1.1090128621621579e-7,657.733873206815,-11.254274619779924,-925.0,5242.0183073507715,159.03234679963913,-0.000318432030746031,167.426055039305,-36.647636269448206,1.8441834162289795e-6,1.1117121348658671e-7,-3620.1840521626204,-79.64470426064413,-1832.0,689.1598594554821,165.12516169974245,-0.00030869000774374507,19.0683175495157,-4.629883816341306,1.964458741341646e-6,1.1169786691321948e-7,-655.299857126569,-4.42329112931752,-209.0,1765.999384640138,0.0007579590057607464,-0.0004951693517692156,102.66786579354363,-20.841997571309584,1.816217135104959e-6,1.1135492370710704e-7,-679.5300003691602,-38.295517191580636,-1130.0,756.8435568918204,0.009732308461491505,-0.0002954640159453423,189.49203993293614,-42.24581026802859,1.8536228688144655e-6,1.1432692600791565e-7,1181.4203716319066,-63.51959697803335,-2021.9999999999998,5583.3340901717975,14.103261972296885,-0.0002834462088600491,673.0135171434126,-215.4295835762223,2.2190045706996595e-6,1.1433413827741849e-7,1618.319515852165,-5.340520412859174,-7668.0,0.014087560881371175,0.00043242495015746995,-0.0002568521760702887,236.79639444747139,-37.11410420229764,1.8686848907371228e-6,1.1460995453892352e-7,2235.010563382988,-23.707118735351294,-2411.0,17991.780276037247,711.4149782155323,-0.0011647697116263223,1942.8833401303955,-1470.1578558668716,1.8546576394719263e-6,1.269031145505402e-7,85.67074822851872,-13.590323835834528,-19248.0,69515.12970613166,0.0004325027652905587,-64.00741913061715,6349.558672084239,-3358.4482532505476,2.18861096799426e-6,1.147594763376602e-7,-2577.3265678016414,-43.90657278281867,-69821.0
t306,12827.455135144231,0.0004769474963298689,-0.0003055473411195117,1749.887096473708,-1542.6461423005637,2.5455971987396605e-6,1.0285326898132211e-7,2439.9248735365336,-24.621136809499816,-15450.0,1943.036390572993,82.93082521375888,-0.0005188730906128218,102.37268275608406,-22.009079808953555,1.893747359601901e-6,1.1419521328949654e-7,-824.7035981735529,-17.62670367891212,-1264.0,407.9000761954883,0.004107759186012998,-0.0002616987383476194,72.76682265218405,-42.695492312716155,1.8895966603855838e-6,1.2863455067986832e-7,530.1008311039908,-11.076085690085879,-957.0,3531.534986333238,2954.624257818208,-0.00026039129800436886,166.19208818126623,-29.99659700748065,1.8727863858093586e-6,1.2785457753364434e-7,-4635.22735378227,-90.12712311952961,-1897.0,721.632064741125,581.600833719653,-0.00026056175525871665,17.431305084498007,-5.61627886460129,1.8030429609910757e-6,1.2844198780508596e-7,-1090.6855218641301,-7.362144154123984,-217.0,892.9928491558376,0.000653803548329282,-0.00050909706598566,99.76467031681742,-20.092669819389762,1.8811825419113117e-6,1.2802603848529103e-7,246.1317714845257,-48.79676782496759,-1170.0,756.8499492314709,0.005548388801943818,-0.00025375586982986285,189.00300354778355,-31.631757811079893,1.889951411580729e-6,1.1437935590701749e-7,1247.0257209652684,-67.25221255484482,-2094.0,4179.10100211694,9.05775230087098,-0.00024387979392232823,691.0610197448333,-62.7008077856617,1.914529277039269e-6,1.1429985681909174e-7,3134.8262664868034,-10.344990973813289,-7941.0,0.014085774340567462,0.00029743062891202793,-0.00027212402880578393,231.90608285484507,-40.4737186378329,1.8834761395951662e-6,1.1295970707495157e-7,2316.755202990274,-12.201680275030643,-2496.0,15278.548602874289,4043.5279154181317,-0.0011008828189833875,2105.442991530484,-456.27921855173304,2.3402507310135576e-6,1.0815342508294485e-7,-254.15117863201274,-16.08801415448093,-20701.0,72107.03296785027,0.0004726228747494515,-61.80146878929322,6457.55817846225,-1804.1216662058405,2.485976656831848e-6,1.1373753891184366e-7,-3109.9970141154304,-50.67147241149687,-73538.0
t307,14605.119515925147,0.00039250332751170145,-0.0002684308430443837,2285.245342167769,-1674.029338763456,1.8746801698544853e-6,1.2780058817462482e-7,1938.99885882828,-18.33450413082861,-17137.0,2071.767536811795,89.17913608150812,-0.0005244148119775119,139.3261448367229,-22.52672682736494,1.884838314374503e-6,1.139474519360058e-7,-869.9965743305062,-17.748994140375892,-1390.0,407.90007104638926,0.0035376627500572745,-0.0002648962584846638,105.16400546519283,-25.234482929531087,1.8861281294670526e-6,1.281633368111177e-7,575.365641346899,-11.198509681680012,-1052.0,3528.6283158756596,3436.30771367233,-0.0002583045677930463,220.46598302796502,-31.539180304056668,1.8657259429541081e-6,1.275941175329719e-7,-4976.439964117489,-92.42261181027722,-2085.0,772.8918493396666,594.3040677097058,-0.00026197543857865973,23.948575797542777,-6.287105825070098,1.8104007327529043e-6,1.279813908716392e-7,-1139.1677278486532,-7.689399103978402,-238.0,894.9856100985168,0.0006204293818101925,-0.0005330895552118325,133.90408120501456,-21.196302386194493,1.8707895800780198e-6,1.2836051948952667e-7,331.7742391070122,-52.46771733451702,-1287.0,756.8563306035785,0.004885169032840318,-0.0002458776017709751,249.6541867218194,-33.069767754460095,1.8774552249941228e-6,1.1476275831019431e-7,1392.465690536252,-64.91108137515678,-2301.0,4192.46303919642,8.08238908104339,-0.0002476061319700762,900.3787155422862,-64.99851414871726,1.9130561874705843e-6,1.1433260750940902e-7,3706.305488045992,-12.230872099419251,-8730.0,0.014095274822054651,0.00027885758299093437,-0.0002790039024344114,305.2693463112538,-41.52164688281622,1.8640139176177482e-6,1.1392000501526084e-7,2492.440457533306,-13.202254057362843,-2743.0,15906.90963169872,3615.717732869567,-0.0011013201200917731,2548.49658590162,-516.6418968970834,1.8668863673504561e-6,1.2735766388940973e-7,-341.74909692204403,-16.731857227266566,-21196.0,73912.2235163313,0.00044682126823136764,-56.19539126302283,7902.96947527508,-1735.329565866559,2.20806964184262e-6,1.1519840404781389e-7,-3109.997012179049,-50.67147136247231,-76863.0
t308,14700.159689656597,0.00039082099757010893,-0.000268030640743461,2277.640222556528,-1591.6375833369393,1.8715911525094722e-6,1.2761533018869014e-7,1653.5901724524479,-14.752626014746822,-17025.0,2098.7335490046326,62.76643484726313,-0.0005242795847961617,148.7655252883068,-26.081202541534182,1.8841244894341447e-6,1.1388140596436116e-7,-870.4336100810847,-17.750174218727462,-1396.0,407.8715158280017,0.003423555266887899,-0.00026242206304301265,112.70592315011326,-28.152270160860674,1.8855423073543362e-6,1.279762124143792e-7,575.7715058646078,-11.199837801129672,-1057.0,3495.028627504161,2998.332621649413,-0.0002553842815828785,223.2160759802339,-32.705129633606965,1.8657501635699381e-6,1.2740863725258497e-7,-4499.914937209915,-89.9570048655376,-2094.0,799.9321209439414,561.5090017586443,-0.00026072996413126486,25.76616765881405,-6.423026051762845,1.8097261721896217e-6,1.2778735390556212e-7,-1134.1286203545637,-7.65538513048133,-239.0,895.4857246428496,0.0006039913404481605,-0.000545566167885237,136.37849639613697,-21.832290391362555,1.8709035887244097e-6,1.281609657183755e-7,329.321137997507,-47.353129040573414,-1292.0,756.8627050659603,0.004762854981818775,-0.00024296457272717382,252.34521066790262,-34.66593615480232,1.8776282901876438e-6,1.146456665285472e-7,1394.5305952908648,-58.07709673677783,-2311.0,4523.792956638465,8.220835134800232,-0.0002480196727392766,905.1812301498909,-70.29213748669052,1.91327768136369e-6,1.1432635109451271e-7,3408.344964357812,-11.247602762617271,-8764.0,0.014049067492122813,0.0002605168670324585,-0.0002970000691524314,308.1303040535946,-43.367412871709355,1.864316413558851e-6,1.1366182191118709e-7,2503.166850122303,-12.94375585561203,-2755.0,16049.827670811692,3169.4825505669564,-0.0011065084516943598,2535.162093497728,-622.1608238155557,1.8686805279848162e-6,1.2726482904663955e-7,-250.25104004515163,-16.059346393940857,-20866.0,73392.49685833087,0.00044325183150955037,-56.85154666914076,8160.209981997966,-1899.1872493388184,2.214065598594736e-6,1.1520178260343181e-7,-3109.9970183948276,-50.67147142842064,-76436.0
t309,14899.960710207051,0.0003467905166974871,-0.00029330755523330473,1953.308941351332,-1759.8285478209857,1.8654802464842133e-6,1.2706653933474417e-7,1162.7914855977644,-10.23264471069482,-16245.999999999998,2060.003384648465,72.07810066769068,-0.0005246972195032801,127.26874606136334,-27.36349364095855,1.8899934730391037e-6,1.1357592217794707e-7,-859.2661929131466,-17.720022112782637,-1355.0,407.8429596439574,0.0038656519402338954,-0.0002662473080071684,96.4285430661986,-31.797042252418688,1.891868533418248e-6,1.276628844470012e-7,564.6912105282282,-11.169272382682198,-1026.0,3450.71918520206,1693.5576282284794,-0.0002688117507080856,191.25835914582188,-33.27254401824026,1.872716939908952e-6,1.2704685466442001e-7,-3186.8020134005055,-83.46034831272466,-2032.0,777.0696474367501,592.3781265289654,-0.0002711200045150845,22.04937634863944,-6.159370004027326,1.8121909349154024e-6,1.2740900266677164e-7,-1145.6046623680134,-7.73284872978026,-232.0,894.8294369030857,0.000607768909445206,-0.0005334778317223573,116.79384451381462,-21.785949606751245,1.87731372608703e-6,1.2779285894615335e-7,296.4374617654184,-32.274869843243295,-1254.0,756.8690754488111,0.005491883068382543,-0.0002450104543633693,216.23428017670562,-36.028067212341305,1.8832458770274904e-6,1.1429556281990656e-7,1355.5008991187387,-50.58143638612059,-2242.0,5505.06712582792,11.147173523294693,-0.00025005977292223307,777.6625542593614,-79.83255050377986,1.918143687697595e-6,1.1401202402424651e-7,2305.564372561306,-7.608427601459377,-8512.0,0.01400159219065013,0.00027702840216058236,-0.0002790749060026883,264.13377885482265,-44.26539411720623,1.8683283241207316e-6,1.132342451353518e-7,2463.5698681443278,-11.452254398378354,-2672.0,15831.400284602909,2773.8775565264646,-0.001118795222347819,2242.565130451579,-798.8617802653054,1.8650583368561316e-6,1.2693909490311396e-7,153.1145353376107,-13.094609741636573,-20189.0,72592.25097835962,0.0004486197670199095,-57.83817507989869,7307.097930380332,-2022.8427492351452,2.2039753853226924e-6,1.1481439861654291e-7,-3109.996964371728,-50.67147088354344,-74658.0
t310,16383.745522805093,0.00027815742924235955,-0.00034450747859834815,1674.4006142918254,-1893.7113572477563,1.8598896815957948e-6,1.270192063233915e-7,-683.5485383588642,-8.886177028705461,-15472.0,2007.0272500783676,94.94679336065313,-0.0005263284352552035,109.58072027297024,-26.159721087122314,1.8905701374596009e-6,1.1357247678671438e-7,-846.7084024423948,-17.6861158408865,-1321.0,407.8144015445216,0.004334200964967394,-0.00026423429525571855,83.02530716276229,-31.673354970062995,1.8918751443968873e-6,1.27551833091875e-7,551.9657366301211,-11.136162325703795,-1000.0,3468.906305347953,307.94378161960174,-0.0002724271130776417,164.85804491242388,-37.257433662515695,1.8732158785603344e-6,1.2693884581222631e-7,-1850.219293612006,-73.23113414582748,-1981.0,727.1903073501478,341.8788999454627,-0.00027331707560978365,18.985077409974114,-5.717467868049268,1.8090365560415923e-6,1.2729669381474959e-7,-850.5950117756712,-5.741533648986778,-226.0,890.7396129814693,0.0005844941867525559,-0.0005380071832383592,100.63203404662681,-22.26117897403891,1.877645363437758e-6,1.2767000276809968e-7,265.24347598935793,-11.353992506845053,-1223.0,756.8754449653547,0.0063180563999307455,-0.00024428945730207725,186.39056227535778,-48.445882728697626,1.8839687911580816e-6,1.1424741681511173e-7,1337.7108433172903,-46.53704357864416,-2186.0,5738.005166917869,14.787403525736442,-0.0002519791482818058,670.4901034148339,-284.99164323189115,1.916795076683902e-6,1.1406415198566216e-7,2165.8566117577566,-7.147392397117818,-8297.0,0.01402941077620458,0.0002721806788824647,-0.0002830741579442173,227.7216404310751,-72.41857755647052,1.8689933368900662e-6,1.1311844207707254e-7,2465.938368413605,-16.25545177674068,-2605.0,15515.675777508495,2296.616376254781,-0.0011185438853665902,1944.2492075463244,-996.7478769583481,1.8627199122303582e-6,1.2693405851085093e-7,554.3531388788253,-10.14550657478368,-19304.0,71321.61704535646,0.0004490513984184432,-58.512530700890814,6230.845224956152,-2436.281791530678,2.1981083961094825e-6,1.1492527369315242e-7,-3109.9969287980207,-50.67147062676408,-71897.0
t311,16833.120331554197,0.00024792453901868993,-0.00039559271723004695,1322.6565522611206,-1773.9651755512855,1.8522932743680036e-6,1.26995436225831e-7,-1918.5233746639133,-23.288187818820397,-14440.0,1921.5729090036373,126.69141634108367,-0.000528466790086347,88.27007058884674,-26.047654287512767,1.8914191438240617e-6,1.1359603565591982e-7,-820.8698632459203,-17.616351921706908,-1272.0,407.8143921123919,0.005458933222904278,-0.00026197018437589567,66.86895404768211,-30.97891996892571,1.8913123578178508e-6,1.2751387872438702e-7,530.3367783152411,-11.046403460442836,-963.0,3527.4021054762534,19.1837837429759,-0.0002788047427984982,132.3711812560258,-161.82572615836577,1.8729823155923503e-6,1.2689546694487523e-7,-1541.948230624062,-67.18283685530669,-1908.0,669.6934331563735,18.96234136265172,-0.0002778772817537384,15.288041258414237,-9.294638366912764,1.8043425685688168e-6,1.2725244916570542e-7,-473.4530758043189,-3.1958256283890285,-218.0,880.5804786970893,0.0005750608435005912,-0.000544040431203941,80.894024285236,-93.83894605018725,1.8771118292227525e-6,1.2760923427944725e-7,318.4203559703581,-8.055945899144278,-1178.0,756.8818065694878,0.008062583708326288,-0.0002447129680162647,149.6341195623652,-185.21341364033484,1.8841764684431148e-6,1.1423642831901993e-7,1440.5950954749992,-55.90542782057584,-2106.0,5738.005083407132,11.77061765434248,-0.00025520002304277886,536.1027340850243,-693.0465637648011,1.9135865899834206e-6,1.1409548548965473e-7,2408.115226590068,-7.946844760657975,-7993.0,0.013982547463265091,0.00027364732015741573,-0.00028177865548675103,182.6882679407214,-228.74230225540566,1.8691826697109657e-6,1.1305429249732457e-7,2573.2835345182325,-17.24347659115965,-2510.0,15207.473403889368,2068.4725189882533,-0.0011190064251641663,1511.6968348542853,-1187.8282681918047,1.8590648929283994e-6,1.269414073207514e-7,594.040433612349,-9.853806036779016,-18184.0,70363.78302968694,0.00045149938685584245,-60.044791584991344,4878.201418211951,-3644.27175968049,2.188380639362187e-6,1.1504788541397042e-7,-3109.9968801430336,-50.67147026235448,-68377.0
t312,16784.823903784632,0.00024367208112610028,-0.00041609745531874135,902.3741533382182,-2279.4018619130907,1.84537955447292e-6,1.2701609790661085e-7,-2255.542072191835,-26.253952468844556,-13126.0,1827.1658217576708,52.71997395400647,-0.0005243724665064468,61.272975365361724,-107.23572693180179,1.8931215725330804e-6,1.1362369054383131e-7,-613.8650825725899,-17.057439190213532,-1203.0,407.7858312496279,0.010224975793687682,-0.00025399551185828636,46.41575239237781,-86.43036971669177,1.8907979538305025e-6,1.2750036932277205e-7,552.617199037781,-9.398385933953836,-911.0,3527.9472058813362,12.325885202528102,-0.00027275872775654026,91.8859739779415,-215.48813313460408,1.8734662793434946e-6,1.268765206569701e-7,-1548.191842601839,-64.4788185356898,-1804.0,637.4391699824339,11.978437509544147,-0.00027130575951745084,10.61258960621698,-19.063325304323424,1.797876653000325e-6,1.272403963751808e-7,-432.05024583591916,-2.9163565451864413,-206.0,876.1161992114213,0.0005879043358751232,-0.0005313835687533801,56.154148994627334,-129.35371797001582,1.8770310279620969e-6,1.2757954484994957e-7,320.1662126170671,-10.082901350299704,-1113.0,756.8913729074383,0.014145446075376813,-0.00023876968221172041,103.86797502265046,-244.75681317388387,1.8853280666873244e-6,1.142276615056131e-7,1431.5449980823878,-56.561441495566605,-1991.0,5586.665149357287,11.978041282190237,-0.0002503088483884801,372.14127408814056,-900.1800690759522,1.9092930322910814e-6,1.1412780323341088e-7,2493.624879935141,-8.229027261726845,-7556.0,0.01387916701287177,0.0002888712943713396,-0.000267967590746477,126.81451085070866,-300.5514080700948,1.8699687605406023e-6,1.1301195346966502e-7,2563.916214122397,-17.19321894524523,-2373.0,14935.156014062071,1764.984956881744,-0.0011176055945948927,1016.0238538690596,-1536.1139619039132,1.855899570177498e-6,1.2697512423905124e-7,597.7766068068091,-9.826353997169816,-16768.0,69776.09978603618,0.00045463457847978977,-62.408072952323685,3342.0067153282116,-5737.030547560941,2.176997555792842e-6,1.151977878405972e-7,-3109.9968673994003,-50.67147033902965,-64158.0
t313,16414.03620856606,0.00021955375697879176,-0.0006036562873418194,212.87870325068332,-2248.7723119880643,1.8342121449213103e-6,1.2666255243690255e-7,-2981.4998504377913,-32.64236714536575,-11364.0,1814.3580285839212,0.003565489818145527,-0.0006111454473445196,14.816166264714601,-148.26618432470576,1.899709042282133e-6,1.1345595944858861e-7,-565.982814789474,-16.928152075371983,-1098.0,407.75726573578135,0.002517075023521851,-0.0002829045280377895,11.220766908151251,-112.32765432934104,1.8936154838712305e-6,1.2746977944475906e-7,533.479948461186,-9.13256293941003,-831.0,3510.9529523722945,0.0030625929785768435,-0.0003004606517917035,22.219281781876646,-222.34153585637205,1.8779722629676598e-6,1.2678084992837403e-7,-1599.5091712952772,-64.32429110719507,-1647.0,634.8157637691567,0.0028975183923907687,-0.00029707898340297905,2.5661401994525086,-25.67710397450056,1.7896619143178242e-6,1.2714495778589e-7,-420.86653537109873,-2.8408669470673944,-188.0,578.2124545125279,0.0005680732161450434,-0.0005875461929215174,13.580591797115192,-135.86952054783296,1.8793448506924342e-6,1.2748779151347822e-7,580.2778941207405,-19.201402387795284,-1016.9999999999999,756.8975862986248,0.0039967081684846185,-0.00026578487782384365,25.114850685466983,-251.34426470316134,1.8894796117442164e-6,1.1401263064248259e-7,1347.33700932106,-61.00891451326899,-1817.0,4564.115249340536,0.004400984737311783,-0.00027013269582774885,89.99790467957219,-900.4611318506338,1.9048302401674272e-6,1.1385530794495171e-7,3158.767845421024,-10.424000422392698,-6902.0,0.012713331742683388,0.00031155651266113685,-0.0002571480454456257,30.66710606042182,-306.85404787762826,1.872954531321485e-6,1.1280597425128202e-7,2457.9315007917157,-16.75732868974217,-2165.0,14670.302346947923,1566.1467456039206,-0.0011367525479729832,244.68663034421976,-1875.3842291917265,1.849620365165371e-6,1.2675132420948086e-7,600.0600977472873,-9.810456580258215,-15196.0,69224.74690488834,0.00046410280129626673,-71.0885029658506,977.0807476647196,-7382.0722321277,2.1563524467997726e-6,1.1491395573893141e-7,-3109.9959239693726,-50.67145980119689,-59588.0
t314,16067.887422764092,0.00017123384098822415,-368.57048098240955,131.7916727880433,-2109.5480882986853,1.8240997923497248e-6,1.2667816220809587e-7,-3216.8472184564716,-34.713480896066265,-10470.0,1815.5736915073378,0.0008915977271217321,-0.0010477187551579952,9.265485172648162,-126.30023892162926,1.8973031404392283e-6,1.1354332998514575e-7,-656.5205662278702,-9.018217403475761,-1033.0,407.72869615170094,0.0007376369360530121,-0.0003917423131918456,7.01610766319222,-95.68770107737136,1.8879874913533548e-6,1.2764084531607153e-7,469.11055114888177,-6.168001768720582,-782.0,3483.025389542096,0.000810146150435103,-0.0004218049375965752,13.895699901594325,-189.39836196417886,1.8743431491243882e-6,1.2694158468687233e-7,-1697.2120645808561,-61.31105320813879,-1549.0,635.0650750011304,0.0007721930365821939,-0.00041597884000734255,1.6043375137680764,-21.876639835612714,1.7772633962851662e-6,1.2730529182779562e-7,-434.8578217556067,-2.9353090103394086,-177.0,564.3526875196277,0.0004249320503959941,-0.001119235967256029,8.49338502140318,-115.73991776190536,1.8741202533608814e-6,1.2763102691626048e-7,519.0280168778014,-20.133479326304617,-956.0,569.0986292555027,0.000783343638837297,-0.000401803012524774,15.706092792818156,-214.1034486781164,1.8874467881856432e-6,1.1407563886732577e-7,1401.091019836395,-61.79267673289658,-1710.0,5241.134046499628,0.0007706667111848486,-0.00040106957863268516,56.28849567939807,-767.0266437377072,1.8979333045458125e-6,1.1396559049763265e-7,1965.7491461223876,-8.14541613414108,-6488.0,0.012234358265581528,0.00024473470886790305,-0.0003418469706808639,19.179651567680683,-261.38660659306163,1.8698947743662824e-6,1.1280445655001214e-7,2310.9240023771526,-30.729186569704066,-2037.9999999999998,14547.926271996264,207.20200454710258,-0.0011440043760949266,155.42467003355273,-2098.03744457507,1.8493429501582876e-6,1.2680826192499436e-7,1919.9976249456256,-19.51198481731438,-14713.0,68748.4332251412,0.0004739220526699283,-1830.6360651220014,513.9026632318555,-7058.291355738343,2.1513929474564074e-6,1.15084744092863e-7,-2580.4626902874397,-43.94625341965735,-57749.0
t315,15563.806216784758,0.00017487542739171114,-1477.7092941769567,57.63662093664276,-1429.3335415075883,1.8239208394834084e-6,1.2677402052388624e-7,-2760.7008248397283,-30.699353923877208,-9923.0,1817.03836455863,0.0009217116813234201,-0.0012332716728989219,4.053766583481573,-106.61448145485026,1.8984858531195546e-6,1.1355062038964265e-7,-725.5182573291671,-1.9590827934581785,-987.0,407.7286808374088,0.0007448027797259887,-0.0004000202394709398,3.0697749487083437,-80.77594784056288,1.8893609764207606e-6,1.2739457278238516e-7,420.38552985069964,-3.4083845662992336,-747.0,3508.256632020943,0.0008199499571157461,-0.0004380539530800838,6.080071188265941,-159.87974892306062,1.8774096416045881e-6,1.2677076475639776e-7,-1823.6685081437001,-49.78883000847011,-1481.0,635.3174944637938,0.0007935906187383637,-0.00042588136050419824,0.7012306316320254,-18.46294559904855,1.7736026167001833e-6,1.271082979793728e-7,-445.5486763443522,-3.007472728600518,-169.0,564.4600069747064,0.0004265354045881929,-0.00143332044707261,3.715645183613797,-97.69737946052841,1.8760820618662735e-6,1.274252108402784e-7,457.4328103379913,-13.910078224204963,-914.0,417.25647121504664,0.0007911489547243524,-0.0004095391385662057,6.8725449289858025,-180.7384241486677,1.8898699833144772e-6,1.1406401209205815e-7,1443.3868949060934,-52.77787049950048,-1634.0,5738.004264163467,0.0007830323662304661,-0.0004073570087174835,24.631714406987708,-647.4892716788505,1.8968007767966538e-6,1.1402860116807212e-7,1090.4244139916445,-4.571498530379694,-6201.0,0.012162674327087312,0.00025986110835554525,-0.00032634474031702687,8.392365398995091,-220.64912459999616,1.8716584054274996e-6,1.1277421773405782e-7,2190.6852577623745,-30.44059672302875,-1948.0,14396.050212750031,0.19716532277593676,-0.0009626700473422807,69.73889497715315,-1899.4715032422428,1.8507459901200899e-6,1.2688075277523482e-7,1919.9981791800708,-19.51198818111574,-14467.0,68467.03157367023,0.00044416719342985355,-3692.993825330924,244.60866798155016,-6038.197790352631,2.14997263380695e-6,1.1524228581291532e-7,-1766.876819371927,-31.572252955521158,-57182.0
t316,16054.438124183776,6.187212046488005e-5,-1829.9998660739127,58.53858000630069,-1321.4058504422721,1.7739946541421704e-6,1.266923600892324e-7,-3216.857486372951,-34.71356497520236,-9710.0,1718.9084052603262,0.0007215917422222694,-0.005279947333797313,4.915533050194495,-108.63832644447074,1.896603586453003e-6,1.1363984113054264e-7,-649.4273108916756,-1.7537446122281297,-964.0,407.70011321051436,0.0005768054708159158,-0.00048722071998266714,3.728095108654098,-82.91768965841736,1.8861841341546865e-6,1.2757122386758e-7,404.4068467239766,-2.917456954027243,-730.0,3521.600209006197,0.0006260629698953935,-0.0005209911631180646,7.372831628387683,-162.39647179365141,1.8753211369477971e-6,1.269567336573687e-7,-1876.5425066218081,-44.03416925932456,-1446.0,593.9476522167773,0.0006101490029409066,-0.000508896194439286,0.8540990607689577,-19.08982714933558,1.7676850423535517e-6,1.2729374597648343e-7,-407.9582890483892,-2.7537381942195887,-165.0,550.0575576654015,0.0003945656902056521,-551.4846123652453,4.509575583722172,-101.1239732696262,1.8734074082160496e-6,1.2759581758416913e-7,1007.439469987184,-17.398414138310894,-892.0,417.2613868371353,0.0006139839932054396,-0.0005049715893522082,8.330038494878645,-182.4941541793178,1.889255034820798e-6,1.1415631873939018e-7,1402.6513264819025,-49.74870863455868,-1596.0,5738.004154835352,0.0006053618745849844,-0.0004883348211270673,29.825722433188776,-600.6959605373218,1.8939166323693891e-6,1.141311330546026e-7,887.2398523300342,-3.3738880578179815,-6051.0,0.012066933140884263,0.0002417157762628485,-0.00037075741601980556,10.555878344592914,-175.56578585814717,1.8708052198341283e-6,1.1284222448647633e-7,2098.216671612627,-30.218703964118273,-1903.0,14412.12086732528,0.0018584040322473041,-114.91395713465268,86.71283983799071,-1640.4071609078705,1.8485565619454978e-6,1.2695144419687556e-7,1919.9975345254063,-19.511983908071535,-14644.0,68538.56639754298,0.00037007210730577054,-4565.600132614804,208.7679301202149,-4875.683546817763,2.1510641022519936e-6,1.154277735879845e-7,-1569.1661087263064,-27.88491174099554,-57709.0
t317,15598.693554700752,6.904776682020378e-5,-1829.9998547051196,35.094066582167684,-926.216778908793,1.777261923571485e-6,1.2655011867382356e-7,-3216.8574934882386,-34.71356502838882,-9626.0,1721.2126786800554,0.0009255802382822884,-0.004826830791215335,3.2540137203300263,-42.39621388189175,1.9014107215531125e-6,1.1362388407891588e-7,-729.0977434733205,-1.9688357929047986,-951.0,407.671548865715,0.0007661101853479202,-0.00042059923116625553,2.4699198298986134,-31.527037964973267,1.8901120836361622e-6,1.2787593575588858e-7,345.1775469927223,-3.7923252230769657,-720.0,3513.1946582771984,0.0008341544087067378,-0.0004547335351737547,4.88126515893603,-64.0041818783738,1.8794008872722268e-6,1.2723675170389194e-7,-1993.6417755905686,-34.430347360696075,-1426.0,602.814344010995,0.0008161222438455325,-0.00043893581101547206,0.5676988183809544,-7.038923994806386,1.7695242500393208e-6,1.2754894596200506e-7,-430.4380213907595,-2.9054764939519773,-163.0,554.0491747242788,0.00046323929747143746,-987.804425508801,2.9895830135365187,-37.33333449738436,1.8767913385878918e-6,1.278737976707279e-7,1363.5029979671938,-15.404460912992697,-880.0,417.2677699415295,0.0008319037148050567,-0.00042734802451951373,5.508410273327993,-73.44683489571032,1.894254407006422e-6,1.1414502192229548e-7,1270.6763475417279,-45.00609941549799,-1575.0,5731.667837705877,0.0008203922593038504,-0.0004165852188198308,19.709108386741573,-313.6603916658003,1.8986815385708946e-6,1.1408373031686358e-7,532.0391548744764,-1.7561150819864664,-5968.0,0.012036207315946052,0.0003028514341649985,-0.000293570193500073,7.260017525617416,-119.28198649946046,1.8751873018287445e-6,1.1284345327383699e-7,2020.0410070681892,-30.031085576740995,-1878.0,14381.767354690768,0.0017288522910146769,-220.55936239595155,56.735017793031844,-1088.4303162585572,1.8490316064542893e-6,1.2682715732432107e-7,1919.9975595234364,-19.511984085123064,-15030.0,68548.33567623564,0.00037416425437311455,-4723.3197110175615,148.8832419756837,-3770.7119159739404,2.1531396864700045e-6,1.1530501594813749e-7,-1081.3995800248588,-18.78808754373093,-59103.0
t318,15157.4930925574,7.062992916714582e-5,-1829.9998550236176,129.900664187241,-284.8229134360435,1.7756427538084669e-6,1.267668391222906e-7,-3216.8574956858497,-34.713565030223236,-9921.0,1797.9733253627132,0.001251022294906978,-0.00455234059253511,10.64468731058924,-11.361212196524141,1.9020508795950053e-6,1.1363777586314554e-7,-833.0041161954667,-2.2493849619529724,-962.0,407.64298452079913,0.0010588386349372556,-0.0003699316486802097,8.069596476604788,-8.577742447740274,1.890742003639645e-6,1.2784396673488872e-7,325.52424823923565,-4.659777683968605,-728.0,3514.529960586542,0.0011636576586848395,-0.0003989253748131559,15.970695383595197,-17.09326803429847,1.8791901444889622e-6,1.2733100574272728e-7,-2040.4036278589954,-30.004526780199075,-1443.0,633.7278981970867,0.0011237736782414955,-0.00038760301564943323,1.8483946513189113,-1.972133907456227,1.7705637061684642e-6,1.27626103249048e-7,-465.46300199876083,-3.141894976401781,-165.0,564.5963099723725,0.0005203598929311293,-1010.9214795188477,9.767541761635952,-10.321157891702134,1.877910419376312e-6,1.2780701281156965e-7,1352.3452058857165,-15.466942543552564,-890.0,417.2741538707232,0.0011792203628808757,-0.0003800028717428495,18.035834254467858,-19.137798460258164,1.8946356192212763e-6,1.14179295943583e-7,1222.4947781613703,-44.66776903671881,-1594.0,5444.175524994055,0.0011727862188306037,-0.00036719336755539425,64.56400420591761,-72.59907142574555,1.8987196783532766e-6,1.143425072108675e-7,601.844900579059,-1.9861659193723553,-6036.0,0.012003854661302677,0.0003442183967318952,-0.00026448081534735695,21.78385303883508,-42.72043779039354,1.8738254138566662e-6,1.130605060613331e-7,1952.6828887909587,-29.75838960791998,-1902.0,14077.370736444554,0.00237833861705784,-93.64660740753858,197.91125348828365,-183.1234507252375,1.8504237138727877e-6,1.2697979158842272e-7,1919.9976726717189,-19.511984685370734,-15899.0,68564.72618675673,0.00036915445783567883,-4627.444812962843,448.6935735128162,-1486.916505287276,2.1656453979619235e-6,1.1571872894916548e-7,-819.1614525889853,-13.897360829026367,-62066.0
t319,15509.96035407054,6.681349708375296e-5,-1829.999863658518,361.5125494192694,-156.90206163084372,1.8555446744810685e-6,1.0592840009019838e-7,-3216.8574819024966,-34.71356502306233,-10633.0,1912.1362259458158,0.0018695988290270147,-0.005529036024210538,28.075586429558403,-5.359901369188732,1.8956659871059965e-6,1.0827400768760249e-7,-931.8536448557612,-2.9946087079641805,-1000.0,407.61442411694804,0.0017068187809313163,-0.0003656510120039473,21.25851189182635,-4.090173252003956,1.918175736158325e-6,1.0698142532588995e-7,337.2000127569605,-4.9841186998044025,-757.0,3484.5855867842733,0.0018284808421670275,-0.0003913392680790952,42.10404647208146,-8.072440785637076,1.8808701302654073e-6,1.07037460959183e-7,-1993.5308488765766,-25.08778271608378,-1500.0,668.4830715308575,0.001720239816347101,-0.00038109750402993633,4.863863550058502,-0.9607590643932692,1.9311781926018338e-6,1.0681105381332262e-7,-497.03252623018716,-3.3549909587048354,-172.0,575.4583496179486,0.0006697972562652553,-547.7840839385107,25.737544199524585,-4.964187944665624,1.8942809474045254e-6,1.0721497021589673e-7,894.5821339288282,-18.030427654895572,-925.0,417.28049305279814,0.001956045013208716,-0.00039564932894297646,47.58769888859686,-9.31947723536096,1.8756601551171822e-6,1.1467808063285467e-7,1250.2377751509455,-46.78805223922123,-1659.0,5308.816721333458,0.0017516802518320676,-0.00038519228968367334,170.548095573159,-32.48650809958571,1.968232574426232e-6,1.1000330108235192e-7,821.8324546283997,-2.712131980435569,-6266.0,0.011974698064842353,0.00043786440860021507,-0.00025833409955529834,58.11378162631703,-14.872633658862537,1.8755695851239423e-6,1.0890544043060586e-7,1967.5653666547087,-29.81867082849602,-1981.0,14576.427165410105,191.40611175043225,-0.0011497341758125218,548.6840645857696,-0.002388457194819192,1.8502908313703666e-6,1.2680589853642544e-7,1919.998181062619,-19.511986493204603,-17217.0,68649.05523855638,0.0004894081144324027,-1849.608070220255,1315.803888656128,-1197.6922914633146,2.488617149558141e-6,1.130091539075845e-7,-552.1414223174396,-10.417835208128453,-66355.0
t320,15998.450338763223,7.026159678491083e-5,-1829.9998553927992,727.7667542597501,-12.646285588544925,1.7753549116467344e-6,1.2694517272863346e-7,-3216.8574592103355,-34.71356488316118,-11632.0,1956.1471625083445,0.006274703698873422,-0.005416242383094677,50.2324303505096,-2.231428264799321,1.8875505976154194e-6,1.1386249613025866e-7,-938.329640179195,-3.819384860992278,-1062.0,392.01678722570205,0.005833176161946226,-0.00020415051248214537,38.04160909616356,-1.6923050824561563,1.8848492721984348e-6,1.2739355558216353e-7,379.85658686865025,-4.228309115625241,-804.0,3523.288669348108,0.0063976522875786365,-0.00021385496412613768,75.33092004338927,-3.358298953088757,1.869216095120289e-6,1.2700234209371412e-7,-1978.476800527439,-23.79067566966829,-1593.0,680.9790379495419,0.006360825049197219,-0.00021154108206344335,8.701747861004234,-0.3872819672253895,1.7801888354272017e-6,1.2723707330882166e-7,-503.8983211736129,-3.401333826616031,-182.0,579.5465762918229,0.0010935050772756263,-283.1142321238762,46.044381840266645,-2.0509586382951728,1.8702617273427532e-6,1.2756334646074683e-7,660.9121065582594,-19.338969400008573,-982.0,417.2868877384972,0.007967767971763724,-0.00020675970650113574,85.146433644207,-3.753068187115116,1.8803852813434637e-6,1.1429458106787286e-7,1309.8214158698922,-47.50943205260897,-1761.0,5553.060174514719,0.007999850921883916,-0.00020084274799461087,305.12094023399175,-12.753475525982251,1.8950026782985914e-6,1.1447118082734667e-7,808.2896153477902,-2.725055549578318,-6651.0,0.011948396419979641,0.0009402275634593469,-0.00014100792794166777,103.9717331082216,-0.02485471574387254,1.8669530115148713e-6,1.1313666504389839e-7,2030.0955915434251,-30.055219521790136,-2104.0,14569.496591173564,603.8539603610423,-0.0010515507081710598,979.1664145761949,-0.0021436925317990215,1.8568782322104434e-6,1.273877052553453e-7,1919.998214613405,-19.51198736412992,-18053.0,69133.01775454801,0.00047544000531501686,-68.57839220186061,2570.547668486829,-973.1330908548983,2.1854969954072935e-6,1.158589190546494e-7,-471.4113097108399,-11.443107945861824,-70179.0
t321,16662.401645507525,7.542891607853994e-5,-1829.9998438758955,779.5891867687857,-46.46070322119213,1.783978974804194e-6,1.262867986262841e-7,-3216.8170760238854,-34.71328637510184,-12314.0,2439.196879025345,0.00035268915290380436,-240.01245642804784,53.80471632347724,-9.862966865701077,1.9279423664694866e-6,1.1501711762623988e-7,-1113.1210518343323,-13.005474934486967,-1117.0,391.1957973835543,0.0003036704077859247,-0.010028213308600958,40.75035201021731,-7.45947310744325,1.879515958248418e-6,1.1418877583912833e-7,423.30193512812184,-1.7788888479003075,-846.0,4632.289087755832,0.00031897384516041714,-0.019189295428440143,80.68729626503261,-14.793171369132885,2.0355354662653593e-6,1.1321387937072957e-7,-2978.3212591395,-44.84308531892235,-1675.0,794.7666437027669,0.0003141413398224883,-0.019357290384852163,9.31602482264092,-1.7133238463231077,1.8757805902319475e-6,1.1428362026828791e-7,-606.2580044997125,-4.092299000943813,-192.0,1721.7961195698188,0.0002468381218832025,-1166.7008676737103,49.31171461878435,-9.053237105197045,1.9101692064673524e-6,1.1351040998225751e-7,458.12057962045395,-20.474557873710403,-1033.0,417.29265719845023,0.00026720288325909886,-0.016531544483532352,91.20248590035028,-16.714690557015484,2.0661470287237116e-6,1.1520619178377119e-7,1397.3321831238839,-37.09637348122626,-1852.0,5738.003597026078,0.00026339412583045404,-0.022630447697640048,326.8207371251546,-59.92976281849903,2.4288151013636075e-6,1.1464412378761699e-7,998.4228251441842,-3.295031928401204,-7000.0,0.011693618765816632,0.00020279460788701843,-0.0012331487942596384,111.3627636301273,-20.422930929553022,2.1346578071107945e-6,1.1631577695464098e-7,2135.5275514805194,-15.478049686915057,-2211.0,19946.20969584316,0.0002384341270644186,-1557.971132478186,1027.3456242691834,-201.5272098049701,2.0055862086841577e-6,1.0554357178412261e-7,-608.186952531584,-9.870265780922704,-18596.0,69631.48306997161,0.0005013172398051207,-73.94464571259311,2570.068916449232,-2927.9356196404456,2.3780668281104193e-6,1.1356140794194676e-7,3109.9992695318506,-50.67149429412217,-72259.0
t322,17280.334339561556,7.139592008355227e-5,-1829.9998598375516,502.26831504062983,-2085.736352845541,1.786887388255273e-6,1.2635559731045504e-7,-759.9865642453678,-9.879950867060828,-13097.0,3366.3314197879386,0.0006060221074778965,-430.7223014946004,36.06458455333781,-61.62559153934774,1.8325584310370083e-6,1.126222914181556e-7,-1735.3631871285197,-14.685532120577834,-1160.0,358.0354092172878,0.000557878080525054,-0.016830705510828266,27.037509997138535,-46.958008258417955,1.8316366268142236e-6,1.259431814579146e-7,543.7968919019604,-2.8955319415296135,-879.0,9058.715290587326,0.0005860177569323894,-1289.9445156524116,53.799837372105266,-94.92530599735785,1.815266927475331e-6,1.2555470715132123e-7,-5922.881847637099,-63.764046579407946,-1741.0,1380.0922947280383,0.0005902544429594192,-658.0651392336728,6.147011141536614,-11.726246048775291,1.7424921431695235e-6,1.2570394379460098e-7,-513.9790927919843,-3.4694198670195164,-199.0,3048.15478786752,0.00026871281093395985,-1166.70060390266,32.48859482170867,-59.71649572521148,1.8173861298306504e-6,1.2589971093875342e-7,-767.2132062321664,-13.013347437956536,-1074.0,417.2990376068768,0.0006259545909096408,-0.023093614760577762,61.15784219043914,-109.81641969097298,1.8229302591806055e-6,1.1294259951012319e-7,1605.40785189884,-52.02584625604256,-1922.0,5738.0035713018215,0.0006172399519495223,-37.70340639855442,226.34994392699537,-342.2198097967615,1.849704206622193e-6,1.1369948824813024e-7,1706.1997799869953,-5.630698185427826,-7285.0,0.01166863979966696,0.00027114546286221853,-0.0006682427600608762,74.58924306563931,-120.66338381056543,1.8122328525446563e-6,1.1231979315176408e-7,2365.4860494293107,-27.423182139225045,-2292.0,25153.817598859005,0.0006972737341699633,-6948.373697494354,863.925828927988,-323.9755185167525,1.7907465268121245e-6,1.2677173695143544e-7,368.53386185348023,-16.928772703649237,-19097.0,71597.96395991078,0.0004598292715403142,-73.00051491686676,2267.0134332428124,-2718.3053078090115,2.188896112847267e-6,1.1492719991156237e-7,3109.9994629645494,-50.67149546834731,-74133.0
t323,16819.91753942151,6.933017869170824e-5,-1829.9998638115953,647.7068542817685,-824.7722511937337,1.7865291032369464e-6,1.2639885759000514e-7,-759.9725604737279,-9.879789349975642,-14043.0,3750.7024295678475,0.0006726485828135743,-379.0325090300439,41.312039482024,-56.76895064390015,1.8308749854599382e-6,1.1261349226156507e-7,-2108.520627509157,-15.693056433541457,-1232.0,400.0203681098703,0.0006399741885854321,-0.009250750681406652,31.27174154457441,-40.68492451507923,1.8326138468711404e-6,1.2598221585391743e-7,548.0567439889438,-5.655320263761749,-933.0,10976.539586023882,0.0005919390051925341,-3469.474424021335,62.16059826424782,-81.5633743115257,1.8147112997336883e-6,1.255969186648791e-7,-5571.782586095577,-66.88039368577569,-1849.0,1534.9234937667725,0.0006173741887187301,-695.9809979915782,7.207981673972817,-8.990401351920864,1.7488885731733553e-6,1.2577822353465193e-7,-621.96238877767,-4.198306517588626,-211.0,3567.4916297763284,0.0003309627635671662,-1166.7004408220878,37.86601417511487,-48.657481947626344,1.8178767087947172e-6,1.2588424846360765e-7,-1233.0385635565012,-16.961490484412256,-1140.0,417.3054368612797,0.0007624093740189659,-0.012299787144364051,70.47908029442543,-95.71370201546306,1.819564128878221e-6,1.1295958063970517e-7,1706.8964661682853,-56.95574583866736,-2041.9999999999998,5738.003568294102,0.0007276577989127269,-16.633785812826954,250.2409001209297,-429.10235412275256,1.8517872400994866e-6,1.1376510310800656e-7,2196.740409297531,-7.24946736121477,-7732.0,0.011665528959168184,0.000332984185965968,-0.0005598632451566277,81.87198650046108,-159.69214452998943,1.807512978007553e-6,1.1238108064750202e-7,2539.9446397250163,-26.135922251825722,-2436.0,28030.551603329004,0.0006532239429246283,-6996.93672461098,744.8330411092826,-2243.4442769632933,1.7894820626547312e-6,1.2662827284151084e-7,193.6389970089496,-15.643294875435942,-19713.0,73381.66497667813,0.0004572572301193926,-65.87637384427593,2558.014363691946,-2564.1314007385895,2.1979229321745544e-6,1.1493062527227355e-7,3109.999470223907,-50.67149552385236,-76369.0
t324,17069.739797095343,6.795052621312792e-5,-1829.9998656313612,870.4032418917956,-533.3022073803506,1.7887602383257495e-6,1.2644909269172997e-7,-759.9613881151089,-9.879647607776457,-14807.0,3822.5927314909804,0.0006868900469193372,-340.46980749289906,51.872801536237326,-55.78298629148874,1.826709264976753e-6,1.1262865906585303e-7,-2171.3507303853185,-15.862697661500166,-1291.0,405.52470053087285,0.0006735658808028721,-0.007332692047607836,39.25574103446587,-41.80431392455418,1.8291492257672938e-6,1.2607376649135616e-7,580.0021923672239,-5.971662791729148,-977.0,11097.780067435602,0.0005912026689980944,-3280.283364565332,77.89715972574614,-82.48761638912212,1.8104536103347632e-6,1.2567820834092294e-7,-5807.7893474358525,-69.1174918583908,-1936.0,1508.9130641136076,0.0006301559814650802,-598.4399744089969,9.047972429811853,-9.004278720225466,1.7513555157477977e-6,1.2588711011717843e-7,-684.894318448039,-4.623096949824228,-221.0,3629.7040510372635,0.00036125569117520257,-1166.7003898176874,47.55246648250581,-49.86332556785237,1.8149211417093877e-6,1.259730426532357e-7,-1246.1456542046562,-20.547511079993516,-1194.0,417.31503820175794,0.0007867422807598805,-0.00968911928283465,88.4525404978662,-93.9270037177596,1.814974797844672e-6,1.1299263972441508e-7,1785.9155301277308,-59.74720463586411,-2138.0,5738.003570071741,0.0007221969631848838,-12.645402812295245,314.6791480281507,-392.34004236053335,1.8514555246655307e-6,1.137954538000985e-7,2460.4216205242906,-8.119617574798895,-8100.0,0.011673937260341199,0.00035576153878562696,-0.0005388800780749463,101.42778592961477,-178.981167706305,1.8048635856246495e-6,1.1238963394579966e-7,2653.843067889141,-25.301178837435636,-2551.0,28506.158568148447,0.0006526360966266695,-6996.451144160355,884.6846243731042,-2458.5445029739453,1.7882669021324534e-6,1.265924178211221e-7,79.95955254161025,-14.807752353786354,-20001.0,73879.5549915843,0.00045509923991968,-60.004510669514715,3207.957578586835,-2302.8364964344432,2.2058062191010408e-6,1.150313172595207e-7,3109.9994751389786,-50.6714955547454,-77784.0
t325,17663.20958578648,6.966679910099067e-5,-1829.999862268484,968.5234321213251,-789.8930094962906,1.7933322061529648e-6,1.2621921318897202e-7,-759.9605781791064,-9.879639430626032,-15242.0,3771.8293163014205,0.0007063589538265934,-311.6460513073109,58.523440684482345,-62.615885213221866,1.8289146431383824e-6,1.1240745511255132e-7,-2113.3853383625315,-15.706190377322113,-1327.0,400.1976817101134,0.000695733044751951,-0.005865248544507426,44.19174719663904,-47.25078690419655,1.8334046290885629e-6,1.258604935904273e-7,613.2484248643705,-5.381899265319228,-1004.9999999999999,11349.357730150039,0.0005820378675843468,-2809.2024344612787,87.43844748616343,-95.88919537926158,1.8139662180151646e-6,1.254563267653191e-7,-6468.691749186956,-73.01338253618273,-1990.0,1547.5894401123473,0.0006297065064680367,-505.8207335987164,10.164168740900903,-10.516795703106665,1.7584218293099658e-6,1.2566965195437771e-7,-807.9629021885972,-5.453808903835983,-228.0,3260.10651548213,0.0004074821413534207,-1166.7003125663803,53.46244682163091,-57.185549004488585,1.818380024795813e-6,1.257847521255234e-7,-836.0546137438056,-25.62889636919397,-1228.0,417.3214465781878,0.0007913818689199816,-0.007854757785200037,99.39813629283542,-108.49401083292854,1.8164994543694235e-6,1.1277523566876578e-7,1851.82712633098,-62.04563689786219,-2198.0,5738.003588236299,0.0007041736547001738,-9.9253741027565,355.44705033604106,-426.6412006929547,1.8552745122943297e-6,1.1354797758155351e-7,2676.9494305119174,-8.834200392481211,-8325.0,0.011695109581623614,0.0004005946683727417,-0.00047953323808614144,124.45960616754324,-99.85678083926864,1.807456384291874e-6,1.1226743932165248e-7,2622.916632408277,-25.531075815910853,-2622.0,26858.18347077558,0.0006629642043423173,-6833.010382715406,1123.373358549143,-1009.6244699173726,1.7890141083896064e-6,1.2635792014042353e-7,111.11409758524215,-15.036739045325984,-20235.0,74355.40529233453,0.00045344176002509994,-58.911659775009035,3646.8812525960507,-2500.70331528752,2.2046472390673586e-6,1.1464487936141663e-7,3109.9994699602103,-50.67149551197288,-78502.0
t326,18124.34980640918,6.707651068223869e-5,-1829.999864995394,924.6900882606059,-1203.1983358716184,1.7964177215253579e-6,1.262660395634097e-7,-759.96210935957,-9.879653324216624,-15246.0,3827.606859255215,0.000711174532190701,-316.95634669442506,57.09479007018303,-79.30642805359324,1.8265134087839393e-6,1.1244698967633166e-7,-2134.675913350468,-15.763674315224526,-1338.0,407.4716165305597,0.0007040368784353568,-0.006412017755885154,43.05452294411585,-59.95151210243581,1.8317475340258678e-6,1.2584753680698776e-7,627.9019863282557,-5.470907631844582,-1012.9999999999999,10944.611443220994,0.0006354260840226078,-2095.4001606271972,85.30894815905691,-121.02520152016562,1.8126029375321294e-6,1.254560467009299e-7,-6732.5554431274495,-74.94022341790293,-2005.9999999999998,1574.2236017973657,0.0006494235679147953,-483.0942389974995,9.892339007082281,-13.447728545264622,1.7562707699611208e-6,1.2567046349660496e-7,-852.8180456973912,-5.756578820312325,-229.0,3225.291602400208,0.0003742732368281064,-1166.7003685960115,52.114377427657935,-72.56659719738744,1.8178177358822363e-6,1.2579285845554507e-7,-771.5133804402026,-28.626009765109114,-1238.0,417.32786199353467,0.0008068623008361544,-0.008631772976524848,96.95475819213573,-138.23399388269988,1.815208841254037e-6,1.1282463879928388e-7,1904.064705132056,-64.10550842819623,-2216.0,5724.634986013918,0.0007199273669002004,-10.877723100395496,348.6623179193503,-533.4751676284477,1.8548257099688943e-6,1.135968943296541e-7,2875.544452892383,-9.489587953751334,-8395.0,0.011733419023441887,0.00036525550848757766,-0.000530059262593544,122.71947175257002,-125.96809518601329,1.808268518068341e-6,1.1230441554494342e-7,2671.4115059283035,-25.17445301806299,-2643.0,25514.781254900867,0.0006994975498192498,-5449.13975596493,1144.995363052804,-972.5601564504151,1.7966356592161403e-6,1.2642068669256396e-7,62.60277428216621,-14.68018112778058,-20286.0,74797.75510065895,0.000444804563146203,-59.00531388391602,3644.711195080744,-3102.789400890222,2.2082177986277046e-6,1.1464857144823025e-7,3109.9994674119175,-50.671495488789596,-78340.0
t327,18210.361786126028,6.0994693802808505e-5,-1829.9998738830482,1023.6879982495675,-1325.2068905103763,1.7939585103322893e-6,1.2640722496795515e-7,-759.9634283512867,-9.87965442747303,-15309.0,3919.2496495546443,0.0007043091702438874,-347.9822539100051,59.28827708994409,-125.52140550759891,1.8247370925812937e-6,1.124888074981741e-7,-2142.250847344602,-15.784126103362166,-1347.0,405.18266638243006,0.0006786645825207741,-0.010322830173303304,44.40030301225493,-96.6817817392777,1.8302953280839336e-6,1.258477051485868e-7,672.4243143082547,-5.315859708810012,-1020.0,10876.225038999015,0.0006899565877193697,-738.7141575575796,88.9810757802573,-185.8416645685166,1.810163320364894e-6,1.2545467679081838e-7,-7937.868858501268,-81.78212599400977,-2021.0,1644.2201334234328,0.000660715814231745,-446.7555205051931,10.05815766919644,-22.635383579209115,1.756190292065838e-6,1.2566844878449001e-7,-947.4924200284511,-6.395629527838561,-231.0,3005.4488272960716,0.0002890895292748746,-1166.7006123547592,53.96127051099568,-115.43840994009307,1.8158714838012657e-6,1.2580052281319625e-7,-489.7717314276133,-40.49963506966446,-1247.0,417.334292082563,0.0008074181440676536,-0.014340126989534463,101.89078683096987,-205.16445648009676,1.8128894096756397e-6,1.1287269211155763e-7,1990.5065925796662,-72.55368420476621,-2232.0,4918.942033967616,0.0007474790467598263,-17.53979782991787,386.12360343104865,-592.6884472378308,1.8528766818350035e-6,1.1367104944056298e-7,3770.605134701223,-12.443276438311669,-8453.0,0.011805494263285938,0.00027812623990399414,-0.0007675196253579232,126.39971926396717,-230.8210195587807,1.8052207961075342e-6,1.1233213682575032e-7,2790.7053125700286,-24.295330282376653,-2662.0,23874.38083795619,0.0007443611394385461,-2837.2749256129996,1223.290229487182,-1618.701469282745,1.7988846182178123e-6,1.2648671944346256e-7,-56.89353528463281,-13.801883424788882,-20571.0,76051.17436140991,0.0004358440714912052,-59.60393611652061,3955.74647614658,-4345.645310899881,2.216597436085119e-6,1.147786145122384e-7,3109.9994667786823,-50.67149547015364,-78661.0
t328,17893.15128447264,0.00012782730820950578,-1829.998785843522,1415.516410171889,-1415.515981490974,1.848695214355254e-6,1.2688123879611195e-7,-208.3144436679393,-11.838613326320912,-15843.0,3783.4554411311046,0.0007917232407800275,-239.99917515113958,87.56941976424811,-87.56900811326402,1.8679438516892335e-6,1.1267735555382934e-7,-2141.6749355442353,-15.782535764879732,-1386.0,401.8970783338994,0.0006793193945454831,-0.0005635866501458863,66.05851010403607,-66.05809479515096,1.8748637617704548e-6,1.260045139137968e-7,652.5085011063063,-5.406112437161653,-1049.0,10494.422673787494,0.0007300515575056443,-0.000615363979452108,131.16841245010284,-131.1680006992521,1.8531781817101821e-6,1.2560602012059434e-7,-8328.64005610385,-86.78314604975873,-2079.0,1434.0368719252656,0.0007076324241393611,-0.0005916779175351486,15.108462319674645,-15.108094640381065,1.8000782696458643e-6,1.2582793806412068e-7,-1188.018213132418,-8.01914430289355,-238.0,2522.201908169607,0.0004521827262742258,-1166.699045666883,79.98189714601948,-79.98148761242382,1.8599297345733113e-6,1.2598299198049444e-7,-27.32472127723984,-46.17900488151851,-1282.0,417.3410222201154,0.0007252751517579012,-0.000582353472723756,149.09925772115173,-149.09884642616024,1.8576684704347312e-6,1.1309063534017958e-7,1951.2927524477416,-70.63433083070794,-2298.0,5474.586475042035,0.0007035304274825425,-0.0005641062325655969,542.630795898916,-542.6304055626282,1.9014216011923546e-6,1.139330498634277e-7,3223.0440290118636,-12.631035790790586,-8685.0,0.012243534081222281,0.00034496133022717955,-0.0002974500857978229,182.18244340131372,-182.18218573582533,1.8507043113492071e-6,1.1256116903687e-7,2768.227747197853,-25.240297859933886,-2743.0,22447.54694799213,0.0007635876797964374,-1489.9996859106252,1723.0431567933892,-1723.0428773405608,1.8520953889426992e-6,1.2688979446719496e-7,607.2206491923055,-8.7689561757421,-21556.0,80818.22112362378,0.00042500265887615964,-60.16591634060118,5073.367596643929,-7323.269942151018,2.2355236241989665e-6,1.1505317577888878e-7,2691.678690769613,-43.83197986259207,-81156.0
t329,16880.837554213416,0.0002604074735653807,-0.0008345000555074716,1835.825511987937,-1835.825796616703,2.512959468874735e-6,1.0604886060455803e-7,-222.22423319472716,-14.612464811313865,-16644.0,2934.490982294357,0.0006613687366725532,-0.0012576959120573338,113.49165854058755,-113.49192444566928,1.8872203334861205e-6,1.1255275826762911e-7,-1496.4495204885077,-4.0406015477068316,-1434.0,385.80348683865,0.0004802770676030559,-0.0005614122698215243,85.58947428210092,-85.58974328114085,1.8960780786406606e-6,1.2592127883684016e-7,707.9826011978574,-7.7857398786644305,-1086.0,6836.537701586061,0.0005137511997664376,-0.00061021606282456,170.00340741700583,-170.00367973830376,1.874848538212816e-6,1.2549183575120618e-7,-4607.409717588146,-78.12761716168814,-2151.0,997.0745145161663,0.0005033355624324984,-0.0005928221136381759,19.51816315603595,-19.51839669743699,1.8203497895788905e-6,1.257739645973304e-7,-746.0384155626206,-5.035777823216324,-246.0,2387.625373077738,0.00045067951318688237,-0.0010452936570136903,103.68431051687074,-103.68457799909876,1.8815402486934366e-6,1.2588192558339877e-7,-1019.767472240551,-41.85704070449031,-1326.0,756.9958633682683,0.0004955823960117962,-0.0005985421329949221,193.2485160648162,-193.24879155677797,1.879443676011528e-6,1.1291049214490444e-7,1693.68874475856,-70.68423164272461,-2380.0,5603.454709541809,0.0004841100294494442,-0.0005746382022326824,705.6955304040945,-705.6957933542153,1.922578080813454e-6,1.1376188086933283e-7,3390.7300648304436,-13.184422890590993,-8981.0,190.0448782720188,0.00029020159280596547,-0.0002872052283356695,236.3950118506115,-236.39504453642303,1.8704898529719468e-6,1.123312289677773e-7,2681.5363195661967,-28.581170119507373,-2843.0,22031.764833854973,0.0008305401469164279,-0.0013307291403140608,2356.269243648533,-2356.269199446784,1.8791239772095475e-6,1.2710467457282827e-7,1608.4578001562163,-17.222179912999618,-23623.0,89257.62220291555,0.0004127545430773296,-57.70367871293403,7188.913081233595,-8042.5829130144475,2.2555412262486987e-6,1.1486907057776243e-7,-1990.5061714347203,-35.74293612343568,-86320.0
t330,14186.38057260015,1463.10840401806,-0.0001636844123938366,2584.319454627717,-1009.9709763344231,1.88713736038817e-6,1.2682687314165895e-7,1390.3982836417854,-12.2355767799939,-18602.0,1960.1623656074678,191.49640280744214,-0.0003688704178718829,160.96416652810098,-38.82895288815157,1.8971553024393063e-6,1.132055362910477e-7,-721.4457043860435,-17.34791079179338,-1535.0,381.51919278590776,0.005905977569173291,-0.00023344189621608732,122.27547826334522,-27.912170038408064,1.907886720360763e-6,1.2698006922483966e-7,696.6276354623855,-9.515811015822589,-1163.0,3309.5945386246362,1176.6375179140987,-0.00023785775559674916,242.67848093187015,-54.2512458717291,1.8866891651324752e-6,1.2647094656744684e-7,-2299.2364359859234,-72.42261973502391,-2303.0,691.9843649934745,369.8384555469103,-0.00023455407572271563,28.016137456936235,-6.256954408901653,1.8404242234103808e-6,1.2683242676105772e-7,-814.0866710218748,-5.495099947623807,-264.0,3649.9568425726043,929.0607400347795,-0.0003220242270614412,148.37480406555153,-32.62909658296388,1.8917383995362105e-6,1.2713631290615892e-7,-3237.8240519445285,-36.9389181114288,-1420.0,757.0104559056789,0.008503710450063224,-0.00022788044119619535,275.1784772355155,-61.2900742854783,1.8905518746632953e-6,1.1371762735083878e-7,1643.4477367393351,-65.35487341342461,-2549.0,4386.096691735361,13.676804288071931,-0.00022029492572788435,996.548734570637,-218.60529137203065,1.938054982565084e-6,1.1390216205343885e-7,4441.941742755138,-14.658463695122986,-9605.0,527.8984957186058,0.0003822396294255451,-0.00021027136053340694,335.4956715138932,-76.94648541990351,1.8847819677135823e-6,1.1244041218705287e-7,2273.6096627244942,-12.057518492994419,-3048.0,19664.34553142588,4088.2348989125294,-0.0004386233718638032,3611.4584172886725,-515.4484960724869,2.4171602671498726e-6,1.0802741660658694e-7,-263.4336693801383,-16.156246030163523,-26569.0,88159.58473353295,0.0005635375090612073,-0.001979008155433972,10804.4120499764,-1374.3253547855015,2.497217112321357e-6,1.1345927377173586e-7,-3109.9985286046303,-50.67148719519632,-94429.0
t331,13755.892190661218,1719.405555260977,-0.00016644339151458752,2439.407875930788,-118.83834434125507,1.8855088752407042e-6,1.269079840654181e-7,1491.2560103065991,-13.123123286977265,-19274.0,2043.4131585040816,187.43312757439685,-0.0003694274386181854,137.8455612546257,-40.67553589828473,1.8881750215057641e-6,1.1319113808650253e-7,-686.761686743305,-17.254257248684112,-1624.0,337.289046046698,0.003552844619551195,-0.00023606317460587843,103.93691959027038,-31.570146532301642,1.9022921798610125e-6,1.268001604625743e-7,827.9743754578134,-8.63351334505319,-1229.0,3369.082747441795,2310.435744131226,-0.0002271180517510106,206.41701243841652,-61.61346795729627,1.8803294676889142e-6,1.2632013055873084e-7,-3313.605716633585,-75.71609427632426,-2435.0,733.4403702610923,332.2269961550175,-0.0002304920723102817,23.527982103397196,-7.845307628851886,1.8433615000536095e-6,1.2663743701904865e-7,-796.9702485828379,-5.379563753641558,-279.0,3654.5339409894177,963.3330466864884,-0.0003609470953026627,125.9810393894,-37.93520005778461,1.8864233472837272e-6,1.269531810237556e-7,-3159.238383015808,-45.674085029389715,-1501.0,757.016968179393,0.0049382911358637135,-0.00022257653409078987,235.2436729554537,-66.00701679277084,1.8837121442263891e-6,1.1374179481613077e-7,1838.291345070964,-70.5496871092175,-2694.0,4616.154216996845,8.317633499472507,-0.00021870320520930205,873.1537492608392,-165.19658849965487,1.9344509347616257e-6,1.1394271564418833e-7,4849.5748581224525,-16.0036526864801,-10166.0,527.8990764483943,0.0002911425491320577,-0.0002384879011504726,287.8621796847512,-79.02869262821707,1.870479152717357e-6,1.126477434582221e-7,2494.78786488448,-13.520483016368242,-3218.0,19927.121969118263,3819.828482398558,-0.0004300399603813569,2836.0181960001732,-515.2374052133388,1.8953626546910988e-6,1.273405668069124e-7,-435.3112769355725,-17.419537249958143,-25615.0,87427.31225345658,0.00935490824899921,-0.000506854473753599,9605.348652821873,-0.0011427969828159644,2.2918094177183746e-6,1.1514940371567533e-7,-3109.997141931202,-50.671471991651785,-93872.0
t332,13194.953567855287,1801.3092540652342,-0.0001663975737646375,1427.4280137427006,-36.17584565057631,1.883788908746895e-6,1.270064933108442e-7,1563.2417753959805,-13.75660091917542,-17937.0,2070.4644925530934,176.396070335827,-0.0003659409259955357,86.1501071478139,-43.44531077159786,1.8914939387390524e-6,1.1320909707054966e-7,-706.258097704574,-17.30689760762028,-1566.0,324.88716465849234,0.003053312833845608,-0.00023258783693435488,64.52721654034164,-33.56983768339683,1.9048082870746457e-6,1.2678043206256472e-7,837.8843227139834,-8.73168895805251,-1185.0,3390.624404676617,2658.7828511029047,-0.00021703288645524374,131.31257680121163,-63.64531284909353,1.8840047649489482e-6,1.2630124751988437e-7,-3691.2049788658114,-77.86932581035181,-2348.0,759.1222956075757,320.0910901146581,-0.00022500301547651892,13.699372022087607,-8.559664701485364,1.8419459305788143e-6,1.2663010557540364e-7,-809.8861242505428,-5.466745725714062,-269.0,3654.9960180214293,971.1783924930994,-0.0003771181187169536,83.27989716066945,-39.73103757790624,1.8891202783279175e-6,1.269363947715883e-7,-3170.494338432261,-50.228556534315956,-1449.0,757.0234280807634,0.004222226505424264,-0.0002178588190778317,154.03057944933636,-66.66879937876212,1.8857345127733818e-6,1.137495005311705e-7,1824.179000719335,-73.56821522211764,-2595.0,4152.802564540614,7.452281488562503,-0.0002155707789195256,551.9619665213038,-144.4979586711361,1.9321690417757244e-6,1.139748253759825e-7,5267.664709044985,-17.383349360639684,-9818.0,527.8993166285558,0.00026115224014568725,-0.0002576989376308243,188.0572739960627,-78.8850776307021,1.873518586773724e-6,1.1257345324961794e-7,2472.4983356280754,-13.569854050576032,-3096.0,20032.347992791147,3259.8553881063044,-0.0004290076169538857,1736.1739396464798,-633.0189173841355,1.8992612864738268e-6,1.2724511199983288e-7,-477.627415710003,-17.730560368172583,-23900.0,86498.75077818573,0.006612469354018798,-0.000498058908627761,5770.912866031887,-0.0010997854242573023,2.3028251140276824e-6,1.1522379369949846e-7,-3109.997188539168,-50.67147265226809,-89109.0
t333,13284.759951381015,1618.1812006056525,-0.00016676351168556108,1122.5842420451306,-238.0574300550004,1.8815629965119956e-6,1.26752567576179e-7,1445.2504763650297,-12.718275486267023,-17220.0,2056.1065507332346,164.867640044366,-0.00036926426991906703,72.32411929879336,-48.215505855365436,1.899067940788183e-6,1.1306424727349714e-7,-700.7902961800422,-17.292140771939877,-1527.0,346.2516354985788,0.002924030203483626,-0.0002414382182438198,54.79916950931431,-37.20655716271569,1.9121514723618205e-6,1.2679370382351124e-7,801.019135827321,-8.866068275476017,-1156.0,3329.4692525273913,1483.4295495958368,-0.0002358993346430986,108.4733410415346,-73.16169570064685,1.891820583249727e-6,1.26260877015505e-7,-2486.5331578393775,-71.67705571075658,-2290.0,767.2954021166586,271.2438753804903,-0.0002380163286435024,12.530403816534873,-9.241765812631321,1.8448762868413511e-6,1.2657350492694239e-7,-774.5991204791225,-5.228558944910615,-262.0,3655.374567065436,909.8846647880769,-0.0003778623520929065,66.33090198010954,-44.833147532805164,1.8965965052726352e-6,1.2690913954233486e-7,-3136.9645582968105,-36.792052136561935,-1413.0,757.02987091982,0.004136032702777405,-0.0002242152719795516,122.66418882085695,-80.80650190310581,1.8931496470881602e-6,1.1359607967569858e-7,1794.8143885551192,-63.70586020107384,-2530.0,5263.7159976727,8.107291850186135,-0.00022087673456005073,439.49628307292016,-232.3788123515039,1.9398549079802757e-6,1.1378617369988662e-7,4112.63119758614,-13.571738967828747,-9578.0,527.8994656168953,0.00026635326286932726,-0.0002525567696291277,149.76511055011557,-97.57422405800091,1.8789984105567032e-6,1.1240448658785349e-7,2452.130797532757,-13.22116541884044,-3019.0,20219.96711640292,2752.288731045316,-0.0004328967370231487,1357.7871762889465,-852.944621262737,1.8973775056751967e-6,1.269568036532298e-7,-396.9603065629419,-17.13766493857786,-23063.0,87142.92857646507,0.0005028397888819936,-0.001759374272345374,4241.936485805125,-1845.1937645782336,2.2782364449579626e-6,1.1479948182824588e-7,-3109.998556508073,-50.6714870141904,-86379.0
t334,13004.010811782884,1522.3878324678965,-0.0001690344698304613,862.7050071090985,-425.83742733618635,1.8775554176576798e-6,1.2684462024038506e-7,1429.3119598428748,-12.578016736096092,-16379.999999999998,2032.8324237998122,156.47706926149507,-0.0003711625564389297,55.57483955952379,-50.93793937993331,1.9011214188966092e-6,1.1310240820225429e-7,-691.678485167527,-17.267538908209424,-1485.0,388.8578837363495,0.002866038946461571,-0.00024254473110471822,42.10722664209633,-39.49478414697767,1.9137069971234502e-6,1.2679930498028128e-7,741.6074391408137,-9.080390879047382,-1124.0,3274.5297031987766,1000.814437111666,-0.00023768356921738303,83.3621427004677,-78.37889485695636,1.893596628501513e-6,1.262706301494329e-7,-1983.9056775902447,-69.42147486737673,-2227.0,761.9324162012946,254.91015471024247,-0.00023931596366459895,9.627799307028889,-9.580617548278218,1.841822690853729e-6,1.265873063285604e-7,-756.7812270819023,-5.1082882087273775,-255.0,3656.6990165919146,844.8869136259273,-0.00038210528757314096,51.061290523011124,-47.5210156713357,1.8984056091186522e-6,1.2691463404348412e-7,-3099.6010610149674,-31.52476394598612,-1374.0,757.0362940642273,0.004169739121261571,-0.00022364417006028544,94.41718163443345,-90.14105871707349,1.8950850330633524e-6,1.1362930881521926e-7,1759.1692580870051,-59.48562315642778,-2461.0,5705.300342683441,8.993350326613971,-0.00022046365090339147,338.2712684652996,-336.88521073707534,1.940083663959603e-6,1.1385706787989125e-7,3607.224364130379,-11.90389641978713,-9311.0,527.8995808326355,0.0002597171502410584,-0.00025729195120868516,115.2798300362701,-110.06380924512436,1.8801425797253319e-6,1.1238352096206341e-7,2415.6743158375866,-12.789921868272927,-2936.0,19840.991771235822,2469.4280310229606,-0.0004320818553909901,1023.7879783415719,-1044.679001492737,1.8944901240908902e-6,1.269366482852108e-7,-311.0223275822539,-16.506021364369886,-21962.0,86827.07571076052,0.0004896290815079705,-0.001804474645000597,3249.096599958186,-3579.5009525810096,2.2729157178598664e-6,1.1489817040835064e-7,-3109.9985586017633,-50.671487028030555,-83336.0
t335,12931.183185203194,1402.704399397144,-0.0001710028949365702,584.4430060055845,-1187.9212942900506,1.872101271761428e-6,1.2691805171638013e-7,1420.087716080567,-12.496843293528324,-15138.0,2003.730709853703,145.96496386199962,-0.0003721942686634476,37.43511179640223,-52.60709411592864,1.9036531024600636e-6,1.1315912693006319e-7,-699.2353786000833,-17.28794260166653,-1418.0,381.88525120020756,0.0029610960258009576,-0.00024269301415436612,28.35763960248315,-40.08294236996611,1.9147381021542583e-6,1.268522373951006e-7,713.1093867544035,-9.2720556037806,-1074.0,3369.875453177505,727.2112357886501,-0.00023855858432583117,56.20221574256251,-80.94154441190416,1.895620725931299e-6,1.263195824365604e-7,-1876.2972973332023,-69.04982639405095,-2127.0,740.9833224920889,251.4155484862573,-0.00024003894902086938,6.480319472854525,-9.480123185007974,1.8376313539265904e-6,1.266467088336777e-7,-741.394402003487,-5.004427155919268,-243.0,3657.237512934369,752.2434904788192,-0.0003780960408140021,35.03418166942039,-47.52526158112623,1.8997788303782835e-6,1.2695810637439159e-7,-3054.6718190993433,-30.317728304221294,-1312.0,757.0427135067316,0.004454335433486179,-0.00022349617643007352,64.79429344197455,-94.59701999867079,1.89669587630777e-6,1.1367183938504675e-7,1682.4134312409278,-58.65765102470271,-2351.0,5582.2890374766985,11.830555867647496,-0.00021994234797393923,232.1805965234017,-474.22541204274495,1.937291990123852e-6,1.1390436295483336e-7,3547.6326840805136,-11.707243975048888,-8888.0,527.8996718894906,0.00026426405192983413,-0.0002526798955686477,79.1162398309207,-117.05964566251659,1.8816279727902548e-6,1.1239857874530104e-7,2328.1450853478314,-12.101364973084946,-2806.0,19409.952808095513,2018.8033183912682,-0.0004319183937490313,673.6723990967075,-1548.8752658390094,1.8897781711205237e-6,1.2695487659020124e-7,-209.79085908112293,-15.761970660892997,-20328.0,86596.10544699446,0.00048183827444186046,-0.0018444446892142985,2225.7449321980366,-6717.178984602648,2.2622846213092597e-6,1.1502219548799793e-7,-3109.998547387004,-50.67148693403012,-78944.0
t336,14189.581879563893,240.38772488541625,-0.000173919717089068,395.3105827138196,-2214.915295043017,1.869422650902522e-6,1.269859433329086e-7,1205.2414851170656,-10.606205213800665,-13805.0,1957.6056349275602,126.03139543489334,-0.00037240415718203644,25.833400980853853,-46.52202543824706,1.9067461756091357e-6,1.131893513595374e-7,-712.6239436635667,-17.3240918407019,-1333.0,392.0594181699614,0.0032125312597664074,-0.0002411190590402473,19.566608260947042,-34.443914911323,1.915474391368036e-6,1.2685784285979315e-7,641.526733189337,-9.711818135497936,-1008.9999999999999,3346.6850073218484,666.1415349204923,-0.00023894424601099485,38.74070650160994,-67.03362627105078,1.8973317621393994e-6,1.2632590067289846e-7,-1914.460050938126,-70.07333458110722,-2000.0,703.2448933366123,275.4423902542339,-0.00023940187023468952,4.474617293658883,-7.927617346473858,1.8308543579663488e-6,1.2666675446779826e-7,-741.2307238190523,-5.003322242473491,-229.0,3651.6941212339552,651.8170566076908,-0.0003650947098613524,23.677433573372124,-37.455363705814385,1.9008549742773862e-6,1.2696084973393653e-7,-3025.9538489259426,-30.77903568776548,-1233.0,757.0491237868227,0.0051014951983877925,-0.00022446865005234254,43.79053038565283,-75.31703730755521,1.8982035119556982e-6,1.1369125762530527e-7,1547.285413563275,-61.81290945071761,-2211.0,4516.84423528264,28.84676772316862,-0.0002193592681512581,156.90908667082164,-385.62018347352836,1.9320205131554543e-6,1.1392332817767034e-7,4047.3767103395994,-13.356399190843849,-8351.0,527.8997404343905,0.00028382363491708163,-0.00023702651739363333,53.46862592835539,-93.64884965986055,1.884118885500343e-6,1.1241021911036495e-7,2164.361196856079,-11.080762341797337,-2641.0,18392.661533369923,1786.993738544123,-0.0004324939287506066,450.38631869847035,-1571.5505097944042,1.8842165317620548e-6,1.2696196221975499e-7,-101.5244371599755,-14.966213074721697,-18942.0,84523.9982380403,0.0004798391363597776,-0.001876481617316015,1501.9220819688487,-7948.248904278444,2.2532112154567613e-6,1.1511869961594626e-7,-3109.998534558693,-50.67148685375642,-74917.0
t337,12654.991242501177,0.003882858075361241,-0.00017557498172075925,218.4273704223052,-1410.5241166663798,1.8659540859303312e-6,1.2671754605863305e-7,1204.703254761719,-10.601460194424043,-12657.0,1854.9156392145517,13.099471886786915,-0.00037608357893972134,14.273040714422422,-76.68734081808063,1.91561651410411e-6,1.1307146996110704e-7,-550.7135027572698,-16.88693416857492,-1238.0,367.6077103456002,0.00458708144762111,-0.0002462536849300678,10.80976040095728,-56.26934265441142,1.9214249437695518e-6,1.269125229991203e-7,623.4390316031777,-8.591502543593002,-937.0,3347.671200084315,8.003562686696156,-0.0002588757527924822,21.404573825251,-120.92146103251342,1.9059599249672518e-6,1.2633247838652332e-7,-1337.076420449037,-62.081198238671575,-1857.0,652.6775097379815,8.010436994148774,-0.0002499234648232575,2.4722470765485602,-8.60131015994084,1.8267481323704968e-6,1.2667541944304347e-7,-439.591378786219,-2.9672568603632783,-212.0,3636.1558745988623,0.00414833699804703,-0.00034547105021930037,13.082499117457337,-82.80857524074344,1.907602062906808e-6,1.2698623540707416e-7,-2404.1154208876937,-17.318182459822072,-1145.0,757.0587233346533,0.0029654574394138247,-0.00025197604790458134,24.19404285237827,-153.1870187367752,1.9065696486303173e-6,1.1356403260909519e-7,1474.0430172314816,-47.111480167040845,-2055.0,5410.607751875751,0.0045759779979679185,-0.00024307267048497255,86.69624227506816,-548.8499934330358,1.936063153759805e-6,1.1373625996626949e-7,2809.8141084728186,-9.272444106304514,-7749.0,527.8997238986294,0.00036314262123564696,-0.00020444535623990716,29.542327555841762,-187.02593950284077,1.8906794947327361e-6,1.1229907820424688e-7,2097.271402845908,-11.687675486965288,-2456.0,19906.3126819239,0.004743095287463816,-0.0005006779148302798,251.34062512064997,-1722.9589577422491,1.8796066903566636e-6,1.2681098268811998e-7,-367.775436440547,-16.923157184748337,-18050.0,81943.70273367429,0.00038833564769041217,-73.60107002470102,685.0425663518635,-7400.474477009375,2.2320202208448566e-6,1.1478468860742427e-7,-3109.9986555943387,-50.67148800575604,-71994.0
t338,11698.599644378326,0.0002999890265101313,-0.00030302686613344396,135.3793151241982,-1565.5485963475403,1.849311098064373e-6,1.268122756526876e-7,1579.4690459961134,-13.899407992360894,-11834.0,1835.5468637859917,0.0005438723755918592,-0.0013636981957162878,8.940768778659313,-70.20161299530363,1.904599951556319e-6,1.1306631052010936e-7,-588.2967980301195,-16.98840371429054,-1169.0,386.12907894875815,0.0002786891765019806,-0.001167728962819354,6.770315219108576,-53.18499938121968,1.9078706646426162e-6,1.2690335895762041e-7,554.4855188826339,-9.19902663630138,-885.0,3345.897776707873,0.0003028556222741408,-0.0012076821895424601,13.409139408862563,-105.27308626835836,1.894008658075927e-6,1.263278219501358e-7,-1436.4837279463577,-63.5491990629741,-1754.0,638.337452535863,0.00030276036654441717,-0.0011388146683814074,1.5476030830146752,-12.160556936755949,1.8084624265951757e-6,1.2668455764014052e-7,-423.86257492681966,-2.861089604010439,-201.0,3635.575855191732,0.0004680492250054793,-0.000680335493708817,8.1959114996142,-64.33293857857932,1.89561313618e-6,1.269842484932862e-7,-2478.3958853880868,-20.042732432462856,-1081.0,757.0649045824234,0.0002836626100775315,-0.001287412184582945,15.15668245508089,-119.003966228446,1.8959573609400374e-6,1.135546455935116e-7,1335.052540913863,-47.26915996688824,-1941.0,5684.031497898208,0.00028132971368794644,-0.0012074552163531687,54.31982756746746,-426.3367628243493,1.9205744957726683e-6,1.1374986006412721e-7,2011.6247888324542,-6.6384273435918715,-7317.0,231.75128637801356,0.00019610947451258122,-0.00040278755740324703,18.508488452558932,-145.2867325513459,1.8793365144251426e-6,1.1224568822325961e-7,2225.9317025394707,-9.904540121380172,-2321.0,18971.366656515776,0.0004583369378005771,-0.002395728378903056,125.65552401328209,-1843.7014681468313,1.8665909272541021e-6,1.2682984689852882e-7,330.47225344374067,-11.791030327451008,-17572.0,77637.59361661997,0.0003874894703502778,-78.31460586480496,412.9398047596722,-4309.550871198219,2.2292643928003767e-6,1.1490541179768308e-7,-3109.9968643168927,-50.671469791498545,-70502.0
t339,9986.635572206056,0.0003048214641196097,-0.0002998650739017426,59.98078456352904,-355.2051747897638,1.8460853342901432e-6,1.2691751490658628e-7,1734.3550326412806,-15.76622145221163,-11410.0,1633.45477755531,0.0004891047655291191,-0.0023032035574248,3.9406717310996067,-53.20222279866114,1.904996594348373e-6,1.1312261926318826e-7,-442.596404599424,-16.595009790853766,-1125.0,379.8197037429229,0.0002552439776735643,-0.0019552406867598335,2.984059049795509,-40.311772519941734,1.906538833406409e-6,1.2697832198976452e-7,517.7975328191834,-8.287825100778532,-852.0,3338.0382284632155,0.0002770542215205508,-0.002161461509966653,5.910953795344504,-79.76772471508156,1.8940427329144072e-6,1.2640882958709248e-7,-1514.9718788874598,-62.207696236453444,-1687.0,571.1538853757964,0.00027634522546271826,-0.0020402913029993926,0.6810432186632985,-9.233219031720964,1.8023387716624291e-6,1.2677153108750661e-7,-367.121857557697,-2.4780899559359155,-193.0,3612.807984860169,0.00045168287872499654,-0.0006998658856740477,3.6119528366877884,-48.730477218498265,1.894643738465363e-6,1.2705527050128892e-7,-2508.342479543918,-19.346734744168494,-1040.0,757.0712176888658,0.00024978956842173133,-0.002290081376772034,6.681513037305383,-90.14411106164471,1.896153618755353e-6,1.1361446491646326e-7,1241.6365302353345,-48.24311160131008,-1867.0,5603.185299617597,0.0002455281638201636,-0.0023137334453777808,23.94907963254599,-322.9427322611742,1.9173186261540336e-6,1.1379828686904899e-7,1738.5476928982691,-5.73727367431642,-7037.0,231.75020490219183,0.00020910013719494105,-0.00038347854638786836,8.15782302909998,-110.05215634262234,1.8787668764898229e-6,1.1228122715861138e-7,2110.6927432004277,-8.548442391085851,-2232.0,17657.829022652095,0.00045945971434615016,-0.002392097088476781,53.35764497442111,-893.3741360702207,1.8666427484627135e-6,1.2690501703220651e-7,599.9994332334477,-9.810034045292678,-17408.0,75727.84364055877,0.00038414505989799186,-82.15805137213927,180.63438832924103,-2563.652555592292,2.228640675613247e-6,1.1501866363582215e-7,-3109.996344439445,-50.67146395007385,-70102.0
t340,9975.303663096147,0.0002859557264890311,-0.0003209944813213465,75.84445088438224,-541.7321501898747,1.844357914589684e-6,1.270541198688486e-7,1773.84590309032,-16.261833712883124,-11267.0,1456.2049238603167,0.0004928746476169922,-0.002481743708979925,4.970834115591946,-35.13626712377379,1.9051093736844926e-6,1.1317569734060171e-7,-306.8091196660302,-16.228384318437243,-1103.0,381.7951965836051,0.0002610877496081121,-0.0018515434962866277,3.764058714156711,-26.61342429788725,1.9057533817295819e-6,1.2705378686381803e-7,483.4949048385661,-7.439147387547647,-835.0,3295.6558903171895,0.00028212965580540607,-0.002089869122047121,7.455966200846167,-52.70581414118659,1.8937921007347317e-6,1.2649527068822403e-7,-1535.8860412005317,-60.51819542437169,-1654.0,508.18606185544166,0.0002819542303457023,-0.00208336582937896,0.8594298113070206,-6.065612692397744,1.7986030870540768e-6,1.2686081426670751e-7,-311.8729199977514,-2.1051594583368023,-189.0,3417.0170531382946,0.00044676432385602944,-0.0007126826666766482,4.554155608224128,-32.22516638155445,1.8932985247529001e-6,1.2712302976424084e-7,-2352.054200881106,-18.291577557325013,-1018.9999999999999,757.0775566572953,0.00023429824996885993,-0.003985697048815102,8.425310771329434,-59.61191316898215,1.8953715737082818e-6,1.1366753736828092e-7,1171.2094437286148,-46.09664858269222,-1831.0,5527.577769159557,0.00023131701921242953,-0.005162273719310081,30.20570184629149,-213.5683474759126,1.9146262048683045e-6,1.1385415654634237e-7,1558.9343555378723,-5.144550100887321,-6898.0,231.7500118675005,0.00021632666570635148,-0.00037718469192196934,10.287078986718669,-72.8760060779236,1.8780854905056087e-6,1.1234064990731797e-7,2029.0577499376905,-8.218675835591313,-2190.0,17392.52681496736,0.00046220866818288796,-0.002365518122752967,77.78777519889829,-449.5783319714379,1.8682718213654792e-6,1.2699747393939676e-7,600.0762212960391,-9.810578076112485,-17611.0,75272.155234923,0.0003809380930662703,-84.56098432456447,214.6063372939594,-1551.533211014981,2.2339740333976873e-6,1.1511642827677302e-7,-3109.996296683683,-50.671463466416355,-70690.0
t341,11958.682050722022,0.00022631878741181943,-0.0004930883387018067,50.45037742505574,-363.3959293817435,1.8397722919328818e-6,1.2674363897326237e-7,-359.06827090881944,-4.667962952572718,-11282.0,1658.299032592377,0.0004417933304426536,-0.28325496724109467,3.076780959274961,-29.629456249821487,1.906784441038815e-6,1.1308204030926543e-7,-523.6496961505178,-16.813849980394156,-1091.0,386.7227916027045,0.00023476393327810505,-0.00636016643444757,2.3341958917166337,-22.963202625836793,1.906825470223876e-6,1.271458825810816e-7,469.0356280656782,-9.123289537721735,-826.0,3311.8215757666276,0.00024461579030629523,-14.190175914136493,4.61557640843471,-45.11862325228569,1.8950352497551002e-6,1.2656743779504635e-7,-1556.2864066672832,-63.84219294565921,-1637.0,575.3858977698186,0.00024860179634840984,-0.2827139905361275,0.5349610922464008,-5.926427033602508,1.7986530994048903e-6,1.2691030094488886e-7,-380.1459652998449,-2.5660030333234465,-187.0,2035.3463747311462,0.00044689909804773416,-0.000722957522712882,2.824573203485089,-28.58093521709431,1.8948012330153749e-6,1.2720135760964945e-7,-992.8882750546353,-7.701463597885956,-1008.9999999999999,757.0838777321804,0.00021539608656261653,-0.007840458171352453,5.210185967566815,-50.14093489120568,1.8969895089040735e-6,1.1358999607431705e-7,1149.9009029213369,-50.04640866276709,-1812.0,5599.061506029934,0.00021466839991337677,-43.30731541439706,18.73738557258914,-158.88073502999848,1.916501946266172e-6,1.137018416538963e-7,1414.050275877795,-6.66133369570468,-6823.0,231.75001357959098,0.00023949056790548964,-0.00033256980534841795,6.994740601246474,-48.59992169474196,1.8807736629079683e-6,1.12312085531116e-7,2002.2699418856243,-25.414683274727942,-2167.0,16540.161170809184,0.00046117215284693756,-0.0023462869713373473,58.56798248837608,-375.236581181791,1.869433441143058e-6,1.2688944963949254e-7,1886.7771381171624,-19.267827013212838,-18091.0,76676.50308682675,0.00037653416468843594,-88.1291788441702,167.62927359731776,-1116.336836319259,2.237091378402395e-6,1.1482845579212971e-7,-3109.995272786496,-50.671451255816486,-72479.0
t342,12626.056326543252,0.00022114856981784257,-0.0005371467980398788,153.53900941820964,-473.1052007702727,1.8414892571401115e-6,1.2696330820680686e-7,-547.3739065662828,-7.115914493782368,-11752.0,1860.3954657358079,0.00044598608579037214,-0.28541886645999115,10.056802221671033,-24.66640324515466,1.9042531670424209e-6,1.1315444942741269e-7,-716.1672468061647,-17.3336470264377,-1112.0,407.1292542321323,0.00024250163335377825,-0.005631833111892815,7.6243107079492916,-18.17889811679542,1.9052763729201813e-6,1.2725684959984483e-7,456.049948178491,-10.619227674948377,-842.0,3327.6595376537584,0.0002522075454413783,-369.0613630494817,15.078720403168115,-36.307964140114514,1.892850606706732e-6,1.2670903845795194e-7,-1204.5064217613738,-64.86276330043144,-1668.0,642.5908854604172,0.00025632794111309396,-0.33361060924954256,1.7465746271430627,-3.477367233691947,1.7989506818864793e-6,1.2703104362426176e-7,-446.51276175687923,-3.013978709544818,-191.0,2058.1710314216916,0.00044586029141153126,-0.0007280455267136912,9.225769382580996,-21.184843696441554,1.8929534413897215e-6,1.2731010640860192e-7,-1011.2583746003403,-6.953302313942705,-1028.0,757.0902808167252,0.0002205120603592472,-0.007565633193090895,17.032953538454315,-41.88309759319564,1.894651627450506e-6,1.1367686833355602e-7,1165.2153996499624,-49.44819328306617,-1848.0,5681.163930117607,0.00021641007434502655,-59.09104047584473,60.942737513809995,-170.83259561179995,1.9158312658368746e-6,1.1379168150532728e-7,1443.9683103238933,-6.151560268827548,-6950.0,231.74996231563375,0.00022081276777471086,-0.00037518127220445796,20.69296051245133,-64.18354094268685,1.8780024620597758e-6,1.1238445075652859e-7,2050.5912336968004,-27.850463193322536,-2211.0,17694.683979925714,0.00046546463455632726,-0.0022944605697419905,205.64346060155492,-245.8026698938925,1.8737938909318303e-6,1.2704022006700304e-7,1919.9889873570414,-19.511930894358404,-19555.0,81245.99828799548,0.00037080497862234367,-86.10261783561944,559.3847317536237,-1213.6141568235107,2.257194000567422e-6,1.1495727551222947e-7,-3109.9951677151475,-50.671450525071876,-77345.0
t343,13278.45007773692,0.0002701620453866161,-0.00035730482427372807,400.1822018751822,-52.054321660369816,1.9465128891592333e-6,1.0683447179784773e-7,-458.61582274625465,-5.962050044873701,-13162.0,2062.4922309436583,0.0006476125853968648,-0.0009953217523527812,25.565405648859173,-0.009487200722933457,1.9036422303799783e-6,1.1330807619973108e-7,-899.6187525555613,-2.429051126453579,-1186.0,407.1007104923786,0.00036540707640416706,-0.0006712627048440959,19.35787302071283,-0.008709116574464168,1.9072473652845445e-6,1.275332769975969e-7,475.9916279812551,-4.441198528321127,-898.0,3356.3030771450894,0.0003899877606690575,-0.000754659677322079,38.34390784103872,-0.004642025085593357,1.8932164783192738e-6,1.2698214015244528e-7,-1595.2967116589589,-21.34526861663816,-1778.0,709.7962414082477,0.0003646316795523812,-0.0007490996281581373,4.428302817268186,-0.0036297917085357585,1.8077283229402577e-6,1.2730946081473002e-7,-506.7996183526458,-3.4209135161501494,-204.0,3659.7158029836937,0.0005686697989308848,-0.0005309382695891638,23.436184346251554,-0.008464618281058302,1.895591745382503e-6,1.2726125987901146e-7,-2573.7305536815934,-14.413008750390318,-1095.0,757.0969270640035,0.0003073739799209776,-0.0009252361387991769,43.33626397265959,-0.009436232557326833,1.8956737713346807e-6,1.1358199765103242e-7,1218.4147302242563,-44.83786915402667,-1974.0,5632.770131170193,0.0002967142506691646,-0.0010123343415225248,155.31863084502012,-0.009578300390877712,1.9209181679317825e-6,1.139235003363568e-7,1607.225438738403,-5.303908830022579,-7390.0,231.7760711508359,0.00024129864906593493,-0.0003240380902897809,52.92174221402748,-0.009282067708858392,1.879219371552776e-6,1.123517920647598e-7,2101.122569478471,-19.811020018873702,-2366.0,20472.728676130355,0.0006324870946951529,-0.0010781106721327776,544.924333736706,-0.0033290307099197425,1.8804665212456502e-6,1.2722485840288208e-7,1229.775906108226,-14.425143252963064,-22233.0,85006.22443578763,0.0007967522014213936,-0.0006441742056360057,1653.3363174166916,-184.30692240296372,2.294875739010799e-6,1.1507683232727992e-7,-598.4688135355974,-9.78517219734495,-85867.0
t344,13343.678657712906,119.93704524455384,-0.0001708823913806056,839.8939610401693,-0.00038453448910204295,1.870611261645717e-6,1.272561844324257e-7,1456.3064576472627,-12.815568127707273,-15747.0,2264.588830685324,398.29366732623083,-0.0003340934367729911,49.25275586506843,-0.00040031389520607806,1.9012485819584163e-6,1.1340473050637115e-7,-1359.4639258252225,-3.6705956419926977,-1349.0,402.8730685572229,0.0359442771327135,-0.00018810788190291484,37.300630740651094,-0.0003703572078003789,1.9100884584028027e-6,1.276522319267248e-7,588.1253497508089,-7.334436870592239,-1020.9999999999999,3345.6390216160917,1874.2508387635344,-0.00019081943988450296,73.86162400702634,-0.00038087331826700883,1.8923174820005647e-6,1.2718987998521946e-7,-3225.8363352791575,-44.91457940105679,-2023.0000000000002,777.0014681666077,785.0943366228083,-0.00019590870064195017,8.531909487540625,-0.0003170385324470052,1.828530578470873e-6,1.274615053076123e-7,-1329.652038036581,-8.975165217158175,-232.0,3682.5415224978087,102.23010298255923,-0.00026247959237706394,45.14564195843419,-0.00035688324653673114,1.8971158905067864e-6,1.2764108646590824e-7,-2554.0181144438147,-29.898535628179296,-1246.0,757.1035355358642,0.05347347727281625,-0.00019762446340116055,83.48636507227368,-0.0003848569087927913,1.8940895720277072e-6,1.1398002845258049e-7,1462.1325058478262,-56.775299444331964,-2246.0,4949.451511574473,88.6095127388361,-0.00019870110856951985,299.1672126247395,-0.0004114347914739016,1.931359029172567e-6,1.1405244149089374e-7,3079.9362174359453,-10.163846244800013,-8407.0,527.9002012446042,0.0005801013758993679,-0.0001652242679859049,101.94320596509061,-0.0003910402942890397,1.8822169865959878e-6,1.1274941965227193e-7,2072.1749689300273,-9.018401960824287,-2693.0,20362.081944907055,2808.30588137973,-0.000433638249086986,1037.7011459169148,-0.0005099334417314765,1.8939888143061582e-6,1.2753579162560545e-7,-189.69349973356736,-1.3945308142900332,-24017.0,88037.83955961863,66.74396887070566,-0.00036087954576757576,3182.429243839528,-0.0005681329008394162,2.3185456343104275e-6,1.1515378702747848e-7,-0.011586293527031473,-0.00025951606782572464,-91287.0
t345,15073.555306094544,0.00027213890625314425,-0.00033215724030523234,950.620380882683,-0.0033838584526459173,1.8536025815846635e-6,1.2653282920457328e-7,982.473599900565,-8.645844860712954,-16998.0,2892.5623958509013,0.0014966936214503403,-0.0005020801668948951,57.13118332899229,-4.794276775543421,1.8735107797263064e-6,1.1153761771766472e-7,-1449.3077112164276,-11.59258776169591,-1484.0,404.8212546639113,0.001231715745131358,-0.0002508901524952122,43.27142277680856,-3.6183677263161402,1.8893460711552465e-6,1.0350119447756472e-7,681.3644404653061,-1.8397329767685886,-1124.0,6102.852833343989,0.0012032615245991215,-0.00026699644059982483,85.67576313208357,-7.204678040634926,1.8602694782402294e-6,1.0333932239684024e-7,-3919.452440178156,-35.87241646332162,-2226.0,1159.180715401389,0.0010610925011721804,-0.0002715458664761818,9.896240991586362,-0.8303426453540501,1.8904871637086969e-6,1.0280676482645864e-7,-907.1242996999134,-6.123105564604127,-255.0,4853.784905200698,0.0007895877852736513,-0.0004803858443964777,52.36378275884727,-4.403859368356393,1.872475024911313e-6,1.0409778859954048e-7,-3502.379725311468,-28.36541443746745,-1371.0,757.1096940996671,0.001252411558966196,-0.00026121246148829493,96.84296404336146,-8.12970942599715,1.8664339814451984e-6,1.1168856767047027e-7,1687.7576729992195,-64.58161486915445,-2469.0,5636.6738693512325,0.0011561163236998599,-0.0002548560028737432,347.0072953306467,-29.2172591155947,1.911708298749585e-6,1.1281974019617262e-7,3315.476330205503,-10.94113901812144,-9259.0,231.75146217399225,0.00025488955415670393,-0.00030811524427714037,118.24622761150634,-9.944698423096714,1.866268430534227e-6,1.112185592390857e-7,2629.5415453005485,-11.594485404218702,-2958.0,23310.87141394502,0.0004721399660087741,-0.002114813775587986,1116.447638675016,-120.91891598190438,2.140415739551593e-6,1.0572766528366339e-7,-286.29418594224626,-2.104310213498704,-24018.0,87250.55054143775,0.00066626345914395,-0.0008609473695001148,3524.615606523991,-125.35775817163127,2.4483077745246407e-6,1.130037719215518e-7,767.944773477069,-9.75297108483968,-91408.0
t346,16098.003546946324,0.00015159890923008924,-971.122019937173,818.5489419716678,-197.5922447904855,1.8452068188897983e-6,1.2653964776956978e-7,1397.1133500213061,-30.951727663063355,-17114.0,3914.4207747626924,0.0007458092117329461,-239.995607613551,51.67678440737648,-9.201319626089271,1.8615933937994572e-6,1.1271217433899675e-7,-2178.0207081908206,-15.880671497973488,-1523.0,364.9690268531125,0.0006420473407376121,-0.0002734201880473675,39.147856673133255,-6.953497298307772,1.8728716382258956e-6,1.26510646742101e-7,760.9977997033224,-5.161556512484116,-1153.0,10989.767003963289,0.0006653427480760168,-0.0002962332238171866,77.49498332365533,-13.801373706881183,1.850537826897304e-6,1.2612650876429082e-7,-8679.659481957342,-89.80150265911232,-2284.0,1616.2834189896075,0.0006646181125699681,-0.0003046212393701719,8.950570746353385,-1.595129049009321,1.8137726218840036e-6,1.262576189387007e-7,-1353.5030579172594,-9.13616465713583,-261.0,4411.854276365319,0.0005321367749597961,-1166.6962094620355,47.35852410134338,-8.445700412168062,1.8603068171431147e-6,1.2639517417328273e-7,-1812.3839478213504,-64.68747684850248,-1407.0,417.4601042481253,0.0006689498949065807,-0.00026860686366634266,87.60131004368817,-15.589320074732642,1.851743420550796e-6,1.1311938384148358e-7,2125.0710620492728,-84.54355855034123,-2530.0,5729.376266066343,0.0006447396011308381,-0.00026082303484499227,313.85254836115206,-55.942994762677046,1.9029132746415056e-6,1.138392222763684e-7,3540.392105354371,-13.67831091402494,-9514.0,231.74988227641765,0.0002110111555092491,-0.0004111029938736676,81.27200802878785,-140.76188874819215,1.8591449631721542e-6,1.1264686038228668e-7,2881.849034827395,-27.108838255786768,-3027.0,26840.232013796554,0.0003585937834337749,-3605.955783290635,833.80619230883,-784.1692094255505,1.8692230367755715e-6,1.2713304904987274e-7,607.3099768997731,-9.22355085022975,-23882.0,85092.44326120797,0.0005761631136524604,-0.0011248478252803718,3172.1875910111385,-536.3190160001537,2.2989519357628884e-6,1.1474120637516756e-7,2710.833867031333,-44.14515690836781,-90395.0
t347,17335.70996056308,0.00016910542726321574,-1806.221716658326,805.9062848424539,-694.5402586397494,1.8520659509933523e-6,1.266427161084128e-7,1696.8591101814823,-34.713551256288056,-17303.0,4333.772712955786,0.00024108970772731108,-445.0561562473945,44.723794475569754,-80.1455213035229,1.827710192047514e-6,1.126697594750486e-7,-2279.1413627709453,-16.15371011451478,-1558.0,360.2005001381989,0.00020159715166667258,-0.02266612887343821,33.519574189640366,-62.94507609048967,1.8397088136489285e-6,1.2638593574278337e-7,854.7172275485964,-5.4697631750645055,-1180.0,13305.52668931292,0.00020564746108425828,-938.67204349898,67.3411392784952,-116.78985475685059,1.8157037921426306e-6,1.2597645966059638e-7,-9888.889124925865,-91.5170129601643,-2337.0,1840.4549277167027,0.00020405858404312212,-582.7818162932341,7.611417820763268,-15.476364832680197,1.783088864607895e-6,1.261435200047894e-7,-975.2255642967356,-6.582806033287429,-268.0,4798.496155537584,0.0001780435349144563,-1166.7009157393868,40.49999289804139,-76.76218470088574,1.8253917484793671e-6,1.2631105699008934e-7,-2080.41622060413,-75.11700734262675,-1440.0,417.4660718567284,0.00020100158239509701,-0.033633171047317,75.83688603168953,-137.76682988786612,1.8167727273549648e-6,1.1304609644035473e-7,2329.9840877292672,-96.48678546460883,-2589.0,5738.004640717424,0.0001948258453469992,-38.683317087434,288.4125358634126,-378.1843547313602,1.8698865053138345e-6,1.1379055757402287e-7,4142.1143125572125,-15.6640140884306,-9736.0,231.7499339508688,0.000229259791602931,-0.000370116162902156,93.27496690144633,-115.50866122705584,1.859166106910244e-6,1.1275051978313288e-7,2915.346589953385,-26.86269068278115,-3098.0,29062.58115624532,0.0003562274382709977,-5310.317513965927,865.5718168620518,-1302.5251202982229,1.8676698298264416e-6,1.26994494979964e-7,824.1930610524713,-6.50375796883141,-24133.0,86159.10087140907,0.00040017336335095087,-6.641407419887611,3206.2365016151653,-1410.482701906576,2.2863035052778793e-6,1.148331165773346e-7,2460.4578835752623,-41.67154984414509,-90367.0
t348,17945.7314405677,0.00016890549279776032,-1807.3207456963532,920.5867396304567,-1116.1431892798762,1.8542346457953772e-6,1.2674156261307404e-7,1696.8591354612893,-34.713551454690794,-17605.0,4446.392519164638,0.00047496821987373433,-373.78974141303337,55.20621946448128,-67.98662016965994,1.8255579176128777e-6,1.1277534101722548e-7,-2457.1884164951134,-16.634437433330476,-1586.0,346.65549937654566,0.00043203106896416054,-0.010214377229840213,41.67089375984696,-50.32276316136848,1.8376716106203614e-6,1.264635821582743e-7,869.7310490329963,-6.724898580894112,-1201.0,14509.430269793484,0.0003893724125696935,-2168.9461423106777,83.13838940139541,-97.52455186305708,1.813459629885146e-6,1.260470921852128e-7,-9853.999636620283,-94.09871966308644,-2378.0,2015.0055562035786,0.00041206363007922475,-660.3832487079563,9.570585665707066,-11.401510913767511,1.7834035439156091e-6,1.2622813181051083e-7,-1073.545330792388,-7.246465378803519,-272.0,4759.765933621148,0.0002522922442706509,-1166.7004735561916,50.430032820060354,-60.32468562866523,1.822851050093841e-6,1.2639982869235727e-7,-2039.86928181223,-77.30177964628601,-1466.0,417.472471518955,0.00045757788635720874,-0.014283370229292183,93.43941477280143,-117.92283817252158,1.8148644845200955e-6,1.1316157442727724e-7,2339.1360169442123,-98.11124117942526,-2634.0,5738.004644548432,0.00043739608440167553,-17.63754693667692,340.92610711550446,-452.9252215741308,1.8701984811083793e-6,1.1390649763490079e-7,4318.878914834203,-16.24733732958431,-9911.0,231.75000350335407,0.00023762710598562936,-0.0003568833950816878,116.15531832006349,-114.97533152229445,1.8592657763638456e-6,1.1289566950086892e-7,2943.7242419536888,-26.654114950536478,-3150.0,29401.675662306632,0.00035860598964229564,-5483.056167282553,1041.6924747102978,-1515.1301133990999,1.8694398781819976e-6,1.2696397367242886e-7,802.2176394088116,-6.399856206949513,-24241.0,88417.85820109943,0.00039735043766352926,-7.647781674829151,3570.984489361912,-3776.474752686899,2.2832443908686224e-6,1.1496498826123934e-7,2454.055668084815,-41.77622391967408,-90617.0
t349,18039.90890260526,0.00017157180309166782,-1807.439991646793,1012.8344685444071,-1118.4491276301821,1.8567981472153153e-6,1.265062321272831e-7,1696.8591262785342,-34.713551591271084,-17789.0,4319.1183897586525,0.00046137943563347405,-324.16572387498695,61.27521325189898,-69.7979193453878,1.8310425849271813e-6,1.127021550274709e-7,-2366.0420800222014,-16.38834306495872,-1604.0,378.19659399702357,0.00041514946236525976,-0.006784917945999006,46.15703250194025,-53.24595978881004,1.8435323182472698e-6,1.2641873327392347e-7,850.0381035373276,-6.139402403487081,-1215.0,15849.143042759648,0.00033385213918342926,-3439.4398550074875,90.97727781300746,-112.25288139308199,1.819801483000006e-6,1.2596862677272084e-7,-9887.031053029626,-94.39686690047505,-2407.0,2105.457345716612,0.0003721213195680374,-676.6445239227777,10.667501495927322,-11.740178282546271,1.7888591625880355e-6,1.261527674832255e-7,-1144.018360526651,-7.722158467848247,-276.0,5003.494484290683,0.0003219463689895857,-1166.700262397789,55.69667844022399,-65.56231670638806,1.8285627904251236e-6,1.2632555885276903e-7,-2265.02492070118,-78.90398678320015,-1483.0,417.4820770545997,0.0004397574451267709,-0.009039084820292025,102.77423643121777,-130.88292287823919,1.8203284972549015e-6,1.1309928288633182e-7,2375.914217328671,-100.27901051644643,-2665.0,5738.004669047187,0.0004106306579806637,-11.13118505634533,364.50034129955867,-584.7068981249497,1.876747803826913e-6,1.1377546968576275e-7,4539.307411300417,-16.974751048457094,-10029.0,231.750091330759,0.00026138578962510986,-0.00032023326626145885,129.10626461466296,-129.5876783769082,1.863426868782932e-6,1.1293768428486539e-7,2983.0961115734967,-26.364732262598263,-3188.0,29594.09813150916,0.0003579819239055865,-5419.97137409867,1151.8362678153842,-1688.6233515247948,1.8665726127935248e-6,1.2673148979830407e-7,764.8024305624875,-6.142464092863027,-24396.0,89620.03506148561,0.00040009033225306417,-8.653948820607845,3811.1569869786713,-5099.8293013054,2.2742393899191593e-6,1.1463329897241013e-7,2452.099013698725,-41.80821453646552,-90733.0
t350,19513.31747408251,0.00017238977473648217,-1807.863643778851,857.0846139231528,-2485.6841953961666,1.8598387309086373e-6,1.265594180703019e-7,1696.8591286131334,-34.71355170313601,-17739.0,4491.058037905668,0.0004445621920136896,-339.2205422610177,58.54488489600525,-92.71963402697196,1.8280968042430785e-6,1.1281781724649083e-7,-2497.9187820456877,-16.744410946690635,-1603.0,406.9579119697212,0.00040259116354471314,-0.006691949035474011,44.489692988914804,-66.62933224248098,1.8406067589963676e-6,1.2653728005284583e-7,836.3747992450334,-7.186784525288186,-1214.0,16044.402907830176,0.0003307757436648792,-3841.4389821994523,87.13918887830192,-145.02717454552837,1.8183110180176811e-6,1.2608652726276255e-7,-9646.829803764234,-94.24646886487037,-2404.0,2119.0343819968703,0.0003634201620649995,-720.3645832195465,10.437470169481054,-13.394805192953136,1.786425545694339e-6,1.2627115757069816e-7,-1113.1987033783473,-7.514125659236253,-275.0,5309.968152998743,0.0003323658630008008,-1166.7002605863802,53.6867813229229,-81.5522903667303,1.8279290978851379e-6,1.2644462715815584e-7,-2554.21564040027,-79.18707724764595,-1482.0,417.4884878312079,0.00044172251757587037,-0.00854861617586009,99.28714008330545,-158.77849539530865,1.8193656779122763e-6,1.1322361336232128e-7,2405.6488729286048,-101.63790046331964,-2662.0,5738.004703224456,0.0004077634719784917,-10.768734206804817,347.6304930054985,-710.7325523941455,1.8759659394661639e-6,1.138890927395223e-7,4673.28254953872,-17.416868883978296,-10020.0,231.7502030886472,0.0002541576953902287,-0.0003302420112995774,126.76142604098081,-150.20050223625202,1.8659228097302432e-6,1.1304415486824291e-7,3001.9153583157877,-26.226411094820126,-3184.0,29259.338297072132,0.0003613110616213552,-5093.329656070212,1156.0225983229166,-1567.5584031820972,1.8732306969565531e-6,1.2677887323193577e-7,749.5899122051102,-6.0631115192152665,-24498.0,91692.07458107773,0.0003972042696948289,-10.643175895499356,3549.9404373353145,-7224.997367669318,2.272851426882216e-6,1.1469112865350579e-7,2448.4923087421494,-41.86718326057206,-90413.0
t351,19052.572179858602,0.00016882982781244382,-1807.6901741255595,1008.8050357742271,-2031.832777668622,1.857408269096012e-6,1.2667720883731865e-7,1696.859117208989,-34.71355173779732,-17884.0,4571.571256544338,0.00046951776683978885,-350.4547220906575,62.491469777145404,-121.6036216029388,1.8259781903167728e-6,1.1291449212504005e-7,-2530.173356132791,-16.83149792598689,-1615.0,406.9293751207832,0.0004303229022850628,-0.007132554561928902,47.578875648628355,-87.80556750701645,1.8391162630373846e-6,1.266505620139211e-7,862.606496085553,-7.302479037042385,-1222.0,15573.811122618588,0.0003396497327506911,-3193.3820521235475,93.3600857405927,-183.3251180431071,1.8158933058818765e-6,1.261910499097036e-7,-9773.875195241966,-94.5891845077534,-2422.0,2016.371899690688,0.00038073370435683985,-643.1484806828863,11.27358127712782,-17.318761395216132,1.7864681616425221e-6,1.263855217866816e-7,-1082.869219293164,-7.3094021936821605,-277.0,5287.43094417646,0.00031680015705660573,-1166.7003075363998,57.26526477112162,-109.42432614640047,1.8261404811784757e-6,1.265489990358414e-7,-2496.613210373224,-79.95868359290931,-1492.0,417.49490691542655,0.0004429705366778937,-0.009459061343741602,106.32140211730126,-205.9182541806203,1.816652232818901e-6,1.1331121322415358e-7,2465.951576541978,-101.8406172123008,-2682.0,5738.004766305166,0.00040960071037616044,-12.220155577137243,393.1878956546024,-666.7222987402264,1.873933562079671e-6,1.1398242583633791e-7,4658.11620071533,-17.366819911138425,-10093.0,231.7503544542673,0.00023401262324877184,-0.00036504747415986937,137.85755541451,-194.68281827117838,1.8641291954666144e-6,1.1311259997663931e-7,3057.89003502362,-25.814997551431865,-3207.0,28955.99561811112,0.00036825087429049697,-4348.344515810417,1263.3582772746781,-1850.5641105734126,1.8740536493823349e-6,1.2687768788160082e-7,697.2657436337082,-5.711382864944043,-24712.0,93130.82198697442,0.0003945748793178683,-14.609109587010272,3671.3184871462395,-8741.446705200704,2.2774303981588724e-6,1.1481820347136939e-7,2444.8418118319682,-41.92686821711846,-90449.0
t352,18648.21754041812,0.00016903220662117634,-1795.6089038266934,1485.5155107572325,-1572.2696835794475,1.8595656581208882e-6,1.2690229131414134e-7,1696.8589150319633,-34.71354969859942,-18428.0,4159.403166828833,0.0004921030010238782,-294.13234278475545,87.21267088662341,-117.4522727352165,1.8327488675722302e-6,1.1301020557662904e-7,-2165.185685987532,-15.846030232139318,-1654.0,406.9008501926375,0.0004456799087753835,-0.01020140450640677,64.8689910349123,-93.88831790062565,1.8469472363208602e-6,1.267336843093922e-7,878.635414295061,-4.5071838255566545,-1252.0,13254.197452573462,0.00045326546643058817,-101.15678746800414,131.49613719797685,-168.8389345401421,1.8201073331759397e-6,1.2626094697711573e-7,-10538.100627618664,-97.59769530682036,-2480.0,1736.460008249579,0.0004310451831486741,-104.85092596412056,14.001748820638358,-25.450371049662117,1.7906614658859587e-6,1.2645556344011428e-7,-1327.2022462707805,-8.958646698371842,-284.0,4676.675336853695,0.0002690522747965932,-1166.700473468937,79.52338407309101,-108.66357811267854,1.830192422951705e-6,1.2661511886904578e-7,-1869.7035604093148,-83.13137990013566,-1528.0,417.50134534943686,0.00046348055134737303,-0.014463464198363044,150.9795704943037,-182.92856979733295,1.8220306520400461e-6,1.1343494615356601e-7,2464.3133035107817,-101.85165149161534,-2748.0,5738.004927413237,0.00043677178117203284,-14.90440581647486,555.9547988961965,-592.068467511441,1.8814420157129234e-6,1.1411063356650982e-7,4660.387020320992,-17.37431203099139,-10330.0,231.7506040132992,0.00019589655645070486,-0.0004794006235738384,173.32453532925794,-297.1889046999642,1.8593595221431658e-6,1.1319567328865715e-7,3204.8488953088213,-24.73484840966394,-3288.0,27367.60907040878,0.0003844970438104943,-1806.7568065929543,1718.5200828642728,-2149.618486989522,1.878324346633309e-6,1.2706911356392258e-7,561.0526814752831,-4.806927510630648,-25686.0,92556.6607785552,0.00039071856130268204,-30.664169112835495,5353.905509133567,-7596.895840616537,2.29734743883058e-6,1.151045154580981e-7,2434.095890343387,-42.10256142998468,-92675.0
t353,17982.26956972791,0.0002795715349184044,-0.00031446530672248144,1988.4338055189007,-1988.4339209379748,1.924503824538592e-6,1.273220825216274e-7,1348.0761472347178,-17.345568587244234,-19313.0,3402.5145653007185,0.0007958270771161436,-0.0007258889264555019,117.45271437627375,-117.45234673225265,1.8929775813965362e-6,1.1318697989842335e-7,-1679.0553422667363,-13.459662596743346,-1710.0,378.76217155448865,0.0005656153916352766,-0.00041159825459109246,88.69273320224306,-88.69236962775251,1.9100167584832284e-6,1.2714878350693443e-7,918.9903475307805,-2.753038668474924,-1295.0,9044.308680142574,0.0006181397952975302,-0.00045177053758227437,175.3698316937571,-175.36945540814028,1.8820556418736572e-6,1.2665970584125715e-7,-6430.664275198316,-48.644949557259096,-2565.0,1218.3937929116546,0.0006073099961769388,-0.00044215560007405063,20.401690574018144,-20.40135672290345,1.8491415300912632e-6,1.2686090610156027e-7,-918.1964510075542,-6.197842835834013,-294.0,5126.596880707708,0.0005506901144913528,-0.0005848214657310749,107.44829223509907,-107.44788748790039,1.8878882847553963e-6,1.2693643307955474e-7,-3490.8710041407003,-55.72624915120145,-1580.0,757.1643221120701,0.0006264671904714962,-0.00042959303225726254,199.08598170168025,-199.08556547670304,1.8795699742314076e-6,1.1355662401125491e-7,2165.691091482544,-78.8560286621931,-2844.0,6680.30838130719,0.0006164501419340417,-0.0004124312033386502,714.68553237887,-714.6851377827821,1.9418179508626974e-6,1.1425055761447067e-7,4011.9253723076563,-15.234354246914098,-10677.0,238.0821108268703,0.00019333721594182114,-0.0004274609156063893,245.4428130599914,-245.44336804032883,1.8678141998231116e-6,1.131202224294593e-7,3181.477069440114,-14.558393131817933,-3405.0,27528.21986122654,0.0004627736041463151,-0.001891363291195528,2400.19879198304,-2400.1994699958186,1.8902906046608193e-6,1.272535094395964e-7,321.03110673317684,-5.248863254181854,-27844.0,97016.99054847161,0.0005224691005147991,-0.0011354786351957206,7657.203126016062,-7657.20380482887,2.331013971004794e-6,1.1508810688947149e-7,571.5959378843181,-16.585196894028954,-97572.0
t354,19489.137800194174,1736.0586073024137,-0.00017011540377152956,3009.696015576412,-88.05429784377465,1.8935851435086583e-6,1.2709167453497388e-7,-2847.3758615226147,-31.462095511960317,-21268.0,1959.3312536570033,232.2990176661237,-0.00032722490631730905,163.11421541682643,-51.904180859977096,1.919773371597575e-6,1.1406855354446588e-7,-493.00136311819944,-1.838617553821354,-1808.0,406.7775494482286,0.005425068814797668,-0.0002037911357369878,124.07980104440695,-37.21906368672542,1.9390182440094572e-6,1.2886060057454434e-7,878.6233593236434,-3.266869447147376,-1369.0,3357.3344892401747,1935.0218761541748,-0.0001962844844806683,248.94289635989134,-64.90581616642686,1.9134330212213064e-6,1.2829847905148618e-7,-2736.2002928060583,-29.19295850625849,-2711.0,695.2650445315006,569.1560150108228,-0.00020085353338347283,28.77050798281434,-7.755300414391222,1.8770165789804154e-6,1.2866107181035969e-7,-967.9027098239898,-6.533358406783394,-311.0,3716.8940597038745,341.4841255198237,-0.0002917401448101052,147.18354773130113,-53.67464840278976,1.9188229503721e-6,1.288158219723503e-7,-2450.444583117334,-31.442211713361367,-1670.0,757.1710951380061,0.007022145243352808,-0.00021101079821499375,266.5831137977031,-120.27132987104761,1.9140445376240213e-6,1.1461853238142809e-7,2175.976522452384,-72.46621466428553,-3007.0,8355.522182243092,0.1266657410976899,-0.00020308204909696178,895.486167888297,-665.8055203390758,1.9793840710726047e-6,1.1448406057537773e-7,2699.574315711269,-10.903610217639187,-11274.0,545.1772691820408,0.0004115938222386535,-0.0001566914417016945,359.83106211442924,-57.21926970508832,1.9217152889466908e-6,1.1352191566572384e-7,2783.0458002774417,-27.83511880444696,-3603.0,20454.10212896698,6962.863594989958,-0.00025391426532436377,3463.7031948366953,-1366.1454294391087,2.0873246431372588e-6,1.0819087315778832e-7,1506.9528804516594,-16.47611809973468,-31005.0,94307.84832549369,3881.9019090178613,-0.00032996622374043173,11008.989828741138,-2823.037067230903,2.355717938272261e-6,1.1374068731717786e-7,-549.2480678282011,-10.45460076175795,-105816.0
t355,20167.916226525427,1782.6519756571045,-0.00016560514121705003,2566.126103769053,-60.34767002887938,1.8912182199236794e-6,1.2717921846519936e-7,-2392.883907272619,-27.462564964040617,-22036.0,1966.048960055484,210.72315946318628,-0.0002937829785171458,129.03745833307394,-108.44505005418641,1.9320721311726227e-6,1.1424612279119988e-7,-305.8854881951129,-1.4787478496501871,-1890.0,367.50796776946754,0.0035752836262209916,-0.00017961478821712124,98.13120975074065,-76.15642297657412,1.9534034185118626e-6,1.2923906172490794e-7,1045.9890871924968,-4.475239459643612,-1431.0,3342.1870956006846,3474.99754450386,-0.00017001763178199042,183.9759022218385,-214.93558810487892,1.9290622566379833e-6,1.2872882264722844e-7,-3913.8065942441026,-37.41819198484221,-2835.0,730.8232871010407,663.0852627690032,-0.00017524947927420123,23.498957482320446,-11.642377627024967,1.887513100371967e-6,1.2903882630373905e-7,-1073.5186909056442,-7.246265554650521,-325.0,3713.561204821273,781.4122904358147,-0.0003034415552880422,122.86956750430201,-67.58253433880985,1.935321957617236e-6,1.2913308317178933e-7,-2776.5365841410617,-26.72364287533409,-1747.0,757.1775807306971,0.004409651611989207,-0.00018506885597291913,225.86542722831712,-139.6336104040998,1.9289200582658756e-6,1.1491388876128445e-7,2379.016182039987,-79.4298062078516,-3143.0,8355.524645146661,0.06532089037115175,-0.0001810128258438843,800.818336726539,-626.9226890167714,1.997801815965589e-6,1.1470518003770574e-7,3282.341306284781,-12.826741092421923,-11799.0,545.1776841178515,0.00030857972230844473,-0.0001647255688635562,287.0617040680229,-110.46487073030734,1.9264913006632246e-6,1.1387411340784344e-7,3067.9662922890334,-25.740955636389153,-3764.0,20463.932748432282,6959.884522155885,-0.00026518534726049133,2856.2274570742275,-1462.694955503534,2.8957668719346865e-6,1.2778545256709354e-7,1222.0324448630345,-14.381954743785336,-30025.0,91966.76318388316,4594.095000028116,-0.00033948808766728905,9965.210718994367,-435.7153324256349,2.9912249673058804e-6,1.1556899633627917e-7,-534.7140479107915,-10.639186056671312,-105545.0
t356,19875.330919352633,1748.1395454454764,-0.00016862568157406712,1472.9169672847927,-107.64881341198193,1.8889194425176215e-6,1.2707699710945366e-7,-2105.8022009336432,-24.936251024615324,-20858.0,1937.1165482245917,228.7714259878348,-0.00035649767944202906,92.79476399726839,-57.176068932054235,1.8445241390068348e-6,1.1300767390879697e-7,-383.97603089380874,-1.5302838284923714,-1816.0,294.6223217247471,0.002649742994751486,-0.0002514041337787302,70.31166499137547,-44.63259357233983,1.8689319349901847e-6,1.0506273429323598e-7,1059.0406971563057,-4.344490600693774,-1375.0,3325.076704965209,2733.021548339836,-0.00024022603342961632,139.17243064860116,-71.9119220718612,1.8444777921788963e-6,1.0528384770893946e-7,-3368.916274747435,-32.44224884432089,-2724.0,751.4907722407303,508.0010447192204,-0.0002441925180556108,16.07503786782733,-11.528647424893997,1.9716582834472208e-6,1.0423260868470627e-7,-945.6547801012745,-6.383185171095705,-312.0,3709.0103967302935,970.4324930804281,-0.00039542175636595925,85.04876953538755,-64.42348625846014,1.8485743646356107e-6,1.0601199437791403e-7,-2997.2421639675886,-23.825615640862814,-1679.0,757.1840363744299,0.003371424896567043,-0.00024536222801237916,157.28644892880516,-118.70441343908948,1.844175594057635e-6,1.1305620800411719e-7,2295.6638047443394,-73.43300461345189,-3018.0,8355.525110036602,0.04549484931571493,-0.00024164273521697283,563.1954313921655,-266.3701515239017,1.97715945886889e-6,1.1366047800263249e-7,2707.5342323940677,-10.92987755796643,-11349.0,545.1777796290783,0.00022627529139204614,-0.00024232402777198627,191.97922895576315,-310.80545768803773,1.8569411228567895e-6,1.1333292141361686e-7,3209.3502438485652,-24.701780664866664,-3611.0,20457.97040267673,5207.0102607844065,-0.00023204710411141156,1781.0096529808247,-236.29561487173717,1.7950635105678619e-6,1.272901962994686e-7,1080.648308604315,-13.342779962332147,-28277.0,90759.0050012797,4260.996137174076,-0.0002657194865664965,6007.783244598144,-78.70143903110437,2.153612090091737e-6,1.1542155760895433e-7,-550.6458361038422,-10.436844315622535,-100388.0
t357,20073.43083495631,1736.0348611688435,-0.00016932515045508297,1158.91475377248,-117.88415385525636,1.891920976246661e-6,1.270152148760067e-7,-2578.4010155367673,-29.095113097116485,-20243.0,1985.0096985783941,233.15699737766715,-0.0003501636047356036,72.36324570073579,-52.47315529426625,1.909626469392617e-6,1.1436608984107372e-7,-452.3543795694703,-1.702058637342527,-1784.0,271.06925251972496,0.002845861750995133,-0.00024153962789654775,54.824172652952946,-43.69103894383387,1.8913432323236677e-6,1.2944309856199735e-7,1073.0632965722232,-4.268289117266108,-1351.0,3150.7968941323134,1962.8680422002458,-0.00023344826688041423,108.49409025325997,-62.21447967580773,1.852045018129933e-6,1.293886164004654e-7,-2456.078624165355,-27.865691248181236,-2676.0,762.0725723003188,580.6442215271725,-0.00023803421619617845,12.539362267329965,-12.277634557286,1.9105079727332005e-6,1.295524563706329e-7,-1029.0323022588127,-6.945983254973576,-307.0,3716.481182938598,1001.0568315691514,-0.00037803451273896676,66.31271467421956,-60.88517474307531,1.867917178428841e-6,1.2972830106329188e-7,-3043.077437944211,-30.887740429992128,-1649.0,757.1904817703434,0.003342850107689707,-0.00022798746858412053,122.62391077975248,-90.75887503699795,1.9014605710097114e-6,1.1500410771728438e-7,2246.7212596605805,-70.77989403506044,-2965.0,8355.525444767929,0.037894679113345625,-0.00022247824906147613,439.1356524851026,-138.54102111679794,1.9618376380172633e-6,1.1440393685499801e-7,2501.0908642160152,-10.248614590547461,-11147.0,545.1778481132228,0.000247103548506853,-0.00021087598667603023,149.71378236157275,-147.33336037053817,1.9173035413313405e-6,1.1457763461936028e-7,3027.480214826668,-26.038523181240862,-3549.0,20456.05732645329,4744.195446024785,-0.0002425868608184391,1381.7748249973708,-283.8662223542392,1.889654596100768e-6,1.2691793727731674e-7,1262.5183879859567,-14.67952243597746,-27546.0,89720.51247538692,4170.876348599472,-0.0002588023071653839,4487.361613039326,-99.39938578659654,2.3003360007851982e-6,1.152773115803433e-7,-551.9302637868269,-10.420530988088602,-97717.0
t358,20067.056425420393,1555.3671852007676,-0.00017268304725898628,913.301580090129,-491.377348678993,1.8898060126141687e-6,1.2708137795854885e-7,-2955.9302996369133,-32.4173716283487,-19056.0,2116.243525393837,235.91286748789702,-0.00034826080910526687,58.174073199835554,-34.577720646203225,1.9121181667489545e-6,1.1460600960442455e-7,-661.7501090925967,-2.0022900919041478,-1712.0,347.99196788466844,0.0029272855337215305,-0.00022151308045258847,44.0602819466305,-29.902997379245665,1.933846718685492e-6,1.3033207061038012e-7,937.9911220962384,-3.1430823569636135,-1297.0,3244.4536708876194,390.1074350075434,-0.0002199135603616592,87.24126286631514,-37.585510209813876,1.9083059050205013e-6,1.3010181494915518e-7,-1096.5265749383227,-19.690065706766806,-2568.0,770.7759152909694,546.0474146684671,-0.00022259284470339764,10.073254513465455,-11.22660358439355,1.869815339004936e-6,1.3032103278331982e-7,-1014.8197118912523,-6.85004837369011,-294.0,3732.585229811421,972.492582015051,-0.0003657453080752729,53.305042670101294,-34.895404782079076,1.914020231802765e-6,1.3006456290220144e-7,-3103.8227488278776,-36.66433715628243,-1583.0,757.1969141616546,0.003476876548293915,-0.0002164870928322944,98.61348009648346,-44.06248854203065,1.90017643723272e-6,1.1548403084647538e-7,2096.7973971430997,-65.5485652521886,-2843.0,8355.525653175115,0.03395506422543192,-0.00020901275477520903,353.90122093080413,-74.08588948886366,1.957316285953714e-6,1.1510225038613291e-7,2086.5057512383087,-8.880483940578577,-10713.0,545.1778885497347,0.0002705599482447063,-0.00018577832632696734,120.46331996094698,-46.74730979063392,1.9184381068707428e-6,1.145581864415219e-7,2806.7667804040425,-27.660765918821372,-3398.0,20457.930265113202,3285.506882144462,-0.00024344612054997153,1085.5191750466065,-360.88621395988196,1.937087184310747e-6,1.273676182904499e-7,1483.2318983727198,-16.30176528244623,-25935.0,89979.55761649513,3731.3167228507277,-0.0002690049831546327,3458.526719493326,-2939.873472723421,2.3566377158200453e-6,1.1549084523087492e-7,-578.4435048674469,-10.08381471217502,-93641.0
t359,19944.12734225271,1254.0828133854334,-0.00017310969837861724,617.5537357290063,-2443.203829300829,1.8841762826664026e-6,1.269634522866031e-7,-1616.925759099415,-20.634131768036372,-17735.0,2285.775923533894,350.9601177403459,-0.0003660929194499411,40.6645041400005,-0.0011051942265894376,1.8578492037728757e-6,1.1366403365441381e-7,-1042.5836884168325,-2.815387666869404,-1632.0,165.3735481518953,0.00579158033130499,-0.00024754365224748196,30.799647776341097,-0.0010650081303360001,1.8814742316695968e-6,1.064652920451655e-7,1042.6376596634657,-2.8153365959565373,-1236.0,3161.206752512279,888.7561109323283,-0.0002568970649536659,60.98184435385634,-0.0011228562203290425,1.8530991404313627e-6,1.0643863098887736e-7,-1645.9922771010633,-16.951052891666315,-2448.0,780.523923287733,0.15357633263794115,-0.000256582623991725,7.0436652913628315,-0.000993155734739403,1.972744302355733e-6,1.0517847587816118e-7,-504.3157713159333,-3.4041459221262977,-280.0,3751.7324090678853,1166.21592259711,-0.00035625274479093497,37.27096967586955,-0.0010941835570562816,1.8597566647300345e-6,1.0682254703136384e-7,-3427.0252506639763,-19.192602195395473,-1509.0,757.2033966252275,0.006713048246232724,-0.0002428289413792614,68.93056105784449,-0.0011384171242472365,1.8519258102129261e-6,1.1388914443157609e-7,1943.107787848323,-60.24707928334689,-2709.0,8355.526311991092,54.5725561679826,-0.0002370120918700508,246.9912563907837,-0.0011798119211126272,1.97212475998594e-6,1.1432092550308365e-7,1561.0577951037171,-7.14650487743315,-10211.0,545.1779887336224,0.0003428126861818512,-0.00018030945004073623,84.16528015399032,-0.001158286929652003,1.8817139027105035e-6,1.1447316841515366e-7,2637.56214451387,-28.904419606141786,-3238.0,20458.469366249577,2171.6649902094914,-0.0002441063562176133,726.081141346894,-814.1063759088794,1.9422256554935185e-6,1.269695444029682e-7,1652.4365391877454,-17.54541894048809,-24177.0,89569.9739548169,3751.0097119230386,-0.0002684087787299827,2406.4798084276663,-6599.693465998717,2.361036615523881e-6,1.1533369530438351e-7,-599.9591797199006,-9.81056345870385,-88518.0
t360,19833.89193581958,85.05716022918476,-0.00017343986972882718,417.3910192249483,-2463.8034311319366,1.8802414134586986e-6,1.270940800977622e-7,-1616.9025816610567,-20.633930948677797,-16235.0,2083.6830386407505,390.9910816631856,-0.0003627344395057885,27.796661942107185,-0.0011018591688400467,1.8307743400446448e-6,1.1289043883513531e-7,-961.8718044143008,-2.597515167468751,-1538.0,184.575020847437,0.012499331370369631,-0.0002451901951803637,21.054021259312478,-0.0010618726709804788,1.8403737308396163e-6,1.0772863885036856e-7,961.9573384305369,-2.5975747419728363,-1165.0,3165.188470914263,196.4856200932495,-0.00025881596061250395,41.68475483686252,-0.0011394311115617008,1.8344219912556477e-6,1.0803212715362256e-7,-1083.6358921954586,-12.72155733355008,-2307.0,713.3392925393194,0.5992649428542014,-0.0002588626971466168,4.814654081578456,-0.0009830852502006615,1.98202540952683e-6,1.069253268221019e-7,-451.7029623396998,-3.049009352470686,-264.0,3728.96586024675,1093.765915267932,-0.0003389979295194496,25.47649752492147,-0.0010957567749801766,1.8254703601735242e-6,1.07995263418397e-7,-3407.126012152702,-19.080828055123884,-1422.0,757.209817017977,0.012708674998230285,-0.0002462648347494156,47.11862504052204,-0.0011563738193577085,1.8427037569542093e-6,1.133943539668139e-7,1804.2840835703803,-54.623833609263464,-2554.0,8355.52643020701,34.19930757645631,-0.00024219348350302126,168.83195711570423,-0.001189056328345139,2.082558113155288e-6,1.137615856755779e-7,1064.9530938034281,-5.509359611013906,-9618.0,545.1779906963424,0.0005073592541148007,-0.00015554161866873422,57.531901091150395,-0.001185554519698266,1.8847664014071534e-6,1.1349405897893536e-7,2481.343567264636,-30.052627297894222,-3054.0,20445.74435153618,1939.3165370358242,-0.00024626207322090695,489.6575973666564,-2027.679736398777,1.9427916222772307e-6,1.2703641436615566e-7,1808.6551213045748,-18.69362658837645,-22637.0,88058.12311083228,3862.436469835083,-0.00026472516586730345,1626.9740721068376,-9118.768807762357,2.353905826079498e-6,1.1543816006906631e-7,-599.9539516103384,-9.810631013805624,-83819.0
t361,18620.86230299826,0.00031377457768216654,-0.00030870984917689834,220.93975063851872,-1465.737038890909,1.8645189976977109e-6,1.2679169683075464e-7,-2477.8547038219112,-28.210317878151702,-14870.0,1881.5883603502589,0.0005491942875555563,-0.0009941065660575474,14.8010988869947,-117.67322194030727,1.8205510567119936e-6,1.1248017094667072e-7,-343.5299819566614,-10.18581234579298,-1425.0,215.64800766192494,0.0003121479694142478,-0.0007667608767655911,11.209694046276612,-90.01419152257138,1.8319151538941525e-6,1.0710761678981089e-7,944.7077412630919,-2.5507987629138507,-1079.0,3088.2294946597412,0.0003525166705766695,-0.0007483597390170958,22.196605894788163,-138.99546612016712,1.821559809863573e-6,1.0742923069594338e-7,-809.4540663252293,-23.976174183618035,-2138.0,646.1499719094588,0.000349346104401592,-0.0007165180416610093,2.563404994304783,-16.05512512188672,1.9705796192185075e-6,1.0642494839902776e-7,-385.05872393570945,-2.59916273841359,-245.0,3706.2087622908352,0.0004884720881205232,-0.0005891138108954832,13.56638096374148,-84.94189795018207,1.8167272486173749e-6,1.0734345274835854e-7,-2291.6015545328073,-25.23159204285981,-1318.0,757.2193075916547,0.00035476351718004626,-0.0007618466893547441,25.089449781581344,-157.12342239814237,1.829426095024389e-6,1.1300259381642376e-7,1797.255423793091,-54.440353612647506,-2368.0,8355.522712731181,0.00034556314042693176,-0.0007307194774501708,89.90526095002208,-562.9162146733839,2.052742936757464e-6,1.1352582461463354e-7,1031.8888738834003,-5.400249863146916,-8909.0,545.1777816932778,0.0003848956146898834,-0.00018188192558149868,30.636185387653754,-191.82467213870407,1.8680400492077836e-6,1.1304974135629736e-7,2479.079770448432,-30.06927037666685,-2833.0,20411.290688329464,898.6480391825919,-0.0006205888909488755,261.9646216959597,-1771.1113963655912,1.920278702169605e-6,1.2680210989264758e-7,1810.9189361447438,-18.71027034327513,-21593.0,87494.13775668367,0.0004797890087181412,-0.0014331265027784348,903.1321093533385,-6155.118257986721,2.3029268757600602e-6,1.149795881313052e-7,-1756.35171496044,-27.798942098407046,-80458.0
t362,18277.802282736084,0.00016917136857332206,-8.79762238169657,130.24769067221766,-1142.682726124045,1.8472891762436933e-6,1.2697944734999687e-7,-3216.856238915665,-34.71355702922604,-14005.0,1817.0013041434306,0.0006005185455465055,-0.0008692286624130548,9.267103917806239,-46.07715188489077,1.908725655054777e-6,1.149189910125155e-7,-442.6372109953058,-2.5537784777954746,-1335.0,207.61571559965827,0.00035000679123553107,-0.0006505445383451527,7.017704331494104,-34.04014500430368,1.9207110842853053e-6,1.0870103466247837e-7,833.2768554877227,-2.8698318933657117,-1010.9999999999999,3056.4793916071976,0.0003351554215821111,-0.0008772867472988141,13.897533061515956,-106.56549670055388,1.887954234081233e-6,1.0870818274417332e-7,-950.0235654001995,-10.787322420018688,-2003.0,646.3184219651489,0.00033596150094605863,-0.0008289047962941701,1.6047114662820818,-12.30573968727201,1.8975229195769993e-6,1.0812424735441093e-7,-403.8906244677666,-2.7262783243290287,-229.0,3687.970465469912,0.00048119901950190885,-0.0005949709003766852,8.494396974540228,-65.12082965033068,1.9000108898464214e-6,1.0887661390753848e-7,-2361.0818058869063,-36.26211513173011,-1234.0,757.2256838760322,0.00033267401982756313,-0.0008573716652688686,15.708304382105853,-120.46556010268051,1.899883678716808e-6,1.1527071134060481e-7,1622.0436063172262,-55.511511774319885,-2219.0,7315.245292086412,0.0003216933835143331,-0.0008409259460146967,56.29407242810242,-431.58764964982885,1.933461230602499e-6,1.1484555711582742e-7,1411.1663018468448,-6.117499488483481,-8345.0,537.3153148823382,0.0001401743434711956,-0.0006568100690603204,19.18184482103577,-147.078117269015,1.8930125968465525e-6,1.1504396261862697e-7,2276.2274073434332,-30.645935141645168,-2655.0,20363.815311156362,0.000630179682847428,-0.003853696303175911,169.00615735397034,-1347.3053974747745,1.9116319036725173e-6,1.2680385315291771e-7,1919.9991449857978,-19.511994511050887,-21086.0,82754.65024928297,0.0005159567022806091,-0.0010209482375969478,565.6209042384592,-4023.11628890683,2.294864731996347e-6,1.1535836890687015e-7,-688.2238703151827,-10.930491618911974,-78598.0
t363,18083.204228076273,0.00016360999599458276,-264.00169437402104,42.3649386969536,-1072.9986198443326,1.8423685892549478e-6,1.270253294221007e-7,-3216.855466199359,-34.713551834076895,-13537.0,1614.9061043177953,0.00039569297976096524,-70.74943866835753,2.6697593364998684,-69.50465060047178,1.90290310487231e-6,1.1524699440541403e-7,-180.70290037357805,-9.619271706212137,-1287.0,312.0519118175082,0.00023480169591671407,-0.011925227970139333,1.9448740424684838,-54.02078106387851,1.9163712645116815e-6,1.3051018112295431e-7,717.3917754359022,-2.3560918233711208,-975.0,2994.0583576113204,0.00024873667127097874,-82.24894310815955,3.993499926404175,-102.17571678606816,1.9054731228001977e-6,1.3108884411937456e-7,-835.9559758350632,-46.67147255369447,-1931.0,579.1319161398194,0.00025284160403799737,-104.92736527929907,0.4402089607299532,-13.77894225820772,1.8240111029304863e-6,1.302665254312461e-7,-238.25781461202322,-1.608257713465392,-221.0,2080.3652091661115,0.0003917650246657579,-0.0008573179036104101,2.2931308606715173,-65.43028314965434,1.9017159713250148e-6,1.3036761930217015e-7,-799.7091669863307,-27.51842633992194,-1190.0,757.2318537999469,0.0002296873424750937,-0.011089243273963436,4.51989039121254,-113.89354685747848,1.8931641582350721e-6,1.1600402525150856e-7,1548.2653313795356,-57.11267115048359,-2139.0,7019.435479101377,0.0002233883414999286,-36.649983057766235,18.490548950628142,-367.35075720133455,1.925169466883265e-6,1.1536791164452023e-7,1418.7513762502301,-6.676889432836985,-8045.999999999999,328.3209593464191,0.0001815578408706219,-0.00043502751881563276,8.509379522983638,-116.95480628174504,1.8865515548353645e-6,1.1494984371345119e-7,2369.9957061783116,-30.870987287181226,-2559.0,20329.770828720757,0.0005959943856463011,-191.77185311132953,59.55777026590201,-1200.0446019636324,1.9128076218641936e-6,1.2734047803556947e-7,1919.9992535740932,-19.511995407451867,-20898.0,83912.19674235731,0.00036486714314023534,-66.18062431434522,250.25908178664068,-3326.8519301901506,2.280807718576242e-6,1.1552767283357292e-7,-2702.9221188117185,-45.50151798833506,-78021.0
t364,17935.902811762073,0.000159365930210342,-782.1835935496714,55.302500523883495,-607.4530563332967,1.839729123555197e-6,1.2716459083022616e-7,-3216.8552734825334,-34.71355015197763,-13350.0,1504.8254021845012,0.000396037777126087,-167.61907621697952,3.6245054569373476,-40.673211422665,1.9041575159723918e-6,1.1534682619822845e-7,-27.449368197790758,-12.70864984446964,-1260.0,279.69791244387955,0.00023929438875055817,-0.007164162564406287,2.6802742374941624,-29.771510609027025,1.916478527781927e-6,1.3060926950005688e-7,704.3711597149673,-2.9709129370145937,-954.0,2959.74506993217,0.00024938247813121965,-470.00126181396627,5.41321091901859,-62.26852923477344,1.9081946550292146e-6,1.3138631507264323e-7,-500.663234899694,-43.225506298396134,-1889.0,512.014004604168,0.0002545725777543343,-228.30839634075227,0.6198584340123431,-5.70813530299615,1.8211139749784633e-6,1.3036919446066902e-7,-62.19773574941987,-0.419852135486928,-216.0,2059.0721526604766,0.0004024265421850511,-0.0008501811258114603,3.031345067019435,-35.89708827064098,1.9032097259155798e-6,1.304505822076217e-7,-834.4927487956761,-27.713214910246865,-1164.0,757.2382647289684,0.0002277536218635651,-0.007919280675823929,5.844505044951099,-71.51087857945473,1.894249770518534e-6,1.1617718982267905e-7,1455.094034015178,-53.65823567761455,-2093.0,7019.4355005540865,0.00022342421768367218,-25.221292049211517,22.455560383360865,-267.5422402037992,1.923637799062917e-6,1.1551972550168757e-7,1126.5624196611852,-5.690173770006328,-7870.0,241.16599866167903,0.0001817022297101188,-0.0004871797869190006,9.054582303850701,-80.386526993758,1.8835094563991955e-6,1.150762219790051e-7,2366.0277061983475,-30.86145668002245,-2505.0,20377.246288887953,0.0005930675271770157,-542.6318272578959,96.00792277231706,-859.1102964927883,1.914241499405921e-6,1.2747711076093006e-7,1919.999312730725,-19.51199563732007,-20972.0,85016.17148684361,0.00037679277619175343,-1108.6399518415105,219.2491081720126,-2727.994333767098,2.2828091787318945e-6,1.1564858931978801e-7,-2930.3962711952895,-48.39041725417998,-78420.0
t365,17901.056495868554,0.00016010484772475278,-993.007122833485,35.457760907323454,-353.9384384326477,1.8383154046348908e-6,1.26860041707122e-7,-3216.855306613118,-34.71355086531942,-13338.0,1706.9218607866737,0.0003813144323285046,-118.64322490389603,2.4145831499115755,-22.7701370498593,1.8199216069665207e-6,1.1264267448145966e-7,-320.5865087042709,-8.336956510279308,-1239.0,378.2312586939485,0.00022815194844486844,-0.006110487473274366,1.8253004458948436,-16.918356371126112,1.8362340762066833e-6,1.0699147596007174e-7,578.1243702682775,-3.2566926327755907,-938.0,2980.9251283295453,0.00023378831040446346,-1048.4883051973084,3.6468738753358205,-34.47191144922223,1.8145613637116767e-6,1.0730639703981295e-7,-1.322013366717112,-41.29000789064953,-1859.0,579.2187461613491,0.000236037209385038,-278.77562430061965,0.42166827955161856,-3.5779119787223075,1.9675219052688258e-6,1.0641473761101241e-7,-83.72197538790348,-0.5651408720678194,-213.0,2081.3365941420716,0.00040676202316521396,-0.0008504683106412863,2.073184077528983,-20.461686886029675,1.8184329021221211e-6,1.0741819482735479e-7,-889.9240182316975,-28.023631310814388,-1145.0,757.2446834878824,0.00021974115125849252,-0.007060429208836322,3.8735654162250794,-39.58969323454285,1.8205521982933144e-6,1.1319466305315453e-7,1388.0714792873637,-50.59319618776984,-2059.0,7019.4355517991435,0.00021482007887731685,-19.021113967350743,14.518284526514755,-165.04027830574825,2.0156530122076885e-6,1.1351285290431895e-7,897.8004212843538,-4.693082248124372,-7743.0,241.16606760942926,0.00021113304273728074,-0.0004094654787410276,4.730959635519766,-74.67761530362921,1.8270410663330827e-6,1.1315388872676496e-7,2323.540269987111,-30.759485527718315,-2464.0,20424.565448110767,0.000589486051924037,-439.8228196680511,61.48809533525564,-569.7186187089183,1.9106968500057073e-6,1.2703601242160754e-7,1919.999299207711,-19.51199569459224,-21377.0,85539.44782871497,0.00037988643519384663,-989.8685077674436,167.5115183302299,-2262.832717114547,2.2823748623243654e-6,1.1504934519405327e-7,-2595.1260177311106,-44.13248662874466,-79815.0
t366,18106.36402453999,0.00015945762802702275,-873.7127402404445,125.87117983678378,-350.95381265008905,1.8403200898933416e-6,1.2728061365915123e-7,-3216.8552627891695,-34.71355001915899,-13756.0,1909.0186281532344,0.00039746121896168515,-85.74960228761574,8.787950075351239,-21.580744350776758,1.9037544904945082e-6,1.157810608890513e-7,-556.1805802578767,-4.296050796343584,-1250.0,405.6112365412832,0.0002405663949497229,-0.0056148728899576015,6.5919976641783515,-16.225936739100238,1.9147767767553026e-6,1.3114070582870216e-7,552.8971923168531,-2.869117492182531,-946.0,3019.5507342133774,0.0002492656861308995,-1069.4501461807067,13.256643643179835,-32.54804538432942,1.9064014011823302e-6,1.316814142575602e-7,-15.401778033012459,-41.40765953180206,-1874.0,646.4209609033347,0.0002543351946332281,-306.1996466924175,1.5230733090842292,-3.671017903070404,1.8195145430275248e-6,1.310219308257485e-7,-122.24843162915663,-0.8251942400240895,-215.0,2104.1088700744976,0.00041741387283824525,-0.0008496918533123273,7.061168311455969,-20.651976373072117,1.9011806954288721e-6,1.310342527902832e-7,-907.3961578922416,-28.121473843691724,-1155.0,757.2510967716198,0.00022475848996547,-0.0065611619391568645,13.414241012887084,-39.43427342976666,1.8949490752752572e-6,1.1655136501011762e-7,1397.5859392863254,-50.81066923366599,-2078.0,7013.757890327289,0.00022455986497051155,-24.273438839009287,50.282140003819656,-154.1187922715923,1.922627408840872e-6,1.1584158665875316e-7,923.0851683851878,-4.733194165030446,-7804.0,241.16606051579544,0.00021876985335774144,-0.0003713936497242018,16.138145320682664,-55.50181928649601,1.8822658667815717e-6,1.1578275614421005e-7,2315.9390070577883,-30.74124297136758,-2487.0,20469.974948280913,182.05695924504002,-0.0005963234525910312,219.40893061622597,-30.92770917386632,1.927448707497893e-6,1.2774360310436253e-7,1919.9994619585716,-19.511996554659294,-22741.0,87843.48993943278,0.0003741469738068031,-672.7946308587327,536.7189958070907,-1012.7146401875426,2.2916187698549205e-6,1.1562549988638214e-7,-2291.42455840327,-40.27548236817633,-84363.0
t367,18024.469214910474,0.00020823442018791784,-0.0010570385881003258,346.0401419869827,-346.0404718976484,1.957433644930755e-6,1.0631174771216137e-7,-2979.8402583979614,-32.62777981245669,-15012.0,2111.115643884955,0.0004692585737801298,-0.0020301770625731977,24.51653452385643,-3.5853839646416006,1.8729524232975976e-6,1.1407185805595373e-7,-810.7485806610273,-10.296654846913167,-1311.0,401.8149990025197,0.00026080109578821597,-0.0018587654507850808,18.573597478197858,-2.7159175989609428,1.8881641628112528e-6,1.1431566196933555e-7,577.0700968769313,-2.7411797934922637,-992.0,3096.780886105658,0.0002615101098910434,-0.014927218590414203,36.757737673989574,-5.400772025709871,1.8832314215343621e-6,1.1513978784484913e-7,-1148.38658877965,-13.736599259871296,-1966.0,713.6264360013572,0.000262559173623756,-0.014938901579913332,4.235699397824156,-0.6378004486646993,1.9917548608254377e-6,1.1303451872830281e-7,-488.9095012302156,-3.300159478852326,-225.0,3729.5693263387666,0.0004332373622432171,-0.0010226262576500367,18.94516371553344,-18.960094644788242,1.8712839277210559e-6,1.144985818463624e-7,-2486.0048955989387,-33.54891240361571,-1210.0,757.2575797728458,0.00021063575728495982,-0.006939210260868743,35.483281293048904,-35.493998898556434,1.8921901529828546e-6,1.1552785514879714e-7,1481.0330927368987,-54.27322833271669,-2184.0,6892.41397228109,0.00020255212679578602,-0.02747471287409293,132.65532873060076,-132.6297667377432,2.1391742317768707e-6,1.1697340401157224e-7,1272.782932939883,-6.195197298511455,-8159.000000000001,273.02564243353635,0.00023715157209370103,-0.0004042959732091074,43.46379226725139,-34.61299641415479,1.9070447997329839e-6,1.1570765468701782e-7,2369.9947103320915,-30.87098349385141,-2621.0,20478.638294041408,2301.002614228439,-0.00024392423525832228,546.8722615366507,-0.000483931040404519,1.9352733980280145e-6,1.2786778774942692e-7,1919.999553254596,-19.511997123255107,-25227.0,91541.05970926119,0.0005473013615359874,-0.0009101189278637291,1490.8388921627295,-1008.2670129509586,2.3067549704788968e-6,1.154414280128902e-7,293.00943852739334,-21.640666572374933,-92295.0
t368,19130.842883641813,0.001465987541259258,-0.0001825920628708798,850.276372185233,-0.000625085399958977,1.8766436110909466e-6,1.2760556556038368e-7,-2282.6276255128823,-26.492290525859286,-17672.0,2313.212787080305,0.2961012853075121,-0.00036851048281181994,49.654454341043326,-0.00036647443368908176,1.9050289951496434e-6,1.1600984460100698e-7,-872.8059832985101,-2.3566264276264532,-1488.0,392.7743901545619,0.017379957808050753,-0.00020687004376865483,37.605180437120595,-0.0003468936618135602,1.9283612279405815e-6,1.3103024727075903e-7,698.7867809620208,-3.183179776768361,-1126.0,3101.402813909163,734.8038723391302,-0.00020324595462309125,74.46406037641815,-0.0003568417548723391,1.910038755212029e-6,1.3108966416668602e-7,-1660.3669999483966,-19.30318859555989,-2231.0,780.832155585157,0.40534110084334024,-0.00020679376335031716,8.601326570916433,-0.0003091112248709525,1.8532562398169782e-6,1.308452500784238e-7,-530.2590466952347,-3.579262606218067,-256.0,3752.3949355115915,0.001891424664760483,-0.0003038823480255188,45.51352548996229,-0.0003585155994231246,1.9123285593241936e-6,1.3098426410053493e-7,-2401.871719015963,-23.037973024254857,-1373.0,757.2643111615413,0.019525710563776656,-0.0002174583574729893,84.16757683061067,-0.00038125673496870553,1.8987607070033007e-6,1.1698363923118786e-7,1697.466298221987,-59.91711521078358,-2479.0,7290.030600123028,0.03367541967575792,-0.00021263841372906074,301.6068095543256,-0.00042125391094261774,1.9400632724398786e-6,1.1621268330176141e-7,1672.781603421863,-7.452056643037946,-9257.0,545.1744469125159,0.0004753601481442726,-0.00017358899754902284,102.77459655139235,-0.0004587717368503076,1.8888121662997958e-6,1.1607048735550235e-7,2358.895416618496,-30.844305074790746,-2976.0,20205.39797164103,3845.3146102723244,-0.0002295894346958155,1039.8007664505242,-0.0004788441322271579,1.9218676556495564e-6,1.2858097327054885e-7,1919.999354046945,-19.511995908596273,-26991.0,94260.43035639824,231.18365816117682,-0.00035288569620803463,3278.1950052188067,-0.0005201171012883755,2.2987142182508728e-6,1.1591211073618532e-7,-599.998078800324,-9.81007032335201,-97160.0
t369,17569.486059718954,0.00045195197211599927,-0.00023344229828930205,980.7563131625137,-0.001629065358290153,1.8709009650184265e-6,1.2674457962205223e-7,386.15730833153117,-3.398272537231591,-18933.0,2589.8215454059064,0.0006386629223678933,-0.0008321418580864451,58.43252029273995,-0.002897308809746286,1.799999135816938e-6,1.0803624739936454e-7,-1030.4685330861191,-2.782443711132671,-1615.0,359.6933887637538,0.00040433284839433875,-0.0005556938560822971,44.25722239616159,-0.0023869190139341814,1.8073858543400884e-6,9.992038020509198e-8,822.8206186777946,-3.7686934444361393,-1223.0,5765.368836061208,0.00043923716234867295,-0.0005931912774603562,87.62773617318607,-0.0019887630132418193,1.8090289470788713e-6,1.00184474324261e-7,-3380.0750566791075,-49.91937472643362,-2423.0,1044.8503182697668,0.00041078765732974247,-0.0005950500980449064,10.12092682320383,-0.0017772394864855683,1.94902384773578e-6,9.902197122579045e-8,-771.7598904080727,-5.209395209476619,-278.0,5107.955424958234,0.0005635284270821576,-0.0005018226020986194,53.55621198847174,-0.0018145463799400993,1.7983233524141832e-6,1.0024324946817943e-7,-3639.9173487504777,-29.592537234529562,-1492.0,757.2705867291693,0.0004414035508476179,-0.0005765253883528478,99.04974425055565,-0.0018641010060193816,1.8171280200354874e-6,1.0843640280678665e-7,1906.2276607952592,-72.54599445572076,-2690.0,6019.15641561132,0.0004079535537421744,-0.0005850231182973663,354.91508262531624,-0.0018998566902611073,2.05629120146076e-6,1.1020945305155996e-7,3703.793868749527,-12.863292188537637,-10065.0,537.315550006555,0.00025089912601916517,-0.0003015050850705637,120.9398787342431,-0.004587433543165558,1.8321085648654118e-6,1.074650501624297e-7,2578.306519868517,-11.557312499625894,-3225.0,25212.412102736856,0.000307982033967266,-0.003513793843540351,1157.0897176117332,-176.93384023327653,2.1638703133818225e-6,1.0720092588181133e-7,714.0837504903049,-10.648527009713101,-26896.0,94570.8209060189,0.0004977093856940673,-0.00159544420527826,3428.730782083982,-575.7187026706721,2.435451098597098e-6,1.1373818049779214e-7,-1289.168897989156,-22.662992321973917,-96112.0
t370,17902.83351413313,0.0002751081407722359,-0.0003451210023188849,595.0077451056218,-1997.0887533867183,1.864898428685733e-6,1.2686455183794985e-7,2448.9824319132263,-24.73486962618902,-18925.0,3712.1373556793524,0.00040228618928287016,-62.54530305170988,41.05284714592207,-44.7612341353547,1.8829412937331627e-6,1.1524746201743659e-7,-1998.488150792418,-15.395919105071126,-1632.0,363.00598760948185,0.00025380872410921145,-0.004780154425077172,30.10006471310469,-38.60920251110451,1.9040060171385738e-6,1.292820663745044e-7,884.7439289033504,-3.2362543558673096,-1236.0,9850.893458661803,0.0002572001038620768,-314.15123284730936,67.3105173676067,-43.93015908151939,1.8843010049692235e-6,1.2958833045823579e-7,-7039.212137698043,-72.91070557160268,-2448.0,1401.242197714094,0.0002560995500686205,-236.12562532154863,6.985210276674949,-10.158077353877815,1.850164474774872e-6,1.2906163739412613e-7,-876.0307386333938,-5.9132247099283965,-280.0,6182.15554311618,0.0004045147974394261,-0.0008622224733481815,39.648755137873586,-27.95042882198291,1.8919934237371133e-6,1.2915056248057303e-7,-4631.166318278569,-54.687095417918776,-1508.0,757.2767887398991,0.0002436487815615711,-0.00445959269650873,77.09941086723515,-37.904341810250436,1.8757921424906762e-6,1.1612336770449391e-7,2008.6984655025537,-91.16610932710137,-2714.0,6209.020773088058,0.00023316465880418542,-0.008986837500808902,303.8017889550672,-71.89844759151981,1.9303575216329993e-6,1.159837557643511e-7,3762.4958796254323,-14.411242411448079,-10189.0,463.4773384710245,0.00022703272726665586,-0.0003329879450649283,74.21221885285883,-206.39520294770745,1.8819038246171637e-6,1.1575709643917278e-7,2929.9948463182527,-11.289096724902233,-3250.0,29008.26594923984,0.0003167510204016047,-3534.0691051639715,952.074334480039,-460.3854697874953,1.893501727701245e-6,1.2867443467119957e-7,599.9227159150472,-9.808743338018894,-26556.0,92891.62662443456,0.000504607261964492,-0.0014281852750527245,2525.826873970535,-3646.8418261726415,2.2991584447599973e-6,1.1559634091468301e-7,1910.0590772245614,-50.66982821042388,-93630.0
t371,16925.083197394255,0.0002757262985175249,-0.0003447043413035832,709.9404080356076,-1138.8897318241031,1.864354027793371e-6,1.2694373554829416e-7,2450.621620418343,-24.755426917463705,-18922.0,4131.0368452274,0.00037410998563267977,-144.58379991913193,38.967885407422855,-154.83796853673277,1.884398138385925e-6,1.1529204335413116e-7,-2193.660452027511,-15.92288623597633,-1661.0,272.20928001400785,0.0002428868798496962,-0.005098273351453612,29.463258535825403,-108.82011547076611,1.8634981514987957e-6,1.2850310151958835e-7,1068.9676563650225,-3.8152260043185393,-1258.0,13087.675613084379,0.00022506492194369622,-3289.948673516089,69.330820454198,-99.14421466871468,1.8260539187715702e-6,1.2857460613676736e-7,-7203.362192026555,-72.55158030354583,-2492.0,1585.7239921570183,0.0002342320174411964,-527.3946379795254,8.010699801130086,-9.918815843255796,1.8851294235969813e-6,1.2824228247690206e-7,-766.2492733422545,-5.172200990220103,-285.0,6506.485091355366,0.00038022889034403237,-0.0009923467501950563,42.27653374618444,-53.192493025841536,1.8479911389234717e-6,1.2856990526890182e-7,-4903.659880696689,-56.90864119258404,-1535.0,757.2832030324041,0.00023268223939769801,-0.0049181229426289805,78.31132702036244,-104.24022289784348,1.8784074709673695e-6,1.1624402560881821e-7,2124.4561117249514,-93.80573541215894,-2762.0,6363.4257356469525,0.00022369214965950015,-0.011563352546915045,300.9322919323019,-258.11426606265184,1.9363201247120783e-6,1.161069286386884e-7,3982.906173164864,-15.13859703481407,-10374.0,487.6700982401554,0.00022117638410134896,-0.00034977603404395374,87.05864588735001,-187.43458165703595,1.8927298389245874e-6,1.1690678441049703e-7,2929.995055941387,-11.289091811067271,-3306.0,32505.013812236328,0.0003229076659950435,-6681.684227857639,957.2265319505668,-1098.6666706526157,1.8936588946750206e-6,1.2875457517362594e-7,599.9189123062986,-9.808682793810426,-26272.0,93399.12454387952,0.0005012090436611238,-0.0015762087453206925,2609.7779685400965,-5755.297875929194,2.305221653241051e-6,1.1586960699368346e-7,1910.066268172141,-50.669832050383626,-92113.0
t372,15635.565998112004,0.0004910970404663049,-0.0002348433062141854,1051.2246643363262,-350.76515184561663,1.8583317305167432e-6,1.2693173801415296e-7,2758.732196244155,-28.757964968752887,-19066.0,3897.9707363201614,0.000387271473166061,-17.30944315163196,57.54212711833654,-51.80525431096578,1.8739665933350121e-6,1.1495088999657789e-7,-2186.4950128340047,-15.903542379896715,-1684.0,92.72275092871207,0.0002510556033546082,-0.005369793723299833,43.503596259751575,-39.25408146236908,1.8285084191875097e-6,1.1363161409049507e-7,1181.2613038117377,-3.228452721591789,-1275.0,13880.90726519416,0.00022994117487004385,-3738.37212136387,83.64868837701646,-128.47997766268443,1.9513224809473213e-6,1.1404953334021829e-7,-7498.615043727423,-73.08904280384141,-2526.0,1687.2417207392646,0.0002372809305982921,-607.9692870749028,10.090002316649606,-10.416833788568411,1.8636733830337044e-6,1.141702193040249e-7,-784.6494396339082,-5.296401796663311,-289.0,6550.1093454312895,0.00042712739226531357,-0.0010853568035757597,52.08893427418362,-65.3396254559121,1.8491238634437575e-6,1.1488586439875362e-7,-4921.779725922416,-59.078272046893126,-1556.0,757.2896233936254,0.00025000148549679237,-0.005664052584700919,92.79909877110832,-156.40183999035958,1.981004759106933e-6,1.1668613830619022e-7,2199.8227301021025,-95.50420030522078,-2798.0,7006.225674406405,0.000246734847185975,-0.015057920560529892,312.778147763056,-895.0385424854928,2.4683050679679575e-6,1.1529499175233273e-7,4113.619484343719,-15.569955387504132,-10522.0,537.3154551693785,0.00028223158689390015,-0.00035620332552218796,131.17151419566625,-55.406795877683265,2.0546476729346364e-6,1.1728327004911459e-7,2751.0367495314745,-16.116851209775128,-3348.0,33128.61544976633,0.0003230330396737688,-6724.624782752844,1086.4649046172597,-1980.7438556440486,2.401378534186345e-6,1.1100788333840974e-7,477.0000443950755,-10.712085878175007,-25976.0,86865.54928546624,0.0005632485353674754,-0.0021026846662406205,3619.0716822555505,-1906.0162970666067,2.5179364643257327e-6,1.1433731054856452e-7,1910.0667136894876,-50.66984737413119,-90438.0
t373,16232.512489709987,0.0004992096948017264,-0.00022882312966436287,1077.5211956771886,-906.5886441192175,1.8599567019666144e-6,1.2675839989101335e-7,2698.530021736657,-27.975335258579705,-19074.0,3953.2231480338305,0.00041016184777329176,-19.90484711208211,61.75238311804247,-79.56791190539424,2.0233032725242975e-6,1.155802099624448e-7,-2216.5185810101066,-15.984603404683364,-1683.0,80.78944050862519,0.00026306400584515766,-0.005195751146334653,46.54265466456864,-62.569045538970606,1.9475133965013625e-6,1.143203568026135e-7,1212.5454084749988,-3.3035274642370904,-1274.0,13349.810329151573,0.0002525354720279422,-2336.8006078675953,91.1218788596585,-156.51564109350053,2.1493130242971486e-6,1.1422333582199285e-7,-8347.446728586598,-76.16948524175918,-2524.0,1358.7456096766941,0.0002576126777716752,-380.4991531064341,11.150912709580336,-12.303288982772878,1.8501741385549786e-6,1.1463318028879113e-7,-683.4808261785265,-4.613513675293116,-289.0,6363.104071734394,0.0004912780014566743,-0.0009938206958458248,56.89018000300928,-81.74239104506755,1.987692541524638e-6,1.1534416913732362e-7,-4716.37415914024,-65.87720110087126,-1556.0,757.2992386847957,0.00025267361839910707,-0.006025270448544315,99.79230803377207,-197.01500269346172,2.1903060486401125e-6,1.1657538425244787e-7,2236.1285009913754,-100.19927471131861,-2796.0,6226.56868930011,0.0002530935219881557,-0.019631290648847236,365.17263694004276,-674.798818496469,2.514508107994029e-6,1.1519983521123842e-7,4618.312308873161,-17.235441013067295,-10518.0,537.315309982848,0.0003012035672834832,-0.0003418810650251521,134.05687764021553,-134.9903932016884,2.2803407582488403e-6,1.1686919278981761e-7,2824.0466079278453,-15.428364059764201,-3345.0,33009.29616996794,0.00032103546573321285,-6708.484732471788,1187.192231531006,-2161.389938315148,2.391069828815064e-6,1.1163221933226096e-7,464.192176145934,-10.806230344008505,-25780.0,88988.45434836215,0.0005464174582547011,-0.0025103334492841585,3667.5927411553007,-5497.440571164196,2.515703924444649e-6,1.1447006562503929e-7,1910.065270765497,-50.669827751780986,-89018.0
t374,16227.095220258612,0.00048707921327204566,-0.0002346844203239191,1046.5006052170418,-1144.036092072936,1.8603376449821692e-6,1.2703825606967696e-7,2719.690434980986,-28.25042265103674,-18821.0,3812.945918863378,0.00039286655017450455,-0.011646062876343356,65.72393307691738,-54.314105057780104,1.8195032781938642e-6,1.138850216312633e-7,-2144.5541997203354,-15.79029587625258,-1664.0,107.8448923360909,0.0002511808605154827,-0.0037946130487408218,50.00433928852606,-39.311466733578975,1.7997904441980922e-6,1.115941456962683e-7,1144.5561369934926,-3.0903603435945284,-1260.0,13273.88009367121,0.0002441573691303901,-1625.591343685523,96.03864230767323,-103.2810501403098,1.8475061550252446e-6,1.1199784947382572e-7,-9065.365379418135,-79.68120883460881,-2496.0,1347.5518358706643,0.000243774397203569,-376.2451267592138,10.80485933565133,-14.401739105326198,1.9180891962613568e-6,1.1190554803564395e-7,-677.1393669615155,-4.570708163720529,-286.0,6139.020675725178,0.0004187792201045279,-0.0009571076549981393,58.12008065025179,-66.92258213059975,1.7988192663492641e-6,1.1214573639586427e-7,-4519.904693087627,-72.31294472592816,-1538.0,757.3056222311558,0.00023424542951690138,-0.00902307369693952,105.53795722883513,-141.20358161902723,1.8681755795041407e-6,1.1525603152876002e-7,2147.4099186726353,-105.04112965378961,-2764.0,5244.488799674059,0.00023397245502383818,-0.03639800102987092,393.9060127246811,-433.307674149551,2.3024079794209665e-6,1.1458338772035613e-7,5218.163974401233,-19.214951001043627,-10404.0,537.3154919011977,0.00025627412143133566,-0.00036327616349559624,136.14014183434392,-139.17988192715868,1.914659204379713e-6,1.1565529822675631e-7,2787.3133421951525,-15.588989022462108,-3306.0,32726.56638467768,0.00031596207006142496,-6666.473381162109,1179.1108747781798,-2206.2777110798293,2.018533015024533e-6,1.1033405829460851e-7,479.7652883256723,-10.691773576192505,-25502.0,86938.03022114634,0.0004891384444953982,-0.0028137533557402164,3796.0014219348536,-5140.4240335676,2.2862147870303396e-6,1.1587722712681801e-7,1910.064543618442,-50.66983085457681,-87453.0
t375,17046.764487634457,0.0004726173862048488,-0.00023804166086593837,1099.0667678665855,-1809.1345591338581,1.8943545490976104e-6,1.2774736514246672e-7,2544.2730721365424,-25.970004991694143,-18855.0,3873.446337214368,0.00037119163682355243,-0.01991094062840882,70.77280277920946,-82.19198871422775,1.80959775334502e-6,1.1290636532000187e-7,-2181.1185962938303,-15.889017137599128,-1665.0,93.77570885046407,0.00021670281427798755,-0.005918428466387041,53.387824791434994,-64.08983703300352,1.8092821521865044e-6,1.0784812066422344e-7,1181.1210872071003,-3.1890839874391737,-1261.0,12411.562799863428,0.000225673389698004,-576.0451058158015,100.53206229845068,-174.39348250050023,1.8057502139524602e-6,1.0802367985019496e-7,-9182.421653081454,-82.23484833281786,-2497.0,1489.8858951915777,0.0002181711322468167,-342.1175638602077,11.053570844905963,-23.672394010803373,1.942719009726113e-6,1.0725326215559691e-7,-843.4563809802326,-5.693347385063139,-286.0,6000.336947073303,0.0003453621027076529,-0.0009876145883520396,60.52543135534566,-113.47330458469409,1.7939440308313918e-6,1.081303489022323e-7,-4334.098138371872,-74.29029510725866,-1539.0,757.3122806462037,0.0002630771753141461,-0.0014493947833275954,123.51710852374228,-123.48701434902662,1.820192294013536e-6,1.1385405548472871e-7,2113.679564744369,-106.02075516589295,-2765.0,4902.1000933108635,0.0002518715299859466,-0.0014931600398844268,448.80133945393266,-448.77095094089015,2.0691690145046394e-6,1.1403211254710816e-7,5528.090421009439,-19.21966368999002,-10411.0,537.3155104946459,0.00019320780549531835,-0.0004194360544839678,147.15921266091166,-218.92216827846494,1.8347699526708171e-6,1.142142346627411e-7,2854.847546414816,-13.399877002907964,-3307.0,30851.72229782015,0.0003211250240552548,-5421.585515523965,1396.4427814730252,-1739.3891508120068,2.3766651466224185e-6,1.0610261358488261e-7,409.02099870692257,-11.21173521714889,-25485.0,85588.64126575331,0.0004804678142621568,-0.005705675884470211,4404.009679287564,-5290.038025505373,2.5140006793405013e-6,1.1172375461819822e-7,1910.0620785081996,-50.669775358829526,-86562.0
t376,17853.874523782,0.0006088558086456685,-0.00024023756727800823,1574.206749441527,-1637.9955717983032,1.8819867379200394e-6,1.2811553450345705e-7,1599.9939709383345,-14.08004288549673,-19376.0,3474.2020668256455,0.0004915333909812354,-0.0013951074098135245,99.67925287475742,-80.09091109962895,1.8252533479394305e-6,1.1297392853502457e-7,-1786.964752127825,-14.824754813055774,-1692.0,87.02569064736481,0.0002520877395582665,-0.0011437228531597627,73.18384487239604,-73.18495116630646,1.827032371615384e-6,1.0764527870913187e-7,1198.053794850689,-4.077489482892159,-1281.0,10931.35393444433,0.00026896208327739684,-0.0014696670772790816,145.73979472539477,-145.74141858730303,1.8226218109616992e-6,1.0788607255726618e-7,-8324.454743114615,-69.89636867139757,-2537.0,1612.6304926624446,0.0002547047793851111,-0.0014712306446927927,16.75540606305644,-16.756808200874847,1.953640091750713e-6,1.070107515543491e-7,-1312.766685346873,-8.861190690268435,-291.0,5785.281506904663,0.00042166472319321867,-0.0007467649402597451,89.05679380183318,-89.0583791515991,1.8075292229114049e-6,1.078974043480353e-7,-4147.044748381203,-75.23484998390522,-1563.0,757.3187309360341,0.00025775826082905835,-0.00151279221184679,165.26551462471636,-165.29657210522439,1.8301128895409348e-6,1.1383161313853918e-7,2150.686318607757,-97.97273895886993,-2810.0,4421.406325527016,0.0002474470025713222,-0.0015157692084557962,597.9560397715919,-597.9873420485382,2.0823667198333024e-6,1.1409015507180665e-7,6171.973692951226,-22.347450037503744,-10571.0,537.3157285694429,0.0001591465652444117,-0.0005432753427089099,207.6552472138525,-207.6862393839757,1.8313207873383758e-6,1.1449041438447307e-7,2837.6574231557006,-11.941777361907151,-3363.0,26271.021724375165,0.0004149551715942645,-0.0018433953280057192,1967.0503978918418,-1967.0512169082967,2.0198169379328027e-6,1.1053938539875778e-7,391.5757283921005,-5.595207375077444,-26657.0,83903.04767583561,0.0007430872788944455,-0.0013142990522630304,6633.194615711732,-3378.1381028267806,2.323706036403779e-6,1.1627934580455238e-7,1221.2900000747068,-27.393620067755226,-88352.0
t377,15983.959691290838,1829.999142110147,-0.00010242495267760712,2302.886508405597,-867.1631800100631,2.10623894706827e-6,1.2777730237383199e-7,1029.1632317534281,-11.845293261101698,-20267.0,2727.25865997505,0.0017000045072427387,-0.0005541414025042372,121.05212639475599,-140.64155593896538,1.9987002100623486e-6,1.1494554561627386e-7,-951.0264013189066,-17.6439770639272,-1739.0,67.01661135908746,0.0002674169791891446,-0.0003919909090110544,93.38985420359687,-93.38758810498315,1.9846025025897933e-6,1.1363241256740828e-7,1258.3824392298898,-8.401194192614328,-1317.0,7951.2313204959655,0.0002795656713595396,-0.0004047277458330498,185.9541343896025,-185.95191814157076,2.121906197609748e-6,1.1383435239471087e-7,-5259.387963697494,-83.8454500973236,-2608.0,1113.0708237798322,0.00027860440229991387,-0.0004032793659011357,21.2352945926891,-21.23318678163794,1.980899131318425e-6,1.1416830335851656e-7,-808.6146475556382,-5.458161434256505,-299.0,4666.802674294276,1166.699792901609,-0.0003317028807437912,114.00363174068715,-114.00143152206557,1.991514788295032e-6,1.1530928685518931e-7,-4157.456415012257,-69.04792278846735,-1607.0,757.32539002045,0.00026687332390271145,-0.0003883976473423436,211.45830858887575,-209.13722736833478,2.147310307552216e-6,1.1719659059258824e-7,2229.0677547605073,-97.71410672844321,-2891.0,4523.73703375783,0.00026109192050017323,-0.00038068214098575137,761.9141801839836,-759.8686215512926,2.6153392560203447e-6,1.1550917578740304e-7,6351.686901227698,-21.469376719732345,-10856.0,545.1779510296965,0.0001940338612794625,-0.0002967427291934129,359.04376547258437,-0.020933178522428025,2.175692521975033e-6,1.1776097051310633e-7,2570.7892347116444,-13.989917611673508,-3461.0,25724.772910163974,1490.0000366156348,-0.00033278419165290424,2748.6324855080697,-2080.299880304518,2.2175092076874917e-6,1.0967567586311204e-7,826.3686009661913,-11.473822401137756,-28698.0,82204.79724863151,3692.9996937279357,-0.000508342283490758,10099.581013393428,-0.0002424587865461608,2.5126922458843094e-6,1.1486790739877737e-7,-3088.972735065063,-50.40447247427872,-92858.0
t378,16842.61276490079,1829.9993234972708,-9.211333123935577e-6,2718.6990043393703,-1738.0963691373918,1662.5249643069676,1.2785016179635568e-7,868.0605295532774,-16.80020828229318,-22167.0,2107.558206285281,554.3501595392836,-1.110355065934345e-5,148.06811202212828,-148.05531335703316,138.9749363879491,1.1532045207100467e-7,-929.9851244285355,-17.910965430786714,-1853.0,355.45032226825055,0.01953837073285715,-1.0497731898991579e-5,127.92608853135926,-54.418922056350844,105.22494069056805,1.300215850016473e-7,879.0011912622037,-10.203148671560525,-1403.0,3214.7272437860584,3820.075864790523,-8.437120150527982e-6,255.62082537835556,-105.50350119571404,208.4249476433978,1.2934785642372903e-7,-4521.959106599849,-92.38626545604271,-2779.0,762.7529720229907,1053.640173160054,-8.475038524683746e-6,30.05519685440991,-9.010440469492023,23.849949744246963,1.297421523132236e-7,-1532.9404836471947,-10.347359287989411,-318.0,3730.624820147835,1166.7006400472444,-1.1677156679992616e-5,159.21377707826062,-54.033492065392075,128.32494725602325,1.2993477729016105e-7,-3350.978373765191,-68.8523071223336,-1711.0,757.3318219942727,0.034572755308536034,-1.1453111204461123e-5,294.13526579263686,-107.12293931416747,231.2249526165042,1.160979337141481e-7,2000.7780269949617,-93.38168948943371,-3083.0,4173.000455407987,48.279729214709654,-1.139705428856955e-5,1076.7385244041118,-337.3960707522611,866.5499583158212,1.1525634247901646e-7,5747.790118444943,-20.96270371417996,-11554.0,545.1780400160305,0.0005400100160992187,-1.1989767391452609e-5,423.33606461404963,-0.0020989147597527814,276.97495619065484,1.1515346927909288e-7,2470.7289929420053,-23.216482974175584,-3693.0,19911.22590624239,5596.994345761727,-3.035908844138478e-6,3665.6092581324533,-1557.8338022168032,2357.7749615635385,1.0946051981065969e-7,1479.5036998514274,-16.274366371526813,-31437.0,88632.86773917855,3783.7062076938787,-2.7649798813398887e-5,12080.08506139321,-1735.0292247027705,793.0412095360917,1.1465167347909324e-7,-3109.999470608048,-50.67149488861769,-100394.0
t379,16480.666073664892,1829.9992359975586,-1.3319350469250615e-5,2362.487763686426,-1375.6459228647527,1678.9497902404134,1.283152155076877e-7,1422.0572377209378,-12.51416518586077,-22386.0,2309.6553434209836,240.0005384049307,-1.4590099659735128e-5,154.42427612903555,-31.083790654076537,142.0495275979554,1.1506974456855211e-7,-909.5258182903705,-11.52006211664292,-1894.0,279.06182838173675,0.0002112243646527751,-1.4263217341336867e-5,115.83296448197933,-60.98641494585288,107.54956504038744,1.2895308994814537e-7,998.9578111594304,-6.415951181140853,-1434.0,3198.1475362137653,4138.075901920934,-1.1893074970067344e-5,239.1047429049107,-129.9196521120677,212.99966539726654,1.283680149699962e-7,-4729.877425769736,-88.53075675938825,-2840.0,829.9588416196964,1053.7716493753965,-1.199666654588576e-5,24.328289962683314,-21.11469015634691,24.37456023531158,1.2868645122645843e-7,-1575.6827693913356,-10.635869746710116,-325.0,3753.4387000323372,1166.7000936334816,-1.583617557419737e-5,155.51604771369068,-69.05759563033786,131.24970328676974,1.2884091354596235e-7,-3321.937511377976,-65.90942192383325,-1750.0,757.3382312209955,0.00016677953038906775,-1.4936344229201822e-5,287.6211363213461,-142.07269382165813,236.17475835102346,1.1569400096377116e-7,2098.866058548057,-88.9276425643403,-3149.0,5078.2267112906575,0.00016189528480587353,-1.481272962634542e-5,1030.2545024462217,-691.9304316276755,886.5747968901571,1.1477080442583788e-7,5536.143598749833,-18.269324907762147,-11821.0,545.178006457823,8.732291938086197e-5,-1.6062597872989516e-5,245.21029146892224,-365.5645491924349,282.8247812003793,1.1512075763138133e-7,3077.45839998795,-14.107001281488998,-3771.0,20045.143686548192,6307.411721254306,-3.0763695523485807e-6,3345.918992731408,-1890.8990474641635,2261.849717331814,1.2916686588674338e-7,102.04482667958852,-13.469893937290095,-30158.0,86752.66641531851,5132.984339600936,-2.3952206535236085e-5,10146.922885074775,-0.00015815582547265024,45.375962503739224,1.1638518569331839e-7,-2698.504408016377,-45.44501246331752,-99334.0
t380,17099.505806347184,1829.9991932011174,-1.4574783834836547e-5,1523.4590146131914,-380.58862096730485,895.6224659667567,1.0731256569510372e-7,0.0022675510643368675,-0.00011217774831938102,-20968.0,2268.7176372047693,240.00010683316953,-1.5513680114613016e-5,96.01778782110236,-27.98476091105795,0.0005009475390579153,1.1514936251270214e-7,-740.35229647003,-17.39896001034214,-1819.0,340.33825791193505,0.00012158371222316917,-1.4438662875013323e-5,72.66828693927854,-40.03469927353806,0.0005666304716035324,1.2955959721759117e-7,1012.1852447704778,-8.15776422542455,-1377.0,3241.931351961994,880.0677270758214,-1.2412827491032584e-5,143.80423268080145,-54.15321506156456,0.0007309162094584179,1.2883566756039434e-7,-1414.0760042234906,-69.57481103121266,-2728.0,833.0084539833668,680.328448998413,-1.2596739481225288e-5,16.639317998851755,-11.954139261429786,0.0004931872440799769,1.2926272178284424e-7,-1197.9364793867499,-8.086083020067823,-312.0,3744.6100402842,1166.6999878741847,-1.5893908002235336e-5,87.88906371673441,-43.52713413177592,0.0011215774478634498,1.2921894057670207e-7,-3250.6101036059813,-24.06295992309169,-1681.0,757.3446331010284,0.00011135935297527123,-1.5282254189837975e-5,162.5210836208101,-61.085461994218605,0.002823310861876083,1.1597400185585115e-7,2232.3242326060617,-69.10740682151501,-3022.0,6504.6605568845225,0.00010974720913723726,-1.4944090627942794e-5,582.5916266503049,-100.31166298750193,346.6228080214486,1.1523628690304915e-7,4045.787719730181,-13.351143178647385,-11366.0,545.1780054458742,7.397057264653959e-5,-1.517053838237103e-5,190.90728315056705,-516.8622697207957,271.1854053515018,1.1512925061355425e-7,3142.675406374454,-17.0838895054342,-3616.0,20527.737975329997,6437.830281493817,-4.947207660481898e-5,1863.2750722106664,-30.331207462721228,1.9006145623916176e-6,1.293324718868197e-7,-720.0000748373112,-19.5119991678458,-28059.0,89790.73259169671,1033.3723847534438,-0.000362831455694639,5960.568736866129,-0.001941058590507761,2.1075859625787514e-6,1.162154381040007e-7,-3109.999912508676,-50.671499122786415,-93624.0
t381,17492.717251523925,1830.0000888453342,-1.1286517819354e-5,1203.4444125260768,-2.689640451081611e-5,0.00014267659032415414,1.2840196392579964e-7,-318.0275297512906,-4.134327668623568,-20204.0,2111.9032918161956,240.00022733997622,-1.5241647509800227e-5,74.82248334127914,-4.854257081333272,0.0004944761165259734,1.1498030364881191e-7,-634.7583680411307,-17.113856711002043,-1770.0,325.3658976559921,0.00018240146476171582,-1.4378609991133683e-5,56.68342620398563,-3.743902329163866,0.0005629903936849771,1.2942054313563252e-7,969.2687901176927,-7.574942759916784,-1340.0,3235.3595454281435,2100.610258365016,-1.320605978841921e-5,112.21503851909944,-7.085429012862639,0.0007260348626755015,1.2865628044395397e-7,-2718.2064261711,-67.89370003721221,-2655.0,765.8207061122704,79.42659212967311,-1.3276605308643332e-5,12.94736216069714,-1.086724811497391,0.0004947123191207666,1.2902762237598208e-7,-549.39995547744,-3.708461646252039,-304.0,3730.037582683198,1166.700038134409,-1.544741925956279e-5,68.57735562865025,-4.477515784961359,0.0011131204198228113,1.293284254521449e-7,-3294.216705477372,-30.621852956372965,-1636.0,757.3510341088939,0.0001780672057853285,-1.4472260429509182e-5,126.8396311656876,-7.941831891095586,0.002827897717193261,1.1582142563359115e-7,2139.27903219967,-74.53085717604345,-2941.0,5132.800493993746,0.00017056960646800315,-1.4409157464107438e-5,454.4748519111607,-27.52279885955954,7.29057136370641,1.1493991743476432e-7,5507.130299142519,-18.173573772638175,-11056.0,545.1779958134687,0.00010316554800915133,-1.4224311788148288e-5,155.1454475760402,-154.9854680863286,263.98549955203356,1.1511502853081888e-7,2728.9308502142317,-18.25441411529634,-3520.0,19502.520491806004,6879.317394180082,-4.490624952651044e-5,1447.2170511898669,-28.542823027259455,2.0479367789225456e-6,1.286818875207982e-7,-720.0000721808437,-19.51199919422908,-27061.0,92833.15774268607,0.0013282224274665919,-0.0004485220031968668,4461.413667221793,-3530.900878277487,2.2881424975002747e-6,1.1577798498048258e-7,-3109.999914574937,-50.671499147012995,-90603.0
t382,20171.5671527426,1158.3596819721963,-0.00019601047345331465,933.977906259871,-156.333134209717,1.8756307912781723e-6,1.270925646827728e-7,-3216.8578456470054,-34.713567008694994,-18856.0,1911.0647502214429,240.500146040413,-0.00011195819990497814,61.94219479888224,-0.00024341538041015544,2.1181725100575948e-6,1.1514928703525264e-7,-508.73315077049153,-16.773587133341746,-1688.0,341.34111489169396,0.011974628751127868,-9.633822306074389e-5,46.91931998219255,-0.00023439924648880874,2.1297336588090203e-6,1.2963211016014837e-7,896.7086319755616,-6.9807129724172245,-1278.0,3246.6011544516764,394.4421956501065,-9.975571933984219e-5,92.88987851353117,-0.00025374585135966445,2.1000717346773788e-6,1.2882908009880144e-7,-1144.8466559022163,-57.0862214153602,-2532.0,698.6301122621717,0.02485163680863029,-9.955449408893154e-5,10.729163527121546,-0.0002107425493607199,2.051181541698571e-6,1.292166328959173e-7,-416.5719477858287,-2.8118714914737626,-290.0,3708.219562922192,1166.70034708379,-0.00010306259730636734,56.770170686820904,-0.0002458695916832747,2.0994189437016465e-6,1.2951191230025976e-7,-3329.007256318973,-41.68247764148956,-1561.0,757.3575055033655,0.0165655840753923,-9.751544377269366e-5,105.00023784330301,-0.00026301673197571184,2.1000275397261574e-6,1.1592720600408e-7,2026.4040003222822,-86.77795092118131,-2802.0,3561.763655854936,40.859737209900686,-9.331801886437748e-5,376.2152626695307,-0.00026979667372942754,2.154695164996561e-6,1.1508266927247416e-7,6606.931416408437,-21.7697112562858,-10564.0,545.1781973159266,0.00026440555104740893,-9.873041202021285e-5,128.20157951730133,-0.0004276953191162471,2.0862881197306007e-6,1.1523888951835996e-7,2697.2181457120623,-21.597662716295908,-3349.0,19418.727053217044,5241.343697637133,-4.4768194927390495e-5,1135.1965819346028,-31.117619309192843,2.0730716497952878e-6,1.2859410682013976e-7,-501.24550957120795,-17.90416129257821,-25245.0,95037.9421618229,0.0021304147067193946,-0.00041133686287467915,3487.2490387583302,-9153.521595139633,2.3035708283928843e-6,1.1586954803016045e-7,-3109.99982842262,-50.6714984771358,-86211.0
t383,21677.112919786243,94.3990660946317,-0.00018097248724945875,633.7862935029725,-1727.727266419693,1.871441068959681e-6,1.27109205472412e-7,-3216.8572702675788,-34.71356362127843,-17426.0,1912.2821804840426,506.4677998233372,-0.00022604785971200154,42.04381129528586,-0.0015560922055526832,1.9423866887498137e-6,1.1519297220754383e-7,-840.1236704422878,-17.668341061076067,-1603.0,335.6132745810805,0.017250655457837664,-0.00016699049369603755,31.844650171676438,-0.0015117626083478663,1.9540645996855437e-6,1.2976766352203183e-7,855.1733670540161,-9.646865765258402,-1213.0,3151.1549402824367,248.04525055680713,-0.00017533856837341572,63.05018935184686,-0.0015807676054696881,1.927244046660676e-6,1.2895581577379583e-7,-998.6041068294329,-59.64451927886126,-2404.0,637.082360008366,0.5539511164820766,-0.00017463493741781604,7.282749483293312,-0.001355105352235687,1.882741344422224e-6,1.293460631806326e-7,-367.437318781756,-2.480214066044469,-275.0,3708.3237923577917,1166.6998946188182,-0.00019704950932274392,38.53502308456335,-0.0017451513081518822,1.92958762945825e-6,1.2965135131349124e-7,-3389.535327395999,-42.02144249457471,-1482.0,757.3638165779462,0.0190029951387833,-0.0001697081519554343,71.26865603947394,-0.0018636227924258572,1.9286736884390478e-6,1.1597126136235468e-7,1921.9965781073008,-90.64602242275909,-2660.0,4935.244848674437,0.0197780558988162,-0.00017007434519428997,255.36708350964759,-0.0019705793388793817,1.971221993548942e-6,1.1513456809617949e-7,4855.388219347786,-18.0177909814073,-10028.0,545.1781640893322,0.0008089255196178279,-8.846374809060439e-5,87.01967545048767,-0.00025463242795040837,1.948931561991886e-6,1.1539404689941222e-7,2576.1574365145916,-29.3557439295685,-3179.0,20301.54811312197,1490.0018347447988,-0.0001573122731927081,745.0918824686339,-1055.4864701908934,1.9613819130558494e-6,1.2812226765984777e-7,1713.8415398109705,-17.996744616144813,-23177.0,93309.60322137536,0.0008497839924774638,-0.0005808037456204461,2349.423056306455,-12322.355606625106,2.2820566424492317e-6,1.1600126434790712e-7,-3109.9994471176105,-50.67149527816411,-80176.0
t384,19922.180966037275,81.53190155878127,-0.0001773542311718727,426.614614254257,-1347.7570103507956,1.8672370481136606e-6,1.271895611923106e-7,-3216.8567358562204,-34.71356018291835,-15831.0,1794.6775359984267,240.0018996309227,-0.00023914975712519262,28.499573790531066,-104.42544477941226,1.9327060023858804e-6,1.1528185917719253e-7,-449.14063975909414,-16.612687788076183,-1493.0,330.5993790126458,0.0025510150211832156,-0.00016721714703218853,21.58663357845933,-95.00894924554274,1.9445774082934793e-6,1.3000850916480516e-7,879.4393316595583,-6.6187808495843745,-1130.0,3097.0773537027158,0.0025551675910868788,-0.0001769330668306249,42.738758929317854,-218.759900959725,1.919640314015546e-6,1.2920425574872302e-7,-630.1625841499645,-51.89600777537359,-2239.0,569.8949073805228,0.0025387345275582466,-0.0001758354031355856,4.9365453468079945,-13.628440495026053,1.8677868965219375e-6,1.2959181378092012e-7,-303.15904073495824,-2.0463363619138906,-256.0,3702.6462972951003,1166.6996491754649,-0.00020855374639580133,26.120641269161425,-156.31646597342157,1.9233279596249275e-6,1.2990478362680237e-7,-3317.5316986658345,-41.61821657187345,-1380.0,757.3701187472346,0.0029551326026161346,-0.00017425804371771253,48.3101125149904,-289.17361354280746,1.9211561166715023e-6,1.1608756733890732e-7,2043.9528339447977,-81.46223455993145,-2479.0,6402.007884519735,0.0026513841372710245,-0.00017297558190434534,173.09980674837308,-1035.9914604148173,1.958967414517257e-6,1.152580981673737e-7,3813.460716522523,-14.579427820062948,-9338.0,545.1772702886174,0.0003936735756413106,-0.0001303345081637017,58.98624221418391,-11.45185079916672,1.920768740444776e-6,1.154270313869515e-7,2401.9244154936114,-30.63634256162974,-2964.0,20972.300756019027,1489.9993969962518,-0.00024029252704669808,498.2121256635396,-3365.307500802724,1.9257219715099615e-6,1.2807304379522434e-7,1888.0728071161125,-19.277346653123363,-21464.0,87178.48825511003,0.0003685395513769325,-48.557829106125034,1458.6357648543872,-10301.89566124099,2.2507094950666036e-6,1.1614405567458972e-7,-3109.999405570531,-50.671494901822754,-75126.0
