Resource,NENG_Rest_conventional_steam_coal_1,NENG_Rest_natural_gas_fired_combined_cycle_1,NENG_Rest_natural_gas_fired_combined_cycle_2,NENG_Rest_natural_gas_fired_combustion_turbine_1,NENG_Rest_natural_gas_fired_combustion_turbine_2,NENG_Rest_nuclear_1,NY_Z_A_natural_gas_fired_combined_cycle_1,NY_Z_A_natural_gas_fired_combustion_turbine_1,NY_Z_A_natural_gas_steam_turbine_1,NY_Z_B_natural_gas_fired_combined_cycle_1,NY_Z_B_natural_gas_fired_combustion_turbine_1,NY_Z_B_natural_gas_steam_turbine_1,NY_Z_B_nuclear_1,NY_Z_C&E_natural_gas_fired_combined_cycle_1,NY_Z_C&E_natural_gas_steam_turbine_1,NY_Z_C&E_nuclear_1,NY_Z_D_natural_gas_fired_combined_cycle_1,NY_Z_D_natural_gas_fired_combined_cycle_2,NY_Z_F_natural_gas_fired_combined_cycle_1,NY_Z_F_natural_gas_fired_combined_cycle_2,NY_Z_F_natural_gas_fired_combustion_turbine_1,NY_Z_G-I_natural_gas_fired_combined_cycle_1,NY_Z_G-I_natural_gas_fired_combined_cycle_2,NY_Z_G-I_natural_gas_fired_combustion_turbine_1,NY_Z_G-I_natural_gas_fired_combustion_turbine_2,NY_Z_J_natural_gas_fired_combined_cycle_1,NY_Z_J_natural_gas_fired_combined_cycle_2,NY_Z_J_natural_gas_fired_combustion_turbine_1,NY_Z_J_natural_gas_fired_combustion_turbine_2,NY_Z_K_natural_gas_fired_combined_cycle_1,NY_Z_K_natural_gas_fired_combined_cycle_2,NY_Z_K_natural_gas_fired_combustion_turbine_1,NY_Z_K_natural_gas_fired_combustion_turbine_2,PJM_EMAC_conventional_steam_coal_1,PJM_EMAC_natural_gas_fired_combined_cycle_1,PJM_EMAC_natural_gas_fired_combined_cycle_2,PJM_EMAC_natural_gas_fired_combined_cycle_3,PJM_EMAC_natural_gas_fired_combustion_turbine_1,PJM_EMAC_natural_gas_fired_combustion_turbine_2,PJM_EMAC_natural_gas_steam_turbine_1,PJM_EMAC_nuclear_1,PJM_EMAC_nuclear_2,PJM_Rest_conventional_steam_coal_1,PJM_Rest_natural_gas_fired_combined_cycle_1,PJM_Rest_natural_gas_fired_combined_cycle_2,PJM_Rest_natural_gas_fired_combustion_turbine_1,PJM_Rest_natural_gas_fired_combustion_turbine_2,PJM_Rest_natural_gas_fired_combustion_turbine_3,PJM_Rest_natural_gas_fired_combustion_turbine_4,PJM_Rest_nuclear_1,NENG_Rest_naturalgas_ccavgcf_moderate_0,NENG_Rest_naturalgas_ctavgcf_moderate_0,NENG_Rest_nuclear_nuclear_moderate_0,NENG_Rest_naturalgas_ccs100_moderate_0,NY_Z_A_naturalgas_ccavgcf_moderate_0,NY_Z_A_naturalgas_ctavgcf_moderate_0,NY_Z_A_nuclear_nuclear_moderate_0,NY_Z_A_naturalgas_ccs100_moderate_0,NY_Z_B_naturalgas_ccavgcf_moderate_0,NY_Z_B_naturalgas_ctavgcf_moderate_0,NY_Z_B_nuclear_nuclear_moderate_0,NY_Z_B_naturalgas_ccs100_moderate_0,NY_Z_C&E_naturalgas_ccavgcf_moderate_0,NY_Z_C&E_naturalgas_ctavgcf_moderate_0,NY_Z_C&E_nuclear_nuclear_moderate_0,NY_Z_C&E_naturalgas_ccs100_moderate_0,NY_Z_D_naturalgas_ccavgcf_moderate_0,NY_Z_D_naturalgas_ctavgcf_moderate_0,NY_Z_D_nuclear_nuclear_moderate_0,NY_Z_D_naturalgas_ccs100_moderate_0,NY_Z_F_naturalgas_ccavgcf_moderate_0,NY_Z_F_naturalgas_ctavgcf_moderate_0,NY_Z_F_nuclear_nuclear_moderate_0,NY_Z_F_naturalgas_ccs100_moderate_0,NY_Z_G-I_naturalgas_ccavgcf_moderate_0,NY_Z_G-I_naturalgas_ctavgcf_moderate_0,NY_Z_G-I_nuclear_nuclear_moderate_0,NY_Z_G-I_naturalgas_ccs100_moderate_0,NY_Z_J_naturalgas_ccavgcf_moderate_0,NY_Z_J_naturalgas_ctavgcf_moderate_0,NY_Z_J_nuclear_nuclear_moderate_0,NY_Z_J_naturalgas_ccs100_moderate_0,NY_Z_K_naturalgas_ccavgcf_moderate_0,NY_Z_K_naturalgas_ctavgcf_moderate_0,NY_Z_K_nuclear_nuclear_moderate_0,NY_Z_K_naturalgas_ccs100_moderate_0,PJM_EMAC_naturalgas_ccavgcf_moderate_0,PJM_EMAC_naturalgas_ctavgcf_moderate_0,PJM_EMAC_nuclear_nuclear_moderate_0,PJM_EMAC_naturalgas_ccs100_moderate_0,PJM_Rest_naturalgas_ccccsavgcf_moderate_0,PJM_Rest_naturalgas_ccavgcf_moderate_0,PJM_Rest_naturalgas_ctavgcf_moderate_0,PJM_Rest_nuclear_nuclear_moderate_0,PJM_Rest_naturalgas_ccs100_moderate_0,Total
Zone,1,1,1,1,1,1,2,2,2,3,3,3,3,4,4,4,5,5,6,6,6,7,7,7,7,8,8,8,8,9,9,9,9,10,10,10,10,10,10,10,10,10,11,11,11,11,11,11,11,11,1,1,1,1,2,2,2,2,3,3,3,3,4,4,4,4,5,5,5,5,6,6,6,6,7,7,7,7,8,8,8,8,9,9,9,9,10,10,10,10,11,11,11,11,11,0
AnnualSum,0.0001024671845833703,0.0006930770458373114,639.4552389717859,0.001117736881246916,0.002481100358402625,1.9910546177315964e-5,0.0014096316286333285,0.0018692204960019405,0.0015880520773989338,0.003151609857066683,0.0,0.0003789045669191772,2.5146279798865917e-5,0.0018929699503034008,0.0006871969279235335,2.6116625674148944e-5,0.0005116360911314832,0.0024999395161170407,859.5262687408772,0.0021231722643521274,0.0,63.999467280227385,0.004850331524045715,0.0018046882607245071,0.003436010876080588,216.33600972464401,137.5116502068448,0.0033195374690170943,0.0018405112772369937,80.98599693044109,127.99919147156541,0.002596589872356768,0.001961497025418033,0.0,0.0009070238620356471,244.874182220276,0.00010689833591834784,0.001956944233635404,0.001057465620487417,0.0002734207444066648,1.926887790381247e-5,1.2179594654265116e-5,25.186863960622045,1171.4029245050779,1222.6087735296662,891.0205114226228,44.35747128767184,0.0012751309056743478,0.003240556215572684,2.367008955639535e-5,0.00021041054483722093,0.0007549808495960128,1.704685847181312e-5,9.71122659941817e-5,0.0001546329082132361,0.0007577562873447001,2.0976866847741747e-5,9.663395826689332e-5,0.0001639983799662474,0.0009006037281998535,2.0810530318019755e-5,0.00010158305802135808,0.00015553453473066356,0.0008469891307874861,1.9452763650820306e-5,0.00010033606168869468,0.0002116206906734082,0.0007845640104484893,2.1230950176850105e-5,9.51038657571133e-5,0.00015527286977816678,0.0007837298534189738,1.9069815982639913e-5,9.630465485573167e-5,0.00014652385260888485,0.0009108384981257813,1.9682434663466585e-5,9.831129453553504e-5,0.0001469020337196254,0.0007225949805748096,1.92464971450617e-5,8.770850529879768e-5,0.00012049963568770843,0.0007304392894666114,1.7010127508460013e-5,9.50429706439242e-5,0.00023656308694365577,0.0008379398310255487,1.6727361579901556e-5,0.00010536192706686885,0.00013163291086437328,0.00024974026070253294,0.000992821366869706,1.9568704881930354e-5,0.00010479734503817287,5725.32620557376
t1,1.0442679691544239e-8,7.001341180524042e-8,4.014152323028737e-8,1.180120410776118e-7,2.4726122880790734e-7,2.0685526904657677e-9,8.317989654579451e-8,1.7075883131479481e-7,1.2522656214493214e-7,1.622588657468058e-7,0.0,3.8757825246749237e-8,2.968217998947213e-9,7.653406787432148e-8,6.712993335779862e-8,2.300017575235407e-9,3.835131350335117e-8,1.0878561979223472e-7,2.903941727436471e-8,8.947864686206329e-8,0.0,1.3362961187530745e-8,4.647871903228559e-7,1.7532953183752176e-7,3.2273784202608194e-7,1.537692579525342e-7,1.889419365397242e-8,3.0248541925057104e-7,1.6214455641930233e-7,1.5005467103372133e-7,4.717418127628292e-8,2.277504971890247e-7,1.5669131228360485e-7,0.0,5.8387924241370074e-8,1.519426010391493e-8,1.0038669659897877e-8,1.6957202410229698e-7,8.729782855473713e-8,2.5344199772720122e-8,1.771508223365153e-9,1.4258945988914131e-9,9.939989830787638e-9,6.361107345297604e-8,1.4002542527964516e-8,4.248899605268484e-7,6.905013728997657e-8,1.1689993921364012e-7,2.49263408153317e-7,2.1196551167822536e-9,1.877999979916041e-8,9.483888983320154e-8,2.1141960989915866e-9,1.1593815513244942e-8,1.4425251629575751e-8,8.319770406279328e-8,2.4514708178634888e-9,1.0511875860831445e-8,1.4818653757716417e-8,8.851207726602706e-8,2.433159976290039e-9,1.1024823839235912e-8,1.4514920169586732e-8,8.668722236192958e-8,2.277213320411635e-9,1.0787766435872023e-8,1.554071438809496e-8,8.399859987787746e-8,2.4841556775210663e-9,1.0405926478806113e-8,1.455553851633923e-8,8.405789013873579e-8,2.2501067381423407e-9,1.0470211929236906e-8,1.4659962144917459e-8,9.316388313471262e-8,2.437023472044927e-9,1.1015886820335748e-8,1.4702607636075176e-8,8.266510421455454e-8,2.399087022389128e-9,1.0031489029340205e-8,1.2777802061336296e-8,8.111907466541565e-8,2.05710555595137e-9,1.0604870587593846e-8,1.4825484508280264e-8,8.798663834584595e-8,1.9559214377629184e-9,1.1516440337699954e-8,1.25329002399775e-8,1.4149271362427199e-8,9.002755091749756e-8,2.304509665041278e-9,1.0277555677445414e-8,6.272641635667071e-6
t2,1.0254626684043487e-8,6.556000768033666e-8,3.4984821994701857e-8,1.1518567056979921e-7,2.3755730779891114e-7,2.023618313806742e-9,7.499902985856154e-8,1.648739860318917e-7,1.1828120611312943e-7,1.444678878032542e-7,0.0,3.805535128441222e-8,2.8801422338221656e-9,6.857143001849955e-8,6.43827792372687e-8,2.2191759426569388e-9,3.566448527974002e-8,9.615499279403081e-8,2.5627531210280895e-8,7.955062681253065e-8,0.0,1.1784947552703003e-8,4.393969456804215e-7,1.7219520374783566e-7,3.185325806004493e-7,1.3483761030220856e-7,1.6526685254908665e-8,2.8839118149389993e-7,1.5200854765897527e-7,1.350125292712877e-7,4.11650067844411e-8,2.1661227427603774e-7,1.4549782596882577e-7,0.0,5.2709418829031684e-8,1.3308699669658971e-8,9.695767884805971e-9,1.589156246356634e-7,8.108981377028053e-8,2.4843646262344123e-8,1.6972400824757695e-9,1.3808918555950498e-9,9.296811328105757e-9,5.995894742702129e-8,1.2953920500747683e-8,4.101978473786676e-7,6.548752057397228e-8,1.1479560649050301e-7,2.404839807922106e-7,2.035464177369852e-9,1.76166844046582e-8,9.264469675586003e-8,2.0989452503081014e-9,1.1313005401572166e-8,1.3485081388828245e-8,8.018251157982433e-8,2.3937538422849993e-9,1.0025497143199276e-8,1.3813104330827585e-8,8.491570753817849e-8,2.3762776555729073e-9,1.047094687895982e-8,1.3585318888903413e-8,8.336805967410969e-8,2.228062590583796e-9,1.0288385788607764e-8,1.4435777082619441e-8,8.095281826736363e-8,2.4248981276800817e-9,9.947326372603437e-9,1.3644563150604037e-8,8.104412711346684e-8,2.20528872697737e-9,1.001815456861388e-8,1.3736116490134062e-8,8.947617742787198e-8,2.382540174459449e-9,1.0525597448603627e-8,1.3761763455516321e-8,8.001921492839113e-8,2.3461870512888756e-9,9.65722965637157e-9,1.2107914194499286e-8,7.85145565954417e-8,2.0199428353609414e-9,1.0178570623104424e-8,1.3854160245137253e-8,8.467859019790424e-8,1.925965879861406e-9,1.0985218094077358e-8,1.1974392878021386e-8,1.3421587522892796e-8,8.714020281973505e-8,2.261911232229852e-9,9.91994414581771e-9,5.938473994331051e-6
t3,1.0203819862645512e-8,6.461892483865514e-8,3.492851977855458e-8,1.1412753081202845e-7,2.355836604502967e-7,2.0077031745798326e-9,7.125600860929072e-8,1.614077909792108e-7,1.1582683949434786e-7,1.3631354502339373e-7,0.0,3.762492769152668e-8,2.8294204504831695e-9,6.599734103028459e-8,6.276579811085908e-8,2.1717018732239543e-9,3.4366542132242594e-8,9.020203402536724e-8,2.4014077229974607e-8,7.490982518915586e-8,0.0,1.1195722307391256e-8,4.274527807452932e-7,1.703721392222458e-7,3.159438701647465e-7,1.2830757104233203e-7,1.5914109122332093e-8,2.8386781520573284e-7,1.4715318957082947e-7,1.2880122721191088e-7,3.925720821382802e-8,2.1200846509751906e-7,1.400449404336477e-7,0.0,4.997008544914739e-8,1.261725800113399e-8,9.385930113186202e-9,1.535042372154929e-7,7.808125407707307e-8,2.4541766293238337e-8,1.6527531966809497e-9,1.3536676430875244e-9,9.006304743697105e-9,5.817965676055756e-8,1.272990003051541e-8,4.0211159467152195e-7,6.365423547752777e-8,1.1436294407341935e-7,2.367852795093498e-7,1.987258256442755e-9,1.7542812451122872e-8,9.196830458771942e-8,2.0939665542423836e-9,1.1314803715035289e-8,1.3217057694920694e-8,7.868442253671245e-8,2.3587585468924977e-9,9.834975472812339e-9,1.351508132627469e-8,8.289588036857774e-8,2.341014975625714e-9,1.0240184335551794e-8,1.3296792980302795e-8,8.154083038496816e-8,2.196215749659394e-9,1.0068635064334169e-8,1.4072396745662263e-8,7.933104662108216e-8,2.388536503893427e-9,9.74157550252667e-9,1.3364729948562759e-8,7.95164158294886e-8,2.175927079863035e-9,9.817116889119066e-9,1.3467896673818367e-8,8.751900410351962e-8,2.347655906058371e-9,1.032693887151937e-8,1.3496964431056347e-8,7.901357897945003e-8,2.314072336799254e-9,9.52567205480167e-9,1.1925525758863922e-8,7.746537877755792e-8,1.9945552426414674e-9,1.0011555327798337e-8,1.3539850701636346e-8,8.285192990974618e-8,1.9092154569685747e-9,1.0773307723714226e-8,1.1720932349725361e-8,1.326733353043997e-8,8.56077816630897e-8,2.2378832150168874e-9,9.80048606030957e-9,5.796034175545482e-6
t4,1.0188491075855272e-8,6.453335540131504e-8,3.5356560366319186e-8,1.135902607983524e-7,2.358376401076648e-7,2.002102867230035e-9,6.877012941213977e-8,1.5872509626101367e-7,1.147874185284968e-7,1.309173038879815e-7,0.0,3.729195082691649e-8,2.7954823814082152e-9,6.475302358507166e-8,6.152114902120876e-8,2.1367103387978373e-9,3.344175625132746e-8,8.624734482522534e-8,2.338868430737039e-8,7.179792194900561e-8,0.0,1.0897263599398381e-8,4.1961666878026195e-7,1.6901603207390094e-7,3.139755401811119e-7,1.251998639704996e-7,1.580037110487658e-8,2.820082816265664e-7,1.438913369218222e-7,1.248427835436334e-7,3.8470364782223005e-8,2.091582335573483e-7,1.3622536333414082e-7,0.0,4.806613450437523e-8,1.2280192263339502e-8,9.271350435453313e-9,1.4971134734707747e-7,7.601377563636139e-8,2.430620614192011e-8,1.6197928765748555e-9,1.3339278726817708e-9,8.837449861699166e-9,5.699984982328457e-8,1.2780076382221666e-8,3.9644650783394074e-7,6.237139106234377e-8,1.1430296206917454e-7,2.3447208010241296e-7,1.9529825530451397e-9,1.773198034850927e-8,9.18048627630499e-8,2.0948524782111247e-9,1.1378315582090156e-8,1.315757964345945e-8,7.760909263962091e-8,2.3344831054437514e-9,9.726459340443659e-9,1.3433953574223398e-8,8.135633601929352e-8,2.3161288587789497e-9,1.010043592979137e-8,1.3204383680678904e-8,8.016850726798248e-8,2.1735916731439215e-9,9.928341842692781e-9,1.3944674528023124e-8,7.814401411692235e-8,2.3626903516513502e-9,9.607619245481897e-9,1.3272858779753188e-8,7.841725657309817e-8,2.1543886474204716e-9,9.686659297785482e-9,1.3395241473044233e-8,8.608001339578916e-8,2.3236851056925734e-9,1.0217199481666311e-8,1.3438764798798573e-8,7.84529212318648e-8,2.2921782543294465e-9,9.46684492395483e-9,1.1885342907660331e-8,7.682132453759483e-8,1.975208235976298e-9,9.906705528001129e-9,1.3432765382812772e-8,8.150901922127458e-8,1.8987624347012298e-9,1.065708377534563e-8,1.1559128248043537e-8,1.3310206493159894e-8,8.457931683918573e-8,2.2224818100425555e-9,9.748658274994094e-9,5.709232831075872e-6
t5,1.016358917534207e-8,6.442743509737098e-8,3.570739515515438e-8,1.1309743383121619e-7,2.3628474930205205e-7,1.9925574576360608e-9,6.633569778952381e-8,1.5612856972476216e-7,1.1379249727466366e-7,1.2552445645456798e-7,0.0,3.696430925936851e-8,2.765873095443394e-9,6.36666854415202e-8,6.038788058892174e-8,2.1036937620002886e-9,3.261164037101559e-8,8.253508464446157e-8,2.2853795489703004e-8,6.891845862761666e-8,0.0,1.0651939349813816e-8,4.122696150120108e-7,1.6778166049155238e-7,3.1212701564086306e-7,1.2264976313262767e-7,1.5790895329707543e-8,2.798452455345832e-7,1.409215916967131e-7,1.2138151363435904e-7,3.796536845593851e-8,2.063066017634816e-7,1.3272280455902358e-7,0.0,4.635256312856521e-8,1.2020511629618319e-8,9.14787296108645e-9,1.4639783412736926e-7,7.417103060931316e-8,2.4088645041564334e-8,1.5910657069695838e-9,1.3168473446274766e-9,8.665685764559007e-9,5.5737706258427586e-8,1.2797792970856048e-8,3.9081149932245e-7,6.096431909466887e-8,1.1376252863577718e-7,2.3134355680751093e-7,1.9186817118966687e-9,1.7987102069197655e-8,9.173133521828306e-8,2.090712282720308e-9,1.1463014475902485e-8,1.3082952797226846e-8,7.653129825831571e-8,2.312499230425602e-9,9.597841130180439e-9,1.3334507210023073e-8,7.985668129109809e-8,2.293935053621924e-9,9.935724599735307e-9,1.3136617705614789e-8,7.891465414528024e-8,2.1540480213885537e-9,9.767746461069058e-9,1.3861431506562338e-8,7.706857200116254e-8,2.3406929328749214e-9,9.463887560657063e-9,1.3201679791363442e-8,7.741484027017409e-8,2.13471361303155e-9,9.532607859398927e-9,1.3339409158716288e-8,8.47740190676545e-8,2.303101201971564e-9,1.0103524567360105e-8,1.3408043002551186e-8,7.797490755037561e-8,2.2742314153580324e-9,9.386170432102579e-9,1.1858635715028486e-8,7.625882471257916e-8,1.957669023739485e-9,9.777244157009725e-9,1.33780153880283e-8,8.034516449091485e-8,1.8905706782918953e-9,1.0552673653511658e-8,1.1361190270216566e-8,1.3324881719740297e-8,8.35698029446109e-8,2.20796267390137e-9,9.649966530995018e-9,5.626669062098241e-6
t6,1.0161805311419306e-8,6.442338598464496e-8,3.609283573550019e-8,1.126671101478869e-7,2.3707005973840314e-7,1.9739346722652336e-9,6.394658787800818e-8,1.5356238646450657e-7,1.1279196922737958e-7,1.2003265476289453e-7,0.0,3.6635870943088816e-8,2.734601531972513e-9,6.258914799965362e-8,5.930267243356497e-8,2.0693278497979157e-9,3.182273506650209e-8,7.863521158531848e-8,2.2381844226706203e-8,6.606360260057295e-8,0.0,1.0421866710924913e-8,4.0448601403980503e-7,1.6653276971587615e-7,3.1026472708482063e-7,1.2021517342458851e-7,1.5793488383816272e-8,2.770536479891695e-7,1.381365789021986e-7,1.1803847671135028e-7,3.748452663573025e-8,2.0312124419627188e-7,1.2935027079364867e-7,0.0,4.4751997273806926e-8,1.1786951588895667e-8,9.007507274753269e-9,1.4306715107269574e-7,7.233260933002843e-8,2.3879759337261185e-8,1.5642888053896138e-9,1.3010463495839553e-9,8.504608980108489e-9,5.4410961503006884e-8,1.27952924930783e-8,3.853313254057936e-7,5.948856980890685e-8,1.1271478917781658e-7,2.2739338389841893e-7,1.886072780785359e-9,1.8365218662446524e-8,9.167335746607786e-8,2.080611610736868e-9,1.1698412233331189e-8,1.3012137449544034e-8,7.541597320259492e-8,2.2913134236126397e-9,9.422935247594929e-9,1.3241494774311373e-8,7.836151242543214e-8,2.2729942305086334e-9,9.730379189073998e-9,1.3081877911281357e-8,7.765800463869158e-8,2.1366795505151825e-9,9.583357519586798e-9,1.3788991997588113e-8,7.596792975450075e-8,2.3211178394614523e-9,9.290259595374544e-9,1.3143643601559799e-8,7.638926586727905e-8,2.117239223375072e-9,9.354596987301554e-9,1.3301476840370248e-8,8.346836771329019e-8,2.284111349810022e-9,9.979526354576786e-9,1.3392130339314909e-8,7.745306892126393e-8,2.2574802733327398e-9,9.283373315533674e-9,1.1843561289997083e-8,7.564125530323216e-8,1.942445467432309e-9,9.621093669205896e-9,1.3339055815253615e-8,7.918826247358914e-8,1.8855938573958395e-9,1.0436161066970706e-8,1.112717699935881e-8,1.3341608400227204e-8,8.25177831845164e-8,2.1971110553488985e-9,9.503806372036115e-9,5.542476598292453e-6
t7,1.0094151236108753e-8,6.375554060976464e-8,3.606669860665666e-8,1.1178569892321846e-7,2.3639717176294638e-7,1.946415135307321e-9,6.152977375747996e-8,1.5099407944243197e-7,1.1168922633475842e-7,1.1446973982044719e-7,0.0,3.630559201168311e-8,2.70812896990435e-9,6.125498785520882e-8,5.8227103375531725e-8,2.035481876397463e-9,3.10179161798214e-8,7.459218731552758e-8,2.1904575049434358e-8,6.315389114904275e-8,0.0,1.0150606046602904e-8,3.9548742271560247e-7,1.6519658141779462e-7,3.082813789996189e-7,1.1728232360369307e-7,1.5680103716795142e-8,2.7286490759791006e-7,1.352454046945168e-7,1.1421653021513731e-7,3.67450431330337e-8,1.9904140030432492e-7,1.2575028240022777e-7,0.0,4.3206985873492545e-8,1.1618545269173103e-8,8.871997132648416e-9,1.3982402458654276e-7,7.048008830561332e-8,2.3676375323856033e-8,1.5369307533020033e-9,1.2841024616997182e-9,8.35066021437715e-9,5.313700274418662e-8,1.280327817838261e-8,3.8033007950665227e-7,5.792576179610568e-8,1.1121422735015802e-7,2.2289992097145226e-7,1.8518784833209815e-9,1.8737259642480196e-8,9.12594488461637e-8,2.0550369590227606e-9,1.315137683694497e-8,1.2877274312518392e-8,7.42517010087823e-8,2.2665341007126683e-9,9.1719918429325e-9,1.3085450491543697e-8,7.685594614131739e-8,2.252545636193995e-9,9.450373573433259e-9,1.2953345166085234e-8,7.632595253682e-8,2.1200009321927676e-9,9.334088977149236e-9,1.3626342127260699e-8,7.477143878413779e-8,2.303212854857326e-9,9.05211151142811e-9,1.301687707673679e-8,7.5260549597001e-8,2.101092758125531e-9,9.113172612100346e-9,1.3200231830453978e-8,8.207729672294984e-8,2.2655404332860466e-9,9.80752862637383e-9,1.3306485970950968e-8,7.68029972865691e-8,2.241393771133948e-9,9.121169088142168e-9,1.1757384320323464e-8,7.487732404566486e-8,1.9286337908828097e-9,9.391174858608679e-9,1.3308408801215327e-8,7.812450216678232e-8,1.8772386411990175e-9,1.0290140168375059e-8,1.0864464447447493e-8,1.335946918931455e-8,8.153219412131519e-8,2.1816750746021223e-9,9.319039976651658e-9,5.447909620866075e-6
t8,9.374356872478973e-9,6.024837912982691e-8,3.3041430420367936e-8,1.0863178580164574e-7,2.275243556923282e-7,1.891138729268935e-9,5.6770820517434615e-8,1.465339241750429e-7,1.0628890711680558e-7,1.0396947620964615e-7,0.0,3.5706582584555035e-8,2.6517227582352163e-9,5.608205718837017e-8,5.623721443491656e-8,1.9665010758241094e-9,2.9276455583316975e-8,6.70794780874116e-8,2.024525325956499e-8,5.757328943841709e-8,0.0,9.222591744250894e-9,3.7382281038180807e-7,1.624677727680849e-7,3.044600703732713e-7,1.057501843706972e-7,1.4047083621298387e-8,2.5669463779153274e-7,1.280072238826416e-7,1.0492151064810342e-7,3.304563498339574e-8,1.8789017578996876e-7,1.1792407225959588e-7,0.0,3.9935147378092e-8,1.0682982347365159e-8,8.551446223944326e-9,1.3183623597032497e-7,6.588565795090824e-8,2.3240535736448753e-8,1.4800415060522436e-9,1.2481279589510193e-9,8.023954983763009e-9,5.107867730116602e-8,1.2330755413380566e-8,3.7128840844544603e-7,5.540179230935771e-8,1.0744105027483205e-7,2.1393464321486763e-7,1.7950782708126252e-9,1.6404738603561902e-8,8.903468733798244e-8,2.0649676732863194e-9,1.0567595918902514e-8,1.2067526505617525e-8,7.159701424050609e-8,2.2269642166095497e-9,8.595503430337208e-9,1.2233094676510507e-8,7.394050610769732e-8,2.2201977845744753e-9,8.829707274362086e-9,1.2141358932804371e-8,7.352016433842787e-8,2.0931773762230246e-9,8.7636321214874e-9,1.2687333987628869e-8,7.209297984076095e-8,2.273518005398144e-9,8.501402140843838e-9,1.2208801012083203e-8,7.25765272784331e-8,2.0790141214254824e-9,8.56510751224509e-9,1.2391806964596302e-8,7.898856464262332e-8,2.2403617188571934e-9,9.310961780283428e-9,1.2484176494392885e-8,7.427245309327149e-8,2.212710535716975e-9,8.648793776597925e-9,1.113484420478656e-8,7.239850403231469e-8,1.909751911845375e-9,8.84566695558453e-9,1.256013523656545e-8,7.556338473451532e-8,1.8536939949474593e-9,9.790465493175761e-9,1.0415553773667283e-8,1.294951857272523e-8,7.946617999503165e-8,2.1512649069830246e-9,8.985634945517744e-9,5.189361381177528e-6
t9,9.264921864012009e-9,5.6886438437447126e-8,2.9785181234629542e-8,1.0608955379464725e-7,2.1910216006825142e-7,1.839008139289346e-9,5.244218122210949e-8,1.420006010212715e-7,1.009534047115251e-7,9.448038025503202e-8,0.0,3.5098378822066965e-8,2.5988271467135073e-9,5.162276548956156e-8,5.4302846404973226e-8,1.901962951327128e-9,2.7726202478213475e-8,6.062078289560513e-8,1.7956010733104702e-8,5.292610865483596e-8,0.0,8.475886726509866e-9,3.535355667123445e-7,1.5994895141568225e-7,3.0060308053465697e-7,9.616326585220556e-8,1.2703793131642381e-8,2.400897912601265e-7,1.2126248595755362e-7,9.65775496686384e-8,3.0075043021141896e-8,1.7685455203714578e-7,1.1089875073317449e-7,0.0,3.732626803519466e-8,1.0010824418269751e-8,8.131105512679133e-9,1.2463843443848102e-7,6.181036364892651e-8,2.2814423094889588e-8,1.42731703538068e-9,1.2147179179345951e-9,8.176743830823706e-9,5.555571986981637e-8,1.2831086859332083e-8,4.098011476928707e-7,5.9316737700459884e-8,1.0802082320200574e-7,2.182376837159798e-7,1.789732960529241e-9,1.5655139252709343e-8,8.652836063553304e-8,2.047641358542795e-9,1.0320670212582437e-8,1.123962908257615e-8,6.875837372501444e-8,2.210063946254795e-9,7.96577599460732e-9,1.1388255085515546e-8,7.084720074756584e-8,2.202485978334797e-9,8.16885017752337e-9,1.1371591433055907e-8,7.069033422548218e-8,2.0792267290013277e-9,8.171436533428757e-9,1.1816990325610277e-8,6.931473190407541e-8,2.2580061160629303e-9,7.928043001384125e-9,1.1447560443764217e-8,6.981240006101198e-8,2.0702324775162993e-9,7.999668015532916e-9,1.164191285866314e-8,7.587890389674393e-8,2.2239172069730704e-9,8.827116804695712e-9,1.171786620718086e-8,7.168244947120081e-8,2.1966524851018645e-9,8.147877957412701e-9,1.0538099857176426e-8,6.979535190867446e-8,1.9019203853825854e-9,8.301490669879236e-9,1.1906195855742397e-8,7.320455008470224e-8,1.8264033719427645e-9,9.308065691926187e-9,1.076687069348817e-8,1.3698360347385553e-8,7.977379573367333e-8,2.1446534501982126e-9,9.268569658359148e-9,5.032933255368201e-6
t10,9.186873755035763e-9,5.512835848315487e-8,2.7638176142321863e-8,1.0448145830559419e-7,2.1446348635782155e-7,1.7559041372121986e-9,4.929692835140949e-8,1.3809567148983883e-7,9.676703544729817e-8,8.936120804546742e-8,0.0,3.444032548517985e-8,2.4694738466354893e-9,4.917260465862111e-8,5.254445386476944e-8,1.8384493471718521e-9,2.6622716001942946e-8,5.824467460179922e-8,1.706311438598796e-8,4.919906360424779e-8,0.0,7.921647858652788e-9,3.401298820922626e-7,1.5751268639644714e-7,2.9751815209274767e-7,9.113692234693829e-8,1.1880854442994544e-8,2.287057863249953e-7,1.1674465192959201e-7,9.260209524687736e-8,2.7941492911279715e-8,1.70078475909439e-7,1.0643447010376397e-7,0.0,3.668852613295554e-8,1.0153068400091137e-8,8.027215580433313e-9,1.2226062242563336e-7,6.043826814387144e-8,2.2699003786053422e-8,1.42242246793815e-9,1.2159720219318687e-9,7.87580798891717e-9,5.305030256806177e-8,1.2136163789482734e-8,4.0032476351929774e-7,5.655520388299072e-8,1.0294042279679331e-7,2.0751486623317727e-7,1.752467628865008e-9,1.5361368517352024e-8,8.549999707295542e-8,2.0057243565830604e-9,1.0704872680482711e-8,1.1144915085558983e-8,6.734835123634838e-8,2.1824319646453007e-9,8.395460701184183e-9,1.126887266325176e-8,6.937257938199611e-8,2.1601166877931182e-9,8.68145738366501e-9,1.1247319224025584e-8,6.924873142784462e-8,2.051448950199888e-9,8.675615352147374e-9,1.1642302870947369e-8,6.818032588695854e-8,2.2087317636722787e-9,8.467346638682438e-9,1.1345508017338862e-8,6.86049988955323e-8,2.02969433731497e-9,8.533105107302711e-9,1.1524671922643135e-8,7.434046252025812e-8,2.18466375267514e-9,8.93050918264818e-9,1.1528700455370346e-8,7.040450735374625e-8,2.167463368725827e-9,8.613474923262407e-9,1.0511712896372528e-8,6.892990009104427e-8,1.872917165915495e-9,8.87135640432299e-9,1.196233326167341e-8,7.242391503754272e-8,1.8301426651132456e-9,9.0980511825728e-9,1.0207344799389666e-8,1.3231457374376173e-8,7.75505810939887e-8,2.1404676897560706e-9,8.770064390703296e-9,4.884888165069878e-6
t11,9.221531363847808e-9,5.768383654175392e-8,2.9358725451170994e-8,1.0553137131359677e-7,2.2152515140690048e-7,1.7673767879235133e-9,4.995228405220065e-8,1.3856484153498294e-7,1.0054500695689164e-7,8.961466684290968e-8,0.0,3.4528357450068834e-8,2.4840035371602904e-9,5.0112182386208786e-8,5.278054426120031e-8,1.8581554257212956e-9,2.686308558862993e-8,5.7728543531654434e-8,1.7668199834552248e-8,4.9523388860384943e-8,0.0,8.28875429636549e-9,3.433939868830079e-7,1.5802254362883384e-7,2.9765406073863113e-7,9.43460671663172e-8,1.2424013667576188e-8,2.2780591547277814e-7,1.1817783302055314e-7,9.473718996771155e-8,2.9097978187744922e-8,1.70329377557338e-7,1.0784619496050136e-7,0.0,3.742797076248735e-8,1.059228754689362e-8,8.060295929110265e-9,1.2364980669152573e-7,6.119218622913186e-8,2.2773102789597308e-8,1.4269040425575162e-9,1.225293655385082e-9,8.021872471827042e-9,5.374925281769535e-8,1.2575311690178928e-8,4.052727734629863e-7,5.679557264955687e-8,1.0106727713045218e-7,2.0560646787027113e-7,1.7632552154818905e-9,1.630370693337274e-8,8.63427815023767e-8,2.018701072067255e-9,1.0857316616461525e-8,1.1702877719126455e-8,6.779829306823589e-8,2.2064069800377015e-9,8.255745976807448e-9,1.1862887885930135e-8,6.970891392220631e-8,2.1912257002602798e-9,8.540884510444048e-9,1.1772396031856153e-8,6.954624142014583e-8,2.076805932552903e-9,8.534171507122266e-9,1.2271690956977388e-8,6.846975757138444e-8,2.2423790202417006e-9,8.308951287778909e-9,1.1882163940945253e-8,6.895996041208893e-8,2.0597312145212647e-9,8.382428934672992e-9,1.211735703634534e-8,7.48021186608173e-8,2.2156523202042275e-9,8.997117919717639e-9,1.2165514913952797e-8,7.12645243847974e-8,2.19462342152406e-9,8.547356350521497e-9,1.0964626199966426e-8,6.966149303665094e-8,1.9031220516853037e-9,8.821233392092774e-9,1.2830023666713019e-8,7.308346196449366e-8,1.8329780757112672e-9,9.229526787940365e-9,1.0228926837418408e-8,1.3872631448575625e-8,7.857476602718731e-8,2.1365771004884315e-9,8.76023606261333e-9,4.937135087407286e-6
t12,9.268207848865877e-9,6.056400249825744e-8,3.123308970295043e-8,1.0664853247049456e-7,2.292767089159224e-7,1.7855880228874593e-9,5.8797289985418824e-8,1.470026146348612e-7,1.0872317721593487e-7,1.0707468734591756e-7,0.0,3.578363209165157e-8,2.610156472358611e-9,5.902652415842917e-8,5.674704413038251e-8,1.985630893036497e-9,3.0337526263977015e-8,6.964210064145767e-8,2.1586152265641398e-8,6.01940343508892e-8,0.0,9.684456419472916e-9,3.7706896879238814e-7,1.6244479168910625e-7,3.030730576383162e-7,1.1248989832616638e-7,1.4719861505970301e-8,2.5134951362635425e-7,1.3047997985483837e-7,1.0982582034912573e-7,3.400404949672408e-8,1.8817154330821346e-7,1.214340593778863e-7,0.0,4.400845212137395e-8,1.2527887171740855e-8,8.709444731387365e-9,1.3871310184469006e-7,6.994579855096627e-8,2.3550975825875956e-8,1.518677078063296e-9,1.2812473453426262e-9,8.837310318376606e-9,6.273601863470508e-8,1.5125483077165264e-8,4.475785304112554e-7,6.480747452165229e-8,1.0847605452037534e-7,2.2827314370732702e-7,1.8789911231666355e-9,1.7298030206059674e-8,8.722090562676131e-8,2.0301951764562167e-9,1.1024444660897364e-8,1.299707142508668e-8,7.265529319090464e-8,2.2852820820607132e-9,9.0656835691061e-9,1.3209303973571871e-8,7.472830748714145e-8,2.277013199160875e-9,9.432379340696996e-9,1.3083285805220013e-8,7.472037565236169e-8,2.1531095427614765e-9,9.435406431592686e-9,1.3706083737456572e-8,7.346348464671679e-8,2.33492819840969e-9,9.144814324211721e-9,1.3211510135776283e-8,7.420353892707812e-8,2.139001360106135e-9,9.253931587809473e-9,1.3317126023106721e-8,7.895393686993085e-8,2.2870937237685536e-9,9.779208915881009e-9,1.3424014879714032e-8,7.557685448297528e-8,2.2589618014400176e-9,9.183996177085972e-9,1.2030830517799698e-8,7.379172865677125e-8,1.955648928530144e-9,9.554964992061289e-9,1.4282142465648429e-8,7.74847909202097e-8,1.8731857694630777e-9,1.0241924778477792e-8,1.1537227799281156e-8,1.5338984090244608e-8,8.558664072552664e-8,2.1987814232961107e-9,9.75640906206711e-9,5.392489124568045e-6
t13,9.374303594805259e-9,6.40774406172702e-8,3.3463921174322384e-8,1.0800426209833611e-7,2.385732321965652e-7,1.8205556951028156e-9,7.03839974976962e-8,1.5599322901658615e-7,1.1809555298376376e-7,1.3114964320580855e-7,0.0,3.700692390731358e-8,2.7322937043132243e-9,7.091002590034156e-8,6.112439904417971e-8,2.1214453374278863e-9,3.452833134953532e-8,8.641476364017958e-8,2.7216953861606453e-8,7.535547939617105e-8,0.0,1.1603484237292062e-8,4.176806598203588e-7,1.6714622440839048e-7,3.0874003232701984e-7,1.393491556550409e-7,1.7997751123577382e-8,2.78179282983756e-7,1.4545895200036895e-7,1.3074995513920767e-7,4.084033682405807e-8,2.096274543508039e-7,1.3894117002945992e-7,0.0,5.314109084992946e-8,1.5239891435430374e-8,9.443278226579315e-9,1.5742338402515284e-7,8.121547216570423e-8,2.4374795277298648e-8,1.622986062049299e-9,1.3457268907102444e-9,9.787501698062293e-9,7.446259922228226e-8,1.8731792443183876e-8,4.971926858800155e-7,7.465124249982136e-8,1.1536685867275797e-7,2.5305360599107594e-7,2.0033039777376447e-9,1.849205372638414e-8,8.835030678158734e-8,2.0572223309334025e-9,1.13687518215156e-8,1.447632389842267e-8,7.815725426304278e-8,2.3550156576400948e-9,9.965484135695609e-9,1.4766971251560551e-8,8.044629692399875e-8,2.3464571654640598e-9,1.0431520320596795e-8,1.461252942413847e-8,8.06402904482262e-8,2.2161386733245508e-9,1.0448431456011517e-8,1.540380713904649e-8,7.915348700731094e-8,2.4097181878873255e-9,1.0059796463755874e-8,1.478320035417707e-8,8.024262180447265e-8,2.2054553372806544e-9,1.0247730543752926e-8,1.4723411644178253e-8,8.368316323780567e-8,2.3458549870737392e-9,1.0664164822669669e-8,1.4901354455119672e-8,8.04747334001621e-8,2.3104971444153267e-9,9.890606415376882e-9,1.322893055004798e-8,7.853037565056133e-8,2.001005363811093e-9,1.0422064912958636e-8,1.6034940814422713e-8,8.239737465396261e-8,1.91623254887065e-9,1.1454257587301839e-8,1.3083887770756875e-8,1.707873397727902e-8,9.388849635176789e-8,2.2640666928504296e-9,1.089098923599106e-8,5.951539435772059e-6
t14,9.44156472411329e-9,6.775946686814249e-8,3.567762634878911e-8,1.0913193464228199e-7,2.478479735488421e-7,1.831232049465448e-9,8.739350656798648e-8,1.660101254076813e-7,1.2909801870155493e-7,1.6847290613415806e-7,0.0,3.8276524149367934e-8,2.856353591953395e-9,8.857485761011818e-8,6.612766286652311e-8,2.270391332861603e-9,3.996151352718445e-8,1.1325331690946627e-7,3.666430897146945e-8,1.0014638399733265e-7,0.0,1.4469439497678228e-8,4.6816939971325773e-7,1.7205960208537952e-7,3.145714775647129e-7,1.8362746796261346e-7,2.3154698004782716e-8,3.109489584682371e-7,1.6434365405666753e-7,1.6138047294301578e-7,5.1031048789851875e-8,2.3636866313166043e-7,1.622496474052949e-7,0.0,6.701368682308701e-8,1.9332240538235676e-8,1.0318497090179961e-8,1.81721229555199e-7,9.664301632900551e-8,2.5264790837753643e-8,1.7443239138489093e-9,1.4191632276690075e-9,1.0975187066130604e-8,9.137887249490213e-8,2.455156970521705e-8,5.591212987142451e-7,8.794402534597371e-8,1.2286137198178022e-7,2.8336178591239957e-7,2.1482673200407516e-9,1.984945143845658e-8,8.951029730375061e-8,2.057970171805281e-9,1.1719782047404571e-8,1.6364056758687968e-8,8.450529178566952e-8,2.4257595179522193e-9,1.1065171591987821e-8,1.67719622974249e-8,8.70687670260012e-8,2.4161363250215344e-9,1.1669819912214424e-8,1.6583631368110463e-8,8.751043314652792e-8,2.278642163705542e-9,1.170233185349978e-8,1.761553031693085e-8,8.572335540413579e-8,2.483403699417467e-9,1.117425761053313e-8,1.682642193672776e-8,8.729369411371412e-8,2.2686527614268786e-9,1.1484923925522134e-8,1.652306785883502e-8,8.900952060599023e-8,2.3989782172249367e-9,1.1720434161540247e-8,1.680598214997657e-8,8.605073253539571e-8,2.359803388385792e-9,1.0736864547010344e-8,1.4708793815433777e-8,8.392022197686254e-8,2.0441967133603026e-9,1.1496831820744465e-8,1.8282014023087603e-8,8.788803460539493e-8,1.964816004224469e-9,1.2968939502804864e-8,1.5077398161408062e-8,1.928497041979342e-8,1.0396368422734861e-7,2.3412354607930897e-9,1.2309332244515259e-8,6.689195121344869e-6
t15,9.51634076013269e-9,7.190994955205214e-8,3.820839001018335e-8,1.1030382768287701e-7,2.582165691413675e-7,1.8428757401010457e-9,1.1585284098071354e-7,1.7750536237252288e-7,1.42421075646454e-7,2.3643111283359982e-7,0.0,3.9641606086693947e-8,2.990922357624997e-9,1.1853989278221501e-7,7.203802591569084e-8,2.445578901008174e-9,4.7477644262536746e-8,1.652515196829291e-7,5.6532802413220395e-8,1.5008961744590422e-7,0.0,1.9322381642558696e-8,5.34138647178694e-7,1.7738061002858634e-7,3.2070390189492474e-7,2.721376485686904e-7,3.2648294111732384e-8,3.5487201914554437e-7,1.8929501026425822e-7,2.1068486760811159e-7,6.792174226428034e-8,2.7198882058583763e-7,1.9514987604777083e-7,0.0,9.017509709489622e-8,2.6080141637605045e-8,1.1394071069003046e-8,2.1468647691169743e-7,1.1897568135057867e-7,2.621462710475632e-8,1.8845143396868758e-9,1.5006743364441466e-9,1.2481634859929991e-8,1.1869395020583627e-7,3.5548351673870406e-8,6.402915740740645e-7,1.0731369256201667e-7,1.3207683289470335e-7,3.242232153956144e-7,2.31307480952058e-9,2.1428838325854237e-8,9.073977012582478e-8,2.060761410845019e-9,1.2115492442266126e-8,1.882544008386667e-8,9.201900627841398e-8,2.5019104289908344e-9,1.248353398739883e-8,1.9410247313027824e-8,9.489895865398306e-8,2.4898811024284265e-9,1.3290340652489693e-8,1.9181780331533618e-8,9.566830063837949e-8,2.3437449214175746e-9,1.3336814924615146e-8,2.058297916552435e-8,9.350115462364055e-8,2.5588528191383142e-9,1.2602099350702796e-8,1.954529646327641e-8,9.572862840559091e-8,2.3348335082213235e-9,1.3105065849726992e-8,1.8857764387672812e-8,9.510033845084988e-8,2.4552930310742208e-9,1.3048076253267798e-8,1.931278740022011e-8,9.257215025113254e-8,2.4121600047338422e-9,1.1781717935246646e-8,1.6573926973639325e-8,9.017516423143968e-8,2.0902933076573582e-9,1.2863003782090188e-8,2.1217354788113687e-8,9.403086456144634e-8,2.0127362918195095e-9,1.4894783444708378e-8,1.783097929734252e-8,2.2150771680156165e-8,1.1654539048406963e-7,2.4195968351433742e-9,1.4169220346540488e-8,7.78258148977456e-6
t16,9.616813251939105e-9,7.677418304986415e-8,4.121757548946e-8,1.1158115153284299e-7,2.7031189974868194e-7,1.860338039010541e-9,1.7392593576225982e-7,1.905073342801095e-7,1.5885404017997165e-7,4.0181246439368716e-7,0.0,4.1135634198193065e-8,3.1437762450210747e-9,1.8258420431445538e-7,7.920226608287345e-8,2.645071400132944e-9,5.8748669060981776e-8,3.128023455486448e-7,1.2792062937231654e-7,3.108208138654073e-7,0.0,2.922231809466642e-8,6.237621480984525e-7,1.8296378909275696e-7,3.269778010232821e-7,5.340052859324698e-7,5.557619258416738e-8,4.1925844827288007e-7,2.2362364862046414e-7,3.011672377432069e-7,1.0056333893676978e-7,3.2264747966922893e-7,2.4479360138358167e-7,0.0,1.3725546435614489e-7,3.917396489104693e-8,1.2765358352591816e-8,2.6280189903090215e-7,1.5488249058299637e-7,2.7245724603972634e-8,2.0515254992410193e-9,1.591872522271396e-9,1.4483440024952998e-8,1.7181589126345415e-7,6.335709888474021e-8,7.525588827578233e-7,1.3887220363721272e-7,1.447157667657448e-7,3.8517133748951964e-7,2.5010038516613537e-9,2.3346899392503502e-8,9.205254295746972e-8,2.0688475677158405e-9,1.2579157495378006e-8,2.2199364387941327e-8,1.0104140741918954e-7,2.58487957034603e-9,1.4392947974888026e-8,2.3064736520604754e-8,1.0433801933729049e-7,2.5751400525026315e-9,1.5533918305149203e-8,2.283267783515827e-8,1.0558434495397479e-7,2.418703077973481e-9,1.5630891215549918e-8,2.4829091380754465e-8,1.0295702344365941e-7,2.652501803137699e-9,1.4569739521385093e-8,2.3403760095204394e-8,1.0609166448233359e-7,2.4072457618893174e-9,1.5388552425527733e-8,2.2016899929143843e-8,1.0206785244668481e-7,2.5183875281374717e-9,1.4763590397003734e-8,2.2787795548061114e-8,1.0027554554879555e-7,2.4719242501666004e-9,1.3114114013462944e-8,1.902244659061351e-8,9.750058212174164e-8,2.136748613794583e-9,1.462749664949342e-8,2.5292672155535305e-8,1.010415522059201e-7,2.060516935902766e-9,1.7481679541945878e-8,2.1981153231001326e-8,2.6049816502082127e-8,1.3272206474609778e-7,2.501753269148039e-9,1.6781928174343006e-8,9.845030937158659e-6
t17,9.711154569678078e-9,8.232729328429399e-8,4.464220274496944e-8,1.1287826509908202e-7,2.842107832050268e-7,1.8771194272342335e-9,3.7654301170766895e-7,2.0652989451534763e-7,1.7955455828622769e-7,1.4262570048354863e-6,0.0,4.28092209745565e-8,3.3168949065675126e-9,3.9933188697189786e-7,8.760511745824191e-8,2.8655932408908493e-9,7.678534757064943e-8,2.1952575563824207e-6,1.9344189218769595e-6,1.3501205300072889e-6,0.0,6.162666465760628e-8,7.550878880153629e-7,1.8911714057158942e-7,3.3359791766256546e-7,4.594083781783966,2.0333527537414206e-7,5.313746039678147e-7,2.7545330032368173e-7,5.136402333931656e-7,1.8734375116721247e-7,3.987289350418464e-7,3.2501554678893906e-7,0.0,2.563943354524076e-7,7.07170081630389e-8,1.4418853088327746e-8,3.3101664397107204e-7,2.135219534646562e-7,2.82533982332348e-8,2.22796961662685e-9,1.6790128808945212e-9,1.737742181275146e-8,3.335658938841249e-7,2.7206558251638537e-7,9.252315903201245e-7,2.0481954261979726e-7,1.657828049794577e-7,4.979299094325842e-7,2.714488972479693e-9,2.566597828629513e-8,9.343409409184573e-8,2.075115016437716e-9,1.3085508948012944e-8,2.7041455187825145e-8,1.1255306581138756e-7,2.6653914419471602e-9,1.732664201599756e-8,2.841499795635621e-8,1.1618935518690968e-7,2.6520934662899837e-9,1.9056581095484752e-8,2.7733736464917066e-8,1.1773386977514898e-7,2.4808032622597863e-9,1.894254152449971e-8,3.0508928534543483e-8,1.1454683068818769e-7,2.7262229685018414e-9,1.736017557749037e-8,2.7768739398063287e-8,1.1499356534836968e-7,2.453801803667367e-9,1.755689275439413e-8,2.6010638985778272e-8,1.1028996171005059e-7,2.5714011347701172e-9,1.713092379954674e-8,2.728926747937386e-8,1.0975191072443927e-7,2.5198816332097468e-9,1.4843743922545446e-8,2.214350114281036e-8,1.0616285412556303e-7,2.1733164109296505e-9,1.6883292925329368e-8,3.0138603608814856e-8,1.0895079324208752e-7,2.096670609448233e-9,2.0730947423067167e-8,2.9597281870227264e-8,3.1808825132883605e-8,1.5447053498958148e-7,2.5790434627150912e-9,2.104431805868795e-8,4.59410152501809
t18,9.721572303427613e-9,8.48478585524934e-8,4.658219609458125e-8,1.1306056630458987e-7,2.9213690252530236e-7,1.890638579038322e-9,3.911502027346305e-7,2.0619625736850437e-7,1.909285320967536e-7,1.5795250843030563e-6,0.0,4.27304899099899e-8,3.377213120541374e-9,3.873153332937153e-7,8.60975400939823e-8,2.9010927726461778e-9,7.424765144296689e-8,1.6322860518950486e-6,3.3432790504792757e-6,1.0639424636301365e-6,0.0,6.556596516626725e-8,7.461334476979761e-7,1.8833729292017154e-7,3.3247255325065643e-7,3.4181342358582127,2.68300901804632e-7,5.224265818926185e-7,2.7234384289824665e-7,5.007183437019691e-7,2.0198939018521996e-7,3.9116059995166065e-7,3.186443049682078e-7,0.0,2.426520773802148e-7,7.354004991053357e-8,1.4248717456092396e-8,3.221521778358639e-7,2.0652678839049813e-7,2.8113984202937783e-8,2.199666610584758e-9,1.6808524301284884e-9,1.814579192963229e-8,3.8457921099238593e-7,9.967361130392794e-7,9.585477772234312e-7,2.1686902190848509e-7,1.6721538593952955e-7,5.145790564166489e-7,2.785764176370528e-9,2.687830194086969e-8,9.380009734634513e-8,2.0928175835875727e-9,1.3393253970207781e-8,2.9919126881897987e-8,1.1289485941490072e-7,2.6680082220383315e-9,1.7107753868696266e-8,3.1753285211346084e-8,1.1598643531314891e-7,2.660190714222013e-9,1.87884540472341e-8,2.9508807944917475e-8,1.161018367606051e-7,2.475711818915934e-9,1.8108187730428664e-8,3.309259370740006e-8,1.1320291835854454e-7,2.725226639180695e-9,1.662622727369535e-8,2.9542328608049516e-8,1.1375576438661794e-7,2.4484722441696652e-9,1.685054199308737e-8,2.775412688743745e-8,1.0905871647446286e-7,2.568224690710716e-9,1.6767710803175237e-8,2.9472317655427983e-8,1.0995858902033973e-7,2.5111246241928013e-9,1.4521081987741699e-8,2.305803089002992e-8,1.0601285258545028e-7,2.1665626517473355e-9,1.6428690494942164e-8,3.274393302582248e-8,1.0779136324511713e-7,2.0880768290837414e-9,2.0214081351978375e-8,3.038019819845487e-8,3.5498766775408414e-8,1.573586561300326e-7,2.5892595524905156e-9,2.1196023306294807e-8,3.41815357926016
t19,9.432398977658647e-9,7.612061283969038e-8,3.716302581156927e-8,1.0929723611315439e-7,2.752052229477139e-7,1.8254808498076557e-9,2.32730382278348e-7,1.9540512440487116e-7,1.698106059100481e-7,6.385118278876073e-7,0.0,4.162452501080299e-8,3.3080429299363763e-9,2.0866549650594275e-7,8.016639612452574e-8,2.7146172092238846e-9,6.1278548874825e-8,4.838498671038157e-7,1.5133168329848497e-7,3.704359584510875e-7,0.0,3.415085024935367e-8,6.602995723895631e-7,1.838596254081506e-7,3.2687778343121185e-7,8.320125205006437e-7,6.51069302576677e-8,4.5432917503341004e-7,2.357220397455134e-7,3.3169938589181773e-7,1.0760753128609103e-7,3.417552466749979e-7,2.625870484368825e-7,0.0,1.5441364626382565e-7,4.0045281210156424e-8,1.3182831627793024e-8,2.7317422606390735e-7,1.654143937362807e-7,2.7363382631629326e-8,2.0774255482865634e-9,1.620887701434937e-9,1.677251433026434e-8,3.380178778528122e-7,2.55831730020534e-7,9.309466750852599e-7,2.0051056701633535e-7,1.6389305919085031e-7,4.97733309895719e-7,2.6782707464118633e-9,2.3665017158389737e-8,9.083465357693236e-8,2.069034783812784e-9,1.2818897656607757e-8,2.4709520102064436e-8,1.0485635101851247e-7,2.604856048620286e-9,1.4924078459736374e-8,2.583769815190557e-8,1.0721989627656232e-7,2.5983593424411966e-9,1.619636318009047e-8,2.4240182364975733e-8,1.0717300604212202e-7,2.418423393966267e-9,1.567054591645975e-8,2.6522014751479904e-8,1.0508684212774427e-7,2.6577826716761723e-9,1.4546950811809585e-8,2.4294865387598783e-8,1.0539918604135066e-7,2.3904949441336256e-9,1.4760151696902844e-8,2.3049827695645663e-8,1.0109945917671793e-7,2.506151859462615e-9,1.490503420526588e-8,2.4361607330028478e-8,1.0279000990314679e-7,2.4580268134785965e-9,1.3072623941814766e-8,1.992407039464218e-8,9.895160116705763e-8,2.1260997921004904e-9,1.4505054837187311e-8,2.6447270376361572e-8,1.0023983392706538e-7,2.059591109233555e-9,1.7550157825256692e-8,2.8199523972994384e-8,3.351817782028502e-8,1.525753537098056e-7,2.568879804057326e-9,1.9735622104343465e-8,1.1744699991427764e-5
t20,9.168473401273248e-9,6.918981768887057e-8,3.1121934658314236e-8,1.059032614691657e-7,2.6122020580839645e-7,1.7648411789964897e-9,1.6589625577392243e-7,1.85687752793736e-7,1.5309531195911634e-7,3.9965352058264545e-7,0.0,4.068155976048692e-8,3.2529364795102518e-9,1.418204077727034e-7,7.519797297771275e-8,2.5618399651138396e-9,5.183118992815341e-8,2.836166994118719e-7,7.800262497227998e-8,2.2579289325134705e-7,0.0,2.3314336271478114e-8,5.944731855230801e-7,1.7970651034854527e-7,3.2155376417191996e-7,4.0158701189442364e-7,3.74810356795416e-8,4.100950580369376e-7,2.0922891513800913e-7,2.447810490935497e-7,7.316218106333931e-8,3.0718180407938415e-7,2.247930485259203e-7,0.0,1.1368268334815083e-7,2.749498943503551e-8,1.2346020711886055e-8,2.3869134007288075e-7,1.3917138412363056e-7,2.6654542469310154e-8,1.9583341319610837e-9,1.5542714684802465e-9,1.5603014829961808e-8,3.1168754501411935e-7,1.5732952172611677e-7,9.112549915900646e-7,1.9065333923815283e-7,1.6510367696791488e-7,4.986858553231918e-7,2.57580347790893e-9,2.1285847446635868e-8,8.810339102931812e-8,2.0424812170347926e-9,1.2334092422129336e-8,2.094897098199424e-8,9.800582497971598e-8,2.5487121414991437e-9,1.3223881459771745e-8,2.1783527219253135e-8,9.966767591851076e-8,2.550793344644691e-9,1.4229731992048283e-8,2.065547364064685e-8,9.955968140773847e-8,2.3755104979628704e-9,1.3825715247527905e-8,2.2284261777056353e-8,9.819525297909845e-8,2.6100514120327963e-9,1.2967144768277565e-8,2.0700662676774507e-8,9.834476109437779e-8,2.3512635738040527e-9,1.3152192303627757e-8,1.9762540090158063e-8,9.427113283820005e-8,2.4546598442408375e-9,1.349376722013931e-8,2.0907541350305517e-8,9.673711784307503e-8,2.4089840775099912e-9,1.1915305736458701e-8,1.748794104592977e-8,9.287389003772718e-8,2.0919454954618198e-9,1.2953831592958131e-8,2.2249149042972305e-8,9.369675099714794e-8,2.0187903372105365e-9,1.5555540041943317e-8,2.6845089048595417e-8,3.1764762360213483e-8,1.4836291427029843e-7,2.5291371810462297e-9,1.882125813004549e-8,9.680213663701627e-6
t21,8.962379790724695e-9,6.377400575001602e-8,2.7010987826634497e-8,1.029532336600175e-7,2.4979934326348154e-7,1.7156252911103304e-9,1.2930289133165462e-7,1.7610958414000365e-7,1.392147442302769e-7,2.8879319900512586e-7,0.0,3.976478860648493e-8,2.9500613134617524e-9,1.0742041911923274e-7,7.070736365169204e-8,2.4498373519520634e-9,4.469747936294614e-8,1.969189239048715e-7,5.284850451099526e-8,1.6298328969823545e-7,0.0,1.776230558882287e-8,5.395894528837173e-7,1.758529798671328e-7,3.1631329189271643e-7,2.636599598491e-7,2.6529371572660203e-8,3.767984604847048e-7,1.8619211015440056e-7,1.9172408378774047e-7,5.509518540867455e-8,2.7868678918963343e-7,1.9488738345995737e-7,0.0,9.053923169085865e-8,2.0893724047792653e-8,1.1650749752158897e-8,2.1286299580962972e-7,1.2051508914888682e-7,2.597025378223031e-8,1.8574131684240848e-9,1.4965076786106168e-9,1.4605426126875915e-8,2.9437486525134954e-7,1.1120342177895253e-7,8.957031054916987e-7,1.842519317187492e-7,1.7011602684275477e-7,5.125659941880919e-7,2.4909177860763132e-9,1.945608000419198e-8,8.557327296445636e-8,2.021406564572749e-9,1.1960826515125361e-8,1.8174045401950187e-8,9.077016819373201e-8,2.511562964566402e-9,1.162467376655914e-8,1.868889703481074e-8,9.187486684322212e-8,2.5211400075005775e-9,1.2523702728763234e-8,1.7969254313559436e-8,9.169158026439637e-8,2.346659771651346e-9,1.2206586151155471e-8,1.913656279044399e-8,9.075062617123664e-8,2.581971022768437e-9,1.152752785848701e-8,1.814563387001746e-8,9.105186767768715e-8,2.3180165441414097e-9,1.1733012423875312e-8,1.7411907155630162e-8,8.718156446825461e-8,2.4264938014741053e-9,1.2238361100988209e-8,1.825807893909469e-8,9.026551139981609e-8,2.3922793723274375e-9,1.0813396504300531e-8,1.559384271060932e-8,8.64623736635708e-8,2.077380610103332e-9,1.1629015875671106e-8,1.9196283234085724e-8,8.793420040045142e-8,1.986555279495016e-9,1.39608815868176e-8,2.5952873173488246e-8,3.018888796549905e-8,1.4450026589595576e-7,2.4960567671463307e-9,1.8176580099104145e-8,8.602868422064074e-6
t22,8.743811838118559e-9,5.906041789210617e-8,2.3793388933729242e-8,1.0005603711426053e-7,2.3916120604611566e-7,1.661613240141064e-9,1.0733343977524214e-7,1.6811958010521627e-7,1.280266418167025e-7,2.3319876621123712e-7,0.0,3.888667410275206e-8,2.9302342085972527e-9,8.89915661761488e-8,6.69817879764364e-8,2.3874012645032115e-9,3.9948724679267194e-8,1.5912580030457514e-7,4.0983798943577677e-8,1.2920135212118278e-7,0.0,1.4608017310513073e-8,5.025601939056406e-7,1.7226220706376495e-7,3.1181836155550637e-7,2.0233256607122507e-7,2.1063126861287753e-8,3.5814110753890374e-7,1.7104347660424018e-7,1.6151468532530641e-7,4.478001849018512e-8,2.6158382996523063e-7,1.7554611522108592e-7,0.0,7.554176493894949e-8,1.672007834000756e-8,1.1060292088641976e-8,1.9252084768667503e-7,1.0666048159494004e-7,2.5248521776521074e-8,1.7860222616539072e-9,1.4560141257277112e-9,1.3762016523457695e-8,2.671514157819821e-7,8.457477876314358e-8,8.810781303247444e-7,1.7986442921842454e-7,1.789076334040862e-7,5.373040691014151e-7,2.4240141740898543e-9,1.7929254886372168e-8,8.31879839819276e-8,1.990828903690838e-9,1.1621306129558636e-8,1.6747792850880166e-8,8.686686131471815e-8,2.4764323550564217e-9,1.1739430855526143e-8,1.7209345310972473e-8,8.760191201613867e-8,2.4622917077415295e-9,1.2486108198044078e-8,1.6652450708295727e-8,8.740549989409535e-8,2.3053531358726562e-9,1.2129525613656664e-8,1.7684957664340317e-8,8.728768114331375e-8,2.5215380254795945e-9,1.1634146679021481e-8,1.6756673247890033e-8,8.690483822258241e-8,2.2779975517573082e-9,1.1694219284169522e-8,1.6321496330483987e-8,8.311060249902353e-8,2.3825129253087724e-9,1.1908869578877193e-8,1.691897400580397e-8,8.705038385833394e-8,2.345479375699056e-9,1.088623735763113e-8,1.46119484809968e-8,8.290967047416984e-8,2.0520864115981084e-9,1.153275090686606e-8,1.684737552220644e-8,8.267575088733553e-8,1.976433039058511e-9,1.261184931643016e-8,2.4888111755140824e-8,2.863386721743089e-8,1.4065667838530728e-7,2.462613455100951e-9,1.749720734709315e-8,7.989761787578259e-6
t23,8.529941743266399e-9,5.391543675120968e-8,2.0788604068554246e-8,9.663986498514141e-8,2.268474852330084e-7,1.6079281144926922e-9,9.085376922475565e-8,1.5975389827928838e-7,1.1788780376828807e-7,1.9401803782369818e-7,0.0,3.796361034682189e-8,2.88166004080948e-9,7.535580273625722e-8,6.325045886631223e-8,2.287232617322948e-9,3.5695421646533964e-8,1.32922143009925e-7,3.314959093211271e-8,1.0573295798482616e-7,0.0,1.2293938179045577e-8,4.683596339589167e-7,1.683683647889971e-7,3.0647489271843606e-7,1.6403078861503684e-7,1.7225705792123176e-8,3.4068629095501546e-7,1.5736693879982618e-7,1.3922473931694277e-7,3.74213229894895e-8,2.462814252017446e-7,1.5929969221509515e-7,0.0,6.527645218335012e-8,1.4393168548241098e-8,1.0524345313904467e-8,1.7636027446593134e-7,9.618255805865933e-8,2.4826705599087438e-8,1.6548263801036676e-9,1.3611145914651607e-9,6.241782392168986e-9,4.302311375914093e-8,8.565163172703483e-9,2.5779898818606516e-7,4.893227492397176e-8,9.853762162679749e-8,1.9135452627761477e-7,1.650178265910772e-9,1.6296558298628105e-8,8.059251028514507e-8,1.961914275996164e-9,1.1182002853885076e-8,1.5483746148789675e-8,8.292232863813218e-8,2.4240807898018313e-9,1.2092549234621896e-8,1.5869221522987284e-8,8.304075063708919e-8,2.4143756045271156e-9,1.275777534192648e-8,1.548049763910378e-8,8.289369374204769e-8,2.260216817807611e-9,1.2280927784441642e-8,1.634969394963172e-8,8.325864188832812e-8,2.465308867328487e-9,1.1907010519915861e-8,1.551244602409865e-8,8.254952098860414e-8,2.2317949692945624e-9,1.1714804394302267e-8,1.5239187236478134e-8,7.8851809861382e-8,2.335766091411476e-9,1.163596278391919e-8,1.577555224112407e-8,8.361339897178828e-8,2.3070354098909767e-9,1.1200906801298112e-8,1.3855070639248076e-8,7.949723459955197e-8,2.017300012100134e-9,1.1873968672775561e-8,1.5428148674616782e-8,7.838146197007835e-8,1.8995795256430573e-9,1.2080666861684157e-8,9.469242991538387e-9,9.270464824898585e-9,5.4246640554314786e-8,2.053110439729826e-9,7.976513150633459e-9,5.91874986897895e-6
t24,8.288655165759581e-9,5.0240048701613696e-8,1.880578310159395e-8,9.390760399485842e-8,2.173423070975831e-7,1.5689949498449556e-9,7.907557507796102e-8,1.5309722084809512e-7,1.0977289556312408e-7,1.6350645736455186e-7,0.0,3.725365609452812e-8,2.7778640486482717e-9,6.494677119397728e-8,6.024727097139406e-8,2.192822822716591e-9,3.2262544942862704e-8,1.1076205865971648e-7,2.808966495250491e-8,9.030561791012134e-8,0.0,1.068412797253375e-8,4.3474589625262926e-7,1.6490635278609656e-7,3.016674434280327e-7,1.3589381403861843e-7,1.4475883449940233e-8,3.208253261888194e-7,1.4506288872993292e-7,1.2053645387707233e-7,3.219200871910545e-8,2.2966179666417972e-7,1.4472569788190967e-7,0.0,5.690760369933552e-8,1.2103232948504401e-8,1.00350155044314e-8,1.620905877379443e-7,8.66029851869505e-8,2.3986953419152226e-8,1.5875199758811522e-9,1.317740568199122e-9,6.121569160187505e-9,4.250666359057185e-8,8.220347783759326e-9,2.56135714119532e-7,4.820799047547348e-8,1.0104495612801476e-7,1.9379906419290783e-7,1.6304670728907353e-9,1.513084269786592e-8,7.832974480476629e-8,1.9449516511091864e-9,1.074531184178154e-8,1.4010140051754086e-8,7.856528632364737e-8,2.402914842817841e-9,1.1042315734387751e-8,1.4306330212302896e-8,7.835243224654754e-8,2.3939768016842086e-9,1.1588834094825809e-8,1.413578366005969e-8,7.821485417684212e-8,2.2446184655791494e-9,1.1249982314339382e-8,1.4797586964177665e-8,7.888333267992623e-8,2.4475332693746626e-9,1.0938842849596852e-8,1.4186167470667233e-8,7.817502306418511e-8,2.215944075170743e-9,1.0823378684419886e-8,1.3918079654078196e-8,7.456300053881958e-8,2.315093088200363e-9,1.0925097372127279e-8,1.440094471715629e-8,7.960300342787884e-8,2.281320270984889e-9,1.0404134291079962e-8,1.2819345395841659e-8,7.558917699201904e-8,2.0120719657292354e-9,1.091411971386391e-8,1.3807533348852323e-8,7.390171959072153e-8,1.913675229080456e-9,1.0954798924293289e-8,9.313098674316468e-9,8.985136711481238e-9,5.3433842943110184e-8,2.0496121464753956e-9,7.806218165199985e-9,5.5211570671532e-6
t25,8.072574419544206e-9,4.697376080846171e-8,1.7154614944157186e-8,9.118658817496119e-8,2.078008216729269e-7,1.5370874826726475e-9,7.003029436138324e-8,1.4693093405720943e-7,1.0269599843994689e-7,1.416125911644929e-7,0.0,3.654693192501559e-8,2.7014554157019465e-9,5.719211739267115e-8,5.74945543772072e-8,2.1015438331940736e-9,2.9486193698130986e-8,9.508713153009414e-8,2.438489631976534e-8,7.887288215711164e-8,0.0,9.459489865643683e-9,4.059055910471527e-7,1.6156228839262877e-7,2.972477118588414e-7,9.974044878982387e-8,1.078104897272816e-8,2.7671510418990614e-7,1.200022485746725e-7,1.0632537974906596e-7,2.8189409586149433e-8,2.1529705226895372e-7,1.3264092472561265e-7,0.0,5.079653130916687e-8,1.102554923277874e-8,9.57691140641362e-9,1.5027751471345898e-7,7.951309953628964e-8,2.357001613895105e-8,1.5466259788898065e-9,1.2840162454929837e-9,6.000467682405592e-9,4.273865280971721e-8,8.211444513496993e-9,2.562020313935941e-7,4.828768354320757e-8,1.0349086962708082e-7,1.980164601080144e-7,1.597427388268989e-9,1.4063177270912027e-8,7.608181076764819e-8,1.93447600617151e-9,1.0278532518074292e-8,1.2831025682834913e-8,7.465686621866322e-8,2.367561560148525e-9,1.0260423371826275e-8,1.3073168955771463e-8,7.418842451021068e-8,2.3622995176685955e-9,1.0719429355068836e-8,1.302660071688777e-8,7.407895928875797e-8,2.21897224011636e-9,1.0467644515208229e-8,1.3511768153823785e-8,7.496263045196249e-8,2.4208069268713997e-9,1.0198229858983454e-8,1.3098675247283665e-8,7.425147164720622e-8,2.193852774353994e-9,1.01329198503908e-8,1.2877556616719867e-8,7.0750202873303e-8,2.2958263445451347e-9,1.0318367919016892e-8,1.197022913421045e-8,6.863808709576145e-8,2.224863209984468e-9,9.18060275896609e-9,1.193406096835356e-8,7.2025479726814e-8,1.9926409456908586e-9,1.0150502655516304e-8,1.279571954599968e-8,7.038140400406536e-8,1.8620535138541134e-9,1.0517269363956352e-8,9.432713428529911e-9,9.112466221922902e-9,5.317875149697137e-8,2.017931674881486e-9,7.967199294342574e-9,5.1388686280233054e-6
t26,8.106117853240052e-9,4.6205674063768424e-8,1.6456762924726902e-8,9.006955577629783e-8,2.055273737885275e-7,1.5168694269123526e-9,6.444628582163471e-8,1.4246495728245055e-7,9.818128505136405e-8,1.2869265528144712e-7,0.0,3.592794000224291e-8,2.6370127601706247e-9,5.293556429969528e-8,5.554211469035831e-8,2.0269910964222e-9,2.795544453472782e-8,8.621094599314417e-8,2.1959770029062907e-8,7.216167401913963e-8,0.0,8.741689002505833e-9,3.869598059147302e-7,1.5897686321423392e-7,2.9366407681393896e-7,9.222861384577988e-8,9.93232272275273e-9,2.6947761004113183e-7,1.152755295313454e-7,9.818335302628843e-8,2.5918101354323937e-8,2.0620466501130412e-7,1.2493507295588806e-7,0.0,4.7352719689487744e-8,1.0325026660028717e-8,9.288312994255539e-9,1.430840576419716e-7,7.529209428565976e-8,2.33588899166286e-8,1.4889413177398313e-9,1.2382992347980343e-9,5.901214608861664e-9,4.2973401050600864e-8,8.306342704343431e-9,2.561435251545205e-7,4.8496683433366086e-8,1.0553801108493894e-7,2.0133424346366364e-7,1.5678239397104051e-9,1.3637631273040516e-8,7.516821300442878e-8,1.918170173960619e-9,1.0493255958986189e-8,1.2115319368775147e-8,7.22299553991508e-8,2.312734940174264e-9,9.775098195212186e-9,1.2264051654748709e-8,7.159897599317944e-8,2.310222939580212e-9,1.0159743922706966e-8,1.2369650828126937e-8,7.162931342739167e-8,2.17887954123823e-9,9.986472793918093e-9,1.2750994641973863e-8,7.257667518099102e-8,2.374385150703731e-9,9.753063423881345e-9,1.2465559110518165e-8,7.193214545735195e-8,2.1526527092020522e-9,9.711827571209258e-9,1.2266516360434933e-8,6.859116750982068e-8,2.2584914178800364e-9,9.942977361677332e-9,1.1438350585995646e-8,6.71270894248977e-8,2.183239135799692e-9,8.867846529004222e-9,1.1399760992306727e-8,7.00625174896809e-8,1.9580457570270165e-9,9.68629070167612e-9,1.2338192943211324e-8,6.845319101020377e-8,1.8231965702984229e-9,1.0463115548505333e-8,9.57583403112671e-9,9.251231769652911e-9,5.3020678549066296e-8,1.993326088344351e-9,8.215979607338443e-9,4.965994317354531e-6
t27,8.003634028922682e-9,4.485002809235466e-8,1.5696118822798966e-8,8.843499269503648e-8,2.0086773977246226e-7,1.4866727044361879e-9,6.004049518964873e-8,1.38639787451232e-7,9.437853227505985e-8,1.1869836026556026e-7,0.0,3.536372525266241e-8,2.5894344181938777e-9,4.95444206209864e-8,5.376115423626859e-8,1.958179760835843e-9,2.6693254805943797e-8,7.936998275454569e-8,2.0323496616659602e-8,6.665820740517424e-8,0.0,8.154387024807698e-9,3.6956640881411506e-7,1.5650658426260728e-7,2.9031140220618546e-7,8.636136758139393e-8,9.342165285645788e-9,2.6251286402207643e-7,1.1112515491253457e-7,9.172858638842629e-8,2.413353426460537e-8,1.9803807174653427e-7,1.1833859757650952e-7,0.0,4.3995359351375435e-8,9.352922444880762e-9,8.976443903217431e-9,1.3607616563381617e-7,7.099689688020275e-8,2.2666244821471588e-8,1.4190916078309124e-9,1.1891831460795233e-9,5.825020775645648e-9,4.258451441368763e-8,8.282998616654471e-9,2.5448559327819214e-7,4.790176669522409e-8,1.0643409796387656e-7,2.015480507182171e-7,1.5487870036357978e-9,1.3222420530379847e-8,7.404845871178418e-8,1.8970581141746918e-9,1.0377245282113738e-8,1.1571920942473334e-8,7.007663951190682e-8,2.2703829897062335e-9,9.414628616848893e-9,1.1700918008511006e-8,6.930114006989169e-8,2.263861621110504e-9,9.749430942001095e-9,1.1830708409171964e-8,6.942290597343191e-8,2.1395886444301223e-9,9.607198345948976e-9,1.2129623733590209e-8,7.042129121179576e-8,2.326818269970698e-9,9.403977599550494e-9,1.1928258910206624e-8,6.979427151579167e-8,2.113976620474e-9,9.367437970266329e-9,1.1757779206238733e-8,6.660729625553576e-8,2.2163817795422335e-9,9.613971493266763e-9,1.1040213352685001e-8,6.575276204133026e-8,2.143765376889191e-9,8.636889706745914e-9,1.0995800400841994e-8,6.829216966796139e-8,1.9244682397521615e-9,9.338761842944394e-9,1.163063742809122e-8,6.632264356480136e-8,1.830240683732506e-9,9.86574118116022e-9,9.470072794008939e-9,9.029113236620767e-9,5.259375725330032e-8,1.9927843646933436e-9,8.173003080484878e-9,4.802368894004391e-6
t28,7.921359928787148e-9,4.3618017445879814e-8,1.5021551692370028e-8,8.703245805086129e-8,1.964280022521403e-7,1.4643691903290362e-9,5.6250954500348024e-8,1.3517861511598065e-7,9.100778932696037e-8,1.1008914980522368e-7,0.0,3.483461398785249e-8,2.5480012991092546e-9,4.674536016903946e-8,5.215085698447386e-8,1.9007425238925484e-9,2.5584722774422313e-8,7.356696692000326e-8,1.8981585564851754e-8,6.191957150959579e-8,0.0,7.66840902626271e-9,3.530914735337025e-7,1.5423750462532462e-7,2.8721870243063907e-7,8.147615551086726e-8,8.846623768958367e-9,2.549980036718522e-7,1.0729232180357178e-7,8.622031546103695e-8,2.264082802447695e-8,1.9026879494090015e-7,1.1245410988770398e-7,0.0,4.1098267779654015e-8,8.950393780843897e-9,8.609546556139137e-9,1.289594851920791e-7,6.65877179996116e-8,2.229048146956646e-8,1.4317071529212975e-9,1.1959778111935184e-9,5.804165806737204e-9,4.266528989483901e-8,8.336118345107567e-9,2.546812814404955e-7,4.806122057866318e-8,1.0741735873512387e-7,2.0382571290855091e-7,1.541307525164801e-9,1.2823421684484956e-8,7.296969907504302e-8,1.884965393776406e-9,1.0257238729898263e-8,1.1103126932883584e-8,6.809300022633866e-8,2.2319476647748176e-9,9.068886723908769e-9,1.1209574100676767e-8,6.7215616925536e-8,2.225121181108448e-9,9.352703686234842e-9,1.134021238383335e-8,6.742968660936137e-8,2.1085218266374183e-9,9.256426434784127e-9,1.158041476786534e-8,6.845518400239084e-8,2.289086013468601e-9,9.070733835470155e-9,1.1427009079497018e-8,6.780627828501617e-8,2.084099475534453e-9,9.035880084851071e-9,1.129021064942729e-8,6.477035654136947e-8,2.179900317165717e-9,9.303336682150235e-9,1.0669017970408259e-8,6.440280783262264e-8,2.1122363872950106e-9,8.419852784918555e-9,1.0608658396532207e-8,6.66242529985549e-8,1.897434791282394e-9,9.004689071883142e-9,1.099442646007763e-8,6.420008600769549e-8,1.80524554528181e-9,9.287956216388975e-9,9.431957213576353e-9,9.168615337573385e-9,5.23434627352022e-8,1.9836127217635723e-9,8.142138134255785e-9,4.659073054622908e-6
t29,7.887129209556187e-9,4.305715216629258e-8,1.4771974123055039e-8,8.635326096818004e-8,1.9439685207193698e-7,1.4591713432219498e-9,5.3875804082568655e-8,1.3273347612460427e-7,8.937520557909678e-8,1.0438020385789429e-7,0.0,3.442650942956643e-8,2.5279389008856548e-9,4.548623525813884e-8,5.102976539380949e-8,1.8583230276660928e-9,2.4937991672355373e-8,6.966399387426045e-8,1.830266916428174e-8,5.892960864749982e-8,0.0,7.451131901927279e-9,3.4203900601984874e-7,1.5259294347039099e-7,2.849842972852925e-7,7.886304813485157e-8,8.63304932636785e-9,2.5161333995653123e-7,1.0508290659519032e-7,8.295822978973031e-8,2.1888018214179695e-8,1.8545110109564114e-7,1.0876707793850046e-7,0.0,4.038331914174025e-8,9.037068682358253e-9,8.48493849402139e-9,1.2728484781828049e-7,6.571601462258695e-8,2.2289693079105778e-8,1.4163767653746783e-9,1.1812557147583253e-9,5.757905307831034e-9,4.277274531396847e-8,8.477430548919986e-9,2.5503972980219606e-7,4.840993364232965e-8,1.0811146507993389e-7,2.0566296756252122e-7,1.5164618186083751e-9,1.2708321111258357e-8,7.234437495918422e-8,1.8973454114849748e-9,1.0264408105260797e-8,1.0936564812374919e-8,6.683771226644078e-8,2.202071646782625e-9,8.855902205467954e-9,1.1039955108111362e-8,6.581865958648762e-8,2.19344092009928e-9,9.096759054909468e-9,1.1156652326036915e-8,6.615468837644825e-8,2.0831237326298905e-9,9.053055446067845e-9,1.1364160074246454e-8,6.720931883890088e-8,2.2592641407196407e-9,8.868346808184984e-9,1.1233621447786158e-8,6.658435661908247e-8,2.0587492748112344e-9,8.842188723679302e-9,1.1124465925291195e-8,6.360463558845496e-8,2.1460426929270625e-9,9.141215898370742e-9,1.057574506035968e-8,6.374801543574011e-8,2.0924016223171096e-9,8.330669444143847e-9,1.0465926279353622e-8,6.568997344686035e-8,1.8746837053224733e-9,8.810800609130831e-9,1.117148823719917e-8,6.381113114280384e-8,1.765354174977682e-9,9.416065101968672e-9,9.540210717050832e-9,9.489244096384514e-9,5.2452415476336054e-8,1.9478819859383745e-9,8.384823526899687e-9,4.583965799182146e-6
t30,7.849143086765132e-9,4.204155335000812e-8,1.4421136787263824e-8,8.551544679221301e-8,1.9067453678231136e-7,1.4466858579300002e-9,5.166243120955211e-8,1.305362781151939e-7,8.793712744739563e-8,9.919007393717234e-8,0.0,3.4020966154154854e-8,2.514408014616683e-9,4.4501639402264335e-8,4.999244300134813e-8,1.8176488758672789e-9,2.4368439940928503e-8,6.630628883586838e-8,1.785329487854755e-8,5.633938549118568e-8,0.0,7.273222488526992e-9,3.3127375312058804e-7,1.5114787253532886e-7,2.829868914342404e-7,7.669944712928694e-8,8.473863196087229e-9,2.471266910903562e-7,1.0301195709571773e-7,8.029153409913378e-8,2.1324244647495964e-8,1.8079794091354676e-7,1.0557339760499814e-7,0.0,3.949435981094062e-8,8.88239844337688e-9,8.344149156737488e-9,1.2530167781021945e-7,6.455064973722365e-8,2.2004326550036525e-8,1.3900981256366059e-9,1.1649154474400286e-9,5.781600084973104e-9,4.24278159046916e-8,8.51150125786308e-9,2.546440468084262e-7,4.8199823047091374e-8,1.0811336482124167e-7,2.0529944558421558e-7,1.5128374765061145e-9,1.260613625720307e-8,7.117045198504101e-8,1.9126799764104497e-9,1.027272439848964e-8,1.0795311376450337e-8,6.565736514292983e-8,2.168213617730033e-9,8.669286113972363e-9,1.0939108809740233e-8,6.454070962575582e-8,2.1581253809905554e-9,8.845284374772269e-9,1.1019664085262872e-8,6.500457360794587e-8,2.0559884312371e-9,8.894012428259602e-9,1.1195083601636313e-8,6.605787109149626e-8,2.2247915300840003e-9,8.688255425267597e-9,1.1074300744345562e-8,6.546890335416698e-8,2.0345163147881875e-9,8.69111742399278e-9,1.098479529029624e-8,6.255379790738592e-8,2.0986214485654856e-9,8.98513427958108e-9,1.0536657633671244e-8,6.310775133742696e-8,2.063919496168387e-9,8.2958920390985e-9,1.0376194923694889e-8,6.483775356765762e-8,1.8576724804411356e-9,8.710918841008637e-9,1.1189713749954841e-8,6.310991487504024e-8,1.7726603856841107e-9,9.219295716233866e-9,9.434725943955915e-9,9.557839860292673e-9,5.2260393141935024e-8,1.956873808422226e-9,8.334058136151122e-9,4.5039818133431495e-6
t31,7.793763985663348e-9,4.1603239497644984e-8,1.4006964083235135e-8,8.45836748499627e-8,1.9026100396714785e-7,1.4578463698325504e-9,4.9374125456936026e-8,1.2839520622581307e-7,8.658107205863712e-8,9.438313749459858e-8,0.0,3.363513097269048e-8,2.5112706330684805e-9,4.3522788757246804e-8,4.899392869703423e-8,1.7763340873713214e-9,2.3793364211047457e-8,5.971641997693513e-8,1.759366739821265e-8,5.349576512321648e-8,0.0,7.069426116853117e-9,3.201412987676252e-7,1.499919320498859e-7,2.813967690205122e-7,7.45947666019784e-8,8.328600784324621e-9,2.4061562800120587e-7,1.0081599578769437e-7,7.77401035048616e-8,2.0786064504673932e-8,1.7554996129147947e-7,1.0245139206888263e-7,0.0,3.851020192876129e-8,8.80836519979207e-9,8.17965845126559e-9,1.2304442791114565e-7,6.332740918403069e-8,2.183613838698892e-8,1.3647553821673057e-9,1.1469734762526812e-9,5.7768841123396625e-9,4.1983025590782165e-8,8.544839421642324e-9,2.5413965908774245e-7,4.786456462896228e-8,1.0731973879520145e-7,2.0380848141844417e-7,1.5029847786733556e-9,1.2736332314258986e-8,6.925593734018923e-8,1.9370517189341412e-9,1.137161328670445e-8,1.0632520903068767e-8,6.449447654742175e-8,2.140628965398752e-9,9.231748916696451e-9,1.094846459306716e-8,6.333160392473685e-8,2.129391622345164e-9,9.484835388631136e-9,1.0856200666508123e-8,6.390349986320035e-8,2.0321558918628676e-9,9.619383924378174e-9,1.1016800995047787e-8,6.493081762603059e-8,2.1941974958469645e-9,9.347982404391158e-9,1.0884849209311342e-8,6.43734685362078e-8,2.0110385031212015e-9,9.371715217895879e-9,1.0835199895738996e-8,6.154264086080251e-8,2.0395740376455024e-9,8.778159661621192e-9,1.0618939168708903e-8,6.24091427216714e-8,2.0328562383661456e-9,9.078924353779858e-9,1.0258165820628639e-8,6.39901464382458e-8,1.8327539930639948e-9,9.414300432017494e-9,1.1253445053728658e-8,6.249269927017959e-8,1.7728962060863056e-9,9.07439092688672e-9,9.307836102195784e-9,9.673872717907162e-9,5.210860771732073e-8,1.954826887793896e-9,8.283718014120967e-9,4.427108562474229e-6
t32,7.4070189677236044e-9,4.18676424176571e-8,1.5005088099771937e-8,8.37964580110372e-8,1.9584502129982435e-7,1.5517591993346446e-9,4.669014769997533e-8,1.2552870789081548e-7,8.446487477437081e-8,8.820291682119675e-8,0.0,3.3101977812970646e-8,2.2988599254727218e-9,4.1732390506611714e-8,4.775045890421353e-8,1.7619227826460633e-9,2.286923704409256e-8,5.864001268713043e-8,1.6055243886431737e-8,5.015685592136885e-8,0.0,6.685420640827107e-9,3.0531895571241903e-7,1.474406274852548e-7,2.771485342693854e-7,7.127515100428678e-8,7.925901139260618e-9,2.2922511774156304e-7,9.690628301505595e-8,7.415047707849586e-8,1.987794823412077e-8,1.6703161043714714e-7,9.749076292547428e-8,0.0,3.625785962785245e-8,8.381918523173436e-9,7.838475461444357e-9,1.1738221348104464e-7,6.00603402748928e-8,2.1544479748725117e-8,1.331572451668868e-9,1.1252614231586707e-9,5.645892097040077e-9,4.054803901364933e-8,8.284131836940793e-9,2.5106605336566175e-7,4.634061318418601e-8,1.0363136709581489e-7,1.96602016209039e-7,1.4776142570038434e-9,1.2107964006888752e-8,7.085247135924739e-8,1.7966044604374342e-9,9.875658797735284e-9,1.0302917594269293e-8,6.281676377067699e-8,2.113614207900639e-9,8.114681636067002e-9,1.015232252733218e-8,6.169406692126232e-8,2.0921266363389096e-9,8.301771806313764e-9,1.0483649761498439e-8,6.234041322537059e-8,2.0086615000102587e-9,8.42486857654196e-9,1.0647127448589349e-8,6.331139618882724e-8,2.167855650198013e-9,8.199777709351815e-9,1.0500692615642361e-8,6.278820255902337e-8,1.984512647282639e-9,8.235589224214804e-9,1.0362351575548506e-8,6.021771871159095e-8,2.1177969372170793e-9,8.367387896534247e-9,9.88551336998243e-9,6.10299986481691e-8,2.0351830573611962e-9,7.812498523017102e-9,9.905712524997993e-9,6.243281709954451e-8,1.8253126407014413e-9,8.139921336645023e-9,1.0856981987719898e-8,6.115758517528467e-8,1.7580262999283542e-9,8.692997441662134e-9,8.929482481844373e-9,9.38905124527978e-9,5.137374395736592e-8,1.940604512193377e-9,8.012182370844677e-9,4.290277811011684e-6
t33,7.426461445277818e-9,4.072132509115038e-8,1.4572325997254316e-8,8.286801536737889e-8,1.9193557557226885e-7,1.5375746790081933e-9,4.427007858487266e-8,1.2317305083739613e-7,8.248052987305094e-8,8.280692275013668e-8,0.0,3.2624498373646894e-8,2.2525007502628123e-9,4.018183421298101e-8,4.6570219850536064e-8,1.7113612510746465e-9,2.2141250446861717e-8,5.467991156505741e-8,1.5438238428740694e-8,4.725352776398117e-8,0.0,6.39688501940185e-9,2.9192219568275896e-7,1.4587628129026304e-7,2.754010569925174e-7,6.795523977768148e-8,7.655397882526039e-9,2.1556294795041629e-7,9.368958934752813e-8,7.120378111727298e-8,1.91933620184992e-8,1.5888064340631726e-7,9.354324983698294e-8,0.0,3.4104611635550617e-8,8.025359498079711e-9,7.50365461500691e-9,1.1191318939567636e-7,5.6847392873822805e-8,2.1256154061007414e-8,1.2946406636194692e-9,1.1029944281341517e-9,5.488494037804937e-9,3.894887310944616e-8,8.0023735011356e-9,2.475268058273458e-7,4.4541735023067845e-8,9.891635780390621e-8,1.8769983104048343e-7,1.4417671586395779e-9,1.2088636518895647e-8,6.980899585362607e-8,1.852848636619167e-9,9.98856693603492e-9,9.956504160124899e-9,6.142519712394934e-8,2.078078060418561e-9,7.752708237172279e-9,9.90788126960948e-9,6.037868392596774e-8,2.060478060577343e-9,7.89442727767705e-9,1.0120420208838149e-8,6.107653477466003e-8,1.9784557399002977e-9,8.033425746233854e-9,1.0274503010934507e-8,6.198006831005499e-8,2.1327529757328314e-9,7.824050813461503e-9,1.0152782469929035e-8,6.151241707482634e-8,1.9567822276449818e-9,7.877674311452656e-9,1.004848870311909e-8,5.911515353641181e-8,2.0549675008486588e-9,8.045453932536459e-9,9.726115629372518e-9,5.993498787665988e-8,1.9941588742137108e-9,7.56706381395085e-9,9.670169151353238e-9,6.130532095274009e-8,1.7989151203567235e-9,7.871400695774267e-9,1.0503416607764434e-8,6.002602152949059e-8,1.731410747599922e-9,8.342149226282889e-9,8.523604239682875e-9,9.142519656205968e-9,5.063592739878794e-8,1.9101184289950226e-9,7.696954344771607e-9,4.1542972595270905e-6
t34,7.446108080261636e-9,4.0322015349922946e-8,1.4472478219187651e-8,8.248986265397729e-8,1.912342508426961e-7,1.5050756855726078e-9,4.356262939615537e-8,1.2247443645629967e-7,8.410391324718314e-8,8.051509204972972e-8,0.0,3.254481359709123e-8,2.2652397519565545e-9,4.010614630284423e-8,4.63785930494011e-8,1.7131745186268945e-9,2.2065360454593962e-8,5.297472651440055e-8,1.5642760903675072e-8,4.614605911714626e-8,0.0,6.4789075070527974e-9,2.859141027875858e-7,1.4561007095149443e-7,2.751837857709322e-7,6.804752510120608e-8,7.756091302936082e-9,2.0695401799886042e-7,9.271595374355643e-8,7.076519938889353e-8,1.9438836648266767e-8,1.5470153829366023e-7,9.238400153499036e-8,0.0,3.378348830186206e-8,8.146841849869248e-9,7.412633869807936e-9,1.1095664930549444e-7,5.619210113614959e-8,2.128668513084947e-8,1.3230259719750457e-9,1.1242033957494821e-9,5.590171782679993e-9,3.851384509123142e-8,8.008339660276887e-9,2.482839378030635e-7,4.4045438102724466e-8,9.623747974572576e-8,1.8375627170081542e-7,1.4705829800598893e-9,1.2078313932431263e-8,6.936542056768938e-8,1.8575671291657586e-9,9.975556832897152e-9,1.0276161172927686e-8,6.074800248572862e-8,2.09271626582085e-9,7.578825506408369e-9,1.0298774806097087e-8,5.989260237625575e-8,2.0796422715977474e-9,7.763715889428334e-9,1.046214068673582e-8,6.065196142767366e-8,1.998156596580682e-9,7.913298583303823e-9,1.0635690337424616e-8,6.153311987467701e-8,2.151827569961777e-9,7.692858334656033e-9,1.0457501626325e-8,6.110018679763512e-8,1.973349864937306e-9,7.733271922212226e-9,1.0346739256496437e-8,5.874450371519503e-8,2.0589009330252503e-9,7.912005225321575e-9,1.0046888463579984e-8,5.962418099785358e-8,2.015842949828783e-9,7.422389471910719e-9,9.91126110542323e-9,6.103741494053057e-8,1.8225149053582056e-9,7.766134896878321e-9,1.0905838997234085e-8,6.004263195114138e-8,1.7415825018780992e-9,8.249947819343783e-9,8.367021731430201e-9,9.360668070220451e-9,5.059125671052059e-8,1.9274331123805466e-9,7.575892761021733e-9,4.115826176423635e-6
t35,7.550022212212796e-9,4.146968052807258e-8,1.4754866236928682e-8,8.32680126811152e-8,1.9679517318071935e-7,1.5080932241067919e-9,4.892002721903422e-8,1.2866059934894413e-7,8.96043894978018e-8,9.160422902493026e-8,0.0,3.352222684840625e-8,2.3611632925811854e-9,4.453060304463828e-8,4.923457583703223e-8,1.7973967783171084e-9,2.4085544386726628e-8,6.145470074029788e-8,1.7865423604114195e-8,5.3246227046238035e-8,0.0,7.474024473067508e-9,3.152115978323833e-7,1.5061913190075927e-7,2.8174716909612044e-7,7.778079346459206e-8,8.681487913157191e-9,2.2916573242424774e-7,1.0151694734572077e-7,8.178690332045438e-8,2.2171645911858874e-8,1.7363654522347342e-7,1.0509241690637393e-7,0.0,3.9210506817556076e-8,9.283334870265842e-9,8.060467837294079e-9,1.2492813910320675e-7,6.428960140815053e-8,2.2145596476188148e-8,1.408449797870691e-9,1.1806871768002522e-9,6.011450741099172e-9,4.281595128636282e-8,8.86162086237732e-9,2.653553718227125e-7,4.8836044316664064e-8,1.0330217294232598e-7,2.0193999859878595e-7,1.5549941448053441e-9,1.2619242431466817e-8,6.984624271153455e-8,1.8719425633612003e-9,1.0177510694390274e-8,1.1199865893073348e-8,6.441334338893477e-8,2.1439119300905192e-9,8.28042925285607e-9,1.1256669555961849e-8,6.34589540411138e-8,2.1322234439490387e-9,8.481104973223022e-9,1.1408526052577447e-8,6.441901504830875e-8,2.0454645224680732e-9,8.652949060133001e-9,1.1612440505066302e-8,6.53520505184894e-8,2.209071386439473e-9,8.401474465842279e-9,1.142984488798366e-8,6.497738032596889e-8,2.0214369644576636e-9,8.453533079480882e-9,1.1326468060107185e-8,6.242517968155097e-8,2.1044187765756973e-9,8.690712432759465e-9,1.1036633318869406e-8,6.354041185777583e-8,2.065042169176188e-9,8.1234888959183e-9,1.0877121513009375e-8,6.540506534804001e-8,1.8698957312837208e-9,8.65799905540076e-9,1.198042978546594e-8,6.403915362039878e-8,1.779925320828717e-9,9.230044615404005e-9,9.254922629562574e-9,1.0009475779534157e-8,5.336318677076063e-8,1.979812407053064e-9,8.393288060018121e-9,4.449319042273556e-6
t36,7.648475949860869e-9,4.283394848642016e-8,1.510432076637578e-8,8.406376295678634e-8,2.0269805810877756e-7,1.522372303664223e-9,5.5387867875142033e-8,1.3540127922149603e-7,9.581369947741205e-8,1.0538930237132193e-7,0.0,3.453356430335933e-8,2.464989904175994e-9,4.980496589566156e-8,5.242132558467288e-8,1.894937340285959e-9,2.641868058059473e-8,7.26232432944244e-8,2.0663672627439626e-8,6.236786752828116e-8,0.0,8.779536946959112e-9,3.498445814353559e-7,1.558611946914578e-7,2.8873185376328687e-7,9.022086337613323e-8,9.79585843267251e-9,2.5206334233985365e-7,1.1155159956700372e-7,9.587255829958032e-8,2.5594494368609968e-8,1.9457793494954245e-7,1.204834937151644e-7,0.0,4.610865506518627e-8,1.0716483948891974e-8,8.754411476596949e-9,1.4136907493318626e-7,7.399293170707201e-8,2.3027878087836983e-8,1.5033018784522647e-9,1.2431068317217074e-9,6.448164788830231e-9,4.694178419809518e-8,9.74400182821941e-9,2.8111588994971905e-7,5.33630871290198e-8,1.0835184207312757e-7,2.1694162105253784e-7,1.6462211825878753e-9,1.3224546581421244e-8,7.065330221463714e-8,1.8867183654913444e-9,1.044496905730142e-8,1.223829630830226e-8,6.83936234355514e-8,2.2035770103986374e-9,9.030292643414589e-9,1.2344723340475066e-8,6.737676573015302e-8,2.1923371607670446e-9,9.276977553742016e-9,1.250077545008958e-8,6.857717498908146e-8,2.099374602172282e-9,9.479490873583244e-9,1.2758559258503264e-8,6.955439820887965e-8,2.275267709378056e-9,9.185607568634732e-9,1.2549298949444388e-8,6.925709696636237e-8,2.07597250838534e-9,9.247864134688324e-9,1.2463920954818996e-8,6.650548528625727e-8,2.1639610653840287e-9,9.550742674520289e-9,1.2182984123015403e-8,6.779910196793534e-8,2.1231658001901102e-9,8.885441681907636e-9,1.1951341915829432e-8,7.022207006064983e-8,1.9204329840583675e-9,9.65103999437623e-9,1.3225676529540833e-8,6.849063243995057e-8,1.8244776793670018e-9,1.0353243142680604e-8,1.008381109766903e-8,1.0633157101901886e-8,5.618318547583567e-8,2.0315814473517885e-9,9.147207834238669e-9,4.819921774471191e-6
t37,7.740690299926611e-9,4.4212303601234805e-8,1.543776579887504e-8,8.473833522563968e-8,2.0831050080797724e-7,1.5319327015763926e-9,6.355328757582813e-8,1.4278654547689457e-7,1.0288605159077327e-7,1.23433500853248e-7,0.0,3.5576339583751065e-8,2.569277762964308e-9,5.6355634370996356e-8,5.599587567616687e-8,2.000355517516151e-9,2.9194228593610847e-8,8.835447998797002e-8,2.4413822493734402e-8,7.486349373516936e-8,0.0,1.0599952982857569e-8,3.9215755405832823e-7,1.6139266642307816e-7,2.96097588856523e-7,1.071676042548269e-7,1.1207741552710368e-8,2.769568024836043e-7,1.2336964115274195e-7,1.156114580920924e-7,3.0248596603823324e-8,2.202276461293539e-7,1.4084339447889264e-7,0.0,5.595161368905102e-8,1.265179166150302e-8,9.567060122482638e-9,1.624619624818646e-7,8.683220614161398e-8,2.397465306820596e-8,1.6124803414531986e-9,1.3131551588882637e-9,6.931966043438238e-9,5.1380035848871666e-8,1.0754172042437979e-8,2.9715570047124605e-7,5.817101983913784e-8,1.1241274114597102e-7,2.307720424941379e-7,1.7398321211269284e-9,1.3887312363572656e-8,7.148732204526135e-8,1.8905727895991907e-9,1.072011759854472e-8,1.345944869557068e-8,7.277157779257918e-8,2.268058332731024e-9,9.85894031849483e-9,1.3628026762222412e-8,7.173724018407875e-8,2.255328443564021e-9,1.0185084027237695e-8,1.3801131809595212e-8,7.322793646557391e-8,2.1555282111137933e-9,1.0432832833653295e-8,1.4134475774637564e-8,7.424187809692273e-8,2.3441673241580895e-9,1.0080410313725719e-8,1.3884088452285414e-8,7.404347697147006e-8,2.132201208343151e-9,1.0155077513805483e-8,1.3813516213258695e-8,7.108009232718805e-8,2.2326185590156537e-9,1.053398503712088e-8,1.3546360074308179e-8,7.251988928051959e-8,2.188227992201035e-9,9.728719635680013e-9,1.3222854942619763e-8,7.57214772710522e-8,1.9759906669277588e-9,1.083960429372585e-8,1.4732628140553685e-8,7.357875828880734e-8,1.8747742397456932e-9,1.1742403894964912e-8,1.0963803472294475e-8,1.1302794782184165e-8,5.922796658479199e-8,2.0845912757278504e-9,9.887756346982273e-9,5.261098549042527e-6
t38,7.838338905290536e-9,4.5692105856462595e-8,1.5811682172685832e-8,8.542907865026184e-8,2.1407712789153392e-7,1.548193130033959e-9,7.43883185883659e-8,1.509554440149526e-7,1.110419445690544e-7,1.4858895395841214e-7,0.0,3.6679938141645947e-8,2.6734936095666717e-9,6.488698360189392e-8,6.008849144782966e-8,2.120958909578477e-9,3.260549272408057e-8,1.1270430569753172e-7,2.985404321138622e-8,9.350689603545157e-8,0.0,1.3359044762984708e-8,4.4575773711132235e-7,1.672313006180938e-7,3.0378777829984335e-7,1.3215966982858526e-7,1.309953037986283e-8,3.064448096277877e-7,1.3788134384192845e-7,1.4549343143412336e-7,3.698965978608123e-8,2.5396589566864635e-7,1.695613654076658e-7,0.0,7.1751192688252e-8,1.5436758854270907e-8,1.0567271598842318e-8,1.9121062203651372e-7,1.0529495656994939e-7,2.5009798230330945e-8,1.7401468874258723e-9,1.392185674495721e-9,7.504470513506835e-9,5.662787849258347e-8,1.1988590335205112e-8,3.1479293151846825e-7,6.380055814180626e-8,1.163954765178847e-7,2.453706528151645e-7,1.8468163609512206e-9,1.4644860997294675e-8,7.230555113805503e-8,1.898593528679896e-9,1.1005860404168576e-8,1.4951757944931793e-8,7.764145073444723e-8,2.3391323796822342e-9,1.0820228205777071e-8,1.521291351556209e-8,7.66364979396726e-8,2.3256376779526306e-9,1.1256810064527185e-8,1.5411295324369685e-8,7.846786693969432e-8,2.2183750281450937e-9,1.1583429589504757e-8,1.585308587774847e-8,7.951721939086998e-8,2.4212760030164528e-9,1.1148993493104774e-8,1.5542702500061736e-8,7.944505431613176e-8,2.194591102697515e-9,1.1241128173245294e-8,1.5494859904482794e-8,7.624936892608166e-8,2.3078694479756244e-9,1.1711424780819013e-8,1.5256902328385698e-8,7.782113952456632e-8,2.259034521387853e-9,1.0716346579882006e-8,1.4805696820076398e-8,8.209301865625453e-8,2.0374994086434235e-9,1.2352600627716003e-8,1.665034964031068e-8,7.944535577057128e-8,1.9332094980624022e-9,1.3558294812789638e-8,1.1985519505180794e-8,1.2073039122866772e-8,6.256437616209764e-8,2.147556418358625e-9,1.0725858873487714e-8,5.827227298717934e-6
t39,7.926326044997119e-9,4.71937094794461e-8,1.6208908648381695e-8,8.611733362472455e-8,2.200951001421519e-7,1.565581516419149e-9,8.985750732945354e-8,1.601210932077233e-7,1.2059599186754154e-7,1.8716061241106484e-7,0.0,3.7858862884983065e-8,2.780677191207049e-9,7.670730018174429e-8,6.485013836048573e-8,2.2618936514895677e-9,3.6958908932932276e-8,1.5654301025100608e-7,3.8438303366898466e-8,1.253764663227224e-7,0.0,1.812400193632701e-8,5.175274938006554e-7,1.7353099129859035e-7,3.118798945011599e-7,1.7374519888842496e-7,1.5805685039609224e-8,3.455037169732673e-7,1.565691785465066e-7,1.963214782519363e-7,4.763261189096914e-8,3.0256928338145386e-7,2.1371424936219116e-7,0.0,1.0106570299025402e-7,1.9735458978221733e-8,1.1842082944501969e-8,2.3320744439442648e-7,1.3440778793734745e-7,2.6132645670360376e-8,1.883333089245417e-9,1.4785137159044246e-9,8.167307580178747e-9,6.298936921402941e-8,1.3513102289932237e-8,3.3442287883470397e-7,7.047962947317043e-8,1.2069060613599522e-7,2.6176962158394086e-7,1.9641590362067816e-9,1.5468541732012693e-8,7.312642724804663e-8,1.906686774619096e-9,1.1285166355571635e-8,1.6798383158060734e-8,8.319801890982224e-8,2.4115246505793298e-9,1.1983113482088886e-8,1.716364290445025e-8,8.225234399673524e-8,2.3992378405800323e-9,1.256399736679612e-8,1.743083817364705e-8,8.450352498818246e-8,2.283918034752824e-9,1.303033293685564e-8,1.803435044455771e-8,8.560221499574445e-8,2.502683461929978e-9,1.248231352290148e-8,1.7639474224457572e-8,8.568645689298892e-8,2.259893794679261e-9,1.2602701352334036e-8,1.7636248711519236e-8,8.223080442183003e-8,2.3875486985605863e-9,1.3200874560347362e-8,1.742438546475327e-8,8.39473972169537e-8,2.333646135316887e-9,1.1933492947564123e-8,1.680498908821112e-8,8.96500598878126e-8,2.1017567544129997e-9,1.4364571170740634e-8,1.9124264397513334e-8,8.631730766022415e-8,1.9928213440248317e-9,1.6024503692811905e-8,1.3192755705111128e-8,1.2935461313866218e-8,6.627049201424529e-8,2.2108360746866087e-9,1.1675010465127818e-8,6.623666168122913e-6
t40,8.022179988048201e-9,4.877502757536265e-8,1.6628045767075002e-8,8.68794187025554e-8,2.268922617302957e-7,1.5854049472813469e-9,1.144622802304052e-7,1.7052834092477405e-7,1.3195691336442896e-7,2.556250641456939e-7,0.0,3.9123575230927665e-8,2.891258873797062e-9,9.586715344789746e-8,7.049792444246795e-8,2.423936924956431e-9,4.3020522899528024e-8,2.6234668335655344e-7,5.5810066397977235e-8,2.0170171460730897e-7,0.0,2.8677918353314503e-8,6.19861674352526e-7,1.806143600720066e-7,3.2054273812000987e-7,2.6827501925426293e-7,2.0400475301802842e-8,4.104265955913593e-7,1.8400551062758162e-7,3.0199847639398865e-7,6.658750757742718e-8,3.821708008920207e-7,2.9149361227008265e-7,0.0,1.76114656614596e-7,2.7243574734020212e-8,1.358914854032201e-8,3.020169894492399e-7,1.8891914478873026e-7,2.7368921762274473e-8,2.0338225950509477e-9,1.565788684421479e-9,8.943041124559834e-9,7.09691384020645e-8,1.542652898930537e-8,3.5661402391176696e-7,7.867041451734776e-8,1.2582618795847842e-7,2.8155898588304097e-7,2.0939489021532085e-9,1.6400950965202583e-8,7.394809715914624e-8,1.9159385632717066e-9,1.158064146315752e-8,1.9120911205344263e-8,8.972825152486844e-8,2.484213664370603e-9,1.3465740531745688e-8,1.9644289674922503e-8,8.885978577125126e-8,2.4736939716246833e-9,1.4257322912520982e-8,2.0093334937722208e-8,9.179731828593659e-8,2.349668432706114e-9,1.5036342748810457e-8,2.0934768298483847e-8,9.29410044139676e-8,2.5848138843171592e-9,1.4293558101861936e-8,2.0434131181890255e-8,9.326020836799547e-8,2.3256519900804616e-9,1.4478361603245402e-8,2.049948373021203e-8,8.949078499557694e-8,2.4669538303308234e-9,1.532742059045286e-8,2.0322857636770065e-8,9.144716182207838e-8,2.407432621639839e-9,1.3590204606601067e-8,1.941551355358844e-8,9.886629178118637e-8,2.1617424760836976e-9,1.723213710396697e-8,2.246941488923133e-8,9.450349922658111e-8,2.0485606371465505e-9,1.9655382176493422e-8,1.4660399248949417e-8,1.3903559362345632e-8,7.042434857349549e-8,2.2714513532574394e-9,1.2762510360014376e-8,7.979382889451537e-6
t41,8.107236195425835e-9,5.044890074028536e-8,1.709388339184058e-8,8.773583405298458e-8,2.3458957423822648e-7,1.6132461263487947e-9,1.6290400984412015e-7,1.8273929260606042e-7,1.458189816420697e-7,4.158259365094237e-7,0.0,4.050356145302565e-8,3.015706314922998e-9,1.3419198778111737e-7,7.73885452171426e-8,2.6089423045207524e-9,5.227753817134192e-8,8.787138440875504e-7,1.1631027204034282e-7,6.295282984879983e-7,0.0,8.189181114436637e-8,7.79882411468224e-7,1.887164360934972e-7,3.3003060679590696e-7,7.004212155044503e-7,3.014945862469126e-8,5.433202813871123e-7,2.2963917556947736e-7,3.184230010851533e-7,7.225420781384064e-8,3.8034057778567674e-7,2.974687691303487e-7,0.0,1.8180670289977783e-7,2.9188555899440078e-8,1.3578770807067325e-8,3.0314912513840504e-7,1.8917604967927213e-7,2.743986506770933e-8,2.099480139640362e-9,1.5955146099117207e-9,9.885060763608475e-9,8.19894162622981e-8,1.79050870143202e-8,3.831661881822114e-7,8.94370724832855e-8,1.3318724723613776e-7,3.0903345684816305e-7,2.231978907510955e-9,1.746324212860368e-8,7.471582797377802e-8,1.930800334547225e-9,1.1864797440855273e-8,2.21557843966889e-8,9.775915728512858e-8,2.5649888387774226e-9,1.5526375692805923e-8,2.295667773647749e-8,9.693441224417203e-8,2.5506734770182112e-9,1.6670173529847466e-8,2.360599902654536e-8,1.0103651170228425e-7,2.4143481102330177e-9,1.819087622931552e-8,2.469368757986298e-8,1.0220419164591932e-7,2.663001148937243e-9,1.7062538501547472e-8,2.412207556035268e-8,1.0286258334282132e-7,2.390645725282648e-9,1.7366488481731428e-8,2.425884699046295e-8,9.863803132531442e-8,2.5415600270823574e-9,1.870059732459932e-8,2.4128029874846987e-8,1.0105259226429078e-7,2.4761622192879383e-9,1.6065288151308534e-8,2.0727594096366854e-8,9.996220475600339e-8,2.168882524997637e-9,1.720690489114156e-8,2.4679536973980304e-8,9.532054036882808e-8,2.0564657142003836e-9,1.968539017987842e-8,1.6577041361446716e-8,1.500846361328612e-8,7.514182916944169e-8,2.3344356736550117e-9,1.4229756420122628e-8,1.0483489127600328e-5
t42,8.172667327631003e-9,5.148563047505072e-8,1.7417161368896307e-8,8.825330490662074e-8,2.395219235869356e-7,1.6117895118026091e-9,3.042186419847381e-7,1.9743256950779285e-7,1.586014597503121e-7,1.1447682786264225e-6,0.0,4.219111831086822e-8,3.1788930974694524e-9,1.3148658140393138e-7,7.664783962641214e-8,2.6790821450073947e-9,5.114206228955581e-8,6.293884202414834e-7,1.0966362233854832e-7,4.7356609942903247e-7,0.0,7.534190461540976e-8,7.454760793394687e-7,1.8788024097189776e-7,3.2919945413812644e-7,5.875882617827662e-7,2.9943852493718696e-8,5.041913779822575e-7,2.227538978714661e-7,3.0382697649798393e-7,7.311637137090468e-8,3.66512052979693e-7,2.8569093359526417e-7,0.0,1.6732277251887382e-7,2.9256263891162145e-8,1.3358218047251172e-8,2.9178402504055586e-7,1.7933483454961794e-7,2.7333444485848027e-8,2.087012724024951e-9,1.5958613628760054e-9,1.114530692829498e-8,9.91190188657144e-8,2.1411164286818384e-8,4.171685176885469e-7,1.0561768584445341e-7,1.4516810881687835e-7,3.5247080871108294e-7,2.4066366016010387e-9,1.8189698267225937e-8,7.537096139703452e-8,1.9179583046095543e-9,1.217451710266675e-8,2.558055391809255e-8,1.0738920984214755e-7,2.6847105760613618e-9,1.8462214862682135e-8,2.6493142707722815e-8,1.0658246251943128e-7,2.6675393314993254e-9,2.010027509787564e-8,2.4602544346527084e-8,9.955736495244702e-8,2.4447798069456886e-9,1.7039679824823438e-8,2.606561751707523e-8,1.006390963355376e-7,2.695885828109885e-9,1.5990706667895104e-8,2.5142400399346927e-8,1.0142517414619169e-7,2.419087148705602e-9,1.630023916065713e-8,2.5317635365513224e-8,9.742069591707106e-8,2.581599120307405e-9,1.76876213128597e-8,2.527763254450596e-8,9.955620484025034e-8,2.5091905472239693e-9,1.5076728605734254e-8,2.121336422042617e-8,9.9139639510933e-8,2.190578815889541e-9,1.64532190058129e-8,2.5564389528499198e-8,9.468309010206571e-8,2.056134058960904e-9,1.9028477110910276e-8,1.9325437799250604e-8,1.6311411797226548e-8,8.057839227245195e-8,2.415089484977961e-9,1.632422525114119e-8,1.086217480720439e-5
t43,8.091349630219108e-9,4.922955060559303e-8,1.6607936991100584e-8,8.682275438194827e-8,2.3072246060908156e-7,1.5909433329504761e-9,2.0023113221004907e-7,1.8920393161179373e-7,1.5546191532625666e-7,5.37537364362954e-7,0.0,4.117263027827655e-8,3.149195698015182e-9,1.0978178595264126e-7,7.293405737252817e-8,2.5641956395402376e-9,4.627344017660848e-8,3.2555797203318115e-7,6.7932312225254e-8,2.5634511938183453e-7,0.0,3.533281595107311e-8,6.562816795016633e-7,1.838274740887051e-7,3.2479019187926296e-7,3.33160350749044e-7,2.3832868838996282e-8,4.3506772257219965e-7,1.9973948640457825e-7,2.3926167622236037e-7,5.9270061472489024e-8,3.2469531340456706e-7,2.427841097697639e-7,0.0,1.218205554719567e-7,2.3567306630277448e-8,1.2453840619587844e-8,2.5285498984852657e-7,1.482688792198585e-7,2.6730344439154673e-8,2.001848360713842e-9,1.553635657114324e-9,1.1118728380061428e-8,9.118978479099253e-8,2.0263886905765794e-8,4.099149067362871e-7,9.758997743119043e-8,1.3727267096721896e-7,3.263504888427118e-7,2.4585695028857523e-9,1.708992670973351e-8,7.393820298749213e-8,1.913252594179472e-9,1.1805420361400415e-8,2.3609614162914006e-8,1.0115280245094168e-7,2.6348118424530027e-9,1.6006353507843002e-8,2.4528076453304105e-8,1.0098449218696792e-7,2.617824743538179e-9,1.7259226087420555e-8,2.155891351932869e-8,9.50975690396768e-8,2.3998095180519687e-9,1.5256051129753295e-8,2.265419013067037e-8,9.583967401837757e-8,2.6384966555957707e-9,1.4371320601727897e-8,2.1909818461586016e-8,9.645577768072848e-8,2.3727075998963595e-9,1.4632272209758333e-8,2.1933482034984717e-8,9.317758872412278e-8,2.529928027557277e-9,1.5702688319425665e-8,2.185425395869398e-8,9.445996868684698e-8,2.463267449654289e-9,1.3603251799977034e-8,1.8930613294294072e-8,9.430179262416734e-8,2.1552719908889844e-9,1.4847856180915107e-8,2.211646476843712e-8,9.045829690172102e-8,2.0373416254999145e-9,1.6799618912904548e-8,1.7818879742241446e-8,1.637950446287664e-8,7.992219971993547e-8,2.419792193854693e-9,1.5071325650022286e-8,8.602374204201195e-6
t44,8.012085692430761e-9,4.711878487906557e-8,1.587883470950369e-8,8.54961201618435e-8,2.2292125065716418e-7,1.5706849099249277e-9,1.511436657899007e-7,1.820452370644398e-7,1.4494338962012683e-7,3.5758391040366027e-7,0.0,4.028530843909626e-8,3.0893978959221632e-9,9.391515792793984e-8,6.965023932240713e-8,2.4657065023028513e-9,4.233440845902342e-8,2.2253384321703942e-7,4.971539733478802e-8,1.7896832197366918e-7,0.0,2.3599103851820167e-8,5.900013071684325e-7,1.8005817151285362e-7,3.2051484244687065e-7,2.354094158790873e-7,1.9729282044138908e-8,3.9123650027264546e-7,1.8193976791294606e-7,1.9684960547009255e-7,4.9594714716499026e-8,2.948619581654791e-7,2.1237178799646254e-7,0.0,9.653356273294322e-8,1.9643104569789507e-8,1.1729801812990403e-8,2.2456184859420073e-7,1.2749705248746484e-7,2.615278559927362e-8,1.9116174326293094e-9,1.503008950754207e-9,1.1167769967850992e-8,8.577205415974059e-8,1.9317254189410707e-8,4.048501231984253e-7,9.193440115610766e-8,1.3256025575393052e-7,3.0999407743189427e-7,2.433135580840086e-9,1.613547010785227e-8,7.261878618964276e-8,1.905943094760066e-9,1.147473950828775e-8,2.0679424996283186e-8,9.592854014816487e-8,2.5782667539702335e-9,1.433888399436323e-8,2.135099409674404e-8,9.613374754128324e-8,2.562706775714814e-9,1.5340488140838154e-8,1.921527332198764e-8,9.106967139851937e-8,2.3555362695224604e-9,1.3938445654964129e-8,2.0080109878542454e-8,9.158584018929246e-8,2.5833021355382486e-9,1.31822810623692e-8,1.944678935118646e-8,9.207088177300226e-8,2.330050894292872e-9,1.3397402262994381e-8,1.940335741750969e-8,8.931927985188998e-8,2.478760525851096e-9,1.4239922008362778e-8,1.930477479464259e-8,9.004319468231733e-8,2.4170875750237777e-9,1.2518635911640467e-8,1.7107027634794133e-8,9.000977020050548e-8,2.1185762466094656e-9,1.3610395279112789e-8,1.9567484905186263e-8,8.665239627367956e-8,2.0030092283351855e-9,1.51456374945954e-8,1.67467055822138e-8,1.649756820309755e-8,7.937099506372943e-8,2.4099770104909752e-9,1.4172899353188547e-8,7.5608410867987155e-6
t45,7.924167020119217e-9,4.510152094161914e-8,1.5201712858043287e-8,8.419930745626434e-8,2.1552919171746153e-7,1.551055815622814e-9,1.215107103534162e-7,1.751578878473903e-7,1.3578408945830007e-7,2.686983488309921e-7,0.0,3.946072544827922e-8,3.0293449961228652e-9,8.206702358529301e-8,6.667580758072596e-8,2.378080570303816e-9,3.902542911880364e-8,1.6985749625817716e-7,3.9326059993781796e-8,1.3823627146213884e-7,0.0,1.7820172336529176e-8,5.376505732212237e-7,1.7642375585683368e-7,3.1624207970828556e-7,1.8311655160656884e-7,1.6847957922354888e-8,3.593636436681989e-7,1.6727987147672812e-7,1.6716241941785534e-7,4.262915877979333e-8,2.717607588355639e-7,1.8927799288234835e-7,0.0,8.02952805189875e-8,1.6821509783502643e-8,1.111423460088214e-8,2.026494887551041e-7,1.1231599927062076e-7,2.5600155193415054e-8,1.8296356730536039e-9,1.4556683507376097e-9,1.116617134445362e-8,8.084663565109065e-8,1.833023079520928e-8,3.991941393178435e-7,8.683784407525471e-8,1.2885714971199502e-7,2.965832771745036e-7,2.4030237531197475e-9,1.527303760498749e-8,7.13593152851192e-8,1.896843564019429e-9,1.1155600015682328e-8,1.8306406894510728e-8,9.123404124402315e-8,2.523924667482591e-9,1.307607127289827e-8,1.882305929034704e-8,9.168525192042827e-8,2.5094992499818957e-9,1.3897116706702366e-8,1.7327492890624732e-8,8.734147157223762e-8,2.315719866295684e-9,1.289370513151325e-8,1.8041496476968552e-8,8.773183390921976e-8,2.5343542000155007e-9,1.2257983655665622e-8,1.748184060742972e-8,8.807722414128778e-8,2.2911516720482395e-9,1.242296852358145e-8,1.7411442161336855e-8,8.574379638213523e-8,2.433693775778853e-9,1.3098518300451802e-8,1.7306040836958777e-8,8.608517884638342e-8,2.3766868478790008e-9,1.1660696026307877e-8,1.56260137623268e-8,8.613381797039788e-8,2.08611907306798e-9,1.261975069903159e-8,1.7562576392951502e-8,8.314530389854247e-8,1.9705011146708564e-9,1.3843525509149146e-8,1.580744685845975e-8,1.650753253027995e-8,7.876544402716497e-8,2.3948997311944653e-9,1.3384640112545876e-8,6.881010646214999e-6
t46,7.854440089688636e-9,4.328280043260099e-8,1.4603360513958067e-8,8.297928962534956e-8,2.0873059407537738e-7,1.5334910074752425e-9,1.0174388016042833e-7,1.6868953351951772e-7,1.2773276204819862e-7,2.1533828890465634e-7,0.0,3.868553418904529e-8,2.9658070856881934e-9,7.32334955297265e-8,6.398971109975781e-8,2.3000382129794474e-9,3.623106784301584e-8,1.3764423101690196e-7,3.276713650150131e-8,1.132117728889706e-7,0.0,1.4426599358611191e-8,4.950243898940975e-7,1.7292434097144362e-7,3.1213273404426117e-7,1.5107357251748157e-7,1.4779830833402866e-8,3.3545680530617284e-7,1.5537652303810165e-7,1.4539546726037585e-7,3.7430145163105354e-8,2.5322360288866613e-7,1.7122402198810236e-7,0.0,6.914235445445955e-8,1.4729066023430217e-8,1.058661903450349e-8,1.8518752797103773e-7,1.0082501141671004e-7,2.5087679200474193e-8,1.7577266135387034e-9,1.4135785092938965e-9,1.1168408902209552e-8,7.653607225620754e-8,1.7463809864829313e-8,3.934185483051378e-7,8.248320982243378e-8,1.2592683368910124e-7,2.854876748487579e-7,2.37729084407106e-9,1.452993520077184e-8,7.012300554351741e-8,1.8890853469695766e-9,1.0885400548588165e-8,1.6456560176913484e-8,8.697139301870846e-8,2.4749473418295115e-9,1.2081107427487081e-8,1.6864783923683658e-8,8.758831275909511e-8,2.460904522881665e-9,1.277084577667207e-8,1.586015551312951e-8,8.389365197000217e-8,2.282138383827428e-9,1.209690706739946e-8,1.643411001483551e-8,8.417940238454935e-8,2.491233022990511e-9,1.1526334646599634e-8,1.5956431045128697e-8,8.441967630350362e-8,2.2581046565595697e-9,1.1676792689242787e-8,1.588558015523606e-8,8.243497163392381e-8,2.39532299899734e-9,1.2209411965215112e-8,1.5765427157727722e-8,8.251594455915274e-8,2.3415668690704985e-9,1.1003082216804804e-8,1.445061076564478e-8,8.259003662146135e-8,2.0583234564345717e-9,1.183152623674163e-8,1.5989342690235894e-8,7.990007909065319e-8,1.9450360478200653e-9,1.2815766406802232e-8,1.501265391604582e-8,1.6518756115977173e-8,7.810758865438261e-8,2.3861961998184172e-9,1.2726285754403964e-8,6.384631408562292e-6
t47,7.79009033897869e-9,4.154940293999362e-8,1.404308387513443e-8,8.176562087638423e-8,2.0206617128297924e-7,1.5164337491723513e-9,8.754779905925674e-8,1.6265077917849447e-7,1.2059170330241629e-7,1.7951027096608536e-7,0.0,3.7950523305060845e-8,2.902715829411065e-9,6.622988085031178e-8,6.152427482783373e-8,2.230004655982292e-9,3.3803227250224734e-8,1.157540768257356e-7,2.8172571788340154e-8,9.609671369146506e-8,0.0,1.2166541804713436e-8,4.590483680593564e-7,1.6956593196585548e-7,3.0814508143585617e-7,1.2909995859905303e-7,1.3196559812485869e-8,3.158157090268208e-7,1.4523568638852487e-7,1.2868988215155123e-7,3.338379344712549e-8,2.3757500817236597e-7,1.5652585223735375e-7,0.0,6.083551890755335e-8,1.3105472335143682e-8,1.0112530273627674e-8,1.7076949520344432e-7,9.164931456791168e-8,2.460109029518834e-8,1.6927317676561701e-9,1.374915692435816e-9,1.1168576712889914e-8,7.275572670333387e-8,1.669552506592087e-8,3.876688486995677e-7,7.867614503343924e-8,1.2353656167978944e-7,2.76087207448831e-7,2.3533585771563145e-9,1.3842963226514234e-8,6.891445406384656e-8,1.8800294689958247e-9,1.0617893877678905e-8,1.493522303947456e-8,8.310721684134075e-8,2.427762508584337e-9,1.1258140937878338e-8,1.526098763441291e-8,8.383536646946468e-8,2.41481769109774e-9,1.1843493810146375e-8,1.4631225743308943e-8,8.070513428169645e-8,2.2504757689294445e-9,1.1417144094808057e-8,1.508991292129833e-8,8.091028268798383e-8,2.4507245203570214e-9,1.0899792241016113e-8,1.4687349073700858e-8,8.106459059681738e-8,2.2267065350520065e-9,1.1045525789352911e-8,1.4624284694970162e-8,7.937309578049163e-8,2.3594213962477257e-9,1.1471950171872179e-8,1.4497609153115747e-8,7.925191746587795e-8,2.308622891504251e-9,1.0449853574525807e-8,1.3449894213141378e-8,7.933787784630039e-8,2.0316453557541825e-9,1.11663152167e-8,1.4694035006560466e-8,7.690892604084396e-8,1.9211406181599344e-9,1.1965502283053325e-8,1.4330047709053813e-8,1.652259864504331e-8,7.746220937014834e-8,2.378170421830448e-9,1.2167980061771278e-8,5.991617048398936e-6
t48,7.723206034159276e-9,3.9870913923635764e-8,1.3512839172403336e-8,8.052165106408654e-8,1.9530289572537776e-7,1.4987248501409564e-9,7.683170516236682e-8,1.5702195701901239e-7,1.1419862618781314e-7,1.537168089176631e-7,0.0,3.7244313389716024e-8,2.8401249682075918e-9,6.045686913470316e-8,5.9241277773727996e-8,2.1659629961464012e-9,3.167194384089556e-8,9.983726112400216e-8,2.4728578356267167e-8,8.350317203454627e-8,0.0,1.0528085606738573e-8,4.2786790031056933e-7,1.6631081113959547e-7,3.042288331522589e-7,1.1276304249404115e-7,1.1918545004979442e-8,2.9824471684883804e-7,1.3623993735604222e-7,1.1536339471477387e-7,3.011865240156572e-8,2.2368265424050619e-7,1.4409308601014572e-7,0.0,5.423984798282388e-8,1.1788502445649041e-8,9.668088925612914e-9,1.583320340990679e-7,8.395107368863753e-8,2.4132001658795225e-8,1.6333617939253295e-9,1.339052769609111e-9,1.1163380838815736e-8,6.93767867555124e-8,1.599718826037069e-8,3.8191636729306575e-7,7.528935073456527e-8,1.2144879543395524e-7,2.6775156514247694e-7,2.3287977319520185e-9,1.319745275622853e-8,6.773120806102725e-8,1.8692665247998155e-9,1.0342765478899609e-8,1.366485879289771e-8,7.958391286947334e-8,2.38133413049218e-9,1.0556264352235265e-8,1.3927655027930154e-8,8.039346673871275e-8,2.368903905797725e-9,1.1056873533600621e-8,1.3574973124908121e-8,7.77347324326744e-8,2.2180422375046587e-9,1.081917473509447e-8,1.395001015751403e-8,7.787777140803147e-8,2.4099286572219528e-9,1.0348662831077254e-8,1.3601995432999423e-8,7.795396598891898e-8,2.194493074655326e-9,1.0488986753921687e-8,1.3536099446241237e-8,7.651259838216355e-8,2.322314569220043e-9,1.082927581876211e-8,1.3410339350051489e-8,7.622405554330092e-8,2.274994203548729e-9,9.956229072977126e-9,1.256851865467358e-8,7.631769591368234e-8,2.0036502497368448e-9,1.057693480313885e-8,1.3572724795445307e-8,7.412680682424401e-8,1.896326404473891e-9,1.1229348743054992e-8,1.3731913748115605e-8,1.6521143582435e-8,7.683848990598303e-8,2.368245084244796e-9,1.1684835876301051e-8,5.662353926488173e-6
t49,7.661579485710115e-9,3.825483138932784e-8,1.3013701349608925e-8,7.926547106499725e-8,1.8848683130275907e-7,1.4801201418452022e-9,6.849471739071726e-8,1.5183574044501432e-7,1.084521338199458e-7,1.3430454202250417e-7,0.0,3.656638905762843e-8,2.7778779894555426e-9,5.563447238386781e-8,5.7117868025665945e-8,2.1060066970026474e-9,2.982387181081732e-8,8.769433791709796e-8,2.2057066677897694e-8,7.381130744706275e-8,0.0,9.284319656870171e-9,4.0028698291450204e-7,1.6319177257029939e-7,3.0048312766666635e-7,1.0011808787493226e-7,1.086658112356842e-8,2.818828299060401e-7,1.2819777920607746e-7,1.0446612187488841e-7,2.7423469551438715e-8,2.1094021696771457e-7,1.3332956919744668e-7,0.0,4.875934333892673e-8,1.0696709998567614e-8,9.239470949852656e-9,1.4728074021234194e-7,7.72618937130251e-8,2.367114236275969e-8,1.5771737422485664e-9,1.3044451831539526e-9,1.1167072426721989e-8,6.635970893083076e-8,1.5355555402241116e-8,3.7629167543870396e-7,7.22717384038949e-8,1.1954439135918624e-7,2.602122435085797e-7,2.3052915005034818e-9,1.2589391717717555e-8,6.656094364150943e-8,1.8576900937720768e-9,1.0059699210414886e-8,1.2598945217333373e-8,7.636277261843425e-8,2.337453846198124e-9,9.943363085611971e-9,1.281069593066285e-8,7.723337269179965e-8,2.3255210676363492e-9,1.037190322259707e-8,1.2651966978351182e-8,7.496212178816287e-8,2.1864534101715164e-9,1.0271232290206331e-8,1.2971417268278583e-8,7.507201458639286e-8,2.3711267593381785e-9,9.858096396895299e-9,1.2657183348297171e-8,7.5053837912854e-8,2.1628314810538815e-9,9.977578915129883e-9,1.2582841740799003e-8,7.383628070407128e-8,2.2858155412464523e-9,1.0253409481241556e-8,1.2460589658394708e-8,7.338740789584848e-8,2.24262438514449e-9,9.499416459265759e-9,1.1773533175770614e-8,7.348512648163093e-8,1.9760995312302575e-9,1.0032785522179494e-8,1.2566782023259876e-8,7.15222279212926e-8,1.8721602831798393e-9,1.056977763483196e-8,1.3209508364900613e-8,1.6603106956465373e-8,7.624512406452506e-8,2.35863390216159e-9,1.126604727309443e-8,5.377885233880264e-6
t50,7.579498317564196e-9,3.669028559658615e-8,1.252474866731002e-8,7.79520301260237e-8,1.8138559376335587e-7,1.4589685892579291e-9,6.216167410918811e-8,1.4723096057945774e-7,1.0342136787101376e-7,1.197795861653953e-7,0.0,3.592755904870645e-8,2.716384388391532e-9,5.1589983780501876e-8,5.511007407803174e-8,2.0435273676789973e-9,2.814172560260839e-8,7.796095601047329e-8,1.962959980886743e-8,6.605195341547746e-8,0.0,8.30891520196286e-9,3.753832071080676e-7,1.6013562161831873e-7,2.967666580990809e-7,9.005294417496122e-8,9.913419991938843e-9,2.658707266882294e-7,1.2089850691489483e-7,9.547891634566886e-8,2.5214125627659534e-8,1.9888614650253615e-7,1.238499443127952e-7,0.0,4.440578650583663e-8,9.83455534075808e-9,8.8456645742946e-9,1.3785827264546128e-7,7.168327069254469e-8,2.3233286469952877e-8,1.526151624759273e-9,1.2730388897882227e-9,1.1357621162530904e-8,6.438935459449662e-8,1.501794153228777e-8,3.7277270027811085e-7,7.039135601317094e-8,1.1859158562297133e-7,2.5551658572697016e-7,2.3006676521685153e-9,1.2027131707406312e-8,6.537486061220939e-8,1.8475634304316395e-9,9.771002025765732e-9,1.1798186703769243e-8,7.348566276416043e-8,2.300670519136841e-9,9.438292890706387e-9,1.1969682398756382e-8,7.439882665547166e-8,2.2872681824726826e-9,9.80330938159255e-9,1.1869710337603442e-8,7.235896737736736e-8,2.1560561389766265e-9,9.75455777787274e-9,1.2148460491748123e-8,7.24229728372635e-8,2.333933081522942e-9,9.389113087052485e-9,1.1855443367857383e-8,7.233475098778421e-8,2.1325071903561834e-9,9.49272902562221e-9,1.176661035066948e-8,7.132339704147745e-8,2.250503524005949e-9,9.732723210983871e-9,1.1647730997103632e-8,7.070537574695298e-8,2.2113147968841874e-9,9.072080883816737e-9,1.1097524063426386e-8,7.081636973617877e-8,1.950364539592925e-9,9.531908596240583e-9,1.1755535524675974e-8,6.92077030879542e-8,1.853614829247249e-9,1.0005083129760838e-8,1.2884043894998271e-8,1.7050240171967793e-8,7.58264136499891e-8,2.3599833973070707e-9,1.102578575199565e-8,5.135939415096241e-6
t51,7.619439329115652e-9,3.6822797029132186e-8,1.2698653305703718e-8,7.807748154374226e-8,1.8200241225900711e-7,1.4677040511875589e-9,6.067220147912206e-8,1.4580083567733949e-7,1.0435399069211836e-7,1.1610890429182464e-7,0.0,3.5705360659245184e-8,2.7062396707507263e-9,5.136720831927025e-8,5.4525058577181424e-8,2.0275826806336477e-9,2.7798187061498594e-8,7.556179622048291e-8,1.9417280141582948e-8,6.419052821365226e-8,0.0,8.17662737261054e-9,3.687278684761168e-7,1.590797293240282e-7,2.9558711839921636e-7,8.810541401951743e-8,9.911898621097245e-9,2.652369950560399e-7,1.1923390636989119e-7,9.354468217217441e-8,2.5249905388209398e-8,1.9723708591300535e-7,1.216084326693947e-7,0.0,4.3758221718236044e-8,9.887187371172686e-9,8.803748846001282e-9,1.3667777925104645e-7,7.109583261037138e-8,2.3158358471526536e-8,1.5225326617246831e-9,1.2706153917801785e-9,1.156281448898296e-8,6.26265045280027e-8,1.4742394543525464e-8,3.6946378547830753e-7,6.871559155123655e-8,1.1769981597839176e-7,2.511113661172389e-7,2.29772138514242e-9,1.2337573266209798e-8,6.554089509660183e-8,1.8550628144064992e-9,9.860373531872806e-9,1.1923305962204029e-8,7.272059929416333e-8,2.288660122349476e-9,9.360566367890937e-9,1.2096042199673566e-8,7.356424977735846e-8,2.2723711552854658e-9,9.711216680747123e-9,1.1978857057000262e-8,7.165890875683043e-8,2.1438694048904173e-9,9.661988739067344e-9,1.2278083293927e-8,7.172398441779624e-8,2.3196466655094604e-9,9.32106708308258e-9,1.1958768630472297e-8,7.167141971383782e-8,2.1204838315917755e-9,9.415765963853125e-9,1.1859022501752047e-8,7.074004392677449e-8,2.2383356936229344e-9,9.661264133790265e-9,1.1739257422633663e-8,7.024769745567537e-8,2.20159158701969e-9,9.018059815356374e-9,1.1171370996834736e-8,7.036061928221792e-8,1.9409289691295884e-9,9.45037339187231e-9,1.1971277333328175e-8,6.890927570687868e-8,1.8516658456343773e-9,9.98907443444171e-9,1.259423497883089e-8,1.755209206516288e-8,7.542752948894732e-8,2.361764199923465e-9,1.0832511152792973e-8,5.086919345585823e-6
t52,7.657153625133995e-9,3.704538380709293e-8,1.29133635865582e-8,7.83482769309694e-8,1.8293606755027964e-7,1.479528306849007e-9,5.960763980671652e-8,1.447650765603276e-7,1.0610398611944862e-7,1.133840953293114e-7,0.0,3.5549598413505426e-8,2.7109655022626827e-9,5.13910641243958e-8,5.4135769717471845e-8,2.0207875750908787e-9,2.7559484562879785e-8,7.372446788555837e-8,1.93487025958298e-8,6.284592333081175e-8,0.0,8.153481500436991e-9,3.6358767847837407e-7,1.583596002735644e-7,2.9487709756487823e-7,8.689396049073006e-8,9.969082797449458e-9,2.654306451245088e-7,1.1815286195510773e-7,9.22239845232989e-8,2.541296196169836e-8,1.961653711041399e-7,1.1998778667346475e-7,0.0,4.2759142592863736e-8,9.917942632452044e-9,8.706627724314963e-9,1.3481411121871384e-7,7.003194826151184e-8,2.3054908914771526e-8,1.5155174162708934e-9,1.2667373088666655e-9,1.1773969160294158e-8,6.098309621423451e-8,1.451477357148286e-8,3.662530588716795e-7,6.715602920421454e-8,1.1676105702569447e-7,2.4669104041565363e-7,2.2958668879476307e-9,1.274849680499265e-8,6.588914267561252e-8,1.8654966638695855e-9,9.933547294928113e-9,1.215075149677858e-8,7.217490285722132e-8,2.2800432408731333e-9,9.293148444667763e-9,1.2320782061161238e-8,7.297748423184974e-8,2.264633133796217e-9,9.626249614735918e-9,1.2181385835565405e-8,7.118704884117228e-8,2.1377055380505674e-9,9.569749358823657e-9,1.2511204742168047e-8,7.124698220926488e-8,2.313302119847485e-9,9.252638724675265e-9,1.2156886918471962e-8,7.122805297895718e-8,2.1147798911693577e-9,9.336745884836368e-9,1.2069548804960835e-8,7.040775851676726e-8,2.2332464455074225e-9,9.622904672973375e-9,1.1951215624530473e-8,7.000084335707881e-8,2.1956655902910585e-9,8.97858861257131e-9,1.132871959662773e-8,7.010918702228214e-8,1.9339166727040445e-9,9.373713806788426e-9,1.2130142751643975e-8,6.858502335957509e-8,1.848823633549526e-9,9.919546346429886e-9,1.2319669339262976e-8,1.8085529374393866e-8,7.504431864296509e-8,2.3635177260822556e-9,1.0672503056000208e-8,5.051173219715587e-6
t53,7.686210187169306e-9,3.7155565574155634e-8,1.3113042801378832e-8,7.858236944976748e-8,1.8322670132349075e-7,1.486883856185337e-9,5.837785290875288e-8,1.4373897825303078e-7,1.0782819807075415e-7,1.1015465867576361e-7,0.0,3.537252892180305e-8,2.7183658931516227e-9,5.133782552106336e-8,5.374343607574212e-8,2.0053622748480656e-9,2.731339536936805e-8,7.122006643180292e-8,1.926453298374007e-8,6.113259733551108e-8,0.0,8.119313830685829e-9,3.5724877542976996e-7,1.5761898737051588e-7,2.9416470181760526e-7,8.548273372055023e-8,1.0018313739713833e-8,2.639660556328173e-7,1.1692810449906299e-7,9.072040072221513e-8,2.5561760856393863e-8,1.9417702251964381e-7,1.1810521587293218e-7,0.0,4.200217980441535e-8,1.0016471830262747e-8,8.627073785076413e-9,1.3376229555596325e-7,6.938620820662776e-8,2.2994895441994294e-8,1.5135099523257356e-9,1.2653954852035427e-9,1.1981251964237896e-8,5.935395009164339e-8,1.4301240983255195e-8,3.6301601543431554e-7,6.561379080402857e-8,1.1562172690075719e-7,2.4197858700058716e-7,2.292374748975609e-9,1.3181720129383696e-8,6.621497149355902e-8,1.870370406804411e-9,9.972421524242252e-9,1.235897961770067e-8,7.160515473712664e-8,2.26520612647229e-9,9.177682114986991e-9,1.2529987597566658e-8,7.238872579017842e-8,2.2504433428289096e-9,9.48162049744999e-9,1.236727482420174e-8,7.070799763477192e-8,2.1252595630459332e-9,9.419866474534495e-9,1.2735301818045701e-8,7.075438618559095e-8,2.300418469611e-9,9.131031631351183e-9,1.2337671389083001e-8,7.076201293938193e-8,2.1024732387683963e-9,9.200012675831924e-9,1.2259044569262251e-8,7.007525735783523e-8,2.2243921032757124e-9,9.544235369190301e-9,1.2146836241372373e-8,6.969144544004238e-8,2.18502156073401e-9,8.89920825120246e-9,1.146456177776623e-8,6.98022946708169e-8,1.9226907738086254e-9,9.251727838099213e-9,1.2453349714248606e-8,6.858089382195691e-8,1.8475463384474952e-9,9.886446269939102e-9,1.2040028284939054e-8,1.8638563568062893e-8,7.465856814847823e-8,2.363691443480594e-9,1.0512407931859127e-8,5.008986127606391e-6
t54,7.71704243452696e-9,3.720952860402458e-8,1.3295588835453456e-8,7.883887691285923e-8,1.8311288150855845e-7,1.4880545215375481e-9,5.7041908071268e-8,1.4276225792775786e-7,1.094977000178618e-7,1.0666835582801116e-7,0.0,3.51724160613312e-8,2.729551978942952e-9,5.124149021086796e-8,5.3362144402895004e-8,1.9793861589436527e-9,2.7067402477892934e-8,6.834627021577818e-8,1.9246786424971664e-8,5.9259592865945345e-8,0.0,8.081934228077506e-9,3.4992498476236234e-7,1.5679429680472493e-7,2.933453747764594e-7,8.397610180958477e-8,1.0066998664602116e-8,2.6084521725753843e-7,1.1560562100695945e-7,8.921601935891782e-8,2.5736716436441283e-8,1.9151816105186627e-7,1.1615131341557667e-7,0.0,4.1180411398389087e-8,1.0122011770050272e-8,8.519350274901012e-9,1.3235173128198748e-7,6.851394845837924e-8,2.2933859011141733e-8,1.5109276092616888e-9,1.263657032640089e-9,1.2199151766691671e-8,5.7751579759696136e-8,1.4110441828641182e-8,3.598151624449795e-7,6.412661387605087e-8,1.141995646556112e-7,2.3686699357914586e-7,2.289042588656464e-9,1.3648344101600905e-8,6.652177202621679e-8,1.869670731192859e-9,1.0010363862600481e-8,1.2569491000944995e-8,7.098625206450495e-8,2.244602832771883e-9,9.063191868795066e-9,1.2754182843491325e-8,7.177624988437845e-8,2.230089709856342e-9,9.310663058072896e-9,1.2563980376321152e-8,7.020755608844965e-8,2.1069248527495623e-9,9.264548262735287e-9,1.2976173875881393e-8,7.021790199647329e-8,2.2807146372962796e-9,8.990299356321761e-9,1.252792652499421e-8,7.025845141647169e-8,2.0840174134818256e-9,9.07003486762622e-9,1.2451136720893074e-8,6.972944549546134e-8,2.209076400600897e-9,9.436645183318465e-9,1.2343816173785825e-8,6.930413366321405e-8,2.1659965897832742e-9,8.84765201586212e-9,1.1607086436381996e-8,6.943792391125741e-8,1.9083670610394813e-9,9.170707531509173e-9,1.2801107821502636e-8,6.854744730386005e-8,1.848176094634722e-9,9.823358062853802e-9,1.1758187917034372e-8,1.9252321607630936e-8,7.424329461252468e-8,2.3656903545185506e-9,1.0355723202466849e-8,4.960195120182125e-6
t55,7.737521291200925e-9,3.7232819435396314e-8,1.3428199064901557e-8,7.911831244308685e-8,1.8293780111914788e-7,1.4885737439193371e-9,5.567392117132025e-8,1.41735535667708e-7,1.1117376037346124e-7,1.0312158406279947e-7,0.0,3.499476270263196e-8,2.764936314075907e-9,5.1091950297690215e-8,5.307651605260061e-8,1.9505793665526305e-9,2.680071272612508e-8,6.346824458544767e-8,1.9404357836176878e-8,5.7278781479425405e-8,0.0,8.042962702565356e-9,3.4189565981884527e-7,1.5591402151594214e-7,2.9248054821913797e-7,8.238696259449001e-8,1.0117831274816072e-8,2.56137381144731e-7,1.1421297127271453e-7,8.778459505390301e-8,2.588951163366232e-8,1.8848215754500426e-7,1.1430721978591843e-7,0.0,3.995258328295989e-8,1.0156182539960677e-8,8.340833156375029e-9,1.2968363466526736e-7,6.686486398276356e-8,2.28255967649147e-8,1.5008748423092087e-9,1.2569744280675017e-9,1.2397025105907181e-8,5.608516914763468e-8,1.3878334514916109e-8,3.564701976571511e-7,6.250513714012593e-8,1.1228532576213054e-7,2.310846813974656e-7,2.279988092528021e-9,1.4141362393590441e-8,6.684300639881066e-8,1.865926593454561e-9,1.0040604119762718e-8,1.2734640353804066e-8,7.036681622311669e-8,2.2281532781773027e-9,9.72726765255051e-9,1.2952670454024755e-8,7.118476244501631e-8,2.2176729237473826e-9,1.0057832393928757e-8,1.2722054040980472e-8,6.971777236789261e-8,2.094715197919142e-9,1.0036187493548559e-8,1.3191492093200906e-8,6.967744131037705e-8,2.2676532013247677e-9,9.716975555165422e-9,1.2675144894705722e-8,6.975524681149944e-8,2.069909122116397e-9,9.812427689066576e-9,1.2605021736785517e-8,6.941096174604437e-8,2.1875768139571014e-9,9.293497759462251e-9,1.251395783493677e-8,6.888530508983677e-8,2.1479586362763495e-9,9.688479383206436e-9,1.1724101457657128e-8,6.905294902075992e-8,1.8957943059369055e-9,9.959258104881781e-9,1.297449001133905e-8,6.818753630403547e-8,1.8446764475278516e-9,9.674077297430311e-9,1.1453879840568798e-8,1.9886933455451452e-8,7.381808603215651e-8,2.3613384358026144e-9,1.015633682082474e-8,4.907518046318536e-6
t56,7.61483307274126e-9,3.588379107757879e-8,1.3727841329895859e-8,7.777129000202083e-8,1.7557697051195315e-7,1.4614517273126714e-9,5.245825714320929e-8,1.3885535126300162e-7,1.0884404104291211e-7,9.526221414181541e-8,0.0,3.453899854612303e-8,2.517903594219581e-9,4.9323837789307066e-8,5.1385532291785934e-8,1.895285287552129e-9,2.5822515576544576e-8,6.14373716122355e-8,1.772036760685376e-8,5.339783000147879e-8,0.0,7.608163063083232e-9,3.2475649051118044e-7,1.5420052281586905e-7,2.9048982809412364e-7,7.758241847545164e-8,9.633303086345015e-9,2.409553434728916e-7,1.0912030065752565e-7,8.324787686340713e-8,2.5049062693454126e-8,1.7820373720867895e-7,1.0812494914469113e-7,0.0,3.8066122311794936e-8,1.0029722992918744e-8,8.05791423569395e-9,1.2491216215216325e-7,6.396449560955347e-8,2.263010066273395e-8,1.4795992157024553e-9,1.2439759779211232e-9,1.2577354930529248e-8,5.429974266635705e-8,1.3582455737276861e-8,3.5289540500613463e-7,6.070140864786748e-8,1.0971493564184558e-7,2.242897381038476e-7,2.268583117901979e-9,1.3718671004785577e-8,6.58839464625232e-8,1.8685916281631595e-9,9.405081553102911e-9,1.2296345146463985e-8,6.83316796142904e-8,2.210605979846365e-9,8.474224148497572e-9,1.2443148952233275e-8,6.928009836813364e-8,2.1980792086111045e-9,8.72132484038753e-9,1.2269295042640003e-8,6.800376134166385e-8,2.0848012912690918e-9,8.71287804374995e-9,1.2748595126521433e-8,6.785112435695628e-8,2.2582297439591594e-9,8.467541017540993e-9,1.2220596903081851e-8,6.79446432635453e-8,2.0665008797022634e-9,8.543442955264231e-9,1.2141153639080448e-8,6.779834425862767e-8,2.183579192955622e-9,8.817618397246176e-9,1.2038927750123257e-8,6.691362694115377e-8,2.1568353958324498e-9,8.211455802399027e-9,1.1253938901475892e-8,6.716632193076167e-8,1.8975393862424527e-9,8.568823511211633e-9,1.2793249390425078e-8,6.727859000799735e-8,1.8370805420903267e-9,9.38330100156036e-9,1.1109138203099419e-8,2.051725772240451e-8,7.337355253757767e-8,2.3545311381792355e-9,9.88019630879932e-9,4.740859665547662e-6
t57,7.576418387180134e-9,3.489260711445792e-8,1.3579399219078124e-8,7.708549187575937e-8,1.6943607654907237e-7,1.4229970236362817e-9,4.949784034951397e-8,1.3639178967599306e-7,1.0650505576392435e-7,8.850973595403697e-8,0.0,3.41662700112465e-8,2.4840284597637985e-9,4.77199690071674e-8,5.050227227562332e-8,1.834014281292498e-9,2.5033228267238776e-8,5.6340083571932287e-8,1.7041398195913617e-8,4.9675930312276634e-8,0.0,7.2252759381380774e-9,3.084422967623982e-7,1.523090786870071e-7,2.882697221524383e-7,7.315099518763512e-8,9.310555401463208e-9,2.240404363399116e-7,1.0486509247301915e-7,7.913169418710338e-8,2.431822451282388e-8,1.6801618029827075e-7,1.0276988962412154e-7,0.0,3.676692494658831e-8,1.0059323369542846e-8,7.842285799383625e-9,1.2162968743774235e-7,6.184137854909202e-8,2.2508040764050335e-8,1.4660470890454743e-9,1.2374474452589284e-9,1.2701656818635881e-8,5.244405472052649e-8,1.3255606583066868e-8,3.4902407631021327e-7,5.8729524017028186e-8,1.0635691497881512e-7,2.1636913368924244e-7,2.2454407111000064e-9,1.3594933877877105e-8,6.531834152208912e-8,1.8358757938426102e-9,9.261473989568835e-9,1.1866126748960773e-8,6.657244402743458e-8,2.1999884868896413e-9,8.01145989064794e-9,1.2000078083291913e-8,6.764317682667522e-8,2.1971475121804724e-9,8.216901036413476e-9,1.1830685380688606e-8,6.651604762341286e-8,2.082300324031737e-9,8.222477835295872e-9,1.2329082819090442e-8,6.62643163829492e-8,2.2588655443447877e-9,8.020786975649787e-9,1.1760929786888116e-8,6.63672630073164e-8,2.0585290310389326e-9,8.072523025916224e-9,1.167657752216938e-8,6.642468610839863e-8,2.1730249998073512e-9,8.400939771746726e-9,1.1601067485979026e-8,6.520465653815061e-8,2.141913119804003e-9,7.838889584181787e-9,1.0879144047952478e-8,6.554553720775942e-8,1.8903902109159073e-9,8.11449837118943e-9,1.2943744236878007e-8,6.691720537293354e-8,1.8286222347540697e-9,9.1806896745649e-9,1.075173339191106e-8,2.118114508034871e-8,7.292136778037234e-8,2.339468173536011e-9,9.585939541976448e-9,4.590064587076594e-6
t58,7.648974565028494e-9,3.482105775557005e-8,1.386772384785505e-8,7.744433392934822e-8,1.6712544651416722e-7,1.43822634477427e-9,4.811701638777231e-8,1.352635691115221e-7,1.0827034398746168e-7,8.56944953172441e-8,0.0,3.379014433472173e-8,2.449070373451948e-9,4.7907718432187924e-8,4.9991391475730056e-8,1.8419350073218355e-9,2.47742289370665e-8,5.423639405619623e-8,1.703157820723593e-8,4.759373945177706e-8,0.0,7.196166711049349e-9,3.0053044832376907e-7,1.513682401917237e-7,2.8753958543184887e-7,7.20938213461532e-8,9.418310841254947e-9,2.1339322682900005e-7,1.0286003519711286e-7,7.840354546931124e-8,2.4574236149240718e-8,1.61946291957989e-7,1.0025127899677334e-7,0.0,3.60860138581079e-8,1.0257300527079716e-8,7.703605446139207e-9,1.198255424414658e-7,6.043306163482495e-8,2.2517946315622058e-8,1.4985077925737877e-9,1.257673921828645e-9,1.2806549754717748e-8,5.0559614828498033e-8,1.2906282291847459e-8,3.4532099692881e-7,5.673799368850767e-8,1.0217648812582318e-7,2.072993994300391e-7,2.270661873637255e-9,1.4097327412183203e-8,6.545923833646451e-8,1.863611882829311e-9,9.17143581681188e-9,1.2283474296031818e-8,6.60781448556651e-8,2.188776794547763e-9,8.155039301555551e-9,1.244411969624007e-8,6.731744751322016e-8,2.161471603731324e-9,8.385526139448297e-9,1.2263428838653771e-8,6.618014553718827e-8,2.056470208283058e-9,8.380662471907265e-9,1.2821108941819346e-8,6.589446210033998e-8,2.213699175965176e-9,8.15091464673805e-9,1.2187450445257834e-8,6.594460050737985e-8,2.0353099380727955e-9,8.20074777039405e-9,1.2079398887592185e-8,6.620589492732097e-8,2.157036722389088e-9,8.365525013103233e-9,1.1957126619797221e-8,6.467855962258427e-8,2.124629288153144e-9,7.94433361686415e-9,1.1167249156186915e-8,6.522325537322036e-8,1.8754557869867606e-9,8.32036871543262e-9,1.3462600217083024e-8,6.715313902549186e-8,1.8400253796474767e-9,8.97107189706943e-9,1.0330920379368413e-8,2.1810711334280497e-8,7.232882746368554e-8,2.356696380678266e-9,9.192427687005503e-9,4.524020082065853e-6
t59,8.139051738167904e-9,3.932440398641414e-8,1.547508889821004e-8,8.197199901268114e-8,1.8493452214878776e-7,1.5122402781980585e-9,5.457783391936721e-8,1.428770073180018e-7,1.1709694407794129e-7,9.772405463208904e-8,0.0,3.490187513886037e-8,2.5486327590992876e-9,5.4384846086138484e-8,5.338672606979657e-8,1.9328469397078407e-9,2.7314731961410817e-8,6.169627471361034e-8,1.9698248477974923e-8,5.464933279600802e-8,0.0,8.334536719528916e-9,3.2889252614774524e-7,1.5666418522378853e-7,2.9463345342774313e-7,8.26746808270833e-8,1.0818122900071004e-8,2.343030202789048e-7,1.1333106744556548e-7,8.946735037704221e-8,2.8539933355471618e-8,1.7750380591305234e-7,1.1196220743742202e-7,0.0,4.115463175943618e-8,1.1953056635834258e-8,8.257869504100515e-9,1.3304210002033416e-7,6.778537183165344e-8,2.336573119287125e-8,1.5869929509343107e-9,1.3146628133561675e-9,1.4620076469975436e-8,5.6157485610323234e-8,1.4798937659734612e-8,3.693714572756981e-7,6.244977036541056e-8,1.0783348785748689e-7,2.2364416465705513e-7,2.4310272504853937e-9,1.5426485079958343e-8,6.938944265936159e-8,1.9013283166354317e-9,1.0006144245780526e-8,1.345554141393941e-8,7.014394770895934e-8,2.2611821007027223e-9,8.822180109667302e-9,1.3668279720280386e-8,7.169397315955671e-8,2.2427860508123206e-9,9.08519825253302e-9,1.3419484792692567e-8,7.050654132240098e-8,2.1253573415147314e-9,9.044491666084873e-9,1.4115323074245326e-8,7.001582165888494e-8,2.299224239213172e-9,8.780288100316219e-9,1.3358899939033098e-8,7.022929189353422e-8,2.1009384307919285e-9,8.858135121119836e-9,1.3250757341803863e-8,7.077466842841093e-8,2.230152513724851e-9,9.113884183303001e-9,1.314270183618083e-8,6.876977125417289e-8,2.193172585249831e-9,8.57123093308432e-9,1.2133267238133474e-8,6.94675411826961e-8,1.9343544332780904e-9,9.02484666585551e-9,1.4862721699531678e-8,7.184852061032074e-8,1.878738357885433e-9,9.872852056242515e-9,1.1306641560590076e-8,2.474297196105866e-8,7.71497737990151e-8,2.417179562884007e-9,1.0037368461705506e-8,4.90871177792372e-6
t60,8.6351724066331e-9,4.4458347193368154e-8,1.7358688945729276e-8,8.658338635980169e-8,2.036798203774086e-7,1.599092400081877e-9,6.25123268826874e-8,1.5115391429141283e-7,1.2733815694266904e-7,1.1295085114073084e-7,0.0,3.6026832668174094e-8,2.669152107181353e-9,6.293707103879274e-8,5.7215140498384384e-8,2.040597792542633e-9,3.036348972692385e-8,7.145129424751359e-8,2.3283829098372253e-8,6.38813195739015e-8,0.0,9.885599708695008e-9,3.6284312677229917e-7,1.6226322244480118e-7,3.0226865509231607e-7,9.696212998429683e-8,1.2717530206530253e-8,2.567741682585771e-7,1.2611957649482325e-7,1.0460798902590345e-7,3.415537292059727e-8,1.9557907873073201e-7,1.2696102842256726e-7,0.0,4.75032944979708e-8,1.426998366720344e-8,8.849925907642725e-9,1.4848761088741512e-7,7.644624421997467e-8,2.4255822357698508e-8,1.6886110475520408e-9,1.3785815685628624e-9,1.6914634634476113e-8,6.223669466957999e-8,1.7070850574993582e-8,3.94396804901773e-7,6.855665162815719e-8,1.1234998773480982e-7,2.3874956558024997e-7,2.6096899652236805e-9,1.6916643868216908e-8,7.332277346823605e-8,1.9458089665576743e-9,1.084200498693936e-8,1.478418665382337e-8,7.463493542891212e-8,2.3313949504328794e-9,9.543428606753881e-9,1.5074014954988806e-8,7.662753521398968e-8,2.3191236330743276e-9,9.861276742334644e-9,1.4776274249821281e-8,7.543381222843931e-8,2.19282901983285e-9,9.813967417215955e-9,1.5662477779020405e-8,7.466404273754194e-8,2.382553113840187e-9,9.490539425289701e-9,1.4739082124581631e-8,7.509697999107626e-8,2.168043245719571e-9,9.615573125314132e-9,1.4643444225825864e-8,7.602881541910869e-8,2.305112729584456e-9,9.963076701443067e-9,1.456277280158067e-8,7.334384563955235e-8,2.2637359875323635e-9,9.27111832961981e-9,1.3245311601941915e-8,7.431467258050384e-8,1.990729416940562e-9,9.85827141983492e-9,1.6544012804608683e-8,7.720590353047673e-8,1.9236294801433397e-9,1.0895691386543943e-8,1.2338839283025953e-8,2.8405705834595395e-8,8.25405111438828e-8,2.481479275373006e-9,1.0855904904593676e-8,5.352262802026397e-6
t61,9.176628660704144e-9,5.112521304245803e-8,1.978428933481595e-8,9.171399997403334e-8,2.2640482574440466e-7,1.7055964289888137e-9,7.287308030394212e-8,1.6035811061436267e-7,1.394067994864595e-7,1.3342714370743142e-7,0.0,3.7173196677530545e-8,2.7962314922915548e-9,7.455849271361389e-8,6.152944420588478e-8,2.1600025782056123e-9,3.409446257244747e-8,8.460826991865647e-8,2.8372989555356707e-8,7.64423891320902e-8,0.0,1.2117198561161621e-8,4.0448055942417e-7,1.6822371053757228e-7,3.1035863801314496e-7,1.1702695761348669e-7,1.5401367816211822e-8,2.8120976505655984e-7,1.4176084719025897e-7,1.2598436723371763e-7,4.256062062479614e-8,2.167581424661788e-7,1.4641932601922034e-7,0.0,5.604916135350877e-8,1.7704907822655712e-8,9.518619371989277e-9,1.6752257342482987e-7,8.730336494948242e-8,2.5204374794536263e-8,1.8056387444334128e-9,1.450498124992404e-9,2.0050382035130483e-8,6.969380784410089e-8,2.0136499275952603e-8,4.2263904652565384e-7,7.582208386864142e-8,1.1665107877297988e-7,2.548875817987346e-7,2.811033687662619e-9,1.8689691170872252e-8,7.770931627020923e-8,1.999002995252283e-9,1.1801534638571959e-8,1.6381979150865714e-8,7.967940114207662e-8,2.400992142579455e-9,1.0366716987930777e-8,1.6793556458167538e-8,8.225324417363013e-8,2.389702607188465e-9,1.0772065902164801e-8,1.642912738680492e-8,8.107166209382607e-8,2.255988685803381e-9,1.0710223124934881e-8,1.7575259194224258e-8,7.992493570265097e-8,2.45919351383635e-9,1.0299779000354434e-8,1.6433207780018224e-8,8.064021453681745e-8,2.2326800038053842e-9,1.0499069021131218e-8,1.6348472847955065e-8,8.20974298790505e-8,2.382636481086682e-9,1.0943231370115032e-8,1.629963668857857e-8,7.849446763612124e-8,2.3354292101218814e-9,1.0059392263665786e-8,1.4565397823594289e-8,7.986579937053984e-8,2.0477750329245034e-9,1.0846978388668402e-8,1.8628064838541985e-8,8.340531701317971e-8,1.973104668386657e-9,1.2106872978890767e-8,1.3559912157451276e-8,3.3323035040128875e-8,8.87451001805406e-8,2.550452344021681e-9,1.1760476130722454e-8,5.8933708451234426e-6
t62,9.773317288120698e-9,6.034277945378042e-8,2.3031855131756644e-8,9.746569786607989e-8,2.5514471764752864e-7,1.8229901909656243e-9,8.731641764497061e-8,1.7071761635604005e-7,1.5393935838749395e-7,1.6282105571081275e-7,0.0,3.8384229963105483e-8,2.929917386792786e-9,9.131295225039297e-8,6.649645507678891e-8,2.2981912403046126e-9,3.8788405030418366e-8,1.0357106134390112e-7,3.624561196799791e-8,9.471689424261338e-8,0.0,1.5606858287401068e-8,4.5701853543958885e-7,1.7444855649929594e-7,3.187607351892173e-7,1.4734144250539135e-7,1.950501754553024e-8,3.092191995703329e-7,1.6138933940557944e-7,1.5874191326451053e-7,5.668395374409376e-8,2.4327078884112683e-7,1.7331965842120598e-7,0.0,6.89685219376391e-8,2.3476234562387965e-8,1.0322558756318601e-8,1.9266029534181212e-7,1.0220986170389827e-7,2.624160024116797e-8,1.942486113142973e-9,1.532245444598973e-9,2.4703850038098688e-8,7.944221564661917e-8,2.4629890981444365e-8,4.5560472454988856e-7,8.506730274381046e-8,1.213469801674213e-7,2.7374579177357307e-7,3.051041310434713e-9,2.094207428286962e-8,8.262104082681628e-8,2.0504468516357384e-9,1.2966724891228075e-8,1.8410277718156957e-8,8.539872134076489e-8,2.476730003846012e-9,1.1353847802512248e-8,1.9000896843954392e-8,8.872594892002389e-8,2.4645535833460845e-9,1.1880922471574076e-8,1.852457354972032e-8,8.752254254473473e-8,2.3226566152307423e-9,1.1782724635468873e-8,2.0048022918569703e-8,8.590056061078899e-8,2.539514441100335e-9,1.1254684716553415e-8,1.8589339904671912e-8,8.697186619295357e-8,2.299648208946044e-9,1.1553960516190055e-8,1.8522345892414223e-8,8.912088013205749e-8,2.4609841425060083e-9,1.210537807240426e-8,1.8528878053082646e-8,8.432959471028537e-8,2.4100916537911412e-9,1.0986337652267862e-8,1.6229301126772267e-8,8.629867480138136e-8,2.106826989910888e-9,1.2084697401765379e-8,2.137477387440793e-8,9.06743333349757e-8,2.030052438773261e-9,1.3641368829489622e-8,1.5087779299757464e-8,4.044989298291309e-8,9.595638015210755e-8,2.6312435291486218e-9,1.2860036510042443e-8,6.594863256177307e-6
t63,1.0443349560111774e-8,7.397450597155611e-8,2.763653416818963e-8,1.0405514818077383e-7,2.94015208766633e-7,1.9563272728710397e-9,1.0923789592126308e-7,1.8253416950578708e-7,1.718596036562481e-7,2.0950447041834638e-7,0.0,3.9681681908921626e-8,3.0720845970327756e-9,1.1811608283254392e-7,7.232260090675599e-8,2.4623754291674308e-9,4.4973148815364e-8,1.3385283753730912e-7,5.022597281410352e-8,1.2495262242436168e-7,0.0,2.1973770622919992e-8,5.266975206847589e-7,1.8114608587693992e-7,3.27648018495151e-7,1.9976913002483994e-7,2.6657334106135897e-8,3.451894821474362e-7,1.8741942868492422e-7,2.1564291841028994e-7,8.532357021634323e-8,2.7944800038841673e-7,2.1388701635403613e-7,0.0,9.10230581795259e-8,3.517396263373733e-8,1.1321724280180182e-8,2.2820314606069525e-7,1.2444987668705662e-7,2.737095977855388e-8,2.102191057898178e-9,1.6241843729422253e-9,3.226194593288899e-8,9.290631254806554e-8,3.167619374898176e-8,4.948327449182723e-7,9.727778973001995e-8,1.2700758522973397e-7,2.974066157715247e-7,3.332043334373115e-9,2.3823826957915158e-8,8.820786448348212e-8,2.1007738408056062e-9,1.4421073466297796e-8,2.1024777337749957e-8,9.201468450955546e-8,2.557154523543582e-9,1.2561995540330252e-8,2.1877740928682293e-8,9.631793620429099e-8,2.544221878730309e-9,1.3255158396469387e-8,2.1223239390435755e-8,9.506944982586934e-8,2.3927130673559775e-9,1.3090382266688377e-8,2.3322015133361844e-8,9.283166489008001e-8,2.6247178356324408e-9,1.2408936333674404e-8,2.139162457387904e-8,9.436809167588303e-8,2.3697866238640772e-9,1.2846545203698996e-8,2.1360588107340964e-8,9.743528625322647e-8,2.544177381357421e-9,1.3545565485666257e-8,2.145929089686429e-8,9.109824887092311e-8,2.488901671153202e-9,1.210259904659469e-8,1.834125174676044e-8,9.392644742934968e-8,2.169341463541645e-9,1.3676749788558187e-8,2.50980726524814e-8,9.93530211884166e-8,2.088400241623718e-9,1.565202906875812e-8,1.707249992626908e-8,5.157118350872085e-8,1.0449906947584097e-7,2.713697003276082e-9,1.4220808841925463e-8,7.590712835900905e-6
t64,1.119535405030651e-8,9.504608620345953e-8,3.434335713900834e-8,1.114819119314127e-7,3.480792110860492e-7,2.108019568521803e-9,1.4708569585313095e-7,1.9607392532090328e-7,1.9455797404819702e-7,2.965645515207277e-7,0.0,4.108118730400141e-8,3.220464364086461e-9,1.691687114839203e-7,7.929672246395763e-8,2.6605866829982897e-9,5.3634635425263826e-8,1.913541727685332e-7,8.318913479972842e-8,1.8715827352898266e-7,0.0,3.773884619169889e-8,6.253237741091825e-7,1.8842762834793998e-7,3.3704135488103946e-7,3.1615559952918824e-7,4.2661746433713685e-8,3.984181847831473e-7,2.2483713487466123e-7,3.392964658214681e-7,1.7290630176217902e-7,3.347315324077883e-7,2.8390658603912547e-7,0.0,1.4020597420453632e-7,7.140567419728147e-8,1.2638319566766409e-8,2.840952214199705e-7,1.6301841902628944e-7,2.8618714075086626e-8,2.286455219482716e-9,1.7267724725126214e-9,4.689729521977485e-8,1.1303420707263758e-7,4.393582760886677e-8,5.425807408355963e-7,1.1444638147202823e-7,1.3443448750720276e-7,3.2931885542661615e-7,3.662693835472514e-9,2.7412721991199976e-8,9.453445382355045e-8,2.14843288058387e-9,1.621867338000948e-8,2.451476534752474e-8,9.98145965214971e-8,2.6423543651663427e-9,1.4102141313080571e-8,2.5796531076137276e-8,1.0536005359424729e-7,2.62913136187431e-9,1.5043362634333234e-8,2.4860548932933104e-8,1.0406359095240727e-7,2.467155184042034e-9,1.4789321194082268e-8,2.7898734058133345e-8,1.0104189819212962e-7,2.716497190751996e-9,1.390040280031314e-8,2.521592167518569e-8,1.0320297264940514e-7,2.4445158393176474e-9,1.4547030733506049e-8,2.524388723793611e-8,1.0748472734245018e-7,2.631943005187883e-9,1.545498610629053e-8,2.5509863105018603e-8,9.9197395847851e-8,2.572348302768324e-9,1.3550347412048626e-8,2.1118978060301753e-8,1.032075819284501e-7,2.2345555854467717e-9,1.587887644165083e-8,3.049321409163852e-8,1.099215633036302e-7,2.14627328348121e-9,1.8509516674121093e-8,1.9798602709942143e-8,7.151278330857447e-8,1.1479290787605653e-7,2.794972215873913e-9,1.5956240758956358e-8,9.268428542173529e-6
t65,1.1208339490976536e-8,9.465955574638536e-8,3.610137504744027e-8,1.1205741788971285e-7,3.4234267036178945e-7,2.1259081348913166e-9,2.3222366701284897e-7,2.1193498348625008e-7,2.2445798923953464e-7,5.239529318061369e-7,0.0,4.2621114578094856e-8,3.375106192150213e-9,3.139136267294394e-7,8.790405963007085e-8,2.9004330094237236e-9,6.710561257941699e-8,3.470656316768837e-7,2.7885350723010243e-7,4.104507410233381e-7,0.0,1.565820811375948e-7,7.790767672113353e-7,1.9659108166023854e-7,3.4712387564230585e-7,8.423251055090154e-7,1.1713250072224201e-7,4.937173674862917e-7,2.8650351280631386e-7,7.926712999062888e-7,3.7892702981528324e-5,4.3138209835559145e-7,4.316371658407952e-7,0.0,3.3859157352262733e-7,0.13758267126388923,1.452626336785885e-8,3.863008236890155e-7,2.4812630837189123e-7,3.003581822831668e-8,2.498420362800337e-9,1.8370670876899538e-9,8.844347602629141e-8,1.4775562474933972e-7,1.2596757458588115e-7,6.026600134638006e-7,1.411424993979934e-7,1.450941617776532e-7,3.765281460945269e-7,4.0464173472749645e-9,2.943692207198609e-8,9.470969026908502e-8,2.1626626903519338e-9,1.5854409842051873e-8,2.9554402258370397e-8,1.0936352353533095e-7,2.733415610624304e-9,1.626441031535816e-8,3.158309424318199e-8,1.1646302865987507e-7,2.720118975578274e-9,1.7594367539018048e-8,3.021071395418142e-8,1.1521657846622198e-7,2.548665093220697e-9,1.7274778127377956e-8,3.4914488305739395e-8,1.1117539111969518e-7,2.8175569075903315e-9,1.6037485006155837e-8,3.0928431431817594e-8,1.1420565123820825e-7,2.5247458235907695e-9,1.704703089910923e-8,3.1078361964801425e-8,1.2010156460753613e-7,2.72582641050693e-9,1.8296309728771894e-8,3.1649201318870664e-8,1.0935934822620699e-7,2.6613459520576954e-9,1.5638061224998735e-8,2.502557007115132e-8,1.1502399384186844e-7,2.2999371173112765e-9,1.9150058858593297e-8,3.926051841279431e-8,1.2317864891988285e-7,2.2009215937146805e-9,2.296664383243565e-8,2.3885451365376847e-8,1.1833244104523026e-7,1.2747100866148892e-7,2.8751187224064983e-9,1.832922106529153e-8,0.13763337236970127
t66,1.1311323341344444e-8,9.550567481273718e-8,3.812235953173879e-8,1.1304941922365648e-7,3.4252822401384756e-7,2.127043037037664e-9,5.644471611351752e-7,2.2982790535715757e-7,2.532266803810694e-7,2.286960917483817e-6,0.0,4.42348540853474e-8,3.5278520012651444e-9,2.020470329730419e-6,9.876823224962324e-8,3.1780465470051255e-9,9.110967043086289e-8,2.7753022320385353e-6,1.8025731172055295,1.778443671654243e-6,0.0,0.9999681832901649,9.193785383235105e-7,2.0231552343772327e-7,3.54196699726831e-7,8.088458341785757e-6,1.821194167753779e-6,5.97618706916687e-7,3.5252170213785325e-7,8.872209968972543e-7,1.9998503231249742,4.3486517317799385e-7,4.4668310395121885e-7,0.0,3.604734328362351e-7,0.07198189296257443,1.4617585680222678e-8,3.8981050688704165e-7,2.507995806289749e-7,3.0176258984600754e-8,2.6072422800172186e-9,1.877752034778231e-9,6.587079113325917e-5,2.266249722704356e-7,4.338841632522058,6.81192724109695e-7,1.8995862147961e-7,1.6199977436668106e-7,4.545206763494012e-7,4.5030684729022805e-9,3.153504725447508e-8,9.520282323370893e-8,2.1522381659703006e-9,1.5890909507656194e-8,3.529287950986223e-8,1.2099187071002e-7,2.8176357230378586e-9,1.92283529999552e-8,3.817174867772305e-8,1.2998056280990474e-7,2.8028430278724657e-9,2.1201632172122364e-8,3.6671259324736396e-8,1.2962988976454258e-7,2.6290523944916894e-9,2.1174058448681118e-8,4.3268947290726485e-8,1.2420241782141832e-7,2.91582980360912e-9,1.9313871084617336e-8,3.6055111454914833e-8,1.2241582610262612e-7,2.578469309234073e-9,1.9092758294453263e-8,3.633300926402147e-8,1.2972760597513372e-7,2.7949691841266295e-9,2.078711711962741e-8,3.721557678326288e-8,1.1697100059499783e-7,2.719357739859884e-9,1.728515778604332e-8,2.7074144425627747e-8,1.1618566317766188e-7,2.3164291739965275e-9,1.9151239835727616e-8,4.716794055754199e-8,1.2436318801627312e-7,2.210823658275225e-9,2.297849525909239e-8,3.0502651499251804e-8,2.3727847253446422e-7,1.4330359767167592e-7,2.960278469789177e-9,2.2310926034745017e-8,9.213310882506864
t67,1.097562110036828e-8,8.345487962815136e-8,3.400541373678343e-8,1.1013825842041124e-7,3.1207414942185955e-7,2.0677300082093493e-9,2.9963455663277835e-7,2.1957846196019487e-7,2.4439748133608077e-7,7.963869543641543e-7,0.0,4.3182579771842036e-8,3.4723538449240164e-9,5.233331343892282e-7,9.260175264822169e-8,3.0642367528297327e-9,7.617387947893009e-8,6.364915280558402e-7,3.087114463780606e-7,4.771644892936391e-7,0.0,1.435894176095573e-7,7.858254777330124e-7,1.9758202602493034e-7,3.4911007966433853e-7,9.699717892705979e-7,1.4977955829530474e-7,4.935950187481644e-7,2.923341423816248e-7,5.145293495229838e-7,5.668796753531559e-7,3.738155876342912e-7,3.4775694535765767e-7,0.0,2.0098013999219006e-7,2.2135151671764186e-7,1.349408597092705e-8,3.211895381882263e-7,1.91554149540921e-7,2.9436848955161496e-8,2.4668171119095313e-9,1.8216282365475577e-9,1.0450745290185256e-7,1.6557272427933482e-7,1.4689580555012807e-7,6.274906963483324e-7,1.5199444957256263e-7,1.4916374130982902e-7,3.9536341380097496e-7,4.243834484885189e-9,2.767486048008245e-8,9.222555479184332e-8,2.135311538096109e-9,1.468297593083435e-8,3.193026048747847e-8,1.1317910593968103e-7,2.773405704560315e-9,1.663161070439273e-8,3.452998998183865e-8,1.2173192718669365e-7,2.756564216235991e-9,1.812030344417699e-8,3.315525975090181e-8,1.2146830396120973e-7,2.5920080659890135e-9,1.8105640742171735e-8,3.948007843689544e-8,1.1643351957074763e-7,2.872273625195284e-9,1.673973113126751e-8,3.244097454683538e-8,1.1464270945548737e-7,2.5381443279440154e-9,1.656482011506457e-8,3.2730683906240066e-8,1.2197308611351276e-7,2.7464631773832217e-9,1.7914941074591643e-8,3.3504212679591654e-8,1.0936640839823696e-7,2.6778642718197174e-9,1.5170860848309537e-8,2.3719317457280845e-8,1.0929383727035856e-7,2.285519005763839e-9,1.686350194549424e-8,3.666311289653214e-8,1.1739658731650687e-7,2.1913628798249555e-9,1.9696512528831482e-8,2.522759053211036e-8,1.3095547721647728e-7,1.3315028408168087e-7,2.918075772706506e-9,1.8980020162196e-8,1.4160035871450623e-5
t68,1.0674577159530697e-8,7.436407647180378e-8,3.064208537992851e-8,1.074714108737733e-7,2.8881747423624274e-7,2.0106313471983497e-9,2.0798359527926304e-7,2.1023767946296744e-7,2.1872929487535665e-7,4.938820742642507e-7,0.0,4.2253025767357646e-8,3.3884555251092188e-9,2.84492448256166e-7,8.736908772679805e-8,2.8976682605253284e-9,6.579571935127687e-8,3.6643911187526296e-7,1.198694394089889e-7,2.815755242291901e-7,0.0,5.3065893270367526e-8,6.954024358635689e-7,1.932072528368061e-7,3.442267432451701e-7,4.784932543072558e-7,6.692842441990572e-8,4.3520066884086657e-7,2.52552550228211e-7,3.6179991558338037e-7,2.171951726512579e-7,3.335717671257176e-7,2.8801644525229414e-7,0.0,1.4122966474119877e-7,8.179299384766171e-8,1.2633780999544648e-8,2.7614245212978857e-7,1.5738119731014715e-7,2.871697290745406e-8,2.3260377510310633e-9,1.748910718586736e-9,5.5378430781477745e-8,1.3529968090133134e-7,5.968682393236151e-8,5.864014054774635e-7,1.2997050916950356e-7,1.4143670371130087e-7,3.600070556083042e-7,3.875406536183956e-9,2.4695018865505587e-8,8.951727428722915e-8,2.11300097044976e-9,1.3736852500277074e-8,2.704368897887097e-8,1.0672287168612475e-7,2.7152253425206152e-9,1.487679944493407e-8,2.8838749325769686e-8,1.1473685910194696e-7,2.6996238892867556e-9,1.607247520361402e-8,2.7802285153454522e-8,1.1452234107514552e-7,2.5441544412833663e-9,1.6062103441788567e-8,3.233025513937381e-8,1.0988694153648793e-7,2.8142872633863786e-9,1.4995961628965938e-8,2.7188663142355293e-8,1.0813304427949892e-7,2.4909013310087427e-9,1.4857424563020504e-8,2.7387022084709167e-8,1.1530860446957197e-7,2.689077034081251e-9,1.59479307784768e-8,2.7908782630513974e-8,1.0317826277508184e-7,2.6271055107108216e-9,1.3725607682027578e-8,2.0863179037944625e-8,1.0338544537273339e-7,2.2477581830135e-9,1.5192866353719972e-8,3.008940429688771e-8,1.1124188548039436e-7,2.1513370543579097e-9,1.739543860833169e-8,2.1972882867994968e-8,7.464437762829862e-8,1.248752008666974e-7,2.847074277544709e-9,1.686695436895297e-8,1.0562524929853474e-5
t69,1.0393600717707136e-8,6.706183212721788e-8,2.7766110971266003e-8,1.0490807209297022e-7,2.696747478549032e-7,1.9562544697204183e-9,1.608649269843277e-7,2.0155423700072627e-7,1.9819667439448235e-7,3.615909588692901e-7,0.0,4.139408905975075e-8,3.3076698678132397e-9,1.9583411932963196e-7,8.277390279447324e-8,2.757739864934537e-9,5.7957450735011006e-8,2.5903414850078205e-7,7.487817078456797e-8,2.019899410179265e-7,0.0,3.254003770199799e-8,6.271591136909831e-7,1.8904164379687955e-7,3.39420001771002e-7,3.161496143295575e-7,4.247447848889024e-8,3.963302551774137e-7,2.2328930396552039e-7,2.789391748181756e-7,1.3201979523773937e-7,3.042876112249407e-7,2.4723275466348515e-7,0.0,1.0996178158876456e-7,4.836271224203838e-8,1.1943061496296633e-8,2.4391623704159904e-7,1.348572652538372e-7,2.8037164132402037e-8,2.2030567972984346e-9,1.6832097259068722e-9,3.829261905895601e-8,1.1571490875916917e-7,4.075268297879659e-8,5.515992174758535e-7,1.1450661285488551e-7,1.3593906857265382e-7,3.347362521013352e-7,3.564504116302034e-9,2.2251770129009463e-8,8.699713224937503e-8,2.089346648848498e-9,1.2956726511656304e-8,2.3484325226253252e-8,1.0117251748819286e-7,2.6570689244320457e-9,1.3607160774452322e-8,2.4801342122917767e-8,1.0859269957620992e-7,2.6426836161596992e-9,1.460200635150879e-8,2.3962971745866573e-8,1.0844730229660701e-7,2.4963093803960133e-9,1.4624646484563088e-8,2.7400170883187068e-8,1.0415423566649116e-7,2.754583831456497e-9,1.3719590452671495e-8,2.3460917795963568e-8,1.025150198683663e-7,2.444903779373618e-9,1.3648937953122446e-8,2.3509746250820986e-8,1.0925914374333035e-7,2.633528640191647e-9,1.4507979834593683e-8,2.3891016820104487e-8,9.779598624243858e-8,2.576766175512877e-9,1.2686661180618418e-8,1.866633754776079e-8,9.821842719494433e-8,2.210409536574513e-9,1.3931924012867874e-8,2.5569740134173642e-8,1.0573502938935012e-7,2.1129730152818534e-9,1.5708884625769232e-8,1.9657908757081228e-8,5.317654384851753e-8,1.1771571559127801e-7,2.7703405819067686e-9,1.529124735536763e-8,9.00195946673575e-6
t70,1.0124958245190494e-8,6.123399732808906e-8,2.5447930457198797e-8,1.024762028896804e-7,2.5372708477204337e-7,1.9060138393563954e-9,1.3216455651411726e-7,1.9359280352327512e-7,1.814361223550687e-7,2.87097524111768e-7,0.0,4.0596577738784966e-8,3.231883036918791e-9,1.5013796636433383e-7,7.867572550889277e-8,2.629871007007222e-9,5.1930797450207026e-8,2.0130537372071867e-7,5.477983281605898e-8,1.5846451799002016e-7,0.0,2.3838210840504364e-8,5.749539476046762e-7,1.8512552433674553e-7,3.3478910957346904e-7,2.3916267787495936e-7,3.1593551212011464e-8,3.686059394264372e-7,2.0121939780748456e-7,2.283483588341376e-7,9.530456921150987e-8,2.822763051488888e-7,2.1815842612998911e-7,0.0,9.34968041007518e-8,3.6075208414029106e-8,1.1479686913976775e-8,2.231426470680164e-7,1.2118121101229326e-7,2.7484068552856113e-8,2.1110302256865843e-9,1.6331882450832739e-9,2.9533624038135012e-8,1.018142086745649e-7,3.1306757565952425e-8,5.216263647149287e-7,1.0305164859194607e-7,1.3188415988502776e-7,3.1550031167242785e-7,3.309012796124355e-9,2.033771780659086e-8,8.463808396599333e-8,2.06779409954398e-9,1.2330327463719369e-8,2.090762906093274e-8,9.629725180254225e-8,2.6056128097624598e-9,1.2666400861815524e-8,2.1921010747098777e-8,1.0312825429837132e-7,2.590912961585219e-9,1.3524105753961668e-8,2.1213720994574593e-8,1.0300853504655234e-7,2.451466288777984e-9,1.3536547255101136e-8,2.393191420421982e-8,9.906450252520695e-8,2.699077084324164e-9,1.2763705839223383e-8,2.077331745542497e-8,9.749570407652115e-8,2.402517582985017e-9,1.2716102564221109e-8,2.0819562153602447e-8,1.0397979926336594e-7,2.5824171340209317e-9,1.3437588606770323e-8,2.1114126426047468e-8,9.324025316853289e-8,2.5304163829245492e-9,1.1890436156855527e-8,1.703586136314934e-8,9.370949984776069e-8,2.176902086192692e-9,1.2977537692558434e-8,2.29654334580189e-8,1.0153022741040402e-7,2.085071359136359e-9,1.4621149978549268e-8,1.792853238245725e-8,4.173693765926157e-8,1.1140460826925108e-7,2.7048351679421745e-9,1.4112309033312064e-8,8.058621407690507e-6
t71,9.871527683267674e-9,5.643823769343414e-8,2.354481675714818e-8,1.0016203063821428e-7,2.400887930927697e-7,1.8592662505735685e-9,1.1256278718410867e-7,1.8622541082588467e-7,1.6742520772787438e-7,2.3861697697229937e-7,0.0,3.9845807571081584e-8,3.1586342428914187e-9,1.221836270983561e-7,7.49963848822728e-8,2.516110278545006e-9,4.710654062280843e-8,1.64958683328448e-7,4.354525531592358e-8,1.3132147884429018e-7,0.0,1.8895977106828108e-8,5.325516714970945e-7,1.814340656540732e-7,3.303892179273141e-7,1.9313111374555485e-7,2.523578493293657e-8,3.472889883896981e-7,1.83685954739703e-7,1.9421881544823482e-7,7.497245206449985e-8,2.648132855954438e-7,1.96132481318061e-7,0.0,8.158621957663491e-8,2.8620010102411257e-8,1.107729608038394e-8,2.063288060640001e-7,1.1048754859421606e-7,2.695521271488708e-8,2.030113213662709e-9,1.588899200900129e-9,2.4101528485644218e-8,9.121670759500417e-8,2.5267317849820823e-8,4.951369447461376e-7,9.400048480830056e-8,1.2868423158432666e-7,2.9985453447775576e-7,3.08920610321464e-9,1.878294022141517e-8,8.249558231058847e-8,2.0462495318239827e-9,1.1798641394305457e-8,1.8884733911540026e-8,9.19575897459856e-8,2.557283723070804e-9,1.1910280113136858e-8,1.9681675207956157e-8,9.821117401076539e-8,2.542966206819247e-9,1.265860439363367e-8,1.909060186639115e-8,9.81338283179554e-8,2.4098656690028656e-9,1.2673624973449676e-8,2.1277135721983295e-8,9.452108839647596e-8,2.647743019389995e-9,1.199946565351035e-8,1.8740039435261257e-8,9.309452944651714e-8,2.3637983262497458e-9,1.1986757889497765e-8,1.87492421228729e-8,9.92290954607302e-8,2.5350679656117012e-9,1.258774399748327e-8,1.8983711752553735e-8,8.92369970622005e-8,2.487629740383567e-9,1.126032297608534e-8,1.5741679615299688e-8,8.980304313520836e-8,2.1451197050888507e-9,1.2210674168006889e-8,2.088780434905283e-8,9.768139570954872e-8,2.0579583863781796e-9,1.3742983664745684e-8,1.655893399481696e-8,3.4498529449845535e-8,1.0582070606633786e-7,2.642226901356233e-9,1.3174475014691444e-8,7.383703987351957e-6
t72,9.628074005131928e-9,5.232037874605303e-8,2.1897339457090745e-8,9.7905875857294e-8,2.2786040157659703e-7,1.8142461011977499e-9,9.83244155405697e-8,1.7945194284515644e-7,1.5553126745698508e-7,2.044620554222386e-7,0.0,3.913647938379598e-8,3.0886502930694984e-9,1.0318840004099647e-7,7.165822451927879e-8,2.416201425743523e-9,4.312308030238109e-8,1.397768404705096e-7,3.619169839441017e-8,1.12332169603593e-7,0.0,1.5681050432331356e-8,4.968486143014405e-7,1.7791583492759044e-7,3.2613916226916294e-7,1.621811842426368e-7,2.1042093592695113e-8,3.2946522719359806e-7,1.6910606063732878e-7,1.690835222214983e-7,6.179557221083708e-8,2.500008721382907e-7,1.783849598151901e-7,0.0,7.23333199329541e-8,2.3593247425575086e-8,1.0712535428139977e-8,1.9214701493624797e-7,1.0168070338849581e-7,2.6443902718719857e-8,1.957297957346913e-9,1.5486774856033951e-9,2.0406292668891683e-8,8.283870260797772e-8,2.1165677793436705e-8,4.7153245102972534e-7,8.664898598977384e-8,1.2606025077291464e-7,2.866536083759535e-7,2.8984296853349825e-9,1.7466495224314552e-8,8.048395857197222e-8,2.0241272549865045e-9,1.132725271002861e-8,1.7263911056577324e-8,8.806632117004417e-8,2.511697907268554e-9,1.128622314621781e-8,1.7897293553690703e-8,9.377433671663882e-8,2.497892400264634e-9,1.1942816629083206e-8,1.739109732472379e-8,9.372342580946429e-8,2.3699599187429704e-9,1.1944965232940958e-8,1.9168018620021443e-8,9.040989651888732e-8,2.598994422386045e-9,1.134884914678211e-8,1.7106859546525348e-8,8.910905238730156e-8,2.3269025886249393e-9,1.1366214062733873e-8,1.7097036307118022e-8,9.490344338661098e-8,2.489176288735571e-9,1.1877054514518122e-8,1.728586909892532e-8,8.563526392497446e-8,2.4469026792819872e-9,1.0725189516621995e-8,1.4662806938063553e-8,8.627552744289771e-8,2.1139968412923625e-9,1.1559449959875183e-8,1.9165271987806587e-8,9.413964920357766e-8,2.0298726338421903e-9,1.3004321779237861e-8,1.5441015663441713e-8,2.9503253211915293e-8,1.0085890339605483e-7,2.5813274276025933e-9,1.241738684710857e-8,6.857992274591509e-6
t73,9.403343104964513e-9,4.872429801429206e-8,2.045960532105866e-8,9.571911500339916e-8,2.1673954340235145e-7,1.7714031647770455e-9,8.743158071432733e-8,1.7318882132256565e-7,1.45347269937258e-7,1.7885218190534795e-7,0.0,3.846283174964243e-8,3.016813665062926e-9,8.923190727428694e-8,6.860066619810528e-8,2.319610334240415e-9,3.97714560528329e-8,1.2115516248520965e-7,3.0921819663105906e-8,9.809706435593346e-8,0.0,1.3386637585972998e-8,4.6588962573224464e-7,1.7454676336849612e-7,3.219930331101121e-7,1.3953009683366185e-7,1.8024139730142173e-8,3.1334561810532084e-7,1.565160427637943e-7,1.4972134115914803e-7,5.2558149645868516e-8,2.3696752223668194e-7,1.6363307824791615e-7,0.0,6.487582676355263e-8,1.99813714020492e-8,1.0373812492958781e-8,1.7993735729034495e-7,9.425026890123042e-8,2.5951460844258216e-8,1.8926016220813072e-9,1.5127068840136346e-9,1.7731560828345493e-8,7.600746667014521e-8,1.82438368123795e-8,4.5032364197598974e-7,8.052077966914125e-8,1.2380134747293343e-7,2.7513040021699626e-7,2.7321750934172343e-9,1.632915213988561e-8,7.857938262550849e-8,2.002740363750278e-9,1.0901846273342711e-8,1.593534618113006e-8,8.452351237870858e-8,2.4685641662282853e-9,1.0739460726881643e-8,1.643706162464856e-8,8.973145801333516e-8,2.4553060492560005e-9,1.131269294427487e-8,1.598225252014793e-8,8.967979272993905e-8,2.33151679815335e-9,1.1288966888126392e-8,1.7450106226900977e-8,8.664569959661333e-8,2.5530297139598914e-9,1.0766496789964999e-8,1.5749226629089133e-8,8.544374627252528e-8,2.291384400643323e-9,1.0801074062360214e-8,1.5732337577298207e-8,9.092335153639472e-8,2.4448538402839815e-9,1.1255411508107562e-8,1.5881640956462484e-8,8.23302985232468e-8,2.408432407660047e-9,1.0236056956262095e-8,1.3745629697489876e-8,8.305098897086416e-8,2.0842048953368903e-9,1.0983997548301445e-8,1.771357961908591e-8,9.086522576369986e-8,2.0021665453205496e-9,1.236927704185965e-8,1.450434413600641e-8,2.5828090211037263e-8,9.641405319438435e-8,2.5238565662717583e-9,1.1795362733982914e-8,6.426086133472691e-6
t74,9.218310422983304e-9,4.5926828088745915e-8,1.9462919699760742e-8,9.386004482696769e-8,2.0774616931266722e-7,1.7355280610283403e-9,7.895328253513597e-8,1.6748358753126434e-7,1.368131726743064e-7,1.5927136941757807e-7,0.0,3.783095727133485e-8,2.9423003843394516e-9,7.977933917136497e-8,6.601908058931717e-8,2.2278456101000024e-9,3.683119217163802e-8,1.081403663216414e-7,2.699572523773154e-8,8.798320859175973e-8,0.0,1.1854918228619335e-8,4.4097355555868614e-7,1.7151333688982204e-7,3.1823110607366174e-7,1.2400348478635554e-7,1.5909256761796564e-8,3.007665097527519e-7,1.4661494935879677e-7,1.3581612438142524e-7,4.6097114821458835e-8,2.2659794174852482e-7,1.5225888230787433e-7,0.0,5.882280459829788e-8,1.7292315028843882e-8,1.0056408308797033e-8,1.6926479467063314e-7,8.794258353703521e-8,2.54844775523487e-8,1.8346882484358406e-9,1.4801596812399746e-9,1.572679024532491e-8,7.029447734312702e-8,1.6091807339971368e-8,4.3114191564002703e-7,7.538183321212219e-8,1.2174357074990372e-7,2.6471868817018555e-7,2.5902451254046993e-9,1.551414271777226e-8,7.697811203831441e-8,1.986178223054447e-9,1.0584672816889127e-8,1.4898387039433261e-8,8.132957583000407e-8,2.427915632326766e-9,1.0275714467027334e-8,1.5278035802363048e-8,8.608999308311091e-8,2.4129619860103783e-9,1.0772281970722133e-8,1.4953066641345514e-8,8.629890225068799e-8,2.2951108862354303e-9,1.0767602780510326e-8,1.6229952363006384e-8,8.35012101179462e-8,2.5100726925365005e-9,1.0304295038990818e-8,1.4747496439188566e-8,8.240076712756124e-8,2.2584287578374602e-9,1.034964324601545e-8,1.4757049240893095e-8,8.761130800097636e-8,2.403350292319359e-9,1.0773955169264336e-8,1.4828090106577702e-8,7.964781461245519e-8,2.3718084628694028e-9,9.85091466407247e-9,1.3045311785741402e-8,8.043590612599234e-8,2.0566978562715216e-9,1.0538816876239631e-8,1.651375559164008e-8,8.780621142593624e-8,1.9799420865116512e-9,1.1828600679828477e-8,1.370718759724938e-8,2.3042893835524637e-8,9.23625021060358e-8,2.4767839583595822e-9,1.1284768966830498e-8,6.0842141574316155e-6
t75,9.037444572127439e-9,4.33333076132398e-8,1.8528081768634064e-8,9.199689215664984e-8,1.9898636204527634e-7,1.6997929146416156e-9,7.1985019888245e-8,1.6214160362743578e-7,1.2927342713505865e-7,1.4338851306497814e-7,0.0,3.7232469116820606e-8,2.8777101089216793e-9,7.212923509682135e-8,6.363206138430698e-8,2.1363332506327485e-9,3.463711840724727e-8,9.749960509665133e-8,2.421116168256086e-8,7.967634388732254e-8,0.0,1.0617931587280537e-8,4.1804658455684275e-7,1.685645653000516e-7,3.145540758343381e-7,1.1154358839929237e-7,1.4329352478259944e-8,2.8850969766549324e-7,1.3779351192320402e-7,1.2427446098079138e-7,4.1346177972652154e-8,2.1655516992171783e-7,1.4209834852848225e-7,0.0,5.3483005592166294e-8,1.5147275868426986e-8,9.730283673185726e-9,1.5950235323804615e-7,8.21977948518022e-8,2.5022886612979452e-8,1.7806747326236663e-9,1.4491893899790759e-9,1.4115832764403232e-8,6.527985347427592e-8,1.4382599390256041e-8,4.133625369012559e-7,7.080280150179426e-8,1.196308067249699e-7,2.547610888392475e-7,2.4622261754091613e-9,1.4755754332288454e-8,7.543007824276565e-8,1.9697370163880102e-9,1.0265354598341354e-8,1.3978834844753298e-8,7.835624306142167e-8,2.382517139710635e-9,9.822185275155003e-9,1.4281020772219507e-8,8.27117819753944e-8,2.364478384298913e-9,1.0264390416318548e-8,1.406077238050509e-8,8.312161348725365e-8,2.2526659955084306e-9,1.0275271000753584e-8,1.515981697313189e-8,8.053922087443973e-8,2.46098150056167e-9,9.868166090691463e-9,1.3883521815094488e-8,7.952611969358615e-8,2.2198618463759083e-9,9.919233690757884e-9,1.3888408585477716e-8,8.449276890358602e-8,2.3576642026593853e-9,1.0310384818903992e-8,1.3927398477422257e-8,7.709483653449251e-8,2.3310710339914634e-9,9.463610201496177e-9,1.2425708350482437e-8,7.793703152295021e-8,2.0240551510729424e-9,1.0090124151319269e-8,1.5439850738396098e-8,8.493356395204112e-8,1.9593210988801903e-9,1.1313077110447854e-8,1.2980334213776617e-8,2.078858110089058e-8,8.86501472989396e-8,2.4329927217540675e-9,1.0814949680800129e-8,5.781272658954295e-6
t76,8.857018205448326e-9,4.088753200427447e-8,1.765044436549376e-8,9.013211408777916e-8,1.9035388223401954e-7,1.664143331063746e-9,6.607042696310362e-8,1.5713328769345806e-7,1.225589381788085e-7,1.2983390850656772e-7,0.0,3.670346188235564e-8,2.8229777690420296e-9,6.579360449185052e-8,6.149504060828812e-8,2.0475886191208286e-9,3.2706347330502154e-8,8.843516413252861e-8,2.1941531463641498e-8,7.257065438555223e-8,0.0,9.614426731711342e-9,3.9660441851226465e-7,1.6572740904932446e-7,3.10997987254981e-7,1.01190934614073e-7,1.3031510179548937e-8,2.7633017691131654e-7,1.2988807565677043e-7,1.1449340661640136e-7,3.748821931906396e-8,2.0651170017070886e-7,1.3293926632088386e-7,0.0,4.87617038717922e-8,1.3387796674284623e-8,9.39311700407142e-9,1.5057723526103058e-7,7.694505048005844e-8,2.457041956484933e-8,1.7296534882000297e-9,1.4189535849914853e-9,1.2783785334767842e-8,6.074925773950116e-8,1.2952745715694479e-8,3.967446420757493e-7,6.662019859723308e-8,1.1732390061571262e-7,2.4493949955814003e-7,2.3461901079309595e-9,1.405047959648731e-8,7.393564864345002e-8,1.9534799170691467e-9,9.935845102816685e-9,1.3143371255091334e-8,7.552261753227518e-8,2.324941873734925e-9,9.370239486925235e-9,1.3375138967928843e-8,7.953011685876816e-8,2.3072568524291982e-9,9.762665819249787e-9,1.3237781542942594e-8,8.012055213712758e-8,2.2010861062034008e-9,9.787931538079356e-9,1.4193785970645146e-8,7.773741548593278e-8,2.4037117147000164e-9,9.438145200121127e-9,1.3085503881377299e-8,7.680424818127994e-8,2.1721966504056405e-9,9.486844074838088e-9,1.3091055741329025e-8,8.153018565522067e-8,2.303429021636045e-9,9.859326093281486e-9,1.3109366239552479e-8,7.462572960549178e-8,2.2771336384943965e-9,9.059825214919242e-9,1.1839504881186424e-8,7.552747999996324e-8,1.978254959926261e-9,9.62351100356554e-9,1.4483567128898028e-8,8.222947923781623e-8,1.941518647999533e-9,1.081786291962297e-8,1.2295821809822491e-8,1.89089045049513e-8,8.521941566179072e-8,2.393444620727284e-9,1.0359634237067772e-8,5.505075202477095e-6
t77,8.671676369591263e-9,3.855608914713102e-8,1.6824072014174066e-8,8.826363804827881e-8,1.8174465955308459e-7,1.6272253532658784e-9,6.10658480743753e-8,1.525734477284593e-7,1.1679999570386509e-7,1.1787905503451038e-7,0.0,3.6242049606702655e-8,2.7818838931480923e-9,6.040150911080433e-8,5.9524980851504896e-8,1.9574574989766812e-9,3.1004782169540714e-8,8.001294612354108e-8,2.0118974691938165e-8,6.623274146170425e-8,0.0,8.78876237953416e-9,3.764016818658175e-7,1.6299592651789414e-7,3.0756041573416703e-7,9.238529883616228e-8,1.1954744643535541e-8,2.640119291093911e-7,1.2282269979503823e-7,1.0611584459103548e-7,3.432783810089119e-8,1.958953127814203e-7,1.245952857952599e-7,0.0,4.4601602076758453e-8,1.1943998249787484e-8,9.045218842468997e-9,1.4241443504160002e-7,7.21449739015387e-8,2.4130815726791188e-8,1.68075690605273e-9,1.388500890959742e-9,1.1655357190211393e-8,5.6538728597888854e-8,1.1698638660972846e-8,3.8101915506953056e-7,6.269041479610264e-8,1.1465469827595535e-7,2.349160661896123e-7,2.2395840424919002e-9,1.3398198358992652e-8,7.249742554374063e-8,1.936934951262891e-9,9.588831209460383e-9,1.2434823535626763e-8,7.284891344628335e-8,2.2371615076872254e-9,8.959584245741325e-9,1.2623761293508584e-8,7.654148773399172e-8,2.218069611133957e-9,9.311988253191138e-9,1.250877420984667e-8,7.719738106024146e-8,2.1166006835007355e-9,9.339313351365579e-9,1.3353024201614974e-8,7.498779298389346e-8,2.3109818375940117e-9,9.044341910837141e-9,1.2390007558619634e-8,7.419548209741513e-8,2.092096543245101e-9,9.08888197779482e-9,1.2370195762166874e-8,7.864230408834887e-8,2.2251164202402493e-9,9.428462045167686e-9,1.2381193169647784e-8,7.215595561975393e-8,2.189513966986496e-9,8.651551954867039e-9,1.13031848002136e-8,7.315896373951314e-8,1.9024052849503545e-9,9.150828556465491e-9,1.3629011687284417e-8,7.967925183147559e-8,1.9289610508705396e-9,1.0339839219636816e-8,1.1628085885550689e-8,1.728105265163012e-8,8.201091961135667e-8,2.357540586016942e-9,9.893001703132889e-9,5.248430914785334e-6
t78,8.53861431727325e-9,3.6944108772413194e-8,1.6556060076642078e-8,8.696848139962871e-8,1.7547902000212677e-7,1.5990010031573007e-9,5.662772809598696e-8,1.4830097154338913e-7,1.1145958772598595e-7,1.0721702509996606e-7,0.0,3.579996921064937e-8,2.794802470835781e-9,5.5425546348500056e-8,5.755098424838102e-8,1.8899533385429227e-9,2.9457831362391824e-8,7.33302472176845e-8,1.861536428440259e-8,6.066011010131212e-8,0.0,8.089028233779104e-9,3.570733372111551e-7,1.6028172766766834e-7,3.0406628668923814e-7,8.461638471651932e-8,1.1019511484261648e-8,2.507752243676668e-7,1.1608600612663719e-7,9.870598672086952e-8,3.1688723775404176e-8,1.8410969138651383e-7,1.1710217824809734e-7,0.0,4.1118671536243255e-8,1.075499442191907e-8,8.701715757354245e-9,1.3495434263745183e-7,6.778959408422121e-8,2.3694251666202177e-8,1.6368262889035657e-9,1.3603110864956604e-9,1.070496991477799e-8,5.263113360583138e-8,1.0595445316794011e-8,3.660580095912256e-7,5.8995219878886885e-8,1.1148528140210538e-7,2.244485986605635e-7,2.143818099751056e-9,1.3118454506523905e-8,7.160600361647347e-8,1.924682129993748e-9,9.354171092702884e-9,1.1856311910064782e-8,7.003203233817704e-8,2.102258935003807e-9,8.629843370440522e-9,1.2030055122119187e-8,7.341099659281547e-8,2.0784746725771975e-9,8.949712392507747e-9,1.1900719829386521e-8,7.409678935152114e-8,1.9789372329774747e-9,8.976599378192587e-9,1.266610461119597e-8,7.204627242578828e-8,2.1603027706187805e-9,8.731622700895746e-9,1.1798442232625498e-8,7.142803075723515e-8,1.9565619389465037e-9,8.759230919241286e-9,1.1747589237223783e-8,7.55602938214676e-8,2.107766421494689e-9,9.0113264839778e-9,1.1763872221260372e-8,6.943927505578072e-8,2.0388711513255573e-9,8.272635528938385e-9,1.0854336876119553e-8,7.062207921174351e-8,1.7790616043736498e-9,8.730939324569222e-9,1.2894302650617855e-8,7.723024768968387e-8,1.9218937652515477e-9,9.892488556047712e-9,1.0983272909197551e-8,1.5878635453335765e-8,7.893332833579999e-8,2.3250286187320387e-9,9.421454590731524e-9,5.008903987531506e-6
t79,8.53213131746956e-9,3.645607899373969e-8,1.6714428251226115e-8,8.675777582558625e-8,1.7342969806537485e-7,1.5904305848770856e-9,5.2233788711910236e-8,1.4400094700470327e-7,1.0590209138640161e-7,9.812173818098796e-8,0.0,3.5292568582447474e-8,2.8200748406884515e-9,5.060415228934053e-8,5.539683259448623e-8,1.8477237817538102e-9,2.7919957096270953e-8,6.303604737550177e-8,1.7343107945978743e-8,5.528500342456848e-8,0.0,7.481681159484265e-9,3.367997676947817e-7,1.5791588785155484e-7,3.008179654384611e-7,7.779852777147029e-8,1.0148472682434659e-8,2.429650275911226e-7,1.0960009560910248e-7,9.180192664738314e-8,2.9211768284677513e-8,1.72433662170524e-7,1.0807482377698361e-7,0.0,3.782259409299842e-8,9.621147855656515e-9,8.32684257554032e-9,1.273537570559631e-7,6.352592681249537e-8,2.3183989342062444e-8,1.600340935553459e-9,1.3353289764022325e-9,9.908470721361424e-9,4.90615399082721e-8,9.645294677834312e-9,3.518392668577594e-7,5.5399273163219745e-8,1.0771056987713698e-7,2.134749691265962e-7,2.056069556986785e-9,1.3459558533196344e-8,7.172819353669657e-8,1.917423424936853e-9,9.3165449221261e-9,1.1534520224672566e-8,6.705905046141565e-8,1.9196581737004544e-9,8.841997271530526e-9,1.1595516512629122e-8,7.011857568447421e-8,1.898239111330658e-9,9.171645899157683e-9,1.1428674014652801e-8,7.07751712527072e-8,1.7854453970213713e-9,9.238822781493803e-9,1.2147539062187529e-8,6.888627328433237e-8,1.9464141621836e-9,8.98207301302218e-9,1.1309757357475866e-8,6.840022666432442e-8,1.7459210940252588e-9,9.059669183260477e-9,1.1345098849793029e-8,7.218829243269095e-8,1.953701698237918e-9,8.566533735266265e-9,1.1292901559718135e-8,6.64383407368563e-8,1.789006176384187e-9,8.638410481608376e-9,1.0509817380527177e-8,6.771281163543457e-8,1.6041766990123308e-9,9.012649293590247e-9,1.2121432034925692e-8,7.448101788558433e-8,1.907771978707284e-9,9.392069183542307e-9,1.0353744019722938e-8,1.463694276188557e-8,7.596416879063467e-8,2.281834151384102e-9,8.931122217259666e-9,4.785588319192451e-6
t80,8.367338919155094e-9,3.606736189081203e-8,1.6965576352641063e-8,8.68406504408344e-8,1.7157071391403035e-7,1.5996799907100801e-9,4.678900573753999e-8,1.3881784072714726e-7,9.988873082149798e-8,8.976443206876436e-8,0.0,3.3833843761751516e-8,2.471434204483483e-9,4.688195398720899e-8,5.312591135777656e-8,2.025184939879853e-9,2.5629049173180736e-8,5.7551229765921364e-8,1.476096470112114e-8,4.904957158131478e-8,0.0,6.603543671224409e-9,3.117915661188093e-7,1.5409348796581835e-7,2.955474039838699e-7,7.022614533864343e-8,8.937324496633693e-9,2.2180072060132468e-7,1.0298233903778299e-7,8.242667952020822e-8,2.588677270335902e-8,1.7114809409492668e-7,1.0180486123766305e-7,0.0,3.527394147054634e-8,8.956895194758075e-9,7.94029620048983e-9,1.204092007954979e-7,5.982484171051996e-8,2.2904663803869416e-8,1.4895879776748126e-9,1.2482458923679116e-9,9.112070584110777e-9,4.640028771117533e-8,9.157896398741445e-9,3.402587886030658e-7,5.279982091656788e-8,1.0367319729578968e-7,2.0416062032608076e-7,1.9342350641338794e-9,1.3820972320234556e-8,7.192370150287146e-8,1.9237457891920937e-9,9.22219664348297e-9,1.0448364993388174e-8,6.645693452132757e-8,2.333742825005571e-9,7.472131747235761e-9,1.0475245137195993e-8,6.956949687986149e-8,2.328338535989214e-9,7.603224606399429e-9,1.0416249506831698e-8,7.013469227309931e-8,2.2559382353286662e-9,7.684636399310244e-9,1.0956766657500119e-8,6.840849031678335e-8,2.4257952179638886e-9,7.413856978174174e-9,1.037070159709463e-8,6.76541925455466e-8,2.2311063204941576e-9,7.54751187294406e-9,1.0355962546358408e-8,7.170182302307642e-8,2.3161209841905883e-9,8.068194911539528e-9,1.0373096853611295e-8,6.592447034962247e-8,2.3979217843891266e-9,7.662943473563935e-9,9.721909126604886e-9,6.694888624907595e-8,2.083101861023387e-9,8.018970833543813e-9,1.1635243650038666e-8,7.245233958001949e-8,1.8423829968464262e-9,9.292346528713619e-9,1.000732619232691e-8,1.3950954562164134e-8,7.389873021112632e-8,2.1886869125041904e-9,8.834735509655943e-9,4.571548184614674e-6
t81,8.156885821513361e-9,3.364407180237251e-8,1.5845172785071166e-8,8.459814427081255e-8,1.6056943637411987e-7,1.5511871033026445e-9,4.355952061856902e-8,1.3530677907514964e-7,9.526418728743023e-8,8.185071177310175e-8,0.0,3.3340959917789855e-8,2.3129796508303424e-9,4.3384426869200855e-8,5.1286288083653734e-8,1.903182602769496e-9,2.4450737377105478e-8,5.2515168195081e-8,1.3862740089811613e-8,4.5099813458727623e-8,0.0,6.185328903288356e-9,2.9437133045296825e-7,1.519042752895123e-7,2.925257384660248e-7,6.477245316065132e-8,8.321115664165432e-9,2.0483507467326737e-7,9.671367965737489e-8,7.683067607950508e-8,2.4104719536268973e-8,1.5819881692721252e-7,9.561055051639432e-8,0.0,3.275121958783434e-8,8.111793741976518e-9,7.541813951659965e-9,1.1334857546409913e-7,5.577356065601011e-8,2.2328856816287416e-8,1.4454546104294944e-9,1.218987284263227e-9,8.58587932904319e-9,4.339262408620663e-8,8.581024878041924e-9,3.2804006144602815e-7,4.9630956582870624e-8,9.856690481831188e-8,1.923814063338811e-7,1.86647106951325e-9,1.3034169422701023e-8,7.024492492474714e-8,1.900934255522121e-9,8.75275670884741e-9,9.941993076449827e-9,6.356415327939585e-8,2.2294319421002126e-9,7.1230401278669736e-9,1.00932437771971e-8,6.649505336635114e-8,2.227302603708668e-9,7.2764236915060135e-9,1.000214408061819e-8,6.710958528444292e-8,2.1480981721259687e-9,7.35296916725977e-9,1.0519341673137605e-8,6.538959218254371e-8,2.3094921007984616e-9,7.136742703149483e-9,9.943955499666094e-9,6.480532168953031e-8,2.111165769647506e-9,7.221454939259463e-9,9.810202508977523e-9,6.869304535934114e-8,2.2200336608825475e-9,7.616663874030292e-9,9.939024637867134e-9,6.307550707475716e-8,2.2590311298548096e-9,7.200902138277283e-9,9.364565204994565e-9,6.417435889474063e-8,1.988869317920445e-9,7.499610573117645e-9,1.0897688530337788e-8,7.000940347930067e-8,1.8281123966573006e-9,8.659932363803385e-9,9.334039173669166e-9,1.3004777599642406e-8,7.125963353188444e-8,2.1611411105980793e-9,8.215433366051302e-9,4.344587009504781e-6
t82,8.128585579380644e-9,3.312959710628159e-8,1.5965532592055872e-8,8.457081007592348e-8,1.570445027502233e-7,1.560873657459293e-9,4.2969790836364587e-8,1.3427320344037462e-7,9.668479089721917e-8,8.124891348157415e-8,0.0,3.3177566141195735e-8,2.330779683886379e-9,4.4378099416437684e-8,5.107741522571574e-8,1.8939319600049262e-9,2.468820664942185e-8,5.372284959162727e-8,1.423261563554959e-8,4.4261763567884495e-8,0.0,6.313250627086579e-9,2.9273913766840106e-7,1.5137438215936403e-7,2.9223398854249795e-7,6.591379649425252e-8,8.59797436151754e-9,2.0057421207604533e-7,9.617981928737492e-8,7.842763377377483e-8,2.479786154355894e-8,1.5599545714566656e-7,9.552913260065901e-8,0.0,3.204982649806128e-8,8.24397708403031e-9,7.372501481921491e-9,1.1084782451770545e-7,5.385275703863529e-8,2.2302149984335745e-8,1.485697354998472e-9,1.2420215821034535e-9,8.424967349428171e-9,4.1855703360859536e-8,8.606689574404511e-9,3.222526116261675e-7,4.7940740205900655e-8,9.46540690173068e-8,1.8458591776701554e-7,1.8564380862058125e-9,1.3521929105531126e-8,7.034743061417865e-8,1.907157450928051e-9,8.63847317815023e-9,1.0681640191531334e-8,6.36020210036114e-8,2.155660996978185e-9,7.912561644685998e-9,1.0907527156430115e-8,6.656599707723664e-8,2.1354803650303443e-9,8.167219051668194e-9,1.0783420936965191e-8,6.723610603814604e-8,2.0643209749409456e-9,8.184857854994088e-9,1.1430918444819819e-8,6.571313027621773e-8,2.2119544667571764e-9,8.015401432245456e-9,1.0671851069474605e-8,6.497639894540284e-8,2.0303793466070594e-9,7.909435374581158e-9,1.0518090492644474e-8,6.884544922237525e-8,2.1598283249846168e-9,7.9328844211632e-9,1.0594987178428193e-8,6.319030170250195e-8,2.165063467539806e-9,7.784215182720441e-9,9.951132110067241e-9,6.45009289767427e-8,1.9150825039604592e-9,8.192590371948204e-9,1.1036103718601013e-8,6.929941902259257e-8,1.8243442713656617e-9,8.308655538194009e-9,8.903764464173113e-9,1.2908301236684432e-8,6.996719344922438e-8,2.1575221094544127e-9,7.78609245167401e-9,4.3193035903120105e-6
t83,8.77966105598333e-9,3.9073348841447434e-8,1.93425920367855e-8,9.180147544507956e-8,1.7906139788184452e-7,1.6754616422448625e-9,4.902251292645698e-8,1.4202637765232487e-7,1.0417044321374767e-7,9.224846055777159e-8,0.0,3.4471655449937766e-8,2.399906317726028e-9,5.078820275051447e-8,5.486719228199636e-8,1.9791692806253188e-9,2.7466623406198434e-8,6.216712235359149e-8,1.659320912018439e-8,5.177627390267403e-8,0.0,7.4034692790468145e-9,3.230981791217116e-7,1.5709343621009893e-7,2.9991347175199207e-7,7.674707987706123e-8,1.0056029631645705e-8,2.2285010501914223e-7,1.0686332478482963e-7,9.177355264393625e-8,2.9549621281988463e-8,1.7356394808016164e-7,1.0862613763618591e-7,0.0,3.734733709777301e-8,9.623529864024724e-9,8.010686452961163e-9,1.2509012890201386e-7,6.16528045218323e-8,2.3146364697029465e-8,1.572347013992084e-9,1.2942688850477635e-9,9.388041410855139e-9,4.7166092563613476e-8,1.0055102693664145e-8,3.479342668169997e-7,5.362778278100093e-8,1.0140303739318442e-7,2.0264244293636868e-7,1.9804939289748155e-9,1.5060244920099507e-8,7.62405232110207e-8,1.966365169013564e-9,9.680720268798065e-9,1.1685828667856424e-8,6.736349562092053e-8,2.2044765047880654e-9,8.451722076408462e-9,1.1920087479630029e-8,7.071805287591252e-8,2.1945645647188784e-9,8.736840156470306e-9,1.1790508206514856e-8,7.164640329601872e-8,2.1102760871598886e-9,8.81092794979959e-9,1.2538330066647792e-8,6.979322869018119e-8,2.2729853590556096e-9,8.588029462553699e-9,1.1693043384833491e-8,6.916960069600517e-8,2.071665040348735e-9,8.546914791024978e-9,1.155098692940257e-8,7.371449381202286e-8,2.2140137661046335e-9,8.708790179156726e-9,1.1650497769622252e-8,6.724828815457872e-8,2.2030200016138845e-9,8.348364961800313e-9,1.087328900010122e-8,6.8876487456609e-8,1.946385789428472e-9,8.877814201824445e-9,1.2173692671559165e-8,7.459017900613352e-8,1.8661538409042908e-9,9.309855810653953e-9,9.915899221635194e-9,1.4239198046461658e-8,7.515804463140927e-8,2.215775247254858e-9,8.633472885811924e-9,4.7287537073241394e-6
t84,9.486209973190992e-9,4.66510486478148e-8,2.4130288215309016e-8,9.95664068891337e-8,2.0411781984017958e-7,1.804458807390771e-9,5.63776266189023e-8,1.5042636742486027e-7,1.1275060205391448e-7,1.0663214662497749e-7,0.0,3.573767282799037e-8,2.4893080723767813e-9,5.920167568100257e-8,5.9122563021330926e-8,2.075943258677819e-9,3.0830492231773027e-8,7.37586307366465e-8,1.9668262882735735e-8,6.152178742484705e-8,0.0,8.838137101032047e-9,3.6009410612060495e-7,1.631033576989629e-7,3.07947801968766e-7,9.137833441056108e-8,1.2002720039484621e-8,2.466055990214692e-7,1.199562750735364e-7,1.101283774273074e-7,3.633341582039839e-8,1.9392848467494142e-7,1.252331644228522e-7,0.0,4.418520945777656e-8,1.1548510830419679e-8,8.704776122863948e-9,1.4215874151804425e-7,7.115648107567954e-8,2.4108403309857853e-8,1.6749894306061556e-9,1.3566425403574993e-9,1.0621903040740072e-8,5.395469970851685e-8,1.2072390428934325e-8,3.77788412673487e-7,6.070557640018038e-8,1.0810617141403612e-7,2.2280206132880304e-7,2.1316382570242657e-9,1.6840095553642113e-8,8.258118468624903e-8,2.0278783299710342e-9,1.0794893144532738e-8,1.2818311325937172e-8,7.167036057696604e-8,2.2658874170309907e-9,9.0962184398842e-9,1.3077571849361545e-8,7.553688057206992e-8,2.2607722671481747e-9,9.426789935246626e-9,1.295038348000419e-8,7.680080603340723e-8,2.16901071626902e-9,9.571696993969472e-9,1.3839619890922083e-8,7.454395468438648e-8,2.3472009301909316e-9,9.282476757542647e-9,1.2869238425941442e-8,7.404070955189492e-8,2.13084774135992e-9,9.293076423458464e-9,1.2757749403958476e-8,7.949118422345781e-8,2.2845828473077484e-9,9.5844705630764e-9,1.2884497046279762e-8,7.191077685244572e-8,2.264041181783394e-9,9.030276865128167e-9,1.1907208051496591e-8,7.393660780743594e-8,1.992616324864832e-9,9.72190831524147e-9,1.350378650497294e-8,8.064677838095378e-8,1.9191837715077997e-9,1.0436588022389824e-8,1.115442899123132e-8,1.5850224250977237e-8,8.119588224789207e-8,2.2919271081544957e-9,9.658527009078179e-9,5.217634804047317e-6
t85,1.0241380363180301e-8,5.7084499431027334e-8,3.175954648954043e-8,1.0813509564900498e-7,2.3416431748753463e-7,1.947201849461412e-9,6.60766700949552e-8,1.5988755102566247e-7,1.226454710907036e-7,1.2642439252889506e-7,0.0,3.698984487524991e-8,2.6025506828637096e-9,7.121190908729759e-8,6.396831372100947e-8,2.1855504814226864e-9,3.511632701659522e-8,9.070865437076936e-8,2.4172831103537803e-8,7.550053521843322e-8,0.0,1.0959189007311249e-8,4.0632746402436625e-7,1.6960398291317704e-7,3.165020020268855e-7,1.1331973736042453e-7,1.4913270136241808e-8,2.739808699510293e-7,1.368254316565362e-7,1.377491699531059e-7,4.719087127745055e-8,2.1926227568687526e-7,1.4783393487922107e-7,0.0,5.418670735464351e-8,1.4651082318959616e-8,9.517982254305242e-9,1.6425869568241537e-7,8.385475636364478e-8,2.5168931928182647e-8,1.8000980304780497e-9,1.431824348078219e-9,1.2199145731768354e-8,6.28329369676029e-8,1.5017099235794074e-8,4.1265422828982716e-7,6.959063725100459e-8,1.1486980082051724e-7,2.4568459672134836e-7,2.306289217988337e-9,1.8983084658746965e-8,8.95517399264027e-8,2.088942490927051e-9,1.203586320862628e-8,1.4196197778958792e-8,7.663825426245871e-8,2.33355464976393e-9,9.888023586610068e-9,1.4506043559165769e-8,8.118368504602792e-8,2.32785004926554e-9,1.0291357579000631e-8,1.4391952761376827e-8,8.287506144238527e-8,2.2313775390502527e-9,1.0535941289643304e-8,1.5478643815672927e-8,8.009912565440206e-8,2.423471248842675e-9,1.0149791009663888e-8,1.4331511676342433e-8,7.974142462343789e-8,2.194704261388839e-9,1.0220345076602788e-8,1.4258174815921831e-8,8.637357197836755e-8,2.361236616450269e-9,1.0642888452316097e-8,1.441983206666364e-8,7.732826188609777e-8,2.336131094079071e-9,9.866859793683788e-9,1.3150982136420831e-8,7.990416818966063e-8,2.0469600562456497e-9,1.0803998135901923e-8,1.5159008250147017e-8,8.773534618572187e-8,1.9752185760186085e-9,1.182912186670449e-8,1.269234016719512e-8,1.7845266856835594e-8,8.824986277183103e-8,2.3741086794044962e-9,1.0882593570699999e-8,5.836249533297459e-6
t86,1.097544467091525e-8,7.05297780162305e-8,4.426306058967378e-8,1.1666053870883708e-7,2.662638381603823e-7,2.0964100367279617e-9,7.96161300232359e-8,1.7058419794673657e-7,1.3430562752759812e-7,1.5533649587789026e-7,0.0,3.8290598958701396e-8,2.730088163448929e-9,8.963974021307521e-8,6.960497033303206e-8,2.3190361979957347e-9,4.079500999094247e-8,1.1784298774446195e-7,3.1484764903548995e-8,9.748153273439757e-8,0.0,1.4438336516475611e-8,4.661434951537537e-7,1.766042767103564e-7,3.2550514047914913e-7,1.4959612002044938e-7,1.975912305466451e-8,3.0763355481805556e-7,1.5930510500851524e-7,1.8416052291025879e-7,6.75037644904307e-8,2.529462192396507e-7,1.80866373954769e-7,0.0,7.05731752759871e-8,2.042864771905773e-8,1.0518026499951241e-8,1.9461743855089305e-7,1.0224793596428794e-7,2.633745783631793e-8,1.953228336267859e-9,1.522285403265595e-9,1.433563990045465e-8,7.528199412156376e-8,1.9882484354764845e-8,4.5470415691460765e-7,8.149982352176043e-8,1.2245802332582367e-7,2.737124896084355e-7,2.51623932491122e-9,2.1519870579905035e-8,9.631498885775827e-8,2.1466501240479596e-9,1.3294776458261812e-8,1.5968693874751446e-8,8.233278446468915e-8,2.4106897169293357e-9,1.0876351580307886e-8,1.636773760627624e-8,8.777212353248611e-8,2.4025648617119766e-9,1.1395735927390994e-8,1.6270257501663047e-8,9.00067111652139e-8,2.3013485348689795e-9,1.17810704964075e-8,1.764942837628392e-8,8.656896733863992e-8,2.507148307083937e-9,1.1255796507913228e-8,1.623238728994358e-8,8.639377987027305e-8,2.2655604101214803e-9,1.1398751082415133e-8,1.6219075090602037e-8,9.45683931146236e-8,2.4451966920661443e-9,1.1970255200170934e-8,1.6433653499924006e-8,8.362124419762849e-8,2.4155856721084522e-9,1.0919381314826793e-8,1.4744091746678354e-8,8.696326955296024e-8,2.1093569271124833e-9,1.2249654949065023e-8,1.7298237099823107e-8,9.613906705465866e-8,2.037581498420274e-9,1.3634422338001068e-8,1.4712778106264728e-8,2.0461013750986172e-8,9.660159035512749e-8,2.4667001460290184e-9,1.2445329562165277e-8,6.665761382147295e-6
t87,1.1798968231913508e-8,9.300415212277691e-8,7.588704014353858e-8,1.2671878374398815e-7,3.1054892645671197e-7,2.2671274161495813e-9,1.0043457645333801e-7,1.8275264353443152e-7,1.4831760719705583e-7,2.0179189346201576e-7,0.0,3.967513122187702e-8,2.8690828315856798e-9,1.2189780559450228e-7,7.629348993144106e-8,2.4833043343657476e-9,4.867112650085176e-8,1.6843304497752132e-7,4.581508123158817e-8,1.3860126138112957e-7,0.0,2.1238238387810363e-8,5.478566524562531e-7,1.8422916611322014e-7,3.350404453783484e-7,2.222825689219188e-7,2.9611410831981477e-8,3.538559434404414e-7,1.9132158712972932e-7,2.782038102946825e-7,1.1869961838754816e-7,3.019645735814017e-7,2.3449991151740238e-7,0.0,1.0314658948767879e-7,3.622693747266604e-8,1.1819223591058925e-8,2.4066232979295865e-7,1.325242713611127e-7,2.764764918126186e-8,2.1263762781886075e-9,1.6222876978843444e-9,1.729781040936242e-8,9.423572314925909e-8,2.9737090014410703e-8,5.068767939582803e-7,9.847086959595233e-8,1.3196320547004842e-7,3.107607187662207e-7,2.762670940888264e-9,2.4845208588645575e-8,1.0425260805259506e-7,2.202280118104505e-9,1.4865146899517817e-8,1.821625529649576e-8,8.901318892693134e-8,2.4899530074199224e-9,1.2101683660550344e-8,1.876852896726725e-8,9.55985999847191e-8,2.4833058135801203e-9,1.2793463397369588e-8,1.8701790499473842e-8,9.854958713924634e-8,2.374833964474527e-9,1.3387533466125821e-8,2.0528908609162523e-8,9.426039136047437e-8,2.5968168173770417e-9,1.2661893743271798e-8,1.8707234478226582e-8,9.432257653339282e-8,2.340128409516253e-9,1.2907510518048191e-8,1.8786871496442047e-8,1.0455859315056214e-7,2.5346164595067295e-9,1.3696424004431673e-8,1.9091517049399906e-8,9.113361700132004e-8,2.4996979233155845e-9,1.2249546626118191e-8,1.6787229518109365e-8,9.551173376190453e-8,2.1758498589461077e-9,1.4197627848802627e-8,2.0206057022345547e-8,1.0647427967429226e-7,2.094819229308137e-9,1.6199221216342074e-8,1.750359873179381e-8,2.3990132599185215e-8,1.0681561637413218e-7,2.558531163728862e-9,1.4531951038443583e-8,7.957512480375169e-6
t88,1.2760714974567168e-8,1.3981069577617828e-7,3.5176054855020486e-7,1.3890053767337637e-7,3.7779807974268916e-7,2.469923138195055e-9,1.375025564289673e-7,1.9685613354895534e-7,1.6569021526992506e-7,2.8949494570950865e-7,0.0,4.1169923427598904e-8,3.017786632126257e-9,1.9599405370071873e-7,8.445113100895878e-8,2.6811717960685027e-9,6.048039397394031e-8,2.9783499773268285e-7,9.093255389570264e-8,2.443626661639441e-7,0.0,4.037639167808387e-8,6.672339771209738e-7,1.9260379068440845e-7,3.45209017954163e-7,4.4589259625472665e-7,6.074670906598394e-8,4.271383975253312e-7,2.417014707284859e-7,5.720132305100254e-7,4.774445357208714e-7,3.851917741180825e-7,3.408836656889297e-7,0.0,2.049862231483427e-7,2.1587093563839086e-7,1.3654334056292827e-8,3.2123595792314763e-7,1.9452699380089618e-7,2.9144989071493575e-8,2.3271752969718952e-9,1.732213635438522e-9,2.1702674066096215e-8,1.263719514850374e-7,6.98180196857243e-8,5.731758706938137e-7,1.245243159623211e-7,1.448801241830356e-7,3.6396609510312893e-7,3.042347479190744e-9,2.9402020534792754e-8,1.1377564607232478e-7,2.253162973415242e-9,1.6945401622464127e-8,2.1209761969591993e-8,9.7055606457498e-8,2.5772980928101163e-9,1.371677862812354e-8,2.2007528942051782e-8,1.050827948412305e-7,2.569952682422559e-9,1.4646678782241966e-8,2.2029381407134013e-8,1.0906452979396459e-7,2.4530455054682467e-9,1.5620034901799865e-8,2.4571039703651853e-8,1.0364178441838428e-7,2.69148428052596e-9,1.4565725215482822e-8,2.2081444591855256e-8,1.0400028878012835e-7,2.4171800203122853e-9,1.494566075757727e-8,2.2317278242945732e-8,1.1702940539659373e-7,2.6282257318806658e-9,1.6087963311547234e-8,2.2780944956102246e-8,1.0035775318349495e-7,2.5873473714655736e-9,1.403582114783039e-8,1.953974730396075e-8,1.0630952905115924e-7,2.2410568949520273e-9,1.707482233656241e-8,2.4332349244712624e-8,1.1933131721687938e-7,2.1573041247820003e-9,2.005438665687354e-8,2.1610063664716024e-8,2.8996108186154954e-8,1.1941403889454868e-7,2.654522821385796e-9,1.7438785947784574e-8,1.1119667810085285e-5
t89,1.2791218915528914e-8,1.4671601940686287e-7,2.9736092973566732e-6,1.4078459867248746e-7,3.77765976717718e-7,2.4851235171737287e-9,2.2413984789928108e-7,2.1342041193834376e-7,1.8774817494941855e-7,5.232124285059607e-7,0.0,4.2798622434822435e-8,3.1779873225179748e-9,4.92798907690086e-7,9.443565816175419e-8,2.8986335677088995e-9,7.917232463091516e-8,1.2884366178672493e-6,3.7490390083768936,9.445433613820299e-7,0.0,3.31047633872973e-7,8.565223331994354e-7,2.0138991099799221e-7,3.5541458029948927e-7,1.1499587615279287e-5,0.05195541021842696,5.547759561467404e-7,3.264884240828627e-7,6.79886666351259e-7,1.704798764934336e-6,3.874334880453253e-7,3.575927294025884e-7,0.0,2.2871678487308578e-7,3.85004589317888,1.3756297174279136e-8,3.290993497439209e-7,2.004394829747062e-7,2.9312946343300397e-8,2.424101580868997e-9,1.7755427491708566e-9,2.8090431620454543e-8,1.7960941027598322e-7,8.945303656814085,6.462193512775625e-7,1.602484547887146e-7,1.597486335230173e-7,4.320158637928636e-7,3.2660842921876874e-9,3.2739001390338646e-8,1.1506527050718893e-7,2.2611367145628477e-9,1.6790029910477938e-8,2.5448418493005834e-8,1.0704030822213934e-7,2.668972533838055e-9,1.5974493970953496e-8,2.6664409309578688e-8,1.1684198319851106e-7,2.6604189619234548e-9,1.726099731355595e-8,2.6630289409285834e-8,1.2194243094360118e-7,2.5250215197196294e-9,1.8701599519780096e-8,3.029164756414047e-8,1.1506672526406884e-7,2.779673731046855e-9,1.715608141890101e-8,2.6689831725149855e-8,1.15814232144554e-7,2.487266771309901e-9,1.7689050664262097e-8,2.7178464425789115e-8,1.3263934752216388e-7,2.7131264303201666e-9,1.9424678433743278e-8,2.789589176056584e-8,1.1176872930560711e-7,2.6669006058530462e-9,1.639166231011809e-8,2.1146240471195396e-8,1.0798094088092689e-7,2.251704868126855e-9,1.7179430680174202e-8,2.753241781422839e-8,1.2095673411331475e-7,2.1702711408693853e-9,2.0320376286195555e-8,2.7034245361881533e-8,3.5720473892755786e-8,1.3474021800191368e-7,2.7320712533764955e-9,2.0806621343087407e-8,16.596373249624182
t90,1.2825904910377712e-8,1.5672490114625737e-7,5.560700658725908,1.4276775558273004e-7,3.823379412720431e-7,2.5090498084537003e-9,5.684124841145692e-7,2.3222622883046317e-7,2.0727263134795202e-7,2.2128743778772743e-6,0.0,4.451831366952104e-8,3.360183706822301e-9,5.570714034283662e-7,9.417458680428182e-8,2.9702910508107553e-9,7.959448843285803e-8,1.2162215197278882e-6,4.4483905286366925,8.628693749395607e-7,0.0,1.008415388106274e-6,8.437708879221919e-7,2.0116266684474476e-7,3.5530239538036805e-7,1.8742402298548337e-5,0.02588695237767965,5.320378556602071e-7,3.259254115086919e-7,7.238089796460811e-7,7.691025160869198e-5,3.8722862953027726e-7,3.6289511081275585e-7,0.0,2.6102364976569157e-7,1.903557733822012,1.399921815085928e-8,3.401702804212566e-7,2.1062097076371298e-7,2.9503686097635784e-8,2.4520398073491144e-9,1.7943405005082832e-9,2.9822204418721784e-8,1.7922039549026332e-7,6.129927252241423,6.471206561924802e-7,1.589146749820713e-7,1.5783839262840165e-7,4.259011103394775e-7,3.350178015674402e-9,3.6273254829514286e-8,1.1584776115866311e-7,2.2622098452702703e-9,1.6536490012229694e-8,3.016446633186303e-8,1.1930124808947534e-7,2.752136697600294e-9,1.9109374285725904e-8,3.190729887214098e-8,1.3134034321676543e-7,2.7432183319099792e-9,2.103490849403075e-8,2.92132270330062e-8,1.2190299333034076e-7,2.5262658144959586e-9,1.8248035219003694e-8,3.4169122477042794e-8,1.1507608075063356e-7,2.7818411190805218e-9,1.6770155482145507e-8,2.9171149444562104e-8,1.1569435723606628e-7,2.492158018369265e-9,1.7204055788359816e-8,2.9815981236800916e-8,1.327172881682954e-7,2.7203801654355307e-9,1.8893320261447286e-8,3.074236065633494e-8,1.1187074155755144e-7,2.6645755543333856e-9,1.5906257157598513e-8,2.2541788876281706e-8,1.0864748357961979e-7,2.2537552499524508e-9,1.7092884719583753e-8,3.2410964647975526e-8,1.2243721639870827e-7,2.173076869512325e-9,2.07520815362297e-8,2.676518866669549e-8,4.019363001161616e-8,1.3524333876624212e-7,2.7257423111336067e-9,2.033985113988207e-8,18.068574692898245
t91,1.2374311768467876e-8,1.298053755955078e-7,3.7996198941451975e-7,1.3844803017432187e-7,3.475695288272218e-7,2.4263934728124636e-9,2.9895293216153814e-7,2.2080182394799238e-7,2.0076138229518282e-7,7.604496961736364e-7,0.0,4.34473440739115e-8,3.3434728998302852e-9,2.927576655676386e-7,8.879075956625454e-8,2.8224348735378173e-9,6.862388772315878e-8,4.806228827307586e-7,2.0370082565843972e-7,3.710812553925783e-7,0.0,8.010157988967402e-8,7.414526911613495e-7,1.9683820050489947e-7,3.502011617430068e-7,1.1259140993628915e-6,1.7883269550674665e-7,4.561516805020452e-7,2.795001426834668e-7,4.7085752895798225e-7,3.7314491411338754e-7,3.430153734112659e-7,3.0032164257704057e-7,0.0,1.704746973107386e-7,1.3190260031906285e-7,1.3071777201750653e-8,2.921555992825392e-7,1.709563597513598e-7,2.880880944426455e-8,2.3335565663997024e-9,1.7387675304089562e-9,2.338118579185496e-8,1.391363612472386e-7,9.993369826202484e-8,5.991048238889474e-7,1.319191797357716e-7,1.4643022469378707e-7,3.756167412297774e-7,3.0981455284464562e-9,3.1584832944088696e-8,1.1200585129572142e-7,2.2417551549436532e-9,1.5310343013596073e-8,2.7463696106540945e-8,1.117020704057439e-7,2.713625090860594e-9,1.6556313154939697e-8,2.9025689049885755e-8,1.2254741126998064e-7,2.6995591063297302e-9,1.7999047060764912e-8,2.5023429633715842e-8,1.1501598189540406e-7,2.4870406611871934e-9,1.6208320841105303e-8,2.862683145214082e-8,1.0899122563732429e-7,2.734169616217386e-9,1.504329324837377e-8,2.500134961804077e-8,1.0947219549168939e-7,2.455315918595544e-9,1.537308622204951e-8,2.5402194891117383e-8,1.2494776148454967e-7,2.674099697909922e-9,1.6670261082345473e-8,2.6060276704527606e-8,1.057576998163077e-7,2.6222476772319804e-9,1.4301698627844442e-8,2.0106992973025386e-8,1.0320313371616384e-7,2.228109406145863e-9,1.5425876783481394e-8,2.7430320497116722e-8,1.1576085578652584e-7,2.151739806601719e-9,1.8223416139614635e-8,2.2572948396977273e-8,3.18262339852789e-8,1.2578691830860013e-7,2.675054447044894e-9,1.7377192564422935e-8,1.3054623697197515e-5
t92,1.1945473863765958e-8,1.1200150199625542e-7,1.4781369705165518e-7,1.3446678281622412e-7,3.214993696017073e-7,2.341260328857702e-9,2.0530448203341616e-7,2.1059767865593087e-7,1.819676441097589e-7,4.6698364649560026e-7,0.0,4.255002381654792e-8,3.3049074798963678e-9,1.9658739989148397e-7,8.418671125636086e-8,2.7085680109293667e-9,6.055637183516947e-8,3.044084457477101e-7,9.524001650119063e-8,2.3998344284945334e-7,0.0,4.2632679747861915e-8,6.675152408164001e-7,1.9276059664303732e-7,3.45278681992454e-7,5.418330267188015e-7,7.285561071419736e-8,4.102120742166902e-7,2.472626364257939e-7,3.4719788210934203e-7,1.7532885872843802e-7,3.1185160783641135e-7,2.5828725296803775e-7,0.0,1.276205245567621e-7,5.498503987633312e-8,1.235610721385009e-8,2.5839371821333236e-7,1.4566589831662494e-7,2.8160587956383472e-8,2.2092204240070963e-9,1.6719888639155982e-9,1.9068641350314128e-8,1.151131336361799e-7,4.901526544533019e-8,5.594397808638272e-7,1.1363520228146484e-7,1.3865173278324933e-7,3.414530759125805e-7,2.8673009689269075e-9,2.816606400402471e-8,1.0853230597517887e-7,2.208863379932647e-9,1.4331007963289827e-8,2.3686360744508837e-8,1.0539787041773921e-7,2.6715196627353937e-9,1.4864888472687823e-8,2.4815998897556416e-8,1.1510431367566873e-7,2.6598157440155914e-9,1.603105039659596e-8,2.210154877799937e-8,1.0900538711847101e-7,2.4535100245907133e-9,1.4776852866108514e-8,2.4914624997238204e-8,1.0371822802783433e-7,2.6958568982949616e-9,1.383922207340998e-8,2.2093227210332542e-8,1.0406071800013965e-7,2.4167345251691965e-9,1.4073297924477901e-8,2.236773306405742e-8,1.1815931956128364e-7,2.6332451648169545e-9,1.5102507944576432e-8,2.2835862853094658e-8,1.0063712406063324e-7,2.5883866013432546e-9,1.316714139628156e-8,1.8179471067098782e-8,9.843918015144932e-8,2.1965129441616298e-9,1.4150275131945346e-8,2.391423725967265e-8,1.099641741456022e-7,2.1108078626849125e-9,1.6445094990541898e-8,1.969834485443555e-8,2.6223914286270897e-8,1.1789199766541034e-7,2.594204934318359e-9,1.5374700369039653e-8,1.006706429600918e-5
t93,1.1588126716270365e-8,9.969812550881994e-8,9.760664919037519e-8,1.3099100340366562e-7,3.0196878175783474e-7,2.291784749836062e-9,1.5714276342883468e-7,2.0103801624414505e-7,1.6643886424615104e-7,3.3833992679928855e-7,0.0,4.16938217539327e-8,3.2443404141764522e-9,1.4820946992173073e-7,8.005058044103864e-8,2.608542801310137e-9,5.415208254746925e-8,2.2329492254276013e-7,6.416016297489082e-8,1.7847820377096601e-7,0.0,2.9290352635398426e-8,6.103864824782038e-7,1.8893251822472402e-7,3.405036044178414e-7,3.5755201755045556e-7,4.571794245611813e-8,3.7815260792707265e-7,2.2271968633130706e-7,2.7490806351019513e-7,1.1389851384798259e-7,2.883614909031563e-7,2.2777052379891134e-7,0.0,1.0275298615621587e-7,3.560757476790537e-8,1.1764059979442765e-8,2.329179880186466e-7,1.2779719987640913e-7,2.7541751813539494e-8,2.095020811586861e-9,1.6085225951818944e-9,1.614192278364681e-8,9.894186640769328e-8,3.308057821110806e-8,5.260966248230172e-7,1.0043492461442355e-7,1.3298118590912848e-7,3.16292584514923e-7,2.6675551203353883e-9,2.5511043188037258e-8,1.053423227318614e-7,2.2019437379198427e-9,1.3570717393074166e-8,2.083675719070959e-8,9.990643485236302e-8,2.6188687183746395e-9,1.3582668759217261e-8,2.170870645805039e-8,1.0854388233001512e-7,2.6103231298330582e-9,1.4550379625279337e-8,1.9890502155961774e-8,1.0364660478094373e-7,2.414876567368313e-9,1.3663158476931558e-8,2.2122720000324982e-8,9.901114542322416e-8,2.651469990360085e-9,1.2879301750994615e-8,1.9910204182809013e-8,9.928542951778305e-8,2.3853535196904212e-9,1.3078583867806924e-8,2.0103880744988348e-8,1.1213798450233985e-7,2.594374006501895e-9,1.3921911742589103e-8,2.0419526265170213e-8,9.622987010491734e-8,2.5490648539686668e-9,1.2293029402275113e-8,1.6670057048214764e-8,9.42716099955309e-8,2.1670002307042856e-9,1.3168450081016235e-8,2.1252848957135474e-8,1.0475478090378786e-7,2.0699248043320426e-9,1.5073702775903988e-8,1.759666245345685e-8,2.2424419741570153e-8,1.110662672162508e-7,2.514387162661257e-9,1.3885650986040064e-8,8.709001122026357e-6
t94,1.1235180680701801e-8,8.990335594074404e-8,7.216060622168298e-8,1.2749024885387391e-7,2.851539934975929e-7,2.2236133251829634e-9,1.281736544673209e-7,1.9260347915157754e-7,1.5359363849526551e-7,2.662134723084091e-7,0.0,4.086441709328026e-8,3.165441934020909e-9,1.197723410868928e-7,7.628779008799793e-8,2.5123878487853692e-9,4.90657514701689e-8,1.7659425423269633e-7,4.889067895520722e-8,1.4261611267956497e-7,0.0,2.2425999803714555e-8,5.6412079173445e-7,1.8523975323521336e-7,3.357615396525679e-7,2.680022542158472e-7,3.353620866561394e-8,3.5354483340546994e-7,2.0308546944154232e-7,2.2795780431031509e-7,8.448432700458393e-8,2.6962057887655843e-7,2.0440900647668183e-7,0.0,8.6413626304337e-8,2.6585564318116528e-8,1.1258155559158006e-8,2.126418939378902e-7,1.1429236802474465e-7,2.6943458723792514e-8,1.995559487530376e-9,1.5523690347035402e-9,1.3967987508358826e-8,8.680258964623724e-8,2.4754041247113697e-8,4.964915695111473e-7,9.008357631558776e-8,1.282766737388232e-7,2.9583501366257156e-7,2.4959686082460138e-9,2.33783725519363e-8,1.0240258997161954e-7,2.174091285639159e-9,1.2937226303962989e-8,1.8667822535233785e-8,9.516852482786027e-8,2.5646628011404e-9,1.2582101702882947e-8,1.9367749388492877e-8,1.0280778538427446e-7,2.5496466246897295e-9,1.3395865927591787e-8,1.8094027098533922e-8,9.888767731979993e-8,2.3647812573097378e-9,1.2722048288198882e-8,1.9962929692402075e-8,9.48034264258972e-8,2.589138595444364e-9,1.210011371962387e-8,1.8137799444666773e-8,9.500941960613229e-8,2.3384453583239554e-9,1.2233088107409268e-8,1.8286814133908918e-8,1.0677384396455734e-7,2.5341448576354945e-9,1.2981281228585712e-8,1.8507668475782806e-8,9.237679719086752e-8,2.4919356296416204e-9,1.1557348787018189e-8,1.5438414460471587e-8,9.060541523989596e-8,2.1278916123764205e-9,1.2380056120686017e-8,1.917898578521415e-8,9.997455286822896e-8,2.038489149079207e-9,1.3959654370930006e-8,1.5948506960048253e-8,1.9598602527461198e-8,1.0491285863337034e-7,2.4488531809121403e-9,1.2724648437868107e-8,7.83518549861549e-6
t95,1.0938040488774277e-8,8.20502551487227e-8,5.723873843922598e-8,1.2419304349658453e-7,2.709211999178168e-7,2.1634732007595255e-9,1.0828522469166137e-7,1.8462013266054985e-7,1.4260351126291045e-7,2.1942764871691235e-7,0.0,4.0093629280187394e-8,3.0941557448586617e-9,1.0056424040314669e-7,7.289590345442149e-8,2.4274621608946396e-9,4.485213681880274e-8,1.4622626507217542e-7,3.9663921077994795e-8,1.1883881600167591e-7,0.0,1.8217393765839982e-8,5.259170070914399e-7,1.817428967908923e-7,3.3121379024393326e-7,2.1450761861293146e-7,2.652973408015609e-8,3.340172732736609e-7,1.871183114544662e-7,1.9448333572633968e-7,6.693913623717966e-8,2.538739426625281e-7,1.8557347472906735e-7,0.0,7.46289962036553e-8,2.1298486017099897e-8,1.0815995404139497e-8,1.960214067976948e-7,1.0362919028018965e-7,2.6390097528233623e-8,1.911949088717619e-9,1.5055577208284101e-9,1.230048678710682e-8,7.741144118441067e-8,1.968812420862303e-8,4.702002877000336e-7,8.177936722442922e-8,1.2427039345375042e-7,2.7859245911509736e-7,2.352737759132619e-9,2.1589618540908177e-8,9.969090793300492e-8,2.149419505143573e-9,1.2416829538665396e-8,1.6978296658763358e-8,9.08270788034046e-8,2.512685658932921e-9,1.1796919235868922e-8,1.75559288975273e-8,9.759611973395667e-8,2.5011602373208665e-9,1.2497590849491118e-8,1.6694970223696116e-8,9.449776731087845e-8,2.3265128717997877e-9,1.200374716185352e-8,1.8239689431051712e-8,9.093404477775644e-8,2.5470765594333385e-9,1.1479812022830877e-8,1.673520261475441e-8,9.107728927662589e-8,2.2996579688169896e-9,1.1570599003334902e-8,1.6865468961437736e-8,1.0186624037508984e-7,2.491379524057476e-9,1.2231678574637276e-8,1.701389207293379e-8,8.889699897792e-8,2.453579644928314e-9,1.100070717348348e-8,1.4429651375709941e-8,8.722343751687143e-8,2.0983287897683534e-9,1.1734879666280035e-8,1.747432167976788e-8,9.565283906190387e-8,2.0085820187685465e-9,1.3032105987878918e-8,1.4615940306428165e-8,1.7383880253208655e-8,9.946348877585264e-8,2.3951069181026474e-9,1.1769947841228755e-8,7.194650069491732e-6
t96,1.0667874985925924e-8,7.547800289594619e-8,4.723897092889463e-8,1.210006212862045e-7,2.5832637602734756e-7,2.11080466680159e-9,9.399963880287633e-8,1.7740826649580945e-7,1.3321459027643207e-7,1.8680425646620732e-7,0.0,3.936463090942675e-8,3.0284348623933807e-9,8.703504413878029e-8,6.981451664966245e-8,2.3539127347019003e-9,4.135647975758076e-8,1.2509065868120332e-7,3.35481293795625e-8,1.021069988721258e-7,0.0,1.5402309405039175e-8,4.935842675178447e-7,1.7841513703873492e-7,3.268678472825583e-7,1.7952138333901792e-7,2.2063319208014202e-8,3.178521021174068e-7,1.7393496775286894e-7,1.6967143998572698e-7,5.543125494539793e-8,2.4036558193433106e-7,1.7013789153385275e-7,0.0,6.565844966308823e-8,1.7795872554347553e-8,1.0414895311234816e-8,1.8199751211335761e-7,9.489831171212184e-8,2.5860243817477505e-8,1.8366395623373358e-9,1.4628795557564633e-9,1.0977834033693686e-8,6.987487481812439e-8,1.636322848779581e-8,4.465284175264328e-7,7.491013718928309e-8,1.2058815524494517e-7,2.63348809616143e-7,2.2253723834314293e-9,2.0068716377590064e-8,9.717950656627638e-8,2.1279410573855685e-9,1.1971018725740355e-8,1.557224346349435e-8,8.696082506277656e-8,2.4697453531902452e-9,1.1146680878401387e-8,1.606630851892919e-8,9.294882901891574e-8,2.4557694209943972e-9,1.1761260096936286e-8,1.552257855435085e-8,9.055299333005124e-8,2.290913658729195e-9,1.1411660775782872e-8,1.680734741146972e-8,8.745311660839745e-8,2.5059017028220035e-9,1.097553931733435e-8,1.5550317304184396e-8,8.754371602153684e-8,2.2662774690233055e-9,1.1018046612637731e-8,1.568315302169791e-8,9.746039468641107e-8,2.451219354409704e-9,1.161604564510161e-8,1.5789518724352672e-8,8.578765920809217e-8,2.415896023722204e-9,1.0552182986325505e-8,1.3555537451847398e-8,8.416485477212133e-8,2.069087645869199e-9,1.1184339459063306e-8,1.6064771702917916e-8,9.17251827178492e-8,1.9776778746054016e-9,1.2254660478675349e-8,1.3507945821946472e-8,1.5613034847989396e-8,9.462093241128131e-8,2.3427248871012084e-9,1.0985587579242423e-8,6.69438700507582e-6
t97,5.957481058737221e-9,2.2924822608631125e-8,9.0041303964105e-9,5.533295209695513e-8,1.1870096006211613e-7,1.1044002975430938e-9,4.104511288310266e-8,1.108000553644601e-7,8.455808424196879e-8,7.669622670018221e-8,0.0,2.5633536268602873e-8,2.420723844745094e-9,3.478168533290677e-8,3.9461769287678675e-8,1.6995485595562422e-9,1.855195170008468e-8,4.477982594955371e-8,1.1729238297295315e-8,3.880301007721867e-8,0.0,5.074950705925623e-9,2.341455991274782e-7,1.1660002110864108e-7,2.3298593691516836e-7,5.120863594159104e-8,5.5929123483615895e-9,1.6603062819694896e-7,6.628602992230584e-8,5.52536351234788e-8,1.4701212302563001e-8,1.2906219349443778e-7,7.627738758039922e-8,0.0,3.3693093628495074e-8,6.6147424157455945e-9,6.229343118655433e-9,1.0130913795761296e-7,5.368471064981472e-8,1.4858884106580942e-8,1.143636145040129e-9,1.021089740332905e-9,6.672044848963016e-9,4.010543303973369e-8,7.297835471484931e-9,2.8533564688238844e-7,4.3419744678219544e-8,8.245691570679804e-8,1.7360769987994835e-7,1.693741315625908e-9,7.0816959320965475e-9,4.310601106530842e-8,1.6095952624959733e-9,6.4907721799697795e-9,8.07231704343424e-9,5.3018549924072624e-8,2.120401248195099e-9,7.401736357441836e-9,8.113434140848787e-9,5.4228555914369925e-8,2.1162382445239746e-9,7.369624647508851e-9,7.602495369607864e-9,5.0873051206100336e-8,1.9548555934327073e-9,7.139335194500241e-9,7.831212325136228e-9,5.0956993467586525e-8,2.0912512129390145e-9,6.953763144272866e-9,7.028856856029827e-9,4.64513432877229e-8,1.8199420890437538e-9,6.539300434624927e-9,6.778074428093564e-9,4.297046344474848e-8,1.8241901879273066e-9,6.607416352610007e-9,6.217621923708e-9,4.14169468796569e-8,1.6964440369350673e-9,5.908060620561814e-9,6.590219966391652e-9,4.30117012292024e-8,1.6148270528142934e-9,6.422971241516047e-9,7.420037678498816e-9,4.244124592808156e-8,1.6249137040751368e-9,7.68750312803817e-9,8.527847599229415e-9,9.292613157943984e-9,5.696978597079951e-8,2.0433329009231368e-9,7.884142526758866e-9,3.469270049480266e-6
t98,5.963063780087825e-9,2.304023418532128e-8,9.021827393620531e-9,5.579762544942343e-8,1.1858545837192087e-7,1.1036759774235091e-9,3.981065228508219e-8,1.1087312335772352e-7,8.55471042762023e-8,7.381925426445543e-8,0.0,2.5404335961254683e-8,2.391491458584047e-9,3.435509066836068e-8,3.9274644474346535e-8,1.6791105084717913e-9,1.8389449549383655e-8,4.3379397246800524e-8,1.1589583374793836e-8,3.8136340242844486e-8,0.0,5.056838669547023e-9,2.3098525286076654e-7,1.162784556841523e-7,2.3633394973832898e-7,5.1254811220371385e-8,5.674777533991563e-9,1.68855749011175e-7,6.660350909462114e-8,5.476990732415903e-8,1.474497324823382e-8,1.2940952676144325e-7,7.59348407442938e-8,0.0,3.2796978077709594e-8,6.5186723906963946e-9,6.144045157138015e-9,9.967879895906294e-8,5.279237453599989e-8,1.4865593869596363e-8,1.169751317996005e-9,1.0443561046274393e-9,6.739758912342028e-9,3.894483190024746e-8,7.189423979283317e-9,2.827373915103379e-7,4.230541659071589e-8,8.235286436387149e-8,1.7161008673924677e-7,1.7179882081729093e-9,7.312979355901408e-9,4.3365591821849154e-8,1.6113650443631734e-9,6.486229636873712e-9,8.181789036372366e-9,5.2560485585959765e-8,2.0895806305803787e-9,7.2400523092372325e-9,8.21933001149423e-9,5.3810163653959866e-8,2.085963107199077e-9,7.168069879081853e-9,7.732006170989755e-9,5.0815447154856835e-8,1.9357223986272615e-9,7.004882189354751e-9,7.95824797541013e-9,5.0788868528975077e-8,2.0681398847322405e-9,6.820063138857503e-9,7.175069036864366e-9,4.657383499655044e-8,1.8083145128201389e-9,6.484640632938088e-9,6.933916755677755e-9,4.335341463285562e-8,1.827424645406091e-9,6.596463522302214e-9,6.410074487946027e-9,4.182398767568404e-8,1.6954534639445653e-9,5.948540337141742e-9,6.727808933611162e-9,4.329272779918183e-8,1.613834736990285e-9,6.395719223070135e-9,7.419243753385569e-9,4.216249933681445e-8,1.6635728348137142e-9,7.3883102874640805e-9,8.246742129515488e-9,9.38947527564192e-9,5.588532182050712e-8,2.12151230708654e-9,7.655972551668747e-9,3.4545212405387867e-6
t99,5.9579139644276695e-9,2.32273414150421e-8,9.01653600643878e-9,5.623059881104318e-8,1.178000517070956e-7,1.1016462717656236e-9,3.856366819165592e-8,1.1103031780083126e-7,8.672075703189855e-8,7.092093319682998e-8,0.0,2.5178897035902345e-8,2.360716661501433e-9,3.3867764007636293e-8,3.9060627819602234e-8,1.6581697423208303e-9,1.820146103437036e-8,4.1847611569771234e-8,1.1440818518827099e-8,3.732664816342691e-8,0.0,5.025860075744388e-9,2.2707418324047047e-7,1.1601457005317065e-7,2.3996672382982486e-7,5.100800756860604e-8,5.687915180440909e-9,1.6990371024652276e-7,6.67610969940378e-8,5.402809929888203e-8,1.472385514977278e-8,1.2867087572586848e-7,7.520258865697369e-8,0.0,3.156937026212128e-8,6.3834565640141675e-9,6.014562780574817e-9,9.761962176644888e-8,5.166903865718047e-8,1.4807435258770861e-8,1.16539312823396e-9,1.0435074159013949e-9,6.711437182235951e-9,3.799533895379273e-8,7.0689775501173295e-9,2.8018120544811885e-7,4.137393690970841e-8,8.199213182283461e-8,1.6927909375478072e-7,1.6947234915918141e-9,7.541208256492333e-9,4.362045923273622e-8,1.6136129813406435e-9,6.4446936312217005e-9,8.30084873569647e-9,5.20912005742793e-8,2.064551185048393e-9,7.069814734697532e-9,8.340193839127699e-9,5.3400209017932116e-8,2.0621076294646103e-9,6.9646919176249665e-9,7.866489963433068e-9,5.074377918090486e-8,1.920201101952207e-9,6.845171070278249e-9,8.099714533452191e-9,5.0603472265940636e-8,2.0503834250886688e-9,6.671524986416087e-9,7.339202412395587e-9,4.669278198082245e-8,1.8003564323846579e-9,6.409530958245708e-9,7.103591622130203e-9,4.3747555627025784e-8,1.8258040594448215e-9,6.56285124378515e-9,6.614856398884536e-9,4.2179017663294314e-8,1.6959275832414602e-9,5.956981686971551e-9,6.87862271464438e-9,4.352070722930795e-8,1.6073237553816558e-9,6.328564106174773e-9,7.477121680591491e-9,4.2184672690730545e-8,1.649977310818523e-9,7.221113528444142e-9,8.133414611525821e-9,9.629197228102556e-9,5.599481422958249e-8,2.111965529557708e-9,7.573558673308043e-9,3.434703035137052e-6
t100,5.966516533542674e-9,2.295934709640563e-8,9.033559067702124e-9,5.683069317162063e-8,1.1711029529830026e-7,1.1018591439983e-9,3.745396616544181e-8,1.114952397117414e-7,8.845295054775618e-8,6.83988290073226e-8,0.0,2.498868221172505e-8,2.3296125629817276e-9,3.3529803767405924e-8,3.900257859296649e-8,1.646519912041819e-9,1.8089197772587093e-8,4.0560309552961415e-8,1.1341608467319248e-8,3.6674013387606765e-8,0.0,5.018848278755439e-9,2.2377294871771656e-7,1.1603610817315173e-7,2.4423845598700385e-7,5.083516542354528e-8,5.7093952012398075e-9,1.704140890096545e-7,6.707558336874717e-8,5.3520283120059376e-8,1.4750617732564727e-8,1.2796702572764006e-7,7.470162591301667e-8,0.0,3.0161592619253894e-8,6.237475475022276e-9,5.8705997800799456e-9,9.520584728688844e-8,5.029584217377244e-8,1.475941505377246e-8,1.1613740167490557e-9,1.0425303221878601e-9,6.716339553371852e-9,3.701207404003464e-8,6.963939434212905e-9,2.7758480929710824e-7,4.045161838845634e-8,8.113265416724833e-8,1.6606796705171093e-7,1.6761057208945738e-9,7.789616386648007e-9,4.404467481505714e-8,1.6161106367120872e-9,6.407995561313279e-9,8.469821955098534e-9,5.1740001890847436e-8,2.0438727396341824e-9,6.90701296590681e-9,8.52802394992633e-9,5.3157963732462255e-8,2.0436122926706157e-9,6.775659575892086e-9,8.074313604363283e-9,5.087226480903794e-8,1.909343514979436e-9,6.7018172466278095e-9,8.32797088635029e-9,5.0596936422460587e-8,2.0390412618820314e-9,6.53245605543203e-9,7.570836175515874e-9,4.697463608487924e-8,1.7965765237468573e-9,6.339901922098258e-9,7.344732282916773e-9,4.4302703812870816e-8,1.809600228311206e-9,6.541348692708958e-9,6.887434167651237e-9,4.262910292990369e-8,1.6976243046606192e-9,5.958082380799705e-9,7.080225921668824e-9,4.387833820297989e-8,1.6058086243352105e-9,6.266956701001761e-9,7.516319556654745e-9,4.213337842150688e-8,1.6514204256508888e-9,7.0225371411518905e-9,7.970847222884775e-9,9.835079397355003e-9,5.607693635312596e-8,2.113784650999246e-9,7.4458847473475476e-9,3.4183745201813147e-6
t101,5.9794652699593946e-9,2.2407917516604377e-8,9.048521650958877e-9,5.7517317744066984e-8,1.1598816343928225e-7,1.1023871934265674e-9,3.61850444320932e-8,1.1195003314228986e-7,9.022313669625669e-8,6.549137450969884e-8,0.0,2.478992541194419e-8,2.2873044429664906e-9,3.302915205737623e-8,3.892157898880047e-8,1.6322210541236237e-9,1.793667436643868e-8,3.8966454617878366e-8,1.117606466928446e-8,3.5673251764156254e-8,0.0,4.984695259898848e-9,2.1931396731157889e-7,1.1606004784068281e-7,2.487029710868961e-7,5.01718839986443e-8,5.700049530627071e-9,1.6795080476214478e-7,6.700165645047106e-8,5.26522051738058e-8,1.4711102039816524e-8,1.2563604208577534e-7,7.35472860056586e-8,0.0,2.8526576376752782e-8,6.07273845590633e-9,5.702821208619623e-9,9.21972225169706e-8,4.849905041378305e-8,1.4704522690561313e-8,1.1612258939019932e-9,1.045507964612138e-9,6.7252235810263106e-9,3.5950030916344876e-8,6.858961577183535e-9,2.7468384213339894e-7,3.9327791555072876e-8,7.960613911543035e-8,1.6172592876737977e-7,1.6578008520575949e-9,8.048811782396365e-9,4.456785161316865e-8,1.6160752141367658e-9,6.3546380641222595e-9,8.615506198506615e-9,5.129399798165462e-8,2.0277846590090205e-9,6.70632642204022e-9,8.695480200016137e-9,5.283333896343784e-8,2.028203795174571e-9,6.540832107982521e-9,8.259264680658237e-9,5.0922251140481435e-8,1.900437183161475e-9,6.501642937312055e-9,8.538330230668664e-9,5.0496328036106536e-8,2.0311539247766174e-9,6.341300363373408e-9,7.784266425440437e-9,4.718094800666525e-8,1.7938653097511755e-9,6.210897567123273e-9,7.57106904128868e-9,4.479390185242003e-8,1.7624947302935101e-9,6.469533326343283e-9,7.14965106197552e-9,4.296636560900102e-8,1.696872351086515e-9,5.8943668844715295e-9,7.260063052181376e-9,4.413710201095752e-8,1.6073037555349585e-9,6.148136602381377e-9,7.534593544068364e-9,4.197216841082299e-8,1.66914794429797e-9,6.797719077345011e-9,7.768025372622319e-9,9.969611872453749e-9,5.604834855495481e-8,2.1166341103192635e-9,7.279763221328482e-9,3.3870864897259197e-6
t102,5.958901423646786e-9,2.190405728527127e-8,8.979837465463718e-9,5.793479437385245e-8,1.1290160324120182e-7,1.0956138799827111e-9,3.464293216013086e-8,1.1206309117251263e-7,9.188759025304738e-8,6.192463561885055e-8,0.0,2.456262937996398e-8,2.2297490279625227e-9,3.228057759842713e-8,3.874847409068658e-8,1.608882516675892e-9,1.77213170285605e-8,3.695334322623348e-8,1.0903272386137676e-8,3.417010818381526e-8,0.0,4.879256468901335e-9,2.1311618329564241e-7,1.1622526705891403e-7,2.5345914192824287e-7,4.871652740808508e-8,5.645249830510929e-9,1.6124595147213105e-7,6.629057979583157e-8,5.1142823681709086e-8,1.4552637642776142e-8,1.207756930358466e-7,7.136220605780907e-8,0.0,2.66843398258339e-8,5.673964518620892e-9,5.507532812664422e-9,8.835573949736808e-8,4.63105229187724e-8,1.4622539921952495e-8,1.1720601495291763e-9,1.059290972218794e-9,6.805817890633208e-9,3.481445081365764e-8,6.772679904220558e-9,2.717396348400946e-7,3.8168210223134136e-8,7.738656771516631e-8,1.5613728932905915e-7,1.6686737454749876e-9,8.307161456676217e-9,4.494417875516884e-8,1.6116439036749395e-9,6.232446086992014e-9,8.722797439967827e-9,5.067077852030931e-8,2.0203292859433195e-9,6.4537492458697504e-9,8.844595265476978e-9,5.235521879190809e-8,2.0139499137834975e-9,6.2402647314985596e-9,8.424294600752965e-9,5.08266943225689e-8,1.8911601052083625e-9,6.228416338965483e-9,8.745277918081287e-9,5.023106941077333e-8,2.023215310986039e-9,6.083806226389028e-9,7.974728026317841e-9,4.724690783774945e-8,1.7916103579373637e-9,5.996265159088881e-9,7.79214404215453e-9,4.513893640851428e-8,1.697408990531824e-9,6.316728692447073e-9,7.4030426570949975e-9,4.314401258951201e-8,1.7087858151066868e-9,5.746364302414335e-9,7.406531669340483e-9,4.4232798986079975e-8,1.6127265032214905e-9,5.9609067025169845e-9,7.519708925131681e-9,4.150006440779939e-8,1.6881274149121656e-9,6.549399538379423e-9,7.507585900196815e-9,1.0305604176434087e-8,5.532925028956603e-8,2.1586647487245706e-9,7.0566350653489825e-9,3.3324182299047396e-6
t103,6.069331409663352e-9,2.2121286414902283e-8,9.162475775257192e-9,5.952242716130444e-8,1.127685464877174e-7,1.13899644404717e-9,3.4646134223302265e-8,1.1449263865523351e-7,9.51059346220743e-8,6.21637616144052e-8,0.0,2.4565169390959217e-8,2.2793676948162703e-9,3.307033387070472e-8,3.9489525875459025e-8,1.6212458044243561e-9,1.8112249860574496e-8,3.6753599412482236e-8,1.103877293675207e-8,3.4162895248752814e-8,0.0,4.8557592463777545e-9,2.1444281502499798e-7,1.1679001142465484e-7,2.593705442628055e-7,4.958795847162309e-8,5.749061019092067e-9,1.6192960396666768e-7,6.7745849297727e-8,5.215488028648462e-8,1.4821746720888015e-8,1.215003993785644e-7,7.188624578466541e-8,0.0,2.62098918964011e-8,5.85825181456569e-9,5.4309558933475074e-9,8.76809591770926e-8,4.5854754150501195e-8,1.4681080193009005e-8,1.1300318906567024e-9,1.0173180941198817e-9,6.717078489309929e-9,3.3857217041017395e-8,6.655229920334127e-9,2.6958831941015645e-7,3.702358423770806e-8,7.485952358096073e-8,1.502472019607551e-7,1.641696275591336e-9,8.673909053945505e-9,4.6042219423990266e-8,1.6535955245614476e-9,6.279162860855499e-9,9.269220379982367e-9,5.176568793488589e-8,1.986547346478625e-9,6.630891271885789e-9,9.383261470399212e-9,5.3611275909655755e-8,1.9849497364288797e-9,6.555201781060066e-9,8.959105233456837e-9,5.22163898509503e-8,1.871466788961132e-9,6.548801492450972e-9,9.309956447200787e-9,5.159299386512597e-8,1.993361630821346e-9,6.403352927616672e-9,8.49208558724102e-9,4.859580827248991e-8,1.7788933444077653e-9,6.286672927573052e-9,8.291033878992362e-9,4.701046705719977e-8,1.907214441244251e-9,6.468490025768569e-9,7.922524663799895e-9,4.456157856749938e-8,1.7145450805106978e-9,6.047968738767987e-9,7.847814392253846e-9,4.557173459086564e-8,1.6011557202228026e-9,6.286556197095005e-9,7.757344627922455e-9,4.251637859407466e-8,1.6553740945479993e-9,6.693275410452572e-9,7.313791824973557e-9,1.0684881414789805e-8,5.618436628555531e-8,2.0832540112850483e-9,6.893722713472449e-9,3.3624709452066273e-6
t104,6.440880955331189e-9,2.426188529089934e-8,9.894604180330801e-9,6.357014084232279e-8,1.208485456939579e-7,1.1992060215458317e-9,3.762979900568679e-8,1.2202874634412198e-7,1.022028659249949e-7,6.756167474139735e-8,0.0,2.519468910655036e-8,2.352196890174251e-9,3.5722670772819675e-8,4.220370727300191e-8,1.6945421995344937e-9,1.9615084243073952e-8,4.031125919170221e-8,1.1990623050166456e-8,3.730249869974653e-8,0.0,5.293333393014783e-9,2.29755645166235e-7,1.2089131143593232e-7,2.7261172480322775e-7,5.371535542491903e-8,6.2595950045526816e-9,1.7330133444999342e-7,7.284689727153063e-8,5.6641288556146034e-8,1.613831304496571e-8,1.294865792383428e-7,7.748801018126941e-8,0.0,2.7795018585543637e-8,6.305217068221596e-9,5.6429367448720255e-9,9.277634359537326e-8,4.878247658805331e-8,1.5099959361959436e-8,1.1887251462003097e-9,1.055152386302661e-9,7.555429181552848e-9,3.7627542692941406e-8,7.499457300505933e-9,2.927408987515039e-7,4.092363066037402e-8,7.990415236504314e-8,1.6353983432091506e-7,1.7815505265138765e-9,9.367587006634391e-9,4.910523334436661e-8,1.6931039473243653e-9,6.711821630373667e-9,9.999229167932761e-9,5.458151697659634e-8,2.0866496496601093e-9,7.096559470163625e-9,1.0147070049781867e-8,5.683516822298772e-8,2.0812079051373237e-9,6.999047446604501e-9,9.682188358715646e-9,5.5625241774113784e-8,1.96129771926843e-9,6.981727931818311e-9,1.0097089900398656e-8,5.470329576760914e-8,2.094519184538424e-9,6.8224094755785475e-9,9.183682621521528e-9,5.167169733277009e-8,1.8597114483571163e-9,6.7163573404441855e-9,8.999046127260392e-9,5.0328718690891036e-8,1.9374350372112517e-9,6.966230206520077e-9,8.6158891470362e-9,4.725723904207688e-8,1.793742352631218e-9,6.4950361338604435e-9,8.470950380313339e-9,4.8371838630342735e-8,1.674992967612019e-9,6.7405595057654604e-9,8.130344518116211e-9,4.4299693166886505e-8,1.7020936513561628e-9,6.959011458499839e-9,7.988194516908185e-9,1.1770717714217308e-8,6.041857929384881e-8,2.1760523098399003e-9,7.512238115339783e-9,3.5993853503125965e-6
t105,6.843253028069368e-9,2.662812443319056e-8,1.0741349230938733e-8,6.828146258182976e-8,1.2915117205369543e-7,1.2647415667161764e-9,4.082975172517424e-8,1.3062918039280133e-7,1.1018281477671394e-7,7.362545569359344e-8,0.0,2.5805091135077642e-8,2.432159826332086e-9,3.879961596788631e-8,4.520804906279287e-8,1.7781513412321013e-9,2.132668713198584e-8,4.4074029406467944e-8,1.3037836358811388e-8,4.0670688099609745e-8,0.0,5.784733010018497e-9,2.463792994702204e-7,1.2510372723112392e-7,2.869181628922593e-7,5.842808080380307e-8,6.8214843705720456e-9,1.8381627150381222e-7,7.87499642312622e-8,6.179136496613139e-8,1.7656627760416193e-8,1.3738016383959606e-7,8.358040723997164e-8,0.0,2.9458072454427443e-8,6.778992758069183e-9,5.841151971756831e-9,9.8225853091122e-8,5.1951577061405106e-8,1.5497587594396538e-8,1.2325385345609703e-9,1.0808493186933132e-9,8.191594157974779e-9,4.030218996057981e-8,8.094550554896847e-9,3.127054919865267e-7,4.3794889096378344e-8,8.232530292593149e-8,1.7112105286656226e-7,1.8723794722584546e-9,1.0144160923629455e-8,5.2594145356979916e-8,1.7355567958292999e-9,7.171918640459219e-9,1.073919437436989e-8,5.783675558950449e-8,2.1575489336283937e-9,7.555309242951462e-9,1.0926636725224968e-8,6.060036363255787e-8,2.153201124169348e-9,7.465589594931084e-9,1.0410961572265561e-8,5.959873998411435e-8,2.0250082105301143e-9,7.440835200988775e-9,1.0907789457080898e-8,5.831409041671469e-8,2.1710039068892367e-9,7.260522823639391e-9,9.885363453113266e-9,5.525206428164944e-8,1.9226421436055586e-9,7.168417196953494e-9,9.703321086556857e-9,5.4292421752084365e-8,1.9680830139287986e-9,7.480880501672555e-9,9.322086068162075e-9,5.0372674432137045e-8,1.8582871995984288e-9,6.942020645102214e-9,9.085845830284768e-9,5.1606417559089314e-8,1.7296723716638631e-9,7.199785474246166e-9,8.643489014837121e-9,4.6876949392152555e-8,1.7166250457956285e-9,7.520996791091206e-9,8.544824474361534e-9,1.2855687175039333e-8,6.515303499432716e-8,2.2151089753198545e-9,8.019294477512455e-9,3.83873930079439e-6
t106,7.289629261166807e-9,2.9460103695436228e-8,1.1753280536222177e-8,7.380999929113415e-8,1.378501342068704e-7,1.3393525356595572e-9,4.453612928490187e-8,1.406643016338272e-7,1.1947254489081617e-7,8.056390151001147e-8,0.0,2.6428295992319107e-8,2.522174337667193e-9,4.2474902853270316e-8,4.867495374910319e-8,1.879127193391715e-9,2.3360091494732517e-8,4.828839157503018e-8,1.4272945260146361e-8,4.447285807187644e-8,0.0,6.3661727930748954e-9,2.648391881301721e-7,1.2959695837696055e-7,3.028176743416027e-7,6.40030780960998e-8,7.493911247884657e-9,1.9373200851295554e-7,8.567603405038579e-8,6.792605566998923e-8,1.949174757933583e-8,1.4536153090890809e-7,9.043988796138242e-8,0.0,3.117066163832121e-8,7.272007659059513e-9,6.034033553611094e-9,1.0345050822854743e-7,5.482808405276758e-8,1.5947556798842e-8,1.3145132503872957e-9,1.136236579374381e-9,8.952281853214296e-9,4.290406158181983e-8,8.673139052398427e-9,3.347025414016225e-7,4.655843967689574e-8,8.393703130543195e-8,1.772729022474136e-7,1.9906341781498685e-9,1.1074703485482111e-8,5.655280366043372e-8,1.7864042358351289e-9,7.69861319377961e-9,1.164068919826678e-8,6.149482307628097e-8,2.229516699453048e-9,8.055864180343819e-9,1.1874968842630598e-8,6.490244344365787e-8,2.2210216399732284e-9,8.00140534649052e-9,1.1294145263236608e-8,6.41730102788179e-8,2.089434966439122e-9,7.966184636689276e-9,1.1896778920123112e-8,6.242582660406403e-8,2.2421947898359925e-9,7.756208527506969e-9,1.0731777526177288e-8,5.9345437544085324e-8,1.9826648044444883e-9,7.68206072576306e-9,1.0550257901874363e-8,5.894616879857794e-8,2.0205978837641986e-9,8.046919789827627e-9,1.0163185176186608e-8,5.3897532173714063e-8,1.9237737074866515e-9,7.441560397036207e-9,9.80658153313558e-9,5.528135581493453e-8,1.7871691083099043e-9,7.719500800097209e-9,9.047460363809567e-9,4.8972667347482833e-8,1.769500797862681e-9,7.84157356721145e-9,9.038547110634527e-9,1.4067129303659769e-8,6.985309979724768e-8,2.2908132192676e-9,8.459500922751162e-9,4.099045875204873e-6
t107,7.78808228770726e-9,3.3031660427722394e-8,1.2976945989494368e-8,8.041110588348943e-8,1.4723442595704536e-7,1.425134421527954e-9,4.8857557163314174e-8,1.5237037838497714e-7,1.3028163026069632e-7,8.86958947139534e-8,0.0,2.706440851939677e-8,2.62692053163672e-9,4.692964767316461e-8,5.267271181642966e-8,1.992383516235714e-9,2.5814643033160505e-8,5.3149715959111594e-8,1.5760019007402383e-8,4.888968940512354e-8,0.0,7.072266742105791e-9,2.859014934369582e-7,1.3443146070083476e-7,3.2059722261122997e-7,7.074701839554803e-8,8.306899367945271e-9,2.033565162580753e-7,9.392159859278835e-8,7.535814733982263e-8,2.174144135645138e-8,1.5365212086827218e-7,9.834085439809341e-8,0.0,3.324094747043168e-8,7.865965939502761e-9,6.23489672803593e-9,1.0935823218170625e-7,5.815246376103608e-8,1.639806769222769e-8,1.3909402090924144e-9,1.185153299840345e-9,9.715222466941629e-9,4.576406701253725e-8,9.203259970906635e-9,3.608281980848577e-7,4.955867493430999e-8,8.533547543404356e-8,1.8336987206071717e-7,2.0844320045119826e-9,1.217372750913368e-8,6.114152521254756e-8,1.8424409547268769e-9,8.286722233370012e-9,1.2680866142337674e-8,6.566614059298615e-8,2.294739815357963e-9,8.599029520739543e-9,1.2981498341834344e-8,6.988764408614014e-8,2.287362660425279e-9,8.606116561606913e-9,1.2318844394897116e-8,6.952910294511849e-8,2.1498605140720706e-9,8.56390579796088e-9,1.3062504237148241e-8,6.719251426248075e-8,2.3135882602274356e-9,8.31054786565763e-9,1.1711498591806137e-8,6.411244026033838e-8,2.04279638503558e-9,8.258289673500523e-9,1.1534975454089071e-8,6.450017084201753e-8,2.088266588812162e-9,8.668908454665847e-9,1.1138189396361947e-8,5.793820286435943e-8,1.9900604220540787e-9,7.992411314650894e-9,1.0621484617447694e-8,5.951799054353384e-8,1.8390868885368576e-9,8.30893708546492e-9,9.664711876208027e-9,5.213757163204178e-8,1.7723234084433098e-9,8.50360621559508e-9,9.667259705525088e-9,1.565139884371022e-8,7.60425280628929e-8,2.2965588211759376e-9,9.0135593504623e-9,4.397987773477911e-6
t108,8.351785332160882e-9,3.730657349819021e-8,1.4494487143647092e-8,8.845118314502676e-8,1.5775892697935413e-7,1.523923270927579e-9,5.4048802872901975e-8,1.662980918249451e-7,1.4311258338575113e-7,9.855376633197567e-8,0.0,2.7724285121397085e-8,2.743294026394673e-9,5.249646694086222e-8,5.7380009803630524e-8,2.123451816578526e-9,2.885442176952188e-8,5.895149179732329e-8,1.759122116555075e-8,5.415093598175303e-8,0.0,7.957785733007662e-9,3.108805463749616e-7,1.3972836502088698e-7,3.4071847140578866e-7,7.915567833455483e-8,9.325703799657096e-9,2.1311518690536871e-7,1.0397019425464134e-7,8.476694152657138e-8,2.4627749939791214e-8,1.6279377707488037e-7,1.0786204530978498e-7,0.0,3.59853538299799e-8,8.449980432828443e-9,6.467300124424734e-9,1.163610408207127e-7,6.198356997125914e-8,1.6917408283534912e-8,1.4581892174354958e-9,1.226367157619711e-9,1.0740531619230958e-8,4.953674579179246e-8,9.915088730189743e-9,3.9463858829736257e-7,5.346826067335989e-8,8.697257156288123e-8,1.912990290234446e-7,2.182537606279733e-9,1.351148662928435e-8,6.659996440717446e-8,1.903590247167558e-9,8.96372388652916e-9,1.3916456955069409e-8,7.048025040104671e-8,2.358405410814833e-9,9.21210354964502e-9,1.4301374151881142e-8,7.574335249130809e-8,2.358492177325121e-9,9.317982112262968e-9,1.353436080269383e-8,7.5909058365586e-8,2.2126444799657527e-9,9.271185694264237e-9,1.4466297483384634e-8,7.279510318586562e-8,2.3909141066872296e-9,8.95432695714748e-9,1.2873230823292382e-8,6.974587059508481e-8,2.102736345453062e-9,8.935129512306714e-9,1.2704782534998745e-8,7.124976379578855e-8,2.170618646727891e-9,9.37802474945835e-9,1.2297669440587992e-8,6.263557665135769e-8,2.062536413537814e-9,8.621477991779736e-9,1.1560450686059003e-8,6.450771712312215e-8,1.895151613126139e-9,9.003540532663018e-9,1.0267822264375696e-8,5.570009044553734e-8,1.7696213323007333e-9,9.247508984203994e-9,1.0483730499690176e-8,1.7653737918232812e-8,8.407116662313458e-8,2.274284334657183e-9,9.720243383101683e-9,4.755554267765806e-6
t109,9.000811731861953e-9,4.144865706882388e-8,1.64494970883492e-8,9.849456852836056e-8,1.70139597558266e-7,1.6410163193486587e-9,6.047436689762589e-8,1.828310154749121e-7,1.5866073813747755e-7,1.1078631893054543e-7,0.0,2.8419810830526232e-8,2.8790529870876697e-9,5.9576824978466906e-8,6.305242843268344e-8,2.280746413144643e-9,3.272169588736734e-8,6.617256856922501e-8,1.9892399462526085e-8,6.059382102659308e-8,0.0,9.081666355530172e-9,3.413198969510931e-7,1.4527236724705173e-7,3.6315557820304743e-7,8.979362376642161e-8,1.0638862477597424e-8,2.2359137010768568e-7,1.1635763261382178e-7,9.7078252781756e-8,2.845311768108869e-8,1.736416890063885e-7,1.197779951736397e-7,0.0,3.88198537696986e-8,8.92681645807705e-9,6.735209436303152e-9,1.238051103728902e-7,6.610833947082428e-8,1.7500490968622977e-8,1.5122906378247868e-9,1.2681024316024592e-9,1.2060339170160155e-8,5.4139650253985266e-8,1.0718472309266228e-8,4.354495936295714e-7,5.8041392827709845e-8,8.872483960678503e-8,1.9997592598894787e-7,2.3610132464079906e-9,1.5196406569309094e-8,7.318157057706515e-8,1.9749286132069066e-9,9.768841046051373e-9,1.543781178337398e-8,7.594985049532112e-8,2.432337298056248e-9,9.910512429174406e-9,1.5984779439186344e-8,8.258653990221332e-8,2.4427188207583655e-9,1.0194703767893563e-8,1.5059245917383158e-8,8.350077123699875e-8,2.2866914605816544e-9,1.012116546502645e-8,1.6280799106924788e-8,7.931980713748245e-8,2.4831981367085874e-9,9.739661667798694e-9,1.432218013939743e-8,7.63657570515804e-8,2.174224860026493e-9,9.736700135856417e-9,1.4178381746886616e-8,7.94635584516925e-8,2.2608427041317426e-9,1.020368761647898e-8,1.3770975464169171e-8,6.806855866718247e-8,2.1437212974409825e-9,9.385083767113181e-9,1.2732359104909161e-8,7.036059531982858e-8,1.9568067384911687e-9,9.886316757823439e-9,1.0734449582928181e-8,5.9144645411889286e-8,1.8589228727822073e-9,9.937913621973562e-9,1.1408514863461221e-8,1.9873888881571725e-8,9.309693462740138e-8,2.3976518670685535e-9,1.050392502467272e-8,5.179644366714264e-6
t110,9.754428569754235e-9,4.844858334521817e-8,1.9060077861345072e-8,1.1131028219042408e-7,1.8548813374643344e-7,1.7705368289063044e-9,6.871292427771912e-8,2.0306441019498577e-7,1.7825527034068867e-7,1.2649062792717324e-7,0.0,2.9128546105206872e-8,3.002652448825877e-9,6.88938140557773e-8,6.997981506537812e-8,2.4587300528266518e-9,3.776096775871313e-8,7.546422901599961e-8,2.2873330827486125e-8,6.901392572027184e-8,0.0,1.0563559712742342e-8,3.8003143406277823e-7,1.5157075783209641e-7,3.891629308788172e-7,1.0375844658376694e-7,1.2143764980585024e-8,2.3569093876927075e-7,1.322661653985977e-7,1.1430148617856588e-7,3.3874340473961486e-8,1.87156946421191e-7,1.3558205963346296e-7,0.0,4.4654392592021406e-8,9.894459625539931e-9,7.126800825180641e-9,1.3625624681886917e-7,7.378336088218636e-8,1.822196261554332e-8,1.5899428805087202e-9,1.318116727621321e-9,1.4406779428577499e-8,6.372375434807345e-8,1.244774937983505e-8,5.002118306052202e-7,6.671113297282237e-8,9.308389818771827e-8,2.1834353173374235e-7,2.5842990968860087e-9,1.7420967395179394e-8,8.118411263680059e-8,2.0457649579366215e-9,1.0787407505888307e-8,1.70927987080102e-8,8.2728211569723e-8,2.501912003378429e-9,1.0656469131975226e-8,1.78530823494335e-8,9.113693374272511e-8,2.497978328389974e-9,1.1085204289491855e-8,1.6718821780758712e-8,9.31473568833175e-8,2.3417381185033777e-9,1.0989240944470665e-8,1.834087004337604e-8,8.750081076686885e-8,2.5487708465601044e-9,1.0517184652646092e-8,1.589592946616461e-8,8.473723172747849e-8,2.238766598057763e-9,1.0540991273801127e-8,1.58094304864193e-8,9.024057371179197e-8,2.3416342023959415e-9,1.1147110256988617e-8,1.5426487030397136e-8,7.497444513235037e-8,2.205962278561692e-9,1.0135553143103831e-8,1.3996366303450085e-8,7.787825155902204e-8,2.0158867110401298e-9,1.088389295699298e-8,1.1396331401415635e-8,6.359288237538138e-8,1.9373995974564414e-9,1.1009245218674549e-8,1.3089377435025625e-8,2.3459130689439007e-8,1.0674931295551295e-7,2.520271837535109e-9,1.1892121677683353e-8,5.7566025986608885e-6
t111,1.0675601805664266e-8,5.723981245970733e-8,2.2861865784640302e-8,1.2863165538010561e-7,2.062268188737236e-7,1.9305460635153294e-9,8.014198976696095e-8,2.278213817653829e-7,2.0346319872614036e-7,1.4794197866955891e-7,0.0,2.9949358669055225e-8,3.1297923675608613e-9,8.175224186998016e-8,7.882637475718586e-8,2.6288984931183216e-9,4.4851775643892015e-8,8.892493963359745e-8,2.7073993586393074e-8,8.089284827984108e-8,0.0,1.270372001896281e-8,4.308337238685983e-7,1.5867187046365806e-7,4.192818836904485e-7,1.2275006057449368e-7,1.4527339514935461e-8,2.5062166295829025e-7,1.5239602594343403e-7,1.3831048516310041e-7,4.183285095066943e-8,2.0415759811384066e-7,1.559966538634775e-7,0.0,5.19228344801933e-8,1.099725346793192e-8,7.568820402312667e-9,1.508349449343366e-7,8.290745073141503e-8,1.9011903495284557e-8,1.7351345944841543e-9,1.4121776630359202e-9,1.7027252959536024e-8,7.6323332935061e-8,1.4090662555589762e-8,5.843165259645279e-7,7.724998350231096e-8,9.774090118892203e-8,2.3978794771428724e-7,2.881991564621433e-9,2.041875848936827e-8,9.142203171758012e-8,2.133631464486583e-9,1.2146433123152052e-8,1.9555092967051386e-8,8.885797526892887e-8,2.5922709268333243e-9,1.152203550936376e-8,2.0532500998797004e-8,9.98664232514227e-8,2.590730318852389e-9,1.1937771115343327e-8,1.921454308556788e-8,1.0364601060108205e-7,2.4322342796328187e-9,1.1922909050106245e-8,2.135277472520516e-8,9.537611624892116e-8,2.6437625443744087e-9,1.1256243909493282e-8,1.8352356131645065e-8,9.332414392298741e-8,2.328498396685318e-9,1.1485674485637497e-8,1.827352005150151e-8,1.0216254692875739e-7,2.467629531392206e-9,1.2243411581346263e-8,1.775338390022281e-8,8.122283548339797e-8,2.311984455113221e-9,1.0805070092301323e-8,1.5802336337063605e-8,8.548983656488694e-8,2.097415434850114e-9,1.1950715330546019e-8,1.213697788153037e-8,6.847704321461946e-8,2.0297252366700716e-9,1.2216016523027089e-8,1.508994742377139e-8,2.8374917121544706e-8,1.2351382732591277e-7,2.704011050021031e-9,1.3474196524783484e-8,6.48036633639956e-6
t112,1.1802244528863677e-8,6.957217756094956e-8,2.8823293167227137e-8,1.5282559687859883e-7,2.3581042996176855e-7,2.1205342728673766e-9,9.772008497605144e-8,2.606627200239005e-7,2.3643116732659148e-7,1.83525816077892e-7,0.0,3.07649192916353e-8,3.280938876540682e-9,1.0248786975867387e-7,9.009315657796415e-8,2.805210533104853e-9,5.5853110471888e-8,1.1060097335133265e-7,3.339812349257698e-8,9.930044916356228e-8,0.0,1.6074567525971535e-8,5.050842059561218e-7,1.6647848941731314e-7,4.5428118452701005e-7,1.5383535615170013e-7,1.8297309888652187e-8,2.741952984549361e-7,1.8409353418731317e-7,1.7944300450409764e-7,5.537173193676955e-8,2.298027792659246e-7,1.8868732891837438e-7,0.0,5.773204767466042e-8,1.0170080588819984e-8,7.976361898677796e-9,1.6532824293235472e-7,9.182802907693915e-8,1.9730579932182497e-8,1.861158314718507e-9,1.4951105951166354e-9,2.2410583327734038e-8,9.839520876811042e-8,1.9011884608169886e-8,7.076700740100034e-7,9.383944166707617e-8,1.0464720553381431e-7,2.7234098587990946e-7,3.245613985432326e-9,2.4647290451942488e-8,1.048602505096521e-7,2.220806919298189e-9,1.3971090830688375e-8,2.2670698457857712e-8,9.83282690944784e-8,2.661607462640082e-9,1.2830351041802817e-8,2.410236131500827e-8,1.1268720464972061e-7,2.666257483403071e-9,1.346955477212382e-8,2.2418183925207184e-8,1.189897112574102e-7,2.5010274458655073e-9,1.3470453491583368e-8,2.5446750493205424e-8,1.0742289597776316e-7,2.7299637324339502e-9,1.2556442688713842e-8,2.137950186482784e-8,1.0619149025740355e-7,2.3983685278457e-9,1.2903508002189929e-8,2.13636221274177e-8,1.2060826193457355e-7,2.5681715245153205e-9,1.3906598884402811e-8,2.089937800630954e-8,9.129720325371473e-8,2.3971046474524956e-9,1.205980582383159e-8,1.80279134600874e-8,9.717612087662843e-8,2.1714378519095897e-9,1.3730529145219019e-8,1.2866085769856543e-8,7.363163468026083e-8,2.086651093089254e-9,1.3381061649551913e-8,1.824833195174968e-8,3.6349520538426595e-8,1.478174885709056e-7,2.85294971819721e-9,1.5885514031450606e-8,7.534055642012508e-6
t113,1.3259886385698826e-8,9.650937811780231e-8,3.995551950042513e-8,1.8954161030818045e-7,2.8296111490871045e-7,2.3600817011591374e-9,1.30312373673342e-7,3.0561326115080735e-7,2.8276103808905205e-7,2.5095224529812584e-7,0.0,3.168025215072994e-8,3.4575550975655995e-9,1.4329737283635958e-7,1.0552032209206585e-7,3.030266469032183e-9,7.553690949023133e-8,1.5237267100601585e-7,4.578691675997785e-8,1.3508781819027041e-7,0.0,2.30436493381923e-8,6.189734954176765e-7,1.7568976168901738e-7,4.962512952684379e-7,2.1560347614968412e-7,2.5906452387059698e-8,3.151373881257618e-7,2.4036448367929737e-7,2.583489845850953e-7,8.214293560702142e-8,2.692639566613912e-7,2.438813319513683e-7,0.0,6.692748504897942e-8,1.7694106179804832e-8,8.394950065508407e-9,1.817546203743605e-7,1.0276868058361221e-7,2.040835260554338e-8,1.9839057445154037e-9,1.5715787671358058e-9,5.9585912859209284e-8,1.6774448781410233e-7,6.305711062198853e-8,9.46562549609743e-7,1.4014419590844612e-7,1.208401736913361e-7,3.4811258492503967e-7,3.930140820006214e-9,3.1214219139477274e-8,1.2342161022588266e-7,2.3079024614773575e-9,1.672726312709002e-8,2.7280817355493318e-8,1.1104970736725239e-7,2.7520378568485274e-9,1.4801917940360966e-8,2.953726787173098e-8,1.3016728545854248e-7,2.755112593819144e-9,1.574186046417858e-8,2.7234053030676623e-8,1.4082876216176175e-7,2.5822889177278117e-9,1.5766367006737424e-8,3.187252692770866e-8,1.2372925435384844e-7,2.8345595495899563e-9,1.4420342133845317e-8,2.597008165594034e-8,1.2425002850075319e-7,2.4832879511928244e-9,1.5032786260264354e-8,2.6146240088764075e-8,1.4826226234564345e-7,2.6784008804380632e-9,1.6510077920486786e-8,2.5717141736461872e-8,1.0503430254105215e-7,2.4947066403181422e-9,1.3907310502534165e-8,2.112393577400098e-8,1.1274656172837254e-7,2.240613263454812e-9,1.6279039505753598e-8,1.3687198314375281e-8,7.94689998987716e-8,2.097650669060745e-9,1.4709211246063555e-8,2.628541222354961e-8,5.4457342461673176e-8,1.908546081428092e-7,2.9760570981724227e-9,2.1740049109789556e-8,9.440263102108631e-6
t114,1.5251131426966943e-8,1.5892961145993738e-7,7.313573692764492e-8,2.5205728791142693e-7,3.739161301874262e-7,2.6687543641671344e-9,2.13102126098475e-7,3.698819944962355e-7,3.5252039361050596e-7,4.262935855267176e-7,0.0,3.270670843681637e-8,3.673077997925723e-9,2.690049239112728e-7,1.278809269411907e-7,3.3266940712535185e-9,1.221440889851057e-7,2.716043228990125e-7,9.009103101029562e-8,2.431888771800356e-7,0.0,4.852568229560167e-8,8.191049372994339e-7,1.8647988066414877e-7,5.470432162071019e-7,4.2215647842253365e-7,5.134867509271029e-8,3.960090587604596e-7,3.676867311391305e-7,4.688538089240702e-7,1.675159066213338e-7,3.369348911313937e-7,3.574714102114656e-7,0.0,6.589595601223733e-8,1.5029505943151534e-8,8.2861534796391e-9,1.7722863079371367e-7,9.937171487769735e-8,2.058892012449633e-8,2.0611524580416117e-9,1.6113287280842193e-9,1.132542702285594e-7,2.2411002787357073e-7,9.067751272115894e-8,1.167284050014554e-6,1.7180842712035278e-7,1.293175759799982e-7,3.9748322871463343e-7,4.262461804590141e-9,4.310270468435705e-8,1.510299286366477e-7,2.3918438487061575e-9,2.165420883081651e-8,3.471806426903367e-8,1.2876434920689018e-7,2.856556881179568e-9,1.814933407786522e-8,3.864987208209703e-8,1.552886961631381e-7,2.8594153087223038e-9,1.9587049930516072e-8,3.5354091421230927e-8,1.741324019686318e-7,2.6750665516061503e-9,1.979802118341649e-8,4.3470491222863903e-8,1.484521711673495e-7,2.96200962735524e-9,1.7753264119580616e-8,3.36829398986783e-8,1.5139577971141422e-7,2.579543023201342e-9,1.8737460160887697e-8,3.433278410826775e-8,1.942254963253866e-7,2.7784996101932443e-9,2.1243933807751725e-8,3.395245483476311e-8,1.250548770817333e-7,2.59899863527205e-9,1.708761838571884e-8,2.5739883905358114e-8,1.3449689852489868e-7,2.315159272296538e-9,2.0417380421458785e-8,1.3991920498606877e-8,8.132035211483041e-8,2.085667036257835e-9,1.4505864684088057e-8,3.1447066100771203e-8,7.672253469626022e-8,2.306050307013418e-7,3.026132332637109e-9,2.494406589490264e-8,1.2621716880035257e-5
t115,1.7874247232449274e-8,4.904135367552094e-7,2.349060120662011e-6,3.692370109929158e-7,5.731259180170011e-7,3.1408337627391147e-9,6.213288042988088e-7,4.6642154308754213e-7,4.551081455488053e-7,1.4905242463230402e-6,0.0,3.384727472245954e-8,3.940138367277261e-9,2.0751981906003465e-6,1.6154423866578264e-7,3.7122737277064175e-9,3.3433075148689373e-7,1.3620015026209086e-6,7.68570521555155e-6,1.2128223051887016e-6,0.0,0.9999977202514971,1.2579982520092344e-6,1.9863795042517196e-7,6.085497806942291e-7,7.327581981129943e-6,1.999690226157519e-6,5.672760563672837e-7,7.853791934177311e-7,2.135572152055831e-6,6.889712986779369e-6,4.698979595885311e-7,6.940140112666738e-7,0.0,6.517730604634637e-8,1.7090563244868275e-8,8.240258728674584e-9,1.7466157555734688e-7,9.757794049598043e-8,2.079492479793429e-8,2.106881459421254e-9,1.6454156715194012e-9,0.699576099210571,6.368442074408333e-7,2.8499726055121765e-6,1.6933656822470007e-6,2.916784606664827e-7,1.5075549745603984e-7,5.349023431458632e-7,4.931597283659165e-9,6.622146512898529e-8,1.9649369902314396e-7,2.4802274668379478e-9,3.3715489653859164e-8,4.622723226539512e-8,1.540963362636526e-7,2.9702549552758875e-9,2.4050063356023393e-8,5.349646674231809e-8,1.9231950981156732e-7,2.9859135766905437e-9,2.961954510888157e-8,4.841953674885184e-8,2.2684622235518148e-7,2.791265256672694e-9,3.007847521156139e-8,6.381488573893146e-8,1.8607813485525495e-7,3.1099325357667212e-9,2.6151684470833243e-8,4.5918367499326646e-8,1.9336195820901786e-7,2.699985989823503e-9,2.796781134059773e-8,4.773921646522609e-8,2.780810057363823e-7,2.8334908637680703e-9,3.0214556007502714e-8,4.737847759271968e-8,1.5496042533965408e-7,2.714992873651411e-9,2.490681573478839e-8,3.247542944076268e-8,1.668538726990232e-7,2.4169543054430285e-9,3.046837195033231e-8,1.4444748170251449e-8,8.307678784023771e-8,2.098995430743588e-9,1.4354338453848686e-8,4.799203489121112e-8,1.491080074856725e-7,3.0287956586302014e-7,3.1135813354770026e-9,3.4013439924085065e-8,1.6996261468937472
t116,1.7567930448962587e-8,3.3919452696423024e-7,4.608870722041053,3.771855113923261e-7,5.240730104214366e-7,3.3969287314033538e-9,4.1959265926701657e-7,4.6096666383581293e-7,4.633111657750049e-7,9.190500415370987e-7,0.0,3.339446227273452e-8,3.980717309913029e-9,1.1054021783876039e-6,1.5640978569794866e-7,3.697383809869866e-9,2.9036871518396065e-7,6.988556138204752e-7,1.2362654345731649e-6,6.746587194673898e-7,0.0,6.294043838601104e-7,1.1804736895613318e-6,1.9896644905891175e-7,6.320172021877581e-7,3.2288669278811926e-6,3.159286499363597e-5,5.385835366806781e-7,7.029044835107258e-7,1.397580141242041e-6,1.2005273952131734,4.4322791179471746e-7,5.758779813465866e-7,0.0,6.0811954130622e-8,1.1730701217542115e-8,7.989450264724985e-9,1.6430599782902874e-7,9.061513202509683e-8,2.077376312998626e-8,2.0976249845697575e-9,1.6526829456198355e-9,5.843753549106954e-7,6.889550851496816e-7,14.594413410588743,1.7626430791426505e-6,2.887606258583187e-7,1.566183793650453e-7,5.618316946514139e-7,4.633506688211602e-9,6.654920385547885e-8,1.9620082846419257e-7,2.4383999141139393e-9,2.4650661867049624e-8,4.6247934052193876e-8,1.4902536147840602e-7,2.951007179782358e-9,2.1922676405510244e-8,5.3573716585243534e-8,1.839592434575323e-7,2.970760774521307e-9,2.421221843893358e-8,4.9161305561741485e-8,2.201076889825211e-7,2.7900792988700445e-9,2.46744594909678e-8,6.670788128199465e-8,1.8124416557508423e-7,3.0935124467312498e-9,2.1597276075977856e-8,4.69637188457014e-8,1.9099104095721076e-7,2.698530389230418e-9,2.3097809969096554e-8,4.9631276078864734e-8,2.799142146647078e-7,2.7117727318966565e-9,2.7041510571516397e-8,4.9356807112841555e-8,1.550563689206847e-7,2.734841374079893e-9,2.0213651211176937e-8,3.244050485560598e-8,1.6586313653639624e-7,2.4197169590189114e-9,2.4611886411799006e-8,1.506887293276003e-8,8.264631849563012e-8,2.1172412373015435e-9,1.3549215523753823e-8,4.5728532231424054e-8,1.95803399783808e-7,3.0593979178951066e-7,3.122376423867748e-9,3.2187989450384316e-8,20.403867899766063
t117,1.6921259594401976e-8,2.420756895502169e-7,2.0122592532168295,3.9038027610342826e-7,5.094422758994454e-7,3.2769919064438475e-9,3.0207475892191755e-7,4.5037139224607604e-7,4.177249760499459e-7,6.626413839196951e-7,0.0,3.2659972815168e-8,3.967098887536871e-9,6.667735212645117e-7,1.3765207251669774e-7,3.573196910639045e-9,2.0646731720570346e-7,4.675477204585749e-7,4.957163489749446e-7,4.6716586999950403e-7,0.0,2.344907249660069e-7,1.0118412799145543e-6,1.9700240217629337e-7,6.502446552578365e-7,1.7706809667318517e-6,1.5081511176975523e-5,5.515391728462463e-7,6.492180695470364e-7,9.88994312143506e-7,0.6730923957699408,4.419584258993968e-7,5.146093229327938e-7,0.0,5.7215658514648e-8,1.118508834043756e-8,7.783102990415722e-9,1.5595128254839407e-7,8.55075633850261e-8,2.0742649756334426e-8,2.1031077763789133e-9,1.6667355189815813e-9,1.6425833443142684e-7,5.21725268127163e-7,0.825620094767582,1.7758858369911733e-6,2.8324734237543406e-7,1.6686941538020872e-7,6.038634521971472e-7,4.264983746670391e-9,7.009625930479544e-8,1.9681545886512385e-7,2.394289421099993e-9,2.3213431776708112e-8,4.233521869730811e-8,1.45558325087919e-7,2.8879439441981588e-9,2.0278395803693687e-8,4.8093836175250344e-8,1.7629031646700003e-7,2.8874354910675482e-9,2.2600030159580726e-8,4.553191119249901e-8,2.1371338295228313e-7,2.7222093177505474e-9,2.3190287238270127e-8,5.911050340383858e-8,1.7920868547739208e-7,3.006355793910014e-9,2.0659734543006236e-8,4.42128201827939e-8,1.9063428569811297e-7,2.635901651679567e-9,2.1996780782473477e-8,4.652337050227712e-8,2.836717308334727e-7,3.0166665106020225e-9,2.449705767207502e-8,4.647770604336462e-8,1.585120683122126e-7,2.7111012618106563e-9,1.9599382513219332e-8,3.139049959419072e-8,1.674752274198285e-7,2.3809362474768666e-9,2.301512351178962e-8,1.561023861629304e-8,8.224698659121249e-8,2.1241244441944044e-9,1.2879822067434033e-8,4.085770465297827e-8,1.586542093521776e-7,2.970967449008145e-7,3.056726886768718e-9,2.9524740625140244e-8,3.5110061859427755
t118,9.877103394828615e-9,2.6162241714950276e-8,9.373291976561486e-9,6.266196171963338e-8,1.296778755554209e-7,1.9348744946421218e-9,3.94727590159888e-8,9.737163559543137e-8,1.0126206004876688e-7,8.249658730377052e-8,0.0,2.6088193710476635e-8,2.724104306190819e-9,3.4710343378130785e-8,4.438770752896238e-8,2.0903250926235803e-9,1.9351459973106512e-8,5.274988487283135e-8,1.2264976316715009e-8,4.478236991181645e-8,0.0,5.87898613097199e-9,2.617033103500598e-7,1.1595012267904096e-7,1.9455087144353426e-7,6.224311065907945e-8,6.640159280117947e-9,1.8089170172698999e-7,8.422544912707993e-8,6.960187245449889e-8,1.8791811277030033e-8,1.386704185430013e-7,8.926664183809853e-8,0.0,5.601488495401966e-8,1.2794033809850134e-8,7.631314690047533e-9,1.5088835947458316e-7,8.20491627249893e-8,2.07702072140648e-8,1.9469528620803184e-9,1.5664247612043038e-9,6.8494235357110166e-9,3.0128577893352625e-8,5.218963711380027e-9,2.0825778169640474e-7,3.596935317136412e-8,7.271990951835087e-8,1.4474333750722905e-7,2.010404496486783e-9,9.64848620714498e-9,5.4533555651471043e-8,1.998454812726795e-9,7.790656907296486e-9,8.976496645423257e-9,4.934664687278342e-8,2.312904921646068e-9,7.527378711827048e-9,9.19943864703182e-9,5.2237145066041005e-8,2.3140291218094575e-9,7.699790965382123e-9,9.027765913047252e-9,5.490106549289229e-8,2.212447480254005e-9,7.759061248514669e-9,1.007120584879025e-8,5.443752589529341e-8,2.415618053346697e-9,7.717176597643244e-9,8.949346063313667e-9,5.304502212742424e-8,2.1656500973024924e-9,7.5965790559695e-9,9.014984676590807e-9,5.816177945498577e-8,2.373750004765281e-9,7.918671567247937e-9,8.981869671697986e-9,4.987356474285886e-8,2.2409661150896144e-9,7.3269926574653466e-9,8.218832518615293e-9,5.1024992090433115e-8,1.9936470996182764e-9,7.76167275997389e-9,1.6423344603707832e-8,8.253945015042475e-8,2.082058212660683e-9,1.2261320657500826e-8,7.745309085229774e-9,8.128866146876118e-9,4.704631207919955e-8,2.2304407855712825e-9,7.103404912859654e-9,3.701748981839218e-6
t119,9.726247704328608e-9,2.6796392796754474e-8,9.93950845720096e-9,6.381468567021268e-8,1.313807693933325e-7,1.8833688566665872e-9,3.906012033854371e-8,9.735802624936281e-8,9.903021622387483e-8,8.073758179714061e-8,0.0,2.5962322933629693e-8,2.6540523068745288e-9,3.5264527271496555e-8,4.3924905746036124e-8,1.977325541089249e-9,1.94772597464342e-8,5.16476977066693e-8,1.2551963307554983e-8,4.466568616505637e-8,0.0,5.962614096246843e-9,2.6206744281941343e-7,1.1588906903035769e-7,1.9692498556593807e-7,6.338058311857612e-8,6.955192257494104e-9,1.849192089450409e-7,8.558227063246639e-8,7.001176331211129e-8,1.9473541114697296e-8,1.4041952360287165e-7,8.977629283489943e-8,0.0,5.330110821267894e-8,1.2722386073994155e-8,7.489494475206866e-9,1.4550316075246842e-7,7.870626748038928e-8,2.0732621624054233e-8,1.8779140388084848e-9,1.524309125901074e-9,6.888191863468371e-9,3.132133446597759e-8,5.623704570734892e-9,2.1083200434484906e-7,3.6624927750522713e-8,7.59544876953734e-8,1.5013947406242706e-7,1.939362168169787e-9,9.889568472652993e-9,5.530401812987901e-8,1.972820648740363e-9,7.855295188441029e-9,8.808197540388554e-9,4.957949865499388e-8,2.2552770234481335e-9,7.480947391891698e-9,9.022252894396792e-9,5.2295079029352783e-8,2.269344473618129e-9,7.66690910191142e-9,8.931841269020696e-9,5.53271129559272e-8,2.1749482661587695e-9,7.758524421769055e-9,9.839431557131917e-9,5.461608133860732e-8,2.3819487756455694e-9,7.734825334022051e-9,8.89585058027533e-9,5.38678719823383e-8,2.1344501401388998e-9,7.642662634945366e-9,8.970616411954601e-9,5.9193940278915834e-8,2.2939921041017894e-9,7.983263192318972e-9,8.951243431760144e-9,5.089412884534257e-8,2.2010284199242536e-9,7.381191346393405e-9,8.21186337581587e-9,5.197581141617465e-8,1.9674157002756456e-9,7.816840792028898e-9,1.69659113669294e-8,8.2396070667769e-8,2.0769500329950033e-9,1.184838341511881e-8,7.877494631782566e-9,8.414318300746553e-9,4.704861833684153e-8,2.173743021906055e-9,7.2369613852615786e-9,3.7199804385274486e-6
t120,9.54863427857152e-9,2.70698375972571e-8,1.0352223428964903e-8,6.458628837427333e-8,1.319194471801675e-7,1.8428203811860162e-9,3.844495318451759e-8,9.728617983052215e-8,9.703052915525949e-8,7.869187686610379e-8,0.0,2.5739765718941302e-8,2.592283392347029e-9,3.550368155433643e-8,4.363134800125436e-8,1.8456958477730392e-9,1.930279265729851e-8,5.0376474269339615e-8,1.2674150551522539e-8,4.4245151857259185e-8,0.0,5.9875172856443834e-9,2.616657171795185e-7,1.1582750968768597e-7,1.9924409787301734e-7,6.366715824748409e-8,7.079971767935055e-9,1.8728250951315613e-7,8.656420778870282e-8,7.021241853416948e-8,1.9726852739194438e-8,1.4132826782872448e-7,8.994308934214832e-8,0.0,5.0978466327244216e-8,1.2361700608058738e-8,7.355296417944226e-9,1.408476220021812e-7,7.594384106591851e-8,2.0711830289820323e-8,1.8103345081520795e-9,1.4786808812998873e-9,6.756676367861697e-9,3.173451407251962e-8,5.714131079470115e-9,2.1177685379237479e-7,3.672860674732789e-8,7.79063372455272e-8,1.5315646612363867e-7,1.8655670276144587e-9,1.0053550941213296e-8,5.466786329996502e-8,1.9875390692192554e-9,7.83870073327889e-9,8.575482736627768e-9,4.973094465302267e-8,2.2173037215330463e-9,7.411339708624897e-9,8.787448949583888e-9,5.210409500936743e-8,2.2315842832202244e-9,7.615072198463977e-9,8.759286551305063e-9,5.546371539841317e-8,2.146336076293402e-9,7.74069407351729e-9,9.567230678024041e-9,5.471072287209202e-8,2.351144703932492e-9,7.726599420886883e-9,8.749295117989674e-9,5.447923998846046e-8,2.117530679435239e-9,7.660173675167267e-9,8.828944299542066e-9,5.996327121402818e-8,2.2534966095457762e-9,8.020336047583233e-9,8.852844304953066e-9,5.189274411705903e-8,2.1675685757185955e-9,7.4191556461093255e-9,8.152465796900224e-9,5.273666979089288e-8,1.9572179235782893e-9,7.848240219881426e-9,1.75317149262351e-8,8.222266482747105e-8,2.095314368594473e-9,1.1511221961146027e-8,7.91020321592875e-9,8.533420348828107e-9,4.693891746646221e-8,2.141707952997764e-9,7.284255872855755e-9,3.7192956464971785e-6
t121,9.370580752261066e-9,2.7281192154853584e-8,1.0675663234566694e-8,6.536403448732241e-8,1.318719025110235e-7,1.8099392820475172e-9,3.73915026340941e-8,9.648118159055554e-8,9.484362191729784e-8,7.536865199692838e-8,0.0,2.545136729606175e-8,2.500841951941287e-9,3.5269782946476754e-8,4.318505934590392e-8,1.879480452461932e-9,1.915504709886162e-8,4.8673162957845385e-8,1.2625002228596447e-8,4.3375502063112376e-8,0.0,5.95779962081863e-9,2.5918268584752483e-7,1.1551628147411978e-7,2.013805067103428e-7,6.31623212139633e-8,7.126732252745552e-9,1.8754295181151787e-7,8.626323003652902e-8,6.928994892059042e-8,1.9721025469010467e-8,1.4068698814981456e-7,8.859878411455873e-8,0.0,4.878575863898687e-8,1.1926473596739048e-8,7.2342928587438975e-9,1.3679679887655206e-7,7.350780236528187e-8,2.071592071496496e-8,1.7691163202388496e-9,1.4542812212878283e-9,6.588757105361746e-9,3.194692801462358e-8,5.75509864023863e-9,2.1222383835185172e-7,3.6635454701161535e-8,7.910868315902997e-8,1.548197091549275e-7,1.8140484509984873e-9,1.0137785279997706e-8,5.51361952388533e-8,1.984352615517489e-9,7.819620974553525e-9,8.422535830522079e-9,4.871163094823865e-8,2.1969429874341324e-9,7.21479946706385e-9,8.60809686380132e-9,5.098894413953052e-8,2.214672421691982e-9,7.296713638856161e-9,8.668405789004725e-9,5.46632759174304e-8,2.136961358238004e-9,7.514173943061535e-9,9.37039780084308e-9,5.390409263717256e-8,2.339199570678861e-9,7.441694152152433e-9,8.71407103466487e-9,5.4003971592010086e-8,2.1086605614894364e-9,7.503339534148305e-9,8.82012322478343e-9,5.964569071152561e-8,2.241149078389582e-9,7.909023728276955e-9,8.810520038068104e-9,5.165810479960647e-8,2.183295687323103e-9,7.238612096400129e-9,8.156073614711077e-9,5.250966631311094e-8,1.95679436947933e-9,7.645853528943184e-9,1.7948254451760802e-8,8.216321686572737e-8,2.1094778409607868e-9,1.1219218004381681e-8,7.88667351421043e-9,8.542340537411861e-9,4.6830761737634266e-8,2.131357311000221e-9,7.282962345545997e-9,3.6920754387909435e-6
t122,9.169078798183278e-9,2.7348256801774342e-8,1.0925493948126156e-8,6.596070347926471e-8,1.3109955398224598e-7,1.7664757610081665e-9,3.6306627966886474e-8,9.575022441909323e-8,9.27500206387798e-8,7.223606897745738e-8,0.0,2.5166012573154005e-8,2.4256875107670677e-9,3.500499064272824e-8,4.272395384662535e-8,1.865759186414963e-9,1.8989621415695704e-8,4.686943167621933e-8,1.2507503543693575e-8,4.234666257716022e-8,0.0,5.900921753384488e-9,2.562585649051879e-7,1.151894888196892e-7,2.0350128463708338e-7,6.255292364498534e-8,7.227558676084721e-9,1.8641042880168027e-7,8.577004704479637e-8,6.844181343557745e-8,1.9839345143464906e-8,1.3925816373404516e-7,8.708433052927022e-8,0.0,4.664351188067796e-8,1.136504655417915e-8,7.112530571716541e-9,1.3308009313886326e-7,7.146200161087315e-8,2.072248858340227e-8,1.770245130127734e-9,1.464267201573977e-9,6.431860320097723e-9,3.2107223148343937e-8,5.799736796996681e-9,2.127509076100663e-7,3.652469963784304e-8,7.982788843355024e-8,1.5569324331826882e-7,1.7709439131764907e-9,1.022749118862739e-8,5.5441733782879345e-8,1.9669900515943047e-9,7.80427110994561e-9,8.30387515863042e-9,4.7905053995352306e-8,2.1671185218431643e-9,7.033952896718952e-9,8.468922782389442e-9,5.0117477875793615e-8,2.1807007119683778e-9,7.064962362053386e-9,8.560749154529969e-9,5.4005725829251074e-8,2.114315459036609e-9,7.3037189799818075e-9,9.222418021156695e-9,5.3330433912230626e-8,2.303119085982102e-9,7.239495794462298e-9,8.611844364100836e-9,5.355244448327822e-8,2.091773536116116e-9,7.279785553094262e-9,8.747582216390833e-9,5.939974533197118e-8,2.2127362988627905e-9,7.774241430587016e-9,8.756658075183212e-9,5.166661968927626e-8,2.1765492269155233e-9,7.097877589042905e-9,8.114122355496009e-9,5.230295809425866e-8,1.9468299609042385e-9,7.420246272296178e-9,1.8128824195736384e-8,8.232508887084046e-8,2.0939687216573714e-9,1.0952445918387984e-8,7.862557327568674e-9,8.526297024671934e-9,4.679472968832897e-8,2.1131313359649074e-9,7.284424720056069e-9,3.6611696956756994e-6
t123,8.968017555304692e-9,2.7362826939392714e-8,1.1159439855486697e-8,6.653278963257307e-8,1.2990143144233286e-7,1.72568452576516e-9,3.5180032121488955e-8,9.524622156136778e-8,9.071357696221237e-8,6.900002677165503e-8,0.0,2.486876490002345e-8,2.3551783574980345e-9,3.4731826169366687e-8,4.225077001732472e-8,1.8178980691382637e-9,1.8846447164577197e-8,4.508187555367019e-8,1.240080575531839e-8,4.128340055886577e-8,0.0,5.8567613662733616e-9,2.530066682633977e-7,1.1478959647855653e-7,2.0563462220352085e-7,6.188228702444184e-8,7.331416754656662e-9,1.839704330850069e-7,8.539787091629331e-8,6.769213787016087e-8,1.9970224657437617e-8,1.371622465630255e-7,8.549543402106638e-8,0.0,4.442504139046476e-8,1.1138161656744183e-8,6.9930598504663936e-9,1.2913320261122074e-7,6.876565435486763e-8,2.0771320977712605e-8,1.7491021836569116e-9,1.450151651843435e-9,6.330999159623452e-9,3.200060038449147e-8,5.836737241423246e-9,2.1303795550402934e-7,3.6234371846707635e-8,7.981609096354473e-8,1.5532592036844175e-7,1.7388797001766262e-9,1.0331713964391396e-8,5.583920264537618e-8,1.9483110394345906e-9,7.784771248968169e-9,8.227160062785815e-9,4.69418636826512e-8,2.121294010161478e-9,6.873209221188492e-9,8.364714831821601e-9,4.9102062641046133e-8,2.131438421072591e-9,6.85912828861917e-9,8.489842387781875e-9,5.31883639867847e-8,2.075199952659474e-9,7.130472101710194e-9,9.121137227626352e-9,5.263152402152994e-8,2.251908711205531e-9,7.065634466771835e-9,8.54090979626378e-9,5.286547032516709e-8,2.0545839569415882e-9,7.090199783189143e-9,8.67069529126626e-9,5.888370136572712e-8,2.1589389395870204e-9,7.655163503523314e-9,8.731165328070485e-9,5.143284610418446e-8,2.1385065341603694e-9,6.972599172917287e-9,8.093162274547144e-9,5.182802923799973e-8,1.9187065145520343e-9,7.230265498356301e-9,1.8380916491831402e-8,8.031009667595068e-8,2.0772712364831617e-9,1.0375109770803442e-8,7.791106442732902e-9,8.443003428831269e-9,4.644543851606417e-8,2.1061908309079096e-9,7.2453771823961366e-9,3.620282370078655e-6
t124,8.823000834625776e-9,2.749723230041089e-8,1.1460249184551692e-8,6.734411517729439e-8,1.2936342798110636e-7,1.7149655770768513e-9,3.443857463080073e-8,9.565353998319679e-8,9.019871903501958e-8,6.680445805683775e-8,0.0,2.4677510173612002e-8,2.308567880396108e-9,3.475319939447112e-8,4.20477501030276e-8,1.6935248544303064e-9,1.89450330721384e-8,4.4042025133386715e-8,1.2478363618375236e-8,4.0767053769668674e-8,0.0,5.940386788685062e-9,2.52555764230067e-7,1.1532066522912836e-7,2.0893296835075465e-7,6.190409141066158e-8,7.551961797350696e-9,1.819340299819008e-7,8.625190222936981e-8,6.841725612822591e-8,2.0375395683727138e-8,1.3583587850053785e-7,8.554082425300793e-8,0.0,4.2654631819306315e-8,1.0920232239183354e-8,6.85792207064956e-9,1.2623522523584562e-7,6.67586274192597e-8,2.0692392316704206e-8,1.7237126885757669e-9,1.4268117769976498e-9,6.267269570782907e-9,3.208146302784167e-8,5.897485518883564e-9,2.1481227947227138e-7,3.633692009368173e-8,8.015564221320881e-8,1.5606364131914484e-7,1.6938484393571899e-9,1.0633745386354836e-8,5.6659480316082e-8,1.9502313584206157e-9,7.791478021799032e-9,8.151103939763773e-9,4.706908587841747e-8,2.0334846416075344e-9,6.810957902712922e-9,8.28473734308833e-9,4.898162655118692e-8,2.0437632641531754e-9,6.7824657824585775e-9,8.433528813814287e-9,5.3340120629161474e-8,1.9935625517821506e-9,7.0929566546981986e-9,9.055375564526751e-9,5.2765994042879126e-8,2.1661535718853402e-9,7.040132030671425e-9,8.479293225558195e-9,5.34238775409411e-8,1.972353730791479e-9,7.070592669024562e-9,8.558801473605403e-9,5.971021685833773e-8,2.0853908143284828e-9,7.709638628343812e-9,8.751411395740968e-9,5.230735338387342e-8,2.0700568648512053e-9,7.015774905795822e-9,8.107119039233245e-9,5.2705278250322407e-8,1.8444845441540836e-9,7.262923525945086e-9,1.9198553502805463e-8,7.994900261535389e-8,1.882499789102875e-9,1.0353766019213599e-8,7.780437368731917e-9,8.751579809184942e-9,4.633820689959432e-8,2.0339047435445527e-9,7.266117456290003e-9,3.61785915986567e-6
t125,8.81101776525229e-9,2.824262145933982e-8,1.1988838669209403e-8,6.895000026526166e-8,1.3149944248575364e-7,1.7212759072632048e-9,3.431441376136859e-8,9.623928264317639e-8,9.167833786487424e-8,6.688189070168948e-8,0.0,2.4418352393221232e-8,2.3396732468689397e-9,3.580249115611189e-8,4.2031898611682576e-8,1.715134990662596e-9,1.9361514139777273e-8,4.437920873436305e-8,1.2929623706986873e-8,4.130162584090509e-8,0.0,6.1467614799475484e-9,2.5641490943464476e-7,1.1519739226628612e-7,2.112896208334844e-7,6.415425078673936e-8,8.005690853439489e-9,1.8623854061588422e-7,8.886196180328325e-8,7.253843974476105e-8,2.134844834701869e-8,1.388281559579884e-7,8.783246981371842e-8,0.0,4.0481576351141587e-8,1.0695881674993138e-8,6.697813753795852e-9,1.2300885282954183e-7,6.413554694398689e-8,2.055166871090295e-8,1.6975745567849541e-9,1.4003040801401558e-9,6.25688298649522e-9,3.268110624562751e-8,5.984713898779602e-9,2.1766779333346473e-7,3.673984604708432e-8,8.051017111726628e-8,1.5760069099287127e-7,1.6704934304887323e-9,1.1134478390146027e-8,5.8012529691500245e-8,1.9508345603905873e-9,7.867809326877601e-9,8.788211839303805e-9,4.748692487606461e-8,1.8998911786365326e-9,6.9398451179204096e-9,8.968723522983138e-9,4.92539358030436e-8,1.9082857054065452e-9,7.704609183983507e-9,9.192974317626405e-9,5.4061011750785636e-8,1.8648996058677495e-9,8.1841420508012e-9,9.896402708368468e-9,5.3455826526808757e-8,2.0239978086707162e-9,8.073174484680625e-9,9.261135146499863e-9,5.4380757160619835e-8,1.8442431743845208e-9,8.166020639075255e-9,9.126597077748089e-9,6.13692721620251e-8,1.875812577761328e-9,7.962582050928014e-9,9.585419963845536e-9,5.3652529727200195e-8,1.9737432337812725e-9,8.214395313239898e-9,8.795357089123364e-9,5.392992566356284e-8,1.7500483232808404e-9,8.375912777131919e-9,2.0285369048777896e-8,8.122720421991899e-8,1.4951053886202009e-9,1.1495747213370213e-8,7.85390377727489e-9,9.404846911197102e-9,4.6781387589675024e-8,1.930186373684137e-9,7.35131075236197e-9,3.676001525039284e-6
t126,8.694578282720297e-9,2.8712507891305912e-8,1.247082267899662e-8,7.03414799079401e-8,1.3268982268570305e-7,1.730503251270924e-9,3.321421880672596e-8,9.658645139109144e-8,9.424053393813287e-8,6.448989831264578e-8,0.0,2.4403384913408626e-8,2.2396268261831647e-9,3.571222606607541e-8,4.243744717011705e-8,1.7795881662464723e-9,1.9814058641105566e-8,4.3223901627021204e-8,1.3446220860950624e-8,4.115967380844867e-8,0.0,6.3313842415941036e-9,2.5846846079162713e-7,1.1594181342689963e-7,2.1473693105596425e-7,6.721210828890902e-8,8.292757807445372e-9,1.8445605877876576e-7,8.954811983611986e-8,7.086339900526408e-8,2.223929261628235e-8,1.3773089620663953e-7,8.727271548898328e-8,0.0,3.811138960348098e-8,1.0029748578375746e-8,6.623666145201869e-9,1.172349735649796e-7,6.066920097719347e-8,2.0733162213212417e-8,2.1179171063976295e-9,1.6701464402160924e-9,6.44035877706923e-9,3.354610907581436e-8,6.2278828121664275e-9,2.1777905690776042e-7,3.700795967108591e-8,7.961084772473532e-8,1.5603609495924894e-7,1.631595911017127e-9,1.1548545801999546e-8,5.841534302038749e-8,1.955856210376738e-9,7.726404827487064e-9,8.605643515945018e-9,4.7061499538292195e-8,2.0809597925618478e-9,6.551800624701251e-9,8.8691916657327e-9,4.887849773395978e-8,2.087872388100138e-9,7.111923468828561e-9,9.172698397833576e-9,5.419340282009628e-8,2.047439541550682e-9,7.708186068274963e-9,9.926531308546388e-9,5.3557357459155364e-8,2.21529310140555e-9,7.566648690230935e-9,9.29677640399348e-9,5.471041173594185e-8,2.0400739013629872e-9,7.714449914875058e-9,9.464289074529088e-9,6.224347261725133e-8,2.3533476654266368e-9,7.600448339874117e-9,9.742506871565021e-9,5.437566237803308e-8,2.1543415332005316e-9,7.933449316138815e-9,8.78950637775997e-9,5.448650779825532e-8,1.9146693787405986e-9,8.05810722490203e-9,1.9243528668673526e-8,8.08498361934467e-8,2.2906895439541145e-9,8.840891476876535e-9,7.694471894736768e-9,9.216188227608149e-9,4.7593888733045745e-8,2.117000487511992e-9,7.208248349555911e-9,3.6711648533212648e-6
t127,8.707633749655634e-9,2.9686749724493415e-8,1.305577240544946e-8,7.225402865992173e-8,1.3444650615138426e-7,1.7374719071516878e-9,3.1735549145314854e-8,9.643473035118874e-8,9.580909607660475e-8,6.185690580723114e-8,0.0,2.3999854810109828e-8,2.2663019555269567e-9,3.5637442912982494e-8,4.2154555906576944e-8,1.8517182827933752e-9,1.9736069777042305e-8,4.137355993736979e-8,1.3232215430294328e-8,4.06428974407718e-8,0.0,6.452330218472012e-9,2.601227405726069e-7,1.1608531696692462e-7,2.1777993578278678e-7,7.112485168175976e-8,8.465140636008458e-9,1.818840891729419e-7,9.097772712716777e-8,7.109869452473266e-8,2.265444527200502e-8,1.3554251659126616e-7,8.653784890363155e-8,0.0,3.631338534597321e-8,9.415769593773448e-9,6.4897563611478145e-9,1.1450884525712002e-7,5.873745270482834e-8,2.0501669891998983e-8,1.9086597077666525e-9,1.5237243825303025e-9,6.4454351421352475e-9,3.366859210392483e-8,6.330544758880779e-9,2.2072407449243567e-7,3.7229342072818706e-8,7.876353801946545e-8,1.5525343387340884e-7,1.5717406769038854e-9,1.2219189212903688e-8,5.972267118776125e-8,1.9659282054731752e-9,7.960330406583118e-9,8.595506586282643e-9,4.7340440904306166e-8,2.085598354389996e-9,6.112517182454282e-9,8.829677206539027e-9,4.9147609901608056e-8,2.0907407840621334e-9,6.192645828815727e-9,9.196479614763532e-9,5.498445388327423e-8,2.0685556515372304e-9,6.795063917741797e-9,9.968437343925675e-9,5.421543178856864e-8,2.2325923444147234e-9,6.678913771910578e-9,9.37499616415942e-9,5.595911584801319e-8,2.0581751053697915e-9,6.894731065470847e-9,9.700876083649755e-9,6.409662762563203e-8,2.2003937453066443e-9,7.369339834128201e-9,1.0059608764789924e-8,5.594504020719163e-8,2.21976511542969e-9,6.97824202797672e-9,8.874061503947485e-9,5.5961619481269744e-8,1.933183061143451e-9,7.077456932365447e-9,2.0524064904268965e-8,8.17640670085329e-8,2.150048021824511e-9,8.908076262347485e-9,7.770058315396806e-9,9.80561330494118e-9,4.80245177582808e-8,2.047586030680855e-9,7.2813254079973355e-9,3.67811203592471e-6
t128,8.814753981197922e-9,3.1124613265544394e-8,1.3949387631882746e-8,7.481428250747143e-8,1.384088856393758e-7,1.7626518657388473e-9,3.1708920954390116e-8,9.823871114588406e-8,9.86840037848924e-8,6.151698682785047e-8,0.0,2.3975639211920718e-8,2.2000640772929922e-9,3.689499894822001e-8,4.288391430581934e-8,1.7745598821038276e-9,2.051936403203106e-8,4.2336831340976157e-8,1.4009291867430262e-8,4.229192493225032e-8,0.0,6.940926845787809e-9,2.679746645867995e-7,1.1762124175050483e-7,2.2335789910966087e-7,7.468134472336153e-8,9.216669797257585e-9,1.8319929755412e-7,9.512358116032088e-8,7.611905093172991e-8,2.4453444821795978e-8,1.375584289244825e-7,8.995871796893303e-8,0.0,3.42135407004678e-8,9.01737034930659e-9,6.367892037982226e-9,1.1129405847911643e-7,5.656204414729358e-8,2.0465738060734964e-8,1.8487400547420093e-9,1.4767422716255381e-9,6.660694900073157e-9,3.457002219984235e-8,6.607240147930342e-9,2.2585252756948617e-7,3.805688783692134e-8,7.857635701199594e-8,1.5619956084823023e-7,1.5727214519710328e-9,1.3098182546535824e-8,6.201645290522041e-8,1.9794556892058993e-9,8.233939302000101e-9,8.988029433011675e-9,4.7694511417982415e-8,2.0274363449693177e-9,6.1587379838782415e-9,9.186004368676837e-9,4.960699774881639e-8,2.047906336066397e-9,6.311602302051749e-9,9.64220023349261e-9,5.592181491083547e-8,2.0366136346302927e-9,7.026133325090782e-9,1.0470007016547258e-8,5.5116472051402784e-8,2.1997398789064833e-9,6.900678448505864e-9,9.870931648072277e-9,5.7164629021053983e-8,2.0323794840761783e-9,7.1595880599305335e-9,1.0533320937227529e-8,6.588782476636571e-8,2.1266294165667546e-9,7.704427047481733e-9,1.0728745465915227e-8,5.751088774254116e-8,2.1768704416836662e-9,7.248287366837233e-9,9.349744422628066e-9,5.751323627516931e-8,1.9223301529770503e-9,7.39751416302831e-9,2.1224911448819367e-8,8.149429639704277e-8,2.0345579294805593e-9,8.86944965846641e-9,7.951330609038939e-9,1.0385121955619008e-8,4.8878450566032646e-8,2.0292014688578217e-9,7.446067661279463e-9,3.7547608424287656e-6
t129,9.378759307868273e-9,3.615002936636509e-8,1.683885722834962e-8,8.08534279419076e-8,1.543951824860347e-7,1.882742838545178e-9,3.457110924194067e-8,1.039265910769427e-7,1.0569433915320749e-7,6.746941497011168e-8,0.0,2.4575823803930062e-8,2.2844628387864e-9,4.099039155540591e-8,4.5370938180295585e-8,1.7333879703139287e-9,2.2517641232801614e-8,4.7964561901365137e-8,1.6285241811662764e-8,4.907023425213122e-8,0.0,8.255939320726167e-9,2.944951332970467e-7,1.21556619836747e-7,2.320939193552354e-7,8.844544595248516e-8,1.1140078864661818e-8,1.993235601192579e-7,1.0729856457528967e-7,8.912569151581873e-8,2.9047240650257558e-8,1.4906709459341672e-7,1.0093677181794852e-7,0.0,3.406095212967841e-8,9.2888566023228e-9,6.352302806388578e-9,1.1177632656198266e-7,5.658156233373365e-8,2.0650958361691354e-8,1.8306791045825184e-9,1.4610891678658951e-9,7.0982779457282914e-9,3.7948950665121917e-8,7.255872660256428e-9,2.393807977822069e-7,4.132940362570734e-8,8.212560266866351e-8,1.6666788686260785e-7,1.6319512881902437e-9,1.4604177575772073e-8,6.72153772653619e-8,2.026908291572215e-9,9.148766019312905e-9,9.825140509393085e-9,5.01555835813932e-8,2.047937049498161e-9,6.6413174558765136e-9,9.955768038790394e-9,5.243165414354167e-8,2.0902687621719008e-9,6.839920599640602e-9,1.043660601389741e-8,5.885570649639191e-8,2.0753287190978456e-9,7.602842604693576e-9,1.1375588925862445e-8,5.793745227295415e-8,2.247145037300311e-9,7.4440819208704005e-9,1.0746184656701817e-8,6.057614807087113e-8,2.07427725124852e-9,7.794735883781025e-9,1.1661274099941385e-8,7.049958244310229e-8,2.0805466312177855e-9,8.54983909526737e-9,1.1862215782291893e-8,6.143802591703967e-8,2.2177308602772243e-9,7.914899639408583e-9,1.0178821092131534e-8,6.14141171014754e-8,1.9636401879533325e-9,8.132436751429475e-9,2.23143763822065e-8,8.409967908409054e-8,1.939226863695561e-9,9.206368739009396e-9,8.709474951795725e-9,1.1314416341188896e-8,5.1794677407993306e-8,2.006574094205611e-9,8.122767389557921e-9,4.04775027562486e-6
t130,1.0032947742173502e-8,4.346892380940572e-8,2.176540870628803e-8,8.821008675020675e-8,1.751624538502767e-7,2.030983697089565e-9,3.788965283099673e-8,1.1029611149632274e-7,1.1422286595358938e-7,7.421017064976328e-8,0.0,2.5096211084282478e-8,2.3879333477033573e-9,4.610678601746406e-8,4.79743117775405e-8,1.901490420965495e-9,2.474363096098276e-8,5.440559772415128e-8,1.934876945572996e-8,5.811214452824957e-8,0.0,9.999378093780104e-9,3.268034038739022e-7,1.2487900970863382e-7,2.398789171454752e-7,1.1050723057428606e-7,1.3918918889783538e-8,2.1923461674170263e-7,1.2259743640136986e-7,1.07241053071005e-7,3.555769453804138e-8,1.6305614875485616e-7,1.1484434190486972e-7,0.0,3.723932671430683e-8,1.0521757872687099e-8,6.578316072633097e-9,1.200157243042994e-7,6.095535430815778e-8,2.1325566915761994e-8,1.896482406763253e-9,1.4879691632457386e-9,7.511379122038115e-9,4.164802032915829e-8,8.003789664688511e-9,2.53916212082593e-7,4.464655059624998e-8,8.481795281729648e-8,1.761426398300366e-7,1.6883872143500843e-9,1.6497784802475663e-8,7.374469615636716e-8,2.0883739590566362e-9,1.0319759211734244e-8,1.072697247207236e-8,5.319743851790614e-8,2.0976529179833596e-9,7.18305490641863e-9,1.0982751213398208e-8,5.575040358169004e-8,2.1176943692591553e-9,7.40281796139424e-9,1.148263532551071e-8,6.236414273617138e-8,2.093056143802478e-9,8.227713797603341e-9,1.261757418545963e-8,6.140255803201574e-8,2.2655379962738845e-9,8.056735106178653e-9,1.190688268326129e-8,6.477981304425759e-8,2.1033084213384273e-9,8.540688451415841e-9,1.2934917500790864e-8,7.712253927023754e-8,2.2744171369708197e-9,9.459696752719768e-9,1.3423129133673264e-8,6.634488083079399e-8,2.2662587919241393e-9,8.724895038777747e-9,1.1177067399227613e-8,6.59066793910257e-8,1.9935677934510145e-9,8.916711081232511e-9,2.432720715671529e-8,9.099771316100029e-8,1.8934065614191627e-9,9.788084176497615e-9,9.376238726093962e-9,1.2175173490674016e-8,5.488989080449651e-8,1.970500976461208e-9,8.697313427790483e-9,4.426890394510172e-6
t131,1.0779126985276426e-8,5.432846908216168e-8,3.153332603703713e-8,9.694125475715038e-8,2.0271590691596216e-7,2.2058717230476917e-9,4.1759880939782777e-8,1.1752614876837404e-7,1.2437440888742795e-7,8.171871309720875e-8,0.0,2.563986827068295e-8,2.4943021819532275e-9,5.227065169363849e-8,5.081165580410337e-8,2.0277647486545087e-9,2.7323790937607705e-8,6.22354107272325e-8,2.3660253331387184e-8,7.072826796692822e-8,0.0,1.2617468347640832e-8,3.671744202612543e-7,1.285609601705256e-7,2.4864301974331014e-7,1.4647449158993545e-7,1.8455767136890995e-8,2.422736008488495e-7,1.4225854993231332e-7,1.3479082150846998e-7,4.605120696410518e-8,1.8022191497887454e-7,1.3382085471876309e-7,0.0,4.123483243108121e-8,1.171885737880673e-8,6.888512414913692e-9,1.287628489124474e-7,6.550309512399882e-8,2.224807896330401e-8,2.202912856347783e-9,1.6817287584599421e-9,8.41071345812494e-9,4.548578715501088e-8,9.01194141199523e-9,2.68945258770479e-7,4.7891122044960404e-8,8.646822518396388e-8,1.8428583881786508e-7,1.8759472802172005e-9,1.8847818901077417e-8,8.038774502276987e-8,2.1601943330934402e-9,1.165601060990305e-8,1.1759031661323671e-8,5.6636557709734664e-8,2.1684027872176447e-9,7.767901280538585e-9,1.2155398374978084e-8,5.9339608187758996e-8,2.17619955532137e-9,8.018573918669593e-9,1.2658116040196755e-8,6.61908396932563e-8,2.1316017691529925e-9,8.897274353690358e-9,1.400533954268106e-8,6.50741186527858e-8,2.3100503746620707e-9,8.677416053901085e-9,1.3291728476570338e-8,6.954223386054873e-8,2.1489332148391017e-9,9.415427945579959e-9,1.4543776046268348e-8,8.486912757397885e-8,2.3858614877283946e-9,1.0476894029971605e-8,1.541506254305785e-8,7.206196163121028e-8,2.3403567101110635e-9,9.680828291141326e-9,1.2430596999719514e-8,7.164736517126582e-8,2.038123250007886e-9,9.9849433518134e-9,2.576432810307008e-8,9.214249168687159e-8,2.1421171227698044e-9,9.830272302641962e-9,9.598752520765796e-9,1.2632810401365624e-8,5.600667676763897e-8,2.226770013021886e-9,8.83869296366143e-9,4.889508181306859e-6
t132,1.1646525331969974e-8,7.343619120957725e-8,5.749670068078032e-8,1.0768241530024066e-7,2.422802300794315e-7,2.4181920475668918e-9,4.650746388002412e-8,1.2589284392697577e-7,1.3659491617259117e-7,9.07757088925531e-8,0.0,2.6208470124233336e-8,2.604194350800434e-9,6.03581262368242e-8,5.4021005094586e-8,2.1658334809618944e-9,3.057360110441259e-8,7.269702500391422e-8,3.05995816073057e-8,9.052479994659186e-8,0.0,1.724790688469939e-8,4.196919400591597e-7,1.3248231039919116e-7,2.580855975026634e-7,2.1911851678522192e-7,2.7621422956339295e-8,2.726795990462154e-7,1.6990234792577027e-7,1.804797978067525e-7,6.541252534655329e-8,2.0192176255571956e-7,1.607362349662894e-7,0.0,4.682447087666247e-8,1.1091585547686262e-8,7.1898707943988445e-9,1.4101553942577847e-7,7.22839303169993e-8,2.292134475451277e-8,2.2610284602946833e-9,1.6988183330823723e-9,8.930568534361586e-9,5.123786750900798e-8,1.0187838705578941e-8,2.8743465539255596e-7,5.238599040547867e-8,8.913072190981273e-8,1.953425636296989e-7,1.9244307212743235e-9,2.2034701447458706e-8,8.798150899669315e-8,2.2405490704926823e-9,1.3466270398436572e-8,1.2982055458546717e-8,6.048100878180264e-8,2.2511840648900924e-9,8.420015213484121e-9,1.3496517905078535e-8,6.331285598933308e-8,2.251326942846999e-9,8.691024437416935e-9,1.4003964895583686e-8,7.041233561303441e-8,2.1896621246843147e-9,9.64052745955841e-9,1.5625265659630744e-8,6.908921782410546e-8,2.3792139708597076e-9,9.343804996616014e-9,1.4926884171262013e-8,7.497603698415466e-8,2.214538816280129e-9,1.0455954780936764e-8,1.6601308159171685e-8,9.415700970222313e-8,2.4935336227752155e-9,1.1721474987250323e-8,1.7970261438257688e-8,7.878770849810707e-8,2.435161676141511e-9,1.0871868170730086e-8,1.3912268724204731e-8,7.816892626044598e-8,2.104102874177048e-9,1.1244649746882453e-8,2.9593743799323457e-8,1.0315107558427674e-7,2.097633177048749e-9,1.0744052136268497e-8,1.0560084839751912e-8,1.3923544332862749e-8,6.031472005874734e-8,2.183388818836294e-9,9.627708388593694e-9,5.567255663022364e-6
t133,1.1725754337021605e-8,8.445061151685659e-8,1.4472765680372616e-7,1.1328681662573328e-7,2.5636621831209337e-7,2.456204865747559e-9,5.261547205420113e-8,1.3574117840929874e-7,1.5160082834740963e-7,1.0221099756681281e-7,0.0,2.680089303008001e-8,2.7352673853924435e-9,7.174658744619183e-8,5.766780087738245e-8,2.282241949892518e-9,3.4723036385024164e-8,8.738435860032299e-8,4.367449361701306e-8,1.2607325228962278e-7,0.0,2.7586050891068538e-8,4.912645880843009e-7,1.364302613454008e-7,2.6805052921229757e-7,4.4040216433964546e-7,5.571301581289377e-8,3.174689817784468e-7,2.1294435867257408e-7,2.730287715696739e-7,1.1297946483391874e-7,2.3302760995106622e-7,2.0402696532118932e-7,0.0,5.5966102949921635e-8,1.1089536741313177e-8,7.62328046920809e-9,1.5794908028031648e-7,8.219717738032236e-8,2.3782929150875096e-8,2.3582533434861905e-9,1.7368352166642366e-9,9.672379806884772e-9,5.859966018552383e-8,1.1906197956670734e-8,3.084592912748489e-7,5.79851963439676e-8,9.209810591133661e-8,2.080092262682031e-7,1.988910996651984e-9,2.495001714222311e-8,9.222739203633099e-8,2.2741877479181217e-9,1.425226983632111e-8,1.4577410602128853e-8,6.517340741310929e-8,2.3331490376899255e-9,9.246035197704212e-9,1.5161600232173635e-8,6.774026334103358e-8,2.332852836739089e-9,9.52986576579044e-9,1.5670517276885922e-8,7.502199037101223e-8,2.2526532230078284e-9,1.0594938340299273e-8,1.7624532442619525e-8,7.343215882439501e-8,2.454027083650765e-9,1.0147138254021549e-8,1.696743414161195e-8,8.097571602717483e-8,2.294812442888786e-9,1.1751829916697804e-8,1.9365953885766005e-8,1.0562041151026817e-7,2.6427853184433916e-9,1.3423695023756626e-8,2.1520475828236306e-8,8.671248848980747e-8,2.5248056609876286e-9,1.2462621236669759e-8,1.590040106587262e-8,8.610706493371038e-8,2.1797156482905103e-9,1.3067434246969333e-8,3.579517790684844e-8,1.1581363004919545e-7,2.0633271288925276e-9,1.2315725625363481e-8,1.1830724504142198e-8,1.559789761507089e-8,6.466596689373686e-8,2.1539736956771828e-9,1.065014372293606e-8,6.664015216032562e-6
t134,1.1779012280588281e-8,9.875827452971543e-8,3.015791172014788e-7,1.1907067317443055e-7,2.732753046067097e-7,2.4661354722458688e-9,6.023796014267763e-8,1.4722498757456924e-7,1.701198827452798e-7,1.1626787178070987e-7,0.0,2.736734312039219e-8,2.8283381234229587e-9,8.794419119715606e-8,6.169047359064174e-8,2.2484820872784807e-9,4.020691888262797e-8,1.0967162765357499e-7,7.622140168618436e-8,2.0533987953495853e-7,0.0,6.694612301592415e-8,5.924647619387265e-7,1.413577395680536e-7,2.804514690877491e-7,1.2773856562036796e-5,0.5079252464318662,3.8685161857307893e-7,2.857237597199479e-7,5.337548597315874e-7,3.5267299211989656e-7,2.767686352544379e-7,2.785279094996304e-7,0.0,6.967971922022626e-8,1.7310991200345443e-8,8.161850834883777e-9,1.7931917141493696e-7,9.479034177146618e-8,2.4845925156267622e-8,2.633826967111922e-9,1.881526317290768e-9,1.0791380897292368e-8,6.744428428778601e-8,1.4672276020283044e-8,3.3141601778331705e-7,6.419201999351643e-8,9.4804004101588e-8,2.210990728983149e-7,2.1275405634702984e-9,2.8701277462559053e-8,9.645499977632991e-8,2.278039302595796e-9,1.5056501423253143e-8,1.6370622961052717e-8,7.044526657437268e-8,2.4092701229647543e-9,1.0117195560903178e-8,1.683711592160857e-8,7.38513844936818e-8,2.403927639224964e-9,1.0477716176932294e-8,1.7307833702177874e-8,8.120507496227278e-8,2.3065503875124974e-9,1.1669419752241659e-8,1.974907120876556e-8,7.941212770726225e-8,2.5180897154248714e-9,1.112774236405019e-8,1.90934382410219e-8,8.916727953181744e-8,2.3337723584951596e-9,1.3373122408432874e-8,2.3229950980675937e-8,1.1939327608640097e-7,2.5333237625138944e-9,1.592476116416733e-8,2.539569454193108e-8,9.758315912164782e-8,2.5843060932592884e-9,1.4611972940800745e-8,1.8192272799533804e-8,9.719421108728857e-8,2.228123514434268e-9,1.5482740254902247e-8,4.3970555243650845e-8,1.2709142242932323e-7,2.1612601187646646e-9,1.3630241048894147e-8,1.3076034536051794e-8,1.7409749991959386e-8,6.823661792573053e-8,2.2538603514755856e-9,1.1606752399694821e-8,0.5079457637332475
t135,1.1872245701199524e-8,1.2276568656590218e-7,0.7816522453284268,1.260398039678554e-7,2.983144070032031e-7,2.474817957777881e-9,7.057448450398064e-8,1.6073766433778816e-7,1.939354641484885e-7,1.3622002546376374e-7,0.0,2.8038207098967292e-8,2.9918931163166375e-9,1.1529994171293524e-7,6.671451489056072e-8,2.468344300792692e-9,4.807466529641112e-8,1.5070763165206128e-7,1.038883134643861e-7,2.480842102476503e-7,0.0,1.5158945482552392e-7,6.40836039078008e-7,1.4205722353760842e-7,2.8640427124613184e-7,4.214644792464909e-6,0.7945471267864436,3.6103964877780214e-7,2.751013056427342e-7,8.271402226366879e-7,2.721201416193562e-6,2.938786630784242e-7,3.1790305312635314e-7,0.0,9.436097812129538e-8,3.398641814377636e-8,8.823650957658197e-9,2.1023174825246872e-7,1.1420051114817542e-7,2.5932010995941568e-8,2.8955849736731737e-9,2.002990189207945e-9,1.193246591317385e-8,8.015845770597352e-8,1.913164501558856e-8,3.595245523297131e-7,7.231426468744422e-8,9.886750220409288e-8,2.390512590936596e-7,2.2370176263794542e-9,3.313905535539485e-8,1.0167828649019391e-7,2.2667069616719202e-9,1.6176657056514968e-8,1.88905194721788e-8,7.698022122979013e-8,2.4900646511937277e-9,1.1290254462898515e-8,1.9514134102974078e-8,8.047924193452166e-8,2.4917764879083085e-9,1.178378835643212e-8,2.000480211834013e-8,8.805244924314417e-8,2.374685647395519e-9,1.3277164199314398e-8,2.3217980816756466e-8,8.593898978094182e-8,2.599990573490843e-9,1.2532421412970003e-8,2.1242306913851675e-8,9.216348708231978e-8,2.370820977073486e-9,1.3848199408823114e-8,2.6655367880174975e-8,1.2661864318041736e-7,2.791416572142225e-9,1.6773238474943603e-8,2.582183851333399e-8,9.747684937279486e-8,2.5839875031534796e-9,1.3942506774742518e-8,2.030753584789199e-8,1.024071039531452e-7,2.265941065673536e-9,1.6443018157228158e-8,5.7850702409434244e-8,1.454925716927999e-7,2.1618568895087513e-9,1.610144690980012e-8,1.4939015648510507e-8,1.990921128252243e-8,7.359316004937838e-8,2.273453677134903e-9,1.301559008123315e-8,1.5762144229928006
t136,1.136286372277796e-8,1.1604278776072709e-7,1.9527497374413247,1.2660647096277531e-7,2.8801694900477266e-7,2.3610237666513576e-9,8.53692990887723e-8,1.7715419485732259e-7,2.256878003262426e-7,1.6316383478357578e-7,0.0,2.8713721953068805e-8,3.116845456320573e-9,1.671796215327383e-7,7.250423690689582e-8,2.665789254462421e-9,5.982751467538945e-8,2.4700578154575956e-7,1.5853791752816806e-7,3.1399709934558123e-7,0.0,1.4182248901865512e-7,6.387678468138141e-7,1.4176612038174572e-7,2.918525981564213e-7,2.3474264335924807e-6,1.176979018810925,3.4427533187126154e-7,2.6478823330727473e-7,8.428123154454734e-7,0.03406184153426532,2.882360096466611e-7,3.121774850015773e-7,0.0,1.4997050245117046e-7,9.387127359295904e-8,9.709457907454657e-9,2.5766308767055005e-7,1.45642571490481e-7,2.7211109447076284e-8,3.2570797076560512e-9,2.155749202304987e-9,1.3974454967498874e-8,1.0535264857413853e-7,2.815318295465954e-8,3.988515029329972e-7,8.724404051570211e-8,1.0630209858608345e-7,2.709663602068376e-7,2.4662863298404966e-9,3.341424895689234e-8,1.0202962914289165e-7,2.230632739614183e-9,1.5719838069574237e-8,2.208362114172157e-8,8.433335812812798e-8,2.5769808468039124e-9,1.2707820786822397e-8,2.2998697562084833e-8,8.775041463751356e-8,2.5709003549818135e-9,1.3140046804652119e-8,2.3533519539468154e-8,9.557415495557478e-8,2.4343783370470732e-9,1.5033685022718045e-8,2.7999624300637297e-8,9.305194490333008e-8,2.6722016225928734e-9,1.4041052640389998e-8,2.3856534641976614e-8,9.459440433696048e-8,2.377753221200519e-9,1.4125038525580122e-8,2.7142132267396014e-8,1.2666140309429169e-7,2.687352056852082e-9,1.6407842889574998e-8,2.4550849188792038e-8,9.690092693358285e-8,2.5346469412107353e-9,1.311457570909224e-8,2.0809407185019533e-8,1.035801906514396e-7,2.248134020115608e-9,1.5957556422154144e-8,8.278088866515522e-8,1.664763923882404e-7,2.251093657456872e-9,1.903860216808126e-8,1.8120025321573796e-8,2.3518096783685666e-8,7.931432039132689e-8,2.374535458968147e-9,1.531974421357158e-8,3.163801836455736
t137,1.0936697387022969e-8,1.1276136271129444e-7,1.726198748286115,1.2744194613023018e-7,2.8275473092459816e-7,2.290673235925687e-9,1.129364296578671e-7,1.9805240497884966e-7,2.705287206893134e-7,2.1391510804954009e-7,0.0,2.9471376116467322e-8,3.2988481308957582e-9,3.483328048099842e-7,7.961171505051719e-8,2.9230636234372742e-9,8.110459077060015e-8,7.777951068171482e-7,3.6555951685054315e-7,4.5932854253239655e-7,0.0,9.964792188362485e-8,6.311833303139114e-7,1.4101051910016717e-7,2.964259712541768e-7,1.6485301655451119e-6,0.7201149849376868,3.3784794058911535e-7,2.582835452263725e-7,7.834310109984525e-7,0.09229144966324765,2.825524072656325e-7,3.004899408219567e-7,0.0,1.9787611463670054e-7,2.0211625330532544e-7,1.0145598562324608e-8,2.840599978011343e-7,1.642403359960936e-7,2.7760806476220495e-8,3.185068636654025e-9,2.1261220330675144e-9,1.692814235550471e-8,1.5871949353392038e-7,4.297380827918155e-8,4.514071120605411e-7,1.1294683007574524e-7,1.1829830417000553e-7,3.228658768880169e-7,2.75784203352504e-9,3.245167961406133e-8,1.0174705925852984e-7,2.2347818584768904e-9,1.545584940243924e-8,2.7170802064012823e-8,9.467868630056489e-8,2.674377041877837e-9,1.506562064204135e-8,2.838771576565058e-8,9.80765190792551e-8,2.6624933333800326e-9,1.554187053652744e-8,2.9106229141749994e-8,1.0585347380431542e-7,2.4960858094319275e-9,1.819612315402232e-8,3.5765252359777745e-8,1.0279969575643197e-7,2.7463792614237067e-9,1.6670490250142028e-8,2.745209867521764e-8,9.766955437422117e-8,2.390178949897139e-9,1.4742841173298888e-8,2.6244812455310485e-8,1.25146400510171e-7,2.5283628991640064e-9,1.6038371337985648e-8,2.3660096078767647e-8,9.688131787604028e-8,2.4777039579551228e-9,1.2633270903962362e-8,2.0523589517009082e-8,1.0386554450121384e-7,2.2246181217481416e-9,1.545629679719082e-8,1.0971786272024721e-7,1.7984217059761572e-7,2.275629749271738e-9,2.092156065661846e-8,2.3957959376770567e-8,2.8559146252378765e-8,8.756942429052444e-8,2.4431085296571594e-9,1.9333384513432345e-8,2.5386173740776363
t138,1.0568707853068028e-8,1.1001026901877539e-7,1.0641272581997894,1.2853925420909604e-7,2.815168266783582e-7,2.2196713453830907e-9,2.0562262211689824e-7,2.2599970371759754e-7,3.4036413192151146e-7,4.011092637539877e-7,0.0,3.038628583405277e-8,3.516752864515809e-9,4.3818629666149747e-7,8.041121224089223e-8,2.8939566484685123e-9,8.759255181577249e-8,9.91496876201234e-7,2.6686809690380597,6.803238790769799e-7,0.0,7.677612754715901e-8,6.251617026712893e-7,1.407676155657307e-7,3.0154591029098815e-7,1.275603199490513e-6,0.4213976698965564,3.3859509848803056e-7,2.540174197705732e-7,7.248823328875728e-7,6.680022703067224e-6,2.8006962445910986e-7,2.909786088673341e-7,0.0,2.2170573984011562e-7,5.221178968371321e-7,1.0333307295397889e-8,2.944945410433104e-7,1.7178032154095867e-7,2.7948430362449664e-8,2.9524213605665305e-9,1.9986774297690072e-9,1.740239666111217e-8,1.6771235439333285e-7,4.893066047196836e-8,4.625107193284883e-7,1.1452565614103805e-7,1.1893676768285825e-7,3.224603216229727e-7,2.7390927664665793e-9,3.1937354494563186e-8,1.0054472925850911e-7,2.2218510143165737e-9,1.509597240640852e-8,3.603516454974452e-8,1.0925066510863623e-7,2.789519555496848e-9,1.9157999813228913e-8,3.803975197900547e-8,1.1248565441628294e-7,2.778753122902806e-9,1.9690560302630432e-8,3.314823811584801e-8,1.069778686514357e-7,2.498696218309227e-9,1.8280954963764323e-8,4.230575505970919e-8,1.0403810323329998e-7,2.7482116958256203e-9,1.6729699935322988e-8,3.1617116277572546e-8,9.984333473194193e-8,2.3959582992573928e-9,1.5119723253657268e-8,2.5550573151688445e-8,1.2302500674476788e-7,2.3358926302502497e-9,1.5709087756945266e-8,2.309512426733921e-8,9.709176871738602e-8,2.445450223457359e-9,1.2225596016968297e-8,2.0212582977647234e-8,1.0425746834286604e-7,2.202249535489915e-9,1.494019297069483e-8,1.4253245289141329e-7,1.8537261656229473e-7,2.286142353915242e-9,2.1695502606834555e-8,2.4406056850112936e-8,3.1739678172813576e-8,8.865021674503797e-8,2.4171534939684024e-9,1.9554610316106552e-8,4.154225342339376
t139,1.0257005798617464e-8,1.0899632045126051e-7,0.5693144215314301,1.2976732453252883e-7,2.8360930239879184e-7,2.1431193694771853e-9,1.1041488895633874e-6,2.6629647476100083e-7,4.4277012199268514e-7,2.9169222710638747e-6,0.0,3.157324173018868e-8,3.814381534090001e-9,5.154790052200392e-7,8.046097298678174e-8,2.834661259519612e-9,9.191849750072842e-8,1.2673466860256345e-6,0.6047530728168634,6.288371686313906e-7,0.0,6.446174900053327e-8,6.244362644322004e-7,1.3959081992021358e-7,3.048381925127877e-7,1.0747132521251051e-6,0.05280588460496035,3.513533870067071e-7,2.546639296093165e-7,6.842176611185383e-7,2.8390389143633773e-6,2.8389510937326454e-7,2.8693829293184217e-7,0.0,2.6475820821788536e-7,0.3230290341583937,1.0585615508130475e-8,3.1092915143939986e-7,1.8530915543388825e-7,2.8128219139241304e-8,2.800091327869347e-9,1.904659773157274e-9,1.6721273777219905e-8,1.6808192694302913e-7,5.116754585534246e-8,4.67002433543832e-7,1.123123328845756e-7,1.1981326405196052e-7,3.160955612426448e-7,2.6726208300169456e-9,3.182790429263994e-8,1.0017989068591579e-7,2.1922527404747222e-9,1.4917640898879615e-8,5.304663780403214e-8,1.3126384385129298e-7,2.9327808385559295e-9,2.8319073552154216e-8,5.657619325399715e-8,1.3539400531120792e-7,2.9054799928009257e-9,3.028135031056656e-8,3.710910623854323e-8,1.0812291193602907e-7,2.488193602547634e-9,1.8825618781775868e-8,4.7855949385851614e-8,1.0546312691348353e-7,2.7344149438938547e-9,1.723019984011135e-8,3.227366512607622e-8,1.007729816496207e-7,2.3656246052939023e-9,1.5463006736992352e-8,2.545014775709671e-8,1.23709424347111e-7,2.437901436456616e-9,1.5666051286734757e-8,2.314148165482388e-8,9.911248084405272e-8,2.4261809959251647e-9,1.2412004964699596e-8,2.0219710979485294e-8,1.0595719586752555e-7,2.175961712737115e-9,1.494455006378611e-8,1.9604134140025292e-7,1.9191752067224705e-7,2.2829948365406246e-9,2.2826844601869408e-8,2.4050528879849852e-8,3.3828337189433064e-8,8.793303577868183e-8,2.334890241037572e-9,1.933354640464515e-8,1.54992137546071
t140,9.751641315720698e-9,1.0612836347343577e-7,0.31959294470061095,1.3130886197967672e-7,2.893578036705906e-7,2.081683951188144e-9,5.261828839998613e-7,2.606843328738414e-7,4.2822123751005327e-7,1.3140704200310951e-6,0.0,3.1030143506513424e-8,3.785440006176225e-9,4.043444475819141e-7,7.579971738157585e-8,2.7158045030583674e-9,8.37604939118086e-8,7.656635430908413e-7,3.907129259677977e-7,4.781660655766546e-7,0.0,5.451922700465721e-8,6.134192875415222e-7,1.3873968668429805e-7,3.0893745407101163e-7,8.552739675284784e-7,7.112375300577868e-7,3.707613090951831e-7,2.5517496237345505e-7,6.116592791512784e-7,1.1477835562705503e-6,2.9044934007203586e-7,2.8296266868125566e-7,0.0,3.2047017719783346e-7,0.16192904758320414,1.0946580281287676e-8,3.353260328860728e-7,2.0475320832702798e-7,2.7849315760818517e-8,2.8884794476119165e-9,1.9790204441736245e-9,1.5301042352748134e-8,1.5025856544926393e-7,4.264536587597881e-8,4.6366354561752117e-7,1.1166673459459935e-7,1.2015367692135953e-7,3.1073690603941116e-7,2.630624867551757e-9,3.2182302261845075e-8,9.965130062492398e-8,2.158238164613178e-9,1.4884325175112603e-8,5.1201682054413405e-8,1.25742160950288e-7,2.9041513683398037e-9,2.4389893349822742e-8,5.668377222189766e-8,1.2942034152613377e-7,2.8666465314142645e-9,2.6369732920333962e-8,3.5069542995750964e-8,1.0683540715619426e-7,2.454050879192791e-9,1.8483521159738974e-8,4.3590755709069995e-8,1.0448362654747031e-7,2.6949874459977813e-9,1.7071158226491083e-8,3.120253235549468e-8,1.0097037813006058e-7,2.3274797400569737e-9,1.5763017535752365e-8,2.5691698254322763e-8,1.2436776337451345e-7,2.525205161362972e-9,1.570484281359034e-8,2.349886151108887e-8,1.0177625002312279e-7,2.4032574966749625e-9,1.2797063110520883e-8,2.043931284005493e-8,1.0797532067612075e-7,2.1420839355352044e-9,1.5143359308136498e-8,3.3484484723474883e-7,1.955774225117498e-7,2.3104966656383148e-9,2.2962718143332435e-8,2.2971603692935967e-8,3.52486809338645e-8,8.525984706247518e-8,2.2584453989448256e-9,1.8331927649710744e-8,0.4815372818691829
t141,8.455872851341812e-9,5.404902025509667e-8,3.6035957315890114e-8,9.16693808476893e-8,2.046475367552705e-7,1.770628687970553e-9,1.0574670556906666e-7,1.5846793362528794e-7,1.8993815382549694e-7,2.229645961970772e-7,0.0,2.9043989593575336e-8,3.270029062024541e-9,8.363067611874227e-8,5.595823772222794e-8,2.2270508190754966e-9,3.6170980333515736e-8,1.338503822355378e-7,3.367379665131324e-8,1.0925977495084814e-7,0.0,1.3500903668715474e-8,4.2139411149932187e-7,1.305325963868594e-7,2.486904252882179e-7,1.522017327788755e-7,1.9873091933438035e-8,2.7108494767520476e-7,1.4255488185884e-7,1.6134373303266506e-7,5.328549119871607e-8,2.1058832830943535e-7,1.5564122199373894e-7,0.0,7.496369030898983e-8,1.9556302294135037e-8,8.712367487898902e-9,1.8299557173101163e-7,1.0080758365919355e-7,2.3457546725339073e-8,2.1984426736882852e-9,1.6414134108893233e-9,9.479065779684143e-9,7.659946473856054e-8,1.3519629300282271e-8,3.3019128882168605e-7,6.93853912152712e-8,1.0202248705232692e-7,2.533625341053283e-7,2.0215410738190495e-9,1.7150018008734852e-8,7.419839246384761e-8,2.0144302912535284e-9,1.1130249577617066e-8,1.9270799066855212e-8,8.222678901787383e-8,2.6376021523601907e-9,1.4378043346254274e-8,1.9913333276203125e-8,8.276256208741862e-8,2.6132061916110923e-9,1.5057195239218955e-8,1.6615917460838795e-8,7.335216147544339e-8,2.2628019694761068e-9,1.2504656038108273e-8,1.843599048205353e-8,7.314789030503738e-8,2.4770383817697452e-9,1.1959919192928868e-8,1.582373452165454e-8,7.097116821234253e-8,2.1687179703792154e-9,1.1274668092836068e-8,1.4441602332021116e-8,8.138957503561433e-8,2.446348301303205e-9,1.1071939885423839e-8,1.3833874539356001e-8,7.226267182265506e-8,2.246494365154055e-9,9.912369075184613e-9,1.2739721756620567e-8,7.48960077177469e-8,2.006010377610174e-9,1.1026077099021601e-8,2.737545061120546e-8,1.0460833474213673e-7,2.089564907646826e-9,1.3522554323401571e-8,1.3756617354796819e-8,1.5372532762422225e-8,6.63402316122719e-8,2.3110854300295025e-9,1.1846883393506827e-8,6.032279721686428e-6
t142,7.48426988882346e-9,3.5675709529018726e-8,1.807467484310053e-8,7.07276974863979e-8,1.5942082322142363e-7,1.5505323502966575e-9,5.800463572398721e-8,1.1347332214908167e-7,1.2134458865956748e-7,1.1870847146587115e-7,0.0,2.7277220692496095e-8,2.7774943327791384e-9,4.685738257411884e-8,4.288838243990399e-8,1.892137823879343e-9,2.2491768047068115e-8,7.238534042184047e-8,1.8037918113113454e-8,6.172558626723706e-8,0.0,7.799580210231998e-9,3.1550116139121563e-7,1.239781058919473e-7,2.089002978135754e-7,8.410635559277325e-8,1.020538380213111e-8,2.135015997497582e-7,9.924331214760078e-8,9.120739564073178e-8,2.705930674430603e-8,1.6453958844801931e-7,1.0720600870712214e-7,0.0,4.150515496925148e-8,9.53133553248226e-9,7.234638147668424e-9,1.2416699528282847e-7,6.598562003079463e-8,1.952675543180147e-8,1.7898010268252078e-9,1.413568403177271e-9,6.754769642841439e-9,4.806963409209775e-8,8.249734071135307e-9,2.5867625723329803e-7,4.9586175665881946e-8,8.94372580143713e-8,1.9883581215832073e-7,1.6603592881541458e-9,1.18222328581946e-8,5.954588286736081e-8,1.8924988858530037e-9,8.914554141304006e-9,1.1810858940894352e-8,6.070954466523717e-8,2.3893312977281795e-9,1.0018120957671022e-8,1.2039506238686399e-8,6.055737913673936e-8,2.3667015679377356e-9,1.0154013350842331e-8,1.0934987089129819e-8,5.553205865025449e-8,2.0888983370497757e-9,9.076668682011638e-9,1.16626048381168e-8,5.601140610654389e-8,2.2623087234496123e-9,8.827484934496728e-9,1.0620566672760159e-8,5.440939364535657e-8,2.016886405171435e-9,8.425319323841294e-9,1.0127007386404566e-8,6.007591887308721e-8,2.1880258912233398e-9,8.565663043264908e-9,9.829008775763058e-9,5.58021103855232e-8,2.077708391602662e-9,7.835593088527093e-9,9.272372962333267e-9,5.703396963137542e-8,1.878577839570092e-9,8.382250855231686e-9,1.3777475722375862e-8,6.954391167541077e-8,1.9228409563238424e-9,9.237834196205234e-9,9.896659013169231e-9,1.0257118314701855e-8,5.1290833916117076e-8,2.108095606012765e-9,8.772584541253163e-9,4.280434690542456e-6
t143,6.713786425095216e-9,2.6734841062449836e-8,1.2196964105413679e-8,5.76690853238192e-8,1.3064157589954016e-7,1.3840212230231946e-9,4.0082755317475844e-8,8.830789438008122e-8,8.895458097348932e-8,8.079431060195932e-8,0.0,2.5680509748915072e-8,2.4283550439195138e-9,3.288355737836406e-8,3.506958285026975e-8,1.6374484052452708e-9,1.645375151037841e-8,4.948825878709339e-8,1.2419550285661063e-8,4.30999541482176e-8,0.0,5.523222391690497e-9,2.5263285613710455e-7,1.1786014298897158e-7,1.7987913547714063e-7,5.8787183282168953e-8,6.940210545975585e-9,1.7628552553709098e-7,7.666636049794842e-8,6.397035808139487e-8,1.8202272088846732e-8,1.35558314614631e-7,8.230053036944174e-8,0.0,2.9038714568726112e-8,6.505970927313807e-9,6.174304689800135e-9,9.41776429995662e-8,4.922749659239787e-8,1.692438573787651e-8,1.516454559395265e-9,1.2469425047110591e-9,5.4112501756069524e-9,3.629187598948404e-8,6.140149617042543e-9,2.1857717151727852e-7,3.961939861596879e-8,8.054219304323068e-8,1.6810868834737225e-7,1.4426774476163058e-9,9.014216904223472e-9,4.942173030270363e-8,1.792893604196942e-9,7.3260903912598215e-9,8.55841223448526e-9,4.845424463604226e-8,2.1677770484525192e-9,7.756411406507829e-9,8.663643127310729e-9,4.8013631064118356e-8,2.14393206060915e-9,7.756386153919198e-9,8.213926514395076e-9,4.4990038935310026e-8,1.9204665589062845e-9,7.249004864674809e-9,8.582628258925738e-9,4.561843190386278e-8,2.0701630333041062e-9,7.1100282185790866e-9,8.044308790338443e-9,4.444721130109095e-8,1.8685352406288725e-9,6.852682441764828e-9,7.824321883109537e-9,4.787411939216514e-8,1.970459937067133e-9,7.048315471704991e-9,7.664223797427616e-9,4.5740833413088627e-8,1.9222895071026114e-9,6.578483937170143e-9,7.334468167078087e-9,4.6423804889155025e-8,1.7533255725113554e-9,6.91012129226256e-9,9.33625506295193e-9,5.2363342952516574e-8,1.775740495339852e-9,7.133329536089355e-9,7.944068177859108e-9,7.997122742570256e-9,4.248354014323736e-8,1.9388132923510994e-9,7.153518820007861e-9,3.40339950629458e-6
t144,6.6328080789834506e-9,2.6999271969441344e-8,1.2494837015325651e-8,5.805941370740002e-8,1.3219830314198908e-7,1.3688967800119102e-9,3.877628310029729e-8,8.744745873406702e-8,8.527083204004632e-8,7.786838880076806e-8,0.0,2.5175227802592148e-8,2.3409186289576243e-9,3.251561693824894e-8,3.4381013104363687e-8,1.5720230484530437e-9,1.6319186336627793e-8,4.771164924911042e-8,1.2095361476887931e-8,4.199287932712943e-8,0.0,5.4438370358559105e-9,2.5191404890870854e-7,1.1692488149102106e-7,1.8137794749346445e-7,5.801371102738335e-8,6.7405691543403786e-9,1.7935327338642142e-7,7.686111206152743e-8,6.391022534084316e-8,1.7863844793150617e-8,1.371560390606322e-7,8.250499218479411e-8,0.0,2.8232147568316255e-8,6.377786668729499e-9,6.0569103367423235e-9,9.17018569113766e-8,4.761637247608615e-8,1.6756808430100538e-8,1.4479414971344045e-9,1.203500613170416e-9,5.285941588763397e-9,3.5666343790669016e-8,6.089808031827252e-9,2.1816975107303928e-7,3.879304468158378e-8,8.140150862905363e-8,1.6777757288139672e-7,1.4114772437527074e-9,9.079474847999124e-9,4.9004291251035515e-8,1.7794961982156754e-9,7.238939840101285e-9,8.326970212777715e-9,4.81101939671485e-8,2.0591572720400613e-9,7.522862970944503e-9,8.42781860325148e-9,4.7563820923713964e-8,2.0277060352282767e-9,7.554067278343058e-9,8.117679935341097e-9,4.4907352013098404e-8,1.8292389689669285e-9,7.202199199693234e-9,8.425514915911201e-9,4.5544748180633125e-8,1.9808420092363667e-9,7.074459104006743e-9,8.003306664993504e-9,4.467261150557911e-8,1.793810523753689e-9,6.912455488674635e-9,7.832560334193812e-9,4.81166201960862e-8,1.8550023041987155e-9,7.114693118490486e-9,7.632878844065843e-9,4.639987414774979e-8,1.8566895563430999e-9,6.524656306351813e-9,7.390127443741782e-9,4.719444632500347e-8,1.6955797241771527e-9,7.024238345513267e-9,8.945755874260632e-9,5.142771964310851e-8,1.7352645236085772e-9,6.945836276020107e-9,7.81623579666545e-9,8.018506765960423e-9,4.176950595682397e-8,1.88732295682737e-9,7.074272557752043e-9,3.384690428548215e-6
t145,6.557214024265515e-9,2.7394899055619266e-8,1.2724911100510466e-8,5.8540639454828094e-8,1.334883670456731e-7,1.346499463085667e-9,3.783421622256791e-8,8.690087050859306e-8,8.335170037795886e-8,7.399710646258603e-8,0.0,2.5043818085283596e-8,2.2528533948362745e-9,3.164409754961592e-8,3.425750031815643e-8,1.5848848303230726e-9,1.609006732004858e-8,4.670354864843782e-8,1.1994106105603378e-8,4.150369668731916e-8,0.0,5.444585975817998e-9,2.472681001110936e-7,1.1656420259205666e-7,1.8313754982359516e-7,5.664253095336513e-8,6.774407537715514e-9,1.793974398917567e-7,7.610349565698348e-8,6.178076792752358e-8,1.7732627420550142e-8,1.3534400155406395e-7,8.055146375245762e-8,0.0,2.88402090714639e-8,6.457236039356214e-9,6.135830685320319e-9,9.374479954563553e-8,4.9030475315282464e-8,1.683632998977764e-8,1.3580271214469264e-9,1.1439139206048751e-9,5.164074636257491e-9,3.526881398034833e-8,6.083485429824138e-9,2.1783970369885497e-7,3.806961871242562e-8,8.214304388188062e-8,1.6747105691792055e-7,1.3870392190254096e-9,9.124301418240535e-9,4.9546659151907465e-8,1.7603716623099967e-9,7.29902881757068e-9,7.961928354975253e-9,4.587312082434286e-8,2.1154412426431022e-9,6.990283677595184e-9,8.021063056140205e-9,4.532571974803774e-8,2.093999504486128e-9,6.805374893907753e-9,7.82807606265716e-9,4.3122265635078704e-8,1.896236112832432e-9,6.561372233580331e-9,8.058233748677005e-9,4.378378825458184e-8,2.050878180485759e-9,6.452518749873963e-9,7.743798491805644e-9,4.30349770180169e-8,1.8605841880321163e-9,6.342948809072311e-9,7.72484899349985e-9,4.653525206827113e-8,1.8996186361335385e-9,6.783690493777652e-9,7.46248619184842e-9,4.5151812101512504e-8,1.9270064068097326e-9,6.129989902666454e-9,7.2377341789204755e-9,4.559286845265461e-8,1.7575659130706302e-9,6.479067675234952e-9,9.109022870030392e-9,5.219469328521388e-8,1.7085123453965017e-9,7.095234737970285e-9,7.768321869189453e-9,7.881204291701061e-9,4.192368944007512e-8,1.8396154566789126e-9,7.0757904032899985e-9,3.3498568235685138e-6
t146,6.459766249227114e-9,2.7332838675231066e-8,1.2789983522234362e-8,5.851671324836668e-8,1.3314573758858707e-7,1.326195309365914e-9,3.6372948902234026e-8,8.59755839984259e-8,8.073110474028736e-8,7.081021325432065e-8,0.0,2.4574698765580945e-8,2.169166526745174e-9,3.1216875908569657e-8,3.3656634096449455e-8,1.5410225439046892e-9,1.5821792975530192e-8,4.4800765501097286e-8,1.1596062315121616e-8,4.014217922485931e-8,0.0,5.346607906090165e-9,2.454338358631043e-7,1.1597055546840313e-7,1.849208360162105e-7,5.615925679539759e-8,6.713833993346217e-9,1.7997537472834757e-7,7.607962744122638e-8,6.148212497923537e-8,1.751756127863452e-8,1.3539422160523255e-7,8.014848842971713e-8,0.0,2.938970805232684e-8,6.7491154076354885e-9,6.167293616446928e-9,9.475294758280898e-8,4.952137368217651e-8,1.691486817883116e-8,1.4223309070632124e-9,1.194632563445574e-9,5.045406324906687e-9,3.465769056091076e-8,6.034567682822344e-9,2.1702351251800353e-7,3.726780324081393e-8,8.214019621424514e-8,1.6586309195722073e-7,1.369611601656237e-9,9.026942650739724e-9,4.824701278622635e-8,1.7611741021584892e-9,7.1413258059885234e-9,7.67769786806839e-9,4.564751115081598e-8,2.025226312754386e-9,6.73911091297705e-9,7.741272363611407e-9,4.5001591614780636e-8,2.006908117828142e-9,6.551551662511619e-9,7.622519858410493e-9,4.309557764565741e-8,1.8279799328004146e-9,6.4023789336829675e-9,7.801867215548387e-9,4.367061138357244e-8,1.9692750184053598e-9,6.289575470464358e-9,7.583493202105123e-9,4.325957177615986e-8,1.7948014868014004e-9,6.255411653868814e-9,7.632103952525018e-9,4.6737878838344095e-8,1.774969293658853e-9,6.752035061147259e-9,7.4096063597421835e-9,4.5879459928979184e-8,1.8730400447650866e-9,6.117559898695307e-9,7.1872396111912975e-9,4.656080183277772e-8,1.7037767259701864e-9,6.497052767357938e-9,9.33140918168577e-9,5.2351046984042497e-8,1.693747169203053e-9,7.1104898845656315e-9,7.559388051673508e-9,7.850718392604401e-9,4.134099368899355e-8,1.8109956702677712e-9,6.937595965493187e-9,3.328889056172018e-6
t147,6.394000096579724e-9,2.7530661939864838e-8,1.2877537380792498e-8,5.8732810710239515e-8,1.3322756950406116e-7,1.2947747332516795e-9,3.515454338959599e-8,8.526923445933884e-8,7.864646405073671e-8,6.820137383684583e-8,0.0,2.4205899533094015e-8,2.144296727043789e-9,3.093617126974025e-8,3.320295305535947e-8,1.513749574899089e-9,1.566225383627987e-8,4.2890232617556525e-8,1.1301548290327177e-8,3.870965842786775e-8,0.0,5.260025862417419e-9,2.42478519202891e-7,1.1441044815670853e-7,1.853191483401022e-7,5.6252748710026394e-8,6.752616304563447e-9,1.8049355869873406e-7,7.639984954523695e-8,6.134512290516192e-8,1.746228076923101e-8,1.349219775279519e-7,7.959345515196922e-8,0.0,2.9584822918510877e-8,6.869554369689279e-9,6.205242402848472e-9,9.590163403532684e-8,5.019308310377928e-8,1.6987958074193055e-8,1.3746605717312842e-9,1.163529882780598e-9,4.9690716924347106e-9,3.398346112947902e-8,6.039059983438445e-9,2.1591149957303117e-7,3.6534888937354896e-8,8.168626210690141e-8,1.633162896441234e-7,1.3556119297433976e-9,9.136475015636437e-9,4.8880920811803186e-8,1.7333235499163982e-9,7.3462319701446665e-9,7.60023893521771e-9,4.511568063019136e-8,1.956685659095834e-9,6.573032322624692e-9,7.670547234909686e-9,4.4544399286677444e-8,1.9538723095491602e-9,6.446380276941964e-9,7.599411975217286e-9,4.2863065244002083e-8,1.7857159327377585e-9,6.35299509462227e-9,7.762850834701529e-9,4.352643971688278e-8,1.893242963081244e-9,6.283579327094834e-9,7.586039074739205e-9,4.316005736983578e-8,1.7351297751610925e-9,6.242939290135313e-9,7.652401260140603e-9,4.690856694416305e-8,1.9822185088897507e-9,6.703283801344951e-9,7.514849171527877e-9,4.634939538703757e-8,1.8303787729862264e-9,6.227622088666076e-9,7.232699190859161e-9,4.676150156758023e-8,1.6582176485847686e-9,6.510103359815836e-9,9.583142140824322e-9,5.2488066491735416e-8,1.7201422462981576e-9,7.281982958001546e-9,7.504112739864246e-9,7.806045961154925e-9,4.0870686062919184e-8,1.8197294006946407e-9,6.9287914010832344e-9,3.309745306668926e-6
t148,6.343619720379386e-9,2.7794222658005748e-8,1.2956232998927218e-8,5.905088307127809e-8,1.332378340002681e-7,1.2579973436446977e-9,3.3841557922023633e-8,8.479632860024347e-8,7.67458440018214e-8,6.470194714403418e-8,0.0,2.384182391167428e-8,2.069775248857295e-9,3.0238781505165516e-8,3.27259293469031e-8,1.4718185528858435e-9,1.5459323693141785e-8,4.084242824350309e-8,1.1006130395593933e-8,3.7185277781840935e-8,0.0,5.223439622386694e-9,2.3918103617914313e-7,1.1388921152083734e-7,1.8738731045533524e-7,5.556485109552155e-8,6.8292501850781744e-9,1.7752082385482524e-7,7.606830185529117e-8,6.07304553209955e-8,1.7475196259518493e-8,1.3284173912713334e-7,7.846045343271233e-8,0.0,2.9630753680114795e-8,6.979258207879743e-9,6.220735032407862e-9,9.660739022025305e-8,5.069056658871667e-8,1.7037585821521354e-8,1.339899398979003e-9,1.136354715129204e-9,4.893106643287305e-9,3.3076406587072965e-8,6.04915227891728e-9,2.145322016853732e-7,3.578019230545897e-8,8.063122904289122e-8,1.5989073657571213e-7,1.3329105147219385e-9,9.257497799902392e-9,4.9911543532864874e-8,1.688066437011386e-9,7.624868434743563e-9,7.547703688993413e-9,4.40702693212526e-8,1.8556723778358218e-9,6.379394471667264e-9,7.610449008834128e-9,4.357062048122827e-8,1.920893223423062e-9,6.207526124165444e-9,7.582369851773524e-9,4.2155094044970587e-8,1.7657221463671967e-9,6.177457526434795e-9,7.71418087676114e-9,4.274070257255756e-8,1.796712108258303e-9,6.102773537433408e-9,7.61837600146797e-9,4.261363383931089e-8,1.6499376913130138e-9,6.143194923181639e-9,7.754683796959493e-9,4.637512636242839e-8,1.8828560656075336e-9,6.707873582195243e-9,7.647077716881678e-9,4.607244590800757e-8,1.7572738043672697e-9,6.2284167158602974e-9,7.369263427864865e-9,4.6362508638779506e-8,1.595078637903799e-9,6.471280306533531e-9,9.915389234426526e-9,5.211706137004349e-8,1.7178829495882348e-9,7.464742477256116e-9,7.437976275394843e-9,7.836096769371498e-9,4.003513874669423e-8,1.8110694052761424e-9,6.909544243552812e-9,3.2757417508041513e-6
t149,6.1932726984488565e-9,2.7939434906331523e-8,1.3084058776478666e-8,5.904698267492503e-8,1.3341050805709478e-7,1.2371726922096051e-9,3.290055183502682e-8,8.483627774560478e-8,7.598725551713662e-8,6.219983264592407e-8,0.0,2.3549838274015427e-8,2.018783099801496e-9,2.987298296587344e-8,3.247122477664449e-8,1.3380516830852724e-9,1.5425942348470903e-8,3.9642722319104724e-8,1.0948818453454378e-8,3.634556925095307e-8,0.0,5.328824219858528e-9,2.380624684837996e-7,1.1397941259123845e-7,1.8994768744062636e-7,5.570951264316566e-8,7.1087751820102995e-9,1.756928172781509e-7,7.673235019205844e-8,6.114579070899253e-8,1.7840901200159188e-8,1.318834099072953e-7,7.850185763975425e-8,0.0,2.9351827345097013e-8,7.115096530702223e-9,6.250686993283375e-9,9.748875852914277e-8,5.125306657395768e-8,1.7137359965464947e-8,1.4097843394685945e-9,1.1877723141330812e-9,4.860117510857514e-9,3.284411943386698e-8,6.1390577302221444e-9,2.1435815526781292e-7,3.55705833074943e-8,7.97557002410366e-8,1.5736955532359932e-7,1.3424144520506675e-9,9.51153843026725e-9,4.875129747898358e-8,1.700754060096345e-9,8.480214467139768e-9,7.412019807342719e-9,4.360382155556944e-8,1.725684050798694e-9,6.246649126047818e-9,7.464992974968977e-9,4.3239478319022996e-8,1.9026694335053765e-9,6.787360469373783e-9,7.466612011388881e-9,4.1972050733997283e-8,1.7612294453794205e-9,6.7877900779490095e-9,7.614824430705903e-9,4.2470052887891526e-8,1.6923605757230133e-9,6.694573345461738e-9,7.531253341245946e-9,4.2620791271651074e-8,1.5561645282674663e-9,6.754255352741355e-9,7.73132543771622e-9,4.64319825416781e-8,1.7678516275411728e-9,6.771431718725219e-9,7.724945395220323e-9,4.637751216692374e-8,1.6564252442543451e-9,7.005065601569878e-9,7.407654495947904e-9,4.664082363188604e-8,1.5279925758077173e-9,7.185426281427219e-9,1.0216819219781364e-8,5.188198497894212e-8,1.6824800855964155e-9,8.284952370429387e-9,7.4029285472505606e-9,7.999736455891108e-9,3.990197422340751e-8,1.792506002457947e-9,6.922083975693704e-9,3.2698794848195513e-6
t150,6.1616289248003505e-9,2.8985454501253297e-8,1.3525851750314474e-8,5.936828214546964e-8,1.3535407264881253e-7,1.2634435247726521e-9,3.1408262612416464e-8,8.400283882491441e-8,7.539552935477175e-8,5.983005189134238e-8,0.0,2.3193810005137713e-8,2.0320751287487275e-9,2.9729109878781366e-8,3.203270258332562e-8,1.338830452009446e-9,1.51778921682477e-8,3.7285407375674716e-8,1.1013287638781582e-8,3.459999939283809e-8,0.0,5.4202246582887794e-9,2.3735247654072524e-7,1.1335501113847167e-7,1.914914063013516e-7,5.675657182809377e-8,6.982523335183001e-9,1.7307552174262546e-7,7.724748252845194e-8,6.059127291640314e-8,1.8102698936919253e-8,1.2987224086701468e-7,7.756483338814189e-8,0.0,2.9298593534774664e-8,7.67093433777241e-9,6.137635975805156e-9,9.709486403526393e-8,5.100208635942255e-8,1.709666194330336e-8,1.3078558290460202e-9,1.1299625297604408e-9,4.805435455274867e-9,3.3255520294472906e-8,6.216681772738428e-9,2.1226161943955178e-7,3.5455772048975144e-8,7.807092259552727e-8,1.531243684655239e-7,1.2699396268455503e-9,9.095160896651185e-9,4.930747303421099e-8,1.7534893260292529e-9,8.425419313321167e-9,7.502635924718341e-9,4.388417440034305e-8,1.995272205144543e-9,6.114035562519807e-9,7.508646322343827e-9,4.305208129441588e-8,1.8480829079961614e-9,6.043923388530683e-9,7.51977968966986e-9,4.207049130871509e-8,1.703983303070848e-9,6.087506808422796e-9,7.647805584133367e-9,4.286678662062226e-8,1.966816197870573e-9,6.014848757805738e-9,7.576356986762067e-9,4.298430546938749e-8,1.8127014407372824e-9,6.017124734590115e-9,7.934991497646958e-9,4.720529974043747e-8,1.7797427683704507e-9,6.895896021632569e-9,7.984879460101823e-9,4.7884905231528755e-8,1.9468310959248504e-9,6.473763330666831e-9,7.551239783705506e-9,4.820221989018661e-8,1.7379688680455696e-9,6.628664858424257e-9,1.0379774939836407e-8,5.4889646731577046e-8,1.8211764751933709e-9,7.679347467367207e-9,7.310749305731257e-9,8.0202277184487e-9,4.200977832666668e-8,1.8063482414614715e-9,6.851077525438702e-9,3.2585030799845463e-6
t151,6.1929531958625505e-9,2.98364636371392e-8,1.3822071345289876e-8,5.990460252873589e-8,1.3631573756940732e-7,1.2790317194940472e-9,3.005193458337098e-8,8.368240636784846e-8,7.505892798786841e-8,5.623496305525209e-8,0.0,2.2894670348296452e-8,2.0049407321539668e-9,2.936271922685855e-8,3.175887818640825e-8,1.3322614206818349e-9,1.5109115889919655e-8,3.5496482543003564e-8,1.091091108051011e-8,3.316551948356463e-8,0.0,5.411206891430646e-9,2.3372232210327874e-7,1.1279327500649534e-7,1.9320406493188633e-7,5.697688595959984e-8,7.1553516538839685e-9,1.6762118222335855e-7,7.740294494388488e-8,6.104989598206084e-8,1.8370565405480058e-8,1.2730971380925267e-7,7.702061321188104e-8,0.0,2.907547043546941e-8,7.844621421958755e-9,6.057188111430366e-9,9.715829120851395e-8,5.0833399914387896e-8,1.704726812412577e-8,1.2445178392297576e-9,1.0787439973836291e-9,4.648972240419417e-9,3.222167879516737e-8,6.212547356152976e-9,2.1195316226907343e-7,3.469469737263733e-8,7.579372488709706e-8,1.4829697904311757e-7,1.2003676573441857e-9,9.540579982646298e-9,5.021580365860474e-8,1.7353024825369682e-9,7.3841026406387124e-9,7.547510239356418e-9,4.3150994518193904e-8,1.9164121210946953e-9,5.875187761433662e-9,7.560465026464893e-9,4.2391148334252184e-8,1.8412720719505214e-9,5.819403456229791e-9,7.602506342660497e-9,4.170988721096435e-8,1.7032528176643234e-9,5.958441610542836e-9,7.742140393152716e-9,4.2468791715889964e-8,1.8988677432946665e-9,5.920196572828771e-9,7.6726299385156e-9,4.277585744233239e-8,1.751988484931218e-9,5.923984616894247e-9,8.084577515191518e-9,4.712834001321459e-8,1.852419110931286e-9,6.768613609733344e-9,8.182758734722399e-9,4.810039167945909e-8,1.8916048532745535e-9,6.479088604569704e-9,7.749053953376983e-9,4.839039527132006e-8,1.6943526530863408e-9,6.618295078261631e-9,1.1085256817743493e-8,5.588300004900278e-8,1.722501824085146e-9,7.949624779909313e-9,7.189785408734084e-9,8.391203850523829e-9,4.2140898175204246e-8,1.7105484189942754e-9,6.766890400743442e-9,3.231700571682825e-6
t152,6.282384052372477e-9,3.1449486239766e-8,1.4502838080816997e-8,6.117272459846797e-8,1.4082420395920897e-7,1.2763141579917734e-9,3.2429001655173145e-8,8.755122344278388e-8,7.93448167654528e-8,6.065829515784239e-8,0.0,2.335904207851415e-8,2.078748766770729e-9,2.952333648373784e-8,3.1892983644185574e-8,1.34623851701815e-9,1.5272630822242488e-8,3.4459450927484576e-8,1.0923678518974019e-8,3.237258174780219e-8,0.0,5.623602949365846e-9,2.3618230491262893e-7,1.1317655315091061e-7,1.960862191142313e-7,5.885206627427448e-8,7.451518530853789e-9,1.650842133222427e-7,7.928009159364736e-8,6.318120232795856e-8,1.9098206050069778e-8,1.2713058254451197e-7,7.835289772117842e-8,0.0,2.8545969951013388e-8,8.086101332513788e-9,6.013622388408891e-9,9.597503896440819e-8,4.957750631058732e-8,1.7248416048293395e-8,1.365875255986413e-9,1.1766072625853618e-9,4.890393865257934e-9,3.127114064972759e-8,6.3383509010756305e-9,2.1224516872487124e-7,3.383022113856162e-8,7.29086426983412e-8,1.426727192894984e-7,1.2837140658935407e-9,1.0163413580836028e-8,5.158332321705757e-8,1.7284107289975094e-9,7.806913613956786e-9,8.119442618828768e-9,4.528536280187234e-8,1.9233531569706483e-9,6.289036851211247e-9,8.1392423280872e-9,4.4532378014527905e-8,1.8911539529010916e-9,6.261721071857527e-9,7.912627879451816e-9,4.191255369279415e-8,1.7143192136949336e-9,5.951254436278028e-9,8.092062071738766e-9,4.263422465466205e-8,1.8558380013720218e-9,5.9172057494803084e-9,8.017311384917147e-9,4.3138902999841306e-8,1.7156442307943073e-9,5.935149119214937e-9,8.55428710538169e-9,4.785714326241374e-8,1.863410615200794e-9,6.848966573026688e-9,8.660414582255585e-9,4.901235569785903e-8,1.8622075111642472e-9,6.5508182489365495e-9,8.108693505435726e-9,4.9268748529774264e-8,1.6678995895332727e-9,6.707559745498432e-9,1.0942887943499084e-8,5.2922882738957564e-8,1.8451050638623809e-9,7.305612782414165e-9,6.6566465905795745e-9,8.294219122792055e-9,3.9971105072006004e-8,1.8761658396280543e-9,6.288631992621778e-9,3.2612355344396886e-6
t153,6.649666415930441e-9,3.7126229302732224e-8,1.6714697231997802e-8,6.490307075641462e-8,1.6118814189992693e-7,1.3137240993206522e-9,3.524488545725369e-8,9.20251181993672e-8,8.441573137323956e-8,6.587203829790674e-8,0.0,2.3881398093266594e-8,2.1595323240727254e-9,3.228557079936539e-8,3.3697301343712286e-8,1.415396216513972e-9,1.6584012170920593e-8,3.805086032272507e-8,1.2228243813803423e-8,3.617926032412047e-8,0.0,6.745090595599325e-9,2.669001828376153e-7,1.1755879150144918e-7,2.0345755446752435e-7,7.14634594635278e-8,8.869166591417942e-9,1.867347231906283e-7,9.040406258092535e-8,7.300799651427608e-8,2.1939519893798568e-8,1.3920216972191756e-7,8.78282360838663e-8,0.0,3.232641952990093e-8,9.476704169026936e-9,6.353444672941559e-9,1.0585332424414353e-7,5.5312569962300194e-8,1.769990524627304e-8,1.4063397529632052e-9,1.1922515734983303e-9,5.136930803367484e-9,3.450094959088408e-8,7.029858297684437e-9,2.269535806751939e-7,3.700671234705704e-8,7.699655144439982e-8,1.5358983344343773e-7,1.3162167008357093e-9,1.1198548659880129e-8,5.513642724288241e-8,1.7509945240106907e-9,8.889248249335749e-9,8.753377712459276e-9,4.7721851863757696e-8,1.960706790031295e-9,6.761007425948606e-9,8.782918789929464e-9,4.69607153582838e-8,1.948479959554379e-9,6.748409946209712e-9,8.562956307577209e-9,4.428240442938057e-8,1.76694084279493e-9,6.45446019914598e-9,8.755348305579002e-9,4.50031143024435e-8,1.8951274452793827e-9,6.4006574226806825e-9,8.731283933075533e-9,4.5929301609693476e-8,1.7537988384024699e-9,6.493190139858917e-9,9.494369593503842e-9,5.173602705946437e-8,1.909613924807315e-9,7.743326636730044e-9,9.627001206667821e-9,5.3303405184511395e-8,1.9177354881270973e-9,7.3367775032873655e-9,8.844690413409957e-9,5.255565455015316e-8,1.6998304480093885e-9,7.393726751813622e-9,1.2092128718010149e-8,5.7741341665442107e-8,1.7933745955565787e-9,8.112272501004678e-9,7.354878385727171e-9,9.081387556977722e-9,4.326758299235427e-8,1.844022448085811e-9,6.937163359823922e-9,3.5626250056207065e-6
t154,6.7555239168307364e-9,3.983497463477725e-8,1.7816579538976158e-8,6.642458308140513e-8,1.6803241061354298e-7,1.3178592611150207e-9,3.859817531747162e-8,9.728129486752228e-8,9.010360818020359e-8,7.182666773192061e-8,0.0,2.4396156990030097e-8,2.2335712011828097e-9,3.54462538972531e-8,3.559447118759863e-8,1.4848018883014198e-9,1.8045972514716745e-8,4.1846187754622506e-8,1.3779458879917373e-8,4.049416605910139e-8,0.0,8.585359117386164e-9,3.117008929537543e-7,1.2281306229191669e-7,2.120117752709173e-7,9.418832647870904e-8,1.1192294017691004e-8,2.1930181650959396e-7,1.0718017511752704e-7,8.644287848898333e-8,2.5768849425980263e-8,1.534856625187884e-7,1.0011753566884391e-7,0.0,3.760101519699249e-8,1.1465239493831803e-8,6.765693593592587e-9,1.1813122662329659e-7,6.262248739110088e-8,1.8248949704049915e-8,1.4676067033403227e-9,1.2241257913815062e-9,5.4689119758095076e-9,3.8285738244069465e-8,7.915699051019406e-9,2.4320062415821574e-7,4.0687066349769954e-8,8.058740184093613e-8,1.6423714926327822e-7,1.3625368199985998e-9,1.2002246370922412e-8,5.6274416205442625e-8,1.7982671286372297e-9,9.401354493122794e-9,9.455688662970658e-9,5.0523347472969655e-8,2.0121452554919516e-9,7.2732211650525805e-9,9.490357513507935e-9,4.9671992252184843e-8,2.0028915985116767e-9,7.2387008738624386e-9,9.245840051453957e-9,4.687657269638221e-8,1.8137276964257263e-9,6.939995524221342e-9,9.457824286196913e-9,4.7582249183701004e-8,1.947128846977281e-9,6.8489123422008325e-9,9.495159342494511e-9,4.900757961861393e-8,1.8050282430529478e-9,7.048251271272724e-9,1.0669778435854515e-8,5.6564913288422526e-8,1.9784768979144016e-9,8.991470831095219e-9,1.088873950293718e-8,5.874800564972296e-8,1.9998510961649332e-9,8.456994103470195e-9,9.662289211627743e-9,5.638118117838203e-8,1.7454425481886026e-9,8.194645651129406e-9,1.3462222589194262e-8,6.226389115924856e-8,1.7607360805543473e-9,9.269453340313632e-9,8.141245059576107e-9,9.963239100878848e-9,4.669671298509864e-8,1.816916123098446e-9,7.657876103406482e-9,3.913899796609213e-6
t155,6.876964707777424e-9,4.338976887653423e-8,1.912828563009238e-8,6.816773069640093e-8,1.7596309263550636e-7,1.3343659474123679e-9,4.249195002076567e-8,1.0315887989029406e-7,9.649478607191215e-8,7.887039805650467e-8,0.0,2.4907146484505453e-8,2.3111944547136117e-9,3.961689441351305e-8,3.775930741196049e-8,1.560519729993304e-9,1.990462826927438e-8,4.661147449019019e-8,1.584864566593796e-8,4.608834732569858e-8,0.0,1.0526125486947303e-8,3.475531198449941e-7,1.2629161335150465e-7,2.1886528106764806e-7,1.2006954072176883e-7,1.3621937456486875e-8,2.4075615318576323e-7,1.2249163331578648e-7,1.0589797747238026e-7,3.117122393442882e-8,1.7121940497756157e-7,1.1669106405860326e-7,0.0,4.529733218971386e-8,1.4375460864221854e-8,7.211140098105123e-9,1.3369818945429268e-7,7.211243989063501e-8,1.8820698832580067e-8,1.4948549321716627e-9,1.232134802803113e-9,5.78571844314275e-9,4.282075144476751e-8,8.989084143141574e-9,2.6196965678488797e-7,4.483041524406589e-8,8.391752208096092e-8,1.753466782207218e-7,1.3967987758534432e-9,1.2968153877022407e-8,5.73793580558781e-8,1.847627843211601e-9,1.0009204681368069e-8,1.0268224990002752e-8,5.367250976693236e-8,2.0664703342483527e-9,7.819238338814158e-9,1.0322105626374068e-8,5.280589739745843e-8,2.0542443265157814e-9,7.79868368070586e-9,1.0086556682874606e-8,5.005859981505016e-8,1.8575351478089692e-9,7.573048163602536e-9,1.0328012418796436e-8,5.07494875581843e-8,2.0058447611469826e-9,7.4346845357001785e-9,1.0438071026089134e-8,5.2818121203598695e-8,1.8559935581902496e-9,7.777505032247571e-9,1.1867564841998237e-8,6.070735728784026e-8,2.060523193687496e-9,9.97469297277933e-9,1.2198006756537298e-8,6.346855347921399e-8,2.0668281401086402e-9,9.351491470616897e-9,1.066395599792636e-8,6.103603047273513e-8,1.788003400422648e-9,9.232762816322872e-9,1.522436763938009e-8,6.766506944982263e-8,1.6977385256004633e-9,1.0932726433933723e-8,9.083802724611987e-9,1.0992873488551526e-8,5.087060660055099e-8,1.754307059463677e-9,8.507764165444381e-9,4.288078537594295e-6
t156,6.963195662323973e-9,4.741938795408208e-8,2.0448319364137728e-8,6.99167010301176e-8,1.847765500360025e-7,1.3292816183173064e-9,4.7229448197691206e-8,1.0987447746185739e-7,1.0401056277602568e-7,8.751996478940026e-8,0.0,2.5473719179047982e-8,2.4083544342044763e-9,4.4931802684204295e-8,4.0263882069729107e-8,1.6439044337885155e-9,2.223682460102969e-8,5.2525309745433587e-8,1.8668882212010046e-8,5.3456834807053575e-8,0.0,1.36827127891307e-8,3.935414982059449e-7,1.297171690845838e-7,2.2590308269964417e-7,1.6513372808606931e-7,1.7344406333221865e-8,2.683702807626757e-7,1.4247835679148618e-7,1.3539644322439048e-7,3.927405673735396e-8,1.932654483408555e-7,1.392642173419925e-7,0.0,5.645418527368678e-8,1.877364524041446e-8,7.788449063046968e-9,1.5224521942503991e-7,8.319840355323551e-8,1.966871084971685e-8,1.7200112828063377e-9,1.3808363959436486e-9,6.46543955091277e-9,4.74113417332377e-8,1.0465386194408688e-8,2.8227298045753836e-7,4.8935085085405014e-8,8.60309306106451e-8,1.8481663567341468e-7,1.5538708355011565e-9,1.4043863381833537e-8,5.915211152214936e-8,1.8346867570137351e-9,1.0590077211068271e-8,1.1254175779709035e-8,5.7263659193684006e-8,2.132058596459924e-9,8.442539048758059e-9,1.1371429644280256e-8,5.6480030180295836e-8,2.1086396175928513e-9,8.52347079917715e-9,1.1114384930625518e-8,5.3672006349491704e-8,1.9069203635111867e-9,8.309506798101023e-9,1.1413873187879676e-8,5.441276906776661e-8,2.0666500814301804e-9,8.14791713613921e-9,1.1590620543857211e-8,5.7147891870533094e-8,1.915573802033234e-9,8.604975308135783e-9,1.3325358990464956e-8,6.54461712738736e-8,2.1690344795273593e-9,1.1175671257409253e-8,1.382066053885281e-8,6.892733629604681e-8,2.1230657026901167e-9,1.0397981496455068e-8,1.1836995775380973e-8,6.612300036072213e-8,1.8438795688993214e-9,1.0344056279370353e-8,1.6546632298120086e-8,7.027848468226072e-8,1.9133521957893824e-9,1.1347307868161252e-8,9.577051025611121e-9,1.1671647052108774e-8,5.242118811536123e-8,1.977887850950385e-9,8.924503216597977e-9,4.749341032174941e-6
t157,7.0549645997082886e-9,5.19670933809333e-8,2.197409646586517e-8,7.179723399575012e-8,1.9485403569829346e-7,1.3422465703287694e-9,5.2844372316076855e-8,1.1724360178925704e-7,1.1249641816091004e-7,9.720965364476772e-8,0.0,2.6025401690204263e-8,2.4705409231763223e-9,5.142915128737466e-8,4.3050396734088766e-8,1.7390334701962197e-9,2.503846910840187e-8,5.965171338065879e-8,2.2630447105248957e-8,6.359228639744285e-8,0.0,1.9286589714454388e-8,4.531493812661224e-7,1.3437426074541777e-7,2.3514786621578987e-7,2.621720812938442e-7,2.3883051566574706e-8,3.0537826249050873e-7,1.6943890449520774e-7,1.846457423854127e-7,5.258163657448008e-8,2.2151141818641733e-7,1.7133741862599885e-7,0.0,7.55859700644443e-8,2.6690495048781853e-8,8.359900097228253e-9,1.7849533384421564e-7,9.99874756323875e-8,2.026588263380974e-8,1.7522554507442e-9,1.3820689246339544e-9,6.814747018266193e-9,5.412668606688753e-8,1.2269812500859604e-8,3.073382335094271e-7,5.41299133397003e-8,8.892362959512187e-8,1.9726741817736205e-7,1.5936944974155529e-9,1.531296641024786e-8,6.056851831217791e-8,1.8413223099909744e-9,1.10826612711549e-8,1.2290314576709685e-8,6.097250611934845e-8,2.1866418450277454e-9,9.025498166812169e-9,1.2466304788026923e-8,6.015121170024386e-8,2.1672844725521316e-9,9.026652625163518e-9,1.2187840301644895e-8,5.728316960200535e-8,1.965185763070453e-9,8.840517879621624e-9,1.254465378916392e-8,5.7963213742860117e-8,2.1352456221252826e-9,8.600843344385556e-9,1.2828799805094663e-8,6.157030917789548e-8,1.993172449451836e-9,9.226449277450647e-9,1.5122981874332104e-8,6.989452023607685e-8,2.106848968072361e-9,1.2680991835679635e-8,1.603265898725462e-8,7.499168240509091e-8,2.194576707033179e-9,1.1538212831725295e-8,1.3325276876770061e-8,7.184000059301638e-8,1.900171552019354e-9,1.1644406943600368e-8,1.8858964226136448e-8,7.733453243230356e-8,1.8557330028929975e-9,1.3074791669557154e-8,1.058154306916413e-8,1.2813135742445232e-8,5.766188497245034e-8,1.9406799585846987e-9,9.789459971806174e-9,5.4037156248884355e-6
t158,7.148824258230753e-9,5.707633917805089e-8,2.3689475898238965e-8,7.381018239297396e-8,2.0629299396457693e-7,1.3515576691576913e-9,6.036463125832371e-8,1.2585761912864076e-7,1.2282650108080372e-7,1.1087465594676783e-7,0.0,2.6620747986801512e-8,2.5787274319235897e-9,6.121825603008076e-8,4.633901133788474e-8,1.8451989252502925e-9,2.8907819281137506e-8,6.961826726208255e-8,2.9068874333995414e-8,7.9162160333339e-8,0.0,3.241556243038802e-8,5.40127124990802e-7,1.3788108124890825e-7,2.426623047075363e-7,6.248154033871494e-7,3.707121774184216e-8,3.664471670072613e-7,2.110632354364479e-7,2.892873941014737e-7,7.860435643253865e-8,2.641423495303987e-7,2.241389943958406e-7,0.0,1.1319120696986974e-7,4.560790768631338e-8,9.29348823982574e-9,2.1656745743856465e-7,1.260768532153265e-7,2.1208625838474643e-8,2.0016109915153164e-9,1.5299512584185549e-9,7.735988428918052e-9,6.286148785603602e-8,1.5239727254702577e-8,3.3721538319605306e-7,6.100101939816411e-8,9.20528440779086e-8,2.1157399263387434e-7,1.763403584407247e-9,1.6842397383273767e-8,6.205906992956524e-8,1.8451098977690906e-9,1.1677000529539339e-8,1.3705682713060886e-8,6.559474496008562e-8,2.2599423277793714e-9,9.832852231634962e-9,1.3994062678647948e-8,6.500951013136782e-8,2.226700018907092e-9,9.993109379255835e-9,1.3742919187750448e-8,6.223070284360593e-8,2.020518940950056e-9,9.943747361014185e-9,1.4208386830568851e-8,6.297007156078885e-8,2.2016667797705637e-9,9.631659669930341e-9,1.4718687076956181e-8,6.791442176639598e-8,2.052173197472495e-9,1.066766003680723e-8,1.764204439782775e-8,7.657109247637986e-8,2.261875805609368e-9,1.496152562967273e-8,1.9230697986019508e-8,8.325808818786941e-8,2.258373387872314e-9,1.3573581588837072e-8,1.5291341925327906e-8,7.924454413795261e-8,1.9550419045783108e-9,1.369114385795274e-8,2.1873421966813288e-8,8.124761251983911e-8,2.0534154612217116e-9,1.5276745627442918e-8,1.1810459481096564e-8,1.4273052817479557e-8,6.004435109581426e-8,2.1469238258118023e-9,1.0806864166654581e-8,6.615043978858192e-6
t159,7.2316986552116446e-9,6.312530589705984e-8,2.5559991834814688e-8,7.586806235049629e-8,2.1924603233528437e-7,1.3598349050057428e-9,7.063088480868342e-8,1.357250566109884e-7,1.3511434701397235e-7,1.2848128659074762e-7,0.0,2.726155571935913e-8,2.664000272968241e-9,7.506208541121104e-8,5.016809814827763e-8,1.979332403832475e-9,3.406293302055395e-8,8.385359729967272e-8,4.042368573805065e-8,1.0573922044406454e-7,0.0,5.1764719742080027e-8,5.984263165351454e-7,1.4068451254912923e-7,2.5042270744345305e-7,2.215051819133429e-6,5.415607921545602e-8,3.9921409997266316e-7,2.4002380881315216e-7,4.15986807470146e-7,1.1016966828583411e-7,2.893962006959853e-7,2.6557192485949604e-7,0.0,1.5054328500107846e-7,7.412188255361544e-8,9.69105306372868e-9,2.416421477708283e-7,1.4369902921709965e-7,2.1471846660605018e-8,2.0061257962219922e-9,1.5302773633133311e-9,8.444632209582562e-9,7.547549035737655e-8,1.9537380195527584e-8,3.7329705332075385e-7,6.966668946307754e-8,9.595850995597279e-8,2.2954346240272064e-7,1.8472334853470177e-9,1.8408483391854776e-8,6.316478202260461e-8,1.8418294262386042e-9,1.2034916578497413e-8,1.5377412808148085e-8,7.043313438968684e-8,2.3364447569660806e-9,1.0735887997631985e-8,1.576886370859662e-8,6.989862772649962e-8,2.305876868205245e-9,1.0815960866757825e-8,1.5553194940656987e-8,6.72617728736356e-8,2.0977435180031337e-9,1.0926520639790356e-8,1.615483871063154e-8,6.786995118275182e-8,2.290493493651321e-9,1.0476422847995163e-8,1.6998287363393503e-8,7.470366276555089e-8,2.1413760302325906e-9,1.2041558109801415e-8,2.0204977999501545e-8,7.943728521276916e-8,2.156880538998382e-9,1.6101813589880978e-8,2.2026655826237043e-8,8.787037863560374e-8,2.29264923791064e-9,1.4042550994260086e-8,1.7296425743535144e-8,8.392013658568181e-8,1.987352497408999e-9,1.4747176173747504e-8,2.4985241373848932e-8,8.576019852331602e-8,2.015425175161088e-9,1.6745807149090052e-8,1.3485358443050836e-8,1.61346035521284e-8,6.55710743010174e-8,2.1568905124679244e-9,1.2164302640766663e-8,9.025643000717235e-6
t160,7.323374636560289e-9,7.097089583365806e-8,2.7652290327461887e-8,7.81623241473156e-8,2.3514854538155224e-7,1.3563270195539618e-9,8.614946983059496e-8,1.4746799821387685e-7,1.5029997410604146e-7,1.5625788867743253e-7,0.0,2.7929043920238596e-8,2.797731847184154e-9,9.888126229104422e-8,5.4673984100952866e-8,2.122341326026228e-9,4.168434495704498e-8,1.0703160737846069e-7,6.644947249846143e-8,1.6273193003769547e-7,0.0,7.697337988921675e-8,6.330779645234344e-7,1.408003358851733e-7,2.5440937551545324e-7,1.686745606452644e-6,5.3821379789144546e-8,3.753997450945201e-7,2.3483757149598033e-7,5.435978359331614e-7,1.434548050342935e-7,3.045554279190802e-7,2.934633827168075e-7,0.0,2.188584842179811e-7,1.7594283044200786e-7,1.0220647204465057e-8,2.7273965588703414e-7,1.6715181136370297e-7,2.1776940431824217e-8,2.030025703574669e-9,1.5384817537965355e-9,9.39260534698628e-9,9.416245072004974e-8,2.733525121792554e-8,4.1654073851542487e-7,8.122052612196533e-8,1.0048216806446953e-7,2.5149173420602343e-7,1.9523088878327492e-9,2.0291899728268206e-8,6.571864545836707e-8,1.8156954485283173e-9,1.2852711777413673e-8,1.7792370607564375e-8,7.723099593718929e-8,2.409787073543405e-9,1.213947691003335e-8,1.8346580263364024e-8,7.677332550027551e-8,2.378466116123075e-9,1.2408246664324676e-8,1.8244020646504975e-8,7.441692049329967e-8,2.1609044682052746e-9,1.2825137703043775e-8,1.9048821875232805e-8,7.501101159057003e-8,2.3676041693230322e-9,1.2139539165428628e-8,2.047897863957965e-8,8.418299138824062e-8,2.2116214905444334e-9,1.467106580536387e-8,2.3033111409484305e-8,8.208948569924567e-8,2.3014611403603953e-9,1.66973356279781e-8,2.2228725955132078e-8,8.835237073375616e-8,2.269373428361557e-9,1.3385688902280373e-8,1.9182471093789285e-8,8.77263164152757e-8,1.9882223084222474e-9,1.55804159336853e-8,2.9370736061982106e-8,8.9688955867514e-8,1.9992596181648853e-9,1.8653584685779575e-8,1.583597852611152e-8,1.8686221857747024e-8,7.176975669251318e-8,2.179655617731082e-9,1.4005108780319842e-8,9.414005332141092e-6
t161,7.221159639071407e-9,7.041623573649919e-8,2.7716801252638583e-8,7.836608357293741e-8,2.3207398210333376e-7,1.3365883388380723e-9,1.1200234508097064e-7,1.6159037294464482e-7,1.6943332618214758e-7,2.0227034958509824e-7,0.0,2.8664301420243794e-8,2.9595647894225007e-9,1.4516735458086757e-7,6.015102674042507e-8,2.296384651861906e-9,5.374197384408713e-8,1.5114469386181202e-7,1.7382878374717615e-7,3.689559124097666e-7,0.0,6.837256120217257e-8,6.248040429577192e-7,1.3925600099792254e-7,2.568046762956443e-7,1.3678045210784093e-6,5.394283397001905e-8,3.672730696358452e-7,2.3207707864139184e-7,5.438382099273921e-7,1.5320989857743494e-7,3.008986315571233e-7,2.893940449013113e-7,0.0,2.760899377741565e-7,6.155870459537517e-7,1.0469193652629239e-8,2.888088888544132e-7,1.7924274579748e-7,2.183352604518791e-8,2.0073634196379488e-9,1.5249202613120839e-9,1.101300016320483e-8,1.4037945799552288e-7,5.3050284662510565e-8,4.871193317222382e-7,1.0714592824146301e-7,1.1188756178193186e-7,3.0242740432380184e-7,2.1500037961699823e-9,1.9739072406280685e-8,6.274132817415742e-8,1.86615755583774e-9,1.2026302115755284e-8,2.122038417727602e-8,8.558086592429566e-8,2.471968948714046e-9,1.4142460288137669e-8,2.2045866147202433e-8,8.520268278601673e-8,2.4579799345323857e-9,1.4707572629934407e-8,2.2189606396901827e-8,8.32788153875746e-8,2.230045343582553e-9,1.5679954572466474e-8,2.3307515798920388e-8,8.383656144643967e-8,2.4496481447825003e-9,1.4589621918932831e-8,2.5866683091756436e-8,9.644663316492567e-8,2.2873423230566653e-9,1.8957441264001115e-8,2.30316076393004e-8,8.258480526735829e-8,2.3944640015306266e-9,1.6168465417219395e-8,2.188551420058111e-8,8.956134081021169e-8,2.2317934400166274e-9,1.3172453512840954e-8,1.9490977140676693e-8,8.902643339320665e-8,1.9730265617431087e-9,1.5515459919395317e-8,3.4138915730718345e-8,9.138424001277108e-8,1.9824176673052532e-9,1.9670367337881596e-8,2.1019082837579495e-8,2.2705869515951683e-8,8.123568085307383e-8,2.2390441418629013e-9,1.7942582589398373e-8,1.0462426456601741e-5
t162,7.123972700058312e-9,7.085839121510887e-8,2.7887970880857535e-8,7.881537113666754e-8,2.3203275309706275e-7,1.2901472291061124e-9,1.6226615304447064e-7,1.7853424722199272e-7,1.9385811071910836e-7,2.8751363699575056e-7,0.0,2.9419983837033326e-8,3.0743325263623496e-9,2.629621701135021e-7,6.677837995791729e-8,2.520398595837721e-9,7.479218253007578e-8,2.6307182593399103e-7,5.570854280043742e-7,7.795103137048816e-7,0.0,5.834860857178939e-8,6.132936333486964e-7,1.385930206070321e-7,2.610311404272384e-7,1.1338730674996722e-6,5.372880445888162e-8,3.650123783754871e-7,2.2787728358897927e-7,5.241500107567467e-7,1.5577284923276887e-7,2.98987282973037e-7,2.827882386858458e-7,0.0,3.8557181933343453e-7,0.21832981019182665,1.0839107687033643e-8,3.124162322041862e-7,1.9858070464157524e-7,2.1922364825008426e-8,1.98684059429522e-9,1.5101716734606234e-9,1.321150206270003e-8,2.59996283131241e-7,3.65653334025891e-7,5.815972570815469e-7,1.5493223261402352e-7,1.2806658141165925e-7,3.834834347317243e-7,2.359826213254307e-9,1.9673085820776465e-8,6.117471578162634e-8,1.8514402260510221e-9,1.2137761649653309e-8,2.5882950982852945e-8,9.525269110254017e-8,2.4881729196399972e-9,1.6815637289904792e-8,2.7095805680160582e-8,9.480491754535655e-8,2.5449192848237972e-9,1.7414628842440303e-8,2.7770846916565996e-8,9.361042492918919e-8,2.313830939711093e-9,1.9427740670340353e-8,2.939566189912193e-8,9.404713542272743e-8,2.5447097809940265e-9,1.7630143285137898e-8,3.128980482446709e-8,1.0414516410793853e-7,2.329508462381374e-9,2.0881298366639494e-8,2.245553859717559e-8,8.166285303720558e-8,2.2453355945751513e-9,1.5573159765282463e-8,2.147762478982464e-8,8.97876418377671e-8,2.1406107526660345e-9,1.2513690801719945e-8,1.9379294444089093e-8,8.961285400015283e-8,1.9558452296817618e-9,1.5052668064311088e-8,4.08519896616876e-8,9.320692444536035e-8,1.9672992699933597e-9,2.0992037747196908e-8,3.036700155076956e-8,2.8576179579659266e-8,9.21944564306494e-8,2.3032113792324346e-9,2.4443002586665246e-8,0.21834155645382317
t163,7.06738053821873e-9,7.222920850889291e-8,2.814684392375443e-8,7.895725629924336e-8,2.3251107063054347e-7,1.290734164160792e-9,3.142821960722751e-7,1.9977969433677112e-7,2.268086179806068e-7,5.319223249499305e-7,0.0,3.0290075932097656e-8,3.2481398062376927e-9,1.5587667568718647e-6,7.528896486014088e-8,2.7758375643294572e-9,1.256092484472004e-7,1.6097332731263368e-6,1.343917847601377,1.3640585109510666e-6,0.0,5.039221503691057e-8,6.029086375117112e-7,1.3773477440037462e-7,2.647537284870722e-7,9.309604802349543e-7,5.351513575926465e-8,3.711461362513364e-7,2.2346660970052003e-7,4.6338038089135375e-7,1.3453060852037399e-7,2.9330056825425765e-7,2.673833284029315e-7,0.0,2.7327139716300725e-7,2.852015070518276e-7,1.04566256347016e-8,2.8683810468570827e-7,1.7588128369117225e-7,2.1538210795821985e-8,1.892094588601467e-9,1.4596432031269625e-9,1.4289377300679273e-8,3.52350519317935e-7,2.87994047613138,6.294450108214887e-7,1.7937818923643641e-7,1.3587250543649767e-7,4.249161283394796e-7,2.506035709105681e-9,2.0067901192068913e-8,5.9382499959350514e-8,1.8531760138206635e-9,1.3710337692335393e-8,3.401972214294185e-8,1.0777101562879305e-7,2.453383478341854e-9,2.1673737052311966e-8,3.596519914049833e-8,1.0702819423894928e-7,2.6598352466833564e-9,2.513242391069852e-8,3.809010280016361e-8,1.0686608893039524e-7,2.4199016489159202e-9,3.022309718427324e-8,4.077507076092594e-8,1.0738873160725788e-7,2.661378342887468e-9,2.6435530030549357e-8,3.744010898467921e-8,1.0656148379023138e-7,2.369593750222461e-9,2.3472187928437462e-8,2.2131984652510425e-8,7.998008666995735e-8,2.0685951431138597e-9,1.5168217606242183e-8,2.150974461381042e-8,8.976829251263894e-8,1.9974401147559626e-9,1.3557967462517327e-8,1.8884802351483372e-8,8.881108267002201e-8,1.952748231726042e-9,1.592647560996323e-8,3.2654730661073385e-8,8.959041941319713e-8,1.9482909003013853e-9,1.8889129533839163e-8,3.472951850021679e-8,3.362344536333956e-8,9.554059941543219e-8,2.306003591102579e-9,2.7225105792260248e-8,4.22387303995351
t164,6.653784342319336e-9,7.492717001328534e-8,2.8809148864080323e-8,7.909560669872356e-8,2.3626407226042195e-7,1.508186789148227e-9,1.1556825765962209e-6,2.2685577012071346e-7,2.417212018125222e-7,3.401204812052492e-6,0.0,3.1274127764769237e-8,3.3982694350349188e-9,1.2324345060324313e-6,7.170365438142609e-8,2.8835640993376264e-9,1.1438638828279932e-7,2.15807733355735e-6,0.010612033868039937,1.0790842716188376e-6,0.0,4.519893867768034e-8,5.878996940224677e-7,1.3667528413607526e-7,2.6772034279516995e-7,7.860420034911107e-7,4.961578367920635e-8,3.842542674399453e-7,2.189356823133052e-7,4.100048392979758e-7,1.1761581802245242e-7,2.9328458093012077e-7,2.55927742935298e-7,0.0,2.1116938847354339e-7,1.0814435801665645e-7,1.0189386421639839e-8,2.6865468818069947e-7,1.6070724096662903e-7,2.0788718090823923e-8,1.8213941898519433e-9,1.420917933323827e-9,1.450897124487733e-8,3.3883968821775853e-7,0.1866871633107901,6.423212332269745e-7,1.819902061370304e-7,1.394370064196844e-7,4.3979893741295256e-7,2.482778975734217e-9,1.9196287721683745e-8,6.460953499957942e-8,1.7287890186282417e-9,1.1940417083928768e-8,3.914964400364195e-8,1.258639298332822e-7,2.9048221988258e-9,3.0465187996949645e-8,4.175779960627088e-8,1.238880263681818e-7,2.7285286498627756e-9,3.292834076552191e-8,4.463615862272143e-8,1.0783095962545705e-7,2.4081436788535924e-9,2.600139808318775e-8,4.885288542599165e-8,1.083579515120336e-7,2.6552385812802865e-9,2.3007432608218745e-8,3.8817225817789285e-8,1.0607816100382317e-7,2.3260011846583354e-9,1.988644922049993e-8,2.2026778759206772e-8,7.993839337509289e-8,2.074619876286565e-9,1.4933931159186036e-8,2.1254213474233218e-8,9.123699487752031e-8,2.2848183620828963e-9,1.1852836200982736e-8,1.827552969058167e-8,8.902255454132966e-8,1.9122700379649e-9,1.3767732331789906e-8,2.7399611706425503e-8,8.621666406775799e-8,1.911603049305226e-9,1.7219542081023454e-8,3.3718848560422386e-8,3.846915731779845e-8,9.36221690089247e-8,2.252609729967132e-9,2.6565335905368273e-8,0.19731716256869414
t165,6.106157987939957e-9,4.469248807004181e-8,1.646590267960185e-8,6.203192784907685e-8,1.7449161288385285e-7,1.3430974887301082e-9,1.306716476473792e-7,1.45209353528279e-7,1.6423532297327581e-7,2.620595775234106e-7,0.0,2.9221540629814975e-8,3.0984114610954313e-9,1.0686248517239278e-7,5.433842172541747e-8,2.391425426343263e-9,4.200212125871758e-8,1.500937986926747e-7,4.1997106918477095e-8,1.261467866706557e-7,0.0,1.3050211581994522e-8,4.0406025864015094e-7,1.2858313684364037e-7,2.2029123005241335e-7,1.521354979362939e-7,1.4918705623462655e-8,2.74738709308215e-7,1.3018639864298082e-7,1.4144878064465495e-7,3.781172632115915e-8,2.108809323503504e-7,1.471142413384808e-7,0.0,6.797999430565538e-8,1.7894714374319394e-8,8.227307723217178e-9,1.601845664559824e-7,8.921532794328603e-8,1.7994904197682646e-8,1.5355349850024833e-9,1.247590945120477e-9,8.952601156013504e-9,1.0364699367580674e-7,2.201416384316867e-8,4.1641012686255603e-7,9.077084718758877e-8,1.1428139749427105e-7,2.984838396023569e-7,1.9303905648754286e-9,1.2478322193619135e-8,5.1515222032033065e-8,1.6813978714282971e-9,9.301846449668584e-9,2.0040305392329466e-8,8.15033602782572e-8,2.614619188347895e-9,1.5775331660616692e-8,2.0629559936105114e-8,8.002681166211907e-8,2.5270480066834006e-9,1.6218104515122382e-8,1.7925675184064816e-8,7.309336256498202e-8,2.225112431657661e-9,1.437127044959311e-8,1.857987475194476e-8,7.41221603944329e-8,2.4381039164690424e-9,1.3539850393405858e-8,1.6873358230692024e-8,7.23922536517406e-8,2.1482277256244012e-9,1.240734200347551e-8,1.289813351468379e-8,5.8965635986771175e-8,2.0544871925404504e-9,1.0476258803162547e-8,1.2711104739733345e-8,6.588280668561056e-8,2.088748103038471e-9,8.967873286901682e-9,1.1729245794227845e-8,6.465822877516431e-8,1.7911740497446224e-9,1.0051508356734143e-8,1.3783488861304379e-8,6.08806254044583e-8,1.7452693390773887e-9,1.1256885797138259e-8,1.7181612759953947e-8,1.635360222649067e-8,6.963865792048291e-8,2.15785256135992e-9,1.4664106849823443e-8,5.963815145080691e-6
t166,5.7811919047125255e-9,3.600424435714412e-8,1.2876102965917646e-8,5.638122209740898e-8,1.5211998002052067e-7,1.224639962772766e-9,6.280182735017315e-8,1.0501306579493497e-7,1.0966263940850113e-7,1.2667737511752296e-7,0.0,2.7342789087735363e-8,2.7586828955462986e-9,5.260881702642067e-8,4.146430770360819e-8,2.0378882710444113e-9,2.4018130968407642e-8,7.502769935129513e-8,2.016977467917062e-8,6.506773704394134e-8,0.0,7.50434316791582e-9,3.033363316664643e-7,1.2084897995752178e-7,1.8615740585406126e-7,8.372459718228515e-8,8.659227673477205e-9,2.1488079591519422e-7,9.247139887400156e-8,8.370185289347491e-8,2.2067215432934204e-8,1.6440279523989613e-7,1.0236879448452132e-7,0.0,3.9771329042122824e-8,9.519037271614466e-9,6.898097613062377e-9,1.1288653967054063e-7,6.075678645334912e-8,1.538553838947236e-8,1.3430187439341512e-9,1.1225658890806325e-9,5.463237784544855e-9,4.098987369108865e-8,7.944907650513799e-9,2.3581986981519997e-7,4.497490592475015e-8,8.680315092231181e-8,1.8294322779270862e-7,1.4747574677473958e-9,1.0233819789862956e-8,4.687891765210667e-8,1.6292362152171825e-9,8.266222448802903e-9,1.1761566792783386e-8,5.915630674884473e-8,2.3318812360749475e-9,1.0404197007441512e-8,1.1937603771895882e-8,5.808192874783229e-8,2.3000412190520927e-9,1.0693397872543576e-8,1.1114905577654145e-8,5.441091360540062e-8,2.05077551806535e-9,1.0014166156560601e-8,1.1360005309583551e-8,5.5561812835305655e-8,2.2243061280886615e-9,9.648721397075165e-9,1.0833453012402083e-8,5.4499359792567295e-8,1.9845088863731336e-9,9.202662651418283e-9,9.174796744507618e-9,4.649962359026742e-8,2.017505777748796e-9,7.999725641443399e-9,9.124805518886621e-9,5.1215144452427434e-8,1.920944725496453e-9,7.304551276904659e-9,8.637842565480518e-9,5.031978810280012e-8,1.6869245034168052e-9,7.979733073564454e-9,9.058385552831789e-9,4.612911748147298e-8,1.6266740606608197e-9,8.07450243770286e-9,8.814699014910905e-9,8.142088571508488e-9,4.253345918113835e-8,1.874345383379716e-9,7.960375657250107e-9,4.027934442157322e-6
t167,5.306250791702965e-9,2.6624494956401076e-8,9.470244676213914e-9,4.697471353785771e-8,1.229744736518365e-7,1.098293378174213e-9,4.153180551881138e-8,8.250321622786752e-8,8.263149023406663e-8,8.311923120716304e-8,0.0,2.576184640064177e-8,2.4249024212698784e-9,3.484260046428597e-8,3.393342868812888e-8,1.7116942563127362e-9,1.6927462227013438e-8,4.996838344034263e-8,1.3203030257038251e-8,4.3679437527078316e-8,0.0,5.283605686074469e-9,2.4228592113285014e-7,1.1469415566143924e-7,1.621157973912478e-7,5.7511726267051506e-8,6.118752848719337e-9,1.7434737072660616e-7,7.160098551160656e-8,5.8901513117364965e-8,1.555933744320937e-8,1.3341676359664916e-7,7.825210012367882e-8,0.0,2.7956885316273695e-8,6.3335937118383825e-9,5.930492576745068e-9,8.721704270056668e-8,4.611642380630993e-8,1.3625046182711347e-8,1.147466050018885e-9,9.938604770977595e-10,4.368861516594744e-9,3.017294464618461e-8,5.587956831401909e-9,1.9199655902756667e-7,3.480690239211196e-8,7.606329688342998e-8,1.5120032839225307e-7,1.272874906692387e-9,7.8065367593001e-9,3.929231671964062e-8,1.5577838270995512e-9,6.655609040156065e-9,8.226109258108636e-9,4.661647829800622e-8,2.113269710379083e-9,7.80551149536063e-9,8.298820156165255e-9,4.5739920950935665e-8,2.1093626687090303e-9,7.868752323846331e-9,7.940092836760328e-9,4.341387624436108e-8,1.9029456705002634e-9,7.502011878503151e-9,8.078466310697832e-9,4.459108795338893e-8,2.0557680241610958e-9,7.358540090536561e-9,7.831233165449634e-9,4.349617031383355e-8,1.8510530493774354e-9,7.075611883338068e-9,7.002615264935584e-9,3.807128528752042e-8,1.8303576658624412e-9,6.50766062065734e-9,7.039917821734613e-9,4.173671641208755e-8,1.792653808438923e-9,6.099372608945983e-9,6.745309752052472e-9,4.098096854918621e-8,1.6045172233027636e-9,6.464767795776804e-9,6.6962630290263065e-9,3.718560755602443e-8,1.546174262626581e-9,6.391797164203821e-9,6.8562067281827425e-9,6.151377655871877e-9,3.4753446702094384e-8,1.7208992112171929e-9,6.274784279846552e-9,3.1702055928147116e-6
t168,5.257516251357937e-9,2.664631433439424e-8,9.374648288477308e-9,4.708327867706136e-8,1.225816511999507e-7,1.0733949741800284e-9,3.976388324765247e-8,8.182652201803955e-8,7.928212995604904e-8,7.89182357458297e-8,0.0,2.5362252295660364e-8,2.3585786743887416e-9,3.361064143683692e-8,3.326566747246638e-8,1.5918475306108367e-9,1.6552339574994265e-8,4.764096037876104e-8,1.267909907521281e-8,4.221719236067456e-8,0.0,5.192984210706463e-9,2.383361180252152e-7,1.1359039129690342e-7,1.6348107615552914e-7,5.609894495345741e-8,5.935270932388213e-9,1.7527377802340847e-7,7.130593236788034e-8,5.7761722086407137e-8,1.5262466976526005e-8,1.329223225376405e-7,7.724250824147439e-8,0.0,2.728742514542935e-8,6.040162347961339e-9,5.851804982711215e-9,8.563786172366277e-8,4.517984460920894e-8,1.3506534727491507e-8,1.08651196329406e-9,9.509806261266202e-10,4.2486982016136535e-9,2.961092130314483e-8,5.440276144601213e-9,1.9030971581749033e-7,3.397938094659213e-8,7.598186458785398e-8,1.4949511036465e-7,1.2419575196585978e-9,7.71905455553869e-9,3.887913612337824e-8,1.5465749897523434e-9,6.5627600101816936e-9,7.864795924464326e-9,4.5881504061328727e-8,2.0508065778739923e-9,7.470868799907181e-9,7.923542874610112e-9,4.496866568099185e-8,2.057859973315876e-9,7.503846011880019e-9,7.648115141067183e-9,4.289005326060709e-8,1.8654474616661616e-9,7.180404594662363e-9,7.74188749032081e-9,4.4046826889393424e-8,2.0158134756240686e-9,7.079353599480583e-9,7.606091403008515e-9,4.311893251737161e-8,1.825155808302687e-9,6.852220725451758e-9,6.915621001719897e-9,3.7848748789134383e-8,1.7276456088571613e-9,6.5031452424441745e-9,7.022911254475114e-9,4.193791064526472e-8,1.7622395695159387e-9,6.110621595169716e-9,6.7260148601953666e-9,4.1093207757399066e-8,1.588931137244728e-9,6.435548346250585e-9,6.4690232380017815e-9,3.6892270734623195e-8,1.5333521783627847e-9,6.320255893313509e-9,6.696843821002342e-9,6.0708560025652465e-9,3.447223505933418e-8,1.6929350424596612e-9,6.158757760355078e-9,3.1276175137994935e-6
t169,5.208022503581641e-9,2.6698101592790517e-8,9.337492221514924e-9,4.7190159522478266e-8,1.2221096662067093e-7,1.0555745765612742e-9,3.836854416103604e-8,8.1198154634904e-8,7.670669714716926e-8,7.553826353623774e-8,0.0,2.4934676143390863e-8,2.2892728984473712e-9,3.2743925305305414e-8,3.2687158618280845e-8,1.4691146014102147e-9,1.6256547323365557e-8,4.5787278019903806e-8,1.229765830008749e-8,4.1009361351932534e-8,0.0,5.1404390415778705e-9,2.3434305899290589e-7,1.1304089661241213e-7,1.6519673245127046e-7,5.5183506726013076e-8,5.898787795049362e-9,1.7584303537450812e-7,7.11228765382037e-8,5.688268273206121e-8,1.510012331736156e-8,1.3239550750378476e-7,7.648772965746529e-8,0.0,2.640992697037072e-8,5.788648095755185e-9,5.7310076917895435e-9,8.366390791292262e-8,4.400125968498299e-8,1.3381311679227878e-8,1.0451820124052356e-9,9.218785533787558e-10,4.285281392620372e-9,3.001756028017103e-8,5.526702579297658e-9,1.916316322751507e-7,3.4236114468274455e-8,7.769431541432685e-8,1.523298349721886e-7,1.2461392472219705e-9,7.650868895467507e-9,3.816131305390008e-8,1.538565534181462e-9,6.457512931039188e-9,7.580342603830191e-9,4.534715343864956e-8,2.00550955420114e-9,7.208310022873475e-9,7.627595642579554e-9,4.432726710406526e-8,2.0061316940714246e-9,7.198925803761083e-9,7.417523797747139e-9,4.2489551078605363e-8,1.8269754032943705e-9,6.906394749222789e-9,7.477165154893829e-9,4.3600901101155255e-8,1.9738921971446705e-9,6.838000365136873e-9,7.410799574092804e-9,4.2814942904772045e-8,1.8014313329942408e-9,6.639546372816006e-9,6.853934173546351e-9,3.767444968879303e-8,1.634905118540256e-9,6.506998227374011e-9,7.025004507796394e-9,4.221309598606285e-8,1.7608577748312814e-9,6.110909781877975e-9,6.7281468453837734e-9,4.1325313936436333e-8,1.575792659173821e-9,6.4204587766274985e-9,6.251196193069511e-9,3.66071095888311e-8,1.5213635704793938e-9,6.233131392008862e-9,6.7709142743034695e-9,6.242634382323628e-9,3.4796420162148534e-8,1.6907993065464078e-9,6.25836438256934e-9,3.1040414700909855e-6
t170,5.16541511481508e-9,2.6811307649270034e-8,9.304240756358696e-9,4.7507101465813685e-8,1.217033307521477e-7,1.0354052375749798e-9,3.7020420414488206e-8,8.052040085004517e-8,7.47159335284946e-8,7.233265876267223e-8,0.0,2.452200705566949e-8,2.258298048585115e-9,3.218683588100108e-8,3.2156132070709036e-8,1.5364999636091996e-9,1.5941621559975503e-8,4.3626553211424477e-8,1.1939511892845157e-8,3.9517731669922455e-8,0.0,5.040771497875802e-9,2.3002492426273346e-7,1.1131373415598809e-7,1.6549680912614286e-7,5.501656916218237e-8,5.886705029040873e-9,1.7732525584253918e-7,7.10752646211531e-8,5.6167973386483636e-8,1.4922624794457053e-8,1.3239776554151477e-7,7.553691115551433e-8,0.0,2.6708446823363055e-8,5.8588851630504926e-9,5.7710766606356415e-9,8.474659825574652e-8,4.47405854531103e-8,1.339793533823858e-8,1.044954323126161e-9,9.226047888662013e-10,4.3333118058481925e-9,3.028496825968511e-8,5.611489713084878e-9,1.9275067756313005e-7,3.443830934489979e-8,7.884319304231304e-8,1.540449140015091e-7,1.2580530460097911e-9,7.643854979267736e-9,3.861176890326413e-8,1.522424327959548e-9,6.523926953791692e-9,7.501612562189439e-9,4.4378250467592596e-8,1.9869858283586584e-9,6.984246078237497e-9,7.533615033641842e-9,4.338816209076396e-8,1.974409498985496e-9,7.038687365491282e-9,7.3899416576760995e-9,4.1838426994142053e-8,1.8064398904223383e-9,6.833503753233811e-9,7.400294452394845e-9,4.2911676048594356e-8,1.9421710264537997e-9,6.74001854452029e-9,7.434156267065175e-9,4.242409018010103e-8,1.77119812346142e-9,6.670483518875331e-9,6.9142701912545825e-9,3.7663363270105755e-8,1.7904080360061722e-9,6.479245672216046e-9,7.1422311776062005e-9,4.2327744632816414e-8,1.761521586403239e-9,6.2087998600235996e-9,6.797513278077783e-9,4.120786509238097e-8,1.5653782173000746e-9,6.442879609861897e-9,6.393620922762778e-9,3.691939754059482e-8,1.5277596251348749e-9,6.387407201449573e-9,6.808133088654052e-9,6.41629883935478e-9,3.510029382525378e-8,1.6991588422422637e-9,6.329103073645936e-9,3.088895456173294e-6
t171,5.094724915825022e-9,2.6397286659227204e-8,9.22206288689829e-9,4.7424238241525573e-8,1.196218006829944e-7,1.0204151511156472e-9,3.5589125692460094e-8,7.998446272902351e-8,7.289564762619552e-8,6.867368431083069e-8,0.0,2.4121711200480847e-8,2.1847452192998033e-9,3.138213001062442e-8,3.1639865713058e-8,1.4289617137071133e-9,1.5670461136403385e-8,4.157237910209613e-8,1.162342542711264e-8,3.8078846197689275e-8,0.0,5.015314366931811e-9,2.255875354481233e-7,1.1106897805724842e-7,1.6750484938561746e-7,5.4365830932831334e-8,5.918869075907007e-9,1.7559249896956217e-7,7.085437340120928e-8,5.531096181803404e-8,1.490599757381121e-8,1.3076534659819002e-7,7.473410462852963e-8,0.0,2.6938393016728476e-8,5.928600288671638e-9,5.806238468957334e-9,8.587372387198097e-8,4.553769395453288e-8,1.3430328345012933e-8,1.0581402601646074e-9,9.343669839980178e-10,4.364405175130428e-9,3.023076901444697e-8,5.650275811796623e-9,1.9315543046264742e-7,3.4384792166413803e-8,7.91038558939698e-8,1.5413109061318176e-7,1.2612250123981423e-9,7.504107394544013e-9,3.6212382107692546e-8,1.5350484412478837e-9,6.41483980170217e-9,7.257028444259669e-9,4.3816025230457453e-8,1.9404579930733144e-9,6.760708001361195e-9,7.275885294458093e-9,4.2764886027900666e-8,1.9303366223489345e-9,6.7452336382542795e-9,7.173564615087679e-9,4.144004950429431e-8,1.776237387410487e-9,6.574140304355281e-9,7.173812781339315e-9,4.2445576538976996e-8,1.9099056505374523e-9,6.50393164732373e-9,7.237766727723723e-9,4.214260812002081e-8,1.7503868770056508e-9,6.44904923543037e-9,6.831713684109096e-9,3.746380534551351e-8,1.6681942865518888e-9,6.4536654919695225e-9,7.13774083181173e-9,4.2501880547965764e-8,1.751048003133767e-9,6.196179162893577e-9,6.78270703081043e-9,4.1433438185443635e-8,1.551821095351395e-9,6.431874554065506e-9,6.588292235226058e-9,3.726202078139121e-8,1.541477218914109e-9,6.548816365007182e-9,6.804624323297743e-9,6.6094097699081e-9,3.523901043615503e-8,1.6908381318679817e-9,6.366200493062875e-9,3.0606286905738518e-6
t172,5.057522729360861e-9,2.6288863108898414e-8,9.25047146327779e-9,4.7245612322449e-8,1.171261675103306e-7,1.047386986201066e-9,3.4273476902435915e-8,7.93199590088585e-8,7.14249097128822e-8,6.555400750525935e-8,0.0,2.3777486824090548e-8,2.161099393658613e-9,3.0818053117578634e-8,3.119742698560253e-8,1.4462531495912045e-9,1.5367478336175642e-8,3.956667601847125e-8,1.13527245532522e-8,3.667153588462962e-8,0.0,4.931375154873989e-9,2.1991651503438158e-7,1.0999483347573499e-7,1.6826153496611964e-7,5.4167555022562515e-8,5.968060220178285e-9,1.7364449671579717e-7,7.044740962074444e-8,5.433085960709613e-8,1.474141615511291e-8,1.2860109997822685e-7,7.3201675593811e-8,0.0,2.6938712070204302e-8,5.992568251646576e-9,5.8082811181487844e-9,8.672902689279988e-8,4.6065612140458245e-8,1.3458735690142193e-8,1.0794475698356561e-9,9.52919707098233e-10,4.394487325927313e-9,2.996439539852879e-8,5.683327058809854e-9,1.9356481194925903e-7,3.423364917194534e-8,7.882885064474561e-8,1.5318630352407238e-7,1.2667122075285167e-9,7.598604726262935e-9,3.4522840429475555e-8,1.5720066078415777e-9,6.99362568569885e-9,7.1731789628459006e-9,4.308870870711268e-8,1.921434607752035e-9,6.531060102749271e-9,7.1766131289026496e-9,4.205703955033503e-8,1.9000425292865202e-9,6.54134526523208e-9,7.100873933647944e-9,4.091235566616274e-8,1.7573637929301136e-9,6.3946794685611925e-9,7.0868458451700474e-9,4.1901010002068324e-8,1.8801300506036146e-9,6.334648058858523e-9,7.1716758354929566e-9,4.1533288835839894e-8,1.7392638134827572e-9,6.264136750173662e-9,6.838389806013427e-9,3.727476290045853e-8,1.7409942877457919e-9,6.34335444119553e-9,7.221262811364255e-9,4.2583188079434404e-8,1.757329112578117e-9,6.207005554627774e-9,6.797484408488839e-9,4.1153377274103146e-8,1.544689968666379e-9,6.323274846686546e-9,6.760952396321947e-9,3.777509113617979e-8,1.543622071718978e-9,6.684022497821588e-9,6.763826554863183e-9,6.810782271503288e-9,3.5448068486591863e-8,1.6687716450435184e-9,6.371028767185019e-9,3.028065835453874e-6
t173,5.050081769325286e-9,2.7389801858416536e-8,9.317133096663492e-9,4.720247224601654e-8,1.1653795290313005e-7,1.109816736253506e-9,3.3235283053748436e-8,7.901340569776885e-8,7.095473807865988e-8,6.32106462053639e-8,0.0,2.3450939597933362e-8,2.1376128076668506e-9,3.056748409477111e-8,3.0830334743689944e-8,1.4249130747887759e-9,1.5167503725845182e-8,3.8058313241467454e-8,1.1310614600474597e-8,3.5637463514190744e-8,0.0,4.928427353133053e-9,2.1646311681994308e-7,1.0877080149530344e-7,1.691287595040182e-7,5.4794007406308715e-8,6.15642033068955e-9,1.7267993887891e-7,7.082299031425932e-8,5.435127795980782e-8,1.4818866226175276e-8,1.2795564891228443e-7,7.282545985089039e-8,0.0,2.6736368048418475e-8,6.048846604954806e-9,5.791495409121597e-9,8.690355519810965e-8,4.632327598025691e-8,1.3493072507077161e-8,1.1219105194211526e-9,9.858289800163977e-10,4.460021633273782e-9,2.945530388555185e-8,5.692784660402453e-9,1.9326711730599876e-7,3.365724940127405e-8,7.740807929852935e-8,1.5029342722684164e-7,1.274647688167412e-9,7.380847451881548e-9,3.9333070629157625e-8,1.4485879307478785e-9,6.258107293999544e-9,7.233751292074331e-9,4.252449346732947e-8,1.8902700905357365e-9,6.357235509818558e-9,7.228908664820387e-9,4.154637764626723e-8,1.8739593781918917e-9,6.4156279826953285e-9,7.194761310548532e-9,4.069209021286114e-8,1.7347629765274467e-9,6.351936231658669e-9,7.154086935566785e-9,4.1541300335633143e-8,1.8567295422419902e-9,6.239963706881008e-9,7.329695672707491e-9,4.165299193270649e-8,1.7103501851449887e-9,6.360604685130113e-9,7.01249909475835e-9,3.773573897951101e-8,1.7644996542119956e-9,6.3016039739126345e-9,7.472037479153681e-9,4.304154182734078e-8,1.7494964674290643e-9,6.346600978397896e-9,7.003752957217385e-9,4.158333733457554e-8,1.5272121275551719e-9,6.4534891482821315e-9,6.895141510239257e-9,3.757302615573842e-8,1.5660448556345686e-9,6.655510858123291e-9,6.594585139520233e-9,7.018820785501621e-9,3.448675942542554e-8,1.676323474098047e-9,6.250781736357606e-9,3.0142345254734246e-6
t174,4.999822266352289e-9,2.7255003742461673e-8,9.36649064203335e-9,4.718061182669529e-8,1.143218559765608e-7,1.0893918858749678e-9,3.194175559192273e-8,7.892023875569757e-8,7.043391885467508e-8,5.985647541745366e-8,0.0,2.31576823302491e-8,2.0666757402570044e-9,2.9840461113854767e-8,3.0520909602607925e-8,1.40642095189527e-9,1.493849848404304e-8,3.6337100191841635e-8,1.1243273714667293e-8,3.439097556402312e-8,0.0,4.982285198857248e-9,2.1196812695030605e-7,1.0896952923032656e-7,1.7167613165512782e-7,5.449013278724486e-8,5.991319025378805e-9,1.6703246244034328e-7,7.082826185021202e-8,5.375082862728258e-8,1.4936262242429078e-8,1.2468429207779802e-7,7.200424852976817e-8,0.0,2.64368894630087e-8,6.020337126722203e-9,5.7045685383839145e-9,8.635943932718743e-8,4.5827684388920025e-8,1.3478325230978696e-8,1.0001983483705692e-9,8.990455003539075e-10,4.448287500308716e-9,2.957878694194036e-8,5.7702360034014036e-9,1.9160444924679368e-7,3.341998813118395e-8,7.53851287952188e-8,1.4619240516992228e-7,1.2110627249007482e-9,7.621044358604916e-9,3.8387399004603614e-8,1.489177412926401e-9,6.3138667308515555e-9,7.054870444764183e-9,4.2033271016095896e-8,1.863939598611432e-9,6.103633809310177e-9,7.044950959634886e-9,4.1048939452283244e-8,1.8627407735442688e-9,6.054999908618208e-9,7.026956377410878e-9,4.0347137187993984e-8,1.7351526955490077e-9,6.006508232190556e-9,6.9888256636267505e-9,4.109731352286544e-8,1.8554900757375047e-9,5.907302387788832e-9,7.188582996915425e-9,4.143032531869566e-8,1.7188543701483227e-9,6.056875768050948e-9,6.965580137604273e-9,3.763711817114265e-8,1.6526749030830224e-9,6.227090091682793e-9,7.512078489334757e-9,4.324656578746314e-8,1.7533731335201552e-9,6.2347407933749295e-9,7.008488966259633e-9,4.184844317794327e-8,1.542512386582099e-9,6.364280669387551e-9,7.077599349670839e-9,3.820187828990724e-8,1.5178416856539086e-9,6.639655159829935e-9,6.5939380464348055e-9,7.1324245729107675e-9,3.6976721537619694e-8,1.7312177607139389e-9,6.275036514236551e-9,2.9782956933970144e-6
t175,4.9655288994243815e-9,2.6839365196861134e-8,9.36579214518515e-9,4.7256402948797635e-8,1.1149933024276556e-7,1.0556364849388476e-9,3.0479629974876057e-8,7.850711062203537e-8,7.025375475025522e-8,5.633576816125482e-8,0.0,2.2811768711535034e-8,2.040140217987556e-9,2.927191046424384e-8,3.016928180457572e-8,1.3864173234876756e-9,1.4707866319397904e-8,3.4118872338391206e-8,1.1174528398293708e-8,3.26517849653705e-8,0.0,4.942096815974589e-9,2.060973797005591e-7,1.0798350477719882e-7,1.7263815855494656e-7,5.466578908740996e-8,6.125344472426076e-9,1.606359532902598e-7,7.07123354859851e-8,5.307978016574523e-8,1.49242778186249e-8,1.212502048999866e-7,7.067441306131566e-8,0.0,2.575943098725168e-8,6.0509727951523604e-9,5.6213038435342795e-9,8.553084380707302e-8,4.5219831579085284e-8,1.3468429021606288e-8,9.85477908768863e-10,8.92720529945003e-10,4.466324043126344e-9,2.8613176249873607e-8,5.717442555190201e-9,1.9073191470747196e-7,3.252178468708712e-8,7.237987721554611e-8,1.4028934318571626e-7,1.198890705647658e-9,7.775904048154503e-9,3.799291629453002e-8,1.5067584727157157e-9,6.2238649874037664e-9,7.060601382634554e-9,4.134262530107891e-8,1.841001122382398e-9,5.85457907028016e-9,7.050447870286241e-9,4.047098267437649e-8,1.8355515912702537e-9,5.8207350740338936e-9,7.072789088389276e-9,4.0039983466836006e-8,1.7152611443209612e-9,5.845120982503601e-9,7.049008457703127e-9,4.074844154060527e-8,1.8350206662031424e-9,5.761777309114062e-9,7.25516245042367e-9,4.1239919788238605e-8,1.7023704086951951e-9,5.927147180676753e-9,7.061227715000053e-9,3.772682254994097e-8,1.6997201590657205e-9,6.097219092287645e-9,7.707863107669324e-9,4.3478904520170534e-8,1.7503119867038012e-9,6.19788695869186e-9,7.08472466524443e-9,4.192038088225308e-8,1.54054713355293e-9,6.251409652544764e-9,7.224044516969856e-9,3.848365848341326e-8,1.5126799603802632e-9,6.669617117211998e-9,6.398074459321426e-9,7.3521867673493335e-9,3.6751040005533774e-8,1.7079685406124457e-9,6.1139101256339025e-9,2.9297660606945933e-6
t176,5.223177716091853e-9,3.0036581351693786e-8,1.0202899970557964e-8,4.9514491375147845e-8,1.2097417793946302e-7,1.0924097202662187e-9,3.2998662434225824e-8,8.195768424747525e-8,7.409342671926169e-8,6.129702694467933e-8,0.0,2.3284789501580587e-8,2.1183716061511186e-9,3.173352169667482e-8,3.163323803985545e-8,1.439645357517033e-9,1.5755495029121754e-8,3.73807216310228e-8,1.241258479026563e-8,3.6162198709488124e-8,0.0,5.643004767569519e-9,2.2479433674329216e-7,1.110909836108569e-7,1.7765986192641755e-7,6.452545368042194e-8,7.033047502115496e-9,1.7983824149180144e-7,7.83732633971802e-8,5.809658521483801e-8,1.626889204645037e-8,1.3005127228973322e-7,7.632284095585589e-8,0.0,2.736096087129662e-8,6.497410291703691e-9,5.8566998681339714e-9,9.094454879926013e-8,4.851767254172857e-8,1.3754090853084161e-8,1.0271573587858554e-9,9.220416621314635e-10,4.772629936097002e-9,3.055878925388656e-8,6.161372427491386e-9,2.004010951096515e-7,3.473326357100989e-8,7.53704314819069e-8,1.4836431432742299e-7,1.2639104913303762e-9,8.36014422686508e-9,3.9815922737082246e-8,1.5559125789348775e-9,6.753431851453783e-9,7.598448231056515e-9,4.337672931524767e-8,1.886589834619667e-9,6.298922051537645e-9,7.59341647316749e-9,4.2513172089256646e-8,1.8748388490121137e-9,6.3076147985894236e-9,7.64243101791507e-9,4.2191023012284196e-8,1.7502237436329488e-9,6.329523849341111e-9,7.605185197309602e-9,4.2894850345792935e-8,1.8755688230348434e-9,6.241549155172754e-9,7.884496070203799e-9,4.367823257396157e-8,1.741464504631229e-9,6.458699980906612e-9,7.714220298474806e-9,4.019932357371483e-8,1.7950992311939444e-9,6.683574467375884e-9,8.586085657752806e-9,4.6786066098320965e-8,1.8024028272464302e-9,6.947208433817233e-9,7.663103712336579e-9,4.40581127342341e-8,1.5660947119842138e-9,6.741348192620827e-9,7.543897700910112e-9,3.9931839999237834e-8,1.558667491499348e-9,7.125343373011216e-9,6.823591801871755e-9,7.856130745730045e-9,3.846206473456681e-8,1.7502415552820754e-9,6.53237742514286e-9,3.133870463329329e-6
t177,5.468307010781536e-9,3.298976075147451e-8,1.1057509621696664e-8,5.169126294631872e-8,1.300825140434814e-7,1.128598766223992e-9,3.566615145804333e-8,8.573784394898556e-8,7.820133334673297e-8,6.612242405737202e-8,0.0,2.3751472556340197e-8,2.1600381260216542e-9,3.425617889721556e-8,3.322076177455961e-8,1.506695442953608e-9,1.6886923724519762e-8,4.0907176434578426e-8,1.3876230915193096e-8,4.0263149845534386e-8,0.0,6.5579340908296925e-9,2.4596648351617253e-7,1.1547795806547962e-7,1.8462621228771523e-7,7.819012123988124e-8,8.2032494539639e-9,2.0116851183658013e-7,8.732356843562125e-8,6.341657613236076e-8,1.7800143462994257e-8,1.3792088340088201e-7,8.209096666094485e-8,0.0,2.9067370670849155e-8,6.986483150539757e-9,6.0788982123595615e-9,9.657913702116537e-8,5.19045705643016e-8,1.403915098683727e-8,1.0734225114566715e-9,9.560558175666837e-10,5.13987288005108e-9,3.30737372300647e-8,6.7321434142997315e-9,2.1218055898201212e-7,3.7477137713318837e-8,7.855174820997779e-8,1.575832914503933e-7,1.3492704097915869e-9,8.926484211089386e-9,4.1633747831831746e-8,1.5906362341588778e-9,7.248488886653597e-9,8.079746791200915e-9,4.520151363007566e-8,1.937867073879812e-9,6.671121605423523e-9,8.060209330006732e-9,4.428399725592444e-8,1.9292289048137975e-9,6.5558983176695316e-9,8.138593155699596e-9,4.403995110250709e-8,1.803630146878352e-9,6.5793178968265225e-9,8.090155628089642e-9,4.4688695161879493e-8,1.937331298440752e-9,6.479919678791075e-9,8.454907943009634e-9,4.5776059383320295e-8,1.7996500247375115e-9,6.769109783447479e-9,8.398148810102826e-9,4.2010765751348664e-8,1.7222647362883306e-9,7.3017289357345e-9,9.532828424028573e-9,4.988145824101712e-8,1.8721742291542134e-9,7.595136636824915e-9,8.22150419567628e-9,4.5827460187007006e-8,1.6014926568869925e-9,7.086355188258631e-9,7.849063144866634e-9,4.1482624908651935e-8,1.6009825027442587e-9,7.577126674777875e-9,7.351593640381353e-9,8.417805121117915e-9,4.06744359109849e-8,1.8082315154362006e-9,7.043629184670769e-9,3.3540228633487523e-6
t178,5.7276470640529376e-9,3.692489123304467e-8,1.2024011784268282e-8,5.39428232848217e-8,1.392810520708017e-7,1.1690373670831672e-9,3.876129323256762e-8,9.003273631679544e-8,8.292422807047497e-8,7.211838475721232e-8,0.0,2.4246143374984563e-8,2.2386582454488147e-9,3.762357818490713e-8,3.502597639994612e-8,1.5776458973631463e-9,1.8278874901391532e-8,4.501846792704704e-8,1.585135485129879e-8,4.535739701393531e-8,0.0,7.814341032295074e-9,2.7190817139948825e-7,1.1927255457727983e-7,1.9055107530277286e-7,1.0131649119910108e-7,9.911787394955043e-9,2.2981086651863873e-7,9.96220073120441e-8,7.073776378872892e-8,1.977891415217132e-8,1.4746012298843786e-7,8.958953290836505e-8,0.0,3.108650007986401e-8,7.555441817072549e-9,6.3063241499700175e-9,1.0262378322388633e-7,5.5570475822381334e-8,1.4332401097759096e-8,1.1248074862091704e-9,9.94015967563345e-10,5.5555374124928005e-9,3.5963325738960824e-8,7.413582002651452e-9,2.250999320936741e-7,4.047826792638652e-8,8.12937545031626e-8,1.665216304794574e-7,1.4412766977549135e-9,9.579278270412526e-9,4.347586045769173e-8,1.6239909896034508e-9,7.799751719800112e-9,8.685634269929305e-9,4.7486949902342955e-8,1.9929007820637633e-9,7.162166036359394e-9,8.68220011436815e-9,4.66503848987969e-8,1.9828300386859227e-9,7.0758909627182435e-9,8.80316121801914e-9,4.661025319547941e-8,1.8521074063551911e-9,7.123001244051013e-9,8.75187462366837e-9,4.720291293357146e-8,1.9951763471326345e-9,7.0200012113403605e-9,9.222445787656068e-9,4.878091118584291e-8,1.8521856026140682e-9,7.4251436938120966e-9,9.235347984357272e-9,4.507620021001739e-8,1.7979489662259836e-9,8.139495869357333e-9,1.0785086665361727e-8,5.4235843936257674e-8,1.9424476461212845e-9,8.716933015788884e-9,8.863172059792033e-9,4.836018311733054e-8,1.6378531311544695e-9,7.687001532052192e-9,8.176144226682962e-9,4.3089865886771264e-8,1.643218618211799e-9,8.070360540839164e-9,7.934707902831812e-9,9.05496013306912e-9,4.3126820432090375e-8,1.8728400231024856e-9,7.602992985170579e-9,3.62514532482587e-6
t179,6.029812658820828e-9,4.0185242022806425e-8,1.3249717544413157e-8,5.6523958312131234e-8,1.5013746643546595e-7,1.2284722664997594e-9,4.223142606846264e-8,9.471794208273573e-8,8.819142987732388e-8,7.88019088600122e-8,0.0,2.474292320007907e-8,2.3208171809530437e-9,4.1615631520331266e-8,3.700866820498613e-8,1.6602547257112208e-9,1.9893317392234776e-8,4.971821996536673e-8,1.845333686794793e-8,5.17028765699425e-8,0.0,9.61295344724268e-9,3.0335226144793264e-7,1.2335780883770675e-7,1.9707502757628106e-7,1.4444724238972386e-7,1.2505255697826001e-8,2.6895669352283407e-7,1.1587371962357203e-7,8.006098817432527e-8,2.223917553024414e-8,1.580333170600293e-7,9.86126610407774e-8,0.0,3.375400791252048e-8,8.247559786647967e-9,6.555965650053743e-9,1.0959793867572813e-7,5.971880062706315e-8,1.4641493788612164e-8,1.1829479032885488e-9,1.0370098652149897e-9,6.024002702058904e-9,3.93281188780185e-8,8.232094329561507e-9,2.394455158208635e-7,4.383737125845347e-8,8.375665807453753e-8,1.7531460709190645e-7,1.5408430117991445e-9,1.0298837730502114e-8,4.561825994276993e-8,1.6616561202957139e-9,8.398398582771586e-9,9.367463065850025e-9,5.0001100966567604e-8,2.048416832334887e-9,7.68926702533578e-9,9.387017829430696e-9,4.929227496102441e-8,2.0393938344270146e-9,7.64822127838002e-9,9.560368440684608e-9,4.950711345030526e-8,1.9023693356535367e-9,7.722164509992837e-9,9.511133341469065e-9,5.0034808575653315e-8,2.0569572988437854e-9,7.624296532286707e-9,1.0118701560714369e-8,5.218748907808493e-8,1.9070867225810522e-9,8.175957268356685e-9,1.02323230897869e-8,4.861827681580518e-8,1.9364192209798865e-9,9.092310901664666e-9,1.2402659740852625e-8,5.944290250625318e-8,2.017686245667907e-9,1.0204927447991634e-8,9.606163001713542e-9,5.1235700555419396e-8,1.6748552876102906e-9,8.39866645221284e-9,8.52062389008072e-9,4.4907024639765825e-8,1.6758599392063146e-9,8.634024589268984e-9,8.576016881622782e-9,9.77052570487625e-9,4.596833274777283e-8,1.933476239083024e-9,8.211114466905501e-9,3.961574106129904e-6
t180,6.363015098359796e-9,4.402814164884502e-8,1.4767105961797022e-8,5.933745334666682e-8,1.6280682811195303e-7,1.3048635823736574e-9,4.633108814733587e-8,9.995377383977989e-8,9.422742992487665e-8,8.678593376793501e-8,0.0,2.526762668002807e-8,2.4187252637613263e-9,4.663976268126552e-8,3.925928414605709e-8,1.7651291744248903e-9,2.184407240054853e-8,5.536981620014934e-8,2.2175830639920072e-8,6.030868338039342e-8,0.0,1.2594155699761918e-8,3.4385028996418966e-7,1.2741457925331287e-7,2.0377011909038764e-7,2.563199232347435e-7,1.70197580218775e-8,3.312904444019728e-7,1.3898853283314478e-7,9.25177449325858e-8,2.5464680004679964e-8,1.704410702154948e-7,1.0987227312764813e-7,0.0,3.7110460623078456e-8,9.045789652620113e-9,6.820595598626823e-9,1.1730599206761723e-7,6.436004558360311e-8,1.4951886575370228e-8,1.2401318630598366e-9,1.0782294902993078e-9,6.573901441780608e-9,4.318422738717051e-8,9.224511210686784e-9,2.552457692188389e-7,4.7515211956530495e-8,8.596173271004241e-8,1.842215974785831e-7,1.6484406919856129e-9,1.1167782240552132e-8,4.783267088399595e-8,1.7177062048978935e-9,9.132691073167674e-9,1.0206491471357351e-8,5.291654947482294e-8,2.1049048059902277e-9,8.296010632214903e-9,1.0263403078294574e-8,5.240533067837811e-8,2.0942656920372756e-9,8.377377818347274e-9,1.0507572169529133e-8,5.301128258708377e-8,1.9520224750754372e-9,8.489338256480216e-9,1.0464020084308966e-8,5.347245510753528e-8,2.114351018143518e-9,8.398833184051079e-9,1.1265871155129156e-8,5.632015755029429e-8,1.963177509545118e-9,9.163330336918452e-9,1.1486320026994898e-8,5.3123291362571224e-8,2.0831566993682154e-9,1.0339160314093863e-8,1.4633270037778625e-8,6.605589588184191e-8,2.096225248504834e-9,1.239982898731508e-8,1.0505186039075642e-8,5.455880817519799e-8,1.7128647068407066e-9,9.294786701424798e-9,8.887452642687154e-9,4.675286411389078e-8,1.70757733656857e-9,9.257201204425988e-9,9.303491572729164e-9,1.0584562592913833e-8,4.896852369672549e-8,1.994361572455556e-9,8.888820382184138e-9,4.444257903109903e-6
t181,6.725536783519235e-9,4.813565141543262e-8,1.660710665872798e-8,6.237351599483067e-8,1.7748816390803162e-7,1.3720202213783314e-9,5.1009109077326864e-8,1.0548760129034878e-7,1.0092034815155033e-7,9.545984260323416e-8,0.0,2.577310056765865e-8,2.4847221501389733e-9,5.259484136910606e-8,4.172547543208926e-8,1.905986701755333e-9,2.4017651417622403e-8,6.203107735908492e-8,2.7979844372545088e-8,7.388773628098677e-8,0.0,1.5985010501210978e-8,3.7308694981711957e-7,1.3096416787856902e-7,2.1077692512828677e-7,5.864287898453544e-7,2.310746832824924e-8,3.958385046229839e-7,1.6130671655928996e-7,1.1002899682782761e-7,2.9914161599828e-8,1.8664490481648201e-7,1.2497767424762013e-7,0.0,4.274928473706547e-8,1.0149114573734189e-8,7.172888583665441e-9,1.280682050794459e-7,7.116876620149145e-8,1.531146785132008e-8,1.3138960608568555e-9,1.131573977029694e-9,7.239068454759095e-9,4.79837474354239e-8,1.0511559263442654e-8,2.733957170367334e-7,5.1894074222124026e-8,8.83877554962267e-8,1.942246964961145e-7,1.776223227371182e-9,1.2151044291623481e-8,5.0117041958017174e-8,1.749880166751069e-9,9.92685360521905e-9,1.1073021048177111e-8,5.584471108668733e-8,2.1526687694074747e-9,8.823213411511048e-9,1.1143456786835852e-8,5.5540599789991534e-8,2.142862825499948e-9,8.887760631117505e-9,1.1473177290901789e-8,5.6501542759579924e-8,2.002894142511768e-9,9.061395171598702e-9,1.1430565371757088e-8,5.679475057744385e-8,2.1652457690902197e-9,8.93469178412135e-9,1.2550985611679325e-8,6.090977619952446e-8,2.0227880548434485e-9,1.0138313531538271e-8,1.2685956802683471e-8,5.616672731853046e-8,2.080885601224116e-9,1.1217865516623637e-8,1.667257157153762e-8,7.126955113646017e-8,2.1468247080145754e-9,1.4030909838183123e-8,1.1482132280768018e-8,5.799564820026824e-8,1.756536002235868e-9,1.0128224035297815e-8,9.263404211799758e-9,4.8961086853424564e-8,1.7348633365532721e-9,1.010386755923189e-8,1.0157757495783665e-8,1.153040389433356e-8,5.240666114715611e-8,2.0598555196533624e-9,9.671442630038834e-9,5.176580056920225e-6
t182,7.139013877019212e-9,5.5061109201254324e-8,1.908485575575997e-8,6.589057797160181e-8,1.964326941723784e-7,1.4610392004829408e-9,5.6761226501047875e-8,1.1184155583020587e-7,1.0875338511571132e-7,1.057425718402219e-7,0.0,2.634177752370514e-8,2.546089123859299e-9,6.034772989674481e-8,4.459196624486654e-8,2.051324897664455e-9,2.6677834541427995e-8,7.083660941856935e-8,3.8297762549487075e-8,9.714604550898963e-8,0.0,2.16361018359162e-8,4.0633809359099843e-7,1.342160071883496e-7,2.1738739258706576e-7,4.844751624837712e-7,2.2780006192445182e-8,3.5413590988711873e-7,1.5377804728959448e-7,1.3163436688995087e-7,3.5545906592404304e-8,2.0299670260316648e-7,1.4161166698859425e-7,0.0,5.141472994732176e-8,1.1554960280526804e-8,7.621633505621046e-9,1.421824372656304e-7,8.055142529943673e-8,1.5710262146275705e-8,1.4040488801016854e-9,1.1944898381765548e-9,8.080927448833276e-9,5.4070825210415275e-8,1.2230976077388301e-8,2.9436785770013633e-7,5.726654707237578e-8,9.124598559828765e-8,2.061044370405567e-7,1.9314446990844946e-9,1.3398573418171156e-8,5.292737606252239e-8,1.8020884642966732e-9,1.0933454690071778e-8,1.202072610798517e-8,5.837910307853683e-8,2.220249472536815e-9,9.32531018659599e-9,1.2104027107196538e-8,5.8341749736585234e-8,2.2123158633359866e-9,9.260634372118796e-9,1.2624122808094059e-8,5.975919242904456e-8,2.06801946922736e-9,9.625515168223283e-9,1.2523082739834319e-8,5.969237759094824e-8,2.2371968784158158e-9,9.355373902160467e-9,1.4220653049874594e-8,6.545641825551831e-8,2.101046124306905e-9,1.127461639078066e-8,1.4104458938155473e-8,5.870430723484126e-8,2.109016825229157e-9,1.2186481999136695e-8,1.681204935362906e-8,6.928873354379972e-8,2.1388446757090045e-9,1.2596615753220223e-8,1.2642344062202568e-8,6.085366578601947e-8,1.8092622525196588e-9,1.0906087826753843e-8,9.833806006493416e-9,5.141852097741914e-8,1.7719289451372266e-9,1.1218434950908427e-8,1.1230175303079643e-8,1.269414204274015e-8,5.623012497145552e-8,2.1440081346101365e-9,1.0644624224389107e-8,5.385674378484372e-6
t183,7.580137502975129e-9,5.874714412038667e-8,2.2349699698778744e-8,6.967832645486031e-8,2.207634264879564e-7,1.5486333345197759e-9,6.442446310564067e-8,1.1920246660875187e-7,1.1791049393988953e-7,1.2071121558253226e-7,0.0,2.6941545529146916e-8,2.6535242334327468e-9,7.17666198632476e-8,4.7964629695780064e-8,2.1663324427014515e-9,3.025766882404252e-8,8.370603383415787e-8,6.089710822109097e-8,1.4448507742483486e-7,0.0,3.364927126669082e-8,4.51790873465095e-7,1.3753938026212975e-7,2.2429817552539983e-7,4.1378480241052044e-7,2.260526860455768e-8,3.3064535749590873e-7,1.485150171418392e-7,1.660953865222547e-7,4.413173250809882e-8,2.2580676799415908e-7,1.6545098200022487e-7,0.0,6.456409879443512e-8,1.3469397045368384e-8,8.167005464717703e-9,1.6036905966860008e-7,9.327148556325575e-8,1.6124716808437315e-8,1.4982670537450345e-9,1.2565852792324713e-9,9.109603794132086e-9,6.185523886629255e-8,1.4534842845668635e-8,3.185760768802663e-7,6.392646011839324e-8,9.483184485364412e-8,2.2065440704991134e-7,2.1059356983559373e-9,1.4888448729364869e-8,5.600846238175394e-8,1.8462391180870746e-9,1.2182630114787207e-8,1.3152266951023839e-8,6.239174731994245e-8,2.282962296493769e-9,1.009786307556118e-8,1.32929252917221e-8,6.270179024238415e-8,2.2838164658823825e-9,1.0139238204123095e-8,1.3987333655142762e-8,6.487320980713787e-8,2.1372125660989794e-9,1.066756445778463e-8,1.3890989740649452e-8,6.439484012428082e-8,2.323513403774022e-9,1.0307865230417528e-8,1.6276046680429284e-8,7.238436528000955e-8,2.183208484283446e-9,1.3182484499044597e-8,1.576086838155916e-8,6.296838489159112e-8,2.1632957067079116e-9,1.3653710827418074e-8,1.627512750644762e-8,6.89873815615132e-8,2.10931877591325e-9,1.1930183696889469e-8,1.3986740850121846e-8,6.539436205102828e-8,1.8545074882629325e-9,1.2224785032005474e-8,1.0509974064785791e-8,5.410530612681731e-8,1.8043635815062016e-9,1.2616284200885068e-8,1.2641798430533243e-8,1.4218760104744405e-8,6.06139414207425e-8,2.2263429390457308e-9,1.1906249219509522e-8,5.798211298864268e-6
t184,8.09186168696859e-9,6.55338162644274e-8,2.7013096732513407e-8,7.405154895695832e-8,2.547960117304292e-7,1.6488175917944047e-9,7.499544891392894e-8,1.2761618444508003e-7,1.2895559423926062e-7,1.4160375776935316e-7,0.0,2.7589494475462316e-8,2.7765947007628583e-9,8.868502321211095e-8,5.188319573453897e-8,2.2925443547120192e-9,3.4915273495217194e-8,1.0336288655466303e-7,1.4106676141278232e-7,2.8189012042283107e-7,0.0,7.795551886058516e-8,5.128944938337718e-7,1.4110680506155116e-7,2.3160118247288138e-7,3.5953703493913633e-7,2.2379575499459538e-8,3.15725206252638e-7,1.4362858987241224e-7,2.252869113739808e-7,5.813209599161873e-8,2.5812924729321106e-7,1.9947795828576318e-7,0.0,8.144352623498361e-8,1.548346677451192e-8,8.72024031729219e-9,1.8001756400673132e-7,1.0765279022277003e-7,1.649879948500711e-8,1.589955876326941e-9,1.3145468882790908e-9,1.0472455552510457e-8,7.287718287197476e-8,1.7971801852107756e-8,3.4761212084770977e-7,7.28219066760491e-8,9.97642527037951e-8,2.4048245269475256e-7,2.3205025179085967e-9,1.6752442358516024e-8,5.956587137766667e-8,1.8929650925747996e-9,1.3829118999357146e-8,1.4592771933324207e-8,6.704271447904884e-8,2.3542011531423553e-9,1.1040906242283307e-8,1.4787665825577914e-8,6.773242419801272e-8,2.354627353518296e-9,1.120243405494711e-8,1.5762649313170055e-8,7.090584355869592e-8,2.2038348452600923e-9,1.1979296762889848e-8,1.5651067207583463e-8,6.98721945606455e-8,2.402429665065407e-9,1.1466275001689918e-8,1.906502234822982e-8,8.061643464496027e-8,2.2564393168861385e-9,1.5817834384663294e-8,1.7998816034537215e-8,6.787775144897036e-8,2.2303281478869575e-9,1.5593034494518366e-8,1.582812600088365e-8,6.873866626652402e-8,2.0778119292452643e-9,1.1351824854748822e-8,1.5759464245139995e-8,7.058977419632068e-8,1.896450045608786e-9,1.3916935973735021e-8,1.123862877954706e-8,5.675097713211538e-8,1.8400073183158092e-9,1.4076076030394731e-8,1.4549765553769702e-8,1.5961285953423116e-8,6.5662268720533e-8,2.3259457656215806e-9,1.3581064257039015e-8,6.562658685780101e-6
t185,8.438550161690443e-9,7.816108044122744e-8,3.118035245446449e-8,7.73282761915811e-8,2.7961386932983194e-7,1.7121338131636492e-9,9.056719020929245e-8,1.3716548770804775e-7,1.4229070780430028e-7,1.7356281571487119e-7,0.0,2.829082368569449e-8,2.9231818655071483e-9,1.1687915934166288e-7,5.6520642239446e-8,2.4381557055234796e-9,4.1351846211564844e-8,1.3848935578627563e-7,2.4334105569477716e-7,3.7657525794998456e-7,0.0,3.4597444670236486e-7,5.532491722212854e-7,1.4314530939132116e-7,2.376084388050957e-7,3.2114410737523745e-7,2.2246080833821306e-8,3.0778435736335484e-7,1.394985333823943e-7,2.784134069811093e-7,7.150983088313404e-8,2.7833242782694725e-7,2.2272087275687498e-7,0.0,9.054441146930023e-8,1.6622461969917277e-8,8.922394089748726e-9,1.8768923418648921e-7,1.1326390905346256e-7,1.6664581787371476e-8,1.6403331423036163e-9,1.3555226556645991e-9,1.2302244612709868e-8,8.859892684766257e-8,2.3471574686823577e-8,3.815549237151261e-7,8.490237163016705e-8,1.0647478100274652e-7,2.6701704955556616e-7,2.5800158364387443e-9,1.8680603115391725e-8,6.217518547015769e-8,1.9189388688864467e-9,1.5035115469436822e-8,1.645087840994227e-8,7.241262874806567e-8,2.430205512706665e-9,1.2276820232066676e-8,1.6732669540439716e-8,7.355227161720388e-8,2.4336460106796844e-9,1.2620601878505133e-8,1.81471260802114e-8,7.811669993706166e-8,2.277559133176693e-9,1.3796596844500476e-8,1.8000546932721356e-8,7.630571122935498e-8,2.4891090975107087e-9,1.3018336277825135e-8,2.1496494386198394e-8,8.45694618520322e-8,2.28304923409163e-9,1.6612592828561922e-8,2.050209701130568e-8,7.157733148400062e-8,2.2737366911420614e-9,1.6937031610565186e-8,1.546056206821863e-8,6.85434585176129e-8,2.051427349975406e-9,1.0924808526363421e-8,1.755835333264465e-8,7.409520347523544e-8,1.919513639072826e-9,1.4936968242309944e-8,1.1819453655776056e-8,5.797411684430865e-8,1.87074263315284e-9,1.4646097796536557e-8,1.722405860667172e-8,1.817662252814728e-8,7.14451108324649e-8,2.455209713714533e-9,1.588209038124412e-8,7.534168506720538e-6
t186,8.596818692915009e-9,8.287573797521412e-8,3.359237828870306e-8,7.922940394443967e-8,2.8870404500782377e-7,1.7319067291385584e-9,1.1653537375002821e-7,1.4825313421418645e-7,1.587662601737672e-7,2.295934164513873e-7,0.0,2.9054410188798335e-8,3.0969972301177866e-9,1.7382786201751165e-7,6.213743426714427e-8,2.6125209316000368e-9,5.101504223547164e-8,2.2305066119484565e-7,3.06402037096418e-7,4.0443017922338884e-7,0.0,3.7175150604164137e-6,5.627897333888467e-7,1.4361470988740882e-7,2.4221086177274207e-7,2.9372179784742355e-7,2.2262909582125752e-8,3.0628685145161344e-7,1.363499149837937e-7,3.0329184717544825e-7,8.057849696947587e-8,2.867420405435498e-7,2.3084472090975705e-7,0.0,9.185103117793162e-8,1.662512164764461e-8,8.91485990479521e-9,1.8732566452444536e-7,1.1262821262121146e-7,1.669485553370284e-8,1.65223761128526e-9,1.3703220652579226e-9,1.518253313930536e-8,1.1735024345146383e-7,3.474816832547093e-8,4.2882886033736216e-7,1.0656230071749956e-7,1.1868867486417747e-7,3.1339243305692947e-7,2.9012585388367823e-9,2.0490604494358598e-8,6.356329750278277e-8,1.9240024206910986e-9,1.5676358301554965e-8,1.892248402372753e-8,7.868138676414978e-8,2.522914550076518e-9,1.4026963212283045e-8,1.9344112737887988e-8,8.04114297045364e-8,2.5287291778234093e-9,1.4636414379215554e-8,2.149833282606313e-8,8.693191974539005e-8,2.3654715519981406e-9,1.6563493260734525e-8,2.1283376446602257e-8,8.403318567355362e-8,2.591250994538075e-9,1.530436253284564e-8,2.3983657494431066e-8,8.636309409905288e-8,2.2915583682335888e-9,1.6545339703030347e-8,2.313191410207755e-8,7.368055846664021e-8,2.275418505819046e-9,1.7346697027892612e-8,1.5309677957408655e-8,6.843106593076334e-8,2.03135420157097e-9,1.0657864192709164e-8,1.9220183243601343e-8,7.598867540137534e-8,1.929326936417539e-9,1.5250986229185534e-8,1.2531917089692398e-8,5.8330143906737067e-8,1.887595848544906e-9,1.4575048085613043e-8,2.2058466829375213e-8,2.1347375177286834e-8,7.883400405111112e-8,2.5821560855751978e-9,1.9942027138464336e-8,1.157425753843224e-5
t187,8.569704349949027e-9,7.558166269661113e-8,3.275742314132735e-8,7.93461678283148e-8,2.7772484885720765e-7,1.7127580259520598e-9,1.7290408313700994e-7,1.620332881641197e-7,1.7968285519211185e-7,3.5950435388989453e-7,0.0,2.991827295618572e-8,3.297728277158379e-9,3.487850210454713e-7,6.91463739478932e-8,2.8224715110632778e-9,6.764705960619411e-8,7.29708157819887e-7,3.913508714345964e-7,5.056873554556468e-7,0.0,2.872708274727296e-7,5.407453768615986e-7,1.4254818536849414e-7,2.4513766480135927e-7,2.6881862350584424e-7,2.2221272057039323e-8,3.07890883042481e-7,1.3325511817073451e-7,2.8399510447053345e-7,8.060159160534842e-8,2.814663968854834e-7,2.2144519576708214e-7,0.0,9.09491384287139e-8,1.635062454312803e-8,8.888353235437316e-9,1.8574748830808915e-7,1.1109752167775732e-7,1.6685054898785983e-8,1.6617192255409717e-9,1.3805287294892579e-9,1.636159883082625e-8,1.1909543831961157e-7,3.821299245849073e-8,4.368614001510412e-7,1.0695201674533453e-7,1.1932373957111273e-7,3.1109135762757287e-7,3.1316161729753874e-9,2.181486193655189e-8,6.363423673750942e-8,1.906668490996085e-9,1.710311046899942e-8,2.236331391052839e-8,8.646073432439683e-8,2.63806359639851e-9,1.6902840209704517e-8,2.2982766838159327e-8,8.888892610562181e-8,2.6398217165775914e-9,1.7778930424684814e-8,2.649341584149269e-8,9.841253395099865e-8,2.462826946437805e-9,2.1381079885974476e-8,2.6104642209002203e-8,9.404031027849121e-8,2.7022822225404944e-9,1.9157554623067197e-8,2.69264639520185e-8,8.84337882785159e-8,2.2999605839043108e-9,1.6796392756015984e-8,2.3306125815192145e-8,7.389424780261675e-8,2.2139110841979512e-9,1.662094408484057e-8,1.5089144550185136e-8,6.825467137803042e-8,2.012948430899332e-9,1.0438508531253546e-8,1.946603750162527e-8,7.61494870637693e-8,1.9288442258568874e-9,1.4751148788979786e-8,1.297059420158557e-8,5.840817151160347e-8,1.922653846554725e-9,1.4379887363874385e-8,2.2411253146118493e-8,2.3289005926377666e-8,7.916561563249484e-8,2.620297804171472e-9,2.0231204599441223e-8,9.247217515847485e-6
t188,8.015754177145956e-9,5.950399737662494e-8,2.5806059260333788e-8,7.634260324385071e-8,2.3952943701716316e-7,1.5546474050294548e-9,3.294436072256057e-7,1.786467748220912e-7,1.9162577474868006e-7,9.273924031512031e-7,0.0,3.0909632415493436e-8,3.4885971361231627e-9,3.0643122826361246e-7,6.832277800194948e-8,2.8627636629176487e-9,6.47311840521272e-8,6.003505638948831e-7,8.749292744546324e-8,2.1930720112255596e-7,0.0,3.6161731147162406e-8,4.727054190507479e-7,1.395562084816806e-7,2.4575994191927337e-7,1.8381188400663723e-7,1.7378711563193725e-8,2.862649556094033e-7,1.2229164223293363e-7,2.0288102033652314e-7,5.624022282598291e-8,2.4993475657485655e-7,1.8504942308480907e-7,0.0,9.077251863900383e-8,1.615672529190367e-8,8.976025259744973e-9,1.8666702220843605e-7,1.1218843538818267e-7,1.67472040163065e-8,1.699859798926271e-9,1.4077884295312928e-9,1.6565232429202292e-8,1.0679331715430313e-7,3.463112128302529e-8,4.276603852487638e-7,1.0288456504238278e-7,1.1681862854167925e-7,2.9614797624468074e-7,3.117731850836216e-9,1.6627104485814652e-8,6.064520635695811e-8,1.8902064774946414e-9,1.2373480008192961e-8,2.4823136339406066e-8,9.585817087950081e-8,2.753641378810849e-9,2.1476827887830212e-8,2.5471872576737352e-8,9.922753725288854e-8,2.7446600994892544e-9,2.2706576244920037e-8,2.8865124108503846e-8,9.876757966751105e-8,2.4773110742547962e-9,2.014921325598602e-8,2.8855858979704828e-8,9.389181969712837e-8,2.714717065852138e-9,1.8091403726131795e-8,2.1022990658115198e-8,8.260710679985445e-8,2.2512891000478277e-9,1.4008312288260017e-8,1.8571856794014782e-8,7.037232954550189e-8,2.0952171438396068e-9,1.4212098281884013e-8,1.3187272708481415e-8,6.513835756363765e-8,1.9890208558565778e-9,9.634450570995167e-9,1.6264304415313367e-8,7.211001932312468e-8,1.911891105133921e-9,1.286709445820379e-8,1.3518391074238487e-8,5.822069642126609e-8,1.9635127156292745e-9,1.4259149143487447e-8,2.0806595594723497e-8,2.4814414763221343e-8,7.787894815774287e-8,2.642387353389638e-9,1.8812842539658548e-8,8.490600385021704e-6
t189,7.458597308441648e-9,4.1596351019350964e-8,1.8308769370275842e-8,6.947389259895408e-8,1.9507983334654265e-7,1.4305739589228963e-9,1.3712757371371213e-7,1.573966988585871e-7,1.6693358562893343e-7,2.927465446084581e-7,0.0,2.962404850304291e-8,3.352179384260468e-9,1.1693739765615836e-7,5.9213687197644636e-8,2.57867789383816e-9,4.286866129774968e-8,1.642518982695117e-7,3.71205085375314e-8,1.0993263802411402e-7,0.0,1.5878882995515674e-8,3.8962417095554936e-7,1.3322249295827938e-7,2.4176884390826497e-7,1.1930400480881523e-7,1.1976944331337455e-8,2.5003459540890856e-7,1.0309343590188304e-7,1.305723067891311e-7,3.514253818838368e-8,2.094306481653949e-7,1.4166363729749025e-7,0.0,5.703947975042559e-8,1.1098626497392168e-8,7.758311268734168e-9,1.436115550419436e-7,8.109046456317665e-8,1.5943752830581252e-8,1.408712039492434e-9,1.2041455305857803e-9,1.2232794235349393e-8,8.172350364297909e-8,1.891213648306912e-8,3.813144180276237e-7,7.820081362173702e-8,1.05557060854349e-7,2.675226610827409e-7,2.493732875327503e-9,1.2739939177539167e-8,5.509752135495945e-8,1.8190993243422382e-9,1.0297267050807015e-8,1.9541119203896485e-8,8.277648180435159e-8,2.595553593959904e-9,1.5740657661579645e-8,1.9989647396574327e-8,8.513306671480484e-8,2.59729259287664e-9,1.6719112909771842e-8,1.824089022680629e-8,8.177141150057047e-8,2.3350464497764307e-9,1.5042838860918953e-8,1.8489117684181134e-8,7.99915536899449e-8,2.5351533605295535e-9,1.4029854496355004e-8,1.4823584402833053e-8,7.033271413454759e-8,2.122075807742658e-9,1.1611757928734187e-8,1.3584946996521008e-8,6.198977676663391e-8,2.2175928726587704e-9,1.1428624851379975e-8,1.0712655597087602e-8,5.8154785180955574e-8,1.9122009210792842e-9,8.773673199981352e-9,1.2456001269560957e-8,6.282645717492005e-8,1.820631023540987e-9,1.0983740531576069e-8,1.0383351571796768e-8,5.1339411942820544e-8,1.7858929945044805e-9,1.1293299844478362e-8,1.4925969031784568e-8,1.7063778216157132e-8,7.523972160074475e-8,2.451889500459812e-9,1.3748802048689733e-8,5.813722747696225e-6
t190,6.986761386244515e-9,3.281901863696664e-8,1.4265728179595355e-8,6.445238648787414e-8,1.6620350959172077e-7,1.3196595283213535e-9,8.524701542468368e-8,1.4072229016273658e-7,1.33002558895177e-7,1.7058942366534395e-7,0.0,2.846866180850782e-8,3.039582434762663e-9,6.959875236395959e-8,5.157327434265516e-8,2.2458171552584102e-9,3.1064972862179966e-8,9.554132754819705e-8,2.311960465504085e-8,7.27963578887182e-8,0.0,9.95042871629035e-9,3.3012075343343314e-7,1.28298448340418e-7,2.3934421189495474e-7,8.667593041491275e-8,9.059555480610877e-9,2.1963539873752922e-7,8.854526514232074e-8,9.43485366323419e-8,2.5286759475447004e-8,1.7833956776876907e-7,1.1400705657170231e-7,0.0,4.190261632234629e-8,8.338289525199599e-9,6.880141872581113e-9,1.1717918871600637e-7,6.343217723098451e-8,1.5358874012457444e-8,1.271681301448829e-9,1.1075510215783427e-9,9.534948403376421e-9,6.150662849905953e-8,1.2644152647404159e-8,3.44324462521494e-7,6.241852009046937e-8,9.621855414117229e-8,2.258889749135592e-7,2.120626044093886e-9,1.0435623983420348e-8,5.082912207470174e-8,1.7507023906616246e-9,8.88357906128966e-9,1.429669538863711e-8,7.176122598806713e-8,2.473169765645382e-9,1.2148214337319049e-8,1.4498086345615956e-8,7.359440167444059e-8,2.4729029243770123e-9,1.2556177888820918e-8,1.3084324766779134e-8,6.877549683521614e-8,2.234914310966266e-9,1.1489931440268248e-8,1.3434262357984902e-8,6.810806030531649e-8,2.418677513221085e-9,1.095866710935014e-8,1.1291993063571997e-8,6.065595537967653e-8,2.0405724754340664e-9,9.541374623432618e-9,1.0598771621377022e-8,5.439137412994875e-8,2.0784334959187088e-9,9.481302789830507e-9,8.902979280384003e-9,5.1637217991385607e-8,1.8546372710537032e-9,7.737490708555725e-9,9.967801233874624e-9,5.503150497039595e-8,1.7693331140627105e-9,9.159389980273957e-9,8.43560149534927e-9,4.5413640462752075e-8,1.678969927350419e-9,8.919167163646622e-9,1.1971495360252272e-8,1.3467890902628494e-8,6.775689207062592e-8,2.2700439140825317e-9,1.1024638349339112e-8,4.730078711127206e-6
t191,6.5432562048202156e-9,2.837835575572753e-8,1.1510841100612126e-8,5.9543182377616054e-8,1.4346287808006756e-7,1.2228648857039357e-9,6.157858247857538e-8,1.2715189731207412e-7,1.1038938643168737e-7,1.1956404927138786e-7,0.0,2.7413928717337767e-8,2.7781990910042143e-9,4.931270716009644e-8,4.550107807602308e-8,1.990071775026571e-9,2.436961635488782e-8,6.730308022198201e-8,1.6674958275424623e-8,5.410797843242167e-8,0.0,7.205711322231227e-9,2.850741612095127e-7,1.2348662482719987e-7,2.352064156622606e-7,6.765793933164473e-8,7.223387940847816e-9,1.9452438571519904e-7,7.729066835755284e-8,7.329416972690865e-8,1.958331461634449e-8,1.548033565430867e-7,9.493036638926306e-8,0.0,3.4670353594759876e-8,6.8535396591187565e-9,6.315596574933135e-9,1.0278909058969243e-7,5.4428388597514055e-8,1.4899377577266348e-8,1.1657046518959251e-9,1.0356584442421707e-9,7.89184856024215e-9,4.945897441167861e-8,9.433583454757527e-9,3.141362180829724e-7,5.216058093639851e-8,8.874592868925879e-8,1.9733719727926808e-7,1.875804912203189e-9,8.724877347221027e-9,4.6842291766197364e-8,1.689009536876778e-9,7.740205114721642e-9,1.1186861919936042e-8,6.335669752638842e-8,2.3429205571030506e-9,9.886103110230953e-9,1.1296346440611504e-8,6.481927572005192e-8,2.3391079318965236e-9,1.0044057499987985e-8,1.012372764059256e-8,5.929314435585497e-8,2.1210976424310556e-9,9.24863311957407e-9,1.0536589356086207e-8,5.9319708330097075e-8,2.2900565474129562e-9,8.999493682453655e-9,9.052336964282376e-9,5.325245823497299e-8,1.9520867887362004e-9,8.055600532077094e-9,8.616512591320249e-9,4.843783908366725e-8,1.9554956553242584e-9,8.069858649754472e-9,7.55747043817624e-9,4.636666845753343e-8,1.7888982599079437e-9,6.8680850119141285e-9,8.252933908377376e-9,4.885208120008718e-8,1.7094157123813212e-9,7.82198355621937e-9,7.316101975426111e-9,4.2236263990320584e-8,1.6392921619071312e-9,7.826392901472598e-9,1.0091058819209498e-8,1.092439168261747e-8,6.18053543539365e-8,2.1457098230018807e-9,9.289594026906963e-9,4.066359349585985e-6
t192,6.182528233730412e-9,2.474868847080044e-8,9.822652425387255e-9,5.667299095820248e-8,1.277237570326544e-7,1.1504854041446592e-9,4.770937534454099e-8,1.154180025450575e-7,9.37941068860201e-8,9.073025262794854e-8,0.0,2.6382235492885663e-8,2.556979981233929e-9,3.936773424888039e-8,4.158948194899075e-8,1.8081332403531867e-9,2.039146486050472e-8,5.236373691230947e-8,1.3353843628369578e-8,4.402763958591527e-8,0.0,5.786213261756944e-9,2.536829169284772e-7,1.193929413055127e-7,2.331201265203128e-7,5.676443373203845e-8,6.133939560693031e-9,1.7635464543189972e-7,6.990449501562328e-8,6.125963900146995e-8,1.6320630999932068e-8,1.3848990212133658e-7,8.28340594170386e-8,0.0,3.4179359885085336e-8,6.688540053310832e-9,6.274511186834699e-9,1.0191020603824228e-7,5.3967735411892226e-8,1.4865405530642805e-8,1.1457071067975094e-9,1.0211664878344554e-9,6.679909480951626e-9,4.1066729144199984e-8,7.4307239592209936e-9,2.8768638213862357e-7,4.448172139515285e-8,8.186697039738971e-8,1.7433390379808037e-7,1.7040081822632885e-9,7.616262524847943e-9,4.432230382376154e-8,1.6412803847583366e-9,6.939393558757594e-9,9.098024176953063e-9,5.6527813964833715e-8,2.2113341970213348e-9,8.280889242426204e-9,9.162693908943769e-9,5.775979219753805e-8,2.2071124659505575e-9,8.313082670948138e-9,8.444983241070095e-9,5.3618780428579614e-8,2.021646647205037e-9,7.890616707363757e-9,8.738340233711353e-9,5.379055505804032e-8,2.171725943748807e-9,7.689870769797563e-9,7.709698851905808e-9,4.865301932666849e-8,1.873113048960593e-9,7.084311450264218e-9,7.399610144996209e-9,4.4627503789189085e-8,1.869053216898859e-9,7.128154577112866e-9,6.6708459332520645e-9,4.295393265781627e-8,1.7314699206692667e-9,6.250385419919991e-9,7.155726621324525e-9,4.4905653556568466e-8,1.6531000841992396e-9,6.924152876680165e-9,7.346155433256614e-9,4.2296618531185355e-8,1.6358352393010575e-9,7.755930941297329e-9,8.659404192760631e-9,9.099939153523928e-9,5.68215793479014e-8,2.0576136427013092e-9,7.987893297309473e-9,3.6478382167224634e-6
t193,8.699469774564611e-9,5.1797988723309956e-8,2.4657354429079357e-8,9.416902578163855e-8,2.2289183177186248e-7,1.683867788637953e-9,5.137667147849873e-8,1.1043511800252716e-7,1.0436974611936467e-7,1.0508891072927634e-7,0.0,3.484394957322702e-8,2.860690095894538e-9,4.454138560239736e-8,4.952302831525306e-8,2.252132388264487e-9,2.3311190674561264e-8,7.09627107958269e-8,1.6340478021401974e-8,5.7092469152674744e-8,0.0,6.943778897945173e-9,3.200380289589644e-7,1.4127394966920595e-7,2.1608149997615547e-7,6.783680783441356e-8,7.651075411142068e-9,2.357973984023456e-7,8.490402839428968e-8,7.503872567519746e-8,2.271958261146513e-8,1.7917072699872577e-7,1.0325513432889591e-7,0.0,5.8391212759851556e-8,1.0983154264991871e-8,9.667798594285484e-9,1.614060698066214e-7,8.582036583462091e-8,2.363216844904623e-8,1.5601922762419896e-9,1.2997807764389478e-9,7.004551852653393e-9,4.918839556748805e-8,9.381504443758569e-9,3.193259198774876e-7,5.637519471617728e-8,1.1396898522314939e-7,2.245359339100359e-7,1.7516869130695366e-9,1.622153468948071e-8,7.811220664446691e-8,1.9752112028340136e-9,1.1114042169080928e-8,1.122490485370937e-8,6.300710943088837e-8,2.3845887079961663e-9,8.984005519273703e-9,1.1466236157961524e-8,6.286659867018138e-8,2.366277900634651e-9,9.257680151207221e-9,1.1618890905893394e-8,6.358447332372181e-8,2.245174292185678e-9,9.331193653717881e-9,1.1838832963832132e-8,6.425644276562405e-8,2.4430206074308913e-9,8.98788556579073e-9,1.144909185687218e-8,6.255390044777961e-8,2.1674464582188046e-9,8.890732640968152e-9,1.0245256321024027e-8,5.674271126108474e-8,2.0756001507972195e-9,8.578356405316412e-9,9.644724787590529e-9,5.847024372433211e-8,1.9805430169648494e-9,7.794971966546347e-9,1.0183059422387026e-8,6.267495269363457e-8,1.8540683348412472e-9,8.66022581521836e-9,1.4263307616097688e-8,7.443153082248543e-8,1.918159547158783e-9,1.0879985842812323e-8,1.0835066475011456e-8,1.1982661760175077e-8,6.248728291242247e-8,2.062855069569741e-9,9.17293082307424e-9,4.64718764799122e-6
t194,8.58917523724607e-9,5.069633155224275e-8,2.4488027191128636e-8,9.398454816116923e-8,2.191742768009189e-7,1.6798311198695505e-9,4.9674345363179345e-8,1.0995292859749758e-7,1.020260982552764e-7,1.0080632057279631e-7,0.0,3.442616566825594e-8,2.8457749566110104e-9,4.348288847919548e-8,4.8793440792411704e-8,2.189312760313054e-9,2.2932087412601946e-8,6.785116527351272e-8,1.5949576556772724e-8,5.550642555676204e-8,0.0,7.0705373884178144e-9,3.2171936612426987e-7,1.4177308416008983e-7,2.1884987671174157e-7,6.902177260305998e-8,7.84642434300936e-9,2.387310097881796e-7,8.593757770066493e-8,7.529774314694634e-8,2.309457116019732e-8,1.8191548771163848e-7,1.0438892346824042e-7,0.0,5.785980532534693e-8,1.1213068525338386e-8,9.639966530569699e-9,1.6033661049847786e-7,8.509441730039457e-8,2.3670940631582512e-8,1.565949757134105e-9,1.3069933492384792e-9,7.087814515215492e-9,4.924846638195894e-8,9.490313008233392e-9,3.26413286847393e-7,5.647939138708743e-8,1.137376679677919e-7,2.2370898771286045e-7,1.7612569163751824e-9,1.5776862154463838e-8,7.768124359111105e-8,1.97117404081866e-9,1.0673566482131637e-8,1.095333901529999e-8,6.207454219019557e-8,2.3416417748349683e-9,8.659895618945077e-9,1.1246006665106245e-8,6.203264962106411e-8,2.335793771236207e-9,8.955284398774025e-9,1.1410234823497115e-8,6.282442642468209e-8,2.217914048281844e-9,9.057928265796174e-9,1.15646285607941e-8,6.353844165606341e-8,2.4155166766503892e-9,8.736580545495062e-9,1.1330070962305079e-8,6.221759888650133e-8,2.148317178072e-9,8.744378271554778e-9,1.0427073358776015e-8,5.726476183270069e-8,2.075897807162292e-9,8.681744717239259e-9,9.901142479114845e-9,5.941791118011155e-8,1.9728312550039022e-9,7.869639065013395e-9,1.0284479823783752e-8,6.371380908499042e-8,1.8554349340385777e-9,8.682513128346447e-9,1.4146762552203246e-8,7.451484031463971e-8,1.8986931053324375e-9,1.0879017578365252e-8,1.0737440264228831e-8,1.2157374346905968e-8,6.381777892349658e-8,2.040812286031743e-9,9.047499543041235e-9,4.641605524473415e-6
t195,8.539685923667803e-9,4.989232259350963e-8,2.438117959107773e-8,9.383868013917396e-8,2.156434467274224e-7,1.6731749877725213e-9,4.784825338603657e-8,1.0942904592947561e-7,9.983444015705383e-8,9.612213047425978e-8,0.0,3.4045356800902255e-8,2.906413442509999e-9,4.242685729894609e-8,4.81181976759647e-8,2.1648392087461527e-9,2.2567761820768915e-8,6.43381751752066e-8,1.5575170476142108e-8,5.38096044053519e-8,0.0,7.207584690163994e-9,3.2245655302434657e-7,1.4219049388513778e-7,2.2147842289732676e-7,7.023910925376643e-8,8.034392243119554e-9,2.396643318395973e-7,8.701815819072398e-8,7.596290639378822e-8,2.3631870248473797e-8,1.8402996739003443e-7,1.0549072970523776e-7,0.0,5.686622133855672e-8,1.12756990590385e-8,9.55902761774179e-9,1.5847559126380616e-7,8.319477716993173e-8,2.361049561641497e-8,1.5809031868234721e-9,1.3165858152497827e-9,7.1547666831693315e-9,4.898907210865179e-8,9.643227283097587e-9,3.335644616293356e-7,5.6217928110600054e-8,1.1303696200143729e-7,2.2045672691205928e-7,1.771875098580977e-9,1.54314555995761e-8,7.725776445499818e-8,1.969621041797237e-9,1.0398394622995975e-8,1.0705615118454065e-8,6.103867420936282e-8,2.3248870653157074e-9,8.371617120582003e-9,1.1059751192322672e-8,6.112054863623413e-8,2.322081008022306e-9,8.663340545005076e-9,1.1217173937602755e-8,6.201644238514832e-8,2.2058166997960242e-9,8.79130903438953e-9,1.1316207437738084e-8,6.273296138330302e-8,2.397560329745763e-9,8.483480577072803e-9,1.1202724116103803e-8,6.183098128903846e-8,2.133861109522248e-9,8.594752872874242e-9,1.0570807760298461e-8,5.7756579369100404e-8,2.074248221028728e-9,8.783875503592313e-9,1.0169066474216571e-8,6.021532619969721e-8,1.992686502914219e-9,7.959696969859887e-9,1.0402367743578847e-8,6.45963546846885e-8,1.872252293797023e-9,8.730094542284981e-9,1.381091608207755e-8,7.413157668068175e-8,1.876120501673551e-9,1.0570716833815904e-8,1.0624993110486313e-8,1.233002164451187e-8,6.505355479595966e-8,2.014265134570335e-9,8.938931466917303e-9,4.625335051172953e-6
t196,8.604097583804737e-9,5.0062043816417245e-8,2.459063612429631e-8,9.423520882070442e-8,2.1494673343101728e-7,1.6773518576783954e-9,4.6253817874727844e-8,1.088700713371915e-7,9.813116937367929e-8,9.311989983469117e-8,0.0,3.3677967417686185e-8,2.7389554583818787e-9,4.19965009013723e-8,4.7571258191698345e-8,2.0943227583920835e-9,2.234601854418383e-8,6.258643999273568e-8,1.5379519047205548e-8,5.23398627304858e-8,0.0,7.37877909109578e-9,3.253876632301867e-7,1.4297092765123378e-7,2.2473345735645065e-7,7.249263900110131e-8,8.377565744206259e-9,2.424092229742683e-7,8.825859753738793e-8,7.809837582440135e-8,2.4440357180616545e-8,1.8822576327383344e-7,1.0743467739654392e-7,0.0,5.602331264748432e-8,1.1409750771493757e-8,9.522381303555702e-9,1.5746978663999884e-7,8.371788649984184e-8,2.3642797676801775e-8,1.574719595883443e-9,1.3078832274603547e-9,7.21109642329963e-9,4.857205000162223e-8,1.0111768331645563e-8,3.414422674733945e-7,5.606626401290477e-8,1.1205279515027671e-7,2.137681635374962e-7,1.7801097048576565e-9,1.550404409232739e-8,7.743998349150534e-8,1.9763387685112295e-9,1.0491894395878071e-8,1.0661125183892441e-8,6.049505539296568e-8,2.299385742318783e-9,8.392392602443423e-9,1.1058866598443218e-8,6.079627988902658e-8,2.290957932432916e-9,8.708171706933783e-9,1.117721498877394e-8,6.161271002499642e-8,2.1827202755971774e-9,8.813070040346831e-9,1.1279364587183038e-8,6.23944809956315e-8,2.3639183132428354e-9,8.547668950277725e-9,1.120219507154281e-8,6.16469990300963e-8,2.1183973326698676e-9,8.63998439918211e-9,1.0924932399136778e-8,5.8618833572855734e-8,2.0489484899766306e-9,9.000988597190025e-9,1.0529023383270458e-8,6.138824774639842e-8,1.9931035120649983e-9,8.311496784496602e-9,1.0725031275608095e-8,6.604919178806579e-8,1.8716821784881613e-9,9.203871853882867e-9,1.3746900093253288e-8,7.426644159657793e-8,1.8093745851414636e-9,1.083035456300795e-8,1.0619520561281736e-8,1.2616368767361685e-8,6.621957074435348e-8,1.972947640700595e-9,9.068961007394502e-9,4.641011945302419e-6
t197,8.60117806907069e-9,5.0159797238283635e-8,2.484268171458944e-8,9.453038404298854e-8,2.1416542038170992e-7,1.6990435887871156e-9,4.42518617472872e-8,1.0797744778935249e-7,9.625040732716536e-8,8.977218554531187e-8,0.0,3.3224566567410856e-8,2.7036346064924136e-9,4.14585765548312e-8,4.6911544037212305e-8,2.0523174790126145e-9,2.2101416275261816e-8,5.6874822552157e-8,1.5323571028208256e-8,5.030182652490092e-8,0.0,7.489812705313715e-9,3.2734462630586933e-7,1.4367988395220927e-7,2.2795013293073063e-7,7.446768234448683e-8,8.779136137799637e-9,2.429318002026346e-7,8.92108391859068e-8,8.036877991318814e-8,2.5320895520850153e-8,1.9187856856937665e-7,1.0937456182805175e-7,0.0,5.52214403892288e-8,1.1694190602867931e-8,9.572301677198674e-9,1.566433492093321e-7,9.117956608904995e-8,2.3662550479437827e-8,1.572352233948222e-9,1.299040337495139e-9,7.243962293420085e-9,4.751476601783671e-8,1.1579924295797386e-8,3.481738304894971e-7,5.778551220844913e-8,1.0950575198321162e-7,2.0606579629585446e-7,1.792427605994579e-9,1.5601807141508498e-8,7.755935365032622e-8,2.0032966869942736e-9,1.0601268807448946e-8,1.0642382260471396e-8,5.983536178141669e-8,2.2537989956600624e-9,9.161895975289274e-9,1.1242703289739235e-8,6.04062851371124e-8,2.2445782283822443e-9,9.670268685766966e-9,1.119567556301335e-8,6.120990217852104e-8,2.142033730019388e-9,9.74493859338053e-9,1.1311903123409777e-8,6.19972907486191e-8,2.319702124747744e-9,9.484389171140055e-9,1.1252593983748728e-8,6.144995050578786e-8,2.0884445833661486e-9,9.561761557571119e-9,1.1335899257790784e-8,5.952501632717058e-8,1.976739151477482e-9,9.146960669840014e-9,1.1027659692112674e-8,6.241733461607281e-8,1.9774549110843504e-9,9.523341582160321e-9,1.1083301645159672e-8,6.742450221559051e-8,1.859046887771674e-9,1.059527337417472e-8,1.3978943703483667e-8,7.397269047443163e-8,1.7737928707620653e-9,1.2077709230286216e-8,1.0464375199018869e-8,1.3813457446267982e-8,6.629978759135609e-8,1.951426570907552e-9,9.769481944199934e-9,4.659481946739632e-6
t198,8.590898706967617e-9,5.024385925344757e-8,2.5726982508333476e-8,9.407404967048822e-8,2.1207126703814857e-7,1.6738635124072614e-9,4.216300148805876e-8,1.0735980880855094e-7,9.460681623306535e-8,8.478899646993935e-8,0.0,3.28799131282194e-8,2.63122576526493e-9,4.033390509690158e-8,4.636587898768076e-8,2.0102532948977357e-9,2.1578124529651637e-8,5.7031710890964865e-8,1.4778551945196145e-8,4.824562486313776e-8,0.0,7.449535366700876e-9,3.256468581690086e-7,1.4345287158994613e-7,2.2948173312033816e-7,7.529898155117895e-8,8.749119528787597e-9,2.3849049826620564e-7,8.962648969845561e-8,8.14210379014046e-8,2.6061361742077647e-8,1.9256982548318294e-7,1.09986172069497e-7,0.0,5.445877069801301e-8,1.1741202045173487e-8,9.513634895166282e-9,1.5560312934950455e-7,8.051088451278777e-8,2.3875273922867084e-8,1.6327100439266251e-9,1.3490907303875117e-9,7.524404325451272e-9,5.238164258743955e-8,1.0370297717002527e-8,3.551714466730664e-7,5.8153642933047804e-8,1.0844403664676097e-7,2.2337825841701376e-7,1.8039376921849973e-9,1.5875661269525014e-8,7.816755993373671e-8,1.9566082189059323e-9,1.087425564284357e-8,1.0392776486163203e-8,5.859295004188703e-8,2.2334557784631196e-9,7.910996425090765e-9,1.0641720538906608e-8,5.9460584562650124e-8,2.2348508870164423e-9,8.330677809424047e-9,1.0998693421125613e-8,6.0393098465999e-8,2.125188492988901e-9,8.420265142948778e-9,1.1144245312256536e-8,6.110234398979306e-8,2.302628764331951e-9,8.23060461820229e-9,1.1143065687828109e-8,6.093393471033507e-8,2.074357072561883e-9,8.402330199333808e-9,1.1263907961622151e-8,6.01754656761926e-8,2.143515425005208e-9,8.8974658513889e-9,1.0825785346292058e-8,6.28698258790396e-8,2.015555206873581e-9,8.340842899811472e-9,1.1125774332456985e-8,6.82485367088637e-8,1.8875746011944543e-9,9.494881126722126e-9,1.4152785002917637e-8,7.573033210406154e-8,1.946721371044001e-9,1.1342676555268847e-8,1.0756936910503936e-8,1.3238950952110045e-8,7.18800613979432e-8,2.245519140672138e-9,9.186842317114153e-9,4.653014390107316e-6
t199,8.556090211588618e-9,4.988169263922636e-8,2.5830020674303752e-8,9.408278505700481e-8,2.0942370037266642e-7,1.6625111447005177e-9,3.990082750176338e-8,1.0668499433746625e-7,9.287888511530272e-8,7.971204546138047e-8,0.0,3.244176960268853e-8,2.5641437906598787e-9,3.921014809284962e-8,4.577199672642877e-8,1.9048197215551393e-9,2.115703805590376e-8,5.311596642245407e-8,1.4125205517023002e-8,4.6144608042126053e-8,0.0,7.444769846215486e-9,3.24359295256367e-7,1.4411131754375015e-7,2.3305689366457162e-7,7.56572558612719e-8,8.84708604809657e-9,2.3144742848265423e-7,9.051185971418302e-8,8.274199761274523e-8,2.6837600844918783e-8,1.9359420221437821e-7,1.1154724786234623e-7,0.0,5.3127299471854046e-8,1.1427886901604563e-8,9.580309655290479e-9,1.544463270825945e-7,7.997507836222274e-8,2.3486778919558147e-8,1.5271986313716366e-9,1.2715533755867087e-9,7.592243792669386e-9,5.056218776729526e-8,1.025522234431695e-8,3.62269655364959e-7,5.6150980927242234e-8,1.0497320166852794e-7,2.112490624292227e-7,1.7749298716925416e-9,1.584891320959838e-8,7.811089910922798e-8,1.968538373501321e-9,1.0651618628158715e-8,9.993444396145191e-9,5.757165281238689e-8,2.184648724032602e-9,7.429015278442621e-9,1.0324895770362307e-8,5.8763110062309355e-8,2.199917768775128e-9,7.81653962142466e-9,1.0600885347658582e-8,5.981866553177535e-8,2.1024567648256623e-9,7.94918272863416e-9,1.0734105651409843e-8,6.045498452196905e-8,2.2804404041233772e-9,7.76928637251406e-9,1.0776231431596084e-8,6.063046091359032e-8,2.05135907352176e-9,8.013448514804597e-9,1.1134472179952974e-8,6.100279808101982e-8,2.0991747329412554e-9,8.754719125687567e-9,1.0823818657841908e-8,6.3483140955727e-8,2.0000893089089487e-9,8.182505839714206e-9,1.1064504937669189e-8,6.930039884174056e-8,1.8871593996614297e-9,9.40139851421988e-9,1.3957054586034172e-8,7.553661424152278e-8,1.9990069923746107e-9,1.1241791801015782e-8,1.047452605107294e-8,1.3177132678576123e-8,7.299790986356031e-8,2.3091636227318127e-9,9.18019651712186e-9,4.610928397944482e-6
t200,8.784622708219063e-9,5.313090523600673e-8,2.7695350438495808e-8,9.64637145432474e-8,2.183323295937024e-7,1.6852840042319923e-9,3.895989420246426e-8,1.0728415156117493e-7,9.509603889822374e-8,7.811208701911445e-8,0.0,3.227233843795513e-8,2.546537903059726e-9,3.946867642496104e-8,4.588124694128573e-8,1.911091485831893e-9,2.1313268811987468e-8,5.195241701716787e-8,1.447744108435981e-8,4.604820057466179e-8,0.0,7.90092283945652e-9,3.341922439036434e-7,1.4594001498852093e-7,2.3759535197751412e-7,7.977144850371833e-8,9.372701227632843e-9,2.3429798839139956e-7,9.346388869048743e-8,8.788667853447839e-8,2.8838697762915085e-8,2.0295386885643015e-7,1.1713072183664111e-7,0.0,5.503728437729276e-8,1.1977252986005459e-8,9.782030156861955e-9,1.5904946866504076e-7,8.306328231104783e-8,2.3644505629005517e-8,1.5923978162790939e-9,1.31002652348658e-9,7.859516461487517e-9,5.098780038601597e-8,1.0591176991078146e-8,3.778652917985623e-7,5.634005288694387e-8,1.030358385782713e-7,2.084728800336293e-7,1.7804613760952619e-9,1.69344245825368e-8,8.01396833632384e-8,1.988159730250429e-9,1.1189359684708919e-8,1.0275998907141024e-8,5.736508391232886e-8,2.153857502079633e-9,7.24121547122028e-9,1.0741105045900119e-8,5.896295385097014e-8,2.1758092710875804e-9,7.674509382543814e-9,1.0983904149853555e-8,6.003304920537932e-8,2.082024244643031e-9,7.820141444513428e-9,1.1206275276208136e-8,6.0637690908947e-8,2.2572642015973273e-9,7.64355090183996e-9,1.1249032338828221e-8,6.096679103733637e-8,2.043459241677477e-9,7.915543760690494e-9,1.1864200110802983e-8,6.263297516407889e-8,2.0788795815006644e-9,8.919484321682957e-9,1.1614491654482635e-8,6.504485541127836e-8,2.0041066551983994e-9,8.306791786804045e-9,1.1747888112274941e-8,7.154466061793074e-8,1.8843417777298928e-9,9.743975350573202e-9,1.4563908695528715e-8,7.702449684852385e-8,1.9763678296754527e-9,1.1504577863317394e-8,1.0443210003932819e-8,1.3771959130380843e-8,7.583348431520564e-8,2.2870689030198872e-9,9.039205253385077e-9,4.718661208178921e-6
t201,8.929939499504397e-9,5.56439598995519e-8,2.9311874853302342e-8,9.826243043741334e-8,2.2491601235653093e-7,1.6985776282460174e-9,4.259464547035524e-8,1.1317498855617424e-7,1.0134298660725691e-7,8.758981642848373e-8,0.0,3.332420013689067e-8,2.6792789419337416e-9,4.2373494877116014e-8,4.799790637427009e-8,1.9434802503458075e-9,2.2761589240212145e-8,5.579011102955973e-8,1.475364309090449e-8,4.529348553263365e-8,0.0,8.412547227051137e-9,3.424030523035528e-7,1.4764178331058e-7,2.420986333587556e-7,8.3472175664016e-8,9.803574681528297e-9,2.318085813710897e-7,9.662219165559143e-8,9.311626790921074e-8,3.1133938955699075e-8,2.1238356245871374e-7,1.2358988049432139e-7,0.0,5.612891764863924e-8,1.246006286825346e-8,9.89607537392353e-9,1.619543564026852e-7,8.499069888179556e-8,2.3870331534638244e-8,1.630177005690795e-9,1.3352325613505018e-9,8.64441226772445e-9,5.753162344420893e-8,1.2113410425078443e-8,4.200410281666278e-7,6.241766142797987e-8,1.0818169120782488e-7,2.2511759141722134e-7,1.9035141427194448e-9,1.8001620905253233e-8,8.216643535762189e-8,1.994852499594448e-9,1.1579148453955109e-8,1.1020123116551902e-8,6.024732281839458e-8,2.255848463297933e-9,7.661580907291256e-9,1.1658661525120018e-8,6.243633643982702e-8,2.291614016143681e-9,8.207810970249118e-9,1.1748954642075095e-8,6.251290571050203e-8,2.1649987276060444e-9,8.16724632160687e-9,1.2009168694389566e-8,6.30488967668501e-8,2.354629085447597e-9,7.94256193117157e-9,1.1714962157441588e-8,6.136798803917041e-8,2.0798928256945265e-9,7.790724490540622e-9,1.2594614847982576e-8,6.436362872324502e-8,2.1279686467224383e-9,9.025893806371693e-9,1.2405706148297874e-8,6.650390076812342e-8,2.0652316483908537e-9,8.288442260184963e-9,1.2440161503915775e-8,7.384885941539283e-8,1.940588315751452e-9,1.000519519816773e-8,1.5239833983321573e-8,7.827167718109748e-8,1.954250550635352e-9,1.1724977695581911e-8,1.1448240941449132e-8,1.5247168013131067e-8,8.329161650550906e-8,2.3210105232974565e-9,9.728860685372013e-9,4.9383475076048945e-6
t202,9.105362932592494e-9,5.8325732648698584e-8,3.093474162636047e-8,1.0019437869831273e-7,2.322081765297333e-7,1.6982565152213241e-9,4.64439082018003e-8,1.1909077480774858e-7,1.0798675333941808e-7,1.0004304723858338e-7,0.0,3.420303087354247e-8,2.7699653086896095e-9,4.768200770576916e-8,5.1107702340831236e-8,2.0754020312108748e-9,2.5084190900833538e-8,6.42192818189874e-8,1.7080034428802898e-8,5.2459453152860895e-8,0.0,1.0712996236080679e-8,4.025263367747647e-7,1.5484559506516907e-7,2.5212898341284453e-7,1.0784706366638936e-7,1.2119548233364163e-8,2.7461205778690223e-7,1.1150099704006244e-7,9.987781658534439e-8,3.383569988984145e-8,2.2330446347909947e-7,1.307727889651712e-7,0.0,5.725342467744778e-8,1.3012771450066124e-8,9.988733468556419e-9,1.648823147182614e-7,8.69932237724646e-8,2.4106722579807336e-8,1.6603562293299198e-9,1.3552541636103937e-9,9.509409566938134e-9,6.654898493465995e-8,1.4187004084325852e-8,4.735190765315164e-7,7.06434096693524e-8,1.1348998413280499e-7,2.4470099246855085e-7,2.0212029367018054e-9,1.936046047437446e-8,8.435163669044677e-8,1.991538160475352e-9,1.224832178036661e-8,1.1966551307929884e-8,6.378744261156867e-8,2.2969415258918428e-9,8.315066839350727e-9,1.280793322458411e-8,6.687249380652074e-8,2.3419558254361438e-9,9.050619088911797e-9,1.2856624964437987e-8,6.691376967519082e-8,2.207902022998575e-9,8.974697103891419e-9,1.3218041025358626e-8,6.735120524963267e-8,2.4056045004726777e-9,8.699685126588148e-9,1.2902044955094348e-8,6.58308212275484e-8,2.128675810265668e-9,8.597055916260012e-9,1.4361668403946575e-8,7.102553535479437e-8,2.2060081919316863e-9,1.043943294436678e-8,1.421046191286464e-8,7.32265627790188e-8,2.1371810295532274e-9,9.542982364808103e-9,1.337034892849981e-8,7.680461514878626e-8,1.9509300684898855e-9,1.0578531636620463e-8,1.597103283221207e-8,7.970936490182675e-8,1.9342186621314577e-9,1.1977647384810069e-8,1.282645751044978e-8,1.7124176396867657e-8,9.312675316500358e-8,2.3437900847994543e-9,1.0752876913348823e-8,5.383767079148153e-6
t203,9.142102301125632e-9,6.017552596824936e-8,3.2960702529662636e-8,1.0166877395836081e-7,2.3667901707825516e-7,1.8039150037092238e-9,5.0976979621609254e-8,1.2579780377116788e-7,1.1561545251811701e-7,1.1612075189577093e-7,0.0,3.516994485367067e-8,2.892348876986989e-9,5.458449607152385e-8,5.4717775755141286e-8,2.218458630175863e-9,2.8008488197417336e-8,7.537426536786905e-8,2.0367769318684324e-8,6.23101703624323e-8,0.0,1.4783713021675894e-8,4.871165142811597e-7,1.6284252280954267e-7,2.630924040198718e-7,1.526263634429032e-7,1.5781382065725502e-8,3.364013094209508e-7,1.3193411562631105e-7,1.0711885602130655e-7,3.690654248066326e-8,2.3445382948767345e-7,1.3839682796598557e-7,0.0,5.8889442934580487e-8,1.34268348127769e-8,1.010610411575708e-8,1.6833709876707115e-7,8.91644471184681e-8,2.4392417706226404e-8,1.6630361697564472e-9,1.3554104440107654e-9,1.0552543794291685e-8,7.884385362543271e-8,1.6835052864852904e-8,5.417805828334697e-7,8.13463252239823e-8,1.189490613388715e-7,2.6749485470493507e-7,2.1504668882449336e-9,1.998384748049848e-8,8.462447778094462e-8,2.061641698803145e-9,1.1488630481328847e-8,1.3063865606820351e-8,6.758713751424931e-8,2.358389841096982e-9,9.018596421223304e-9,1.4200345216427966e-8,7.180202734636714e-8,2.4123462900586567e-9,1.0012725895313812e-8,1.42098723170838e-8,7.191414232123778e-8,2.266221495958925e-9,9.92378236897107e-9,1.4709802801673658e-8,7.219955139358767e-8,2.479246773159729e-9,9.571347476389599e-9,1.4371204018844889e-8,7.097232395862585e-8,2.189276109933764e-9,9.589597146428534e-9,1.6771723831433837e-8,7.922024139158684e-8,2.3008975047870495e-9,1.2356397974533264e-8,1.658883897950714e-8,8.130204025705403e-8,2.22704262777055e-9,1.1184102515626136e-8,1.4409766956573069e-8,7.983929657447775e-8,1.966414136590784e-9,1.1213481362542751e-8,1.688006525238588e-8,8.125077998335665e-8,1.9229516093345214e-9,1.2322071313750057e-8,1.4460279822800309e-8,1.930280107518494e-8,1.0536875326360785e-7,2.3749928958476534e-9,1.1921740853330036e-8,5.951521736003536e-6
t204,9.370207624331168e-9,6.415581735483012e-8,3.527516908107768e-8,1.0407286304479338e-7,2.469193414126605e-7,1.8220007771868084e-9,5.65315454287593e-8,1.334530486720709e-7,1.245490994255567e-7,1.3842957710077644e-7,0.0,3.6210483301369866e-8,3.0356216753153056e-9,6.405524060515866e-8,5.891124405598626e-8,2.3902358779862078e-9,3.173899502672302e-8,9.102585281043472e-8,2.5414063575713132e-8,7.701291400531605e-8,0.0,2.386722113758455e-8,6.163036059620795e-7,1.7174920426313866e-7,2.75142111402312e-7,2.620010634076053e-7,2.2712034252201274e-8,4.4128456608440904e-7,1.6250713111946723e-7,1.1510707256676311e-7,4.055882913671491e-8,2.472074409991967e-7,1.4710152689913994e-7,0.0,6.077383558298273e-8,1.3535932658278866e-8,1.0283855675143525e-8,1.7272788662021051e-7,9.251774283991219e-8,2.4390671646359272e-8,1.6415963533865168e-9,1.3446640741182063e-9,1.2020258935825564e-8,9.716908615133242e-8,2.039447759564495e-8,6.34503617631039e-7,9.557977770439109e-8,1.2594024869244147e-7,2.973777737614895e-7,2.344937070313857e-9,2.1837137128397823e-8,8.671600204856417e-8,2.0573673990794703e-9,1.2165730819771388e-8,1.434870553845809e-8,7.180958888964667e-8,2.435665409605181e-9,9.797853834313458e-9,1.5910155314059463e-8,7.762904829386337e-8,2.4898701354911704e-9,1.1201983751037583e-8,1.583738167838906e-8,7.770781922241416e-8,2.3341641219479866e-9,1.1028424455966642e-8,1.6558629774058876e-8,7.782912855581561e-8,2.5580147678625912e-9,1.0619125377906207e-8,1.6192380444597912e-8,7.697435427319835e-8,2.257623190944443e-9,1.0798650126201155e-8,1.9890173103893323e-8,8.954513291430792e-8,2.401504290215866e-9,1.5065556156779576e-8,1.9744565628303202e-8,9.138206998671891e-8,2.320419620515408e-9,1.3432997895073123e-8,1.5497957270835377e-8,8.288811466166096e-8,1.99113918624179e-9,1.1744239488053895e-8,1.7861824430633878e-8,8.291134190388621e-8,1.9499578998142863e-9,1.2566680193737998e-8,1.6417097027987592e-8,2.1531071543716827e-8,1.2100239784560408e-7,2.473338459593684e-9,1.3124532316515012e-8,6.797298407455207e-6
t205,9.457176562066802e-9,6.658627861386569e-8,3.695933399240836e-8,1.0569005038352195e-7,2.527296687443073e-7,1.8314099621031524e-9,6.35241389570527e-8,1.419870710785147e-7,1.3491714958376534e-7,1.7169145515651783e-7,0.0,3.730267417887956e-8,3.2230485564733388e-9,7.802649747251237e-8,6.381887204391569e-8,2.6057743983402997e-9,3.666861103282257e-8,1.1539995083344462e-7,3.39421566519613e-8,1.0153720712248071e-7,0.0,2.7146448670611255e-8,6.348306021151356e-7,1.7326171724599418e-7,2.805063095445863e-7,3.0310107729371937e-7,2.531365794258531e-8,4.372338420430237e-7,1.7020593528708785e-7,1.2317139280439045e-7,4.432300542971086e-8,2.5868583232915284e-7,1.5526195321863397e-7,0.0,6.548783269796452e-8,1.445236760525386e-8,1.0551024274851225e-8,1.7965451864419108e-7,9.680962237944565e-8,2.4806788205170376e-8,1.7073723619238096e-9,1.3905881675770209e-9,1.368072830490866e-8,1.259653142158256e-7,2.551487691405562e-8,7.611907753308108e-7,1.1513410025604399e-7,1.331652441854381e-7,3.343400277193398e-7,2.5257769038213157e-9,2.323269434835498e-8,8.802547087857544e-8,2.0507306477654624e-9,1.2471068507206785e-8,1.5908999873252012e-8,7.681506482470829e-8,2.4981315119679196e-9,1.0728048545068278e-8,1.8081693422653315e-8,8.47506996530302e-8,2.5599205500952496e-9,1.2813868594620066e-8,1.7903269800152285e-8,8.476485780200279e-8,2.3980910910941503e-9,1.2500630419878088e-8,1.8972121161743216e-8,8.472622529945787e-8,2.6296118234095548e-9,1.2066497465333577e-8,1.847183280546549e-8,8.413438743708829e-8,2.331237525506341e-9,1.2285828382450428e-8,2.159975016456067e-8,9.276202434214015e-8,2.431864968693675e-9,1.522487920163381e-8,2.1605340258901192e-8,9.379694378698635e-8,2.3427125799840036e-9,1.3750223222144668e-8,1.639372783645784e-8,8.555700799851398e-8,2.0053806014788915e-9,1.2288854160017295e-8,1.9248500922993626e-8,8.458610042834645e-8,1.9540588703902567e-9,1.2830423190463655e-8,1.8584323818617444e-8,2.4530429744467865e-8,1.4131328814416758e-7,2.5328855367168357e-9,1.4217491400564242e-8,7.399994450965328e-6
t206,9.381947578695658e-9,6.542256716592841e-8,3.6915187703198554e-8,1.0553048804723325e-7,2.487720994025174e-7,1.8304283072300232e-9,7.212215877560104e-8,1.5146958404449432e-7,1.47071995642235e-7,2.2167517163479996e-7,0.0,3.850684479969913e-8,3.398892824811585e-9,9.887033030998794e-8,6.962624866828344e-8,2.8504830080478656e-9,4.2623972660535234e-8,1.5193355595575123e-7,5.0216847094358914e-8,1.485173851044726e-7,0.0,2.6981868005592198e-8,6.291909452477753e-7,1.7368521873803424e-7,2.848195295801825e-7,3.10243330094354e-7,2.6171793483957265e-8,4.1289751899485925e-7,1.713222859687782e-7,1.261268029721031e-7,4.6074577447233815e-8,2.597498417630853e-7,1.576043079633577e-7,0.0,7.095131067492936e-8,1.4932444874800067e-8,1.0721520499683685e-8,1.8832521572609202e-7,1.0297578083275157e-7,2.5084114521541484e-8,1.706316208422595e-9,1.3926690761356228e-9,1.5877069020616232e-8,1.8226964912226624e-7,3.562306516895848e-8,9.361136187310759e-7,1.4049902988625562e-7,1.421704126359793e-7,3.8073154608981624e-7,2.730370446916048e-9,2.2792940900261826e-8,8.760383155980872e-8,2.05466548082971e-9,1.2299928759759297e-8,1.742464718000999e-8,8.15327620786887e-8,2.573881694792918e-9,1.1159217604135715e-8,2.0303837428739112e-8,9.202359558265863e-8,2.6585412989069207e-9,1.3794010684019475e-8,2.0187018417039702e-8,9.222948292657531e-8,2.4835630513965636e-9,1.3614458220597916e-8,2.1600543147726036e-8,9.17455824774392e-8,2.73526320172285e-9,1.294413969660589e-8,2.1226857602364095e-8,9.188897244907605e-8,2.4236098023832314e-9,1.3642758483913518e-8,2.12807829589001e-8,9.38542221859733e-8,2.4577200700787966e-9,1.456564443058314e-8,2.11910117157677e-8,9.375137867852229e-8,2.364954351949387e-9,1.2806438535418239e-8,1.6367405881457415e-8,8.629296628418432e-8,2.0208189361572687e-9,1.195460375953067e-8,2.0976749199142918e-8,8.669096608581901e-8,1.973507934876748e-9,1.3370777119104321e-8,2.141505912749945e-8,2.8408218071269665e-8,1.691848701668156e-7,2.6277803022591654e-9,1.5876549514691867e-8,8.036084877542886e-6
t207,9.324277116542188e-9,6.446371568299954e-8,3.679035085722119e-8,1.0551903263362276e-7,2.4566261804648825e-7,1.8115979015095388e-9,8.387323102997246e-8,1.6275293159209143e-7,1.6156826397529643e-7,3.2531077420882046e-7,0.0,3.979100562525387e-8,3.487125697962643e-9,1.3967754017780634e-7,7.670871490142105e-8,3.0325537799450745e-9,5.227717645500985e-8,2.3605229626125375e-7,1.1087847910841983e-7,2.881272550605824e-7,0.0,2.677765273921548e-8,6.27308380803332e-7,1.738892698575369e-7,2.892019730181572e-7,3.2265712473570307e-7,2.7338983444821634e-8,4.000831622904013e-7,1.7513004517760953e-7,1.3005318691924605e-7,4.8468393233001145e-8,2.622211188862248e-7,1.6137483911156835e-7,0.0,7.712539135294846e-8,1.548566698465472e-8,1.1054596573776971e-8,1.9731306094364557e-7,1.0989290945546266e-7,2.5299996311211955e-8,1.7045109161372424e-9,1.3900360313254572e-9,2.0311871610997752e-8,4.231926989511592e-7,7.415333834049713e-8,1.3830497638638888e-6,2.2196190029964907e-7,1.63508150268977e-7,4.959115075446418e-7,3.078855921999095e-9,2.2446359458081185e-8,8.740678585156072e-8,2.0398928916327163e-9,1.218847382441765e-8,1.9386493942837016e-8,8.772473394499894e-8,2.6278677831492234e-9,1.1929323244631987e-8,2.348666086682051e-8,1.0182787183394866e-7,2.7366273200039667e-9,1.5673716599275794e-8,2.3364223966699785e-8,1.0226864723442331e-7,2.5503298839557834e-9,1.557459656922739e-8,2.5395637963306673e-8,1.012600162775254e-7,2.8222815780694422e-9,1.461931147837708e-8,2.5118923741408806e-8,1.0244916262428017e-7,2.4881600871580246e-9,1.5937592182194467e-8,2.095949613817946e-8,9.57464595185752e-8,2.4415141581854955e-9,1.4175924870504154e-8,2.098610017876794e-8,9.467280823729502e-8,2.347602454914757e-9,1.2357805100876752e-8,1.6384982636902723e-8,8.784102871048711e-8,2.006822585192684e-9,1.1892197069785795e-8,2.2890314819962253e-8,8.882881981900391e-8,1.9795924013522845e-9,1.3889086451599358e-8,2.8373977182573246e-8,3.545454025938664e-8,2.175634762918152e-7,2.7325474128876287e-9,1.9562264074478563e-8,9.652458377220719e-6
t208,9.243528968026007e-9,6.351535134250577e-8,3.66865694317079e-8,1.0551481151138867e-7,2.431066918842514e-7,1.793615689247569e-9,1.013387381138328e-7,1.7607639593545845e-7,1.7947802397022583e-7,4.870366621059425e-7,0.0,4.0744045372874784e-8,3.5931496870247817e-9,2.016457578852108e-7,8.30301949058939e-8,3.18859852669155e-9,6.324717441307864e-8,3.9320692218594805e-7,1.2101883380196775e-6,8.768091364479755e-7,0.0,2.6796188571953642e-8,6.27827604953702e-7,1.7427598009369942e-7,2.9382681856025033e-7,3.3836762192279997e-7,2.8964360078946067e-8,3.9468787368282593e-7,1.7984689667893934e-7,1.3427929440511345e-7,5.119890644419236e-8,2.646805337176084e-7,1.6545638222634688e-7,0.0,8.490543531112255e-8,1.6646703514585285e-8,1.1392244424263865e-8,2.066438387766315e-7,1.1600582997457181e-7,2.5840515817575372e-8,1.7558924727640299e-9,1.4335102965963299e-9,2.2511562978854487e-8,7.095677941598404e-7,1.02463167365321e-7,1.7160550491757245e-6,2.566259800781233e-7,1.6733217589496398e-7,5.335450486673906e-7,3.1112258179845854e-9,2.2102359709924452e-8,8.719688953957103e-8,2.032706233419415e-9,1.2100964347209359e-8,2.1858573592899833e-8,9.499431088412776e-8,2.687796472315854e-9,1.2828731569147138e-8,2.71202566783092e-8,1.1040995307927159e-7,2.77941310152604e-9,1.726827795462488e-8,2.6993347125648047e-8,1.1097248229232056e-7,2.58687897342565e-9,1.725073799138165e-8,2.993025166359539e-8,1.0943156753682362e-7,2.8694739049687143e-9,1.598382357017721e-8,2.9932635886875875e-8,1.1187672719613134e-7,2.5273050037057e-9,1.8099855540431935e-8,2.0782030519686507e-8,9.763884790072649e-8,2.411165370819424e-9,1.389830547238613e-8,2.0886243585117476e-8,9.57520906451081e-8,2.320673176593512e-9,1.1978645689982794e-8,1.6430588820900245e-8,8.946075131490238e-8,1.985777637372165e-9,1.180450439468382e-8,2.517970252290267e-8,9.077086317872745e-8,1.9683037443277416e-9,1.4204744128177494e-8,2.99671956878455e-8,4.1096709973438146e-8,2.521416675505353e-7,2.7472485485059517e-9,1.9728477650815783e-8,1.2690477999821042e-5
t209,9.185307766840408e-9,6.294195915574942e-8,3.70857954562595e-8,1.0569077018879575e-7,2.418076370081187e-7,1.7983384681488033e-9,1.2500356794880045e-7,1.9118006861549604e-7,2.0205493179101911e-7,1.0138683060375354e-6,0.0,4.1883237143707303e-8,3.8345970023170874e-9,3.3470177726479974e-7,9.004747601462784e-8,3.427137263636469e-9,7.748498894466311e-8,1.0025429718411188e-6,1.072391609644189,1.0618560717717615e-6,0.0,2.7254932463687507e-8,6.30785970356698e-7,1.7469919543750839e-7,2.988161229108687e-7,3.5832889033463165e-7,3.1107212104382176e-8,3.969615667558718e-7,1.860517933337251e-7,1.3896552255686113e-7,5.445171630463111e-8,2.675249747206418e-7,1.7043978630698025e-7,0.0,9.261014445932663e-8,1.7127997181676337e-8,1.1743554844788852e-8,2.160953750349725e-7,1.2279411138658236e-7,2.6042518182401956e-8,1.739626323736529e-9,1.4237401915185877e-9,2.552499680567766e-8,1.625034287611113e-6,1.5856636230032337e-7,2.231393053898981e-6,3.064609931148288e-7,1.7679243687410717e-7,5.93636273930116e-7,3.1518910016533606e-9,2.1922341061752033e-8,8.687661688216237e-8,2.0533997132843216e-9,1.2080791213032605e-8,2.5416131176332466e-8,1.0301858164380789e-7,2.7830139120439932e-9,1.406949335791768e-8,3.264069143775166e-8,1.1984072845416195e-7,2.860707664946264e-9,1.9648337077842533e-8,3.2346336037081645e-8,1.202020063705578e-7,2.6525022855218528e-9,1.9503714906362757e-8,3.6570033485590115e-8,1.1801173601842554e-7,2.950146902511971e-9,1.7723387999857368e-8,3.371561780367604e-8,1.1350248262495293e-7,2.5455071485867943e-9,1.7904501809001734e-8,2.102097829112305e-8,9.922222381430567e-8,2.4016291307807577e-9,1.3837178676505678e-8,2.1233052765884288e-8,9.669158853510042e-8,2.3311219543338585e-9,1.1858719287142073e-8,1.682789317694681e-8,9.087795290866035e-8,1.996507077691618e-9,1.1939419861339097e-8,2.738258395516211e-8,9.295682021324465e-8,1.9634066531471945e-9,1.4686194716457154e-8,3.2284857342104906e-8,4.9219936609468984e-8,2.952606766615742e-7,2.766902140074712e-9,2.053441896969197e-8,1.0724064496970451
t210,9.150294428316474e-9,6.269959464578239e-8,3.767614986171345e-8,1.061151189095192e-7,2.4159248709053554e-7,1.7894865352042184e-9,1.571813809842372e-7,2.088148651162132e-7,2.3093470566039317e-7,1.2521225543155902e-6,0.0,4.198119025236509e-8,4.0151976771263336e-9,4.015171475120843e-7,9.18240414632957e-8,3.451565368334037e-9,8.194180934299555e-8,1.4261908475863333e-6,1.176232828004263e-6,6.639516446082861e-7,0.0,2.7561875950642847e-8,6.32426777716386e-7,1.750140921682156e-7,3.03687590733558e-7,3.7409120527981105e-7,3.320204114508894e-8,4.013883622568843e-7,1.9223425705594447e-7,1.4318920916532976e-7,5.783625260146391e-8,2.688076614787991e-7,1.7585859259385174e-7,0.0,9.252701256278445e-8,1.7076476061835076e-8,1.1786216698491673e-8,2.156683644029686e-7,1.224540841431044e-7,2.6044216171980432e-8,1.6939547209473334e-9,1.393968615519843e-9,2.9019490361175336e-8,3.060530763031926,3.409772070887984e-7,3.2609413479827362e-6,3.9319144150203397e-7,1.9150291698346383e-7,6.884844958383508e-7,3.1718732689172603e-9,2.1815183124245452e-8,8.677971985711936e-8,2.0509858519397738e-9,1.2072172815122196e-8,2.993074705251858e-8,1.125791353107235e-7,2.8045681910765433e-9,1.541984544332741e-8,3.678184187710901e-8,1.219841265117717e-7,2.8025085094898503e-9,1.9506124590758427e-8,3.619372638684289e-8,1.2231949185344772e-7,2.593018329897735e-9,1.9353301369752756e-8,4.1504713661685685e-8,1.1981447900664826e-7,2.8848964659987115e-9,1.740962711289585e-8,3.2104704411761106e-8,1.1149122246400313e-7,2.4537386848934832e-9,1.647798749849848e-8,2.1019425679290156e-8,1.0082011671843991e-7,2.272545316567301e-9,1.3794345817226162e-8,2.1389577004170836e-8,9.774742214230313e-8,2.267625174566442e-9,1.1634011260106021e-8,1.7091945949800534e-8,9.25628544524331e-8,1.949206794548331e-9,1.1973519119588918e-8,2.693498790290466e-8,9.309174357235392e-8,1.9749945742684843e-9,1.4668712620774975e-8,3.544952705245631e-8,6.012972007669338e-8,3.5626939217530577e-7,2.7779062311856914e-9,2.1637691044024765e-8,3.0605471400309563
t211,8.999470985452172e-9,6.058513385196022e-8,3.570490232018071e-8,1.0546362970436019e-7,2.3622965523572137e-7,1.763178594667363e-9,2.837377929801624e-7,2.2999604477828677e-7,2.7117309307399855e-7,1.0192405912568391e-6,0.0,4.1551041733168494e-8,3.823381167255297e-9,3.587998738882499e-7,9.041257978883438e-8,3.4173976505963206e-9,7.940049537502219e-8,9.598588713824033e-7,2.5844709401242966e-7,4.3688070851163946e-7,0.0,2.59531788584575e-8,6.229700174597717e-7,1.7531072390476282e-7,3.086000990864849e-7,3.497051428997073e-7,3.354027398102971e-8,4.018442517660563e-7,1.934004503256751e-7,1.430177423215843e-7,5.798115685606959e-8,2.666008799127769e-7,1.7667538247027833e-7,0.0,9.049187701753828e-8,1.6467913693378832e-8,1.1802917762300784e-8,2.1287933797347338e-7,1.2071819200040498e-7,2.5875251684081992e-8,1.6686106799380053e-9,1.3770192958249707e-9,2.9531337337770203e-8,6.14361577082088,5.080064996204092e-7,4.579869519677082e-6,4.6906619307492124e-7,2.078471298828679e-7,7.850042406853999e-7,3.1281419780180372e-9,2.078095340594251e-8,8.571447006722594e-8,2.0372325290768725e-9,1.1718678931951984e-8,3.8370818127695585e-8,1.2309219602307048e-7,2.8380015994257688e-9,1.949061018819239e-8,3.9170160240975014e-8,1.1886132176362567e-7,2.7171458007947797e-9,2.0013305160332967e-8,3.766140649759946e-8,1.1894025211901142e-7,2.5126953106547898e-9,1.9789527281615097e-8,4.355113456771008e-8,1.1640934101137533e-7,2.7896319389012845e-9,1.8161122089580248e-8,3.0071940988494365e-8,1.0721032621499704e-7,2.3665678597690487e-9,1.689338476098819e-8,2.1511003655009054e-8,1.0049438168762323e-7,2.004895637039186e-9,1.3631194707784819e-8,2.1563984209715857e-8,9.680373727251858e-8,2.2053140420274783e-9,1.2536572362470087e-8,1.7452719401079164e-8,9.222780892398053e-8,1.9167239644830383e-9,1.2890893310870669e-8,2.576517173274732e-8,9.267480043759197e-8,1.9884276958112575e-9,1.4452085250729875e-8,3.71379610200403e-8,6.654903008896347e-8,4.126493502961013e-7,2.771271971097133e-9,2.206135332657474e-8,6.143632148090203
t212,8.945723895541772e-9,5.915139701641566e-8,3.416434257043055e-8,1.0515903453689518e-7,2.3264932364016973e-7,1.7432142449953783e-9,8.952725813907977e-7,2.5918725622828134e-7,3.0239902963217757e-7,8.173974332860386e-7,0.0,4.065341116023228e-8,3.6171193793498395e-9,2.6939493145429273e-7,8.592584983475615e-8,3.3289490250642573e-9,7.287230192223122e-8,5.726694822030176e-7,1.4039844917345098e-7,3.1926767501515766e-7,0.0,2.4388586756240665e-8,6.131312972280187e-7,1.7381773018184495e-7,3.109847564580926e-7,3.404221032142076e-7,3.1570733124828506e-8,4.080318197474794e-7,1.9619759673055658e-7,1.4884546193586948e-7,5.7450199380702236e-8,2.919612388955655e-7,1.7572359473869307e-7,0.0,8.908473420694952e-8,1.6006266252376934e-8,1.1797527019517036e-8,2.1061133990401862e-7,1.1824194827740764e-7,2.5828898450956453e-8,1.6583984991727275e-9,1.374600452716981e-9,3.0027202431234346e-8,2.181421685916995,1.1168119498580904e-6,7.590533944619854e-6,6.366577579985254e-7,2.3555232099048307e-7,9.687034620693904e-7,3.077773846224957e-9,2.006459983890741e-8,8.495862701122187e-8,2.031409745680575e-9,1.167870506017496e-8,4.686697710569002e-8,1.4522363284039464e-7,3.1878742446274514e-9,2.3744604228368518e-8,3.7486948005979206e-8,1.1897145329945163e-7,2.9284377894286955e-9,1.8122714317866915e-8,3.334360667703133e-8,1.1798349428801965e-7,2.7141324311799333e-9,1.748616564982571e-8,3.795696941022656e-8,1.1561556788249585e-7,2.999338746963389e-9,1.6464627678470518e-8,2.7409404015448535e-8,1.067872725829473e-7,2.547629550859639e-9,1.5399149861983514e-8,2.1043482217380838e-8,1.0438255521705601e-7,2.7047348249564513e-9,1.338038092216149e-8,2.1222560758780998e-8,1.0032076726055892e-7,2.443450281151253e-9,1.1939086204730295e-8,1.700656770725314e-8,9.518907182295983e-8,2.0640828802796005e-9,1.2321193649737418e-8,2.4871071169441994e-8,9.177968808613492e-8,1.9992432192635885e-9,1.4000548316554393e-8,3.989889703406991e-8,7.747186619675409e-8,4.919826604483353e-7,2.735459035367131e-9,2.2613614972787147e-8,2.181441921952068
t213,8.86555484883e-9,5.7609424311662325e-8,3.261627901663751e-8,1.0483722703383729e-7,2.2887500234454724e-7,1.7164453944344575e-9,2.699414757752063e-7,2.3331000661239215e-7,2.7273514990733436e-7,3.99362860299509e-7,0.0,3.9449267778480685e-8,3.4723469217023805e-9,1.4673651340883655e-7,7.798746050379873e-8,3.001139672659037e-9,5.5752959084496844e-8,2.688881989473521e-7,6.468127870352362e-8,1.8265479271499423e-7,0.0,1.796233036483025e-8,5.56548929782244e-7,1.7102223701583562e-7,3.1281538910219317e-7,2.3039788134761392e-7,2.3154652851639125e-8,3.7458580006952084e-7,1.7835242262217726e-7,1.2848400581003555e-7,4.5906870938459235e-8,2.6795651757004374e-7,1.612494880147914e-7,0.0,7.001903560007347e-8,1.2998603463667402e-8,1.1029204892407891e-8,1.8580646212865806e-7,1.0158552252334044e-7,2.5307986017705562e-8,1.563267593356682e-9,1.3125065827204131e-9,2.3188407128640468e-8,3.871553792661129e-6,1.1633345776321335e-7,6.6444710892557134e-6,4.6978737608573444e-7,2.53143357949423e-7,9.911439354530575e-7,2.8450934973780554e-9,1.940344960573251e-8,8.424096287997574e-8,2.017164327314597e-9,1.1620027455810607e-8,3.7367926216138784e-8,1.2524979116423426e-7,3.0416412377938713e-9,1.9338120756462086e-8,2.7310099731652928e-8,1.0613937965056461e-7,2.777678752263255e-9,1.6091134715072346e-8,2.520895297206781e-8,1.049556629118791e-7,2.5759383894672748e-9,1.5469218673822456e-8,2.768331518724242e-8,1.0374420210072259e-7,2.8327982537969388e-9,1.4545747731312428e-8,2.1910007040190983e-8,9.645173242625836e-8,2.433477640819942e-9,1.3617168380035416e-8,1.856543550647614e-8,9.663718558736408e-8,2.513780284520664e-9,1.2570188725581618e-8,1.8563432505388826e-8,9.355836154882758e-8,2.352294709435856e-9,1.1457398210085751e-8,1.5465676706167193e-8,8.935539658064417e-8,2.0080737774783184e-9,1.1735866190128826e-8,1.967053261395109e-8,8.441871189950665e-8,1.9193206047384877e-9,1.2685801934757707e-8,3.53563664627486e-8,5.5828162479857976e-8,4.65580217105082e-7,2.6259075811712076e-9,2.0845460554102058e-8,1.9662758177134484e-5
t214,8.683153063304557e-9,5.502529239214227e-8,3.042426477226497e-8,1.0375410413253216e-7,2.2212156659186435e-7,1.6904283190046158e-9,1.0768077412227495e-7,1.6750090210288748e-7,1.7567921358352018e-7,1.9071188839903514e-7,0.0,3.734113434287506e-8,3.1113079472823893e-9,7.378965268052208e-8,6.11439270648068e-8,2.581474017601408e-9,3.3626956646926476e-8,1.2564559697152244e-7,3.04062232149474e-8,9.541537689427548e-8,0.0,1.1034838386294912e-8,4.3555278819156715e-7,1.6399632648912807e-7,2.726175151702447e-7,1.281797622300783e-7,1.360628631737228e-8,2.9535213392819423e-7,1.3182547479078986e-7,9.151234423321583e-8,2.989206194516508e-8,2.156239937813727e-7,1.2389116739924364e-7,0.0,4.657250879669114e-8,9.140545548967542e-9,9.534282255072785e-9,1.4243990851231677e-7,7.569998227910414e-8,2.319553634588957e-8,1.4142714549893518e-9,1.2131073817328136e-9,6.026448174751782e-9,3.244287514220486e-8,5.3955467164486794e-9,2.3933077363780783e-7,4.0241837290718306e-8,8.696840858163115e-8,1.6509846674467263e-7,1.6830739614315795e-9,1.8371508889694234e-8,8.30782534344343e-8,2.0104693633105547e-9,1.1174542871294717e-8,2.027247058607871e-8,9.094096336173208e-8,2.820214203113677e-9,1.3268530704892458e-8,1.7066354044802377e-8,8.042265056570708e-8,2.583093941022624e-9,1.184170421514608e-8,1.620105934901752e-8,7.949562534066477e-8,2.40276197200308e-9,1.1545192634061362e-8,1.720024946362492e-8,7.944361469977443e-8,2.6332590445353634e-9,1.098569695515036e-8,1.4907932817647143e-8,7.510132798668981e-8,2.2725891675718995e-9,1.0596579624844506e-8,1.3618786886280681e-8,7.612308175657024e-8,2.3148491981864126e-9,1.0306894414559067e-8,1.354581964338358e-8,7.454821698468629e-8,2.232275645649795e-9,9.340061490272906e-9,1.1926036344815304e-8,7.201444628344693e-8,1.9162508867645938e-9,9.630450653324447e-9,1.3690119834269104e-8,6.765931173587945e-8,1.8330098392155765e-9,1.0262692969796528e-8,8.217969965371225e-9,8.209683784909923e-9,5.5277390380121584e-8,2.0760628297187846e-9,6.757327223508716e-9,5.4739528869342325e-6
t215,8.569240027691943e-9,5.328996952830119e-8,2.8902340992051743e-8,1.0300929896908913e-7,2.1717260131289992e-7,1.6632005743993366e-9,8.350776838483869e-8,1.5602241335248896e-7,1.499345901117554e-7,1.5314869280221356e-7,0.0,3.631354487801647e-8,3.0111170373877544e-9,6.082347571017395e-8,5.696191596252522e-8,2.3924487296871895e-9,2.9225518541783523e-8,1.0193715773104236e-7,2.467355471559789e-8,7.824151325824544e-8,0.0,9.610522864739492e-9,4.0793543017727847e-7,1.6124661358632207e-7,2.735157980316648e-7,1.0994536914252294e-7,1.1828595706049344e-8,2.7947921198470747e-7,1.2432695395555757e-7,8.376665997645457e-8,2.647138261053325e-8,2.0429194981400172e-7,1.1670661288636451e-7,0.0,4.0811697330403374e-8,8.027376050230358e-9,8.975064801601236e-9,1.3036022854057785e-7,6.81444599372304e-8,2.2692109593182395e-8,1.3409869228551459e-9,1.160892394593574e-9,5.738479425614756e-9,3.258825414052736e-8,5.426035252448976e-9,2.4042415769431145e-7,3.9911453091564766e-8,8.959358957230504e-8,1.673253193028551e-7,1.6135869495718357e-9,1.763547844058758e-8,8.217048815268471e-8,1.999791904490505e-9,1.0975785371217817e-8,1.688356952458858e-8,8.315096138632092e-8,2.684059523533703e-9,1.2086921803980879e-8,1.4803234421885299e-8,7.462518544958319e-8,2.4730201915603435e-9,1.1190604005647195e-8,1.4174243094630049e-8,7.360851975584134e-8,2.3094066894764444e-9,1.0873787115606996e-8,1.4907106361531016e-8,7.396014270191435e-8,2.5196378306481703e-9,1.0463368216448246e-8,1.3219753070472049e-8,7.006285281706312e-8,2.199595514389234e-9,1.0045568146482924e-8,1.2562076651627747e-8,7.214946644391558e-8,2.230033006007673e-9,9.885339529940927e-9,1.2474047824312772e-8,7.101899381153594e-8,2.176668230153692e-9,9.17737710298577e-9,1.1167693227239868e-8,6.872021248714543e-8,1.881529881782314e-9,9.437089577186919e-9,1.1976652250530196e-8,6.337624980782276e-8,1.7862671936430996e-9,9.494503818496922e-9,8.144195403570359e-9,8.12023200022857e-9,5.515149507335807e-8,2.0162930365990173e-9,6.7758355777092885e-9,5.1008044877826375e-6
t216,8.480333053489468e-9,5.186995450352019e-8,2.7679794697193435e-8,1.0240366610090962e-7,2.1286402465434084e-7,1.636887306599152e-9,6.815486985781101e-8,1.4585953819029172e-7,1.308396789740526e-7,1.2521449608427332e-7,0.0,3.53229703962899e-8,2.818986943756508e-9,5.112720351157371e-8,5.351404137811473e-8,2.246058554923022e-9,2.5773801643726907e-8,8.272516524096938e-8,2.0387500340365046e-8,6.619707290847503e-8,0.0,8.477844866678142e-9,3.7993905175304283e-7,1.5849220498639069e-7,2.739819676948795e-7,9.419121228929086e-8,1.0230759479351278e-8,2.592426344069426e-7,1.1590978057866025e-7,7.600734606635926e-8,2.3657648284752032e-8,1.907715778807365e-7,1.0875745429260914e-7,0.0,4.0146571323872564e-8,7.881940951336925e-9,8.819382153174226e-9,1.290731055958112e-7,6.70549503119207e-8,2.2641034918926e-8,1.3291627943072103e-9,1.1511053413989598e-9,5.470364167742617e-9,3.253477807017068e-8,5.268634659445988e-9,2.4040783815051126e-7,3.9059485751627304e-8,9.053999709718176e-8,1.6697237315212852e-7,1.55370735766803e-9,1.7130185430548327e-8,8.155886376435377e-8,1.9858262023843117e-9,1.0950362221331455e-8,1.4119082784136389e-8,7.566443648751455e-8,2.595662294394016e-9,1.0252468121198649e-8,1.2719255226797836e-8,6.874397233562029e-8,2.4090065719095617e-9,9.679396951954605e-9,1.2347851725382791e-8,6.802247780429862e-8,2.2483836458059713e-9,9.524230570322292e-9,1.2870308380685827e-8,6.856999227433168e-8,2.4515376058253215e-9,9.192913908858387e-9,1.1718208224301517e-8,6.528875754554262e-8,2.141687469169666e-9,8.987540696158401e-9,1.142514704191921e-8,6.817588272385582e-8,2.1848164941164418e-9,9.200467639274917e-9,1.1315622570975106e-8,6.711984504105585e-8,2.143597001823507e-9,8.331569048193668e-9,1.0319948085152684e-8,6.539445615517433e-8,1.8591443907441978e-9,8.677166942424455e-9,1.1732386107089278e-8,6.300595816821047e-8,1.7835547340399194e-9,9.355072905918661e-9,7.966220724692583e-9,7.893872095629044e-9,5.500767942452825e-8,1.979281820871096e-9,6.631449563187512e-9,4.787355505639296e-6
t217,8.38902707048512e-9,5.045953444899233e-8,2.6541996964661262e-8,1.0185849239882137e-7,2.08715945018702e-7,1.610681409624001e-9,6.277108031178285e-8,1.4342402099836123e-7,1.237163045748201e-7,1.1747365940748334e-7,0.0,3.4710306438496783e-8,2.7971461159533453e-9,4.88249975591678e-8,5.218359013674121e-8,2.1632438388561385e-9,2.499722029444508e-8,7.853994296120415e-8,1.907954956702065e-8,6.217552643996724e-8,0.0,8.304405939533438e-9,3.7581961448290996e-7,1.5763477365400493e-7,2.771554900031826e-7,9.306555530511425e-8,1.0089576948907251e-8,2.609927250609119e-7,1.1718034764097125e-7,7.675711251651022e-8,2.3456161948761062e-8,1.914866461129955e-7,1.0918590271950303e-7,0.0,3.934981406912078e-8,7.81489189292865e-9,8.62183434180483e-9,1.275557696806974e-7,6.604855850752741e-8,2.2582053848555774e-8,1.307886426217004e-9,1.1345178169073633e-9,5.536623816450083e-9,3.391258738325659e-8,5.5745041523447065e-9,2.474131041507307e-7,4.0166329911016194e-8,9.474298149117669e-8,1.7398426830010208e-7,1.5429125765310493e-9,1.6653739719062675e-8,8.105903121079317e-8,1.968186607970822e-9,1.0956582632591311e-8,1.3489657943553386e-8,7.385274527132298e-8,2.51751510499494e-9,1.0291365321580222e-8,1.235080662282278e-8,6.777204102537828e-8,2.3438537082688604e-9,9.900874449291387e-9,1.1984285787275967e-8,6.699235374086588e-8,2.1943217111714245e-9,9.649903984529002e-9,1.2461651783745018e-8,6.75384474477979e-8,2.386362181591005e-9,9.412147085599958e-9,1.14074423732807e-8,6.440613665755855e-8,2.1069034897241016e-9,9.071861692839414e-9,1.1433144467915251e-8,6.884631986274655e-8,2.162167097309601e-9,9.326117347580752e-9,1.1339935098338674e-8,6.771684987450193e-8,2.118845397647527e-9,8.723720463110414e-9,1.0409219964268537e-8,6.600114246329435e-8,1.847235431413233e-9,9.055434194110714e-9,1.1573672892502415e-8,6.290249499205438e-8,1.7626416898456375e-9,9.374651904369828e-9,8.26812499447635e-9,8.340543228291025e-9,5.6616930443006266e-8,1.9648743810848463e-9,6.945069178082583e-9,4.75834656957382e-6
t218,8.206362091159122e-9,4.868969468978912e-8,2.5335864326287093e-8,1.0100687304050476e-7,2.0318032634801917e-7,1.5885396075172498e-9,5.7517292672745276e-8,1.4072497258363452e-7,1.1730252438310417e-7,1.0674647102261408e-7,0.0,3.4139261099596906e-8,2.6798832169775e-9,4.561192221761704e-8,5.085238777378287e-8,2.118097413692556e-9,2.3929761581327728e-8,7.050479743483941e-8,1.772575518525248e-8,5.766003248565136e-8,0.0,8.028795971632125e-9,3.6641642793282116e-7,1.568541676893175e-7,2.800612434477092e-7,8.924207758079616e-8,9.860072684441272e-9,2.556979818846762e-7,1.160398106561612e-7,7.563690822006329e-8,2.292344189968909e-8,1.874439263808676e-7,1.0726828197456686e-7,0.0,3.871377958753104e-8,7.804073418137747e-9,8.539560594972555e-9,1.2643650212638454e-7,6.522452781030963e-8,2.2568667584255383e-8,1.3011472120235013e-9,1.1289580595251055e-9,5.613040356643264e-9,3.50790348235635e-8,5.8562581099255974e-9,2.541214895017126e-7,4.1068672761280076e-8,9.779442360522391e-8,1.792478212090419e-7,1.5395932856990883e-9,1.5969093878673432e-8,8.010800321320626e-8,1.9542573719167275e-9,1.0454795734426438e-8,1.2494011453748947e-8,7.112933558386141e-8,2.457928409823325e-9,9.329188189027594e-9,1.157009203323933e-8,6.592385917793368e-8,2.30323748592938e-9,9.053743978789958e-9,1.1284818475825329e-8,6.518646245672294e-8,2.15570117198085e-9,8.885925587569617e-9,1.167911969349494e-8,6.564756036413531e-8,2.3455646618605256e-9,8.668267529041591e-9,1.0850564499696455e-8,6.294412004991681e-8,2.0714842732866874e-9,8.490465327317264e-9,1.111888077470314e-8,6.885020340369038e-8,2.1516869996499747e-9,9.043703529815247e-9,1.101795457399744e-8,6.73186483053924e-8,2.113207114252714e-9,8.321345209946127e-9,1.0168852274811264e-8,6.580302968577251e-8,1.8388851182431158e-9,8.667758577235428e-9,1.144520056657758e-8,6.286096132435311e-8,1.7466466611712726e-9,9.311294214793895e-9,8.457990172187781e-9,8.735235648325014e-9,5.809058468241995e-8,1.962743485123008e-9,7.132310880836723e-9,4.672146229347807e-6
t219,8.1012568376223e-9,4.804879298010828e-8,2.512805015164791e-8,1.0074056736560346e-7,2.0010662940910128e-7,1.5801320845915685e-9,5.378193181398962e-8,1.3878868905793602e-7,1.1332173337259599e-7,9.900574540476117e-8,0.0,3.36639194820324e-8,2.6166309676728124e-9,4.366573088821922e-8,4.98709602048475e-8,2.1005024929393045e-9,2.3235833790782416e-8,6.465391627116596e-8,1.6855145159300144e-8,5.4396503191011546e-8,0.0,7.963274772939329e-9,3.619257808285233e-7,1.5671794074519908e-7,2.8384793770993757e-7,8.795718356722535e-8,9.949215375414584e-9,2.532924814300522e-7,1.1607382780308708e-7,7.563696487488312e-8,2.2954676080220054e-8,1.8531488098839356e-7,1.065384911386985e-7,0.0,3.8003916100000955e-8,7.799507617471066e-9,8.423301968735991e-9,1.2497242354277796e-7,6.42029429583564e-8,2.254828278923585e-8,1.2971174084423103e-9,1.1244162846065718e-9,5.684410846854174e-9,3.583862647402833e-8,6.16814564368363e-9,2.6089640058586117e-7,4.1872367501785614e-8,9.982173236502427e-8,1.8298793549802859e-7,1.5379835064439514e-9,1.557924544301571e-8,7.942414693921292e-8,1.945418848165002e-9,9.990435524201563e-9,1.1858025765128602e-8,6.892855632337661e-8,2.4176691491073746e-9,8.617427694150562e-9,1.1067914884396523e-8,6.439381636646851e-8,2.268850687524262e-9,8.412918008642897e-9,1.0850787527922506e-8,6.37432591382103e-8,2.1243015798832697e-9,8.306768635196861e-9,1.1192792251575467e-8,6.408660178384081e-8,2.312527137645922e-9,8.110415651402943e-9,1.0525862368152408e-8,6.18145044538684e-8,2.0432047235800634e-9,8.046660152837265e-9,1.1042443931929552e-8,6.918591121388272e-8,2.1511728279587066e-9,8.874299995945925e-9,1.0906707155900595e-8,6.730791325530732e-8,2.1161162025135376e-9,8.060172301220915e-9,1.0083138797163012e-8,6.59469297409153e-8,1.8354716526012016e-9,8.40685996537459e-9,1.1296285741659296e-8,6.263875473950376e-8,1.724022450364795e-9,9.193574955498584e-9,8.602694327991998e-9,9.124537594183104e-9,5.961908396723741e-8,1.9616853029783827e-9,7.32078834452456e-9,4.626475512834001e-6
t220,8.159080253655083e-9,4.8127283904481977e-8,2.5237735532303495e-8,1.0120516881740523e-7,1.9953322489590774e-7,1.5663940914094192e-9,5.098563223179649e-8,1.376473830753377e-7,1.1051321523641562e-7,9.501989134265037e-8,0.0,3.321006038076792e-8,2.639461147499712e-9,4.305390813790587e-8,4.9091899775351095e-8,2.0727064071326122e-9,2.2880672300178755e-8,6.197985937802656e-8,1.6423063315307764e-8,5.186846911167517e-8,0.0,8.052932427722885e-9,3.634997754387814e-7,1.566062673228374e-7,2.8816891479507134e-7,9.032721452321819e-8,1.0152711847416052e-8,2.563315881432641e-7,1.1881213946103525e-7,7.794398255461096e-8,2.34494443891427e-8,1.8710415090619205e-7,1.0826012216712598e-7,0.0,3.714573447792607e-8,7.839694214500598e-9,8.284566063307056e-9,1.2324280293233434e-7,6.379316117478084e-8,2.2532247535920673e-8,1.284123175417166e-9,1.1112038428848097e-9,5.722237178532942e-9,3.644154169375199e-8,6.533255844294261e-9,2.676176235439798e-7,4.264550168929886e-8,1.0069463496378091e-7,1.848920033409431e-7,1.527453443351171e-9,1.5610072500710066e-8,7.969511348281779e-8,1.9374098459291913e-9,1.0256788297599243e-8,1.1757042455019147e-8,6.792779853517064e-8,2.3734901800988826e-9,8.757725619080974e-9,1.1076140787590022e-8,6.398566367545653e-8,2.225312668976213e-9,8.643175808587802e-9,1.0890953913485482e-8,6.326169212874178e-8,2.0909510638573106e-9,8.503422692560686e-9,1.1202516557487148e-8,6.357437234965868e-8,2.272025084901205e-9,8.32472273652564e-9,1.0604616903774544e-8,6.14228898390071e-8,2.016695526361183e-9,8.250651635971028e-9,1.1370235700032805e-8,7.039334897206686e-8,2.1418705953757117e-9,9.123727164378091e-9,1.1260954931304733e-8,6.826254882921231e-8,2.1045445858026095e-9,8.583424458661908e-9,1.041489922672747e-8,6.693208163626636e-8,1.8236623124126522e-9,8.932818213622744e-9,1.1172395423070629e-8,6.245766391537764e-8,1.6803753186059568e-9,9.190567035590629e-9,8.772453871913636e-9,9.574121517827573e-9,6.139975627793058e-8,1.9476707497689345e-9,7.593244779931668e-9,4.643025748231883e-6
t221,8.101566677727649e-9,4.754709289667527e-8,2.518515763939903e-8,1.0097515139182012e-7,1.9641938568446263e-7,1.554261977408194e-9,4.7973951347665306e-8,1.3634269459503807e-7,1.0759863742400908e-7,8.902814701978174e-8,0.0,3.2768713175179726e-8,2.5213824827951005e-9,4.1567024733714694e-8,4.825341641131736e-8,1.9727416203589655e-9,2.234818237995691e-8,5.5899922312057955e-8,1.601963284352262e-8,4.903456152423602e-8,0.0,8.060988616951731e-9,3.605163162760854e-7,1.5644263810588272e-7,2.9214942101314785e-7,9.040379184806809e-8,1.0165668721724757e-8,2.523649165513801e-7,1.2029222783636314e-7,7.878687327499621e-8,2.3743208498918767e-8,1.851146641444455e-7,1.0862540043425224e-7,0.0,3.592992056488884e-8,8.035761578958158e-9,8.171449258729245e-9,1.2076192313782046e-7,6.823201362951367e-8,2.24907128987537e-8,1.2697004896653208e-9,1.096831062959263e-9,5.772526573958824e-9,3.6808441871903693e-8,6.820852097077865e-9,2.742903147334615e-7,4.316741766848803e-8,1.00264329421258e-7,1.847385586600098e-7,1.5235397878787487e-9,1.546734863981781e-8,7.953281896968418e-8,1.9317824016458736e-9,1.0202699840598849e-8,1.1257950252845331e-8,6.653869818233628e-8,2.3252719551966067e-9,9.146079653676693e-9,1.0691506816916451e-8,6.314981926105316e-8,2.1936958475983546e-9,9.1666542769411e-9,1.057827174405185e-8,6.239332082973017e-8,2.066472492734394e-9,9.069422048808592e-9,1.0860773421068202e-8,6.262726372463848e-8,2.242178427540347e-9,8.867534249161199e-9,1.0350004856993098e-8,6.07248208042338e-8,1.999446199506334e-9,8.818668655223555e-9,1.125010751403523e-8,7.131084898557726e-8,2.1289506647839885e-9,9.079484081088041e-9,1.1242156857820285e-8,6.877202091991556e-8,2.0958865126484597e-9,9.506870561293157e-9,1.0368710127821663e-8,6.751343106875677e-8,1.8175666495686234e-9,9.781027736694586e-9,1.1241420265404841e-8,6.144661575013567e-8,1.661638866334653e-9,9.874893903660713e-9,8.793058656576783e-9,9.886967943902473e-9,6.308387942723435e-8,1.941694667174536e-9,7.676590307814673e-9,4.61982835791491e-6
t222,8.004645282104969e-9,4.677436246345107e-8,2.5082507518277334e-8,1.006307044541735e-7,1.9250941194516275e-7,1.5410188511357132e-9,4.514573394613592e-8,1.3492117255598246e-7,1.0505266477856625e-7,8.319789929323683e-8,0.0,3.235197683277695e-8,2.4889646854174356e-9,4.009439851456298e-8,4.745557260273423e-8,1.8628893422145597e-9,2.169981877843211e-8,5.52263383699534e-8,1.5241663834626952e-8,4.6032601211139983e-8,0.0,8.054788928169827e-9,3.572687812605129e-7,1.564497722360135e-7,2.9667545327678417e-7,9.038945311923567e-8,1.0253939006308032e-8,2.4733784716348214e-7,1.2096010287418122e-7,7.945477895367188e-8,2.3915107102241814e-8,1.8137971886716457e-7,1.0792853331006059e-7,0.0,3.475460904810318e-8,7.645293727410287e-9,8.00224918768384e-9,1.1779992571246713e-7,6.028022672743798e-8,2.2599884205480485e-8,1.3073617840873953e-9,1.1369838455598265e-9,5.79963017172422e-9,3.7058663545759656e-8,7.086422381042266e-9,2.815720544849639e-7,4.362063894651114e-8,9.87485086072632e-8,1.82958815687642e-7,1.5115496551323884e-9,1.524473174189287e-8,7.938197215638148e-8,1.926418435861653e-9,1.0059778931773234e-8,1.0956319419861463e-8,6.473823400094908e-8,2.3051840797256023e-9,7.903292138463793e-9,1.0465374623017894e-8,6.196219515785337e-8,2.1767723381955417e-9,7.921701254065032e-9,1.0284856039441543e-8,6.145830999747805e-8,2.047354085371006e-9,7.890350926086577e-9,1.0541400261848086e-8,6.159221799386817e-8,2.217372941817916e-9,7.73916901694762e-9,1.0106988978695954e-8,5.991880758766533e-8,1.9851816538364472e-9,7.71454473279909e-9,1.1333586228629195e-8,7.196452792908037e-8,2.138579054264668e-9,8.962321957661508e-9,1.1338627501607025e-8,6.883048705932589e-8,2.116801228571852e-9,8.397150412899628e-9,1.0398082227073499e-8,6.759473775303915e-8,1.8307243953820953e-9,8.67840026635256e-9,1.0917611832130169e-8,6.323501239201089e-8,1.7959306174410203e-9,9.129555070677665e-9,8.760470297380825e-9,1.0140665088354985e-8,6.499402513196176e-8,1.925603160843262e-9,7.721515904249631e-9,4.568008383079016e-6
t223,7.943433156456517e-9,4.610140007961988e-8,2.4968505213151392e-8,1.0038294163787328e-7,1.8874429106632894e-7,1.529897392763504e-9,4.223474238543042e-8,1.3368706313852204e-7,1.0330720830945348e-7,7.717715702038801e-8,0.0,3.1835284247804245e-8,2.404539737986584e-9,3.852527045301949e-8,4.658611512500731e-8,1.7559980908278338e-9,2.1110680109508244e-8,5.030204818670093e-8,1.4367164323145468e-8,4.2790438466791965e-8,0.0,8.007045711663433e-9,3.532985889505507e-7,1.5615952761347052e-7,3.010048388242635e-7,9.025891574587459e-8,1.0316761952734853e-8,2.3993591103081533e-7,1.2223933631804696e-7,8.033145783950843e-8,2.413965933686292e-8,1.7741633508014168e-7,1.0787347063183741e-7,0.0,3.3154746351535104e-8,7.578343049082102e-9,7.818613678283855e-9,1.140285502019738e-7,5.711026063386642e-8,2.2311084406174706e-8,1.2993776075210564e-9,1.1291743465659184e-9,5.836682861111267e-9,3.680962729661573e-8,7.098457705370584e-9,2.882509743297225e-7,4.3134821066346914e-8,9.528649690576086e-8,1.779564583085398e-7,1.5104513628237388e-9,1.513418858927342e-8,7.923234869973219e-8,1.9216368164414246e-9,9.883782816436277e-9,1.0583473325837208e-8,6.317113260266266e-8,2.2444214650769367e-9,7.413235459335439e-9,1.0171991041396198e-8,6.096655902778752e-8,2.1307820657906717e-9,7.43757108468728e-9,1.0051482439605641e-8,6.047243449499891e-8,2.013799811462308e-9,7.441244859086883e-9,1.0314332438953056e-8,6.048646271491813e-8,2.178545989204334e-9,7.2966649530886815e-9,9.905185315824373e-9,5.9027462479667735e-8,1.9515911220441034e-9,7.292934372699637e-9,1.1298209935815427e-8,7.278295309597863e-8,2.1202709903454205e-9,8.81751205095055e-9,1.1365976293618281e-8,6.904201888658367e-8,2.0954328125274404e-9,8.273731040264517e-9,1.0349607813643266e-8,6.785199833641345e-8,1.815089163148512e-9,8.44491995945774e-9,1.0654620283855269e-8,6.244072718127687e-8,1.7875028237828055e-9,8.535656667280428e-9,8.517599877667748e-9,1.030974085342299e-8,6.67086661113614e-8,1.939629962860777e-9,7.4468487463225066e-9,4.5083721241604314e-6
t224,8.195275842173736e-9,5.163924285104223e-8,2.828290112754897e-8,1.0544387170817597e-7,2.0355906129646067e-7,1.5959596771160554e-9,4.2671913053274106e-8,1.3719864844521736e-7,1.0724023396723333e-7,7.764422680682569e-8,0.0,3.200340590174077e-8,2.4642599353191955e-9,3.942585399380259e-8,4.758197784097623e-8,1.7610565393771096e-9,2.172896978551601e-8,5.014313757275907e-8,1.4725627741273233e-8,4.313167551150424e-8,0.0,8.966062075183795e-9,3.7982615623600134e-7,1.5976204324351638e-7,3.106550051750529e-7,1.0151233667080343e-7,1.1401900994391391e-8,2.564991263271214e-7,1.3375938031314882e-7,8.880360950135534e-8,2.667841326995122e-8,1.8927288858374318e-7,1.1770611695773704e-7,0.0,3.448352117994526e-8,7.990689672734344e-9,8.014132904061626e-9,1.1828342682439242e-7,5.956229022317281e-8,2.2775261880248346e-8,1.3308790557474024e-9,1.1492672728526909e-9,6.182755982609498e-9,3.89108691112558e-8,7.569952221366283e-9,3.07597618349938e-7,4.55620206928524e-8,9.586828609344163e-8,1.825069549105057e-7,1.576314115227146e-9,1.620945508358715e-8,8.263653686108615e-8,1.953227873974369e-9,1.0250214742047857e-8,1.0951729797239534e-8,6.412287491383098e-8,2.2439143917781243e-9,7.37813782748404e-9,1.0578574226270075e-8,6.225631450181506e-8,2.138522663142559e-9,7.411787680795789e-9,1.0466086286458751e-8,6.175580638938826e-8,2.0203430966990566e-9,7.4231693079774604e-9,1.0753893584379026e-8,6.164439002170843e-8,2.1907460978226788e-9,7.277667003801259e-9,1.032444901930526e-8,6.029650167604594e-8,1.9583725061126907e-9,7.278574410830886e-9,1.2141223302663458e-8,7.705167260530283e-8,2.146856216398789e-9,9.3363059649676e-9,1.2364075301813549e-8,7.2497150623021e-8,2.1142865660063228e-9,8.67354469321909e-9,1.1061117854701418e-8,7.120705109876318e-8,1.8273034051809218e-9,8.8177411611491e-9,1.1132856874918107e-8,6.410267323174052e-8,1.7784868382816922e-9,8.79399041223229e-9,8.788279226578903e-9,1.1015837809591032e-8,7.099706885764982e-8,1.987829634821782e-9,7.673795051180522e-9,4.737675016129457e-6
t225,8.671644367146549e-9,6.335390061639521e-8,3.5194685075928994e-8,1.1413580276656456e-7,2.332944430511217e-7,1.6875998030953016e-9,4.735861984231678e-8,1.464672847445409e-7,1.1470530625211497e-7,8.745088146375686e-8,0.0,3.28200255197244e-8,2.577120419437954e-9,4.408144761033281e-8,5.0680114950321294e-8,1.907313788697855e-9,2.3975122122833105e-8,5.685658233791125e-8,1.621570714825807e-8,4.726142398926619e-8,0.0,1.0763763390386903e-8,4.313668714047561e-7,1.6531955969804836e-7,3.2386183006965153e-7,1.261659333524713e-7,1.3583887731355495e-8,2.9406886853273265e-7,1.542560297943377e-7,1.0630235293759366e-7,3.1314992533886326e-8,2.1483128527687302e-7,1.3692292578789806e-7,0.0,3.886506267188399e-8,8.88787181935525e-9,8.519374170008714e-9,1.3009456137021417e-7,6.690825238573368e-8,2.3717646741243238e-8,1.4056237413657592e-9,1.1930953987976503e-9,6.892004975773486e-9,4.548574309202246e-8,8.799129044560494e-9,3.5063236478035373e-7,5.285678703784729e-8,1.0319452274377944e-7,2.0404926362120992e-7,1.6980198186146178e-9,1.8074389222575597e-8,8.924346364369754e-8,1.990488885061916e-9,1.1466706498017316e-8,1.2065348923548624e-8,6.842114045368196e-8,2.2907593616068005e-9,8.21252638798183e-9,1.1689343179638569e-8,6.692600350446182e-8,2.173791665916107e-9,8.338581400331646e-9,1.154316759912833e-8,6.633314948731934e-8,2.052358024830003e-9,8.338090986561562e-9,1.1903591193140786e-8,6.602181251129791e-8,2.227911921714886e-9,8.166182613853618e-9,1.1338246341667648e-8,6.439196747642294e-8,1.98388823442134e-9,8.0670704983886e-9,1.3731481593360574e-8,8.433757596869841e-8,2.190020262622323e-9,1.0516819900734751e-8,1.404725854445835e-8,7.840946228163258e-8,2.1598506897725383e-9,9.847386814956178e-9,1.2380978891990002e-8,7.717890198748929e-8,1.8533894982734573e-9,1.0095331917807516e-8,1.1942727375188887e-8,6.812293817797324e-8,1.789313490550631e-9,9.718556106542173e-9,9.981158788932751e-9,1.2303721669462386e-8,8.025666640278866e-8,2.059613834201293e-9,8.64738497414617e-9,5.2754831689793705e-6
t226,9.221195355451177e-9,8.262959251292616e-8,4.691279089206503e-8,1.2467095822998043e-7,2.75275995845213e-7,1.7922744556181677e-9,5.240379255803159e-8,1.566258871209095e-7,1.2309381355087072e-7,9.808478174952713e-8,0.0,3.362542455021483e-8,2.6910347755972912e-9,4.922927557165461e-8,5.4051826475246963e-8,2.0106410808340436e-9,2.6488494295978512e-8,6.396051961073004e-8,1.811884036133851e-8,5.2395715010095395e-8,0.0,1.3354577784936621e-8,4.972390239368685e-7,1.7107883185826525e-7,3.38058543257594e-7,1.6582194100146668e-7,1.6602896580172917e-8,3.43143360516978e-7,1.8209928365270283e-7,1.320592249712849e-7,3.788257474719044e-8,2.4840369989331414e-7,1.6393802181085224e-7,0.0,4.460856291319343e-8,9.983009455722263e-9,9.058657194802733e-9,1.4359646235044982e-7,7.499113332712859e-8,2.4641230389185708e-8,1.494895904765964e-9,1.246789674461604e-9,7.748708210583316e-9,5.442747085768061e-8,1.0362960472695435e-8,4.0704888528332856e-7,6.234925014475956e-8,1.1057385870869305e-7,2.292382064381548e-7,1.8309261231292024e-9,2.0469482008709356e-8,9.71438158059965e-8,2.028986444909443e-9,1.3031072889372284e-8,1.3202746981532713e-8,7.323122594495468e-8,2.313953863486962e-9,9.116116117494343e-9,1.2852842870667403e-8,7.223868677929717e-8,2.2018398849696955e-9,9.349417322890925e-9,1.2626389868639385e-8,7.153244271604507e-8,2.0723323954102043e-9,9.278246778777343e-9,1.3069793053432947e-8,7.087361945929717e-8,2.253095169074244e-9,9.047326950210826e-9,1.2414763014476787e-8,6.932339891567358e-8,2.0086071034749556e-9,8.954229614082466e-9,1.567915496290862e-8,9.311728723902905e-8,2.226232024345802e-9,1.1923622602187089e-8,1.6078011192343114e-8,8.539215558751923e-8,2.2015486346729426e-9,1.127040325890794e-8,1.3882755055532258e-8,8.428280909332847e-8,1.8836024681761028e-9,1.1668017395081605e-8,1.2834666074552543e-8,7.211067269884e-8,1.8289123435193337e-9,1.0593609912197278e-8,1.1476535017845202e-8,1.3890247718257865e-8,9.215238651697624e-8,2.1310783104921896e-9,9.835774014424912e-9,5.963259755536659e-6
t227,9.307935668069894e-9,8.934955786446807e-8,5.1598786431822435e-8,1.2797043020814458e-7,2.8544163993793595e-7,1.8199575388487286e-9,5.8591509976648336e-8,1.682786528318442e-7,1.3390654579229977e-7,1.0755283071976359e-7,0.0,3.4909305887416374e-8,2.7300727760451315e-9,5.4221023901452746e-8,5.8682703379768e-8,2.19448954956372e-9,2.9363182274784047e-8,6.978687929533966e-8,2.0282998695907287e-8,5.888773434166273e-8,0.0,1.771859443793684e-8,5.769849808651301e-7,1.7775384093968823e-7,3.5340092504239876e-7,2.295077612867773e-7,2.086333316771105e-8,4.014991287947147e-7,2.15449715647843e-7,1.6754151130942387e-7,4.7378963114711186e-8,2.875972571425339e-7,1.9919594695888497e-7,0.0,5.290218055034455e-8,1.1413883093150127e-8,9.68247836883459e-9,1.6086106362324458e-7,8.549718977820992e-8,2.5648020578076824e-8,1.597548419810751e-9,1.3067077624618844e-9,8.789706668566193e-9,6.705810106423251e-8,1.2240723266735338e-8,4.837892403365879e-7,7.48351941666435e-8,1.1828028655365217e-7,2.598935150661233e-7,1.977168708266023e-9,2.2168094042329063e-8,9.883778353572352e-8,2.045505989668802e-9,1.3086432113354486e-8,1.4059712734550207e-8,7.614008758290632e-8,2.479906059732865e-9,8.998950518043703e-9,1.370444581806703e-8,7.569220006375368e-8,2.3753105781019574e-9,9.239272107159071e-9,1.3478465266892868e-8,7.510520844256144e-8,2.227958327738048e-9,9.222187111609033e-9,1.4027845220287007e-8,7.407244720012561e-8,2.434032632533373e-9,8.979525351131247e-9,1.3298318079187633e-8,7.253141774935887e-8,2.1581313112729595e-9,8.918172330787803e-9,1.739893866672262e-8,1.0099527288983342e-7,2.383314597616671e-9,1.2834503198718346e-8,1.765981424120675e-8,9.054973941091397e-8,2.3393784479340996e-9,1.1473816920008624e-8,1.518614413138825e-8,8.926643665981562e-8,2.0171827102084993e-9,1.210960440214022e-8,1.3941193094055416e-8,7.668548183216498e-8,1.875422475788605e-9,1.1606317216730909e-8,1.329842696290128e-8,1.5765437242275252e-8,1.0799474865984595e-7,2.2076491185581503e-9,1.1107236615547686e-8,6.69951867344573e-6
t228,9.40215948080648e-9,9.711502996988071e-8,5.6919209097139716e-8,1.314153253092543e-7,2.969504547348191e-7,1.8246049923738115e-9,6.609281324463813e-8,1.8164973257518812e-7,1.4533315022282325e-7,1.2303534896260684e-7,0.0,3.575898276806582e-8,2.8329421900723034e-9,6.213263760538243e-8,6.323579834003822e-8,2.3117923730929945e-9,3.30941399530679e-8,7.983605490163106e-8,2.3192646596808077e-8,6.652656917347008e-8,0.0,1.9913714477971034e-8,6.043395848284082e-7,1.7911216030999073e-7,3.625553107577315e-7,2.376050342413428e-7,2.1634420323710868e-8,3.870855814609352e-7,2.2012591167176904e-7,1.8894763646325906e-7,5.270494326737844e-8,2.9866990295404484e-7,2.1566244552031764e-7,0.0,6.454151087079192e-8,1.3349091976231427e-8,1.0420772105949061e-8,1.8249638162646504e-7,9.944918014424534e-8,2.6773551886734802e-8,1.7012099400834947e-9,1.3633972988070844e-9,1.0027586756900837e-8,8.510323281866405e-8,1.4393397188551386e-8,5.920862226446439e-7,9.166859459872147e-8,1.2641744784232352e-7,2.9734118096511567e-7,2.126648504936287e-9,2.446885964357527e-8,1.0134474386069782e-7,2.0398356247086522e-9,1.3546719598415025e-8,1.5541038804481058e-8,8.212623619345205e-8,2.514678621523227e-9,9.849926944312349e-9,1.521913397376229e-8,8.272701561496071e-8,2.4098667015807312e-9,1.0160036981990908e-8,1.49182215944425e-8,8.19573687202589e-8,2.2554250025117893e-9,1.0121441668945488e-8,1.5634733392007578e-8,8.034099523578644e-8,2.4721587570939376e-9,9.815035415993905e-9,1.474299474490747e-8,7.895169492645988e-8,2.190387576588886e-9,9.779042871927e-9,1.8917299952415495e-8,1.0634699997278284e-7,2.374913833921509e-9,1.3232008986514997e-8,1.832600548863587e-8,9.194463083104768e-8,2.317703411880915e-9,1.1359372851864802e-8,1.6283374693985784e-8,9.314963767796652e-8,2.0155217570005542e-9,1.2637160866520163e-8,1.5384145324212717e-8,8.236142063960744e-8,1.915149375238619e-9,1.3085204571581624e-8,1.563112008199613e-8,1.8178590496157482e-8,1.302340899184034e-7,2.2881986206761177e-9,1.2704840476262536e-8,7.252090428236241e-6
t229,9.30213478782754e-9,9.61305350750187e-8,5.6582167526959916e-8,1.3164055221926408e-7,2.9305295310730786e-7,1.7808384727177228e-9,7.619652585797018e-8,1.9773696996918461e-7,1.5898629912674307e-7,1.4329120371003085e-7,0.0,3.670182296338047e-8,2.9465282871233167e-9,7.272014707769817e-8,6.865472112637787e-8,2.4633085112167335e-9,3.799172559538583e-8,9.299574744068853e-8,2.719799822004082e-8,7.680574788392221e-8,0.0,1.995630035711429e-8,6.041445514419124e-7,1.7919165204526247e-7,3.6981666035615514e-7,2.4559683878869074e-7,2.2535642589395835e-8,3.7798738015087085e-7,2.247719990337438e-7,1.9894780113706733e-7,5.533742711565281e-8,2.951106537446082e-7,2.1959424371238532e-7,0.0,8.299615729193229e-8,1.6085071753351015e-8,1.136068896846903e-8,2.1186218193492475e-7,1.1915584518074184e-7,2.800412259530375e-8,1.8237741384737809e-9,1.424191368062698e-9,1.2267017902597187e-8,1.3007070493718868e-7,1.973547044622004e-8,7.90612894992797e-7,1.2849462902117034e-7,1.42451930567136e-7,3.711978733201302e-7,2.3899902250114097e-9,2.4406126576480824e-8,1.0190161304226338e-7,2.0084355033013655e-9,1.3582652283385134e-8,1.7390658033146428e-8,8.872724636425031e-8,2.5680116345109097e-9,1.0839869263123808e-8,1.7132603479350537e-8,9.059792749944847e-8,2.461644626410456e-9,1.127434605272283e-8,1.6727038739225678e-8,8.967782479483293e-8,2.298953988477655e-9,1.1203763749199275e-8,1.767873048132618e-8,8.729631823302465e-8,2.5272492210160265e-9,1.0801186372572524e-8,1.656664220102472e-8,8.614666870646248e-8,2.2353699018471115e-9,1.0802561294848638e-8,1.911216511906359e-8,1.0911706073318424e-7,2.351330906768131e-9,1.3132204688432652e-8,1.8489666525427572e-8,9.314712537239054e-8,2.3006731592990795e-9,1.1363678313941367e-8,1.6510450011647935e-8,9.472534066442195e-8,2.006230043493991e-9,1.2715340162814758e-8,1.7110220993114443e-8,8.886943282616079e-8,1.9615526503237905e-9,1.495466248997217e-8,2.0098525486943873e-8,2.188676023592198e-8,1.6384545748224088e-7,2.4057273068948905e-9,1.5456779934361802e-8,7.944515449224302e-6
t230,9.217808697544995e-9,9.430335915571494e-8,5.6553657404090816e-8,1.3151839588808247e-7,2.874035021165258e-7,1.8266797560460207e-9,9.059870233555938e-8,2.1684259827666555e-7,1.7567196933460767e-7,1.721066359113608e-7,0.0,3.773070546250271e-8,3.0971576291233962e-9,8.802727983053002e-8,7.520400510938002e-8,2.661476694093472e-9,4.470386227541391e-8,1.11553133877781e-7,3.30562948369999e-8,9.159587945588362e-8,0.0,2.004445390985028e-8,6.05940967176776e-7,1.793628015131334e-7,3.774399141709467e-7,2.540606039480958e-7,2.3618267226225198e-8,3.726463135942934e-7,2.293087855588972e-7,2.0959508391302232e-7,5.8203171428201724e-8,2.9277003023224357e-7,2.233090918917932e-7,0.0,9.330846988392639e-8,1.7788414690734477e-8,1.1476660413805193e-8,2.2413095814800142e-7,1.2724747029015845e-7,2.863030601899044e-8,1.8786169245462572e-9,1.4571077194062737e-9,1.564057888565769e-8,2.472867228607373e-7,3.3868702815312306e-8,1.1501358724822643e-6,1.9079007551906077e-7,1.6244763607232227e-7,4.782749400705057e-7,2.735991278377942e-9,2.3356463238043455e-8,9.891745617335855e-8,2.048527249031957e-9,1.2409411995072627e-8,1.9766472080940597e-8,9.651261010597774e-8,2.6336367733847555e-9,1.2061542071573118e-8,1.9589121326732507e-8,1.000008250542487e-7,2.521035524872759e-9,1.2649998983367822e-8,1.9036189622985506e-8,9.886093730526973e-8,2.351156677962436e-9,1.2517533681002499e-8,2.034553195856251e-8,9.548183136216511e-8,2.5886400761422896e-9,1.1984677406780395e-8,1.8884183426572503e-8,9.460089476544991e-8,2.2932284019482583e-9,1.200952410196174e-8,1.9322650099677403e-8,1.1174465387177127e-7,2.332418237112437e-9,1.3059394898133e-8,1.8632042019746844e-8,9.427703807952956e-8,2.2837626444318656e-9,1.134831146972141e-8,1.662873970962469e-8,9.622368974466764e-8,1.9999418714377775e-9,1.2757342207515478e-8,1.85669333793209e-8,9.174986581222605e-8,1.987747161916681e-9,1.5711307495484995e-8,2.6357440415172773e-8,2.7272287800630202e-8,2.078582362337131e-7,2.5230674739070976e-9,1.9056339466638025e-8,8.96218575214098e-6
t231,9.146298539728757e-9,9.384019022414269e-8,5.6059936706993976e-8,1.3195600665107885e-7,2.867353584127116e-7,1.77232019571385e-9,1.1311298947695649e-7,2.402816824078826e-7,1.9637248504610476e-7,2.174988663880208e-7,0.0,3.881673458159655e-8,3.262783062382249e-9,1.1264196736733792e-7,8.316992340676933e-8,2.882044139985392e-9,5.43784723635389e-8,1.4061798655744818e-7,4.2596220344768254e-8,1.1532572148651508e-7,0.0,2.0136044040825555e-8,6.101620109862006e-7,1.7953104324602362e-7,3.854451432676112e-7,2.65238558908948e-7,2.472235112240682e-8,3.7271112703218256e-7,2.355301056780636e-7,2.2275356278866847e-7,6.142616506457783e-8,2.939837386387861e-7,2.2853309786046796e-7,0.0,9.721782536981153e-8,1.913292229359332e-8,1.149657283360868e-8,2.2739665696832963e-7,1.2883061942587018e-7,2.904053832604245e-8,1.8949789957973626e-9,1.4668378690876025e-9,1.9062928501759753e-8,5.475207420282476e-7,5.880989212391068e-8,1.7076040870450912e-6,2.8547010974826515e-7,1.8260709426433867e-7,6.122506242836968e-7,2.998841662496738e-9,2.3497461159398683e-8,1.0061665119539978e-7,1.9997270888262007e-9,1.264318664832589e-8,2.288958428128132e-8,1.0615019095393111e-7,2.680598135250599e-9,1.3599131485099803e-8,2.2852211567756473e-8,1.1174993028297107e-7,2.572207675455108e-9,1.455998773182924e-8,2.210339955686695e-8,1.1048161656553275e-7,2.3942600525944983e-9,1.4374357807858312e-8,2.391652222373825e-8,1.057125458997432e-7,2.6335932227023156e-9,1.3592991284239018e-8,2.201134248968304e-8,1.054659079999228e-7,2.3406125163853546e-9,1.377317797714635e-8,1.9535533059606917e-8,1.1484376684635034e-7,2.2990076044082113e-9,1.314559832479853e-8,1.8891702875389627e-8,9.59369141585429e-8,2.259653866004907e-9,1.1568288247042778e-8,1.6881517797566296e-8,9.832567981144435e-8,1.9816345698140632e-9,1.3123666771053733e-8,2.0061727906262176e-8,9.415343484804523e-8,1.992094430407066e-9,1.599731194410248e-8,3.380682959623216e-8,3.401220204040717e-8,2.8002141851233243e-7,2.5887647387801825e-9,2.2754682412560098e-8,1.0562234833897475e-5
t232,9.06832342653645e-9,9.342392871905062e-8,5.610453141421572e-8,1.323960900026066e-7,2.86035175687629e-7,1.7761015806159527e-9,1.5263013311560948e-7,2.7034747422758375e-7,2.2363663726494665e-7,2.944959566776054e-7,0.0,4.023062663649481e-8,3.4047086929923714e-9,1.5570129802382812e-7,9.360792706646289e-8,3.1033131922438784e-9,6.938106316383448e-8,1.898917997624291e-7,6.08762687487055e-8,1.5837831998522696e-7,0.0,2.039325304042542e-8,6.130674589304301e-7,1.7987657440971257e-7,3.9395457223487177e-7,2.745933143411634e-7,2.5896226673540435e-8,3.7223066552515637e-7,2.420670690759879e-7,2.347536224996068e-7,6.495075234242535e-8,2.946139697867905e-7,2.3349139481955415e-7,0.0,1.0134160106245632e-7,2.061236218838118e-8,1.1519305928298461e-8,2.303180175369558e-7,1.2966925389984988e-7,2.9482281550358432e-8,1.930036541344602e-9,1.4869816812445468e-9,2.129206148286877e-8,1.047804362769372e-6,7.902887277635998e-8,2.3432046084858433e-6,3.529551681583232e-7,1.8901357188092888e-7,6.766523965043045e-7,3.0319597511544363e-9,2.345646530432478e-8,1.0073374887877216e-7,2.010685424297796e-9,1.2635681374443273e-8,2.674686148580201e-8,1.1724538748714024e-7,2.8110489345340165e-9,1.5143446379140575e-8,2.694027132187957e-8,1.257271985930318e-7,2.7058015519474962e-9,1.6281173454911225e-8,2.5926801780373864e-8,1.243140723667035e-7,2.510553945990992e-9,1.6103107233405722e-8,2.84789174442867e-8,1.176248190092654e-7,2.7723342207670337e-9,1.500981149008523e-8,2.592470603976763e-8,1.181864271348668e-7,2.4586257451731804e-9,1.5370095123128265e-8,1.9445912839960453e-8,1.1721436504800057e-7,2.330920601870769e-9,1.3001522012307213e-8,1.8929384291197808e-8,9.705877532328024e-8,2.286379981419999e-9,1.128072386479101e-8,1.6969021700619965e-8,9.98464607253383e-8,2.013765260900541e-9,1.28461665674168e-8,2.1460098564231284e-8,9.621228032428824e-8,1.991804310998104e-9,1.5908792769408774e-8,3.627125219466245e-8,3.9979315455970006e-8,3.4798555085686577e-7,2.5892419697278583e-9,2.2916272819826476e-8,1.2449377442473449e-5
t233,9.045460935943802e-9,9.29961492186386e-8,5.600472785591551e-8,1.3279518497155804e-7,2.8608422335002345e-7,1.772249374887215e-9,2.398475035058399e-7,3.083314370997216e-7,2.598240532417969e-7,4.7020588203489153e-7,0.0,4.1802550758252396e-8,3.6378415113729463e-9,2.568423855688659e-7,1.0719286599936126e-7,3.3616399577164577e-9,9.623618461959149e-8,3.032756638141553e-7,1.1887538585780398e-7,2.6174877930367994e-7,0.0,2.0761699353870028e-8,6.178624353164631e-7,1.7991575402390572e-7,4.0238417184736765e-7,2.8608661216901905e-7,2.7481784584036792e-8,3.7633828744472684e-7,2.497268290355177e-7,2.478757324394517e-7,6.861944912478934e-8,2.9677593029997703e-7,2.387808786708274e-7,0.0,1.0619291177455962e-7,2.191526526952697e-8,1.1576452331076503e-8,2.3433999526285955e-7,1.3107075822202096e-7,2.9975547444631583e-8,1.922512113752077e-9,1.477163520746344e-9,2.438937394656919e-8,7.292909948967638e-6,1.2656310698791454e-7,3.494086356982381e-6,4.589461744552431e-7,2.03779451603956e-7,7.923346644706538e-7,3.0622849877964963e-9,2.3450643592688225e-8,1.0096599728449798e-7,2.012048383250723e-9,1.2671408009615499e-8,3.2702050010615566e-8,1.3130273661701262e-7,2.948235611904768e-9,1.7644749102608396e-8,3.338617187902622e-8,1.4387627426444856e-7,2.8604912945073523e-9,1.921484870023859e-8,3.189313569605894e-8,1.422349703087375e-7,2.6425921235960693e-9,1.8957176024323298e-8,3.5807388584492315e-8,1.3273932643651348e-7,2.9343975311098147e-9,1.73605686322221e-8,3.2053805245549694e-8,1.345585533115009e-7,2.583019243307754e-9,1.7979528959615502e-8,1.965001499639076e-8,1.1942657408708893e-7,2.367760649625504e-9,1.2994157807908648e-8,1.9243663563837955e-8,9.827379221865161e-8,2.320598283288895e-9,1.1246050512302945e-8,1.723264106793098e-8,1.0141436685109578e-7,2.04373119556865e-9,1.2792008056733564e-8,2.3031658530566348e-8,9.865176722973854e-8,1.9755197462425798e-9,1.5952546465603094e-8,3.9543497834558437e-8,4.9384192232435094e-8,4.468835659120873e-7,2.578681180760474e-9,2.352304243412147e-8,2.1212341649335273e-5
t234,9.040868454701764e-9,9.289102822859188e-8,5.5933761742904126e-8,1.3334309862561402e-7,2.874119333101859e-7,1.7607109143722655e-9,7.916584045029521e-7,3.6638151594691123e-7,3.0723312785183694e-7,2.269316044721255e-6,0.0,4.369471554235348e-8,3.9099357546094955e-9,1.1733875270603037e-6,1.2833908561072318e-7,3.648616152028907e-9,1.7321045999039557e-7,2.127819103997231e-6,3.076095552910786e-6,1.771262322502924e-6,0.0,2.1127917656351248e-8,6.237344538256979e-7,1.8004530339577592e-7,4.11320463049947e-7,2.9954582610506364e-7,2.9179586354877348e-8,3.8393157212482964e-7,2.584226393653237e-7,2.626270220598729e-7,7.284293987710095e-8,3.0036208492081355e-7,2.4453428730830106e-7,0.0,1.1250185956408337e-7,2.2949112634988498e-8,1.1768986852845615e-8,2.4110699983751514e-7,1.3583776348671068e-7,3.003033638644558e-8,1.87901826389315e-9,1.4466113847720998e-9,2.8288096119253718e-8,5.88864250852278,2.700967746406628e-7,6.045910713386629e-6,7.199888540585179e-7,2.3119753536448872e-7,1.0138679612982633e-6,3.1227513520488033e-9,2.358628851232483e-8,1.0123738733240611e-7,2.00642396832748e-9,1.2797419950234808e-8,4.1869597539479993e-8,1.5203476282627464e-7,3.031758876773626e-9,2.2155173146316635e-8,4.343400852611432e-8,1.708853459933445e-7,2.953671989248488e-9,2.478999375074018e-8,4.120057572018787e-8,1.6936084879207653e-7,2.722402139023057e-9,2.4372849059032827e-8,4.7387034642552104e-8,1.5548494809351756e-7,3.031566332885575e-9,2.1614559563851328e-8,4.169591912299954e-8,1.5953159321209142e-7,2.668382917543082e-9,2.2866709273298435e-8,1.9739067249523807e-8,1.2251879620380803e-7,2.347657000038669e-9,1.3015056804580603e-8,1.9425822392847046e-8,1.0033715670734265e-7,2.298729995907202e-9,1.1131539065105773e-8,1.739119030584281e-8,1.0384033116101193e-7,2.0250536358712597e-9,1.2687294252351438e-8,2.4960888609695746e-8,1.0145435321027918e-7,1.9771638893330732e-9,1.605872162632123e-8,4.479638397569491e-8,6.248204721347774e-8,6.293752198652189e-7,2.6149324477215018e-9,2.520735512425984e-8,5.888669910932047
t235,9.037471953112227e-9,9.293666043816775e-8,5.6023949028831095e-8,1.3400860306902051e-7,2.9003643469466914e-7,1.753125929339857e-9,5.41473548073959e-7,3.648031723008141e-7,3.1495595198560953e-7,1.357690170571178e-6,0.0,4.312969585706493e-8,4.006898302083913e-9,7.955923659144199e-7,1.2556028017195513e-7,3.6080484421550477e-9,1.6001105212863902e-7,1.0807766812279962e-6,7.363198404954837e-7,9.102678393490557e-7,0.0,2.179336327932673e-8,6.314227520845743e-7,1.802358344643907e-7,4.208570346183303e-7,3.163288488306665e-7,3.1315312770252474e-8,3.972066558039197e-7,2.6897050917787395e-7,2.808630774412631e-7,7.817208195999143e-8,3.0807273349339965e-7,2.5265242392670373e-7,0.0,1.0577664677340448e-7,2.4133142276312547e-8,1.1630939571738376e-8,2.3217372900726174e-7,1.2738190487524057e-7,3.033433583294804e-8,1.963496429002313e-9,1.50728704779925e-9,3.063758731220224e-8,7.111943303407586,4.396676169465183e-7,1.2055208619409358e-5,1.1725354434693045e-6,2.6740846714521055e-7,1.3416459546575466e-6,3.191293487202899e-9,2.3806937533147818e-8,1.0161581719511047e-7,2.003643297116249e-9,1.2979637126446625e-8,4.2291410874907144e-8,1.4839615598013246e-7,3.011616216208957e-9,2.020094035371546e-8,4.4476173688842086e-8,1.6802108162398474e-7,2.9402745312916532e-9,2.2443453195282874e-8,4.1975838460525454e-8,1.665698514649672e-7,2.7091894491070156e-9,2.2058064467455618e-8,4.9205830604404306e-8,1.5265203925925388e-7,3.0141882758688736e-9,1.9642273486983576e-8,4.2544205987690626e-8,1.5762291007041784e-7,2.6474129224417328e-9,2.0791353962976035e-8,2.0137076512908957e-8,1.2578830584139518e-7,2.342410113887221e-9,1.321339959561655e-8,1.9957316514845415e-8,1.0276479613276447e-7,2.2963567285387054e-9,1.1244393425007704e-8,1.7869282369161602e-8,1.067161878051774e-7,2.03868312450813e-9,1.2845830360288904e-8,2.3780690827618376e-8,1.0022768109183236e-7,2.017018833844836e-9,1.4768283414207677e-8,4.8134620262900463e-8,7.365134722935074e-8,8.886927311064981e-7,2.6990243373883935e-9,2.536665142264443e-8,7.111972248658854
t236,9.087005364089968e-9,9.224039110125908e-8,5.657894312365973e-8,1.3498747221444988e-7,2.947787531787069e-7,1.754487145096148e-9,3.800613509160866e-7,3.571377194756566e-7,2.9669509668926285e-7,9.051975266492592e-7,0.0,4.237471267026781e-8,3.787978390178949e-9,5.149906440889218e-7,1.1727770773423367e-7,3.558379035769497e-9,1.3520461001883705e-7,6.715544532506102e-7,2.800960831616761e-7,5.600724220745154e-7,0.0,2.2210581239061148e-8,6.336789496942307e-7,1.8044538813128593e-7,4.3079649883909987e-7,3.274714933095357e-7,3.328744460011551e-8,4.1485598121647735e-7,2.7685871855575797e-7,2.9553788753276993e-7,8.173040037374742e-8,3.141768923941476e-7,2.5691598128761817e-7,0.0,9.793334809679528e-8,2.2981166578534156e-8,1.134763712100074e-8,2.238617984229984e-7,1.2106193338569558e-7,3.0128527522465145e-8,1.8815328736837425e-9,1.4559129814664242e-9,3.27614396172806e-8,2.9992500308941743,1.0642958328802504e-6,33.000413473905866,1.00601727786998,3.431118997926221e-7,2.336526493095621e-6,3.1795699494941617e-9,2.4182674193022438e-8,1.0211332272077298e-7,2.0028171225534597e-9,1.3226291223443191e-8,3.9086733025870155e-8,1.432869322839338e-7,2.9450328433678704e-9,1.8617592586144418e-8,4.1050217459500035e-8,1.6293998515167157e-7,2.874779684679488e-9,2.050688522987139e-8,3.8983408236211876e-8,1.6158081491796485e-7,2.6526717911192627e-9,2.0178386294985108e-8,4.5018653974253755e-8,1.4845065853060747e-7,2.954260321145739e-9,1.8274315924247753e-8,3.942447645834167e-8,1.5367455637934766e-7,2.6026799754251625e-9,1.907792446019658e-8,2.0798640520351763e-8,1.2874771101788806e-7,2.331514531806266e-9,1.3416270696009786e-8,2.0563013896469315e-8,1.0523065474715585e-7,2.2870700387724274e-9,1.1441945015403256e-8,1.8294013660725932e-8,1.0925286505785798e-7,2.02111622250341e-9,1.2970261913170818e-8,2.266118316244361e-8,1.0082811222196861e-7,1.9777364788389857e-9,1.4140726450961447e-8,5.724630069221666e-8,9.964164376696054e-8,1.6230525143651401e-6,2.661307042210148e-9,2.817958448364927e-8,37.00569682204934
t237,8.497446719976518e-9,6.138729632398925e-8,2.919222116401604e-8,1.0952998005225884e-7,2.4131972703138443e-7,1.6295529890509013e-9,1.340175988796798e-7,2.3729772247411415e-7,1.9273252313568163e-7,2.873195732529076e-7,0.0,4.0090690645348366e-8,3.485609924690023e-9,1.2498192873726728e-7,8.917937690472078e-8,3.041760998329602e-9,5.921580484085188e-8,1.956260156935352e-7,4.8759413126417645e-8,1.5632695869899719e-7,0.0,1.2976982585808076e-8,5.066084410277027e-7,1.731996720329173e-7,3.746192298948497e-7,1.6310050132959356e-7,1.7291785095450688e-8,3.3440841862889175e-7,1.877859037253314e-7,1.6604030110523617e-7,4.401287669348939e-8,2.5443600018231166e-7,1.8072292232238082e-7,0.0,7.041225239460406e-8,1.5881500911669246e-8,1.0292584002607007e-8,1.8632121723305448e-7,9.695281859950746e-8,2.8967169933652295e-8,1.732259566548867e-9,1.367200837485332e-9,1.9924678078543484e-8,5.235164747277891e-7,5.0144405810339634e-8,4.300087582977454e-6,7.668064450172574e-7,3.414768486150879e-7,1.6265162275963255e-6,2.7708022832040086e-9,1.7385751179305077e-8,8.597300165815147e-8,1.9442589693172557e-9,1.1354019325311892e-8,2.2046991836064872e-8,1.0590539048962842e-7,2.7549409473422115e-9,1.4462516612955804e-8,2.2725095340149096e-8,1.1561025846055964e-7,2.6968951142591116e-9,1.5588660407197278e-8,2.1901341609753695e-8,1.1421655053655193e-7,2.5089093310876746e-9,1.5224537408232496e-8,2.396544228087676e-8,1.0907151249163497e-7,2.7717435869792777e-9,1.4380674830485722e-8,2.2024243401490524e-8,1.1079513430894262e-7,2.4695510529347623e-9,1.4551064282746127e-8,1.5429208462470965e-8,9.896029779705008e-8,2.2409102541184e-9,1.1377534052932812e-8,1.5288724319694153e-8,8.555582709031653e-8,2.2056258732882997e-9,1.0257040690030206e-8,1.4047807433493778e-8,8.80100120389714e-8,1.9561203323424122e-9,1.1288300245067996e-8,1.6988265519950703e-8,9.017652795887914e-8,1.915168844168181e-9,1.1816036756607548e-8,3.6664269821605044e-8,4.233174060059435e-8,4.241022249228955e-7,2.5002330150682375e-9,2.0990914326872262e-8,1.4358435980620686e-5
t238,7.941989431593145e-9,4.517811514151463e-8,1.9508702676903144e-8,9.15662280890567e-8,2.0329975281076774e-7,1.5188727061662563e-9,8.004206943552672e-8,1.7756276648314477e-7,1.4291100157789856e-7,1.6714969883616988e-7,0.0,3.8196542518719245e-8,3.1583963420879097e-9,7.013746931950736e-8,6.982250290617154e-8,2.5939317116316976e-9,3.675915772488503e-8,1.1248425823487242e-7,2.6846969317860723e-8,9.004081985318124e-8,0.0,9.206474995251344e-9,4.175228165323569e-7,1.6663349969618884e-7,3.3126470817560856e-7,1.081050867663426e-7,1.1583364187969085e-8,2.775918087590327e-7,1.4198018844629523e-7,1.1462144973882562e-7,3.010700724291967e-8,2.1287657999046463e-7,1.393938276119145e-7,0.0,5.570027000231287e-8,1.2654290805191924e-8,9.428210869587821e-9,1.6053845410396145e-7,8.135310707241314e-8,2.8331633940701765e-8,1.6127026019352633e-9,1.2993204642824913e-9,5.143515885656457e-9,2.8796649530006942e-8,4.889839133188e-9,1.8547085220969992e-7,3.874374086786323e-8,7.835746891038116e-8,1.5092963230562656e-7,1.5228321133088609e-9,1.3516207834165901e-8,7.40493143860106e-8,1.885658715311534e-9,9.875711772672706e-9,1.5204249930306935e-8,8.356569898115863e-8,2.604386900541182e-9,1.1370296393334334e-8,1.5585279507534512e-8,8.908060077516147e-8,2.568522371423166e-9,1.203671905660713e-8,1.5129880319441418e-8,8.79214451848371e-8,2.39123993119587e-9,1.1822668448954818e-8,1.6161833958874075e-8,8.56919849947142e-8,2.6348203643384926e-9,1.1364871361333103e-8,1.5213493604047375e-8,8.636531230431477e-8,2.355785053476686e-9,1.1463667160996e-8,1.2101982164261872e-8,8.014267505184174e-8,2.1634319803928764e-9,9.732832763273462e-9,1.203925943481179e-8,7.173948663276299e-8,2.1382690456607954e-9,8.899070514250312e-9,1.1292600414473335e-8,7.342968411747624e-8,1.9006238972510977e-9,9.613465200569966e-9,1.3933420790807993e-8,8.233680805395672e-8,1.8303623714824897e-9,1.0478314450257931e-8,7.021962967004859e-9,6.783566233748291e-9,4.8375569240360787e-8,1.8659221699633134e-9,5.925544436804006e-9,5.3459830793191115e-6
t239,7.504307373422519e-9,3.629134212223274e-8,1.4842782243066428e-8,7.979141385594637e-8,1.7722700145881504e-7,1.4343753427154295e-9,5.705074267339956e-8,1.413616618426905e-7,1.1345346999159557e-7,1.1740128589681673e-7,0.0,3.629178410542049e-8,2.929028010653862e-9,4.9482149032163076e-8,5.8375793259345054e-8,2.3644780409660705e-9,2.697976601350278e-8,7.899984445775414e-8,1.8689328566929963e-8,6.393139299607076e-8,0.0,7.193970734825061e-9,3.5805615055373543e-7,1.6074182940945905e-7,3.013848798473112e-7,8.21511010141253e-8,8.88897173622981e-9,2.3986241374916543e-7,1.1549953700792882e-7,8.83728161002159e-8,2.299360174462592e-8,1.8333338189338288e-7,1.1375992065494734e-7,0.0,5.361192800383863e-8,1.2496844885328689e-8,9.326276744432097e-9,1.5686348778055178e-7,7.905232204009129e-8,2.8314377174175215e-8,1.588021978941465e-9,1.28689235700562e-9,4.738910325221793e-9,2.7792018787472443e-8,4.7573869225270895e-9,1.7884859010268221e-7,3.7084634487143187e-8,7.906617691740233e-8,1.484702845653356e-7,1.4437893658442342e-9,1.1191223298481598e-8,6.570061397104144e-8,1.8434306553956618e-9,8.828131018131917e-9,1.1703754825211249e-8,6.891249064071078e-8,2.461494885834823e-9,9.45262444754021e-9,1.1926322374459989e-8,7.237247724657173e-8,2.4285939593248023e-9,9.877706599846381e-9,1.1765689650899973e-8,7.206941099566051e-8,2.277361355655543e-9,9.783655501472328e-9,1.2335372849292812e-8,7.112217699447315e-8,2.4902609193283223e-9,9.498369848841757e-9,1.1823914062672032e-8,7.131130106558603e-8,2.249164355666505e-9,9.524093252026709e-9,1.0132229801748354e-8,6.790383782713592e-8,2.0940514465073373e-9,8.556145115650741e-9,1.0095820033462444e-8,6.232387685830162e-8,2.074424416659196e-9,7.993396715885143e-9,9.579402300493615e-9,6.346159740929088e-8,1.8452779913843749e-9,8.470527822190738e-9,1.363380434883852e-8,8.26382230747005e-8,1.8186649772655932e-9,1.0339359671293613e-8,6.733888205313139e-9,6.43149145573232e-9,4.5221161816338505e-8,1.814212049978494e-9,5.758807530663451e-9,4.583252299810414e-6
t240,7.514940000079622e-9,3.6260148113427965e-8,1.4833533626404364e-8,8.005799664732529e-8,1.781664787278086e-7,1.4351639878199794e-9,5.472846233280739e-8,1.4027758485660964e-7,1.1039884988211474e-7,1.1164601146882806e-7,0.0,3.588265962363635e-8,2.8359705047621204e-9,4.7997077325281825e-8,5.7441405958122825e-8,2.2898950999944536e-9,2.6434958940288057e-8,7.521994450054723e-8,1.7740397195790282e-8,6.134584718336941e-8,0.0,7.265463679747558e-9,3.5914631857386505e-7,1.606379732085601e-7,3.0615145476065333e-7,8.323793951313539e-8,8.973209557228733e-9,2.444347802293832e-7,1.1761282722852003e-7,8.99677467305618e-8,2.3353564681676623e-8,1.8504794741736976e-7,1.1482673344050439e-7,0.0,5.186420813435207e-8,1.2393252301678377e-8,9.070127459825266e-9,1.5310931211282653e-7,7.699957656646767e-8,2.8409227850445957e-8,1.5851133349597024e-9,1.2893016073128263e-9,4.87733775352852e-9,2.9812831633782814e-8,5.135413773451313e-9,1.8580283890577982e-7,3.8578392758724874e-8,8.447263628811289e-8,1.5707922924532283e-7,1.4666391229353201e-9,1.1299794408593582e-8,6.593947256777292e-8,1.8411438194866678e-9,8.947139493643283e-9,1.1434450875114149e-8,6.796399098952639e-8,2.4255413421388774e-9,9.241502712083725e-9,1.1665141063542584e-8,7.140443702292425e-8,2.402540571249134e-9,9.6325854829621e-9,1.1562258939279015e-8,7.124957439303083e-8,2.2558500474780812e-9,9.577598274247511e-9,1.204926026874191e-8,7.033532715876047e-8,2.4637041761665804e-9,9.32096163247319e-9,1.1646125929799075e-8,7.079262946254468e-8,2.2274989790699082e-9,9.372260810097046e-9,1.0276228005314199e-8,6.884127941422434e-8,2.097201743842245e-9,8.677352158276076e-9,1.0272733885806671e-8,6.348531093641678e-8,2.079664771321345e-9,8.12937014532728e-9,9.728209639864276e-9,6.462769307752658e-8,1.8511411783727264e-9,8.591896592182179e-9,1.3430207081774041e-8,8.26585169716769e-8,1.848577936249087e-9,1.0219207258467313e-8,7.127675963474595e-9,6.922757472322947e-9,4.6709472395539316e-8,1.8519508648300661e-9,6.109618953544979e-9,4.597695580712811e-6
t241,7.536279614723516e-9,3.6203016750735395e-8,1.4815873764735424e-8,8.028179571140722e-8,1.7857226533279228e-7,1.437341033743422e-9,5.2756379687567525e-8,1.3940655284413902e-7,1.0802153156469559e-7,1.0683034838136506e-7,0.0,3.543502803055712e-8,2.767859426905799e-9,4.674782695605833e-8,5.6593299701597816e-8,2.2155608747483063e-9,2.5938567200416058e-8,7.175987679131536e-8,1.71152836995431e-8,5.894646651168584e-8,0.0,7.355017774323427e-9,3.6010677549784453e-7,1.606889224447003e-7,3.113526616546759e-7,8.4408136770096e-8,9.158964433131083e-9,2.478647871297632e-7,1.1979928045763862e-7,9.176372099612897e-8,2.377599794522194e-8,1.8622199895749052e-7,1.1591132257881507e-7,0.0,5.015033696636355e-8,1.2378447432360949e-8,8.936237093126089e-9,1.4951591040133495e-7,7.508525538391373e-8,2.8506201561763552e-8,1.5766131737929857e-9,1.2886244111120391e-9,4.992535424281362e-9,3.2173661141624447e-8,5.605137748733777e-9,1.9270285355201081e-7,4.012298138116738e-8,8.939586777353196e-8,1.6520859509791044e-7,1.4849154889477988e-9,1.138633822851167e-8,6.614854885110372e-8,1.8437576340717023e-9,9.056184895823907e-9,1.122079900464796e-8,6.709466890544272e-8,2.3859781343463633e-9,9.048018690902357e-9,1.1450868203358713e-8,7.056319058633785e-8,2.3689677187153547e-9,9.41666140263314e-9,1.1384165568465226e-8,7.048620311706478e-8,2.2311707525067685e-9,9.390347828506977e-9,1.1781135985501435e-8,6.960734796931607e-8,2.438053088489882e-9,9.140667905300533e-9,1.1468595302545938e-8,7.025062620730465e-8,2.2068095369139105e-9,9.219700974948486e-9,1.0445900473608767e-8,6.98527844744675e-8,2.1028142583225423e-9,8.796931341480066e-9,1.0442259554830756e-8,6.455408502445387e-8,2.086043202243538e-9,8.262734882474303e-9,9.864270839757258e-9,6.578398545946814e-8,1.8506302223105169e-9,8.690429050274228e-9,1.320898243193244e-8,8.298135180797624e-8,1.8508128930093066e-9,1.013268993532842e-8,7.538826653038296e-9,7.443400452109282e-9,4.840186512617039e-8,1.8737087957423427e-9,6.4681982941755855e-9,4.6151344262164705e-6
t242,7.56827642248316e-9,3.615161327899178e-8,1.4788047317579494e-8,8.045712395573361e-8,1.784391774021814e-7,1.4397034238218408e-9,5.06430491360206e-8,1.3842118756954258e-7,1.0569192034825339e-7,1.0188991970987416e-7,0.0,3.501071335389246e-8,2.7257859377286767e-9,4.543315713370219e-8,5.572588160563548e-8,2.1465654706078444e-9,2.5450918470931655e-8,6.831349290029198e-8,1.6480830702374582e-8,5.6427218440416365e-8,0.0,7.420980594362635e-9,3.6009026460057754e-7,1.6064539700468905e-7,3.164601426712228e-7,8.532550179338784e-8,9.338249951827063e-9,2.4909501881798507e-7,1.2171389214450555e-7,9.356865180107134e-8,2.418975922710481e-8,1.8639338630866933e-7,1.1671647335215386e-7,0.0,4.867553107133715e-8,1.2435396616143673e-8,8.810374235736508e-9,1.463072661793296e-7,7.338097167715984e-8,2.8623351516587177e-8,1.571151847161291e-9,1.2911183772983607e-9,5.124002950200315e-9,3.4779913058968376e-8,6.197672245262368e-9,1.9994369691962075e-7,4.1706330436940876e-8,9.341579353312234e-8,1.7225699261282204e-7,1.5062227783334742e-9,1.1462122362706395e-8,6.631777571599235e-8,1.849530972216051e-9,9.167907687412546e-9,1.1009757970350673e-8,6.614586999690427e-8,2.351955539156339e-9,8.83676100032247e-9,1.1256418026375015e-8,6.96919350786126e-8,2.3403080487516194e-9,9.196504416033787e-9,1.1209081917273468e-8,6.96759939369024e-8,2.207202309938463e-9,9.191351079400101e-9,1.1561626458554894e-8,6.88173444877126e-8,2.4095899574538136e-9,8.971503028729713e-9,1.1295162385378003e-8,6.96257511294579e-8,2.187324389263344e-9,9.051740112879876e-9,1.0596000710411798e-8,7.082786580996762e-8,2.10668386360488e-9,8.887075226115364e-9,1.0597580725595898e-8,6.548861628584304e-8,2.0891283613343663e-9,8.364241685013546e-9,1.0014105217042397e-8,6.683282689708184e-8,1.8530661249217108e-9,8.78519382077529e-9,1.3084409218428168e-8,8.342492506808393e-8,1.8513340993849318e-9,1.005899139846455e-8,7.967148744788696e-9,8.037993436934217e-9,5.01043131384293e-8,1.892432936420682e-9,6.857466923134284e-9,4.6257400046032e-6
t243,7.585527017403844e-9,3.598024109176051e-8,1.4735396481084929e-8,8.049922770416647e-8,1.7734797446970073e-7,1.4401992250616568e-9,4.8404476654334647e-8,1.374228557899427e-7,1.0346645611021836e-7,9.669699274053288e-8,0.0,3.4586201528562764e-8,2.6990887213341097e-9,4.4139055326958116e-8,5.487995642482886e-8,2.0898191622080773e-9,2.494903163841947e-8,6.466597702070049e-8,1.5883619684948646e-8,5.380611666160836e-8,0.0,7.47646384747937e-9,3.5970982194140986e-7,1.606121710631992e-7,3.218570606559283e-7,8.624299920928046e-8,9.519504621322401e-9,2.4869875150246023e-7,1.235944913238395e-7,9.543000517830102e-8,2.4572009367757806e-8,1.8564974036271892e-7,1.1728897889188867e-7,0.0,4.9497375143931465e-8,1.2979342500792006e-8,8.882272391005523e-9,1.4818872038518473e-7,7.462110068169482e-8,2.9066828644803692e-8,1.5977772570468116e-9,1.3133816075414834e-9,5.270529308148166e-9,3.7440821220398664e-8,6.991336329665088e-9,2.0755313972278733e-7,4.334827861984118e-8,9.651802958998012e-8,1.7831414250262827e-7,1.5278444937467834e-9,1.1482822841166593e-8,6.645420159060689e-8,1.8548439153857507e-9,9.235084500034723e-9,1.0789438572752061e-8,6.516851640764753e-8,2.3188533530740442e-9,8.616266742020307e-9,1.1045359272222813e-8,6.882352849400443e-8,2.3081336961422037e-9,8.961525623318081e-9,1.1015267458671458e-8,6.886747112740549e-8,2.1810597457918186e-9,8.986020788114558e-9,1.1325719332826391e-8,6.800171681761714e-8,2.378179117707576e-9,8.778308444747455e-9,1.1103515904106476e-8,6.897993961365778e-8,2.1656641115154743e-9,8.87847671132164e-9,1.0716141972798262e-8,7.18287798155003e-8,2.111191722463619e-9,8.949260767129004e-9,1.0733669209353058e-8,6.633970375745853e-8,2.090203857660635e-9,8.454073248385655e-9,1.0124146971564453e-8,6.781745254854788e-8,1.8527809716793403e-9,8.848221571875375e-9,1.3728554453750395e-8,8.545875173620114e-8,1.8575392083599122e-9,1.0280401213297877e-8,8.41361237965411e-9,8.716361014065015e-9,5.1877644706526006e-8,1.8998846012635226e-9,7.294221667081712e-9,4.6441536433950325e-6
t244,7.6175028409351e-9,3.61660464559654e-8,1.4800953077057417e-8,8.086292147638857e-8,1.7755309767404098e-7,1.4456500489451874e-9,4.635745211513725e-8,1.3670318188047854e-7,1.0193943759577122e-7,9.217298468234071e-8,0.0,3.420408267393941e-8,2.6772684345061446e-9,4.3041167188986284e-8,5.419104912200466e-8,2.04615148225767e-9,2.4531501453205793e-8,6.146768981052773e-8,1.5470497685122846e-8,5.155741155980908e-8,0.0,7.58529217638629e-9,3.6055333722699204e-7,1.607730410656728e-7,3.2774652250633077e-7,8.791268590779181e-8,9.787272588502202e-9,2.478511755635834e-7,1.259459725575581e-7,9.807999240933619e-8,2.524219899007649e-8,1.8522128446909885e-7,1.1840917665323775e-7,0.0,5.0119337445108454e-8,1.3551610168012477e-8,8.943740719548949e-9,1.497302090729139e-7,7.560200237069785e-8,2.9498665949743386e-8,1.6229281637129664e-9,1.3356430335246648e-9,5.513530809914478e-9,4.099570339020467e-8,8.21565555314887e-9,2.1728445711051362e-7,4.569605643461711e-8,1.0018669403090499e-7,1.865204309249074e-7,1.5555842914928608e-9,1.1704593598728684e-8,6.694503141050668e-8,1.8613714853808642e-9,9.356297919593404e-9,1.0652953021868524e-8,6.431632742069067e-8,2.28498462695696e-9,8.395809213106154e-9,1.092050276850531e-8,6.812806029911815e-8,2.276719905374753e-9,8.740355889099197e-9,1.089684496250038e-8,6.822521258689529e-8,2.1547870667085587e-9,8.78793758426051e-9,1.1184186213084604e-8,6.733204206882702e-8,2.3470247288745164e-9,8.589552876109243e-9,1.0998418314434367e-8,6.851026922516595e-8,2.1438983451988616e-9,8.718983783642278e-9,1.0880403777160536e-8,7.304476062209171e-8,2.1162081670240064e-9,9.016187614348463e-9,1.0934496369912753e-8,6.728424949527569e-8,2.089669467124115e-9,8.539648922095608e-9,1.0296033604192933e-8,6.897162282377959e-8,1.8508914478737292e-9,8.916393853621662e-9,1.4386611217748676e-8,8.755507092825329e-8,1.8588380172619733e-9,1.0462635765410092e-8,9.030290122466866e-9,9.765743005252526e-9,5.4206747820923003e-8,1.8906456029768317e-9,7.940066752756395e-9,4.682795629553133e-6
t245,7.709987464684267e-9,3.714258561821489e-8,1.512285797389838e-8,8.196839882032975e-8,1.810687353200271e-7,1.463786399915333e-9,4.5289708933250674e-8,1.3717132305490365e-7,1.0323669078008878e-7,9.008696708449924e-8,0.0,3.400234462819847e-8,2.6759869074526746e-9,4.27856440775722e-8,5.411160841046335e-8,2.0321142305892433e-9,2.4502026627604657e-8,6.009074997150406e-8,1.5614216618859814e-8,5.076706765314449e-8,0.0,8.003065501992706e-9,3.6881313028946605e-7,1.6197214278706341e-7,3.354764068258839e-7,9.218262320980078e-8,1.0298223824734637e-8,2.522515177855378e-7,1.3105655807439328e-7,1.0372328106586628e-7,2.6523736846997334e-8,1.8860558692578768e-7,1.2244581308840583e-7,0.0,5.064317767546402e-8,1.4199043303413623e-8,9.036497018448456e-9,1.5119221021570987e-7,7.642477070124705e-8,2.992990062143346e-8,1.647682321812686e-9,1.3583176499424667e-9,5.73944973127436e-9,4.4654553918785034e-8,1.0079396415925038e-8,2.2807867409313926e-7,4.8032120808937556e-8,1.0310396054830262e-7,1.9444490696354569e-7,1.5775982208098224e-9,1.2324607696527388e-8,6.8156254300781e-8,1.8721528855527216e-9,9.61754208068397e-9,1.0822727639328224e-8,6.4106686537926e-8,2.268896518379061e-9,8.28410110141408e-9,1.1133058057034551e-8,6.816266594871359e-8,2.2645315325621413e-9,8.646409558191132e-9,1.1107417715168165e-8,6.832517367518777e-8,2.145776808900787e-9,8.718645329043765e-9,1.1415543470888582e-8,6.737952738139322e-8,2.3363491023522947e-9,8.52477892399325e-9,1.1238075902559499e-8,6.880143982470672e-8,2.1387267058288005e-9,8.691637230403837e-9,1.136413519873957e-8,7.52225015701564e-8,2.128585498961812e-9,9.231612009666873e-9,1.1492548193288254e-8,6.89841552429844e-8,2.10577881458732e-9,8.746125884043929e-9,1.073580594535114e-8,7.095262574697398e-8,1.8598754696751133e-9,9.117212793185244e-9,1.5071102653639863e-8,8.975968591970004e-8,1.8657235976434463e-9,1.0591042943765121e-8,9.586075752280713e-9,1.0964264801981316e-8,5.670775737675012e-8,1.8547626426906391e-9,9.382454643917183e-9,4.784543705636824e-6
t246,7.775183472542238e-9,3.804235540280626e-8,1.5471223588479487e-8,8.307691622008287e-8,1.8405148125253534e-7,1.4908059970924681e-9,4.401887035213638e-8,1.3763081926441367e-7,1.0453581580703323e-7,8.738011720294653e-8,0.0,3.3745230078753844e-8,2.661881874094253e-9,4.23931177329127e-8,5.399509983601531e-8,2.0175660641466886e-9,2.4286366874592197e-8,5.821277674034347e-8,1.5068066179255267e-8,4.9736034472464675e-8,0.0,8.40740109472157e-9,3.7646361013119205e-7,1.6312752309000622e-7,3.4353606925919584e-7,9.675307113849443e-8,1.0744507076679416e-8,2.549569300758507e-7,1.3659142654832508e-7,1.0994568446344369e-7,2.7879971986241094e-8,1.9041391051414888e-7,1.266052175781174e-7,0.0,5.111007409424129e-8,1.4754499157671932e-8,8.98981287720246e-9,1.523254550151016e-7,7.702608772503187e-8,3.037390878906827e-8,1.6817765315884935e-9,1.3878926826654336e-9,5.995714716612197e-9,4.7684867442171766e-8,9.581684008404171e-9,2.369037216646692e-7,5.1091031293911285e-8,1.0369488949995662e-7,1.9909610179438622e-7,1.6252766763599732e-9,1.29548015912903e-8,6.936365039670215e-8,1.8922826892164443e-9,9.793612766965376e-9,1.0965107589140694e-8,6.380180429146681e-8,2.259254602822762e-9,8.100744366701082e-9,1.130169207097088e-8,6.813644840420332e-8,2.249919411590941e-9,8.462334175269616e-9,1.129088768694635e-8,6.838419161665189e-8,2.140206651217891e-9,8.576240990134934e-9,1.1614223896553017e-8,6.737156451085795e-8,2.3265050432731817e-9,8.365541110381311e-9,1.1459544024843233e-8,6.905350097226251e-8,2.1383364554202155e-9,8.593610432756262e-9,1.1983123945411728e-8,7.727424901351401e-8,2.1369043744839113e-9,9.357932675127372e-9,1.2060924300562222e-8,7.066008852560659e-8,2.1285931435023873e-9,8.891974412221353e-9,1.112702013240814e-8,7.297235282065903e-8,1.8745878026325523e-9,9.217409085790454e-9,1.5799402998299218e-8,9.19338242811528e-8,1.912058484121304e-9,1.0643776735934816e-8,9.746900251462035e-9,1.1221967665155969e-8,5.938173864390329e-8,2.099953858831637e-9,8.572874486560467e-9,4.865931508723089e-6
t247,7.741375362363666e-9,3.779120883789488e-8,1.5431702269961103e-8,8.314804627797777e-8,1.8143313285988422e-7,1.4814159381812965e-9,4.129368421693928e-8,1.3636300172292422e-7,1.0222151387279337e-7,8.143765441584566e-8,0.0,3.325950278465803e-8,2.644471248702513e-9,4.0947548661086615e-8,5.3132529027224654e-8,1.9709692140287177e-9,2.3718094727049884e-8,5.4210616164657724e-8,1.4559729203364811e-8,4.676856608763493e-8,0.0,8.38442438921993e-9,3.7435945743081415e-7,1.6307980334667232e-7,3.5002970796288457e-7,9.766316447332683e-8,1.0986344395265427e-8,2.467916002206818e-7,1.3861351806195765e-7,1.1263243559580443e-7,2.8449017407987763e-8,1.864664644347189e-7,1.2676282860239034e-7,0.0,5.149057131569064e-8,1.5422740310445988e-8,9.03823687432488e-9,1.5347047088064948e-7,7.736766461108732e-8,3.077856135168875e-8,1.7036702715310937e-9,1.4083354989983758e-9,6.048454688544021e-9,4.9172837847857214e-8,9.782872985353449e-9,2.466072384651095e-7,5.249146378661081e-8,1.0251077679584322e-7,2.0020974078908104e-7,1.5982376383942688e-9,1.3080218418967419e-8,6.978356177053906e-8,1.8813721392321954e-9,9.712038196519785e-9,1.0641056396060262e-8,6.256799562773959e-8,2.21586765229057e-9,7.663821872753965e-9,1.097719491980239e-8,6.718005720017328e-8,2.2166124122767634e-9,8.0287030322078e-9,1.1022739130801187e-8,6.756505579958626e-8,2.112433448599205e-9,8.186052835771531e-9,1.1327560653624482e-8,6.648151331315603e-8,2.293621967325693e-9,7.9923542522337e-9,1.120470497032395e-8,6.836406650591592e-8,2.113244305621448e-9,8.24973717457519e-9,1.1917568375786103e-8,7.854641712691362e-8,2.1361557696863134e-9,9.223906267061925e-9,1.2069244468733186e-8,7.127083494466626e-8,2.1219961210346507e-9,8.742983270246332e-9,1.1143996309019474e-8,7.39129307712061e-8,1.868916234200781e-9,9.044400236363713e-9,1.6531125571314493e-8,9.424063297784576e-8,1.9320306551116195e-9,1.0654545375678724e-8,9.862357285875093e-9,1.1641044656467858e-8,6.15022641643705e-8,2.0602398326280138e-9,8.65530541126337e-9,4.854815883147679e-6
t248,7.859836004944214e-9,3.919876850565151e-8,1.5925814433750978e-8,8.469595288498848e-8,1.8562717538382737e-7,1.5054476036271883e-9,4.0057899151878994e-8,1.3758195972522718e-7,1.0484874168930958e-7,7.874945430790766e-8,0.0,3.309813525805227e-8,2.700495992717749e-9,4.076890905353217e-8,5.3284283873877814e-8,1.9694949632201212e-9,2.3790804731443144e-8,5.2300580841813886e-8,1.4598859252202672e-8,4.577720171390177e-8,0.0,8.909566607349185e-9,3.861150465671161e-7,1.6485639743790295e-7,3.5986743126355055e-7,1.0407733550253399e-7,1.167145858307648e-8,2.483065853417275e-7,1.463901351250326e-7,1.2192869101196815e-7,3.03637902771441e-8,1.8915726293850218e-7,1.327031380761156e-7,0.0,5.123853456821446e-8,1.584248202715445e-8,9.001311600960379e-9,1.5357962301467584e-7,7.697982274445846e-8,3.0947302982190814e-8,1.736605968034656e-9,1.440721899743834e-9,6.427845866883333e-9,5.256316517882803e-8,1.0353877054268443e-8,2.6084307856764203e-7,5.547204240508605e-8,1.0283438006454581e-7,2.0559836220848345e-7,1.6387134128005688e-9,1.3859112433704852e-8,7.142204569240984e-8,1.8966784448777883e-9,9.95986307200991e-9,1.0842481998271936e-8,6.24453006899943e-8,2.2019823877838983e-9,7.413106531973122e-9,1.1254177770414697e-8,6.746443687747999e-8,2.209130254092943e-9,7.792439906737402e-9,1.1291421660320802e-8,6.792957010340917e-8,2.1055432303555262e-9,7.98531206644525e-9,1.1693718945771869e-8,6.673143374644233e-8,2.2857458265404053e-9,7.78874773843974e-9,1.1530138703629434e-8,6.89446664147649e-8,2.11081726591322e-9,8.104973461652314e-9,1.2573462028888422e-8,8.152595798466832e-8,2.1580403264189483e-9,9.375704125176189e-9,1.2819489228856165e-8,7.332587689533089e-8,2.1375094212329924e-9,8.810821393381024e-9,1.1618625436187621e-8,7.63760931791048e-8,1.881367468351811e-9,9.097596106232828e-9,1.719412843638623e-8,9.625660783480452e-8,1.9711718615648995e-9,1.0499638287606997e-8,1.0169861496672418e-8,1.238617258323987e-8,6.45250361811692e-8,2.087304886843403e-9,8.871219126970757e-9,4.968109053180388e-6
t249,8.38317695828572e-9,4.6199815966923216e-8,1.810971069914386e-8,9.060881483628094e-8,2.1230788785353243e-7,1.6089163870354454e-9,4.373142115645398e-8,1.466693550848238e-7,1.1193755316387842e-7,8.700411715456566e-8,0.0,3.395191148570602e-8,2.938009480351731e-9,4.381115860568372e-8,5.6058415880053344e-8,2.1197849813067e-9,2.5554194076262543e-8,5.621881584753902e-8,1.5967412680909096e-8,5.000141694512364e-8,0.0,1.0812249337842791e-8,4.4155679754323814e-7,1.710751625190246e-7,3.7817504810283144e-7,1.3223051365315586e-7,1.4056090502932689e-8,2.832807106259099e-7,1.7466572123497091e-7,1.5757607876390865e-7,3.681427131199296e-8,2.148620353154995e-7,1.5978217133351984e-7,0.0,6.097925790679787e-8,2.0297894471634755e-8,9.654375051792447e-9,1.7292584700262686e-7,8.735977347324171e-8,3.244578866679243e-8,1.809675775013365e-9,1.4639735657438963e-9,7.046134021325447e-9,6.272970431663877e-8,1.2060932541461961e-8,2.920565074790933e-7,6.461323757257023e-8,1.096270997445335e-7,2.3031399236134685e-7,1.7521881753088024e-9,1.525585014591788e-8,7.66597495200882e-8,1.943465851832188e-9,1.1146991043133185e-8,1.1692090251956179e-8,6.616199165539237e-8,2.2680433739612268e-9,7.927236570264395e-9,1.220052706550327e-8,7.201210771394986e-8,2.280549206426704e-9,8.336556227806535e-9,1.2098347677124734e-8,7.141516283857383e-8,2.1554904475400535e-9,8.38426631430769e-9,1.2561581288000088e-8,6.995762834013538e-8,2.344732217564082e-9,8.156280483337976e-9,1.240703838100004e-8,7.279455529830532e-8,2.1523859408855146e-9,8.58635858143307e-9,1.3961132621578792e-8,8.963786135575643e-8,2.231712863115007e-9,1.0425078951466841e-8,1.4413430238408601e-8,7.945972023270155e-8,2.2107091713525155e-9,9.699309049837551e-9,1.2794939941494239e-8,8.312743285706086e-8,1.9405283710988947e-9,9.985276679817027e-9,1.8910304085008554e-8,1.0488881446694262e-7,2.007637920340304e-9,1.1406088031458944e-8,1.1460289450102804e-8,1.3833900156599064e-8,7.099367096598317e-8,2.134215711165317e-9,9.769863295914039e-9,5.541396024466253e-6
t250,9.03388049694702e-9,5.6592898775103925e-8,2.1189759426300273e-8,9.768265034873517e-8,2.489252964206524e-7,1.7597949993524976e-9,4.821393541771003e-8,1.5698667552500776e-7,1.2016016744626816e-7,9.754524553788201e-8,0.0,3.4871799561592984e-8,2.8134586274401724e-9,4.7540375990170535e-8,5.9113020088345385e-8,2.1408621566302296e-9,2.76215193249276e-8,6.02904110268453e-8,1.759760956609542e-8,5.489978654591033e-8,0.0,1.3724139749743015e-8,5.152174172359468e-7,1.7804157834850446e-7,3.9881337164041097e-7,1.8124184778868723e-7,1.777146612501492e-8,3.294730545139552e-7,2.1406991594640645e-7,2.2360287191016359e-7,4.680070309890351e-8,2.489115565568519e-7,2.0061708810479373e-7,0.0,7.668482546245036e-8,2.7904178124227533e-8,1.0454247703799967e-8,1.9950575462140843e-7,1.0288545232746769e-7,3.433608000005912e-8,1.944764405090427e-9,1.5299233347338243e-9,7.750373639002027e-9,7.792472413599667e-8,1.4489776736100537e-8,3.324369595878147e-7,7.692829580204182e-8,1.1723393698155993e-7,2.6158118938046853e-7,1.865643015422387e-9,1.696980847649319e-8,8.255409066318076e-8,2.0264202109894586e-9,1.2632721268362752e-8,1.266786277576795e-8,7.016792748255309e-8,2.336374792829221e-9,8.347441461035361e-9,1.3264460724059844e-8,7.714890726732871e-8,2.35277440951706e-9,8.83541695227972e-9,1.299723904926435e-8,7.511522733077896e-8,2.2062954826774263e-9,8.69428806065688e-9,1.3548700329546999e-8,7.32383659541413e-8,2.404128307128389e-9,8.40394930178631e-9,1.3372191624747676e-8,7.666824932990946e-8,2.2063706552785194e-9,8.918239908425643e-9,1.5709340598954415e-8,9.920346087872223e-8,2.3210317485698704e-9,1.16323462386542e-8,1.6348151608404794e-8,8.630293624916499e-8,2.2926572604181047e-9,1.0612889460288664e-8,1.428868291505723e-8,9.107552933594201e-8,2.001536206739063e-9,1.1198088614133104e-8,2.1177476879031894e-8,1.157670727353294e-7,2.0285216315260895e-9,1.2895681088353554e-8,1.323751864739799e-8,1.580627992522623e-8,7.899770813764987e-8,2.177250425943818e-9,1.101302717333988e-8,6.321884923136532e-6
t251,9.186186821244113e-9,5.944994701417463e-8,2.1979254278553316e-8,9.963746926398007e-8,2.555637739940454e-7,1.7796184042266e-9,5.3535486281709254e-8,1.6894197620500095e-7,1.2960139956761344e-7,1.1166935557319557e-7,0.0,3.583296658642947e-8,2.9281735186628842e-9,5.415586107070999e-8,6.373655828836467e-8,2.2609714420487656e-9,3.107023205172179e-8,6.915590536946866e-8,1.9694175730718238e-8,6.072820936059306e-8,0.0,1.881647507948927e-8,6.220027798181636e-7,1.8551644799087382e-7,4.218127002136534e-7,2.9156681469928265e-7,2.4348236870590644e-8,3.987643844852296e-7,2.791597081570129e-7,3.868811915910928e-7,6.464651047466099e-8,2.996422401867177e-7,2.735333487629457e-7,0.0,1.0595305347011123e-7,4.38973091280414e-8,1.1483361731177351e-8,2.3807845698377057e-7,1.2698684945889435e-7,3.6492050296800275e-8,2.11097224748776e-9,1.6088871684196921e-9,8.592707259102586e-9,1.019356507604636e-7,1.774178758217258e-8,3.860611157104662e-7,9.432984954008898e-8,1.2569659358823193e-7,3.017310986733222e-7,1.9888301643680785e-9,1.8185145280745276e-8,8.432373842564464e-8,2.0344556951513385e-9,1.2887387781941869e-8,1.3987891837510554e-8,7.516461063721115e-8,2.4037753375060667e-9,9.144105593533581e-9,1.4772528410864489e-8,8.375207440294876e-8,2.419289960217042e-9,9.795912632483112e-9,1.4380646753150904e-8,8.127194142484977e-8,2.2629429146294205e-9,9.581920901860547e-9,1.5111516034404574e-8,7.889809759271892e-8,2.4702560602894263e-9,9.236057024011113e-9,1.461457693916781e-8,8.148885196501798e-8,2.251206536323748e-9,9.547299825612596e-9,1.8174098354957007e-8,1.1159708020052067e-7,2.399005628464546e-9,1.3401051764769041e-8,1.9084544481871672e-8,9.512516845978464e-8,2.3663337281639923e-9,1.2181174251968316e-8,1.631382989193362e-8,1.0191836319789742e-7,2.065016775916119e-9,1.3141190083848137e-8,2.433348069203404e-8,1.293105167066197e-7,2.062089518983619e-9,1.4998933647262337e-8,1.5568005604836458e-8,1.8271233591897005e-8,8.895780738255326e-8,2.2337483907694415e-9,1.2595273544770893e-8,7.488371108782707e-6
t252,9.368500039399233e-9,6.327712555652896e-8,2.300274872936774e-8,1.0201956290329507e-7,2.6499203102570136e-7,1.8057505967783529e-9,6.007113977736573e-8,1.8300931160688474e-7,1.4064583584938837e-7,1.3054256592331649e-7,0.0,3.6867775902520396e-8,3.0538059794691747e-9,6.333694749755124e-8,6.939786638593086e-8,2.3993906366047787e-9,3.5732994107517874e-8,8.153391561768692e-8,2.315192008335344e-8,7.074765172650225e-8,0.0,2.14569327665211e-8,6.563453168976038e-7,1.8764769385984552e-7,4.359929829814866e-7,3.6501557414997577e-7,2.8224961590117472e-8,4.09957490273103e-7,3.1328820695351025e-7,5.199470555685334e-7,7.588952007626718e-8,3.103673853743735e-7,3.0410626275850644e-7,0.0,1.736574505951659e-7,8.979458108139843e-8,1.2845993181894053e-8,2.975739247765932e-7,1.6587595309267142e-7,3.884845454976152e-8,2.266021820871509e-9,1.6647907864341497e-9,9.646102337524043e-9,1.4652804706095631e-7,2.289814688860003e-8,4.6508720418209394e-7,1.2108252296569825e-7,1.3678256354321866e-7,3.594575814432638e-7,2.136509104624268e-9,1.9726740628378663e-8,8.622124584102166e-8,2.044302113003699e-9,1.3211341096300265e-8,1.5522633999631086e-8,8.082210122607618e-8,2.4779829007019958e-9,9.992958406549251e-9,1.6598317283926042e-8,9.147519844205566e-8,2.4999436207080996e-9,1.0869039560478087e-8,1.6089272311936387e-8,8.863979301487393e-8,2.3310723000940043e-9,1.0636784752158258e-8,1.7072474005103613e-8,8.556911543202137e-8,2.554042462317124e-9,1.0207349300782738e-8,1.6242190212903262e-8,8.816993318315269e-8,2.310770111221927e-9,1.0421892479086313e-8,1.9945649869713885e-8,1.1741499114644877e-7,2.429921307637914e-9,1.3821618554506847e-8,2.1268720076484925e-8,9.896432198762452e-8,2.3986429639730555e-9,1.2616242902661998e-8,1.772086165225646e-8,1.0706696505050232e-7,2.0969927223824675e-9,1.3830100150015756e-8,2.9012129714448065e-8,1.459804066183271e-7,2.12257796451693e-9,1.7517004646060747e-8,1.869156074362555e-8,2.1296480831422618e-8,1.0169441388202936e-7,2.299313618251884e-9,1.4567146748040585e-8,8.52380462844119e-6
t253,9.506817966156724e-9,6.737786652019168e-8,2.4076193782878495e-8,1.044535459945225e-7,2.7530285486498254e-7,1.8326061854882618e-9,6.820105974643732e-8,1.9939041681409937e-7,1.5366544181664819e-7,1.5632920635255126e-7,0.0,3.791027700114542e-8,3.1827060208216614e-9,7.594341710674175e-8,7.605371298934613e-8,2.553140949678451e-9,4.188795018160994e-8,9.851699803520392e-8,2.8346738007797876e-8,8.56662307018587e-8,0.0,2.496326084221108e-8,6.974314276539616e-7,1.8979748690397895e-7,4.5101173522996257e-7,3.8711620009768833e-7,2.9976398851658016e-8,3.9644977786561115e-7,3.258540522478239e-7,7.794460993545867e-7,9.132215468312153e-8,3.224427241635824e-7,3.412234448971314e-7,0.0,1.9446025212865996e-7,1.2145549343788097e-7,1.3079788567117383e-8,3.101305612461325e-7,1.7249483397979825e-7,3.9099242429987556e-8,2.2603153634369064e-9,1.6727414675627374e-9,1.1085574744505711e-8,2.3455058354209806e-7,3.030066692569506e-8,5.715816177894456e-7,1.6145655042184422e-7,1.4913483864043228e-7,4.336864142056718e-7,2.3382417771693996e-9,2.1475890857134733e-8,8.818764615576091e-8,2.0530618818518953e-9,1.3510316307283229e-8,1.7310635015556824e-8,8.718831636252779e-8,2.5482441868984153e-9,1.0792231188458037e-8,1.884482501744369e-8,1.0074338968185485e-7,2.5703676146190026e-9,1.2086525603436764e-8,1.815364105108311e-8,9.740118455325927e-8,2.3937229819883626e-9,1.1797766861560506e-8,1.952765783472223e-8,9.354064719249587e-8,2.6272948968516057e-9,1.1330989770179918e-8,1.828115801775938e-8,9.634940933669778e-8,2.3659452149350216e-9,1.1494251968429368e-8,2.189471237699548e-8,1.2380179635772794e-7,2.441690255794531e-9,1.4259421579995276e-8,2.1391184890982137e-8,1.004760825686405e-7,2.395806268468795e-9,1.2489769988583201e-8,1.912468882941853e-8,1.1230379026454492e-7,2.1198882407530783e-9,1.4256426664287183e-8,3.198005632224877e-8,1.512353138378931e-7,2.2024429627309873e-9,1.7216186300740848e-8,2.2068387958645457e-8,2.421368333444614e-8,1.1800769461081213e-7,2.431349033564621e-9,1.6109729871863327e-8,9.59101488256884e-6
t254,9.483707066183163e-9,6.722577671187306e-8,2.4122665487352833e-8,1.04840483484249e-7,2.721257479541512e-7,1.8243030857957351e-9,7.923822583048227e-8,2.1949024459680054e-7,1.6949210243493863e-7,1.9660604004811197e-7,0.0,3.900133189680993e-8,3.368349149962593e-9,9.561167549646676e-8,8.407671901252087e-8,2.7277600726958534e-9,5.061728868068366e-8,1.253546512983668e-7,3.6361046476298774e-8,1.0926765020265244e-7,0.0,2.5335090679328203e-8,7.094752699809949e-7,1.9013117964663878e-7,4.6348784132021644e-7,4.1554999410366436e-7,3.1407988009418e-8,3.9167874898102957e-7,3.421746977438009e-7,1.01059559041793e-6,1.009354530114167e-7,3.220833916715827e-7,3.5424892128153304e-7,0.0,2.290454755601949e-7,1.8824776654613408e-7,1.3169217346183487e-8,3.283124299650034e-7,1.844244731225775e-7,3.999900332003236e-8,2.283712403405359e-9,1.6777080568074534e-9,1.1800756704393746e-8,3.28550328175928e-7,3.599232262377054e-8,6.68229227559471e-7,1.9271012472810403e-7,1.5260220522554161e-7,4.778499545182993e-7,2.3316176109808134e-9,2.15284458721158e-8,8.842503479844549e-8,2.0503968440238853e-9,1.3326126987885672e-8,1.954758916071584e-8,9.572007688600574e-8,2.5901714240921453e-9,1.2183016163373944e-8,2.1683330807502527e-8,1.1270637216591172e-7,2.6291813351754538e-9,1.4093114340843619e-8,2.0699754044338133e-8,1.086046229274195e-7,2.440894834469483e-9,1.3633873755608659e-8,2.2606335691757106e-8,1.0359947919806291e-7,2.68516100336409e-9,1.299097430885475e-8,2.073812969554082e-8,1.0670671228162008e-7,2.4228978563541638e-9,1.3075083874403185e-8,2.199463329538856e-8,1.2796586527456103e-7,2.4231791922240523e-9,1.4319205792510541e-8,2.1341486168813142e-8,1.027072365328639e-7,2.373661885545796e-9,1.2635464912886504e-8,1.9468234537640764e-8,1.1731491690013874e-7,2.113295369254877e-9,1.4836911049918422e-8,3.660537520435912e-8,1.5876887543229487e-7,2.1683589089584572e-9,1.8200983872280488e-8,2.3995969039193725e-8,2.7718672840197186e-8,1.3117857660450898e-7,2.4111821418478437e-9,1.698402115786626e-8,1.0619379141671918e-5
t255,9.472135862283041e-9,6.710699969719248e-8,2.4170936585759975e-8,1.0535858336183338e-7,2.69819194897405e-7,1.8340618828709533e-9,9.525342829836214e-8,2.4392488255729395e-7,1.905509641761426e-7,2.5691187992797036e-7,0.0,4.0756934437421576e-8,3.5327193657521786e-9,1.2652947974181687e-7,9.519854414069666e-8,3.050959728593182e-9,6.3281068229394e-8,1.6423719932489208e-7,5.233093169719892e-8,1.5303392311815536e-7,0.0,2.597267782827952e-8,7.154231244364317e-7,1.9111499429988704e-7,4.768886095518614e-7,4.358508963755146e-7,3.390997305347203e-8,3.828369808781547e-7,3.537940245869724e-7,1.3660932678293697e-6,1.1381941969865258e-7,3.1402815117904257e-7,3.594452885304522e-7,0.0,2.8430014210851557e-7,4.6323264487982393e-7,1.3606886103030369e-8,3.5117508978007523e-7,1.967353240342615e-7,4.1077618207703467e-8,2.348985772036072e-9,1.7141717426179437e-9,1.2908361064147709e-8,5.203739152068322e-7,4.3235703616298114e-8,8.125204618616834e-7,2.408978593987303e-7,1.5965820160907834e-7,5.457570938758105e-7,2.395274235990981e-9,2.1531856342862222e-8,8.869269366808801e-8,2.064821965211814e-9,1.3159194835997816e-8,2.1705563980081143e-8,1.0237533776907518e-7,2.7775128701586036e-9,1.2312590610808442e-8,2.4615559242972035e-8,1.243046070272317e-7,2.8464755027685087e-9,1.4495497638782662e-8,2.3433447540783754e-8,1.1956975104736026e-7,2.6232150629014963e-9,1.4133134298935774e-8,2.6018195048565472e-8,1.1258340720042565e-7,2.9111824658181478e-9,1.3290836126703189e-8,2.368697911266754e-8,1.1646286302440128e-7,2.5775811621577224e-9,1.3666451500846493e-8,2.1646928288767113e-8,1.29829052532012e-7,2.5108261688776303e-9,1.354001785328033e-8,2.077643106109955e-8,1.0222619590202754e-7,2.4619433837789834e-9,1.1400342323839343e-8,1.9147254084217502e-8,1.1526606485152716e-7,2.1918497441436233e-9,1.3596723799663853e-8,4.152642400983183e-8,1.656263520536188e-7,2.16780050496289e-9,1.8183267391353846e-8,2.5950553997426024e-8,3.189868228537219e-8,1.4715388019070694e-7,2.430837495195511e-9,1.712317982934264e-8,1.223596333157241e-5
t256,9.42929805269153e-9,6.689193423714425e-8,2.4129783430655934e-8,1.0574718223902128e-7,2.678372243086454e-7,1.825261885523998e-9,1.199698940822743e-7,2.7362421396097706e-7,2.1515434273726605e-7,3.926291226836845e-7,0.0,4.1970821414860014e-8,3.7052683490965507e-9,1.9650902287260162e-7,1.0799622756340477e-7,3.3567482830581655e-9,8.493052834601783e-8,2.557208803686669e-7,9.599146986800233e-8,2.6057681909414144e-7,0.0,2.6623570224541614e-8,7.34781177363936e-7,1.9136655481521619e-7,4.907018794435894e-7,4.746760923554381e-7,3.707401688149289e-8,3.8498160798420496e-7,3.7337904150209407e-7,2.20946897384621e-6,1.3080761197272682e-7,3.1182077608324947e-7,3.695820611345324e-7,0.0,3.595288493828838e-7,0.6802864713548685,1.3998635478184138e-8,3.706385152955571e-7,2.0731807941281953e-7,4.1369721479871335e-8,2.305125558484164e-9,1.6909467554396986e-9,1.4313898646546203e-8,1.0128023501698673e-6,5.803858035348706e-8,1.0555202655853563e-6,3.098966580028485e-7,1.7114791609375146e-7,6.385037019098879e-7,2.4426640327649028e-9,2.1505795656253968e-8,8.895370178515993e-8,2.056911359022645e-9,1.298729738007898e-8,2.5169550612937332e-8,1.1388230427597628e-7,2.831515572134375e-9,1.3687484896661393e-8,2.9516300389766787e-8,1.4277659419444644e-7,2.893385674342534e-9,1.6758348535118847e-8,2.7889676383904034e-8,1.3681747081210227e-7,2.6661187531484875e-9,1.636117952382259e-8,3.1706878732050383e-8,1.2734795503227598e-7,2.963300638415538e-9,1.5141886532980587e-8,2.81509341897188e-8,1.3202588317640482e-7,2.6275680508445936e-9,1.5616318706395456e-8,2.183667501486469e-8,1.343294656895848e-7,2.4808742443978445e-9,1.3523095958511907e-8,2.089793248883861e-8,1.0483042254373439e-7,2.4271236502743896e-9,1.1303993886105081e-8,1.927412155691257e-8,1.1868716048407116e-7,2.165468663078804e-9,1.3510580000128887e-8,4.5263210410507325e-8,1.728311785469108e-7,2.1628471658165012e-9,1.814482239075268e-8,2.870279531542854e-8,3.774032993007481e-8,1.6590764535928175e-7,2.4455728176326095e-9,1.8108722455385285e-8,0.6803009630385836
t257,9.368313078646571e-9,6.621524267276511e-8,2.3995637946211362e-8,1.0597226336626939e-7,2.651202181933201e-7,1.8106676451505585e-9,1.6653604774403643e-7,3.138313883779584e-7,2.4842573146880424e-7,8.089098151341028e-7,0.0,4.334754524556337e-8,3.953013918079152e-9,4.1506293602856875e-7,1.241162114481176e-7,3.696532665794229e-9,1.2616670542816902e-7,5.721299899622069e-7,7.616953291707245e-7,1.0007285459318772e-6,0.0,2.7286836224160892e-8,7.569844510917486e-7,1.920232287132406e-7,5.058880940395171e-7,5.298434792196677e-7,4.1408070634014105e-8,3.955878149029778e-7,4.003193455550705e-7,4.875439704538831e-6,1.4812635256485466e-7,3.0908655961996897e-7,3.705417764908591e-7,0.0,3.533286649457108e-7,0.8113297312707656,1.4122772775305848e-8,3.683324172632218e-7,2.0352155247783633e-7,4.146418315137111e-8,2.2518791792192126e-9,1.6635977088426685e-9,1.559453898169823e-8,5.515548622433703e-5,8.196372281765049e-8,1.422211546356164e-6,4.3406178855035334e-7,1.853361670871944e-7,7.565710891396007e-7,2.4949251396196153e-9,2.1253746060256072e-8,8.901925207504525e-8,2.046441385069461e-9,1.2806637750424348e-8,3.076159503221808e-8,1.2918909417788788e-7,2.898292362286655e-9,1.6013453968025527e-8,3.770586050163232e-8,1.652569439043757e-7,2.9398392751143447e-9,2.0853270916129453e-8,3.518634223288179e-8,1.5769268761364026e-7,2.7090838348833098e-9,2.018798687634265e-8,4.143532930298548e-8,1.4570854035174782e-7,3.0039643915360748e-9,1.845945191174676e-8,3.586507484487977e-8,1.5278297301686253e-7,2.67256309065187e-9,1.9307021491533e-8,2.242098629882301e-8,1.3880382285296307e-7,2.4591725865952068e-9,1.3816944062975967e-8,2.1634405343026212e-8,1.0833961173833777e-7,2.3998296932591243e-9,1.1764321741245487e-8,1.9570659583843324e-8,1.2126099444188986e-7,2.141857548168646e-9,1.3858608084728045e-8,4.2959926726497795e-8,1.738865664116179e-7,2.1570809910170866e-9,1.7549886517377123e-8,3.1681402458070885e-8,4.4319544742850114e-8,1.8969068443799064e-7,2.483348467895049e-9,1.9134208562940024e-8,0.811404551382994
t258,9.315101592518251e-9,6.579185381954353e-8,2.4067016253585377e-8,1.0629563390615211e-7,2.635954292832874e-7,1.8004773838548534e-9,2.5211242690530157e-7,3.6429793326414465e-7,2.926086901300761e-7,2.3567402523101773e-6,0.0,4.4199695923040606e-8,4.077587919486776e-9,1.2375483504787924e-6,1.3748578875270936e-7,3.865874172117266e-9,1.8388195103449831e-7,2.269155120202883e-6,7.383319877732594,1.2358306294960235e-6,0.0,2.797944402673963e-8,7.760953455494021e-7,1.9245179922182212e-7,5.213258634308111e-7,5.864619109339155e-7,4.613657249578631e-8,4.057182898755242e-7,4.291801322749827e-7,1.7717313911991135,1.6268036287865837e-7,3.0210040470672503e-7,1.2265643947915843e-6,0.0,3.6302796844729536e-7,0.1536745558013704,1.4403427065168024e-8,3.72291403826599e-7,2.0507092469712626e-7,4.165895599595941e-8,2.1919728200307277e-9,1.6307889402237523e-9,1.639368777368867e-8,5.892176777224297,1.0719468928704889e-7,2.085485466565893e-6,5.901000736397145e-7,2.031267701182959e-7,9.049938198918247e-7,2.5013744221608496e-9,2.1100837194090866e-8,8.908053341558512e-8,2.041104267965227e-9,1.269782441826799e-8,3.810429554339295e-8,1.4716742668822853e-7,2.901607948398881e-9,1.833383890638261e-8,4.668184608914907e-8,1.8302512539820497e-7,2.9249102286850884e-9,2.3532171167712686e-8,4.310556301811138e-8,1.742481178684024e-7,2.6828706458578237e-9,2.2767670156192316e-8,5.1846033337783134e-8,1.5975708809795435e-7,2.9830568307313137e-9,2.0431390021297785e-8,4.1003386878975404e-8,1.5768432231320896e-7,2.5986753551683086e-9,1.9191308371409612e-8,2.2681292001496744e-8,1.4286592083500103e-7,2.397726250795467e-9,1.3906017897728548e-8,2.214882108236838e-8,1.117751398787214e-7,2.3341023339002305e-9,1.1808075702601852e-8,1.961010358920161e-8,1.2009880918741535e-7,2.081710499440235e-9,1.3757494341196929e-8,4.2023478502507264e-8,1.7537231037298503e-7,2.131614132039711e-9,1.7435650630329695e-8,3.436324108230375e-8,5.027705862367132e-8,2.1258253143696197e-7,2.486037009902093e-9,2.0211101819619378e-8,15.200923369632275
t259,9.260635026529099e-9,6.564510882721224e-8,2.4393526308840257e-8,1.0674852212236229e-7,2.6338982184553255e-7,1.7930377820477858e-9,1.2433477796643898e-6,4.5119984296362785e-7,3.5282814228808453e-7,1.7263229409435073e-6,0.0,4.355720668610719e-8,4.1956825951976025e-9,9.781863315683433e-7,1.3460061782715381e-7,3.5767105382911086e-9,1.7652087451253026e-7,1.4197044449593387e-6,0.6438409462467045,9.749649146263353e-7,0.0,2.9019506277071487e-8,7.992279663386397e-7,1.9308282137699355e-7,5.384462780458662e-7,6.589466418824606e-7,5.308771216791447e-8,4.2280610565532013e-7,4.6388955299329433e-7,1.22765699035594,4.018087723316387e-7,6.240011132194981e-7,1.2241156054442137e-6,0.0,3.836177763990435e-7,0.04950253249269057,1.484611100276463e-8,3.799568070956326e-7,2.0937971859100583e-7,4.1883210684076295e-8,2.1431565423019185e-9,1.6065812875325593e-9,1.734282819350532e-8,4.851513680222006,1.4596216160596657e-7,3.868106626912408e-6,9.836554783364672e-7,2.3103694640745844e-7,1.1599386536766597e-6,2.517724607516978e-9,2.103430534743859e-8,8.920663697042831e-8,2.0368295911027243e-9,1.2630869066437622e-8,5.345603323438962e-8,1.76135288586025e-7,2.87155088027228e-9,2.6552616024580052e-8,5.0070262961380796e-8,1.8120393148797497e-7,2.7680179980515966e-9,2.4221095733411322e-8,4.5656499242734336e-8,1.728044137719251e-7,2.5324199832008094e-9,2.349973151700425e-8,5.634466718929739e-8,1.5881346350674457e-7,2.8103182557074657e-9,2.109333886379521e-8,4.2376343159017904e-8,1.5807150640245052e-7,2.4523064728372216e-9,2.02867829482694e-8,2.342607866795069e-8,1.4719270289502358e-7,2.3056205870504957e-9,1.4095016450886004e-8,2.3157725194161137e-8,1.1602039531652867e-7,2.227121903364104e-9,1.3215175421549336e-8,3.071438137848142e-8,1.7783118467066095e-7,2.078293451006234e-9,1.998593491524421e-8,4.1451398123408035e-8,1.769995971283102e-7,2.103289129931191e-9,1.7506205776045115e-8,3.859454731717963e-8,5.910541456162893e-8,2.4228609169543707e-7,2.4852884205831766e-9,2.1999460111333592e-8,6.772537503689489
t260,9.244000560138836e-9,6.588437648158254e-8,2.4998613674715926e-8,1.0743052135218562e-7,2.6475568692022836e-7,1.795454848740693e-9,7.746891621201012e-7,4.4885992209079584e-7,3.6573047182326075e-7,1.246585400264247e-6,0.0,4.3366272417029e-8,3.8910709593614745e-9,6.694346814743284e-7,1.3202115940196524e-7,3.797862302546364e-9,1.6224836006180743e-7,9.676665540039697e-7,9.010461889240664e-7,7.068952200599729e-7,0.0,3.077884042981716e-8,8.276782686198475e-7,1.9358410844451602e-7,5.562213244532593e-7,7.951382347829341e-7,6.498064554093975e-8,4.4704257949706646e-7,4.980885460581573e-7,2.437949711693198e-7,5.635321305780822e-8,3.063261376386302e-7,2.634803547644176e-7,0.0,4.2012523326680554e-7,0.026130428717305376,1.5258504686075636e-8,3.931623464296791e-7,2.174099919436942e-7,4.2189210605880975e-8,2.126186976814149e-9,1.6048793837634413e-9,1.8468597674660153e-8,5.256086351959041,2.468769259140919e-7,1.955332160238875e-5,4.267412838206884e-6,2.759428146201906e-7,1.6588895482776448e-6,2.5509503253453933e-9,2.1048497632231103e-8,8.938324394616892e-8,2.039758730840391e-9,1.2649397171174837e-8,5.287652495052658e-8,1.7118945970532575e-7,3.255517980905623e-9,2.139821190026013e-8,4.512866281576872e-8,1.7612564632429716e-7,3.121329816530623e-9,2.0173707745270057e-8,4.156606448495811e-8,1.6855037875940808e-7,2.8747661167355694e-9,1.967383967621602e-8,5.022517373064731e-8,1.5498984008573907e-7,3.1950520662253163e-9,1.777379939482659e-8,3.915664136301515e-8,1.5606448950312697e-7,2.7885633479609543e-9,1.7505098912922027e-8,2.358001918739284e-8,1.516850194092145e-7,2.5689617216793148e-9,1.4129827673905657e-8,2.328259603714519e-8,1.201016896511361e-7,2.5329167844151635e-9,1.1904262624141947e-8,1.5681871689504608e-8,9.33552465692216e-8,2.1893085261663434e-9,1.2031247917124359e-8,4.1546295007826166e-8,1.7879905163055227e-7,2.102031748822043e-9,1.7783922305083537e-8,4.549691216151074e-8,7.494013916723749e-8,2.8256760893737184e-7,2.494205555169911e-9,2.485655163309568e-8,5.282257516207533
t261,9.270808127219558e-9,6.645135849608681e-8,2.5764907989871435e-8,1.0830496408847422e-7,2.6751290070459147e-7,1.7942102746651571e-9,4.773169734241362e-7,4.278477619335347e-7,3.367193112604752e-7,9.011849503895293e-7,0.0,4.232012575813024e-8,3.7136019368757306e-9,4.458173850692284e-7,1.21430913387181e-7,3.559509933572522e-9,1.3409793500910035e-7,6.567927155483278e-7,3.2074319673943843e-7,5.076082891399724e-7,0.0,3.0876593454667287e-8,8.35942108416514e-7,1.9343672941683646e-7,5.70703654000989e-7,8.435191635993904e-7,7.281234362773783e-8,4.7020847249723194e-7,5.04997567543266e-7,2.4254715544172664e-7,5.543967482570174e-8,3.0814375346102094e-7,2.2491768443159565e-7,0.0,4.532523158102911e-7,0.018628313057687907,1.6041819575631958e-8,4.118276581496991e-7,2.2917606734289505e-7,4.187484011846579e-8,2.129120733234263e-9,1.6149514846856834e-9,1.5168528818572882e-8,6.6993493762331695e-6,9.998794781335794e-8,0.00010227821449543968,0.6368078766042361,2.9833394635698703e-7,1.986731998897113e-6,2.40581197020538e-9,2.114915067829496e-8,8.957234450533704e-8,2.0346910324047017e-9,1.2756783541336983e-8,4.6101417463721886e-8,1.656000019499116e-7,3.0668224801773635e-9,1.9682440847548878e-8,4.0733009939831294e-8,1.699523539232758e-7,2.9188665745233533e-9,1.8708488131300706e-8,3.7894731733063486e-8,1.6310380808063345e-7,2.6950018116293736e-9,1.8238590145321e-8,4.487304369338618e-8,1.5142926923693025e-7,2.989309280081335e-9,1.66972187675794e-8,3.629164037052306e-8,1.534470807949165e-7,2.6280559893515146e-9,1.64855799686387e-8,2.423040888911663e-8,1.542527543848712e-7,2.4681310291432883e-9,1.4291477924889574e-8,2.4063371567571444e-8,1.2515063236290427e-7,2.437043393031009e-9,1.208142982508219e-8,1.557155866314218e-8,9.645837553745168e-8,2.091732088413938e-9,1.1867497215165211e-8,4.2482719139308634e-8,1.8019188298854195e-7,2.1034204892098647e-9,1.8155541924813313e-8,4.14505972107645e-8,5.702661600067071e-8,2.912982316830637e-7,2.4457175460488446e-9,2.3007109069000707e-8,0.6555603197434723
t262,9.259617580318561e-9,6.582662951270114e-8,2.630253318104452e-8,1.0899941443689523e-7,2.7005952677227684e-7,1.7891932354799758e-9,1.3434494027718052e-7,2.4898536867902347e-7,2.0123995969091382e-7,2.6942138107076687e-7,0.0,3.9978797982333763e-8,3.4151501003344086e-9,1.105722096133199e-7,8.737436294243633e-8,3.0272202260685514e-9,5.33563133726052e-8,1.8167999054466618e-7,4.6530375643543066e-8,1.422995240536214e-7,0.0,1.4825966470011648e-8,6.073555619179796e-7,1.849662611376185e-7,4.472923460493726e-7,2.1898552798415104e-7,2.2295460751508525e-8,3.6399639390772373e-7,2.5121637900722243e-7,1.4252780876068655e-7,3.479479399435662e-8,2.5111266286313917e-7,1.55921834508722e-7,0.0,1.0857124830219453e-7,2.8306003976114852e-8,1.3216261681761078e-8,2.524005953150761e-7,1.3223107548591132e-7,3.551028485855316e-8,1.8633575085715533e-9,1.471358577514163e-9,5.3299147756888075e-9,4.0899514168145655e-8,6.452089833136815e-9,3.8011139046099725e-7,5.3212694757208316e-8,9.771382132559545e-8,2.0273711251169195e-7,1.5202193894189233e-9,2.1242626122966076e-8,8.973652908788162e-8,2.022613933787139e-9,1.280522562420417e-8,2.3284579993071705e-8,1.1134605833892141e-7,2.804535553897876e-9,1.4984458703961295e-8,2.2041927960262564e-8,1.1174264206413402e-7,2.648454846203756e-9,1.4696404690427194e-8,2.094279557557971e-8,1.0824284514609924e-7,2.4657555971997875e-9,1.4201981262824498e-8,2.2991490168807454e-8,1.0483709876188154e-7,2.7075657335229633e-9,1.3568884166816412e-8,2.0494565881872732e-8,1.051190550031507e-7,2.4141931846289085e-9,1.3153494030084842e-8,1.6844705177569067e-8,1.0671831909403132e-7,2.3107676756609276e-9,1.1897336292424217e-8,1.6795883014730657e-8,9.484115911265517e-8,2.275245491413372e-9,1.0768358396162131e-8,1.2444486303905828e-8,7.813145284190304e-8,1.9617666888170754e-9,1.0561903259200603e-8,2.2199395886908684e-8,1.1628918414861255e-7,2.000475738767149e-9,1.3825229959184424e-8,8.968938301032748e-9,8.818893775956735e-9,5.45929815113573e-8,1.947375081496531e-9,7.355645626438551e-9,7.523345734006017e-6
t263,8.235540835118397e-9,3.87474480413871e-8,1.4954936528058928e-8,7.574115452393325e-8,1.8887457551567919e-7,1.5879305052139602e-9,5.506655707092992e-8,1.2629686823750699e-7,1.1416177903186881e-7,1.106209678697373e-7,0.0,3.5918694171301595e-8,2.8952951057331307e-9,4.603088495607368e-8,5.2297567604738114e-8,2.4067071547959702e-9,2.3549989651142585e-8,7.480800674851268e-8,1.836680716567678e-8,6.035802863612186e-8,0.0,7.339191501998718e-9,3.407469566799264e-7,1.6785870322514708e-7,2.6394748640255523e-7,8.887693473363369e-8,9.435928945131978e-9,2.3167738365618473e-7,1.2062053843112441e-7,7.761208916578744e-8,2.0002470067389733e-8,1.6816684933334265e-7,9.604497953997267e-8,0.0,3.661384492613425e-8,8.663744245176274e-9,7.713624239721302e-9,1.1325363584594648e-7,5.894037864601002e-8,2.0099403248643917e-8,1.4445001407921436e-9,1.2157223639026007e-9,3.860076284748737e-9,2.4731927943958103e-8,4.25268587764189e-9,2.242502222592502e-7,3.203514609146606e-8,7.690886040527165e-8,1.3351601133499965e-7,1.2595513877932666e-9,1.3290931527988362e-8,6.685252111489862e-8,1.93323563617406e-9,9.731917865320892e-9,1.1717280541470778e-8,6.623519495664467e-8,2.4942896576394906e-9,9.220194585153129e-9,1.1418862142540928e-8,6.589364215185337e-8,2.3644234055524236e-9,9.108155448086622e-9,1.1229630005135508e-8,6.516308133224823e-8,2.2202144494032586e-9,9.004732219339161e-9,1.183581034972039e-8,6.460514609317658e-8,2.417746010446743e-9,8.769524231822646e-9,1.1137040242953703e-8,6.434738096496355e-8,2.1796840078477194e-9,8.61659974933326e-9,1.0206618941112791e-8,6.523554625011885e-8,2.1208246899393835e-9,8.251097807408112e-9,1.013616569211684e-8,6.145391205405068e-8,2.10043682135186e-9,7.666260491452946e-9,8.620367895521337e-9,5.4911430149339094e-8,1.8199748118796941e-9,7.665693329116288e-9,1.0150785991084507e-8,5.701093039473741e-8,1.8167757777959353e-9,8.152603182294637e-9,6.16871111731643e-9,5.938848111908337e-9,3.6241778954629944e-8,1.7527398884799407e-9,5.353574961696096e-9,4.296570902280247e-6
t264,8.230977293174935e-9,3.878403348836999e-8,1.5122215446097155e-8,7.608325576388551e-8,1.8976401777789601e-7,1.587933548055532e-9,5.338912644152623e-8,1.2528420591649696e-7,1.1082131111295743e-7,1.0634644719369338e-7,0.0,3.567289036936304e-8,2.7942993538231986e-9,4.5009700382440075e-8,5.155458299240228e-8,2.31612220978693e-9,2.3216373750334796e-8,7.173415672487576e-8,1.7749276179370854e-8,5.882493326454308e-8,0.0,7.456597872408591e-9,3.437361812228113e-7,1.6800234022290248e-7,2.6830134378718265e-7,8.993157715134163e-8,9.546368597589505e-9,2.3783257825216178e-7,1.232204400397316e-7,7.776887746866069e-8,2.0453866806857674e-8,1.7225119891390586e-7,9.772762438609646e-8,0.0,3.6722650877195815e-8,8.550234997132677e-9,7.779339853368312e-9,1.1429049960735674e-7,5.9392877875032976e-8,2.006114495639702e-8,1.4354935772873433e-9,1.2133726670316595e-9,3.95630250969578e-9,2.638338583460062e-8,4.649451668693591e-9,2.2944188484433975e-7,3.3506942719673204e-8,8.280806997784454e-8,1.431435108071519e-7,1.2704918820531362e-9,1.332733968929289e-8,6.6983074864204e-8,1.929526127077692e-9,9.787281568648304e-9,1.1504799218811796e-8,6.509830054450591e-8,2.448155247784496e-9,8.872380909312506e-9,1.1203500763937046e-8,6.479544428597836e-8,2.354666317774475e-9,8.786938115157591e-9,1.1077277675820534e-8,6.417271598754554e-8,2.2142144533579895e-9,8.73341621755799e-9,1.1588991644119757e-8,6.378825627912828e-8,2.407144636400261e-9,8.500309959303072e-9,1.1024259331767402e-8,6.38075831397038e-8,2.1775151633546104e-9,8.42116325744618e-9,1.0379250805033939e-8,6.553021553578275e-8,2.130281590278897e-9,8.294718217040869e-9,1.0295362995357239e-8,6.273211755620859e-8,2.1161855253558694e-9,7.632328855456315e-9,8.813025954716088e-9,5.647010688080234e-8,1.840047269572745e-9,7.684009400296861e-9,1.0262234890305981e-8,5.7210507498038294e-8,1.8065417800831274e-9,8.301523764961527e-9,6.577902634840675e-9,6.4320883236222204e-9,3.754937382511401e-8,1.7550774416106804e-9,5.7191984980528005e-9,4.3296568632261215e-6
t265,8.20464862693689e-9,3.865563452970362e-8,1.5184971083339586e-8,7.627017889948218e-8,1.8974772171025235e-7,1.583413770626917e-9,5.206014708196619e-8,1.2475522767092885e-7,1.0840105540041322e-7,1.0315784667086412e-7,0.0,3.523141689476538e-8,2.701801879922144e-9,4.420713449771996e-8,5.085034333616938e-8,2.193052378192874e-9,2.293038046079627e-8,6.95243547153207e-8,1.7377002790970978e-8,5.7317906672473956e-8,0.0,7.593996638818905e-9,3.484084903189567e-7,1.6826611690134349e-7,2.7276089249776216e-7,9.21419110694578e-8,9.845160750901396e-9,2.442149386292921e-7,1.2645219775800055e-7,7.83746429353412e-8,2.102532429729275e-8,1.763406125515174e-7,9.953815953983191e-8,0.0,3.6782617781874573e-8,8.52042004970814e-9,7.790472543185676e-9,1.1512893399645182e-7,5.975366354553218e-8,2.0154630773776216e-8,1.4287632859423665e-9,1.2139266037320734e-9,4.0540615593722666e-9,2.8227599857078345e-8,5.086962302968642e-9,2.3352202113036257e-7,3.490492166292581e-8,8.817382962175689e-8,1.5217152482497943e-7,1.2793582968363449e-9,1.3321331272968843e-8,6.706119500297786e-8,1.927098402994373e-9,9.825044864317657e-9,1.1300442044466856e-8,6.459903799548457e-8,2.3954693754946263e-9,8.712570833434075e-9,1.1053752571914146e-8,6.416893990778097e-8,2.3065784478332203e-9,8.654333360796185e-9,1.0944765645643728e-8,6.362828114771994e-8,2.1697748864908104e-9,8.60670773959304e-9,1.1417725646622791e-8,6.339198584460216e-8,2.3638887297949127e-9,8.407586347098071e-9,1.0937882156914806e-8,6.367582933911314e-8,2.1361929174883265e-9,8.357520211996684e-9,1.0537503018126712e-8,6.645912288644909e-8,2.1227499006879325e-9,8.442468197587044e-9,1.054969652775992e-8,6.444367054678179e-8,2.1089895940348884e-9,7.785797454615804e-9,9.034366352182204e-9,5.820670786291051e-8,1.826357841098522e-9,7.82099662107634e-9,1.0392137453494786e-8,5.7403070739539904e-8,1.8080035588649646e-9,8.475053491015659e-9,6.998832286658852e-9,6.959759495446226e-9,3.8723303125808853e-8,1.7620797673980275e-9,6.102519867622659e-9,4.3728375120785475e-6
t266,8.175517982939848e-9,3.843471492604179e-8,1.5167629881373173e-8,7.634607452297206e-8,1.8899443007724552e-7,1.574676849598359e-9,5.0559308418860865e-8,1.2435292396235843e-7,1.0619384255376305e-7,9.956300501448078e-8,0.0,3.4873897905947155e-8,2.674073779572023e-9,4.329214433007222e-8,5.022848284894122e-8,2.082329967986829e-9,2.263744051274068e-8,6.690385291808896e-8,1.6998644974776108e-8,5.55960387541674e-8,0.0,7.726458300191952e-9,3.5228610266525177e-7,1.6862892467811728e-7,2.7731532003365015e-7,9.41803749062282e-8,1.014920913061719e-8,2.4864677193133695e-7,1.2946481023274104e-7,7.897314512165566e-8,2.1649878975297472e-8,1.7974056856207792e-7,1.0109159667042288e-7,0.0,3.6850329049665557e-8,8.520592744455922e-9,7.877046863185453e-9,1.1577961112980321e-7,6.009619718041113e-8,2.024262797473129e-8,1.424419218118906e-9,1.215617310266884e-9,4.1438665801919156e-9,3.011884602669919e-8,5.571965847505661e-9,2.371903377847183e-7,3.618175337548459e-8,9.248092235586677e-8,1.5973582633605513e-7,1.2871103595278772e-9,1.33045074723058e-8,6.709789079657375e-8,1.9248990858287595e-9,9.86567972910424e-9,1.1092161767967665e-8,6.39467028146254e-8,2.35233436626473e-9,8.490926460689586e-9,1.090956892747209e-8,6.345271145061873e-8,2.282689275788037e-9,8.474675252542915e-9,1.0807953403956891e-8,6.299861503139098e-8,2.143984887542761e-9,8.432928455024207e-9,1.1243139459257164e-8,6.286502090659799e-8,2.3367326745344082e-9,8.259853294484264e-9,1.0850119311057326e-8,6.343056315636781e-8,2.115560182703446e-9,8.250207079103768e-9,1.070832402776333e-8,6.729432371124414e-8,2.119629338921502e-9,8.555920840012007e-9,1.079308645796901e-8,6.599243168241196e-8,2.104530158351782e-9,7.889428149710034e-9,9.300322121304504e-9,5.980908579882935e-8,1.8280697974742857e-9,7.979544916340845e-9,1.0516582255416343e-8,5.759744637758575e-8,1.8110226429119998e-9,8.654512095999386e-9,7.405038733312068e-9,7.51026366859115e-9,3.9818958565805105e-8,1.7746409401801209e-9,6.477218334322994e-9,4.406089067382462e-6
t267,8.153329204676076e-9,3.8182338189074244e-8,1.5137756278636542e-8,7.636906355354355e-8,1.8775041205504037e-7,1.5667731808817936e-9,4.886980321924957e-8,1.2384956570061965e-7,1.0397280840551496e-7,9.502914511457398e-8,0.0,3.449359670550826e-8,2.68527825585994e-9,4.2247655804792666e-8,4.95555748568355e-8,1.980074384840658e-9,2.2322203107354846e-8,6.327355376833348e-8,1.6537178575076544e-8,5.347497812349175e-8,0.0,7.857138510127124e-9,3.555018219136573e-7,1.6896690207552243e-7,2.8184990837492355e-7,9.605338159862171e-8,1.0435509445217212e-8,2.510003962936699e-7,1.3236050100792687e-7,7.935450000314106e-8,2.2275511474823364e-8,1.822475475400643e-7,1.0243400113926697e-7,0.0,3.677585970751934e-8,8.50080794394981e-9,7.923834912993885e-9,1.1619536759457275e-7,6.038723167034035e-8,2.033610338417695e-8,1.4227617991456133e-9,1.2194150600632154e-9,4.234924619084021e-9,3.1875693013699704e-8,6.175598424223008e-9,2.4078867622076356e-7,3.742165486424903e-8,9.593171958026957e-8,1.6635993433072691e-7,1.2960610934447486e-9,1.3267135608545122e-8,6.711119279241195e-8,1.924454276958922e-9,9.889252485248615e-9,1.0846561792023372e-8,6.31390653619377e-8,2.3068485605289315e-9,8.230346044416668e-9,1.0715519856920638e-8,6.262381501003612e-8,2.2636997933804684e-9,8.234184026119785e-9,1.0626973544531549e-8,6.227817181915366e-8,2.1212692449804516e-9,8.209200249082535e-9,1.1005308321128174e-8,6.221574821795584e-8,2.3180618229438775e-9,8.045752907591057e-9,1.0706646932548968e-8,6.309721803654896e-8,2.095956276678282e-9,8.087087087657087e-9,1.0833739938869736e-8,6.804998805380349e-8,2.107822021695019e-9,8.660029386516081e-9,1.1011892365029042e-8,6.738415577877715e-8,2.0975710519076813e-9,7.968769668829501e-9,9.507579675339456e-9,6.128945322125005e-8,1.831710047431766e-9,8.081837995356033e-9,1.0647252858269235e-8,5.7779420387938726e-8,1.8046678380726216e-9,8.843726204092271e-9,7.815034617218223e-9,8.133174101070569e-9,4.0954225108041156e-8,1.7882026873714577e-9,6.889539262358744e-9,4.427473114418655e-6
t268,8.143326170467146e-9,3.7922485338770244e-8,1.5092843803785183e-8,7.636640697227208e-8,1.861859333468397e-7,1.5542697984753287e-9,4.752794103214282e-8,1.2333086983063059e-7,1.0223416837037872e-7,9.218168545064206e-8,0.0,3.4135200699226186e-8,2.629188544706266e-9,4.186975932972401e-8,4.908809043110579e-8,2.023376926504413e-9,2.2155983936771358e-8,6.111953854305901e-8,1.6317230547770956e-8,5.1742103927729436e-8,0.0,8.087258956959109e-9,3.618629032129146e-7,1.6985448218457497e-7,2.8731281239545303e-7,1.003874173843627e-7,1.1044386714419095e-8,2.563010326890541e-7,1.3596959737459427e-7,8.119577809273061e-8,2.3137289981284305e-8,1.8663137420198748e-7,1.0445294107078342e-7,0.0,3.6584771302221186e-8,8.469436412072878e-9,7.95893528439723e-9,1.1659640396957801e-7,6.118753956564721e-8,2.0388153910278204e-8,1.4229274673313247e-9,1.223289318490694e-9,4.319324185897553e-9,3.366685835887719e-8,6.923680123238311e-9,2.444809276272905e-7,3.858197077958212e-8,9.846072804767182e-8,1.7182687119735275e-7,1.3046666389762152e-9,1.3222830632694136e-8,6.712459291878097e-8,1.9182340938855524e-9,9.911314074884007e-9,1.0886617028361817e-8,6.274019844527353e-8,2.2436588498629107e-9,8.398357551905408e-9,1.078725749283013e-8,6.237036991251389e-8,2.2356769004617133e-9,8.43302576387068e-9,1.0681046708664747e-8,6.20094746671915e-8,2.104443856030107e-9,8.362176632808991e-9,1.1059767663287031e-8,6.208623773244682e-8,2.2871604270439843e-9,8.259831800935305e-9,1.077653550529223e-8,6.3076682106575e-8,2.0843540741730003e-9,8.247925100835164e-9,1.1302799942911425e-8,6.922242546369457e-8,2.0887395714652176e-9,8.963838170879217e-9,1.1492305634998592e-8,6.934220576403365e-8,2.0700820930874917e-9,8.46817770111014e-9,9.896069737512764e-9,6.29954830063528e-8,1.843398516613758e-9,8.565509625734561e-9,1.0844935972266126e-8,5.8052349432781986e-8,1.7665850889470469e-9,9.078600484524415e-9,8.216237922860253e-9,8.832221112006881e-9,4.212205917665335e-8,1.7972431467761486e-9,7.323175983722312e-9,4.476846374938564e-6
t269,8.14496482142986e-9,3.7769350111697445e-8,1.508404327780923e-8,7.639621811643474e-8,1.8483364054923368e-7,1.5433568551722127e-9,4.561756148847386e-8,1.224932327566002e-7,1.0011318942338299e-7,8.779874741660484e-8,0.0,3.3728022901404697e-8,2.5730411580345066e-9,4.087531653274857e-8,4.845794763140885e-8,2.0286783830715196e-9,2.1795337486649412e-8,5.5663821218884015e-8,1.60396114585822e-8,4.961038785168824e-8,0.0,8.263524037522796e-9,3.651423129664161e-7,1.7087646526337226e-7,2.927723961873038e-7,1.0325346220261457e-7,1.1766532163398307e-8,2.577542079941888e-7,1.3802455892945768e-7,8.225737158687923e-8,2.3935057790964006e-8,1.8835691165670202e-7,1.0533274217453494e-7,0.0,3.7514409189997506e-8,8.609551092651165e-9,8.17329024791876e-9,1.2004991129435998e-7,6.912318334643285e-8,2.053262013309987e-8,1.4833323887239399e-9,1.2701502251817106e-9,4.374387850851495e-9,3.498858561950006e-8,7.662360029736207e-9,2.4788543705952884e-7,3.945327268368794e-8,9.959896549367961e-8,1.7506991321649084e-7,1.3084196757379438e-9,1.323767985942665e-8,6.72359589908026e-8,1.910320542500998e-9,9.94528073390367e-9,1.0824883894389535e-8,6.183791611230062e-8,2.1458990159997425e-9,8.867561843832224e-9,1.070945196151641e-8,6.1627721036136e-8,2.2197319165669205e-9,9.038421857317916e-9,1.0606630426509315e-8,6.130757882398866e-8,2.0920523828833927e-9,8.983382694374783e-9,1.0945875942296889e-8,6.13956143891308e-8,2.270627945631682e-9,8.837739407767534e-9,1.0736713667740939e-8,6.261464011957941e-8,2.0756184998103596e-9,8.868168699095575e-9,1.1878412746243318e-8,7.001585007184413e-8,2.035167255574686e-9,9.0373413791483e-9,1.1902987329493489e-8,7.077359884881176e-8,2.0119264264428807e-9,9.532914825098593e-9,1.0233035737050667e-8,6.438454238860115e-8,1.8572978433751807e-9,9.578655770412716e-9,1.1684184940812694e-8,5.907213912300956e-8,1.6902554647674058e-9,1.0385534629520999e-8,8.535442866129881e-9,9.502545966739375e-9,4.3199233699039576e-8,1.8014644795647181e-9,7.673018095029182e-9,4.512520822590457e-6
t270,8.156612627990601e-9,3.7630027961162384e-8,1.5150606479743885e-8,7.657665015417017e-8,1.821667700600212e-7,1.554599779112955e-9,4.275870001040735e-8,1.21038528532997e-7,9.79886134834419e-8,8.324813860585676e-8,0.0,3.3141795911707484e-8,2.516518385224023e-9,3.984582102044225e-8,4.7601786147756536e-8,1.9792135702730525e-9,2.1231526414228604e-8,5.5454841725733926e-8,1.514282214141187e-8,4.7050038773295275e-8,0.0,8.232216854341587e-9,3.6822814948273807e-7,1.7031924864672057e-7,2.9598712360781346e-7,1.0462406967514933e-7,1.182189154378123e-8,2.560102144804935e-7,1.3978040401249245e-7,8.374128504896889e-8,2.4619542065822352e-8,1.8929918302200828e-7,1.062177827331739e-7,0.0,3.8355608203087475e-8,9.31541252501124e-9,8.227230107851475e-9,1.2148950160782184e-7,6.195292040801884e-8,2.076592740499878e-8,1.5734036621343689e-9,1.323186453819787e-9,4.439783763014271e-9,3.5347485057328505e-8,7.837625452356433e-9,2.512362765222797e-7,4.01336448767225e-8,9.944899688423919e-8,1.7632104748946415e-7,1.3167240465955453e-9,1.3194635451999981e-8,6.733972252739329e-8,1.9272096345139736e-9,9.92870948804749e-9,1.0539868833738775e-8,6.115267808462436e-8,2.3248895408237315e-9,7.822725793451862e-9,1.0528174449598842e-8,6.101476913743946e-8,2.1580742109769095e-9,8.009327669159449e-9,1.0470167705116555e-8,6.073275611238658e-8,2.041744088456459e-9,7.99348029658081e-9,1.0772457667327066e-8,6.079645251681907e-8,2.2133266061358144e-9,7.847974935035512e-9,1.06321665095511e-8,6.225267270078442e-8,2.025948995004078e-9,7.926658389211891e-9,1.1606869861617176e-8,7.123581967508e-8,2.1914763487541428e-9,9.04125544481515e-9,1.2192071552946564e-8,7.263103085171983e-8,2.2305682558701997e-9,8.633463508957095e-9,1.0419934419898035e-8,6.58305193460841e-8,1.8258853622684198e-9,8.826968803878559e-9,1.1505127148218959e-8,6.008190724699871e-8,1.9201432989585446e-9,9.255872894720789e-9,8.690017883212541e-9,9.86127620079458e-9,4.4216308104727864e-8,1.8187205893118327e-9,7.848569312207075e-9,4.501709894878442e-6
t271,8.086580433057787e-9,3.717080419934852e-8,1.5083626861421232e-8,7.63798992085976e-8,1.7916361236148198e-7,1.5412397524098704e-9,4.0847957085087185e-8,1.206166434463163e-7,9.627494755032488e-8,7.84588107292728e-8,0.0,3.2763465511910575e-8,2.435944153861778e-9,3.870640195690753e-8,4.702917654691239e-8,1.896643399815913e-9,2.0880516782260306e-8,5.1384418319690966e-8,1.4790222647782694e-8,4.4700646628043164e-8,0.0,8.36017809638201e-9,3.710053156182066e-7,1.7128572397736418e-7,3.021266754053894e-7,1.0728159548614463e-7,1.2259525166391504e-8,2.5325754795900427e-7,1.4292507770228193e-7,8.542943927525558e-8,2.547487433259164e-8,1.898090826286723e-7,1.0754989516024952e-7,0.0,3.808908122380596e-8,9.246650675412858e-9,8.24069831851962e-9,1.2174275509539657e-7,6.241759208807593e-8,2.0681138996478513e-8,1.4824088910096478e-9,1.2589151045929838e-9,4.4768399568123e-9,3.5531061464996906e-8,7.977834517693597e-9,2.545851303430818e-7,4.060186357970313e-8,9.80640170052014e-8,1.755769287689534e-7,1.3148655887903375e-9,1.3087285195481465e-8,6.72526282518173e-8,1.9194083818767805e-9,9.76076755491437e-9,1.0330309756164048e-8,6.027042563238092e-8,2.2350110502223764e-9,7.493401588236564e-9,1.0304569650695875e-8,6.034298390160232e-8,2.141362718200665e-9,7.6437894863392e-9,1.0242951790420516e-8,6.013470426931906e-8,2.0273414228927357e-9,7.638144157054462e-9,1.050543610564801e-8,6.015562205558168e-8,2.1974917624873164e-9,7.483641468978754e-9,1.043558915380481e-8,6.189132875821157e-8,2.0176022077795113e-9,7.631471592318277e-9,1.175519794853007e-8,7.219488514543597e-8,2.1600800337007297e-9,8.993348671065401e-9,1.2401859298962231e-8,7.415107915121958e-8,2.1869734397233254e-9,8.679685612185583e-9,1.0538823226511303e-8,6.718638842239537e-8,1.8376209346171362e-9,8.802760010298707e-9,1.181035809361787e-8,6.048926129518953e-8,1.8460651941679018e-9,9.33700159364572e-9,8.74549488733093e-9,1.0105510007267325e-8,4.53164613425794e-8,1.8266125719993516e-9,7.927040904445965e-9,4.499700045698281e-6
t272,8.198262508221101e-9,3.865418832797623e-8,1.5620817098200718e-8,7.773505818973996e-8,1.8386037036505794e-7,1.5604534423792898e-9,4.0202724398103094e-8,1.2212041183867341e-7,9.901373818751108e-8,7.624889818766081e-8,0.0,3.272371220568092e-8,2.44522044757535e-9,3.8633088947822596e-8,4.7353705979554604e-8,1.8602568080131695e-9,2.1045981635204505e-8,4.931704444930307e-8,1.4866526927980608e-8,4.379106793738061e-8,0.0,9.027211601071164e-9,3.8887708090801145e-7,1.740782374839449e-7,3.101484836630521e-7,1.1748242935853829e-7,1.343622687670923e-8,2.616522653745664e-7,1.526260925299559e-7,9.118446093600954e-8,2.758433977532353e-8,1.9800252328787182e-7,1.1309535151742876e-7,0.0,3.867758128651796e-8,9.322554667254405e-9,8.371489125964501e-9,1.241734320951407e-7,6.39292969879719e-8,2.0751918237260192e-8,1.4502089116564271e-9,1.2343358222232029e-9,4.6761797019962046e-9,3.632677158807945e-8,8.228313175348079e-9,2.6123217164816576e-7,4.162152199867649e-8,9.743704913377946e-8,1.7694725709317223e-7,1.3485223405321026e-9,1.3755722954152557e-8,6.865950184899201e-8,1.9308805769136286e-9,1.0046344707659744e-8,1.058118398116001e-8,6.042809011612947e-8,2.1945848778275217e-9,7.287453479748613e-9,1.0606754749096898e-8,6.071393365728525e-8,2.146116012023917e-9,7.444775679142844e-9,1.0511982578646435e-8,6.055970764805332e-8,2.0285306973806578e-9,7.444977405167636e-9,1.0854501795960778e-8,6.05165198183996e-8,2.1990901495231835e-9,7.281279876892737e-9,1.0747345545587629e-8,6.258535560214004e-8,2.020567598984167e-9,7.48047542735214e-9,1.2600521348228151e-8,7.472811676091883e-8,2.1538647375308773e-9,9.235074907230676e-9,1.3459659326887554e-8,7.749898331770771e-8,2.1745633073920373e-9,8.887502706820708e-9,1.1124472768610623e-8,6.992560598136607e-8,1.8600816647505986e-9,8.997100190540693e-9,1.236781288119536e-8,6.141965637063347e-8,1.8554148616692476e-9,9.44322988223959e-9,8.838636277955708e-9,1.055286568652222e-8,4.6277152033511946e-8,1.879696843209108e-9,7.963579454213695e-9,4.621444103101616e-6
t273,8.690592252777532e-9,4.505908358454998e-8,1.7668728589684195e-8,8.245019553235794e-8,2.0887886946687035e-7,1.6635133547169743e-9,4.43093819086034e-8,1.296238483616479e-7,1.0566413470982957e-7,8.470751229494423e-8,0.0,3.371610073185631e-8,2.609361945484975e-9,4.241272354761633e-8,5.052057577191839e-8,1.9269594764199845e-9,2.3070601439109576e-8,5.456287245107802e-8,1.685984999236247e-8,4.975929018232984e-8,0.0,1.1904552442128708e-8,4.759808634845902e-7,1.8443520132673434e-7,3.2726169736818314e-7,1.7443525589190818e-7,1.8543994081793467e-8,3.324832305991051e-7,1.9592502211949968e-7,1.1069355284269667e-7,3.359331312670841e-8,2.3286920098740497e-7,1.3452097220067107e-7,0.0,4.525713143992881e-8,1.10705107459951e-8,9.08280217016667e-9,1.3961294819867985e-7,7.378028797777755e-8,2.164178433502542e-8,1.6061899972964878e-9,1.3296397845626288e-9,4.986902641788314e-9,4.054328885232472e-8,9.297158759817376e-9,2.8041719445172e-7,4.6278493463314595e-8,1.0288370277408472e-7,1.9305892422310157e-7,1.4143578172374478e-9,1.5013442300209247e-8,7.317925538650157e-8,1.9842916477847566e-9,1.1235329020950766e-8,1.143285161491901e-8,6.407430487160552e-8,2.2462013459889693e-9,7.817821817371953e-9,1.1509790904564664e-8,6.464675647187091e-8,2.2229266301745343e-9,7.996322203794556e-9,1.1366512901979581e-8,6.450263283545342e-8,2.0928393055231724e-9,7.976317190252925e-9,1.1763929672888452e-8,6.434039931331464e-8,2.281541506161594e-9,7.774279010863016e-9,1.169865994762249e-8,6.718219315006451e-8,2.0911367622896553e-9,8.095464759634915e-9,1.4491638046433041e-8,8.346310688260465e-8,2.2428109286414405e-9,1.0790067848449551e-8,1.584877595911492e-8,8.799340961545996e-8,2.261470959088957e-9,1.0355439252740995e-8,1.2387890532064918e-8,7.645463446555091e-8,1.9255938510461665e-9,1.0064299503750003e-8,1.359819674291033e-8,6.504368588366396e-8,1.8467757315451013e-9,1.0718018299154421e-8,9.846791943879023e-9,1.170827768504233e-8,4.995397906113204e-8,1.900457599175788e-9,8.836486939170165e-9,5.255319378000807e-6
t274,9.262796018085528e-9,5.417617151636218e-8,2.028753629392391e-8,8.795673814708597e-8,2.425509250154384e-7,1.7673290167189229e-9,4.911299056923777e-8,1.3795380481790269e-7,1.1332247729558014e-7,9.575412061726573e-8,0.0,3.4720512286646584e-8,2.666409367870114e-9,4.754674009183812e-8,5.4219293613571266e-8,2.0907332621178768e-9,2.5640372453942168e-8,6.219941671830658e-8,1.9515841847846575e-8,5.7266779303386104e-8,0.0,1.7366964409257052e-8,6.172930595377254e-7,1.9616164707987076e-7,3.465971927437104e-7,3.408681081652199e-7,3.008093920937792e-8,4.6308951255214703e-7,2.723018896672275e-7,1.4342709671433442e-7,4.322087308397534e-8,2.8533764079265936e-7,1.6728790965443764e-7,0.0,5.520246195336762e-8,1.2989788543742394e-8,9.906694674337518e-9,1.5978806617241607e-7,8.686058643679798e-8,2.2668223054150045e-8,1.7277601378917752e-9,1.3977970053692413e-9,5.330590114237744e-9,4.559769372537535e-8,1.0576001386689142e-8,3.026418552500974e-7,5.187835970597201e-8,1.0794888796014497e-7,2.1003339874999206e-7,1.4832938279792336e-9,1.6439158368575643e-8,7.84011101431085e-8,2.0160356758388962e-9,1.2610220283097485e-8,1.2703056879278541e-8,6.860275816359196e-8,2.2906039704303077e-9,8.688244900441872e-9,1.28442936526202e-8,6.968314993854817e-8,2.2700362374498964e-9,9.044641035560586e-9,1.2641513824865586e-8,6.94828292427627e-8,2.1339311512911225e-9,8.955727312117465e-9,1.3180182262403369e-8,6.928728245293118e-8,2.323072570665048e-9,8.76079607187171e-9,1.3076569285145916e-8,7.284518551587708e-8,2.1334144048126085e-9,9.134506327578855e-9,1.732449617855779e-8,9.487808825208281e-8,2.3212228626812562e-9,1.3206956062011073e-8,1.9556100927898232e-8,1.0227307862733496e-7,2.336970167545592e-9,1.2898927496727986e-8,1.4276624557856889e-8,8.478787141895647e-8,1.968849794967039e-9,1.2093959424100777e-8,1.504376846791843e-8,6.903665466632498e-8,1.8712955387519957e-9,1.2223615492894812e-8,1.0954791162091389e-8,1.2975050928673448e-8,5.412752224424236e-8,1.92560642579815e-9,9.76119270799638e-9,6.272466243637906e-6
t275,9.338514987753514e-9,5.673303122943789e-8,2.1109236486953388e-8,8.948000450687772e-8,2.4909467732424023e-7,1.7819507489063747e-9,5.4596403137246754e-8,1.4751070367852134e-7,1.2198780706213832e-7,1.0747984684740308e-7,0.0,3.57858376871822e-8,2.8200460415477336e-9,5.3306084288842544e-8,5.848814134953049e-8,2.169894640452585e-9,2.8636454545209494e-8,6.972210422937041e-8,2.3018188968770093e-8,6.711149623190859e-8,0.0,1.9924981238199163e-8,6.614292175161326e-7,1.9924875678093873e-7,3.562972610521808e-7,4.5550764015816127e-7,3.728362829378056e-8,4.944309707206607e-7,3.043131731770639e-7,1.5923573617143574e-7,4.9146525711492754e-8,3.011949667194746e-7,1.818859219257735e-7,0.0,7.117701452915379e-8,1.515675678125265e-8,1.093533795885997e-8,1.8704330122903273e-7,1.0608748875321166e-7,2.3389693915496123e-8,1.8458937541820644e-9,1.4607547982227146e-9,5.84552249643942e-9,5.151993876544797e-8,1.1921134287926814e-8,3.279716391697052e-7,5.784766948875232e-8,1.1259951304559716e-7,2.2737204808444952e-7,1.6011812299016968e-9,1.751044600019759e-8,7.970918620323465e-8,2.0230291145373646e-9,1.2849197152098606e-8,1.3807985327177256e-8,7.32579096263758e-8,2.37206178920796e-9,9.232718974796145e-9,1.4056407856306353e-8,7.495417518577777e-8,2.3538673595650197e-9,9.654883633785281e-9,1.3786082572889053e-8,7.481500961126625e-8,2.2100966294293977e-9,9.563331943420658e-9,1.4449797414480981e-8,7.442231365228026e-8,2.4140051812735757e-9,9.316625322234558e-9,1.435599483207807e-8,7.916806964915624e-8,2.2144589783022906e-9,9.86978271791295e-9,1.896373380358708e-8,9.888351157574398e-8,2.366554942719996e-9,1.3546997877995902e-8,2.2264216148622068e-8,1.0856432879920328e-7,2.3801011606730114e-9,1.3230648371360777e-8,1.5376864346924124e-8,8.878798349096378e-8,2.0191902643401346e-9,1.2349623361098813e-8,1.6641575381280864e-8,7.338258351339531e-8,1.9811407647842523e-9,1.3645912025575864e-8,1.1957904137066482e-8,1.3985893193365874e-8,5.7563962318832975e-8,2.035930009506947e-9,1.0382077697234942e-8,6.852522261657279e-6
t276,9.400703743127772e-9,5.9456140431340065e-8,2.2082657815592957e-8,9.127798218001146e-8,2.5655005034703117e-7,1.8262488925178323e-9,6.115896124152885e-8,1.5815551775781536e-7,1.319638178805464e-7,1.2245556467611324e-7,0.0,3.681827721564452e-8,2.8599677066749853e-9,6.082308443342442e-8,6.327890718623475e-8,2.3398131192096085e-9,3.2344204063659946e-8,7.91420983791744e-8,2.7883425235583188e-8,8.065170249690499e-8,0.0,2.33593448909738e-8,7.163917884482387e-7,2.0253084097155386e-7,3.667349970508134e-7,5.362951832468333e-7,4.3396970677965547e-8,5.038278645031079e-7,3.177918181990442e-7,1.7827769465578874e-7,5.63599709765152e-8,3.1659972912742206e-7,1.9671915432900486e-7,0.0,7.660487622988574e-8,1.5945114164407432e-8,1.1058102831627729e-8,1.9369835641556655e-7,1.1006122098101388e-7,2.372350531340252e-8,1.8655813266565806e-9,1.4747277567762518e-9,6.309826120605417e-9,5.98610327035453e-8,1.3820032709704324e-8,3.596583661120626e-7,6.599798279150278e-8,1.1768247137770101e-7,2.4912910846164053e-7,1.682681802966033e-9,1.8546044189856447e-8,8.093290543438796e-8,2.0480198333435674e-9,1.2791408017879416e-8,1.5147311549084677e-8,7.852695665270601e-8,2.4298154254573134e-9,9.848227366209951e-9,1.5502581023067227e-8,8.104780002594287e-8,2.412646927837269e-9,1.0367703035109547e-8,1.5186341337608692e-8,8.094717392131039e-8,2.2575478310125973e-9,1.0274565612376238e-8,1.6026057118552322e-8,8.026209173798409e-8,2.475528485833514e-9,9.949590543906029e-9,1.5949275465278183e-8,8.638163637619762e-8,2.2691365742513325e-9,1.0659599640222432e-8,2.085607084234814e-8,1.029638929509803e-7,2.3846686590392637e-9,1.3901926601091045e-8,2.3195042469209405e-8,1.1260756691033917e-7,2.3846183644371942e-9,1.310832020963275e-8,1.666656737087866e-8,9.30764874001691e-8,2.0273097049572678e-9,1.282359336378454e-8,1.8064456965906254e-8,7.491126559816647e-8,1.982629269709185e-9,1.4050589056624119e-8,1.3495672349557241e-8,1.5634741211061222e-8,6.312644844351115e-8,2.066320696715004e-9,1.1546954727530187e-8,7.360442576269526e-6
t277,9.213366674623906e-9,5.8057953381742004e-8,2.191374554425233e-8,9.098017621560334e-8,2.493535081969247e-7,1.8003098331285942e-9,6.972255115014957e-8,1.7086247430506494e-7,1.4380793684054403e-7,1.424561591814262e-7,0.0,3.801896564529987e-8,3.009894991300932e-9,7.108376648327217e-8,6.914705932659458e-8,2.4389061152526817e-9,3.734018879298969e-8,9.181422179244375e-8,3.5968783746060766e-8,1.0196420456646702e-7,0.0,2.3958608003811487e-8,7.35752888915342e-7,2.0369625496239557e-7,3.74877003832738e-7,6.409558200585566e-7,5.151190290152946e-8,5.225655335035357e-7,3.339935249350667e-7,1.8556950875782172e-7,6.027819833754845e-8,3.1721894048487024e-7,1.9958024154040545e-7,0.0,8.107525384618173e-8,1.670358633848169e-8,1.1189607882400039e-8,1.9949416978141016e-7,1.1351182513780619e-7,2.3697164489191914e-8,1.8392835031533735e-9,1.456395060951029e-9,7.007935766138097e-9,7.1837051298141e-8,1.6460898735079016e-8,3.9906941992333785e-7,7.68196528722797e-8,1.246924271050656e-7,2.780059593572946e-7,1.8179040704554986e-9,1.8159505978895992e-8,8.027907387939542e-8,2.0346140143653784e-9,1.2301896434553435e-8,1.6747717364118107e-8,8.45056410208466e-8,2.525194867568041e-9,1.0541406708140067e-8,1.7322280034063898e-8,8.812406267038445e-8,2.517209524212573e-9,1.1205797311518415e-8,1.6881123070115217e-8,8.8106678098514e-8,2.3507938987903967e-9,1.1082169450438819e-8,1.7969264035874487e-8,8.70295693235214e-8,2.58780769570374e-9,1.0679825298418577e-8,1.791824786102098e-8,9.519745437805503e-8,2.370996422985264e-9,1.169891973638616e-8,2.0874472626220895e-8,1.0483691992113041e-7,2.4107382912553826e-9,1.3752542054428146e-8,2.417051679140146e-8,1.1750647252620598e-7,2.4059576598588538e-9,1.3132892618342644e-8,1.6793727242631466e-8,9.539083985674796e-8,2.062869262066959e-9,1.2545694372403943e-8,1.9082593473916862e-8,7.635972527186895e-8,2.0211572623980647e-9,1.406459666881616e-8,1.53591199957371e-8,1.732876829897597e-8,6.872306005334581e-8,2.151649732000013e-9,1.2827887106063344e-8,7.847530584347833e-6
t278,9.135246184231009e-9,5.745932324223377e-8,2.1951382641823286e-8,9.11324889757704e-8,2.4486586657650633e-7,1.7664746475875842e-9,8.134391551136714e-8,1.851958020388892e-7,1.58109087629863e-7,1.7301386871365352e-7,0.0,3.925717812639223e-8,3.1447227170836527e-9,8.67541732358199e-8,7.614320221044751e-8,2.707323027086523e-9,4.425591528566014e-8,1.1183733965091712e-7,5.124053740627135e-8,1.4000545570214312e-7,0.0,2.4444205452848218e-8,7.629172441021453e-7,2.0499558345765528e-7,3.836953739457578e-7,6.15208579192418e-7,5.169527168796646e-8,5.339632870000024e-7,3.3466099518737456e-7,1.9584072284402033e-7,6.408107776360048e-8,3.3300920712197944e-7,2.0509815740987907e-7,0.0,8.754341175314477e-8,1.7723749688357567e-8,1.1185260207559025e-8,2.0730956827671737e-7,1.1840719302819977e-7,2.3994207504948788e-8,1.866669202029853e-9,1.468809793760086e-9,7.656833666713218e-9,8.814133332540596e-8,2.0218585925176638e-8,4.46162870796938e-7,9.042434713387534e-8,1.3119930309878762e-7,3.104721282194632e-7,1.9196879258553082e-9,1.7998772326570143e-8,8.021211468629129e-8,2.0109579082111055e-9,1.223166802377779e-8,1.9164415623586462e-8,9.226313837873681e-8,2.6038267130773767e-9,1.1801434204229191e-8,2.003187176297456e-8,9.743901730566973e-8,2.5909612812336342e-9,1.2833947366379609e-8,1.943068100285853e-8,9.75064623235621e-8,2.4141399524678537e-9,1.2639460021405983e-8,2.094319345652368e-8,9.596953383332447e-8,2.659494718089152e-9,1.2096656198328798e-8,2.100404604341425e-8,1.0700429114820052e-7,2.438227458197216e-9,1.3693301199422718e-8,2.1366860323192575e-8,1.072459742255842e-7,2.406179801820774e-9,1.396777757026155e-8,2.4235758037926895e-8,1.2169549817654095e-7,2.3883230330849076e-9,1.3340155142474246e-8,1.7251394709035484e-8,9.862346237041617e-8,2.0638960474690158e-9,1.3134914534553631e-8,2.079301760521781e-8,7.813500297251409e-8,1.981453379866377e-9,1.4574647177397419e-8,1.770201525726872e-8,1.9848837458337415e-8,7.593813311033328e-8,2.1716343034561976e-9,1.4330358175176758e-8,8.316799874584788e-6
t279,9.067932821862785e-9,5.699371021267419e-8,2.209615402770358e-8,9.138018619543523e-8,2.413915248467486e-7,1.7346778626885062e-9,9.822112874005558e-8,2.0247482387835947e-7,1.7560279716916939e-7,2.2130826932606262e-7,0.0,4.06077435086824e-8,3.3441163028313692e-9,1.1201091190255399e-7,8.476078073371164e-8,2.9655455865455767e-9,5.436854106740638e-8,1.4375067752048424e-7,9.084690533565255e-8,2.3029570997053016e-7,0.0,2.3428759624550602e-8,7.762451405261874e-7,2.0550890611039022e-7,3.918329139097918e-7,1.7048304272851911e-7,1.6984696359981954e-8,3.574643997372543e-7,1.7522903941739626e-7,2.0206292581737877e-7,6.45337649963352e-8,4.067838355904022e-7,2.177920372232876e-7,0.0,9.798230305330319e-8,1.962925955094372e-8,1.144956267407556e-8,2.1802140563533168e-7,1.257341608541232e-7,2.439644583601915e-8,1.8868830804169793e-9,1.4763691216561096e-9,8.515306240092078e-9,1.1634572743986465e-7,2.680875483745963e-8,5.092317158982585e-7,1.1202341603454466e-7,1.4172510342780848e-7,3.6080526324467736e-7,2.0408726522780238e-9,1.7862279309740428e-8,8.019766275548304e-8,1.9892004150970767e-9,1.217850770324995e-8,2.234251956166599e-8,1.0163586747232972e-7,2.682385512704261e-9,1.3409289728880815e-8,2.3727235989481654e-8,1.0878600574558145e-7,2.6702633274104395e-9,1.5070603588034775e-8,2.290040762495006e-8,1.0911247795725511e-7,2.4819929225949125e-9,1.4790713677644676e-8,2.502796412623332e-8,1.069619112764574e-7,2.733599603029185e-9,1.4011524962658982e-8,2.5355938897694453e-8,1.2217181669046853e-7,2.511848691016833e-9,1.66220461518544e-8,2.130758047898368e-8,1.0877499128232568e-7,2.3872338549866193e-9,1.4087082638528765e-8,1.522424164718652e-8,8.521749029993806e-8,2.2651642357442227e-9,1.0672152048265109e-8,1.7435960619201898e-8,1.012242994867168e-7,2.055491890178051e-9,1.3826888689735246e-8,2.3302641119234325e-8,8.007556090247988e-8,1.923087228614943e-9,1.5331765058607344e-8,2.135179111856786e-8,2.3379944641717488e-8,8.514068718745086e-8,2.177465284760333e-9,1.6628625839736307e-8,8.200668357875964e-6
t280,8.94327605982438e-9,5.6113462302062705e-8,2.225801140981809e-8,9.141987230183166e-8,2.374004517601074e-7,1.7249183078208543e-9,1.2466028552493152e-7,2.2384935811947295e-7,1.9755378292300458e-7,3.041022319525078e-7,0.0,4.210302097037227e-8,3.504293273130826e-9,1.5776686986144094e-7,9.56257492441034e-8,3.204085312784111e-9,7.007680159282948e-8,1.9700372550943176e-7,3.884465221770522e-7,6.84362310167839e-7,0.0,2.2488373422727008e-8,7.857320617508236e-7,2.0602671700226666e-7,3.999989086398975e-7,1.6711822756344378e-7,1.6925054997993225e-8,3.6532747430068383e-7,1.7439908305600524e-7,2.0321860501684061e-7,6.426131393781074e-8,4.874184024753385e-7,2.402330305927199e-7,0.0,9.472302579791681e-8,1.9624593191238484e-8,1.1310021390030384e-8,2.126824092709645e-7,1.195158895020649e-7,2.4602815619282784e-8,1.953443146458198e-9,1.525328965819063e-9,9.780452239386786e-9,1.5845441373669183e-7,3.7507673624762826e-8,5.802914011252061e-7,1.3861883104068e-7,1.5202796394931394e-7,4.160330758449476e-7,2.2448561467307693e-9,1.748974771953864e-8,7.959413257004051e-8,1.9877159874278177e-9,1.172228551591257e-8,2.608121539888856e-8,1.1265086642089527e-7,2.78844247073145e-9,1.4935576458093655e-8,2.8227706836899742e-8,1.224934522650035e-7,2.785389017254461e-9,1.7136920492976316e-8,2.7085645544366603e-8,1.2321313544970297e-7,2.5845288142595784e-9,1.6807829240170434e-8,3.0101378716814556e-8,1.2009423186040316e-7,2.8568884702401384e-9,1.5683692268601712e-8,3.098975452198152e-8,1.416293534436181e-7,2.617112271644579e-9,1.982431701360289e-8,2.0763664297514323e-8,1.0985867220385713e-7,2.395012936818038e-9,1.386871742966205e-8,1.5259556856899587e-8,8.761723796338173e-8,2.260702195674634e-9,1.0555230721361283e-8,1.7248794615683538e-8,1.0340465156100358e-7,2.087022805314955e-9,1.3662982304759358e-8,2.2268378007028407e-8,7.990048015155838e-8,2.0093402211106113e-9,1.4064367516517282e-8,2.441429998589648e-8,2.6603010651932626e-8,9.325907240354223e-8,2.3279757213986284e-9,1.7718377209389997e-8,9.677091342647785e-6
t281,8.87633951932607e-9,5.559573907351273e-8,2.2538649608369974e-8,9.170748280598121e-8,2.350183366532602e-7,1.7190225015360968e-9,1.7277416946219945e-7,2.4994474436196246e-7,2.2577702389943334e-7,4.977272231420291e-7,0.0,4.3727515715806315e-8,3.739238067782705e-9,2.7249903378922313e-7,1.096151233042199e-7,3.4947337099122996e-9,9.8592243362491e-8,3.243166112959985e-7,9.185218798180638e-7,8.522430544654941e-7,0.0,2.162086639475504e-8,7.98570378762744e-7,2.0656040805801396e-7,4.082421477284094e-7,1.6669819629420472e-7,1.7263781134827814e-8,3.783674707489731e-7,1.7504611445148276e-7,1.756989617270163e-7,5.3883834739711214e-8,4.980637340387131e-7,2.486005351844666e-7,0.0,9.496175739534841e-8,1.8598505249966693e-8,1.1287067371758552e-8,2.1246140770329464e-7,1.1976087609604386e-7,2.4508303767547658e-8,1.9038590028123857e-9,1.4976910247697031e-9,1.0444100753658845e-8,1.779232537838791e-7,4.115673877954751e-8,6.23073266194464e-7,1.4817611941886925e-7,1.5290178496707513e-7,4.2856416975123336e-7,2.2616487374283614e-9,1.7224735419968933e-8,7.934635290659304e-8,1.9895864179118e-9,1.1523993731043193e-8,3.137617888495267e-8,1.2672158118681566e-7,2.8809718464621415e-9,1.705355655116277e-8,3.4957569706222745e-8,1.4034347925485714e-7,2.8952737218553844e-9,2.033095901885918e-8,3.3342201465112895e-8,1.4173479614611598e-7,2.678716702248673e-9,1.9901049513500592e-8,3.789271895781666e-8,1.3734070176213834e-7,2.975381487790193e-9,1.822501062137929e-8,3.537453191453981e-8,1.475806774329422e-7,2.6452309267890273e-9,1.987151949377051e-8,2.0389410200916913e-8,1.1084319080213247e-7,2.385402103627047e-9,1.3741502313564612e-8,1.544709667799605e-8,9.043421396248643e-8,2.2484694451126906e-9,1.0556178834698714e-8,1.4846244941925955e-8,8.986256295832049e-8,2.030243920036089e-9,1.1752425738420897e-8,2.2289113033961996e-8,8.025726104717227e-8,1.996476632420218e-9,1.4046187043467088e-8,2.5077264478504455e-8,2.9725967661566038e-8,9.932456782491609e-8,2.339737084226682e-9,1.7898856908424146e-8,1.1170224292502365e-5
t282,8.83492911582827e-9,5.521001211227676e-8,2.290424879646555e-8,9.207480134625393e-8,2.3330968327830636e-7,1.7097923885972117e-9,2.938919366530871e-7,2.8255681869196155e-7,2.6362818095619903e-7,1.4192825233810491e-6,0.0,4.5500510549876764e-8,4.021456646100571e-9,8.766595420822632e-7,1.282052678063048e-7,3.828848073872578e-9,1.6671130607286102e-7,1.0268796914067111e-6,3.1886157845571807e-6,1.0132802894559742e-6,0.0,2.078098209773638e-8,8.093776551707657e-7,2.0689486444735009e-7,4.162384744232232e-7,1.6719945674197677e-7,1.7682226076101214e-8,3.9511784464473275e-7,1.7591124725940798e-7,2.13784727363373e-7,6.900203625101159e-8,3.68587294837241e-7,2.5278318707237805e-7,0.0,9.140137756118143e-8,1.7857804715506876e-8,1.1182188806750237e-8,2.0786105437611005e-7,1.1726067386133106e-7,2.4504461314074675e-8,1.831502014507772e-9,1.451697232551763e-9,1.138236075176027e-8,2.0675454611798673e-7,4.8214529923792645e-8,6.739980777404666e-7,1.6179470075456686e-7,1.5781507363610884e-7,4.5450636578028014e-7,2.3024211696676157e-9,1.705970656671167e-8,7.915300666769268e-8,1.985937241406165e-9,1.1401481750943035e-8,3.9592318062559806e-8,1.4504039351128823e-7,2.9758595615727245e-9,2.0227201419109183e-8,4.6248281730119476e-8,1.642577157966571e-7,2.998075818051566e-9,2.5626611779688048e-8,4.3853240444982055e-8,1.6675471614002735e-7,2.7668088112497567e-9,2.5014656770878603e-8,5.147272535095436e-8,1.607966829482068e-7,3.08747011454272e-9,2.236689271360327e-8,4.05906614370503e-8,1.5261636429357007e-7,2.650357164568901e-9,1.9807669170038997e-8,2.012205018007268e-8,1.1128069287562163e-7,2.3688476224851697e-9,1.3697997256358489e-8,1.5758350706071792e-8,9.361771014826537e-8,2.235089356662583e-9,1.0653128921325682e-8,1.764012781350201e-8,1.0765617331111144e-7,2.0457863334834877e-9,1.3146998264720108e-8,2.1508187476158744e-8,8.010482022754958e-8,1.98210132797106e-9,1.3938004718657934e-8,2.6300505228288425e-8,3.436097910063271e-8,1.0598978140571756e-7,2.3550519398625408e-9,1.8629736959223693e-8,1.6394321411952327e-5
t283,8.79234398501994e-9,5.475092352337932e-8,2.3254754995572956e-8,9.2422583000134e-8,2.3177070382726664e-7,1.7018533677559738e-9,1.6466507923430768e-6,3.339009141970737e-7,3.1262671574300746e-7,3.378712879314319e-6,0.0,4.5997940259946914e-8,4.208089185172001e-9,2.5122976856215e-6,1.3679677887082729e-7,4.063926023539961e-9,2.3056093769305946e-7,3.177496732801213e-6,6.070286439228689,1.5730875705696727e-6,0.0,2.0421525917662624e-8,8.240718213769209e-7,2.07446588848286e-7,4.250318090102312e-7,1.6926834622383586e-7,1.8306440934958266e-8,4.175640873158669e-7,1.7746661969788988e-7,2.345221994208059e-7,7.640749158442461e-8,3.899759744563271e-7,2.5531832210616625e-7,0.0,8.822141143001234e-8,1.7151363761305447e-8,1.1159634162261987e-8,2.0386915061739927e-7,1.1545435033888675e-7,2.448550774024037e-8,1.7939387124399832e-9,1.427999039774184e-9,1.1744890450223093e-8,2.1570130162419728e-7,5.125105652489599e-8,7.101775377083848e-7,1.6513779857406415e-7,1.6066372045018248e-7,4.6507069246441524e-7,2.2946421631375142e-9,1.68921244118355e-8,7.897858502007097e-8,1.981993874235881e-9,1.1290380623433642e-8,5.3265301321945604e-8,1.729659849652617e-7,3.079051925952134e-9,2.720048934669186e-8,5.577590895262605e-8,1.761061923202764e-7,3.0284176816628764e-9,2.7602389040719428e-8,5.306133093544083e-8,1.7954949946976966e-7,2.7912875770891743e-9,2.6939634808162295e-8,6.236961165283181e-8,1.7296234504677365e-7,3.124717992388361e-9,2.3868207497936334e-8,4.7878080196445733e-8,1.5835319380945086e-7,2.6504139124967884e-9,2.0243295215180064e-8,2.0170707457378315e-8,1.1183921119081098e-7,2.3560397261876324e-9,1.3819677522965732e-8,1.6209989052846307e-8,9.732419964283163e-8,2.2263116573249925e-9,1.0842907950349343e-8,1.9377269970267505e-8,1.1425981204639554e-7,2.0668083980963974e-9,1.3908171757365389e-8,2.0722759694048062e-8,7.993626274151995e-8,1.9633380655600153e-9,1.5280819169020847e-8,2.619986440359313e-8,3.614261024682509e-8,1.1078332834803921e-7,2.3475496225126635e-9,1.8618249231934242e-8,6.070307788083363
t284,8.764645698177333e-9,5.430352932455255e-8,2.3605967246134545e-8,9.280081021366886e-8,2.3046817043563095e-7,1.6995453858408171e-9,7.428710240408485e-7,3.2925158934809063e-7,3.135296326753364e-7,1.6294052117235425e-6,0.0,4.505823964684475e-8,4.206318806204774e-9,9.312567474967311e-7,1.2554633178711e-7,3.854442890024116e-9,1.8299468450474585e-7,1.2557565498166735e-6,7.377566099505884e-7,8.613702185598768e-7,0.0,2.0653508033086827e-8,8.035890116372e-7,2.0812470794020042e-7,4.3419789381376884e-7,1.720593206794125e-7,1.9035982400520896e-8,4.460423717917586e-7,1.7893150830191806e-7,2.3508541863566823e-7,7.866853394975974e-8,4.009715420206339e-7,2.4880345297309885e-7,0.0,8.452422279111658e-8,1.6451168510379587e-8,1.1026217202136978e-8,1.9939292982129985e-7,1.1162431633603523e-7,2.4670467598737883e-8,1.7650446694016679e-9,1.4176728571500003e-9,1.2116973954922953e-8,2.1290293115063824e-7,5.563402592665997e-8,7.495674106306177e-7,1.7001566521665272e-7,1.6716226496656547e-7,4.869963387339533e-7,2.288369184016929e-9,1.6749764186208767e-8,7.882896954708362e-8,1.982799346415336e-9,1.1213660625465144e-8,5.2497275044399834e-8,1.682365955533826e-7,3.0470843161093126e-9,2.3880985918776157e-8,5.403124350645995e-8,1.7101950408556526e-7,2.985659245807531e-9,2.4607928746076623e-8,5.1045110910109115e-8,1.7465384075231163e-7,2.750378218182535e-9,2.4061228975391952e-8,6.176510257864073e-8,1.6865165736162824e-7,3.0828441208848097e-9,2.1590654479470895e-8,4.4367464656957316e-8,1.569606403308465e-7,2.61033435295364e-9,1.9130020370733966e-8,2.060339664318448e-8,1.1286047715487673e-7,2.3432371899888272e-9,1.402685312197653e-8,1.6829389165533064e-8,1.016291204859626e-7,2.216942433105698e-9,1.1073372187354611e-8,1.987096756551456e-8,1.1944553777704355e-7,2.0584904227978795e-9,1.4090406118801901e-8,1.9983079253946675e-8,7.968744528950009e-8,1.9483397193796475e-9,1.3473900216055467e-8,2.58865649030991e-8,3.77823695216666e-8,1.1608226193948539e-7,2.323549933403031e-9,1.8614019722217037e-8,1.5220800009272687e-5
t285,8.824166581337916e-9,5.426592508072833e-8,2.4200075959445574e-8,9.34926600922837e-8,2.3061925285372466e-7,1.7033971256995963e-9,5.990953734050274e-8,1.1407435069289961e-7,1.1904717409933614e-7,1.270931542904471e-7,0.0,3.659009620499962e-8,3.095966678949576e-9,5.0459275297747606e-8,5.3193335204392825e-8,2.6155695684366438e-9,2.557159200183796e-8,8.752222898976842e-8,1.903549779248848e-8,6.547891307290193e-8,0.0,6.615743455964232e-9,3.120569365090737e-7,1.3985416184556163e-7,2.063337340172088e-7,6.39353525439675e-8,7.044368186973518e-9,2.1407283581870496e-7,8.128294929785752e-8,7.793506553291867e-8,2.2731772607258736e-8,1.687246791953167e-7,9.929228738492235e-8,0.0,6.397377740333783e-8,1.2228221799065054e-8,1.0164733826986893e-8,1.7067399454305573e-7,9.273127596552439e-8,2.3721681132270795e-8,1.6594319774444307e-9,1.3582914409383887e-9,6.468750607473189e-9,4.6104901822773004e-8,8.721506123294475e-9,2.9006118148874255e-7,5.377715269138694e-8,1.0582189383690427e-7,2.097551294644401e-7,1.7209574348978834e-9,1.673057146898111e-8,7.872442561350138e-8,1.9867948129134265e-9,1.1237823997983621e-8,1.2825264500289661e-8,6.69890067378629e-8,2.5937340054921318e-9,1.0434330986020617e-8,1.2882848578141352e-8,6.678303006550693e-8,2.5321896397072763e-9,1.057022271431314e-8,1.2706793692118899e-8,6.711541075174012e-8,2.3818467872837353e-9,1.0458209262402946e-8,1.3670926775323836e-8,6.772401234440349e-8,2.60943390174827e-9,1.023254532538285e-8,1.2152330664212438e-8,6.422727211951514e-8,2.270268569591875e-9,9.400864046285242e-9,9.542928624281323e-9,5.5247047891484644e-8,2.0784756913666236e-9,8.120507553391229e-9,8.749558336505651e-9,5.3672400254132755e-8,1.9833464143321026e-9,7.2824793864361215e-9,9.892494505890086e-9,5.8196187482956115e-8,1.8620630786553184e-9,8.528401177629313e-9,1.574438466078193e-8,7.512508461763933e-8,1.9127931297272017e-9,1.1549091720690243e-8,1.0661603119384813e-8,1.1117170649954997e-8,5.6407423851421256e-8,2.0590083284943982e-9,8.816265310243207e-9,4.663403810028314e-6
t286,8.806414563935856e-9,5.385115489521333e-8,2.4508473227819466e-8,9.385177604077048e-8,2.2947670662581473e-7,1.6997656237910812e-9,5.740184588951982e-8,1.1287554368676713e-7,1.146500374845864e-7,1.2011465202571033e-7,0.0,3.622985481658194e-8,2.989225644885804e-9,4.860397292192263e-8,5.201611324028158e-8,2.5030867102530547e-9,2.4844071141790923e-8,8.230654261823076e-8,1.8425833013391236e-8,6.295689494802042e-8,0.0,6.703544410829353e-9,3.1413180267210137e-7,1.4019741241798623e-7,2.085373748089357e-7,6.486252081135504e-8,7.21801335755651e-9,2.2067976900228307e-7,8.197550071837851e-8,7.697078340259133e-8,2.26994883249395e-8,1.7086065879585777e-7,1.0067140892592868e-7,0.0,6.223815605190754e-8,1.2059814398960143e-8,1.004678927729108e-8,1.6680135061964175e-7,8.944175556130666e-8,2.3847911291533763e-8,1.6604709752977377e-9,1.3639265781295003e-9,6.617826606550117e-9,4.730298976243601e-8,8.936034862715159e-9,2.9782155992755586e-7,5.489534200968997e-8,1.083082624792237e-7,2.1538364797130786e-7,1.7262215353668643e-9,1.6658306051323365e-8,7.856032093590082e-8,1.9863200079211604e-9,1.1221897826976158e-8,1.2325463880613216e-8,6.596092489910216e-8,2.5335920066278342e-9,9.981115539817516e-9,1.2451277645774872e-8,6.568543975943451e-8,2.484906697814861e-9,1.0164797007829819e-8,1.2374067925633415e-8,6.611896835838737e-8,2.3409545633152385e-9,1.0123983225721067e-8,1.307468147176117e-8,6.67620334715951e-8,2.5629934254698236e-9,9.848327675493982e-9,1.1917876922473106e-8,6.374540512119435e-8,2.2367228909349233e-9,9.244858562491433e-9,9.721117605264815e-9,5.550213582214147e-8,2.07521405051233e-9,8.244963134392883e-9,8.988612564798327e-9,5.50205743055757e-8,1.9818310987457753e-9,7.428127241014573e-9,9.954151304209183e-9,5.9409323876581605e-8,1.8608459651999438e-9,8.572335291171435e-9,1.51110101625418e-8,7.464519938672459e-8,1.897469277057378e-9,1.109241319000868e-8,1.05641265131687e-8,1.1386051327245644e-8,5.7657433805636595e-8,2.0442008529022144e-9,8.73726522160427e-9,4.654331940547051e-6
t287,8.798078090527664e-9,5.34320093920806e-8,2.4796732988161505e-8,9.417077989650628e-8,2.28268477532666e-7,1.6969664299331117e-9,5.5177317242872745e-8,1.1186738339289063e-7,1.1069429276954738e-7,1.142860899212996e-7,0.0,3.573721761653255e-8,2.927519943265741e-9,4.6989048935823256e-8,5.1088233341511414e-8,2.402983209177362e-9,2.426213917071137e-8,7.787894824680042e-8,1.7737539155821966e-8,6.059110571773754e-8,0.0,6.75990257633546e-9,3.157441266333958e-7,1.40434795005862e-7,2.1084463169439675e-7,6.559584216561189e-8,7.359403196289355e-9,2.2622843929699022e-7,8.278539556177985e-8,7.606071512517553e-8,2.2589912652869938e-8,1.7314830930348295e-7,1.0127245726849304e-7,0.0,6.071832164161064e-8,1.1680708494130346e-8,9.987605078459669e-9,1.6452124740711804e-7,8.79968795993587e-8,2.3764633242151652e-8,1.616044092011789e-9,1.337473250019032e-9,6.758024015412304e-9,4.8189509845156606e-8,9.106138326269319e-9,3.0474687755124584e-7,5.5583099909159536e-8,1.1080037679024553e-7,2.1992082404102509e-7,1.7288658114812964e-9,1.6596105717785846e-8,7.842561610564089e-8,1.9852547531975165e-9,1.121674385878094e-8,1.1891252344176563e-8,6.49400556850056e-8,2.481010267003046e-9,9.608972753531853e-9,1.2082867096566829e-8,6.466860027506847e-8,2.4436682657739765e-9,9.839242385527717e-9,1.2069019560170142e-8,6.518748210844959e-8,2.3078384339979405e-9,9.850480384600928e-9,1.2563529974956778e-8,6.583491398420751e-8,2.5228859003764293e-9,9.530419816295999e-9,1.1693923224812984e-8,6.326725870100524e-8,2.2130212223969845e-9,9.119111384106556e-9,9.87012658430747e-9,5.579254509676909e-8,2.0757150666830087e-9,8.355536843994944e-9,9.207769063041762e-9,5.621134327039411e-8,1.980425963182618e-9,7.567197236498614e-9,1.0005340044083018e-8,6.04712089921315e-8,1.8585907582694813e-9,8.605879377808606e-9,1.4729431479400239e-8,7.456293721242674e-8,1.892480756885772e-9,1.0952593264023288e-8,1.069077119487449e-8,1.163846652320308e-8,5.931644653894025e-8,2.0454085587520745e-9,8.917109757520762e-9,4.649170020356032e-6
t288,8.763911223971323e-9,5.263152589280507e-8,2.472143458450789e-8,9.418442705769887e-8,2.2559141597344798e-7,1.688491197237477e-9,5.310039078025809e-8,1.1100008917090927e-7,1.0713309668283684e-7,1.0923415144561407e-7,0.0,3.525835780259237e-8,2.8789242430360284e-9,4.556664585378229e-8,5.020787008676784e-8,2.3143203939145766e-9,2.3713427907201158e-8,7.383882225717814e-8,1.6937071321701076e-8,5.8531414660807793e-8,0.0,6.8194867623338885e-9,3.1741891181844655e-7,1.4074299608622382e-7,2.1336874203349258e-7,6.644709903331288e-8,7.431865754796451e-9,2.31041141046159e-7,8.37393972279548e-8,7.53971612554086e-8,2.253919981180077e-8,1.7575123851121007e-7,1.0202400941236917e-7,0.0,5.918360978374518e-8,1.120589366527923e-8,9.80145433811289e-9,1.6217967811825457e-7,8.635847633519926e-8,2.3707775469397923e-8,1.5711580493758089e-9,1.307764367225504e-9,6.909531468304259e-9,4.889509568772017e-8,9.302913980984959e-9,3.125531450997494e-7,5.6270172818130935e-8,1.1297302596576693e-7,2.2366458477867007e-7,1.7427941961280677e-9,1.6406555648771595e-8,7.821072566648121e-8,1.978641624940733e-9,1.1169740635641512e-8,1.1511407820266602e-8,6.391153922517429e-8,2.430306883204726e-9,9.279133932530783e-9,1.169183812050919e-8,6.369836602724985e-8,2.4015613470034077e-9,9.530778106821962e-9,1.1790934463341655e-8,6.428208629162335e-8,2.2739245280442874e-9,9.577241124095498e-9,1.2109674322954058e-8,6.492923615934721e-8,2.4798842931960946e-9,9.22766937241579e-9,1.1520459598681412e-8,6.282164652807002e-8,2.1885526800100153e-9,8.995588748334528e-9,1.0032082452346082e-8,5.6190267368973764e-8,2.0750576008906536e-9,8.457568285279444e-9,9.374497298397084e-9,5.730897381002072e-8,1.977894495748034e-9,7.685764622073283e-9,1.0067824699473751e-8,6.150402429269774e-8,1.8549572235581664e-9,8.625898754613705e-9,1.4395288982735853e-8,7.437722404382121e-8,1.906187766155007e-9,1.0866866826677691e-8,1.0815322146111956e-8,1.1896089678304042e-8,6.091675233820853e-8,2.060458573416166e-9,9.11875660547319e-9,4.643569362425508e-6
t289,2.1260641035649404e-7,7.395279685822266e-7,3.079280466571217e-7,1.466320913770771e-6,3.861806541354558e-6,4.1309338131684035e-8,1.5080210455074555e-6,2.9818109926448183e-6,1.6616243640328032e-6,2.6806908726116e-6,0.0,8.431097155612168e-7,6.772139549033392e-9,1.1497587064974012e-6,9.804981612715672e-7,5.51364209115226e-8,6.168666460672113e-7,1.7210166655794172e-6,4.237809737654642e-7,1.6471829546725987e-6,0.0,1.9140718129735003e-7,6.439033812052779e-6,3.925679706185761e-6,5.565970585295433e-6,2.0161937596738352e-6,2.2262696241078524e-7,5.645815458233239e-6,2.126151265096203e-6,2.148440476402968e-6,5.824112407658417e-7,4.5575750673309295e-6,2.4714713711147615e-6,0.0,9.276923093573109e-7,2.10226248103786e-7,2.4718548420397666e-7,2.94810124551553e-6,1.5113237943348653e-6,5.572373799723598e-7,3.768516607126646e-8,3.710595382438879e-9,1.4903630241350123e-7,1.2741021274039646e-6,1.956538414136823e-7,6.880921486464593e-6,1.8881689518772747e-6,2.8015976500947035e-6,6.166429505829366e-6,4.13664544733037e-8,2.503912554438075e-7,1.0891530356322507e-6,2.953039657497309e-9,2.019794654183998e-8,1.0798190842979871e-7,9.105292920976721e-7,3.855829806480839e-9,1.8413749399955023e-8,1.4550011313223385e-7,1.4632457798190364e-6,3.915580612218864e-9,1.9881410708384023e-8,1.2109362539902581e-7,1.4532420203658925e-6,3.599624300549653e-9,1.9751275914412834e-8,2.6999829811860036e-7,1.0797133076150032e-6,4.0756608462725e-9,1.811865870900995e-8,1.2930237140309218e-7,1.0518485236772926e-6,3.5627740329435355e-9,1.8655945133848375e-8,1.331144312473395e-7,1.4561562156726376e-6,3.8560975938948856e-9,2.0017450269907966e-8,1.462307852533996e-7,7.305354567625641e-7,3.6157315437616313e-9,1.6909573231673957e-8,5.5691723519550284e-8,7.73284595937593e-7,3.035592506755973e-9,1.9407205019385026e-8,2.542917275052508e-7,1.4145941108645426e-6,2.8076177883995914e-9,2.3245860364948503e-8,2.805210024798326e-8,2.830985274622731e-7,1.3723324917618869e-6,3.5770546539358838e-9,1.996641688626241e-8,9.961178609918787e-5
t290,2.129223983039143e-7,7.438360749184895e-7,3.044977155566096e-7,1.470699645600021e-6,3.952914493184599e-6,4.1340994644893634e-8,1.4812260897030217e-6,2.9880000794708724e-6,1.652758796018171e-6,2.660369088036301e-6,0.0,8.383094260594593e-7,6.8385785509242715e-9,1.1160880505079496e-6,9.725411237994663e-7,5.5827232013643724e-8,6.173648226248121e-7,1.7102974005317498e-6,4.098754990665227e-7,1.6334322998523577e-6,0.0,1.904446982850303e-7,6.483631466338829e-6,3.928228732590486e-6,5.587072634709611e-6,1.9954362721172474e-6,2.1667066627516882e-7,5.712815436638756e-6,2.0940525021252574e-6,2.1451745667558707e-6,5.802870193669978e-7,4.600008854045872e-6,2.4638115015886207e-6,0.0,9.223496183279354e-7,2.057565122831557e-7,2.477188741551777e-7,2.9454574256637033e-6,1.4888236150941452e-6,5.564571025662207e-7,3.7383836178547756e-8,3.723407452976574e-9,1.4705246726853693e-7,1.2359902480563015e-6,1.9507959278133114e-7,6.828489000363405e-6,1.8664618541327857e-6,2.783351717359413e-6,6.093901019850041e-6,4.0871595095610654e-8,2.5626732978677524e-7,1.1013632230236469e-6,2.947087203469068e-9,2.0192642874631146e-8,1.0666259567523575e-7,9.034303590699337e-7,3.828014689512857e-9,1.8164284413478704e-8,1.447515121127949e-7,1.461539497195402e-6,3.8909849572848854e-9,1.953873013807007e-8,1.2012276086083397e-7,1.4765137922911369e-6,3.5806916178431416e-9,1.9473019896753895e-8,2.677228670483574e-7,1.0843435056720257e-6,4.054924697986959e-9,1.7863167749582743e-8,1.2829159416109818e-7,1.0524595451113334e-6,3.5496104392948575e-9,1.8386480064586925e-8,1.3154634658816445e-7,1.4487956672319528e-6,3.817913331774073e-9,1.9741858343244114e-8,1.4552213280062166e-7,7.218270851303283e-7,3.5837052407924698e-9,1.6699995134514013e-8,5.452891748805273e-8,7.640267710050427e-7,3.009482181762434e-9,1.918554189200488e-8,2.567216237245894e-7,1.4387466755764473e-6,2.7873750449827327e-9,2.310625097430297e-8,2.8199279171861962e-8,2.793914797248632e-7,1.384207405775327e-6,3.5866179555433955e-9,2.0055972611019507e-8,9.947366836358907e-5
t291,2.1382648960035337e-7,7.471850382955024e-7,3.0075272360442987e-7,1.4807844942476158e-6,4.053579410600886e-6,4.14373873269635e-8,1.4975983079911153e-6,3.005882362680222e-6,1.6542334191302688e-6,2.7131811931633325e-6,0.0,8.379006716721416e-7,6.9144691069482755e-9,1.1117622073642112e-6,9.834345078864525e-7,5.5504069555875044e-8,6.286104962636725e-7,1.7692970759564137e-6,4.09229765904894e-7,1.6750618932928134e-6,0.0,1.943556914631823e-7,6.575520088280466e-6,3.94604156312376e-6,5.628977686222893e-6,2.0116990390010878e-6,2.169554840294862e-7,5.801068829190839e-6,2.0800774470489647e-6,2.167390473632074e-6,5.887894263661871e-7,4.676841379681376e-6,2.474277341597499e-6,0.0,9.103745540211295e-7,1.9890777149248914e-7,2.477110692511571e-7,2.948663557708699e-6,1.4747962724635547e-6,5.566794893120331e-7,3.68237446589596e-8,3.750143754138314e-9,1.4455143769759863e-7,1.2033751909564863e-6,1.925311588067823e-7,6.77861469409889e-6,1.8314186736733391e-6,2.75674444535459e-6,6.0006325251392886e-6,4.018540938899235e-8,2.6317518608162424e-7,1.1089547993510631e-6,2.9469189506798433e-9,2.0271178106163255e-8,1.1005293483851492e-7,9.344617145049316e-7,3.918942332860842e-9,1.895604652846673e-8,1.512059846110677e-7,1.4964805932445913e-6,4.090546348667036e-9,2.1017568720898612e-8,1.241186108264972e-7,1.5182199651648534e-6,3.7161017177015416e-9,2.064127156770978e-8,2.7730622849153503e-7,1.1065433922604948e-6,4.2469921674182944e-9,1.913228170589695e-8,1.3264443051536672e-7,1.0733943944034602e-6,3.666818169409034e-9,1.945132962051656e-8,1.3598799762946444e-7,1.5099897814202622e-6,3.900636271993307e-9,2.0507576007479193e-8,1.5039797235173398e-7,7.43557136955069e-7,3.6448793227298323e-9,1.7203632222182243e-8,5.5355242192745516e-8,7.862481980667461e-7,3.0522544130371298e-9,1.9705750790797686e-8,2.5811930923648897e-7,1.454731944275971e-6,2.7409176866207248e-9,2.2880548211462285e-8,2.8181966342184624e-8,2.7639112938591956e-7,1.3859025836682822e-6,3.5756471814313604e-9,2.0032817639822294e-8,0.00010021465272256289
t292,2.1516334035916547e-7,7.509043294995645e-7,2.9732676730961977e-7,1.4940931205219822e-6,4.159487522202562e-6,4.1604411487574275e-8,1.4651459307932406e-6,3.0082871710458806e-6,1.6504193658844794e-6,2.65221875994576e-6,0.0,8.304557892119871e-7,6.713198398386339e-9,1.0759413480983547e-6,9.701455788273657e-7,5.282468491122803e-8,6.128272259903644e-7,1.7172330917803659e-6,3.942112816952557e-7,1.6341835006188798e-6,0.0,1.9458943264203303e-7,6.575954773583216e-6,3.9488021883195585e-6,5.647370206238264e-6,1.985784922799405e-6,2.097637440775782e-7,5.84108211648622e-6,2.0686275864647957e-6,2.151676759786982e-6,5.852464916375489e-7,4.694067556345288e-6,2.469615315036328e-6,0.0,8.932232043033036e-7,1.8828876299064715e-7,2.400757596988679e-7,2.934397976578214e-6,1.4373466276460583e-6,5.458155079861433e-7,3.596538616425987e-8,3.612190618347119e-9,1.4102522891122324e-7,1.1513161812223189e-6,1.8436164628176962e-7,6.711539819342323e-6,1.77671607470354e-6,2.705068263252263e-6,5.846476618825069e-6,3.893163176253969e-8,2.7121427063582145e-7,1.1144466703734197e-6,2.9504423752830826e-9,2.037498747078585e-8,1.1044256030949983e-7,9.272111614113084e-7,3.903352739237473e-9,1.86368255256267e-8,1.5107620003840842e-7,1.4896488345262226e-6,3.959362613617212e-9,2.04347559542119e-8,1.2365642829101373e-7,1.5191369154931157e-6,3.6051810286410452e-9,2.0128946548135657e-8,2.762290622121702e-7,1.0996377999821796e-6,4.11157357565984e-9,1.862284868011828e-8,1.3245541708459822e-7,1.0649491645199099e-6,3.5647586936937078e-9,1.9016825498642583e-8,1.3676881851087148e-7,1.5083660730482803e-6,3.878319975581959e-9,2.020077951705737e-8,1.5189834614670458e-7,7.366982212094199e-7,3.6223684533929705e-9,1.696570468567308e-8,5.502073625602511e-8,7.788349277612267e-7,3.039667827469809e-9,1.9398921472526457e-8,2.5594414952865906e-7,1.4528935131731424e-6,2.731965252807601e-9,2.230306085985305e-8,2.6863715259513458e-8,2.68969914600625e-7,1.3591392195131833e-6,3.4904826621990654e-9,1.9094699904501075e-8,9.950146634348615e-5
t293,2.170203350923831e-7,7.546328528654813e-7,2.940251306624608e-7,1.5075152687784812e-6,4.257221704829329e-6,4.180500045442395e-8,1.4409110611265065e-6,3.012630832456509e-6,1.6496930350698365e-6,2.59477543613957e-6,0.0,8.246077483048394e-7,6.620087758776695e-9,1.0497417051364363e-6,9.637576015878934e-7,5.122009938034884e-8,6.078960954724229e-7,1.673716761957725e-6,3.847963367236153e-7,1.5955066288114583e-6,0.0,1.940516502611349e-7,6.5515063181426456e-6,3.951053064744316e-6,5.670240084603058e-6,1.958774072332764e-6,2.0384431721228876e-7,5.854460692331157e-6,2.0646037943647765e-6,2.131699619243314e-6,5.833222097403295e-7,4.691109380711941e-6,2.4613239467318834e-6,0.0,8.792261279406894e-7,1.8636487177110446e-7,2.3857707248793484e-7,2.93401577115217e-6,1.4421641155050759e-6,5.449645455333594e-7,3.559003214068331e-8,3.5962991134967816e-9,1.4157742414910369e-7,1.127865323978015e-6,1.850369375922432e-7,6.702603197916909e-6,1.7690194951325844e-6,2.672909599874471e-6,5.745030615963398e-6,3.864622906793924e-8,2.788406441754314e-7,1.1187035228901463e-6,2.9560218512595732e-9,2.0501681492975734e-8,1.10865097529616e-7,9.252018207239902e-7,3.890959858195498e-9,1.8475611610778817e-8,1.5112413741946865e-7,1.488480419069959e-6,3.897526897215459e-9,2.0063888881020337e-8,1.2335624881024677e-7,1.5187928440246885e-6,3.5495961545499697e-9,1.979091882477467e-8,2.7624697268453743e-7,1.097856224798994e-6,4.0530352964954595e-9,1.8331447111314344e-8,1.3240240727029736e-7,1.0621973125220062e-6,3.5141266341936992e-9,1.8752930741353477e-8,1.3730189371147764e-7,1.5092919498971127e-6,3.860903824206568e-9,2.0017480363985285e-8,1.52990496686448e-7,7.348462529519942e-7,3.605935192972895e-9,1.681876407504852e-8,5.477640406762742e-8,7.762916336526913e-7,3.0221580197459535e-9,1.9198286632335327e-8,2.59257522577872e-7,1.4477981612164408e-6,2.743351496060303e-9,2.2696729769479005e-8,2.696880821760107e-8,2.708979196230142e-7,1.3787353875173376e-6,3.4828109193115333e-9,1.9150891998362053e-8,9.917686967203191e-5
t294,2.1927647281117137e-7,7.608817010753501e-7,2.916743160332847e-7,1.522032774895833e-6,4.349142533333296e-6,4.1951779599509634e-8,1.4059234209084255e-6,3.0130429101184785e-6,1.6474157112873668e-6,2.5186097592972775e-6,0.0,8.180938173585022e-7,6.5485018050050065e-9,1.027151733655613e-6,9.545563244379087e-7,4.9641285155075946e-8,5.987099811343982e-7,1.6111375231484514e-6,3.7815700734140895e-7,1.5430849584257039e-6,0.0,1.929140248101207e-7,6.488132029345654e-6,3.948488768300784e-6,5.693423413760502e-6,1.9277566354484314e-6,1.9849228849669418e-7,5.79905766694218e-6,2.0514378475150106e-6,2.1034360629592858e-6,5.78940203230502e-7,4.650238942798754e-6,2.4401312304360324e-6,0.0,8.620869503767012e-7,1.842313971275601e-7,2.3549504601623102e-7,2.916050638459766e-6,1.4386330712275614e-6,5.440847857017624e-7,3.5340585139382906e-8,3.603075623257835e-9,1.4122588910412138e-7,1.0887859244605041e-6,1.8395872229210276e-7,6.6759689861090056e-6,1.7560523127229903e-6,2.5666969075912335e-6,5.459354753449117e-6,3.7658289980395494e-8,2.85535247830651e-7,1.1226571203649742e-6,2.9568299830295725e-9,2.057527642804014e-8,1.1028384499285905e-7,9.188137732394522e-7,3.8649953179792855e-9,1.8154311387566015e-8,1.4948553709434344e-7,1.4754471418254138e-6,3.826046166637359e-9,1.9490258400511926e-8,1.2170155880786993e-7,1.5025456644838143e-6,3.4836508137802313e-9,1.919670656167934e-8,2.734264481549753e-7,1.088415570591592e-6,3.982875265185712e-9,1.7820784476740264e-8,1.309808601504216e-7,1.0541031374209767e-6,3.4539013251247908e-9,1.830149173804472e-8,1.3681857098415017e-7,1.499188493231575e-6,3.827763750219871e-9,1.964881732549112e-8,1.5253312129617587e-7,7.302832775665198e-7,3.5714189697541233e-9,1.6549958439085223e-8,5.429903857969786e-8,7.715464725034024e-7,2.9968925397369583e-9,1.8890873490568193e-8,2.612207421180722e-7,1.4504255907132432e-6,2.760816272668499e-9,2.3034530462796472e-8,2.6321808484853826e-8,2.691572900472544e-7,1.3822554703669284e-6,3.425729967427175e-9,1.8662415228937215e-8,9.817463108640793e-5
t295,2.1924158780533697e-7,7.681738810915683e-7,2.895755582480713e-7,1.5434286565497376e-6,4.441797342642986e-6,4.197558972537172e-8,1.359158683691783e-6,3.009368659796034e-6,1.6457602909181042e-6,2.420487181158427e-6,0.0,8.123704417941521e-7,6.445357792872126e-9,1.003614863579251e-6,9.429359813136619e-7,4.796641949078434e-8,5.865204922954072e-7,1.5407307457645679e-6,3.756585541471799e-7,1.4742992842547195e-6,0.0,1.9100091811309144e-7,6.385385238129947e-6,3.939881190739542e-6,5.711157598231258e-6,1.8520703027794315e-6,1.990507003851809e-7,5.686790437629626e-6,2.043371043244539e-6,2.0276984857176525e-6,5.685796949565373e-7,4.56020868059199e-6,2.409258938623982e-6,0.0,8.405348546601901e-7,1.8168896415084265e-7,2.302941028652153e-7,2.8718987365938345e-6,1.4239259045422224e-6,5.419985091650301e-7,3.493986756182407e-8,3.6079220902638724e-9,1.394195269066831e-7,1.0349149897590676e-6,2.0420598957707416e-7,6.640654428282276e-6,1.7438863286257455e-6,2.418099581398856e-6,4.996272181519895e-6,3.5001987266763746e-8,2.9170401726027137e-7,1.1274032559765609e-6,2.9495095063537537e-9,2.0738821055840793e-8,1.100899485945696e-7,9.024102307553671e-7,3.829335260424165e-9,1.7765810229692866e-8,1.4861706035307715e-7,1.4358683861071308e-6,3.773965095186431e-9,1.883886471697795e-8,1.2085708966595984e-7,1.456760429873943e-6,3.434483996879588e-9,1.8667934234597872e-8,2.727336832931748e-7,1.0631225329242218e-6,3.9321089324897015e-9,1.7323763204707456e-8,1.299841940518998e-7,1.030715515861493e-6,3.4003297053697404e-9,1.775209735380383e-8,1.3699099383066918e-7,1.462482371202867e-6,3.7580419830610084e-9,1.91368948524438e-8,1.5277682069966721e-7,7.178929350956331e-7,3.5184928480063582e-9,1.6335404927476044e-8,5.4141005884827054e-8,7.578808331312013e-7,2.9572331957233355e-9,1.8557398220735846e-8,2.6089448787100104e-7,1.4397611781799405e-6,2.7756954989257203e-9,2.317644956016901e-8,2.5617066657103985e-8,2.6906194625936807e-7,1.3281038138472608e-6,3.3373391514140612e-9,1.8122365857899936e-8,9.638525881293397e-5
t296,2.1380576546979896e-7,7.626186311879244e-7,2.873254388612261e-7,1.538354092835973e-6,4.477761318709988e-6,4.1656193325810394e-8,1.3840750068412329e-6,3.0121472572938714e-6,1.6512153679958347e-6,2.480056355789138e-6,0.0,8.11517510688202e-7,6.508744964713549e-9,1.037176690195005e-6,9.551901343519278e-7,4.8782650394695875e-8,6.057739376680127e-7,1.6415153574796809e-6,3.8113707403241744e-7,1.5117871339091053e-6,0.0,1.880472336845188e-7,6.276654486244209e-6,3.936549957762343e-6,5.725411574351589e-6,1.917180758576786e-6,2.051912863703104e-7,5.597885682308802e-6,2.037301972192314e-6,2.0674475892698126e-6,5.833724896693587e-7,4.493789705363307e-6,2.381021854387229e-6,0.0,8.181810019722272e-7,1.8171234002359757e-7,2.2446196509900102e-7,2.81324602194448e-6,1.4122193065548698e-6,5.403996230266423e-7,3.4454432053954924e-8,3.6103027863021938e-9,1.5192498580210074e-7,1.167701493231253e-6,1.8612752295981427e-7,6.6112368702059565e-6,1.6159734564510073e-6,2.7111491348693848e-6,5.877827155451335e-6,4.518353055852736e-8,2.930463330662193e-7,1.1151971983410844e-6,2.989112382368727e-9,2.0717194238933474e-8,1.1190841306189159e-7,9.295099221168108e-7,3.908627317984301e-9,1.9464854633903443e-8,1.5192149695527767e-7,1.4755675150996326e-6,3.82832103066888e-9,2.083898292333684e-8,1.2393509424318345e-7,1.4897080327504555e-6,3.503222816366109e-9,2.043881558376854e-8,2.776722542104767e-7,1.093312377140691e-6,3.980238693023496e-9,1.8762991817276125e-8,1.3206738002375688e-7,1.057795665463524e-6,3.4386829834871474e-9,1.907656217375266e-8,1.3822291156134258e-7,1.504453050218106e-6,3.9165723689206685e-9,2.0699081059090423e-8,1.548266610304317e-7,7.406089268116755e-7,3.6845174991130974e-9,1.75444049375989e-8,5.487424412177198e-8,7.812960455834809e-7,3.0466338120848253e-9,2.0001509158676808e-8,2.5969202543195626e-7,1.4202434817175649e-6,2.791334828734065e-9,2.336612797652134e-8,3.157136653918435e-8,3.0186727895945483e-7,1.3747663648622094e-6,3.864459630916053e-9,2.24616159011218e-8,9.793005629824342e-5
t297,2.1337329791135986e-7,7.587309128893844e-7,2.815352481433792e-7,1.5534724943127351e-6,4.504655826993291e-6,4.11212297289402e-8,1.304495633416756e-6,2.990749323295261e-6,1.638441684684953e-6,2.3212108189055235e-6,0.0,8.042343768914609e-7,6.416733135286703e-9,1.007974783004399e-6,9.421883533767281e-7,4.717260628967708e-8,5.841841018123341e-7,1.5000418908898767e-6,3.722404899284765e-7,1.4039130296816036e-6,0.0,1.8212736052245163e-7,6.076964426017796e-6,3.911025112880219e-6,5.726667689193772e-6,1.8280099882199574e-6,1.9873518743971222e-7,5.315505383966535e-6,2.013769798775372e-6,1.975175497517476e-6,5.62082035950012e-7,4.2881948602028266e-6,2.3079483028169667e-6,0.0,7.912695955886277e-7,1.8043890372428843e-7,2.1780436085035675e-7,2.7438437067097364e-6,1.3801596911923128e-6,5.383939713061914e-7,3.397995545875142e-8,3.6056504405961604e-9,1.500381081603333e-7,1.1033912941810824e-6,1.8212391636175711e-7,6.598171415849e-6,1.5871351086170465e-6,2.5219368920726775e-6,5.399370615529756e-6,4.253169268011631e-8,2.951550923497018e-7,1.0986821697446815e-6,2.9740833087703027e-9,2.0682071739597994e-8,1.0952540809995282e-7,9.010328741124374e-7,3.8604498876452575e-9,1.870301795285599e-8,1.4839218602888839e-7,1.4314798327683536e-6,3.793983464747362e-9,2.0084094248420906e-8,1.2143167441717583e-7,1.428245664506726e-6,3.4771023276133963e-9,1.9785958488702405e-8,2.7173152610282767e-7,1.0616794774366507e-6,3.956551270062782e-9,1.8183524393586352e-8,1.29267049182397e-7,1.026303784907768e-6,3.4138448553935763e-9,1.8479887136432872e-8,1.3545542557620303e-7,1.453882184008964e-6,3.8492330070259126e-9,1.9892230807019886e-8,1.515564302529878e-7,7.236733109691938e-7,3.6236795453418386e-9,1.706136091519629e-8,5.3991039295137506e-8,7.598548516259005e-7,3.0081515183694057e-9,1.9339835432692173e-8,2.588096161053388e-7,1.3835165427720464e-6,2.8073023707979803e-9,2.3518846297963094e-8,2.947586625035982e-8,2.971299267069943e-7,1.3087137076723213e-6,3.786994354089439e-9,2.100295849938913e-8,9.497082416023188e-5
t298,2.1560312434296952e-7,7.716927058682626e-7,2.8065859409795693e-7,1.5732201416220211e-6,4.6377284300348966e-6,4.1362571892999966e-8,1.2874339177356338e-6,3.0051881198243852e-6,1.6669023871495667e-6,2.27743553249194e-6,0.0,8.046474309009925e-7,6.4255091508968414e-9,1.0087363058063778e-6,9.450910110417084e-7,4.7322030669748946e-8,5.871839339874135e-7,1.4627436233120498e-6,3.701360273756024e-7,1.3753038181563969e-6,0.0,1.8400519942631967e-7,6.002069486100185e-6,3.913003508767354e-6,5.758024274966833e-6,1.7989798861304153e-6,1.9682086830286702e-7,5.119300644186074e-6,2.0011390707100167e-6,1.956405825616757e-6,5.611202404500565e-7,4.186358027756837e-6,2.285949444964248e-6,0.0,7.815764004018133e-7,1.816952921256531e-7,2.1499828195506283e-7,2.727288744852697e-6,1.358396630812577e-6,5.408565789094403e-7,3.4387572127491004e-8,3.6062415016265554e-9,1.5407200930786989e-7,1.1055128905225378e-6,1.8804412425996387e-7,6.715043604242488e-6,1.6160876509714375e-6,2.4843832163159056e-6,5.3437481195172796e-6,4.252019578416652e-8,3.031654153708689e-7,1.1126224496825537e-6,2.963359006310724e-9,2.0593208724715918e-8,1.0928142463294984e-7,8.907734462848276e-7,3.847292628918379e-9,1.8572219012409522e-8,1.4876714449288952e-7,1.4331686742596622e-6,3.798727192619592e-9,2.013808248077193e-8,1.2153991220310798e-7,1.4042614557144106e-6,3.482983926785167e-9,1.982405356149082e-8,2.79307263055202e-7,1.0487327580626983e-6,3.972149034697918e-9,1.8271696558883577e-8,1.2931054534667674e-7,1.0132927635776299e-6,3.4175909985104825e-9,1.8510574605253546e-8,1.346490802790537e-7,1.4524163875830461e-6,3.813506996918407e-9,1.9679505618770604e-8,1.503916687499029e-7,7.147467850507186e-7,3.5998271082667027e-9,1.681890797075807e-8,5.381832947777201e-8,7.528728737416787e-7,2.9959482790982552e-9,1.9232102093212177e-8,2.6754549849942996e-7,1.3641941104489849e-6,2.8296889457020796e-9,2.3824035281451913e-8,2.9091574290994715e-8,3.038883576057697e-7,1.3115241547713982e-6,3.734478710991517e-9,2.0706974738650466e-8,9.46041982331052e-5
t299,2.1704547062364503e-7,7.816014621519036e-7,2.789889453526389e-7,1.5875260072121308e-6,4.747550474455502e-6,4.1438754016066315e-8,1.4402249437413232e-6,3.139801192736561e-6,1.7491864384557375e-6,2.5758441326554984e-6,0.0,8.296539080756368e-7,6.649059312195024e-9,1.1101084932580198e-6,1.0045089593672606e-6,5.031498221871e-8,6.422821497680128e-7,1.6904326707043018e-6,4.113760311446475e-7,1.585148064290101e-6,0.0,2.0722549484843203e-7,6.50760189370477e-6,4.03243519238406e-6,5.905279347579956e-6,2.0266790058442724e-6,2.1802524886859057e-7,5.594598674390752e-6,2.1568958559477527e-6,2.190175686898835e-6,6.251638183803286e-7,4.596483586346592e-6,2.5225708954880326e-6,0.0,8.684147716010078e-7,2.0125651758482475e-7,2.2915907702732609e-7,2.9934357673307556e-6,1.515379245150849e-6,5.597573681295567e-7,3.607691768253652e-8,3.601269901198635e-9,1.6543159679131564e-7,1.2020794653734264e-6,2.0801547246768233e-7,7.111008013765018e-6,1.7745675107852677e-6,2.6041932949346187e-6,5.719139165805561e-6,4.437794088051784e-8,3.100600149083244e-7,1.109073109280933e-6,2.951170675636845e-9,2.0473044012254742e-8,1.141695146421334e-7,9.365072884303255e-7,3.9190236760965155e-9,1.9320868278268338e-8,1.577195008207801e-7,1.5475846516219694e-6,3.887367191833756e-9,2.126901582994569e-8,1.28093318269135e-7,1.4909573394298992e-6,3.5634948843120358e-9,2.0958809006625857e-8,3.0396755594279596e-7,1.101960404122434e-6,4.073463569094547e-9,1.937857173760048e-8,1.367010846808128e-7,1.0629634183676308e-6,3.492719916979837e-9,1.9641614408988327e-8,1.4225360643203365e-7,1.5741033215135018e-6,3.8893601060991905e-9,2.066489325568815e-8,1.5879322997870445e-7,7.417751527304968e-7,3.6712028737404434e-9,1.7681997803694885e-8,5.565894978213477e-8,7.854753421978791e-7,3.059892658054546e-9,2.0224361223288614e-8,2.86061374529308e-7,1.4073405320337593e-6,2.846170993617044e-9,2.457816879435076e-8,2.948407720732782e-8,3.2228159949732547e-7,1.3711704998612634e-6,3.7089717441361853e-9,2.0911313515846372e-8,0.0001012470306178708
t300,2.2078421479794192e-7,7.989937968612343e-7,2.8323396212334155e-7,1.607337943396823e-6,4.842036011923373e-6,4.2126464190037975e-8,1.5733768893293433e-6,3.2680927954164208e-6,1.8273791423526584e-6,2.861054796150295e-6,0.0,8.473571499153664e-7,6.5492538904824296e-9,1.2012130589232125e-6,1.0497784612389548e-6,5.1959391944221095e-8,6.83894216753154e-7,1.8938569109781005e-6,4.511287385019112e-7,1.7817580087111491e-6,0.0,2.3015684050163746e-7,6.972129872937758e-6,4.145855683318152e-6,6.028755475244101e-6,2.2465197002411925e-6,2.346141565901654e-7,6.071354456327561e-6,2.3417349762994175e-6,2.4096732407336808e-6,6.798537999078681e-7,4.9810702031246875e-6,2.781354000164247e-6,0.0,9.638846764397544e-7,2.1157717453003104e-7,2.390705768806396e-7,3.2682821533381593e-6,1.6493547675666015e-6,5.720881338451818e-7,3.809366543635415e-8,3.6052300692844053e-9,1.7576086120155758e-7,1.298514204189662e-6,2.2062859024541668e-7,7.517851119627954e-6,1.8917541030782558e-6,2.697946800364418e-6,6.070583654632341e-6,4.603396663194913e-8,3.2037963506561854e-7,1.1268459836338955e-6,2.985099366130636e-9,2.084717881918462e-8,1.1557847967226896e-7,9.396380344252601e-7,3.882312102422217e-9,1.903511198839031e-8,1.6151465365033867e-7,1.6377669416898118e-6,3.8602703035624084e-9,2.1198130726884746e-8,1.307162657494793e-7,1.5370487502173858e-6,3.5409481631283416e-9,2.0943329348681927e-8,3.2186256645635387e-7,1.1206082777185598e-6,4.052342284525738e-9,1.9421670738584372e-8,1.4009078418466643e-7,1.0794990289400595e-6,3.4752404534004367e-9,1.9716398357262847e-8,1.4538846863078685e-7,1.6657204299031469e-6,3.861241946150535e-9,2.0522519929586353e-8,1.6234913332045228e-7,7.44922468643265e-7,3.6504279570239276e-9,1.7477230265036876e-8,5.579327117528376e-8,7.876186931280731e-7,3.0374610335576817e-9,1.9919375424916055e-8,2.995010306340711e-7,1.4440191871278036e-6,2.8274929862209422e-9,2.3859281537830633e-8,2.8968532233245268e-8,3.373525164067742e-7,1.3818066005389915e-6,3.6551346314910333e-9,2.050548768354441e-8,0.00010722727671005919
t301,2.2408576429522008e-7,8.190614618493197e-7,2.896414914379038e-7,1.629792895946279e-6,4.935723219149664e-6,4.27451288174952e-8,1.7412304937486326e-6,3.4089357953183442e-6,1.913910648335256e-6,3.1931126521973347e-6,0.0,8.653486589144265e-7,6.4148948407863316e-9,1.301716470816649e-6,1.0965483141019437e-6,5.371295490362909e-8,7.309972929743066e-7,2.129759264159009e-6,4.990096385124862e-7,2.0102215598096955e-6,0.0,2.588676286420249e-7,7.478077625338239e-6,4.268138923656305e-6,6.161652622502397e-6,2.5278756354966076e-6,2.556570224521011e-7,6.5852897741129195e-6,2.5607830178986615e-6,2.687428113380694e-6,7.503347667338675e-7,5.416338362008882e-6,3.0938876099459e-6,0.0,1.078573221009324e-6,2.28060770087955e-7,2.5495388769001253e-7,3.6064758594151697e-6,1.8302249759491742e-6,5.941839061712108e-7,3.954831499427907e-8,3.610710372949715e-9,1.879620718790475e-7,1.423236291777565e-6,2.3767911697500408e-7,7.98434326525319e-6,2.017316738093578e-6,2.796698230488363e-6,6.464068923477679e-6,4.8243417499960364e-8,3.3057789460325864e-7,1.143679386369509e-6,3.015929491782866e-9,2.119990263111999e-8,1.164384466697269e-7,9.34551786451964e-7,3.857519075112039e-9,1.8661272597237027e-8,1.63353504120038e-7,1.7253272417821719e-6,3.836705102792693e-9,2.0747365996499174e-8,1.316211522286269e-7,1.562613559547968e-6,3.5182908184781115e-9,2.050436017740067e-8,3.3766684675319623e-7,1.1204247024314027e-6,4.030820420256188e-9,1.9000277762920687e-8,1.4140269752432938e-7,1.078646878484691e-6,3.4554819813648177e-9,1.9316170432255832e-8,1.472857946849658e-7,1.7544367734176886e-6,3.837968337440217e-9,2.017764239935488e-8,1.6478755061470985e-7,7.393851960714424e-7,3.6253079991832166e-9,1.709281342054042e-8,5.5753321807181195e-8,7.827136716888678e-7,3.024644610791275e-9,1.9552693341079423e-8,3.209995442097117e-7,1.4869977024325442e-6,2.813751467305899e-9,2.3838083843764076e-8,2.9017949977414964e-8,3.5800000652581394e-7,1.400896095626491e-6,3.63726340841583e-9,2.0499108421026003e-8,0.00011401730048119127
t302,2.2290705144487774e-7,8.16499895813176e-7,2.8635567958814863e-7,1.6362765866350453e-6,4.9607119367085065e-6,4.255534049082443e-8,1.965119031454009e-6,3.5625535147656074e-6,2.012494676789039e-6,3.6417369852481866e-6,0.0,8.854433622371787e-7,6.308121384517245e-9,1.4328761181434766e-6,1.152270807012952e-6,5.62195690142347e-8,7.895456414488927e-7,2.463738784293282e-6,5.566187681875096e-7,2.334111280643506e-6,0.0,2.977469035922406e-7,8.104438525240762e-6,4.396025065407919e-6,6.307580641211046e-6,2.9153196112108307e-6,2.842659443436989e-7,7.1627057618371355e-6,2.81103720707972e-6,3.0544209777021544e-6,8.434518923598388e-7,5.929512599651851e-6,3.478743911136068e-6,0.0,1.229539808205734e-6,2.491909065931586e-7,2.718596776677777e-7,4.015836890072487e-6,2.0403303897266117e-6,6.167814559250063e-7,4.147428829455428e-8,3.629752671573162e-9,2.0293544393250072e-7,1.5786105546632926e-6,2.5977335795077564e-7,8.508909251144177e-6,2.1708326002879375e-6,2.9016417599861037e-6,6.902879162624602e-6,5.1033492161061325e-8,3.3429747742618153e-7,1.129734826293586e-6,2.9946049132506045e-9,2.0800043646659824e-8,1.1843932171838679e-7,9.326407585014896e-7,3.859728281753945e-9,1.8732671537696023e-8,1.6531410111602754e-7,1.811458333915629e-6,3.818223248659454e-9,2.043063113999589e-8,1.324534896864416e-7,1.5733900165595115e-6,3.4971046812125136e-9,2.0147384738844815e-8,3.5558454670138535e-7,1.1082440044842057e-6,4.008330468203247e-9,1.864107672524126e-8,1.4267898112134508e-7,1.0672444539395407e-6,3.439114406231401e-9,1.8999418398771767e-8,1.5067485357333393e-7,1.8573987720172841e-6,3.848226855724192e-9,2.0264851479412885e-8,1.6903633593754657e-7,7.386941285087359e-7,3.6307617000302563e-9,1.7150281921688696e-8,5.621509277036399e-8,7.819507053473004e-7,3.028097899079496e-9,1.960303894155649e-8,3.4452168030235426e-7,1.527268680463945e-6,2.806195751722273e-9,2.380730077296971e-8,2.91403797760114e-8,3.8198354769197026e-7,1.4244825914102394e-6,3.6385759258570245e-9,2.054236910762007e-8,0.00012204538609578859
t303,2.234872204759791e-7,8.164469916042666e-7,2.832298608794042e-7,1.6453756501587464e-6,4.99400647493016e-6,4.25998399676146e-8,2.2568573687710205e-6,3.7310223501990056e-6,2.123395126888212e-6,4.26583203242968e-6,0.0,9.092419548047539e-7,6.370592144696324e-9,1.6241100694626577e-6,1.2207241174121018e-6,5.983464405638631e-8,8.704345435898988e-7,2.9614010647482454e-6,6.400418903716001e-7,2.811391662271005e-6,0.0,3.497430847239959e-7,8.850463062632128e-6,4.527923540584751e-6,6.457422272204198e-6,3.4460844916224766e-6,3.192175496018581e-7,7.869601238750415e-6,3.107339778478038e-6,3.5408954520744075e-6,9.629624563293214e-7,6.55854870723828e-6,3.97087137328958e-6,0.0,1.4325781273529792e-6,2.7311288034423843e-7,2.9069965370198505e-7,4.522019415692723e-6,2.2908198243902154e-6,6.403738875291289e-7,4.372424509275704e-8,3.649317170439214e-9,2.2055672130741107e-7,1.7746790549950384e-6,2.866242276247912e-7,9.100192966782423e-6,2.3458694005245415e-6,3.023339872277714e-6,7.421324454189534e-6,5.424483436408326e-8,3.4063176888616424e-7,1.1245690624070322e-6,2.9892992353859253e-9,2.0737397927585784e-8,1.205127047473286e-7,9.327020991280539e-7,3.863455553262386e-9,1.8847247947056745e-8,1.7009916754201688e-7,1.9270153969078443e-6,3.78956847780043e-9,2.048906975769132e-8,1.356227835730223e-7,1.6070402081485638e-6,3.468960429883282e-9,2.0170501460155773e-8,3.81562812929093e-7,1.1145819217552259e-6,3.973915385103458e-9,1.8622107725236323e-8,1.4631774457557993e-7,1.074224283083093e-6,3.4116883347182486e-9,1.9004097725889442e-8,1.5424742569322775e-7,1.9700901631858047e-6,3.849809155502952e-9,2.0379651690122717e-8,1.7338657484664287e-7,7.383684358226284e-7,3.6312571469520513e-9,1.722972997860753e-8,5.6752750172936194e-8,7.818561432960854e-7,3.03018078400723e-9,1.974049799278193e-8,3.711919526769741e-7,1.5681149026298826e-6,2.8000710267420558e-9,2.3831508827016103e-8,2.9409770944606887e-8,4.0967360846637745e-7,1.4512953443406475e-6,3.6496426389364666e-9,2.0687765819264965e-8,0.00013220814979681344
t304,2.2504442017312922e-7,8.282831562848222e-7,2.8670220933118317e-7,1.6606198056160252e-6,5.0448819726540755e-6,4.281311725492223e-8,2.654790596623653e-6,3.919446190675017e-6,2.248809920230683e-6,5.172481796780409e-6,0.0,9.346757247759177e-7,6.458710658540933e-9,1.876244886908478e-6,1.2972651219318744e-6,6.41118979969332e-8,9.66382711988657e-7,3.7400099916630143e-6,7.591379099041743e-7,3.5534256942463913e-6,0.0,4.220592356059499e-7,9.772261682402844e-6,4.668949189222505e-6,6.619648531731431e-6,4.225640460988241e-6,3.662976519458094e-7,8.859414010118256e-6,3.4884626577692297e-6,4.21255728529598e-6,1.1204421099499179e-6,7.382938690594533e-6,4.629544430662576e-6,0.0,1.728418218805131e-6,3.0415097296738194e-7,3.1355273189063927e-7,5.177495460310376e-6,2.6316564327072336e-6,6.660233019881093e-7,4.620700890432209e-8,3.6727996568013378e-9,2.41710988804694e-7,2.03082332042306e-6,3.2123138792779894e-7,9.777048743129704e-6,2.569653112880424e-6,3.179670316341447e-6,8.077127677967602e-6,5.797554258681518e-8,3.5004756439086557e-7,1.1299854800441942e-6,2.9919389190721172e-9,2.0811731025345143e-8,1.227409768281387e-7,9.36164935140146e-7,3.8736240141959584e-9,1.8987624461983784e-8,1.7441319186918248e-7,2.050236361841551e-6,3.776135229428257e-9,2.0530310034012617e-8,1.3848056739022922e-7,1.6464987119702514e-6,3.4542763941766335e-9,2.019050718477166e-8,4.0905756693341675e-7,1.1229005562827735e-6,3.9545005519569895e-9,1.8595286953625414e-8,1.496745887354126e-7,1.0835588197608574e-6,3.39861275202766e-9,1.9020957931203457e-8,1.5809625824246045e-7,2.0972714656733577e-6,3.859106368256258e-9,2.0516251508734077e-8,1.7821281388564327e-7,7.406939378103697e-7,3.6387117939931983e-9,1.7346124837031e-8,5.7364901637034087e-8,7.848017597282086e-7,3.0374774574294647e-9,1.9901517510819964e-8,4.016369423993471e-7,1.6166866535328048e-6,2.798354479032963e-9,2.3912154112665787e-8,2.9779032343144017e-8,4.416753806383165e-7,1.486672370115747e-6,3.668129036593049e-9,2.090188354238919e-8,0.0001457420358425689
t305,2.224556025531103e-7,8.137425767827087e-7,2.867955494694587e-7,1.655627779970529e-6,4.890907567823948e-6,4.226227253669838e-8,3.232172501527715e-6,4.1353667538958875e-6,2.391878336991007e-6,6.62742802424419e-6,0.0,9.621121069067373e-7,6.602012536874411e-9,2.232519442097529e-6,1.384661941228862e-6,6.876878787242334e-8,1.0857377941439612e-6,5.172780092674826e-6,9.475522586803796e-7,4.867464872573072e-6,0.0,5.3243301733879e-7,1.0978321229176238e-5,4.821310103872959e-6,6.799317702213606e-6,5.477465036663229e-6,4.344904175473895e-7,1.0425716092459799e-5,4.00932430034326e-6,5.183941098088096e-6,1.3352600149434437e-6,8.542344212867011e-6,5.564648977349203e-6,0.0,2.198201108765215e-6,3.597457041350367e-7,3.428988702612487e-7,6.072126583254804e-6,3.208378537510006e-6,6.945878577119234e-7,4.8766263964188254e-8,3.7103458184853973e-9,2.673724769590288e-7,2.38273553842426e-6,3.6957082766033617e-7,1.056314385231122e-5,2.8930909784995e-6,3.398313942183368e-6,8.96951867154322e-6,6.173223358577535e-8,3.3867036432107943e-7,1.1201061324330813e-6,2.9875696570348363e-9,2.075373020051261e-8,1.2523917651937657e-7,9.492164187826392e-7,3.8835829417044816e-9,1.9160859727945938e-8,1.7918713058474813e-7,2.1920138920674644e-6,3.775655015468046e-9,2.0616279687356705e-8,1.4165149742961374e-7,1.709096796089421e-6,3.451476560960349e-9,2.0259167957999653e-8,4.403800655423933e-7,1.1470707461485945e-6,3.949939726558781e-9,1.8625031473554203e-8,1.53328038140867e-7,1.1083519708332813e-6,3.3958697676741077e-9,1.906883684803229e-8,1.625533515546993e-7,2.2452086344878544e-6,3.870375186721579e-9,2.071510238949476e-8,1.8367141073423752e-7,7.507733557709097e-7,3.645973052163505e-9,1.750983734388461e-8,5.8075201887823245e-8,7.96792035536491e-7,3.045177920065667e-9,2.0105035944766482e-8,4.3774459902325254e-7,1.6861928896735858e-6,2.8063457845583584e-9,2.408210261393262e-8,3.0247585661860604e-8,4.789349067428949e-7,1.538241931521408e-6,3.687772760558928e-9,2.1184118547203997e-8,0.00016519863024255625
t306,2.1950364399383793e-7,7.972134230579423e-7,2.8542571288483644e-7,1.647014097904843e-6,4.725797792362536e-6,4.161985532876654e-8,3.2798411192883517e-6,4.212707621781824e-6,2.4783301134567125e-6,6.705220314304247e-6,0.0,9.68583840021842e-7,6.3947006297317565e-9,2.154189092462127e-6,1.3879082028175805e-6,6.92403495578901e-8,1.0700849964521692e-6,4.491602342809038e-6,8.970481644461541e-7,4.295778019382811e-6,0.0,4.962559698362092e-7,1.0460448596535027e-5,4.802869426448017e-6,6.838752556020378e-6,5.005354641070023e-6,4.1938935121571587e-7,9.555151775864669e-6,3.8992681008712615e-6,4.831438052207826e-6,1.2843805515389664e-6,7.933238002605342e-6,5.221066413715456e-6,0.0,2.054105406306865e-6,3.615789597756899e-7,3.330756387978656e-7,5.791203514036998e-6,3.0172812145154244e-6,6.989048120998748e-7,4.9341973516273544e-8,3.724732175474917e-9,2.783368393494105e-7,2.422039102976778e-6,3.8459204682023054e-7,1.0776514306785893e-5,2.903765962292506e-6,3.3789664598842924e-6,8.926338240721981e-6,6.426194987776736e-8,3.271635813129451e-7,1.0999349297004706e-6,2.977857730952708e-9,2.0655034775863313e-8,1.239877720564387e-7,9.486952250863034e-7,3.874724065857088e-9,1.887429763758787e-8,1.7875107511941427e-7,2.232506157303564e-6,3.830055858455029e-9,2.090281137932122e-8,1.3979346628063865e-7,1.6643472191769496e-6,3.5079568593238725e-9,2.0562535136052316e-8,4.482948352613093e-7,1.1276925955487803e-6,4.011695449345094e-9,1.896981529148937e-8,1.5103984511414725e-7,1.0846922713372989e-6,3.4470906294e-9,1.9335586486345932e-8,1.5871878932941623e-7,2.2264752086654046e-6,3.858388963113288e-9,2.043943155213103e-8,1.7913180664770418e-7,7.416776369227105e-7,3.6325699086609727e-9,1.7218390318993492e-8,5.7343776750997856e-8,7.853009737754577e-7,3.032884435336313e-9,1.982086446241042e-8,4.5210722215310594e-7,1.6417395042531644e-6,2.8008720561536082e-9,2.3911628205499828e-8,3.0159337063370066e-8,4.967221854868699e-7,1.5277649498854897e-6,3.687631803357653e-9,2.113974434161425e-8,0.00016000968023238468
t307,2.206855494259347e-7,8.074161392070111e-7,2.927095589081702e-7,1.6590475002143593e-6,4.7235064581629896e-6,4.210304455872677e-8,3.0455929996362554e-6,4.209691951160521e-6,2.5421180509427475e-6,5.9977583830113976e-6,0.0,9.636084963183115e-7,6.449104175958279e-9,2.09205182001651e-6,1.384560330873053e-6,6.920234652537893e-8,1.0527782096161391e-6,3.967783487769617e-6,8.488649284924249e-7,3.796204895125244e-6,0.0,4.5997598333475023e-7,1.0066110214780055e-5,4.7790626684099345e-6,6.880381303336533e-6,4.5758181715981326e-6,4.068694022349258e-7,8.917784775255425e-6,3.797478204165907e-6,4.516824864855335e-6,1.2321049626735295e-6,7.44510972998827e-6,4.900329603350179e-6,0.0,1.8944924975925186e-6,3.7139685943941533e-7,3.1933012169426066e-7,5.4701077300647246e-6,2.838309071015166e-6,6.956005220473131e-7,5.0105750161165705e-8,3.6903124375847864e-9,2.791742099650929e-7,2.2569135362354962e-6,3.7822186795032793e-7,1.0627288053975007e-5,2.7479104222749358e-6,3.241060604730127e-6,8.387052495601903e-6,6.30211749939437e-8,3.3320434055592907e-7,1.1269982811931347e-6,2.9860648991348425e-9,2.048363928020593e-8,1.2248193784990765e-7,9.341733258067466e-7,3.876792503235557e-9,1.889229586151561e-8,1.7587359425807097e-7,2.187880143473817e-6,3.830123169190228e-9,2.0749214206289774e-8,1.3803944514437368e-7,1.6265362904399287e-6,3.5103052573763812e-9,2.0410681056657697e-8,4.5253246649010945e-7,1.1129772837091504e-6,4.011076062735138e-9,1.881944854371084e-8,1.4894740067304395e-7,1.0737259947677105e-6,3.4474562974127905e-9,1.91912313905917e-8,1.5593435658543772e-7,2.1748850464238734e-6,3.859894852227839e-9,2.038230910543785e-8,1.7599564306484033e-7,7.35864823500051e-7,3.6346850135999536e-9,1.7197381568481587e-8,5.687050337862819e-8,7.805646259769852e-7,3.039991171750829e-9,1.967452427845848e-8,4.52035772389499e-7,1.6016120817016151e-6,2.828203943712079e-9,2.388147688169541e-8,2.919082967611629e-8,4.951917272601958e-7,1.4783441403763324e-6,3.6452782856815813e-9,2.0505727946586633e-8,0.00015315237622457392
t308,2.2154436310928131e-7,8.128701807721341e-7,2.959585436989613e-7,1.668982739462076e-6,4.7084588347612305e-6,4.20962746777092e-8,2.851875625743957e-6,4.2142286394398825e-6,2.6072104311323544e-6,5.461483522399955e-6,0.0,9.596411637166246e-7,6.512086155026811e-9,2.0344302214131587e-6,1.3835143738944673e-6,6.930098905438214e-8,1.0374156160242632e-6,3.5860784516562974e-6,8.083951268925363e-7,3.4307564509494134e-6,0.0,4.2876307015815185e-7,9.742462791561444e-6,4.75486494513253e-6,6.9304430915085e-6,4.2267909984438636e-6,3.962339621247987e-7,8.461124323279616e-6,3.7089216072237348e-6,4.251080682823033e-6,1.1879921364282338e-6,7.067499037461643e-6,4.635401085993403e-6,0.0,1.763188911969004e-6,3.7043998522035083e-7,3.1097936182781965e-7,5.178256056731429e-6,2.68518112532263e-6,6.974607570713587e-7,4.9416972987285916e-8,3.6907562492378025e-9,2.8240732801024433e-7,2.1466162921329238e-6,3.7961792583047647e-7,1.0505687656186613e-5,2.656605483713551e-6,3.154801256802866e-6,8.019660732614254e-6,6.229025120518655e-8,3.407729366476666e-7,1.1209726781814793e-6,2.979389100057098e-9,2.054770845505359e-8,1.2111124885384847e-7,9.294304907606359e-7,3.88649535247186e-9,1.8889660136003455e-8,1.7317621184158373e-7,2.1470323797444528e-6,3.8427564689621785e-9,2.066265615032689e-8,1.364878874219125e-7,1.6029917058157484e-6,3.521895285305292e-9,2.0343526343384557e-8,4.556614524284008e-7,1.1073815377149257e-6,4.021713716779945e-9,1.8745606525985773e-8,1.4721052532292576e-7,1.0697279791469628e-6,3.4603216132582945e-9,1.914633126559864e-8,1.54036870226868e-7,2.1292820135889365e-6,3.867847568088745e-9,2.0406092947121282e-8,1.7353488710504875e-7,7.351552466141492e-7,3.6430999824634298e-9,1.7208654619839088e-8,5.678841832415872e-8,7.78799604600743e-7,3.0388204049729645e-9,1.972574717326603e-8,4.5464125358646824e-7,1.574809436101566e-6,2.8227943935305833e-9,2.382151469993201e-8,2.9151418151562654e-8,5.008215217016521e-7,1.4521992305419592e-6,3.6461536675334614e-9,2.0521122910346395e-8,0.00014790855906417184
t309,2.2278492039061456e-7,8.157249195673654e-7,2.993645610065349e-7,1.6801212187764212e-6,4.684115678833167e-6,4.2167388892120955e-8,2.690327883279702e-6,4.224468441586082e-6,2.6773425461e-6,5.043107343020161e-6,0.0,9.56132969623589e-7,6.574288357728371e-9,1.9805735516927413e-6,1.3834338972987138e-6,6.944335924632295e-8,1.0239803404698821e-6,3.2943506815333414e-6,7.729633892776222e-7,3.1479720962667914e-6,0.0,4.0244412491510716e-7,9.458126757903974e-6,4.733616992850284e-6,6.98560692194427e-6,3.93819397700684e-6,3.8645525140953123e-7,8.117093203542695e-6,3.625883578578393e-6,4.026272988878551e-6,1.1483185011471393e-6,6.770484235269958e-6,4.4087357620182e-6,0.0,1.6491087735583611e-6,3.65288356754909e-7,3.0340529167099574e-7,4.926363381209242e-6,2.538749290818949e-6,6.985301657099003e-7,4.889702946733605e-8,3.6949413640229134e-9,2.8521522319104007e-7,2.0494381040494608e-6,3.755361010472675e-7,1.0376670226168183e-5,2.55999794124869e-6,3.086079404576271e-6,7.722055698541967e-6,6.153022803607813e-8,3.4881088481885654e-7,1.1196706567763717e-6,2.9776211944398494e-9,2.0620869477780006e-8,1.2006951477956106e-7,9.290043884316206e-7,3.897948920249806e-9,1.8910505256973366e-8,1.711061378508885e-7,2.1116665547303983e-6,3.861316219185754e-9,2.065395759358333e-8,1.3531598147378502e-7,1.5889993328930163e-6,3.5378700994621688e-9,2.0340355782098382e-8,4.59534137187348e-7,1.1067079996158347e-6,4.0385166051126904e-9,1.8747888056091737e-8,1.4585889079577184e-7,1.06932182334517e-6,3.4783215556129264e-9,1.9151906593981545e-8,1.524747363717564e-7,2.09010715181639e-6,3.8798911761717116e-9,2.0429969363631484e-8,1.7156489453354635e-7,7.360304947002828e-7,3.6524602747703032e-9,1.723463598554049e-8,5.6680249252380526e-8,7.788344916372124e-7,3.0451919231454595e-9,1.974134665930752e-8,4.5569313574412153e-7,1.553136365867572e-6,2.819971817524132e-9,2.3740734079258264e-8,2.902277952558573e-8,5.054344755549883e-7,1.4323256320709348e-6,3.6467493747191278e-9,2.0468947464670333e-8,0.00014359298961334323
t310,2.235898035965999e-7,8.120311044856906e-7,3.0108611169765305e-7,1.6883980399455147e-6,4.639848951260444e-6,4.2228847224872704e-8,2.5461407609117646e-6,4.236672233384326e-6,2.749201852108785e-6,4.695422153251518e-6,0.0,9.518910652258995e-7,6.5940080647520386e-9,1.925413591567326e-6,1.3805509183504074e-6,6.942115118207663e-8,1.0079189815918023e-6,3.0477020225873475e-6,7.370581303895776e-7,2.910202454289144e-6,0.0,3.792006828328816e-7,9.196955441113746e-6,4.712202175130168e-6,7.0441851709444845e-6,3.6862054345112365e-6,3.753671741266936e-7,7.810280282183098e-6,3.5201004088901547e-6,3.82777129776896e-6,1.1099917023682011e-6,6.521602200725794e-6,4.207624492390489e-6,0.0,1.5510945097186754e-6,3.576528000557001e-7,2.9576202734403497e-7,4.700837837984315e-6,2.408865303554866e-6,6.98836825685665e-7,4.843261643094384e-8,3.6995058107983905e-9,2.8856018817567705e-7,1.96430637771353e-6,3.704787026028747e-7,1.0259283474900957e-5,2.490293512282763e-6,3.0334471039885145e-6,7.479950255646862e-6,6.083777170889608e-8,3.5668263047053607e-7,1.117135233466577e-6,2.9726294169244914e-9,2.0560254293939374e-8,1.188629068324286e-7,9.270315218222387e-7,3.899136487695412e-9,1.8820862910489826e-8,1.6877893799300686e-7,2.0769432530712622e-6,3.870348181029101e-9,2.0518323780284977e-8,1.3385211280484677e-7,1.577520410160408e-6,3.545548466897638e-9,2.0216173548997883e-8,4.620584535291391e-7,1.1043608806295385e-6,4.0446090360444236e-9,1.8630588636996835e-8,1.4421335515128333e-7,1.0673381508915748e-6,3.4882724689082647e-9,1.9040476781079653e-8,1.5074398743320698e-7,2.050734978158864e-6,3.8836822129158965e-9,2.0339749437817015e-8,1.693731775913913e-7,7.348042034517838e-7,3.6514438107929177e-9,1.7151006509743916e-8,5.646514164059962e-8,7.779874427380902e-7,3.048332508658346e-9,1.9660554993631795e-8,4.5449385673580646e-7,1.5370444262599117e-6,2.8169861735108295e-9,2.3589833368902702e-8,2.8771982871224892e-8,5.098813029155117e-7,1.4197451384226156e-6,3.642929357180875e-9,2.0324027525291088e-8,0.00013977773671265608
t311,2.2470167339724686e-7,8.073596897111174e-7,3.026136538089952e-7,1.6995897278366779e-6,4.6047816266225595e-6,4.237957669691365e-8,2.4208176082735583e-6,4.25119214797568e-6,2.819690303331363e-6,4.400970465743028e-6,0.0,9.480518894768085e-7,6.6146602885787385e-9,1.8748641675369416e-6,1.3782791760664153e-6,6.938886785280861e-8,9.934583335641075e-7,2.8403861983421133e-6,7.045442944486359e-7,2.7114990496451126e-6,0.0,3.5870081068783456e-7,8.950812514540737e-6,4.691880112372684e-6,7.1054637929003e-6,3.4675978082814883e-6,3.650079409255642e-7,7.562379634213283e-6,3.427669583154566e-6,3.6498384412437644e-6,1.0746854996327314e-6,6.308416047888308e-6,4.0314208091223485e-6,0.0,1.4657085679152937e-6,3.4916172553542286e-7,2.8901766146430044e-7,4.5075815845735285e-6,2.298199095136668e-6,6.990501125642968e-7,4.802340792092198e-8,3.7052115291618624e-9,2.919560918430335e-7,1.8889782362078632e-6,3.63823761230266e-7,1.0147998542509334e-5,2.4179922651556895e-6,2.990717882066424e-6,7.276860566533697e-6,6.020086053847856e-8,3.641826649898605e-7,1.1168347942638506e-6,2.969089021088094e-9,2.0527703870950797e-8,1.1802833872992803e-7,9.267450520216201e-7,3.902561244674614e-9,1.8772748191848633e-8,1.6706971578972865e-7,2.046337951860243e-6,3.881385044540253e-9,2.04398256760743e-8,1.32821788723025e-7,1.5703757040784621e-6,3.5545399459596644e-9,2.0146155718697497e-8,4.6513567568623944e-7,1.10392523491623e-6,4.052934534183221e-9,1.8569153767568894e-8,1.4303219527146217e-7,1.0668336165992107e-6,3.4993020527241307e-9,1.8978117795819126e-8,1.4942711793051427e-7,2.0163688830472244e-6,3.887784528767517e-9,2.0289653500310886e-8,1.6773366209272708e-7,7.344818482845638e-7,3.6524520608947842e-9,1.710311517391093e-8,5.632230290464097e-8,7.776446364278301e-7,3.0513773752928656e-9,1.9604468814002995e-8,4.5448664924776085e-7,1.5251512933548967e-6,2.816640906266956e-9,2.35035940314268e-8,2.8595161017858416e-8,5.148871385260045e-7,1.4108666685803731e-6,3.641950123628115e-9,2.0223174479822106e-8,0.0001365083875005094
t312,2.2576159433936845e-7,7.986854635514079e-7,3.033807543400359e-7,1.7112005298337931e-6,4.5557211130059115e-6,4.2547323177374805e-8,2.308075734677191e-6,4.265239774559028e-6,2.8870669217142275e-6,4.141284539821477e-6,0.0,9.443417504526662e-7,6.6379653877720506e-9,1.828355830693899e-6,1.3759941674172314e-6,6.9323417151946e-8,9.794470422518691e-7,2.6576849770326226e-6,6.741661274573604e-7,2.537949237011182e-6,0.0,3.4045960409898963e-7,8.720448890690169e-6,4.671621371987651e-6,7.167568800458399e-6,3.2755023284850104e-6,3.5514059043436396e-7,7.347930065811603e-6,3.344705147447874e-6,3.4900321716108357e-6,1.0426033863201986e-6,6.118539365858302e-6,3.874008192847583e-6,0.0,1.388696115915952e-6,3.3992527296691575e-7,2.827696415059108e-7,4.335973000538817e-6,2.200437278948891e-6,6.991284005304166e-7,4.7632575585030404e-8,3.712170098574203e-9,2.9551994745084097e-7,1.8215007967667704e-6,3.5627904306989714e-7,1.0042553434806656e-5,2.3468591757443685e-6,2.9539521491675765e-6,7.09931475866762e-6,5.964710447808646e-8,3.7171571333021644e-7,1.1160889467130913e-6,2.9681395875506554e-9,2.0526227033033876e-8,1.1753992464013865e-7,9.270575823269448e-7,3.9082078068991034e-9,1.876043501631185e-8,1.658662822738004e-7,2.0166181738856602e-6,3.893901958785279e-9,2.040301869120501e-8,1.3217133533298564e-7,1.564230882746219e-6,3.564747517940498e-9,2.012050682987461e-8,4.680449539118137e-7,1.1036502396875762e-6,4.062914422477548e-9,1.854928693557461e-8,1.4226700443620773e-7,1.066531145304918e-6,3.5113475716403674e-9,1.895671094928238e-8,1.4859538959255193e-7,1.9843024430237888e-6,3.893131316551059e-9,2.028571975310857e-8,1.666659249263941e-7,7.346112103554807e-7,3.6562012125894203e-9,1.7088659275896136e-8,5.629286343859008e-8,7.776300396582653e-7,3.0550681405413767e-9,1.9582187939922196e-8,4.551732230878502e-7,1.51517204023647e-6,2.8191094240155327e-9,2.3476769683531413e-8,2.851701609499115e-8,5.2073205273688e-7,1.4052578483763193e-6,3.645883820277328e-9,2.01824264598744e-8,0.00013357696788363367
t313,2.266346940435194e-7,7.854704216369777e-7,3.032055539614548e-7,1.7217328622831713e-6,4.484184654849031e-6,4.270485343704066e-8,2.201996247279705e-6,4.277202254061e-6,2.9474222571307176e-6,3.900956772342464e-6,0.0,9.404517808756553e-7,6.666257648799665e-9,1.785451418951879e-6,1.3732344872811674e-6,6.918990708117589e-8,9.659198860121764e-7,2.4903503500455445e-6,6.446855276536158e-7,2.3791915128232857e-6,0.0,3.2308605621108813e-7,8.487420864332237e-6,4.649770544017389e-6,7.228892352292683e-6,3.0963696387445444e-6,3.447278018697771e-7,7.140386386918168e-6,3.267065844955675e-6,3.3374976002440594e-6,1.0113133016794373e-6,5.932985321979767e-6,3.7249778618654864e-6,0.0,1.3165829189958913e-6,3.297099347798812e-7,2.7676022176241156e-7,4.178797329735821e-6,2.107260887564134e-6,6.990584006426135e-7,4.722970009147407e-8,3.71889595308987e-9,2.99127583370101e-7,1.7598539580232165e-6,3.479159700012671e-7,9.939793882920476e-6,2.2717258511072438e-6,2.919042476346378e-6,6.93636149149939e-6,5.916051445512762e-8,3.798518225619764e-7,1.113964225893442e-6,2.969675920776753e-9,2.0552718361758224e-8,1.1732583508415255e-7,9.280193699761237e-7,3.91592512536121e-9,1.876709776468258e-8,1.650669360868146e-7,1.9876125184123523e-6,3.909438976224705e-9,2.0396568182686357e-8,1.318066505248841e-7,1.5577523216422963e-6,3.5775862455087404e-9,2.0135166346132528e-8,4.7068802316197664e-7,1.1038216018717208e-6,4.076368651149546e-9,1.8570326374626104e-8,1.4180746994415798e-7,1.0661877329009161e-6,3.5262982432392167e-9,1.897195997625556e-8,1.4808914045309757e-7,1.9532343177118046e-6,3.900163361207178e-9,2.030589662559135e-8,1.6595933130294162e-7,7.350607242976897e-7,3.662518268331911e-9,1.7090789019482575e-8,5.635411129083419e-8,7.778059155766803e-7,3.0599398193220284e-9,1.9576537870564725e-8,4.565515149197863e-7,1.5048373131462594e-6,2.823198923176864e-9,2.3490113755133387e-8,2.8518474455314554e-8,5.272912892553615e-7,1.4019638655978295e-6,3.6547404585570766e-9,2.0189013622846087e-8,0.00013075993783971828
t314,2.2722240890149695e-7,7.716247221142386e-7,3.036871354123325e-7,1.7340070184589393e-6,4.399955049349535e-6,4.288874604180416e-8,2.0946670046319393e-6,4.2847443942626765e-6,2.9996075082630492e-6,3.669773648958702e-6,0.0,9.354005188415163e-7,6.664758720361921e-9,1.6879993718326414e-6,1.3673613414215332e-6,6.885128462177924e-8,9.487022767897893e-7,2.325735703134219e-6,6.056233992852905e-7,2.2265396137776574e-6,0.0,3.0615987495857025e-7,8.247790618296747e-6,4.625228252661922e-6,7.28914518755304e-6,2.9267006995878645e-6,3.3321206227313887e-7,6.915660667603235e-6,3.1795249110367554e-6,3.1901163593109487e-6,9.793596877152542e-7,5.7448577473704795e-6,3.579691399721689e-6,0.0,1.2555069484796882e-6,3.2057008216724374e-7,2.7062065322559723e-7,4.040487079077502e-6,2.0242378081373574e-6,6.987547644025655e-7,4.684563063424901e-8,3.723229709767499e-9,3.032204480439285e-7,1.6757643257421575e-6,3.4076284354938613e-7,9.841089720053641e-6,2.211638699402273e-6,2.8831286206535232e-6,6.777619327610539e-6,5.873278671770236e-8,3.8807814388512175e-7,1.111495385547444e-6,2.97178615199882e-9,2.0516938438610986e-8,1.1494712236427508e-7,9.250177553102443e-7,3.913014107150192e-9,1.865532488314155e-8,1.6137622098532225e-7,1.9548107944878324e-6,3.9115160334995154e-9,2.0248134819207627e-8,1.291649927587233e-7,1.5476259199397823e-6,3.581768997750523e-9,2.003913988515368e-8,4.6494731601104335e-7,1.0996512601084258e-6,4.075638216720845e-9,1.846467583776264e-8,1.3883802776867238e-7,1.0632775019401376e-6,3.5323964833023345e-9,1.8885426113018574e-8,1.445984678903446e-7,1.9204170586423484e-6,3.901452367240681e-9,2.0213361915468282e-8,1.6242588179215595e-7,7.339999120145598e-7,3.663434003623929e-9,1.7013012128965123e-8,5.5453160525880715e-8,7.766360334908728e-7,3.0606426225166077e-9,1.9488772004305187e-8,4.5939548599039585e-7,1.4967810876687337e-6,2.8256682021853174e-9,2.3435699211419247e-8,2.8460199859084623e-8,5.298884345176587e-7,1.401710096522103e-6,3.6632934222050005e-9,2.014713833391399e-8,0.00012783641083471663
t315,2.2845621075413078e-7,7.596514795783375e-7,3.0518043374421534e-7,1.7498154639387501e-6,4.320910906397588e-6,4.3200158848090634e-8,2.011554642886827e-6,4.301589679399866e-6,3.0794076084023e-6,3.4877140238298194e-6,0.0,9.318950579728409e-7,6.68196834177506e-9,1.654341306324712e-6,1.3656148342121402e-6,6.872031375916142e-8,9.372516408629487e-7,2.195514895555847e-6,5.833760922375933e-7,2.1104845063485954e-6,0.0,2.9387156581264615e-7,8.048718437849329e-6,4.606438412130868e-6,7.356665396738495e-6,2.7955219118494132e-6,3.2433764539104116e-7,6.732695417101501e-6,3.1114460868006736e-6,3.0766251180126743e-6,9.567498192612297e-7,5.594270616414556e-6,3.4668248350157184e-6,0.0,1.2126691518526567e-6,3.1467510220502843e-7,2.662893340944819e-7,3.9513745441386084e-6,1.967246866315452e-6,7.003110135582253e-7,4.669625421688903e-8,3.7281165167069244e-9,3.0722087455515076e-7,1.6196942547181927e-6,3.330961440497101e-7,9.744217300394479e-6,2.145634866280243e-6,2.843490518193078e-6,6.619518724275573e-6,5.826522023875211e-8,3.978787027938125e-7,1.1092143045281463e-6,2.9759535491397493e-9,2.0510670433882514e-8,1.1465749558188837e-7,9.24032896473817e-7,3.913978314606153e-9,1.860296698478882e-8,1.6059126164284033e-7,1.9298433826444885e-6,3.916126521549528e-9,2.0167704887010206e-8,1.2874129254343477e-7,1.5403445630270454e-6,3.587581717742843e-9,1.999003307058853e-8,4.703697989514656e-7,1.0975059349594698e-6,4.078087563130541e-9,1.841237753003431e-8,1.3837950816154878e-7,1.0622138175228309e-6,3.5401395879968417e-9,1.8842515491470307e-8,1.4407316158238163e-7,1.894894815910853e-6,3.903479176800679e-9,2.0172674397208646e-8,1.6179969204271068e-7,7.337714081391383e-7,3.6665773752164843e-9,1.6980481524401434e-8,5.544463353054869e-8,7.764725650805633e-7,3.0627401477084464e-9,1.9446573432409368e-8,4.7293048268745436e-7,1.4950064470052138e-6,2.8294356524317095e-9,2.342597310594608e-8,2.8488821494750956e-8,5.371167546814144e-7,1.4010793964880538e-6,3.6749443148745994e-9,2.016410548221268e-8,0.00012567037102911196
t316,2.3029915513128984e-7,7.478057297226898e-7,3.069807136770085e-7,1.7689232750317228e-6,4.2425587124403165e-6,4.3643262559227014e-8,1.952915027528517e-6,4.332074318738641e-6,3.1725612075646062e-6,3.350133685651993e-6,0.0,9.301909326716365e-7,6.7076075463500194e-9,1.6328917857982902e-6,1.3691973285036094e-6,6.887385246690603e-8,9.323634401843677e-7,2.0973619062033604e-6,5.673633083786215e-7,2.0210655897175276e-6,0.0,2.8581144814628635e-7,7.898608118927067e-6,4.595808715966575e-6,7.434069107735241e-6,2.703268245765732e-6,3.177526031229939e-7,6.596835212440201e-6,3.0670713722266137e-6,2.9979441445201275e-6,9.438567703440093e-7,5.483416189773294e-6,3.3872612885531306e-6,0.0,1.1682583505478173e-6,3.0782417366404885e-7,2.614273878050575e-7,3.860461900535119e-6,1.9060407975770578e-6,7.017741396766982e-7,4.6484669967740614e-8,3.732983909360145e-9,3.1353005937190583e-7,1.5814492982328067e-6,3.2872334507679413e-7,9.708182852472243e-6,2.1015350019490173e-6,2.8189709911133516e-6,6.515293532439951e-6,5.8083401905285895e-8,4.0914796762768854e-7,1.1039100584063232e-6,2.9804485960533132e-9,2.051440321403673e-8,1.1456353781371524e-7,9.249908278691882e-7,3.91646368639989e-9,1.858334284741576e-8,1.6015815589406387e-7,1.9139311393873626e-6,3.92206645173209e-9,2.0105018756751027e-8,1.2849647721746835e-7,1.5370188351661367e-6,3.593630704592912e-9,1.9950073245131497e-8,4.808300979942439e-7,1.098051436613665e-6,4.0815193550628255e-9,1.8373637904237066e-8,1.3810990183751332e-7,1.0628147913063616e-6,3.5484666624191173e-9,1.8807416997824536e-8,1.4371983965980414e-7,1.8774603396023002e-6,3.906518245990948e-9,2.0155856332019984e-8,1.6157528891645553e-7,7.343745690811972e-7,3.6698320044185434e-9,1.6978673473075962e-8,5.544175322679505e-8,7.769944472977924e-7,3.064465739658716e-9,1.942655548728499e-8,4.875796796940348e-7,1.4892995034819356e-6,2.834230574975794e-9,2.3435559658052757e-8,2.8574559525016327e-8,5.48903545125582e-7,1.4072417551752638e-6,3.6861732901577283e-9,2.0216263611762318e-8,0.00012420632606804122
t317,2.3320657434991428e-7,7.38099767198352e-7,3.096894885405989e-7,1.7954232346349975e-6,4.178301212950437e-6,4.430278739509211e-8,1.9027652676037802e-6,4.366649475207755e-6,3.2711254105581803e-6,3.224726601767496e-6,0.0,9.29102094175745e-7,6.76999190322659e-9,1.620789849166367e-6,1.3765903858492679e-6,6.933434774197757e-8,9.331042498391033e-7,2.014595757375035e-6,5.547390723972511e-7,1.9447010104749554e-6,0.0,2.8009332956168795e-7,7.770473280377505e-6,4.589619513935607e-6,7.518478538104196e-6,2.6341997638163206e-6,3.1202642081803785e-7,6.481059752805686e-6,3.041886109900582e-6,2.9391187661382223e-6,9.365139036059752e-7,5.387309916119434e-6,3.326363770113435e-6,0.0,1.123353938545299e-6,3.004727048032534e-7,2.5626716804880964e-7,3.766851877709604e-6,1.8420832284061327e-6,7.032894998511637e-7,4.6210613247896555e-8,3.7377051292317344e-9,3.1956433182328635e-7,1.5419242935923648e-6,3.24466599936119e-7,9.68176575165063e-6,2.059880434268158e-6,2.776786719983355e-6,6.368129258825126e-6,5.7647069212460896e-8,4.230116822848901e-7,1.0950247978894208e-6,2.983967856290131e-9,2.0533260641504783e-8,1.1454829796638792e-7,9.268164788366167e-7,3.92266079208143e-9,1.861017305910959e-8,1.5999622603379952e-7,1.9020532518601998e-6,3.932945401315149e-9,2.0089103722118304e-8,1.2850417293020744e-7,1.5351284411019877e-6,3.6034821117914703e-9,1.9958141353736842e-8,4.944788964279571e-7,1.1007911533682015e-6,4.090215649945391e-9,1.8386871432029393e-8,1.3806124149996793e-7,1.0645140022542822e-6,3.560992190453752e-9,1.8815372421585433e-8,1.4349939815070823e-7,1.8655033499228968e-6,3.910591710187198e-9,2.0168999921253392e-8,1.6157360413604004e-7,7.359291376425533e-7,3.675866447738901e-9,1.7022717495880456e-8,5.545451491400685e-8,7.781272105530587e-7,3.0666054957801094e-9,1.9446043101099346e-8,5.035013330006917e-7,1.479518070880955e-6,2.8392837785412025e-9,2.3456116819960844e-8,2.8643389076650935e-8,5.614205844992327e-7,1.4118927193192191e-6,3.6899172241220648e-9,2.0258933127012155e-8,0.00012296760505576258
t318,2.442313534676368e-7,7.733228143409223e-7,3.2685698668441943e-7,1.8749889370870776e-6,4.368793483008958e-6,4.6441604178114954e-8,1.8494338413764738e-6,4.3996469078501765e-6,3.3711370420498476e-6,3.092310543372987e-6,0.0,9.270731389288176e-7,6.849915380779374e-9,1.6087826179591965e-6,1.3850173036621287e-6,6.994678336340055e-8,9.328364020868749e-7,1.920434082622789e-6,5.414132341047825e-7,1.863531118563537e-6,0.0,2.744385663931351e-7,7.634180047331614e-6,4.580012442309907e-6,7.6037466822227556e-6,2.570239219654715e-6,3.0598539644082324e-7,6.31406761219697e-6,3.0041267501007707e-6,2.8862767812813396e-6,9.277859375403035e-7,5.272782039290217e-6,3.262391488079747e-6,0.0,1.0822363671533156e-6,2.9372971237358175e-7,2.5032958587557973e-7,3.667275388656016e-6,1.7753257238449876e-6,7.043163117878827e-7,4.586295962374057e-8,3.739571888777029e-9,3.2494388639772656e-7,1.4975654563936996e-6,3.2421333552407034e-7,9.665639948258485e-6,2.0538241951118337e-6,2.67910183843491e-6,6.071377960219018e-6,5.645552599110472e-8,4.501933932449162e-7,1.1095240810396108e-6,2.9787581283619734e-9,2.0528282963963193e-8,1.1409829476258953e-7,9.25798111186442e-7,3.911930333789401e-9,1.856357319145307e-8,1.59197384417175e-7,1.8891940483008882e-6,3.930307469516331e-9,1.9970373766741704e-8,1.280103487644077e-7,1.5277832587489258e-6,3.6026096576917835e-9,1.9885815834254652e-8,5.075081429972138e-7,1.100763739621492e-6,4.085031642390409e-9,1.8313786799435078e-8,1.3745577481692994e-7,1.0641133333797216e-6,3.5642997179366143e-9,1.8744525330782464e-8,1.4294913179296457e-7,1.8490574663651266e-6,3.898359317249555e-9,2.0058945655606545e-8,1.609168443241462e-7,7.353358509425999e-7,3.660818535849587e-9,1.7014915579278404e-8,5.5290414314497464e-8,7.774655689690446e-7,3.056337807640083e-9,1.9413226048496407e-8,5.199425085615499e-7,1.4653436314158046e-6,2.8389098661738377e-9,2.337029469505659e-8,2.8508591890969644e-8,5.730119973292528e-7,1.4122869495001185e-6,3.6651864328276523e-9,2.0165162980998144e-8,0.00012182398915890783
t319,2.5306349536175304e-7,8.126236192177521e-7,3.4673901511358523e-7,1.9730573099351043e-6,4.569642515938472e-6,4.8732244234686136e-8,1.7920101685651533e-6,4.434387950373339e-6,3.4757590378839795e-6,2.953509721018055e-6,0.0,9.242144506744593e-7,7.0134089112177215e-9,1.6004395147828405e-6,1.3918148619920784e-6,7.058381833429302e-8,9.354576557089352e-7,1.813710529504659e-6,5.295542246160698e-7,1.7773635038802142e-6,0.0,2.7035285451799994e-7,7.492255379660495e-6,4.573424960530597e-6,7.693442926740294e-6,2.445792459491665e-6,3.064724049266675e-7,6.140124730352076e-6,2.9935248298010145e-6,2.7764461984303066e-6,9.165525515171794e-7,5.163571485398971e-6,3.21513363806834e-6,0.0,1.0444969528562295e-6,2.8922860347553347e-7,2.446619337207214e-7,3.568320993395603e-6,1.719672533532543e-6,7.060255732854148e-7,4.552372633878268e-8,3.7459453362739395e-9,3.2802394914110243e-7,1.444664937778016e-6,3.6161003609261463e-7,9.707576815230747e-6,2.0895712494655933e-6,2.536687072045211e-6,5.591642288167656e-6,5.396491734992292e-8,4.823911692398639e-7,1.1189317969641515e-6,2.9686284580867545e-9,2.0613751114501982e-8,1.1459226052709092e-7,9.269323090213771e-7,3.891927191205759e-9,1.8535069902101338e-8,1.5964514335841375e-7,1.885565501702643e-6,3.937314231689175e-9,1.992673700085924e-8,1.2849563812699136e-7,1.5210433474183586e-6,3.611044781577377e-9,1.994831789597806e-8,5.265968377934298e-7,1.1060052989838921e-6,4.093444018302425e-9,1.836486983509505e-8,1.3773764558236882e-7,1.0680899394046298e-6,3.578378312670668e-9,1.8772797603725483e-8,1.4352587527315453e-7,1.8272789972616315e-6,3.8704859471066425e-9,1.98612466150121e-8,1.617600055094556e-7,7.360780230157243e-7,3.626400988007419e-9,1.7106527908890817e-8,5.560849506082257e-8,7.786329505429544e-7,3.0346094076106232e-9,1.9461602987087593e-8,5.389497711379333e-7,1.44786308044824e-6,2.8400468454698496e-9,2.331769955620198e-8,2.826765884229397e-8,5.935604461409029e-7,1.386645241810726e-6,3.6132398527526215e-9,2.0015927898909843e-8,0.00012056137649421413
t320,2.630632068962774e-7,8.523694814185084e-7,3.7529027112529237e-7,2.056776310769173e-6,4.758724418701171e-6,5.099112057128193e-8,1.7444523303451882e-6,4.45483479576849e-6,3.570622858298911e-6,2.882306077744542e-6,0.0,9.162280396111827e-7,6.314368991307809e-9,1.5628149284325802e-6,1.3812669951359334e-6,6.719031822044329e-8,9.219166268052691e-7,1.8273104698818323e-6,5.21229591868241e-7,1.7305247598604844e-6,0.0,2.574598143651607e-7,7.185195483671917e-6,4.560286260555082e-6,7.757042638309194e-6,2.4196357352658123e-6,3.052526915558107e-7,5.887628489250817e-6,2.9196835310064936e-6,2.747298885369541e-6,9.099146869838693e-7,4.957811703819795e-6,3.0971849440782084e-6,0.0,1.0118224168374384e-6,2.8851923791318556e-7,2.3968363987706403e-7,3.476817745259386e-6,1.683260927422915e-6,7.090325341055296e-7,4.521838641052504e-8,3.759696638149237e-9,3.3744906995025244e-7,1.527476621190941e-6,3.094322942401944e-7,9.497382672305899e-6,1.7934282433549637e-6,2.8104798840299396e-6,6.449933940541238e-6,6.547812015489502e-8,5.16821744494023e-7,1.1199742596320039e-6,2.9994606063770613e-9,2.0666700158545406e-8,1.1005070208672332e-7,9.044507263644081e-7,3.854767719815456e-9,1.8263298072196107e-8,1.5357822567454877e-7,1.8500978514335943e-6,3.820479776223037e-9,1.989618844412092e-8,1.2397563262935547e-7,1.4734811107024e-6,3.5041142379313425e-9,1.946271130552314e-8,5.277205652104566e-7,1.0719226987470896e-6,3.990286226349721e-9,1.790485229408079e-8,1.3316755356868525e-7,1.0385695822166768e-6,3.441753136901944e-9,1.8376938484720202e-8,1.385633055638113e-7,1.8175343340649528e-6,3.863042476506275e-9,1.9815147330634817e-8,1.5572225936878357e-7,7.23341432936011e-7,3.661785573866545e-9,1.665696224022106e-8,5.368362394589812e-8,7.630727876905762e-7,3.026763043153597e-9,1.8958031470248013e-8,5.611113212667021e-7,1.4277412819390923e-6,2.84381608846853e-9,2.3308343280319753e-8,2.9694097630209697e-8,6.189466953861408e-7,1.379880795901518e-6,3.862170688079239e-9,2.101710782771472e-8,0.00012014409457384601
t321,2.7044822486956736e-7,8.583151217119579e-7,3.8781583913664826e-7,2.13173101582394e-6,4.720264085524364e-6,5.260263650281466e-8,1.6814962984108932e-6,4.481339128660724e-6,3.6791650809887634e-6,2.736049428715092e-6,0.0,9.147087840101249e-7,6.377675836321269e-9,1.5567263360539906e-6,1.3889573771251204e-6,6.717949797569082e-8,9.229700492056996e-7,1.706729020305621e-6,5.125596731736642e-7,1.6451894826074597e-6,0.0,2.5180008753292673e-7,6.99353260624416e-6,4.543131119198114e-6,7.830706088514332e-6,2.3371939988910802e-6,3.0198680829847094e-7,5.612271560100052e-6,2.9226154948122117e-6,2.6668394549859313e-6,8.941729972117521e-7,4.76570346288416e-6,3.036127603933532e-6,0.0,9.75498588492748e-7,2.864666810769847e-7,2.34522576675203e-7,3.374578693845987e-6,1.6330587672209629e-6,7.133132346555842e-7,4.5065052985291386e-8,3.770946123542857e-9,3.3526005143182065e-7,1.4443924076922616e-6,3.07125865299263e-7,9.465648729038358e-6,1.7655419614924964e-6,2.613431102420557e-6,5.906608761688325e-6,6.106200071654445e-8,5.500504237830954e-7,1.1018065907180802e-6,2.9987345836376717e-9,2.0794416001543954e-8,1.0963132990563313e-7,8.871821601463185e-7,3.8103449307145295e-9,1.824654818759025e-8,1.5274902337227423e-7,1.8457906624777033e-6,3.79168885808381e-9,1.981321909379652e-8,1.2368020022757808e-7,1.449336865147594e-6,3.4800236238400455e-9,1.9471486497325117e-8,5.464727314625737e-7,1.0652612913977439e-6,3.964221902805992e-9,1.7914344775488757e-8,1.327754594608849e-7,1.0312534164533002e-6,3.4199464633675816e-9,1.8360151775626937e-8,1.375934740241511e-7,1.7796069303364233e-6,3.80298134336612e-9,1.9547550798942036e-8,1.5484408030412676e-7,7.114623095972176e-7,3.6027453347696416e-9,1.6732552475006814e-8,5.361941531851702e-8,7.50852226171414e-7,2.9866253688139693e-9,1.8960543121611174e-8,5.850044784100588e-7,1.3956928619941245e-6,2.8430606090941536e-9,2.334178126395056e-8,2.9522809314898386e-8,6.296412075817783e-7,1.3410989315849605e-6,3.7958187945294185e-9,2.0923722191836108e-8,0.00011785958284728728
t322,2.9031501591219227e-7,9.465045161180659e-7,4.3494350226608767e-7,2.2949685117811734e-6,5.099933681702402e-6,5.620315734501107e-8,1.9105104697688306e-6,4.7797546347493564e-6,4.0832794851109905e-6,3.098100305106183e-6,0.0,9.43590772018887e-7,6.422994448610112e-9,1.759559840160506e-6,1.5027231056357252e-6,7.068295413975418e-8,1.0425687523793716e-6,1.9460366949841388e-6,5.81181435113158e-7,1.8775161014542132e-6,0.0,2.9028912863032883e-7,7.587319709629346e-6,4.681465019949204e-6,8.10911950250466e-6,2.6718646509941677e-6,3.477009871420405e-7,6.068628165218976e-6,3.236116754643105e-6,3.0561247192974905e-6,1.0405484529956263e-6,5.210371002428763e-6,3.406149023054651e-6,0.0,1.1011557377131598e-6,3.214560012775471e-7,2.452315268572884e-7,3.709420652813095e-6,1.7866225953609293e-6,7.356599394829898e-7,4.8599027568356966e-8,3.721776776692044e-9,3.520227852872825e-7,1.445110261082493e-6,3.189725096067134e-7,9.662682626481157e-6,1.7929869047385104e-6,2.5615677431982093e-6,5.808016012578507e-6,6.122295885715704e-8,6.131791717049358e-7,1.1141037462864914e-6,2.998502732252696e-9,2.0807446438492654e-8,1.1404669946907882e-7,9.285037809927501e-7,3.880814947910169e-9,1.901383085573947e-8,1.599692184881462e-7,1.946946555019949e-6,3.865450037772978e-9,2.0926627278862698e-8,1.2839673955135983e-7,1.480411096093249e-6,3.538531092332265e-9,2.048321539850974e-8,6.163834439723284e-7,1.080954780218228e-6,4.042258480180419e-9,1.8962611486221976e-8,1.3787913108145954e-7,1.045455581015256e-6,3.4710590317228897e-9,1.9281270448714396e-8,1.4395056051038336e-7,1.928952308017063e-6,3.863300390629736e-9,2.0364523423464137e-8,1.618674018714189e-7,7.419147088691326e-7,3.655864278478569e-9,1.738128027651189e-8,5.528931017402779e-8,7.803741914186849e-7,3.033477447289797e-9,1.9868805946329053e-8,6.528452984119886e-7,1.4338886651977153e-6,2.858775812272392e-9,2.330636291270346e-8,2.887710957427651e-8,6.567097155235522e-7,1.331270275461183e-6,3.743578955343318e-9,2.0475356747962194e-8,0.00012592693453970547
t323,3.13331499695715e-7,1.061720522996935e-6,5.006165673993805e-7,2.491082727944243e-6,5.566310776826172e-6,6.045760157275602e-8,2.1580507177074135e-6,5.103416571084573e-6,4.5633338939357055e-6,3.4863570307833686e-6,0.0,9.687456596034147e-7,6.4694152725101735e-9,2.0331148569113585e-6,1.6141405077080639e-6,7.563304874060571e-8,1.1712690973120013e-6,2.1779737536356594e-6,6.673410795622618e-7,2.12394862811665e-6,0.0,3.3509425221612044e-7,8.192220305753214e-6,4.814339006244158e-6,8.375173744521927e-6,3.0646928825925824e-6,3.9613522212450334e-7,6.532996938281999e-6,3.6212745945822453e-6,3.5186567604233442e-6,1.2139790917091622e-6,5.6731371065077205e-6,3.8606987039446994e-6,0.0,1.266122670378544e-6,3.7479256198026536e-7,2.6216259107376306e-7,4.137345059090076e-6,2.0021076258867993e-6,7.697218610011413e-7,5.130582001878498e-8,3.725436849498092e-9,4.0996652704905254e-7,1.6162036884391867e-6,3.7205206231865884e-7,1.0449449494386822e-5,1.9737129974077408e-6,2.6842062296921904e-6,6.244466005411529e-6,6.495369684587407e-8,6.943615361424556e-7,1.1208223313230782e-6,2.9995428176967473e-9,2.081672037172842e-8,1.1553437550545952e-7,9.287961630967448e-7,3.87150146429109e-9,1.8853655322761465e-8,1.6283860497590344e-7,2.082617061046075e-6,3.8570052392319665e-9,2.0618363475209157e-8,1.3024518213922578e-7,1.5211240435257315e-6,3.5305131098885387e-9,2.024574401501227e-8,6.852596277704564e-7,1.097509962452301e-6,4.032959730689065e-9,1.870028201159863e-8,1.4015785427080769e-7,1.0605555203823092e-6,3.465696348084112e-9,1.906905476147135e-8,1.4635118165456362e-7,2.037780234359178e-6,3.8494509050482684e-9,2.0203701626018977e-8,1.6500020277927595e-7,7.38991430128526e-7,3.639675247041242e-9,1.7235740602744975e-8,5.552960076071173e-8,7.799373947202513e-7,3.0273716748932773e-9,1.9712130152130773e-8,7.506211885476545e-7,1.478201238756673e-6,2.8540606821868936e-9,2.3506851818691803e-8,2.9053329040880736e-8,7.365608738310958e-7,1.373371155991244e-6,3.717828001095519e-9,2.055834637953059e-8,0.00013671359318249808
t324,3.4079638336739296e-7,1.2198810690047586e-6,5.973269823132384e-7,2.7292922826838207e-6,6.145913489199109e-6,6.553757300225896e-8,2.5010604113206267e-6,5.48443487445951e-6,5.190144302364903e-6,4.018249351773078e-6,0.0,9.966778467921332e-7,6.5110416419381815e-9,2.4090105762958106e-6,1.7512761664529278e-6,8.151002879363962e-8,1.3454458387849e-6,2.505248123669958e-6,7.863794411085492e-7,2.469908950819633e-6,0.0,3.9810739128949084e-7,8.922742310412398e-6,4.961095949511856e-6,8.66649580384194e-6,3.620878646968094e-6,4.681425776014468e-7,7.079440277835842e-6,4.139478123152731e-6,4.177628541189763e-6,1.472878281280712e-6,6.243787239944739e-6,4.4726095871962485e-6,0.0,1.4898064954206866e-6,4.479527747955666e-7,2.814922544520591e-7,4.680013101075631e-6,2.262227314499625e-6,8.063978315805481e-7,5.4632228625634134e-8,3.7385424105653275e-9,4.886843798588866e-7,1.8347175019198935e-6,4.398758366768445e-7,1.1367127977836026e-5,2.16249357550404e-6,2.802829160916433e-6,6.7301920026328225e-6,6.958581973228374e-8,8.029004766288841e-7,1.1267971869066e-6,3.0056817480336387e-9,2.0896569655811643e-8,1.1728886246982427e-7,9.291690104057669e-7,3.869492648657655e-9,1.881629428113711e-8,1.6624422940732764e-7,2.2343314138580116e-6,3.849669392991291e-9,2.053058159480658e-8,1.3240587739404995e-7,1.5522472000535793e-6,3.523951294136553e-9,2.0190053528977238e-8,7.766902149822555e-7,1.104564298528391e-6,4.02340569587824e-9,1.8623041516202204e-8,1.4271936148910415e-7,1.0671768161135328e-6,3.4622957337006044e-9,1.9018172009175313e-8,1.4924980510603484e-7,2.174786059063631e-6,3.848156303672618e-9,2.020111395265117e-8,1.687402125258505e-7,7.382952315660165e-7,3.6382954140339805e-9,1.7219409398860812e-8,5.596671499483985e-8,7.805425276865076e-7,3.02958489863885e-9,1.9703113013024644e-8,8.790433752084925e-7,1.5169836333375188e-6,2.8539251486956727e-9,2.3639016118902137e-8,2.9223418096276336e-8,8.380183187915955e-7,1.4035671364794897e-6,3.7083904366977376e-9,2.063886078410499e-8,0.00015033489671767336
t325,3.736624354399039e-7,1.4397379133270574e-6,7.411894217845102e-7,3.0157183355324905e-6,6.885379463158417e-6,7.155644991362756e-8,2.9956012790486432e-6,5.935187628578906e-6,6.047390674885343e-6,4.778858745607261e-6,0.0,1.0269482375561254e-6,6.5532453253699715e-9,2.964830643213504e-6,1.919054938772578e-6,8.8477024415232e-8,1.5910553736443476e-6,2.979486185139285e-6,9.625494302479215e-7,2.9748346600637463e-6,0.0,4.91934974512083e-7,9.842909921750057e-6,5.119931617744752e-6,8.980974389032719e-6,4.447845343760075e-6,5.770534769063119e-7,7.75587646615032e-6,4.848183514092761e-6,5.17434237937958e-6,1.8799615280630372e-6,6.975689870752107e-6,5.335401052083225e-6,0.0,1.8207117854752019e-6,5.577451920033921e-7,3.0494408739950783e-7,5.404031367760035e-6,2.6119621482175033e-6,8.472380300165879e-7,5.8669847359905195e-8,3.759296850579362e-9,6.059987002831673e-7,2.130011568844279e-6,5.382963331122484e-7,1.2478901117080371e-5,2.385942278517671e-6,2.9330877649797016e-6,7.308967463725231e-6,7.53014163510482e-8,9.530814309274683e-7,1.132258341536263e-6,3.013728786166214e-9,2.101738540617324e-8,1.1937635205508271e-7,9.308211330027397e-7,3.874869131026253e-9,1.8890361778331655e-8,1.7033578886211418e-7,2.4123355664882275e-6,3.847632251222373e-9,2.0588185122363132e-8,1.3500347240595309e-7,1.5815482770368482e-6,3.5220763477046044e-9,2.0255624446235385e-8,9.017127893860057e-7,1.1090106755191376e-6,4.019043870534425e-9,1.8667946011497355e-8,1.4576492822609497e-7,1.0712303348985875e-6,3.4630522417823654e-9,1.9078240253689724e-8,1.5268806543868328e-7,2.3407351846883223e-6,3.8553919134067776e-9,2.031184848057888e-8,1.7300454560799757e-7,7.389234812329093e-7,3.645295940094956e-9,1.7289832285921e-8,5.6520522159048124e-8,7.818557424736884e-7,3.036680373818656e-9,1.9796689529117658e-8,1.0602757953410883e-6,1.5580761106188606e-6,2.8580587473321733e-9,2.380438519114163e-8,2.9451204403732493e-8,9.740370818728393e-7,1.430695473491325e-6,3.714039260599563e-9,2.076014459464059e-8,0.0001685117978274941
t326,4.123617027609665e-7,1.7677277751233884e-6,9.758996910779684e-7,3.3660869864641748e-6,7.889702641902656e-6,7.867427007588875e-8,3.7446917889744955e-6,6.4748733573832615e-6,7.290632005575367e-6,5.938213332233091e-6,0.0,1.0584432812015565e-6,6.5561603868208605e-9,3.8585855927487365e-6,2.1222222384923584e-6,9.648207847106486e-8,1.9484975857250696e-6,3.699995003880841e-6,1.2427933247107635e-6,3.754721653724717e-6,0.0,6.437718369215706e-7,1.1043419379167508e-5,5.290850278832012e-6,9.321521954344644e-6,5.7808882320637685e-6,7.534073638804598e-7,8.629868176795542e-6,5.832879552471302e-6,6.845993673222166e-6,2.5970919539470553e-6,7.971070292542598e-6,6.643575585174329e-6,0.0,2.382093266807473e-6,7.538204921848718e-7,3.3387642450967796e-7,6.443505277853569e-6,3.142479936397681e-6,8.921160976675972e-7,6.351234418721744e-8,3.780084493341192e-9,8.019963697725129e-7,2.550794657831356e-6,7.019825351097554e-7,1.3852782826484566e-5,2.69510144389685e-6,3.089042754958015e-6,8.035738499443672e-6,8.238049736997539e-8,1.1708526771319047e-6,1.1379363330379106e-6,3.0172932735327444e-9,2.1047613352254192e-8,1.2131455686074845e-7,9.307233907865402e-7,3.872097025125047e-9,1.8882938311678337e-8,1.743021245318491e-7,2.6233119105168025e-6,3.8380715783712774e-9,2.055712295694398e-8,1.374135420306832e-7,1.612608299906045e-6,3.5144759819122115e-9,2.022966550910235e-8,1.0752205883869988e-6,1.110692899884944e-6,4.006230215757508e-9,1.8619012471139862e-8,1.4864483344841916e-7,1.073326898768089e-6,3.4580364607800323e-9,1.905320037200673e-8,1.5615554441227214e-7,2.538567559920869e-6,3.857678623892899e-9,2.0347621349252343e-8,1.7725897542553824e-7,7.384698367043555e-7,3.6462757521924218e-9,1.7291954370994484e-8,5.699179435473487e-8,7.825927182196398e-7,3.039131708321598e-9,1.9831261642123254e-8,1.3347238386283601e-6,1.6095929292808311e-6,2.860425385903325e-9,2.3898075267206784e-8,2.9601488250592992e-8,1.163866233416828e-6,1.4608187191881257e-6,3.720453194141299e-9,2.0826097920023595e-8,0.00019453090468506
t327,4.6031716877001667e-7,2.3197503218493986e-6,1.4296118205200896e-6,3.806463089352871e-6,9.376171895734815e-6,8.73145525506153e-8,5.073069983063497e-6,7.1433109875970735e-6,9.294772568864764e-6,8.014060286232376e-6,0.0,1.0930723443154757e-6,6.562690339604805e-9,5.581730449426097e-6,2.3821098461708177e-6,1.0627245551313338e-7,2.5426251967851148e-6,5.0092243176839845e-6,1.778830785698843e-6,5.192316383724066e-6,0.0,9.372445029235244e-7,1.2730903419533298e-5,5.478830646573486e-6,9.696243024036227e-6,8.36633425952737e-6,1.097522401223681e-6,9.930091592317947e-6,7.3742575851089314e-6,1.0354694902439208e-5,4.245483288628376e-6,9.471431765775429e-6,8.928548714079827e-6,0.0,3.5111936556158276e-6,1.1929596698448268e-6,3.7151174240150546e-7,8.053394083111747e-6,4.005914761404477e-6,9.418881686301887e-7,6.933947383081071e-8,3.7966465015018505e-9,1.1876805704704852e-6,3.2038968872090166e-6,1.0174612697689155e-6,1.5584666740314254e-5,3.113103529706985e-6,3.2914136188378244e-6,9.017426053293287e-6,9.105922682710526e-8,1.5256017035242143e-6,1.147165206483458e-6,3.0200409312417425e-9,2.1113103563321917e-8,1.2363543265742548e-7,9.333143855229346e-7,3.872787650417307e-9,1.8924949131761222e-8,1.7913522271704198e-7,2.8867729264549095e-6,3.833663919236357e-9,2.05837290811844e-8,1.4032729556246015e-7,1.6547373791761123e-6,3.510722493710024e-9,2.0255773260967374e-8,1.343941099796911e-6,1.1168650985505791e-6,4.000568495733362e-9,1.8632455128065602e-8,1.5210659136170305e-7,1.078399710848561e-6,3.456161936782419e-9,1.907381477955491e-8,1.6021212010408231e-7,2.7848799256235443e-6,3.861391112848124e-9,2.0418279201518033e-8,1.8228085760603497e-7,7.39055316670423e-7,3.6487065662124745e-9,1.7322478807025544e-8,5.7506708652435975e-8,7.849538418984163e-7,3.041740040292075e-9,1.98926962494959e-8,1.804215148168862e-6,1.67244947864249e-6,2.8617810989261665e-9,2.4000923221000785e-8,2.9841664914052936e-8,1.4499552124058025e-6,1.4990103276115593e-6,3.730571445271717e-9,2.094827253929974e-8,0.00023767224660973662
t328,5.219917116291202e-7,3.5013485156814445e-6,2.7453197730834724e-6,4.386492486805381e-6,1.1859837247907578e-5,9.762604536743608e-8,8.118106131543496e-6,7.996558987080642e-6,1.3136067645694884e-5,1.2970029892983802e-5,0.0,1.131302569857301e-6,6.574967059583854e-9,1.0370336138906671e-5,2.7262975667789373e-6,1.1802196196050791e-7,3.735108031460143e-6,8.239051116200196e-6,3.251906215727755e-6,8.807641178812398e-6,0.0,1.749079043658245e-6,1.53318847245086e-5,5.687369671543519e-6,1.01132762042229e-5,1.56591073002624e-5,2.076904067880912e-6,1.2131320114584626e-5,1.0179209810129186e-5,2.333266829195008e-5,1.2411108925279112e-5,1.2046260436236507e-5,1.4054559494435771e-5,0.0,7.101619095510336e-6,3.6396124630548342e-6,4.2439747998940826e-7,1.096774548198053e-5,5.861344602370428e-6,9.98716115267284e-7,7.580958282093868e-8,3.818262340717655e-9,2.2974726670189563e-6,4.36651768445331e-6,1.8958812695524477e-6,1.7847899702584634e-5,3.751179632071348e-6,3.577617071920828e-6,1.0458360634493431e-5,1.0146802150648671e-7,2.215989987327351e-6,1.1656481790213252e-6,3.0234906445848547e-9,2.123499320165724e-8,1.2647584739756913e-7,9.413567928845157e-7,3.875896666833628e-9,1.9009958706422787e-8,1.8518120568068187e-7,3.2255829257696077e-6,3.833934857545346e-9,2.066263625209475e-8,1.4396751229477335e-7,1.7180523358030115e-6,3.5105632439380054e-9,2.033208144086046e-8,1.8162087524454915e-6,1.1309282280610096e-6,3.9985673938858144e-9,1.8684425636848382e-8,1.5642809256116273e-7,1.091286562490168e-6,3.457665193086854e-9,1.9140224458604036e-8,1.6521066110681773e-7,3.102690627488755e-6,3.866428856439479e-9,2.053383574299848e-8,1.8855050138763843e-7,7.428039378637393e-7,3.6533958211348573e-9,1.7394704495372065e-8,5.8141243269644587e-8,7.940476309465504e-7,3.0453258827896183e-9,2.0003286829650073e-8,2.8023712296192245e-6,1.762266986539363e-6,2.864040201218714e-9,2.4152697575291716e-8,3.020265730243815e-8,1.932541640475451e-6,1.5546118623572268e-6,3.744713061011007e-9,2.1147540337252128e-8,0.0003391735418427616
t329,6.029058845130937e-7,7.907287987059275e-6,8.25786875545434e-5,5.15963428406214e-6,1.678183187544424e-5,1.0886887603954508e-7,2.3503331876056034e-5,9.133436357045997e-6,2.391069680794463e-5,4.7168943126512285e-5,0.0,1.1741932260459131e-6,6.600525502761108e-9,0.00015529951133923887,3.20950425526236e-6,1.313392378057873e-7,7.611854483178379e-6,3.923542165144947e-5,5.98340337665599,3.957014750645875e-5,0.0,0.5970014623857116,2.0038344752254448e-5,5.9209163171235916e-6,1.0587621814852835e-5,0.00021263964753821801,8.441647910390008e-5,1.6650360913922315e-5,1.6961141012446988e-5,4.689206534401736e-5,1.2906916931607715,1.3414220239939225e-5,1.7874762944236934e-5,0.0,1.1100357593768385e-5,2.9953718713654887,4.4827844873479396e-7,1.245315254032293e-5,7.074336088865812e-6,1.0250903164960714e-6,8.144089825762688e-8,3.837962741692071e-9,2.8297546066407827e-5,7.039028455253776e-6,14.582513850036284,2.0933590228858353e-5,4.9382779872595916e-6,4.013220050235107e-6,1.2797826834609555e-5,1.132879640812722e-7,4.236305661978179e-6,1.1971203098258982e-6,3.020016521825913e-9,2.1327131991572322e-8,1.3018560982422752e-7,9.652440906680588e-7,3.883106739386537e-9,1.9166492214413502e-8,1.931707595177781e-7,3.686024709482385e-6,3.840989670259605e-9,2.0833396305498446e-8,1.4880682700862486e-7,1.8252449919429312e-6,3.5158780941037568e-9,2.0497266983040664e-8,2.881736584878817e-6,1.1674397109466134e-6,4.003745540750316e-9,1.8818716608884168e-8,1.6207679877268416e-7,1.1245381724257323e-6,3.4639932071123962e-9,1.9280004463556988e-8,1.7167938532372456e-7,3.5345609317177413e-6,3.872194765461282e-9,2.072326658090507e-8,1.9666202775110933e-7,7.564239937664433e-7,3.659474854471009e-9,1.7526497799656995e-8,5.83364527677706e-8,7.926568694095908e-7,3.0457997603913256e-9,2.006657257863031e-8,4.163270509074554e-6,1.8020993128835546e-6,2.8649388774790176e-9,2.4216960670710815e-8,3.065467941394814e-8,2.9311113727906535e-6,1.6424552633277668e-6,3.758154229426749e-9,2.14042708364035e-8,25.45003512322641
t330,6.020507067379901e-7,8.11982774602498e-6,5.442519331462933e-5,5.2923550988464585e-6,1.6677960635767425e-5,1.1369057064024469e-7,2.621019059246808e-5,9.381598731085365e-6,3.5088328185032745e-5,6.243907910381965e-5,0.0,1.174074705296698e-6,6.5865387659314646e-9,0.00012085319376612018,3.224428321183694e-6,1.3604896291986835e-7,7.683655379772457e-6,5.9071833754498104e-5,4.015777269633696,5.2460700177117175e-5,0.0,0.4029546482597139,2.0016980037597075e-5,5.915966290823866e-6,1.0761295682932976e-5,0.0002509611107135175,5.249685694146244e-5,1.6943264418173985e-5,1.7284914900601194e-5,5.438346553607128e-5,0.7088947222115402,1.3695182017242345e-5,1.8505831522461577e-5,0.0,1.2041931191693956e-5,1.420655046773686,4.5364973399396794e-7,1.2503853206730609e-5,7.301032629313427e-6,1.0342520822177995e-6,8.076726435562802e-8,3.840427621543938e-9,0.00015826535527841085,7.1605741336225326e-6,6.334543520641688,2.111903403932877e-5,4.909133826694399e-6,4.0286402964128425e-6,1.2846414726437461e-5,1.1668012059786764e-7,6.371001585966834e-6,1.2032148390255216e-6,3.017123522544006e-9,2.1261457040509408e-8,1.295648401641401e-7,9.60122043489679e-7,3.877931731222847e-9,1.906661012715003e-8,1.924425526932951e-7,3.74339280537336e-6,3.837901351398253e-9,2.0716109860116956e-8,1.478955000255949e-7,1.829230971649092e-6,3.512912437388326e-9,2.037620332596025e-8,3.688182083742982e-6,1.1614224429708144e-6,3.999702348175241e-9,1.8711696088228813e-8,1.6110185005493884e-7,1.1186064093762967e-6,3.4621033235566047e-9,1.917860077686887e-8,1.7036340052143605e-7,3.576805621579705e-6,3.864411350065411e-9,2.058895794386463e-8,1.954041427764e-7,7.506842185416511e-7,3.6514126618018332e-9,1.7422436876382886e-8,5.809637599782757e-8,7.936368214841855e-7,3.037006171071055e-9,1.996054360747918e-8,6.249878135496286e-6,1.8183845783784755e-6,2.851806584257108e-9,2.4105705679332325e-8,3.0538893161866185e-8,3.443479759131546e-6,1.6393368800701276e-6,3.750371291512253e-9,2.1347532864220027e-8,12.884030692728919
t331,5.280903646095936e-7,3.752315295870752e-6,2.9021547753227317e-6,4.685713543205273e-6,1.2001146346961563e-5,1.0029115671676062e-7,8.909173379515257e-6,8.179134880875368e-6,1.0975352936178574e-5,1.5376210132112875e-5,0.0,1.1366158356189354e-6,6.592508209404144e-9,9.72447085690246e-6,2.784037783062545e-6,1.183949401411328e-7,3.6887320633793597e-6,9.965126382208332e-6,3.369857604616231e-6,1.0526906628193319e-5,0.0,1.6259694266433556e-6,1.5815210426049097e-5,5.708619254929788e-6,1.062506680929369e-5,1.5886445106109997e-5,1.998981092828626e-6,1.307283205219348e-5,1.0274717605025458e-5,1.3857596341805836e-5,5.653901152333448e-6,1.0794716576189404e-5,1.0786746856590358e-5,0.0,4.824342897003241e-6,1.7551301727583006e-6,4.028886543581464e-7,9.077225443866705e-6,4.871568020839875e-6,9.889258209735285e-7,7.405671187282724e-8,3.793397395785905e-9,1.9009683398162788e-6,4.672561649041895e-6,2.2213155891594852e-6,1.8613712832917327e-5,3.952657890097167e-6,3.681327373744842e-6,1.0838619587071514e-5,1.0076915820514416e-7,1.818452086646456e-6,1.1537490358463102e-6,3.0124024811222863e-9,2.103024944211188e-8,1.2511760053942833e-7,9.336322531890906e-7,3.87773271135378e-9,1.8947555651641047e-8,1.8269685390972094e-7,3.2139312432838198e-6,3.8435927406099115e-9,2.057318993493995e-8,1.4220290159614992e-7,1.7126504426655694e-6,3.521608026180484e-9,2.0258099347323084e-8,1.5000000477926834e-6,1.1212042140749785e-6,4.006415177114699e-9,1.8612293201377553e-8,1.5433206594548862e-7,1.0819345297661546e-6,3.4704576202727018e-9,1.9072936314058612e-8,1.62486653647473e-7,3.071394627571745e-6,3.862915463025205e-9,2.046364669129771e-8,1.8514830750723622e-7,7.357001921309231e-7,3.6503300577303008e-9,1.7307075073978466e-8,5.7203207127642845e-8,7.792535749649322e-7,3.0364930392157493e-9,1.9766026129642848e-8,1.7653697259523084e-6,1.6975029963765457e-6,2.880519890423118e-9,2.3945647711533128e-8,2.9312668750098757e-8,1.6616445483291828e-6,1.5313409301085323e-6,3.697564526380585e-9,2.0576812678251272e-8,0.00031788665792444704
t332,4.71673156540649e-7,2.4642419267019717e-6,1.349631378325037e-6,4.195302726762445e-6,9.504579083897478e-6,8.96610145335554e-8,5.323797845804574e-6,7.275235098997638e-6,6.745500760836722e-6,9.063839131965393e-6,0.0,1.103265541620223e-6,6.614695289954624e-9,4.696401085077526e-6,2.4445831738551887e-6,1.0501138486084148e-7,2.373171530108472e-6,5.760900283466241e-6,1.57756485492906e-6,5.920604120944989e-6,0.0,7.852178579570074e-7,1.3332051255205176e-5,5.5220344239987025e-6,1.0513131954594355e-5,7.85324259469453e-6,9.302344172484034e-7,1.0902023490390809e-5,7.367556939947935e-6,7.946049846245942e-6,2.6348673407977103e-6,9.056331566164132e-6,7.688614175127116e-6,0.0,3.0005410591715677e-6,8.29417785580634e-7,3.677585049917783e-7,7.147133704657948e-6,3.696038320123643e-6,9.538178578962858e-7,6.639878764608696e-8,3.7757089314112905e-9,9.622883325949275e-7,3.5254487692606434e-6,1.011390792461009e-6,1.6715134817652944e-5,3.4302777930760045e-6,3.4529639560678278e-6,9.563246901935244e-6,8.938744356690804e-8,1.0656013990968103e-6,1.1318135547309815e-6,3.0093791186792238e-9,2.0874185668351944e-8,1.214309181150815e-7,9.253315066300602e-7,3.8818721418671216e-9,1.8895943648943762e-8,1.7440601992017813e-7,2.8241190974488486e-6,3.85738359986952e-9,2.0501122357399992e-8,1.373300082762718e-7,1.6417348707836825e-6,3.5338929292259584e-9,2.018441969240013e-8,9.48878927730578e-7,1.1050577445551872e-6,4.01953252309786e-9,1.8561958350772474e-8,1.4857890981657212e-7,1.0679350864239783e-6,3.4836771618125218e-9,1.9011520529155542e-8,1.558679552422993e-7,2.7040584015875413e-6,3.866408244898752e-9,2.0390739730548278e-8,1.7653695879587154e-7,7.320167703501426e-7,3.65209630990029e-9,1.725060070830111e-8,5.6685850183469964e-8,7.753215283675366e-7,3.0354904680915145e-9,1.9729506273201014e-8,1.0327660995611822e-6,1.6171974722954498e-6,2.866454977094897e-9,2.3762824266582487e-8,2.9064002434007058e-8,1.070666341915921e-6,1.4729998532105435e-6,3.686345094347659e-9,2.047848161212731e-8,0.00023119188830538354
t333,4.2680826074551556e-7,1.8496779199196236e-6,8.881488295644615e-7,3.795619511862808e-6,7.927157205643133e-6,8.109227989088203e-8,3.807258694782411e-6,6.571956709768107e-6,4.981797119076056e-6,6.495645241265945e-6,0.0,1.0726786567852802e-6,6.6420186886294845e-9,3.103087713526633e-6,2.1806803094664638e-6,9.459711941075349e-8,1.7607999386325734e-6,4.113302056296423e-6,1.0386387922046813e-6,4.138159848771056e-6,0.0,5.198522924961874e-7,1.1642841660079178e-5,5.353473568863356e-6,1.0414817017226528e-5,5.231346542746355e-6,6.101369566647414e-7,9.47545261169266e-6,5.775009057872335e-6,5.60831429242118e-6,1.7224354660664255e-6,7.869414312035982e-6,6.0007855930266374e-6,0.0,2.1856316985128423e-6,5.511031326239509e-7,3.399068154801912e-7,5.932518375222697e-6,2.991117347962087e-6,9.211710550548673e-7,6.039132273574308e-8,3.762716443385566e-9,6.473639493129788e-7,2.8418332314796015e-6,6.58623952923882e-7,1.5176847628391835e-5,3.018254308380145e-6,3.273069127862467e-6,8.623583260461124e-6,8.030949397812387e-8,7.585405312846775e-7,1.120551780558733e-6,3.006086723291126e-9,2.0763671384062256e-8,1.1839602914336693e-7,9.234597157347173e-7,3.8868113967488665e-9,1.8874127912631855e-8,1.676939310441358e-7,2.5278408116765147e-6,3.8731294219231856e-9,2.0479567320584057e-8,1.3338479839366024e-7,1.5966364628988288e-6,3.547407543131517e-9,2.0156926862495424e-8,7.027215868409502e-7,1.0993042400529185e-6,4.03371425608071e-9,1.8555086120586986e-8,1.4393421054455223e-7,1.0635087262486342e-6,3.4981828062474516e-9,1.899435742877677e-8,1.504997749988167e-7,2.4276438631506235e-6,3.871624822808526e-9,2.035690780360517e-8,1.695857172803857e-7,7.324328706941623e-7,3.655191393897642e-9,1.7232864163030313e-8,5.622521807681492e-8,7.74513459829185e-7,3.0374057862837474e-9,1.9683020581578567e-8,7.336306669809152e-7,1.559602805087009e-6,2.8561443865043107e-9,2.359605612581934e-8,2.8777956839795187e-8,7.897031453702393e-7,1.431507481283875e-6,3.6763706255735228e-9,2.0343042374510687e-8,0.0001913311884955726
t334,3.895929760034774e-7,1.4879254705963402e-6,6.663440123520192e-7,3.470631814075006e-6,6.83494494101087e-6,7.408372435405611e-8,2.971016226384543e-6,6.009541167214426e-6,3.994310273795422e-6,5.087757373948665e-6,0.0,1.0434610536755047e-6,6.634670908438164e-9,2.32899115275731e-6,1.968938110027424e-6,8.615856015902492e-8,1.4048394481121042e-6,3.2143461237262816e-6,7.769713962051149e-7,3.1856187025173854e-6,0.0,3.9001323798934557e-7,1.0381202966619048e-5,5.197991655951905e-6,1.0327930311627508e-5,3.932759855851611e-6,4.550333970305035e-7,8.404836254317949e-6,4.7318267785624575e-6,4.349447996659369e-6,1.2829565216131938e-6,6.996639504649853e-6,4.938412872190742e-6,0.0,1.7330542549262865e-6,4.1578174563194625e-7,3.1662636779037004e-7,5.100972166864194e-6,2.522221917878846e-6,8.909366475805931e-7,5.5507170235779505e-8,3.749312954795178e-9,4.908984378118362e-7,2.3895141268338048e-6,4.918700859089913e-7,1.3929934268876411e-5,2.7099066892567472e-6,3.126832823832936e-6,7.89782000460626e-6,7.302651623285808e-8,5.911288025923219e-7,1.1127680460011603e-6,2.9983069619316845e-9,2.057993608792066e-8,1.1545606887521627e-7,9.204321887361962e-7,3.880443535636994e-9,1.8750385039200224e-8,1.6151843257676505e-7,2.294715497868003e-6,3.876207286676176e-9,2.034308031105691e-8,1.2960898744228893e-7,1.5622330323265236e-6,3.5504448572176545e-9,2.0024370658049653e-8,5.607599266594284e-7,1.0941206771018682e-6,4.035112916235435e-9,1.8440581054080977e-8,1.3949461363929332e-7,1.0590732568249293e-6,3.502000641238326e-9,1.887532966051773e-8,1.4551656148730892e-7,2.2063538375225167e-6,3.866227053340379e-9,2.0215258044044375e-8,1.6319628305887027e-7,7.307053163837106e-7,3.6465156082042447e-9,1.7111221574126053e-8,5.569325704161323e-8,7.731278553925889e-7,3.0341462764570075e-9,1.9558521254851977e-8,5.729964083853397e-7,1.5173592681538948e-6,2.845271411578529e-9,2.3369100468337544e-8,2.8405450738254713e-8,6.285523862053567e-7,1.4043022677748146e-6,3.6622494855988923e-9,2.0133738023339876e-8,0.0001667636279591074
t335,3.587312085687944e-7,1.2487709338704358e-6,5.351987393355796e-7,3.2031182141470056e-6,6.02704944393315e-6,6.824285944440154e-8,2.439621070058707e-6,5.545088143009534e-6,3.3575140683867373e-6,4.193747935686818e-6,0.0,1.0164561606996189e-6,6.6311542785434506e-9,1.8668586937971851e-6,1.7988874464594e-6,7.922225814351534e-8,1.1722226377920724e-6,2.64765267573599e-6,6.222271186213457e-7,2.593413811270446e-6,0.0,3.1258918861544725e-7,9.399200519081712e-6,5.055053840940853e-6,1.0243596313416846e-5,3.154556958518838e-6,3.632773878887266e-7,7.577773893786743e-6,4.015428882110637e-6,3.5607396808380146e-6,1.0239290829956564e-6,6.3164388951945765e-6,4.205790045336265e-6,0.0,1.4352752575777141e-6,3.3412955072105823e-7,2.966613166642046e-7,4.4835790277811965e-6,2.1854471163795628e-6,8.624959631586728e-7,5.143022806791791e-8,3.738902132894611e-9,3.9627780873219057e-7,2.0643173186343318e-6,3.929122675339386e-7,1.2891377671021507e-5,2.4557093062451145e-6,2.9997770524988777e-6,7.305313702946802e-6,6.706426166260718e-8,4.856535025236675e-7,1.1072625355664288e-6,2.993621907667515e-9,2.046754002316814e-8,1.1302886700973092e-7,9.183660137023356e-7,3.87599889274836e-9,1.866975782983682e-8,1.5642142099464822e-7,2.106171675792989e-6,3.879941489502786e-9,2.0253952801215144e-8,1.265016460644376e-7,1.533876243076856e-6,3.554264110536517e-9,1.9939781741620125e-8,4.6861185943041845e-7,1.0906535068025134e-6,4.0389128595702664e-9,1.8375192596565264e-8,1.3582577836929853e-7,1.0558697873753011e-6,3.5064530629599393e-9,1.8800140486803465e-8,1.4132397994037958e-7,2.027975968252464e-6,3.861804590525542e-9,2.0118332892350218e-8,1.5786388312374086e-7,7.295576364811717e-7,3.6398513488290837e-9,1.703075674582394e-8,5.5262288442061944e-8,7.723738603373141e-7,3.0319687614690828e-9,1.9477067483067745e-8,4.7086660359866954e-7,1.4807237326817548e-6,2.838354537863733e-9,2.3222299498494388e-8,2.8136755515806686e-8,5.229383156008711e-7,1.3811947270372365e-6,3.651899711234959e-9,1.998749193424164e-8,0.00014955621198674838
t336,3.325909172189368e-7,1.0780017211989107e-6,4.481665156431722e-7,2.9795290431055704e-6,5.400572505291761e-6,6.331067700556438e-8,2.073208475262133e-6,5.152355019267311e-6,2.909838130599564e-6,3.5741912375505302e-6,0.0,9.913116914692358e-7,6.631785203079499e-9,1.5599765281839284e-6,1.6603965227035082e-6,7.340849020670692e-8,1.0097774147643164e-6,2.2572170551569907e-6,5.1986712263854e-7,2.189486119249021e-6,0.0,2.612350219157197e-7,8.604433467472661e-6,4.9219295094335365e-6,1.0158119613530621e-5,2.6375765513834354e-6,3.0290696469538234e-7,6.903488890324595e-6,3.495209159343702e-6,3.0206691359280005e-6,8.537892093096095e-7,5.7610541054158445e-6,3.6681897839085294e-6,0.0,1.2225123392009386e-6,2.7833819859563623e-7,2.7892780136686965e-7,4.0000566857591765e-6,1.9265057920471094e-6,8.355824450381027e-7,4.793512823299281e-8,3.731176257366757e-9,3.326889581042724e-7,1.818613097108011e-6,3.2673516282667345e-7,1.2011185870028618e-5,2.2413549129547202e-6,2.8818667977714696e-6,6.80065458449295e-6,6.211596367556276e-8,4.1314940377974975e-7,1.1000319925181773e-6,2.9919504938673855e-9,2.0416469849008797e-8,1.1105979006013555e-7,9.150723728924777e-7,3.8735163132792045e-9,1.8632457239196586e-8,1.5221768172393534e-7,1.948861288147001e-6,3.8845881479262234e-9,2.0211044115546678e-8,1.2393097024057895e-7,1.5036260550125088e-6,3.5584586106269466e-9,1.9896250714839372e-8,4.0408750794641905e-7,1.0844558525278962e-6,4.043067062325539e-9,1.834503213652285e-8,1.3278457113259317e-7,1.0503094058745482e-6,3.511393941307959e-9,1.876411760922316e-8,1.3783868559795186e-7,1.8788553726028088e-6,3.8589372587373226e-9,2.006932444574921e-8,1.5348266786075042e-7,7.278448072268938e-7,3.636462248582441e-9,1.6996054245226662e-8,5.4910517695441243e-8,7.706057054371643e-7,3.0306822649365947e-9,1.9435776870590857e-8,3.9994459241143773e-7,1.4423456345236399e-6,2.83525168721758e-9,2.313730372107423e-8,2.800184601427618e-8,4.4887942826817245e-7,1.3585511170766853e-6,3.6473306603763263e-9,1.992491947242381e-8,0.00013653279095352075
t337,3.1103625383127805e-7,9.56743029448976e-7,3.899396952296786e-7,2.811416734608112e-6,4.9283591934053355e-6,5.9284254235636736e-8,1.8103963547424195e-6,4.817261470343445e-6,2.5767491359906744e-6,3.123105768221092e-6,0.0,9.676106911651898e-7,6.6370852657396994e-9,1.3463393821876759e-6,1.5450059293762385e-6,6.850905394639322e-8,8.940429541536543e-7,1.9728016305095553e-6,4.481250419710253e-7,1.9001322119472984e-6,0.0,2.251622154346446e-7,7.936996137581886e-6,4.798715379337903e-6,1.0073888311959652e-5,2.2754562017751193e-6,2.6102406873963825e-7,6.347184960493119e-6,3.1136051523353333e-6,2.6344925445755597e-6,7.352606331363485e-7,5.2963952831288335e-6,3.2608618188066127e-6,0.0,1.0640151994887637e-6,2.3814539681547745e-7,2.6296345802966983e-7,3.61302994783141e-6,1.7248382478685058e-6,8.100599065531279e-7,4.491153913513317e-8,3.727253596819071e-9,2.873807239120493e-7,1.6273917205216608e-6,2.792347762813073e-7,1.126211545549776e-5,2.049903027663183e-6,2.767302164493046e-6,6.362387891100535e-6,5.797541969155706e-8,3.644071795001714e-7,1.0885749811264961e-6,2.989608099597094e-9,2.038984948676415e-8,1.0952425034164418e-7,9.078209428998279e-7,3.872147434206112e-9,1.8626659612879585e-8,1.4894555585143317e-7,1.8180605552860396e-6,3.889905334231721e-9,2.0208331031615314e-8,1.219322695496826e-7,1.468310516250485e-6,3.563406051412161e-9,1.989337902344969e-8,3.5676500453241163e-7,1.0728187630953311e-6,4.048674085424674e-9,1.8353008520541548e-8,1.3040436233446533e-7,1.039528534877677e-6,3.517044210538102e-9,1.8765280235810154e-8,1.3509667202914228e-7,1.7554479915398462e-6,3.858242215389078e-9,2.006129698895748e-8,1.5010365005574327e-7,7.242626075646941e-7,3.6368385969896337e-9,1.7007764415306137e-8,5.4610025101835306e-8,7.653395493409591e-7,3.0297934928197352e-9,1.9421600960413557e-8,3.48282779823048e-7,1.4001063091138235e-6,2.8364198871450318e-9,2.3116769800437225e-8,2.798435063400826e-8,3.9564926235969275e-7,1.3314458942315012e-6,3.6477745941377337e-9,1.9935734278781388e-8,0.00012631801224216086
t338,3.022425983192146e-7,9.258426033501358e-7,3.839385475479101e-7,2.7750873778206976e-6,4.818022294650546e-6,5.773142427081148e-8,1.7590098559571096e-6,4.800041092826601e-6,2.5238606270739626e-6,3.0450450419893356e-6,0.0,9.594469720712736e-7,6.619473424353142e-9,1.3237560246216316e-6,1.5218030053481748e-6,6.667892137319465e-8,8.793593589196539e-7,1.9239481391553574e-6,4.354456048186537e-7,1.8459571215495406e-6,0.0,2.1928748855886288e-7,7.819404095174038e-6,4.759638139487685e-6,1.0154371761195495e-5,2.217169788893463e-6,2.5666620084713344e-7,6.308125547900391e-6,3.016554153300516e-6,2.578764597280445e-6,7.253959192154393e-7,5.239754445051467e-6,3.1746297059696885e-6,0.0,1.041876273295891e-6,2.354763927380317e-7,2.6095543385016525e-7,3.552527044013695e-6,1.6952601097078404e-6,8.049854807813494e-7,4.397595951405869e-8,3.725382280929177e-9,2.801892293194476e-7,1.593304266779105e-6,2.7735189264068626e-7,1.1103315762421661e-5,2.0190928815494535e-6,2.7836837948221374e-6,6.342320812713598e-6,5.671244629379952e-8,3.587751727112297e-7,1.101408680898625e-6,2.984319868960276e-9,2.0353961755010976e-8,1.0978155448362079e-7,9.167930042864244e-7,3.863415484885755e-9,1.8587922945521583e-8,1.4944826473936162e-7,1.8024269662779876e-6,3.8854452797725755e-9,2.016837020264533e-8,1.2223637646418461e-7,1.492913912257494e-6,3.559385352165618e-9,1.9854803937557322e-8,3.516100611872571e-7,1.0865170538640418e-6,4.044238121296397e-9,1.8313984481609506e-8,1.307325931404182e-7,1.0519072197743699e-6,3.51333780366895e-9,1.8725890762149334e-8,1.3549677419971826e-7,1.743898817858e-6,3.849683608897176e-9,2.001797788028437e-8,1.506094343587196e-7,7.296531108019611e-7,3.62921421117144e-9,1.6973791273015434e-8,5.4627785423936693e-8,7.716515718676201e-7,3.024091229431915e-9,1.9393402813952323e-8,3.4541017877270213e-7,1.4270669297828597e-6,2.835995326788838e-9,2.3134692041080125e-8,2.809286661965092e-8,3.9588439314008974e-7,1.3595923668308918e-6,3.650045356821575e-9,1.9994214464333627e-8,0.0001249892443646268
t339,2.9414646664984676e-7,8.9579277267606e-7,3.7865880117722107e-7,2.745083390708263e-6,4.712857078815924e-6,5.630666165021318e-8,1.7132924377979226e-6,4.781541108785919e-6,2.4740326833956394e-6,2.9718068899356093e-6,0.0,9.518214864394824e-7,6.608276724255857e-9,1.3048044580696503e-6,1.4996500930661231e-6,6.502014039770025e-8,8.667180061260511e-7,1.8786379433104672e-6,4.2411304814706694e-7,1.7966334744054213e-6,0.0,2.142212738745204e-7,7.689075475818446e-6,4.722819840522938e-6,1.023109421192493e-5,2.1673115162009715e-6,2.5308612310625585e-7,6.255434810778529e-6,2.9343764200311113e-6,2.5302269198264287e-6,7.183745276374244e-7,5.177125587941732e-6,3.097382677598218e-6,0.0,1.0232810225585727e-6,2.329603087335812e-7,2.590479336983789e-7,3.5082344129454773e-6,1.669162804845996e-6,8.007435324096437e-7,4.3149301612220834e-8,3.72405135210588e-9,2.733526619653487e-7,1.5586947108859737e-6,2.747537721288165e-7,1.0956709035396549e-5,1.9741144975712477e-6,2.790142298489781e-6,6.307601739094758e-6,5.557117920408448e-8,3.5457953017473996e-7,1.1076507465396263e-6,2.981571460998036e-9,2.0361441889656957e-8,1.1021910469417388e-7,9.20125620872561e-7,3.85809555420662e-9,1.8581747140714807e-8,1.503096395378962e-7,1.7880474709095447e-6,3.882214949158212e-9,2.0161034324222932e-8,1.2276068704035916e-7,1.5071517835025674e-6,3.5559404018232274e-9,1.9845583719178122e-8,3.477568120486799e-7,1.0919567000416812e-6,4.040285943503904e-9,1.8301890935192658e-8,1.3131866676424145e-7,1.056774356695281e-6,3.5102033747551797e-9,1.8714504864903817e-8,1.3611132308064725e-7,1.7334616934658269e-6,3.843107342442204e-9,2.0003361344705805e-8,1.5146580718942018e-7,7.31266266386352e-7,3.6249909454112745e-9,1.6974249948150172e-8,5.4662760834799165e-8,7.733928860012627e-7,3.0199880140431154e-9,1.9388601945680513e-8,3.4598186189897873e-7,1.4473324842014966e-6,2.8365891970740953e-9,2.3182825250413922e-8,2.8274587807275895e-8,3.9719157025659296e-7,1.3783756783495602e-6,3.657215328771252e-9,2.010191229977847e-8,0.00012365989326090123
t340,2.866590200468367e-7,8.674780277326632e-7,3.7418394792327783e-7,2.7189951171263207e-6,4.603982772018539e-6,5.500813755939915e-8,1.6683141667963737e-6,4.760369690543874e-6,2.426631907465833e-6,2.894187496399085e-6,0.0,9.446696786186911e-7,6.603735399682757e-9,1.2868100000782573e-6,1.4784085200651e-6,6.34710465181506e-8,8.545852755166627e-7,1.8297831975416e-6,4.134724881898691e-7,1.7447231350384927e-6,0.0,2.0941583912170627e-7,7.542748488304851e-6,4.685877878603325e-6,1.030202851559482e-5,2.119317720264465e-6,2.4970028594465963e-7,6.1727424039535515e-6,2.8603451163156724e-6,2.4823401734639647e-6,7.122780647167146e-7,5.099445755026181e-6,3.0230667681713396e-6,0.0,1.0008114170183635e-6,2.2970162172736967e-7,2.5613668774822705e-7,3.4577976915082616e-6,1.6377560274877413e-6,7.964088872886713e-7,4.230306405797334e-8,3.724023389644598e-9,2.6683943599632117e-7,1.5238901659940583e-6,2.7131774401695156e-7,1.0820012086472637e-5,1.9210518249545217e-6,2.7863421833125193e-6,6.255238753365772e-6,5.452812446023226e-8,3.509440146230155e-7,1.1096707914850813e-6,2.9827149068376183e-9,2.040661926720534e-8,1.1061686263643694e-7,9.205136358143071e-7,3.8555573220115535e-9,1.859737324141459e-8,1.5110778110874188e-7,1.7717704023965358e-6,3.880991795554874e-9,2.0176089393735953e-8,1.2322936935932113e-7,1.5109478896322228e-6,3.5541318967005947e-9,1.985657546931408e-8,3.44249256091672e-7,1.0921211729074453e-6,4.038282579224879e-9,1.830984692982263e-8,1.3184426121577192e-7,1.056789488912823e-6,3.508867646450453e-9,1.8723107285113122e-8,1.3664131288527533e-7,1.7203489725021898e-6,3.839056672493292e-9,2.001328561007366e-8,1.5227154572687367e-7,7.312016393549467e-7,3.6245103992447e-9,1.7001984391006135e-8,5.470004688313901e-8,7.731995866965624e-7,3.0181296927148335e-9,1.9406770499088014e-8,3.466120704424002e-7,1.458042442983148e-6,2.8392799112393564e-9,2.3250867690720036e-8,2.8512405014160258e-8,3.9908957832601574e-7,1.3912717320515336e-6,3.6685193272694145e-9,2.0249702295583013e-8,0.00012218200263213169
t341,2.808143196782537e-7,8.456162573515752e-7,3.722184036000234e-7,2.705511099774443e-6,4.518273673562549e-6,5.40089723938664e-8,1.6311343030445168e-6,4.747876631155046e-6,2.3969435272432157e-6,2.8235140442811843e-6,0.0,9.391725902139659e-7,6.609339391253607e-9,1.2790297625681625e-6,1.4647024669847181e-6,6.229527329677765e-8,8.482005711016742e-7,1.7877285286233455e-6,4.084734848074353e-7,1.7020335874992913e-6,0.0,2.071542045650014e-7,7.425800364916167e-6,4.657412897933483e-6,1.0387457723687341e-5,2.089056769047889e-6,2.4858028941873694e-7,6.112839548664003e-6,2.812462066931373e-6,2.453158778214519e-6,7.151120065792537e-7,5.042042030310864e-6,2.9721898211142354e-6,0.0,9.75875291874593e-7,2.2614331915465083e-7,2.524348054243019e-7,3.4030490278248567e-6,1.6029900917639194e-6,7.925008407150048e-7,4.146655137324198e-8,3.724727284210331e-9,2.6043696655298856e-7,1.4882362799240047e-6,2.668440520836334e-7,1.0688526521799826e-5,1.8556838287031554e-6,2.770912438896685e-6,6.182872552472714e-6,5.352057389874281e-8,3.5190022707183443e-7,1.1121390596251298e-6,2.984493560366358e-9,2.0476472430706204e-8,1.1104657313338739e-7,9.216437918686525e-7,3.855934407304834e-9,1.8636426908916624e-8,1.5201895427933622e-7,1.7592980727524078e-6,3.883581697798348e-9,2.0221262493052784e-8,1.2386149729983945e-7,1.5144310524658667e-6,3.5552719741341695e-9,1.9898342275062227e-8,3.4478188875507594e-7,1.0940389892823992e-6,4.040894361809639e-9,1.835417559044085e-8,1.325554100546074e-7,1.0579915895713713e-6,3.5105089215341978e-9,1.8760009671165998e-8,1.3732398294932388e-7,1.7127585369211973e-6,3.837468333224476e-9,2.0048168034905565e-8,1.533130531740051e-7,7.323243760305211e-7,3.627300280889283e-9,1.7058015183929123e-8,5.477483748989669e-8,7.740542604724051e-7,3.018592015371824e-9,1.9450245263938455e-8,3.477685444491344e-7,1.4614358092363549e-6,2.8431367488774166e-9,2.3327855225333438e-8,2.8763608739503193e-8,4.0116632746313644e-7,1.3988200428106164e-6,3.6811654458171183e-9,2.0410553314929996e-8,0.00012099633156773623
t342,2.765184066699072e-7,8.316492743695719e-7,3.7264587792978565e-7,2.708609505398813e-6,4.462536734293522e-6,5.327787765251549e-8,1.5961981023169809e-6,4.741102173909081e-6,2.3795023273949396e-6,2.7614098560233664e-6,0.0,9.348053918914297e-7,6.60254367570583e-9,1.27640401760802e-6,1.4530621776092736e-6,6.128494712385762e-8,8.430670088163528e-7,1.7484773218282448e-6,4.062405815503907e-7,1.6640618513913096e-6,0.0,2.0642488832807194e-7,7.3173311729084016e-6,4.633017091165817e-6,1.0485665670620692e-5,2.0684057029784286e-6,2.4806190734416743e-7,6.029580651964671e-6,2.764668833677959e-6,2.434088342485381e-6,7.206300189955171e-7,4.985193607650565e-6,2.9295012288870107e-6,0.0,9.521453122567759e-7,2.2284460740302864e-7,2.474391263541963e-7,3.3392081662442956e-6,1.5625104309120933e-6,7.883028106018025e-7,4.0613334689153346e-8,3.7220730290924454e-9,2.5425429598604996e-7,1.4508794643068752e-6,2.625915725645246e-7,1.0557048446707984e-5,1.7959495445921427e-6,2.7409248355512684e-6,6.0823247094047224e-6,5.248457672226828e-8,3.580948326919835e-7,1.1159164075189226e-6,2.9787759695510576e-9,2.0472466693583194e-8,1.1106092930066144e-7,9.207140734311214e-7,3.849365876810884e-9,1.8574296522480782e-8,1.523721950470248e-7,1.7483819737417656e-6,3.877846006981793e-9,2.0149522478528555e-8,1.2405434078623374e-7,1.5142204728929133e-6,3.549781751499547e-9,1.9832235837360646e-8,3.4693432767536846e-7,1.0938618939967968e-6,4.034681105696317e-9,1.8287176309284426e-8,1.328100496990983e-7,1.0580443274318365e-6,3.5060610921281396e-9,1.869887794424948e-8,1.3765078086560916e-7,1.7059205332550102e-6,3.830723261273961e-9,1.998964357500731e-8,1.5387111399315677e-7,7.322679337148338e-7,3.623983534289293e-9,1.7022995211722322e-8,5.471804067762142e-8,7.739188644350303e-7,3.0152067121656854e-9,1.9411342247210507e-8,3.484198303490293e-7,1.4570973278567397e-6,2.840890728129846e-9,2.3284252407364313e-8,2.883786826613776e-8,4.0241728733321014e-7,1.4010222496827383e-6,3.6863508297122234e-9,2.0452991791792928e-8,0.00011988084552431571
t343,2.6880281521330483e-7,8.17532576067562e-7,3.725772851821519e-7,2.7228655765173612e-6,4.398069399217161e-6,5.243948709183661e-8,1.561506598546668e-6,4.732465909777496e-6,2.3655044246163113e-6,2.6955130515270674e-6,0.0,9.320908054965494e-7,6.617711860742211e-9,1.2766375736147378e-6,1.4427009716868118e-6,6.037397874382906e-8,8.391092584446074e-7,1.7078599707672188e-6,4.0529057293443913e-7,1.6247442268394283e-6,0.0,2.0566870500147649e-7,7.192909829353646e-6,4.607449359441247e-6,1.0582453451058406e-5,2.0487877311671114e-6,2.48164297034403e-7,5.906215477559708e-6,2.7232289031280493e-6,2.4128517674411867e-6,7.264803658002443e-7,4.902795763329729e-6,2.882574075415782e-6,0.0,9.280236480936525e-7,2.215610782544305e-7,2.420810639982271e-7,3.2661999932539613e-6,1.5243167431572064e-6,7.849760345991854e-7,3.982420901765015e-8,3.7227753452976114e-9,2.4890394456742406e-7,1.4149031422127242e-6,2.6044000334636784e-7,1.042991873165342e-5,1.7410495914538355e-6,2.6974851262495597e-6,5.958071440756438e-6,5.1446330298767594e-8,3.645674612611992e-7,1.1180793307686038e-6,2.964741454972425e-9,2.0519226032128796e-8,1.1094110365650732e-7,9.200613428552722e-7,3.845936085929113e-9,1.8547545796067662e-8,1.524841226451288e-7,1.7367245783429129e-6,3.875724751042871e-9,2.011762494677838e-8,1.241076441818703e-7,1.5077077388585785e-6,3.547038025535969e-9,1.980172296200649e-8,3.493440299860623e-7,1.0937256834901704e-6,4.033406914101021e-9,1.8266493415328006e-8,1.3289248048209493e-7,1.0575612202875916e-6,3.5046795165925807e-9,1.8673109650418852e-8,1.3770045138792213e-7,1.6968472630299628e-6,3.824326239459439e-9,1.9965690604676332e-8,1.5407624301099694e-7,7.324676278709123e-7,3.6230338160515846e-9,1.701863570827864e-8,5.465280209761674e-8,7.736651356433047e-7,3.0123610022139407e-9,1.9397435771385766e-8,3.488135541861094e-7,1.444973873982633e-6,2.838521509692424e-9,2.3245179029055343e-8,2.8847312602271716e-8,4.02874262998292e-7,1.3949383322497018e-6,3.687777661846281e-9,2.04614756627981e-8,0.00011862803105856649
t344,2.609680892343242e-7,7.986722127610441e-7,3.7735108040495674e-7,2.7009757326971197e-6,4.297663034953656e-6,5.1337856757748726e-8,1.5240903151299474e-6,4.716379715541758e-6,2.315840049995066e-6,2.6185302446262187e-6,0.0,9.095809008640344e-7,6.662246918919849e-9,1.2782810450581603e-6,1.4321102581692314e-6,5.8344138129973626e-8,8.354751919476342e-7,1.6616005044962578e-6,4.048586959056458e-7,1.578117912150542e-6,0.0,2.0401006005803927e-7,7.042506376808927e-6,4.5778885857332004e-6,1.0667721843529257e-5,2.0237853082244494e-6,2.4838860490869423e-7,5.727813800131989e-6,2.685146514680432e-6,2.380180220748707e-6,7.295774125358431e-7,4.777472719435952e-6,2.824035210781431e-6,0.0,9.002349415016366e-7,2.2535831108124093e-7,2.3612149070451953e-7,3.1741127818363585e-6,1.494108476766147e-6,7.819887515928259e-7,3.9051858269050995e-8,3.7307774713685045e-9,2.4376971091415906e-7,1.37693561006331e-6,2.6317866600954573e-7,1.029508694789908e-5,1.7217603998333434e-6,2.635110586585543e-6,5.789757028678393e-6,5.0362827807663266e-8,3.672022560758496e-7,1.1060778237710238e-6,2.9991154719108924e-9,2.0487933289223148e-8,1.1053033524284167e-7,9.18926889851479e-7,3.833755893884052e-9,1.854723982157234e-8,1.520655729359552e-7,1.7214867365938664e-6,3.870265892085574e-9,2.0135381482617328e-8,1.2383450141910117e-7,1.4917503649501166e-6,3.5405625395699382e-9,1.981435694838157e-8,3.506410778718258e-7,1.0925426908952153e-6,4.029378451051579e-9,1.829966354904565e-8,1.3252696345706618e-7,1.0557635843877265e-6,3.499827127579362e-9,1.8671852089763412e-8,1.370540757736897e-7,1.6818105984459218e-6,3.8123896246283215e-9,1.9940601262285484e-8,1.535606355900816e-7,7.324702951018775e-7,3.614729415606783e-9,1.7029231844829663e-8,5.45019205976142e-8,7.730688011632152e-7,3.0017337802082386e-9,1.9363985918548656e-8,3.453646251661122e-7,1.4236584061570612e-6,2.8380092721171126e-9,2.3241624477918246e-8,2.874832361365355e-8,3.990918840164697e-7,1.3757986979647911e-6,3.682640460052263e-9,2.041270454219938e-8,0.00011692917909453099
t345,2.5373348698457805e-7,7.712792348038098e-7,3.7212201541054356e-7,2.686549907291761e-6,4.117444394443588e-6,4.9719495762149306e-8,1.4538805150143442e-6,4.64589645119762e-6,2.2410245865067695e-6,2.4715452447669343e-6,0.0,9.017917994177108e-7,6.773005151273848e-9,1.2563232378022728e-6,1.4076873223227666e-6,5.69065150056285e-8,8.203115176368658e-7,1.569866082375911e-6,3.9485380413621735e-7,1.4947690146994092e-6,0.0,1.964277992736583e-7,6.776480575920774e-6,4.52275127601999e-6,1.0687993212260645e-5,1.9515618001948697e-6,2.4387208282570477e-7,5.39729339676559e-6,2.6194894159726813e-6,2.302884841331727e-6,7.13594026750315e-7,4.5471751777117985e-6,2.7192106272901527e-6,0.0,8.66103153857346e-7,2.2773623932982684e-7,2.2938964268208243e-7,3.0643317335481797e-6,1.4540871895275018e-6,7.794914860506604e-7,3.806689665421869e-8,3.738409269314019e-9,2.3036047596523423e-7,1.3021012489211323e-6,2.54212413968383e-7,9.986895546673969e-6,1.6724992333885234e-6,2.501049676482665e-6,5.4487545279136344e-6,4.8570330362806244e-8,3.6179729599889887e-7,1.0865354987781985e-6,2.9914316721980295e-9,2.0524502337825218e-8,1.0932251578178718e-7,9.069852372232404e-7,3.83391751685401e-9,1.8565245280821564e-8,1.500787732290871e-7,1.6888731434855512e-6,3.878881640765137e-9,2.0208056898570084e-8,1.2256699895555249e-7,1.4482090446480433e-6,3.546506552502158e-9,1.988606388461118e-8,3.4055410118258294e-7,1.0782583602604203e-6,4.039408416548697e-9,1.8388605473030095e-8,1.3119036204683096e-7,1.0435188181490944e-6,3.5088409825343783e-9,1.8745983346340727e-8,1.354955803743063e-7,1.6467831430300496e-6,3.812467180764821e-9,1.9972453505053656e-8,1.5151148527074722e-7,7.270263538897242e-7,3.618783278126524e-9,1.7056006060296016e-8,5.429849414924513e-8,7.663792157431183e-7,2.998619363462517e-9,1.9388971604979326e-8,3.3881650613819606e-7,1.3874037621745099e-6,2.8337118736222487e-9,2.3263658710135505e-8,2.8566589208558522e-8,3.7492589688082975e-7,1.3215723338462182e-6,3.6767344609359594e-9,2.033596126027875e-8,0.00011341434438938857
t346,2.4969811795531713e-7,7.578836607058311e-7,3.7472296014074665e-7,2.7000652610607923e-6,4.008927417478395e-6,4.951495081917949e-8,1.4181527845135305e-6,4.634765500333442e-6,2.248779315777592e-6,2.373255605506084e-6,0.0,8.960206519573408e-7,6.401016242730395e-9,1.2293774744464527e-6,1.3930775949775062e-6,5.491915694603056e-8,8.026488605796015e-7,1.4920703732133865e-6,3.905210742262854e-7,1.4307113428584357e-6,0.0,1.9636003602148752e-7,6.60196288446432e-6,4.498093644958846e-6,1.0779452450119533e-5,1.9290945478525722e-6,2.453984851163572e-7,5.121761650495869e-6,2.5851605442427163e-6,2.280307200794776e-6,7.202922608289837e-7,4.386797408963079e-6,2.6688339973972455e-6,0.0,8.701928626189322e-7,2.3149144189223576e-7,2.236853772159899e-7,3.0502856822860686e-6,1.424028653384333e-6,7.766194241039156e-7,3.920386156020614e-8,3.689956665555302e-9,2.2657929482706988e-7,1.261585663356396e-6,2.5554857391583965e-7,9.866375727659861e-6,1.6301599584906355e-6,2.3893765340373492e-6,5.212269581872184e-6,4.795812623753162e-8,3.70320501502283e-7,1.0634964396895627e-6,2.9869045471852296e-9,2.039402422575549e-8,1.0793638075688496e-7,8.896345308403103e-7,3.842445632277666e-9,1.8366742174581784e-8,1.4624456843083353e-7,1.660950194931431e-6,3.870414944605233e-9,1.984980436426323e-8,1.1962118277281667e-7,1.3916971735355287e-6,3.5517192218589934e-9,1.9558272311749318e-8,3.3985729909437013e-7,1.0399336257551406e-6,4.0357907586702284e-9,1.8062372367208823e-8,1.280788758835276e-7,1.0075422518011942e-6,3.497455094048805e-9,1.8468088066929045e-8,1.3368859238500533e-7,1.6323569423541825e-6,3.821733396467051e-9,1.9761667978086796e-8,1.494708359138262e-7,7.156144315980548e-7,3.621858752141573e-9,1.6879102351688544e-8,5.380300101304621e-8,7.544176962691044e-7,3.0101483731479727e-9,1.917486169420833e-8,3.5425310624165684e-7,1.356440368634551e-6,2.854548067671129e-9,2.297287205473769e-8,2.7907813208582807e-8,3.738279673011633e-7,1.2744611293785502e-6,3.6542500164720548e-9,1.9904075344232775e-8,0.00011137777301214816
t347,2.6630839171645323e-7,8.702069921309336e-7,4.3925100176967464e-7,2.998533957904154e-6,4.4851148196970015e-6,5.2597803669429956e-8,1.6223035695428997e-6,4.9842703316378166e-6,2.4081089329253637e-6,2.728998466226756e-6,0.0,9.254472324061281e-7,6.469035207598556e-9,1.4247152157891915e-6,1.5075628739726228e-6,5.824801446549478e-8,9.064770646889911e-7,1.7186758361391914e-6,4.547875078529272e-7,1.6551906622754499e-6,0.0,2.2872448635367823e-7,7.237323778454257e-6,4.650583193334156e-6,1.1318611332860615e-5,2.2463396997109343e-6,2.8592375988937484e-7,5.675381613000167e-6,2.914136690130665e-6,2.6576288641012504e-6,8.47756278976693e-7,4.891469090521123e-6,3.061089077051065e-6,0.0,1.0065045658283963e-6,2.713330726230721e-7,2.416327403684829e-7,3.425305187388003e-6,1.612968882638635e-6,8.180549240347595e-7,4.108203989174023e-8,3.6961380906255975e-9,2.530151343498171e-7,1.4467029700906866e-6,2.9738130167842234e-7,1.0890867101194795e-5,1.8284224628007414e-6,2.547572352909377e-6,5.733142725582137e-6,5.102123792868854e-8,4.0810820589161035e-7,1.0963185251394796e-6,2.988393588439672e-9,2.0512157033725185e-8,1.1098269847016946e-7,9.143181059739185e-7,3.845884268474079e-9,1.8501463668154098e-8,1.5265377321853536e-7,1.7933791380669378e-6,3.866934523985111e-9,2.008007954303376e-8,1.2392464732843415e-7,1.4586183593913996e-6,3.546188913655835e-9,1.977392417567349e-8,3.7563865046137426e-7,1.077654557807092e-6,4.028718288970893e-9,1.824892256418012e-8,1.3293832666446237e-7,1.0432953614100525e-6,3.4954561985427392e-9,1.8652064546033024e-8,1.3859793806781446e-7,1.7540297645536176e-6,3.827146574669244e-9,1.9938452306953376e-8,1.5523853873059098e-7,7.313106636619566e-7,3.6254185947323998e-9,1.69873413976624e-8,5.464720888568799e-8,7.725408528062817e-7,3.0113775665841855e-9,1.936349993299686e-8,3.9365990671605134e-7,1.4173090632053705e-6,2.8485717402339735e-9,2.323370317283806e-8,2.8206513653725483e-8,4.146670301643404e-7,1.3324629883136012e-6,3.6535989830136757e-9,2.006010877897072e-8,0.00012213152863674445
t348,2.8543437378515075e-7,1.0225726206602475e-6,5.325216586055502e-7,3.376633434972548e-6,5.0815283421982795e-6,5.635797135805218e-8,1.8954397828216084e-6,5.3861077273492145e-6,2.593533596189938e-6,3.204519469885537e-6,0.0,9.566095167359002e-7,6.535495622393045e-9,1.6926985779790694e-6,1.6438728857270518e-6,6.23791346521886e-8,1.0396734279985123e-6,2.0202829986093927e-6,5.453480575668057e-7,1.9591657925093063e-6,0.0,2.7397056946523026e-7,7.995870129024474e-6,4.814364767110181e-6,1.1902131677121996e-5,2.6928106124062334e-6,3.4324051481568654e-7,6.303036045951147e-6,3.351432083408228e-6,3.1873578266575787e-6,1.0306635559960472e-6,5.503292438972072e-6,3.5913522382482203e-6,0.0,1.1948078658175143e-6,3.2998991651874883e-7,2.6203003425416403e-7,3.913325769665165e-6,1.8556411521064103e-6,8.638271398406965e-7,4.356216554164102e-8,3.713815079308429e-9,2.8617802248472176e-7,1.6903759876322387e-6,3.538625144110573e-7,1.2161567163785367e-5,2.0629149026418954e-6,2.70393586045633e-6,6.327170465378189e-6,5.4612098636752675e-8,4.545023299726686e-7,1.1142530056102372e-6,2.9917858242095416e-9,2.065035329736027e-8,1.1394658233877711e-7,9.251017294492292e-7,3.8537365770881125e-9,1.8648199703985077e-8,1.5841978818737937e-7,1.9424085047891676e-6,3.8709350528286255e-9,2.0253977522553948e-8,1.2772146132482802e-7,1.5098024092754433e-6,3.548017289313172e-9,1.9941302906619055e-8,4.1699102403770905e-7,1.096327192972844e-6,4.030687773351886e-9,1.8391324216899892e-8,1.3726151067643212e-7,1.0601711347007194e-6,3.4996892102304893e-9,1.8799124411880648e-8,1.4334770146855048e-7,1.8942521130665593e-6,3.8359768907714806e-9,2.01123620823117e-8,1.6089075990986972e-7,7.369324042032585e-7,3.633065205656203e-9,1.7101673437644548e-8,5.5410227751578754e-8,7.792431906682236e-7,3.0172330085427802e-9,1.9523958521276116e-8,4.414228055970547e-7,1.472040309910741e-6,2.8491188397734265e-9,2.3438954669741908e-8,2.8496685722245866e-8,4.639051198040598e-7,1.3750290863764818e-6,3.6584043675997555e-9,2.0212346136254475e-8,0.00013532199150341397
t349,3.0771704820757537e-7,1.2428193074046713e-6,6.785609697249971e-7,3.869503387927853e-6,5.861019291354123e-6,6.073012712232537e-8,2.2792280092394685e-6,5.8599267539835666e-6,2.8128881994851088e-6,3.877096400055966e-6,0.0,9.898966901400252e-7,6.599566094650931e-9,2.081328953542128e-6,1.8095262386019246e-6,6.712930939350641e-8,1.2187831694217088e-6,2.4471343796013723e-6,6.817717571064944e-7,2.3975483912845868e-6,0.0,3.412441662648785e-7,8.943853216958271e-6,4.991544686685093e-6,1.2547854057712967e-5,3.360495164734752e-6,4.296581956851481e-7,7.055484395363665e-6,3.952496083243249e-6,3.983003045011247e-6,1.3137270012114377e-6,6.283603730448073e-6,4.347698223308524e-6,0.0,1.4689995977454277e-6,4.199864806820659e-7,2.858986265128057e-7,4.556748116994264e-6,2.1740928277972744e-6,9.149388790725218e-7,4.650026611995828e-8,3.73546831245406e-9,3.293034723944589e-7,2.0301821717677992e-6,4.3611732837098287e-7,1.3780826667816688e-5,2.3522302199632015e-6,2.8692810260395257e-6,7.0429943405382636e-6,5.878178399453218e-8,5.129694255809832e-7,1.126276806254967e-6,2.99676272272667e-9,2.0816046414421643e-8,1.1692222291329233e-7,9.315348898755918e-7,3.864590746314517e-9,1.8818403789908284e-8,1.641934212897641e-7,2.1183978314829873e-6,3.880886354598236e-9,2.0442863848695315e-8,1.3143925964391937e-7,1.554667300146518e-6,3.554844432913193e-9,2.0120027169046246e-8,4.67772182546356e-7,1.1068671187199563e-6,4.037277339716937e-9,1.8538794032851073e-8,1.4152837813318457e-7,1.0699863315158621e-6,3.508451983732777e-9,1.8959750013854046e-8,1.481152907817455e-7,2.0594263340091947e-6,3.846578958691444e-9,2.0301309761273128e-8,1.6660324786451075e-7,7.398776636915971e-7,3.6427267495452236e-9,1.7232553317510207e-8,5.6146945160234293e-8,7.825533098274343e-7,3.0246995984186912e-9,1.968981343051538e-8,5.015140513799055e-7,1.5234186363957083e-6,2.8522807485019468e-9,2.3644189209420443e-8,2.8817816611559295e-8,5.261172980462693e-7,1.4104413982042066e-6,3.667917289355419e-9,2.038801217547787e-8,0.00015251390313060481
t350,3.3326401212875245e-7,1.5862927649678977e-6,9.343817248077162e-7,4.530653235262947e-6,6.926743571423057e-6,6.582566771554589e-8,2.841962896356121e-6,6.427628443112895e-6,3.0740375759765063e-6,4.898574571760281e-6,0.0,1.0243147138208122e-6,6.6189230258838775e-9,2.6776899943787975e-6,2.010260384553637e-6,7.234175383607781e-8,1.4658758864377314e-6,3.0926835866218433e-6,8.987444060630436e-7,3.07090630076353e-6,0.0,4.496362538801168e-7,1.0176130208626508e-5,5.181021718799309e-6,1.3269486356910421e-5,4.446051439506227e-6,5.690689446457399e-7,7.971956181648417e-6,4.771639188422808e-6,5.303175709873844e-6,1.8035261691003977e-6,7.333613783707838e-6,5.498607785627919e-6,0.0,1.9218050333771807e-6,5.863535096491219e-7,3.148588503562999e-7,5.472584649272996e-6,2.655828942233578e-6,9.722220005316728e-7,5.0003123985918005e-8,3.757590294827785e-9,3.889859560303577e-7,2.543831432755235e-6,5.737114594870047e-7,1.5925708054527296e-5,2.762599572344165e-6,3.0621303745012997e-6,7.961875706490961e-6,6.373815317233976e-8,5.871355847940061e-7,1.1363536140158873e-6,2.9990819894806922e-9,2.0900299510781177e-8,1.1941891809204878e-7,9.323441516572726e-7,3.863129404829717e-9,1.8842986204418995e-8,1.6938869001333147e-7,2.3226072308012387e-6,3.880032045959977e-9,2.046826356107135e-8,1.3457989717538405e-7,1.5939776682256883e-6,3.55321847631564e-9,2.0146975601793044e-8,5.29464146431131e-7,1.1101056381324542e-6,4.031270696966689e-9,1.8530086061636095e-8,1.4523884069906518e-7,1.0739375401352513e-6,3.5091113078714037e-9,1.8984687360709838e-8,1.524257387494433e-7,2.2493798182003274e-6,3.847372865644062e-9,2.0353017080030623e-8,1.7189064692270084e-7,7.395956774613429e-7,3.6428058091119756e-9,1.724768262207678e-8,5.670832568425054e-8,7.837719633556806e-7,3.0265388059938713e-9,1.9753592355272434e-8,5.797879988457645e-7,1.5839408393237178e-6,2.8544066802049745e-9,2.378374044466769e-8,2.9050909442919445e-8,6.073131810780842e-7,1.4473910457398097e-6,3.6754109878810895e-9,2.049817776483253e-8,0.00017648690851538725
t351,3.6413443593716817e-7,2.2158481339128026e-6,1.5168509501075295e-6,5.4749804847293284e-6,8.529354976041684e-6,7.193029426184711e-8,3.7927364995658274e-6,7.1360679910337075e-6,3.396887307953435e-6,6.717168462983924e-6,0.0,1.061910916481738e-6,6.638186946078287e-9,3.761941117961604e-6,2.268273462179502e-6,7.850878966943365e-8,1.8482492572635e-6,4.258634266686759e-6,1.3247695288406914e-6,4.301350067875484e-6,0.0,6.593998787686252e-7,1.1906967566963446e-5,5.3899796698589675e-6,1.4093024165101313e-5,6.585889630687781e-6,8.454720930323165e-7,9.272799606849927e-6,6.03720146876796e-6,7.982436310845628e-6,2.882367113984861e-6,8.900462607932905e-6,7.508481062868406e-6,0.0,2.769207742643213e-6,9.509817338216502e-7,3.512607378828642e-7,6.832137693738144e-6,3.361168610705387e-6,1.036445273161648e-6,5.3854641428420135e-8,3.773162436762891e-9,4.756638041667839e-7,3.4202929708266565e-6,8.451885538824323e-7,1.8893019449461078e-5,3.3613846138976026e-6,3.3095546883915605e-6,9.239331049512335e-6,6.968394063172896e-8,6.874862649040408e-7,1.1516917883822753e-6,3.0026290920664302e-9,2.1034450862209038e-8,1.2224490671838894e-7,9.348504966633109e-7,3.864285621756954e-9,1.891074260323465e-8,1.753417675679802e-7,2.576684824280493e-6,3.881835327516368e-9,2.0538998560963046e-8,1.3813179054574938e-7,1.6409987215713629e-6,3.5531969786170924e-9,2.0210941461334644e-8,6.116643664453459e-7,1.1159735984029763e-6,4.028931337657033e-9,1.85669056770087e-8,1.4941867328839865e-7,1.0794316971255848e-6,3.511075053603075e-9,1.9041736611784794e-8,1.5717188958756462e-7,2.4831410250854276e-6,3.848672135280093e-9,2.0432879974316512e-8,1.7778908264150295e-7,7.399778558430213e-7,3.6438718147221782e-9,1.7291489399401372e-8,5.72900879440759e-8,7.858479078978649e-7,3.0282717874780548e-9,1.9839206238807274e-8,6.842973652457119e-7,1.64637254072768e-6,2.8547459711377165e-9,2.390532816483356e-8,2.938248774546077e-8,7.191275233034722e-7,1.4919350438070928e-6,3.686842474191444e-9,2.0671768821034836e-8,0.00021477926548437617
t352,4.019764485761851e-7,3.7899691544546007e-6,4.214700710511707e-6,6.933339491864751e-6,1.1250266989609963e-5,7.85788025716227e-8,5.751200687727367e-6,8.050835226630062e-6,3.808445264132453e-6,1.0978582268475308e-5,0.0,1.1033383349387213e-6,6.663638808714644e-9,6.3703705458969065e-6,2.613621834683213e-6,8.56859622119538e-8,2.5217394216109933e-6,7.095301474862148e-6,2.5610825282772187e-6,7.318248614788882e-6,0.0,1.2339045276130797e-6,1.458497104716059e-5,5.623021268616195e-6,1.5048375211108517e-5,1.278812700779853e-5,1.6636283500289018e-6,1.1375889318974861e-5,8.268413720844619e-6,1.650675162434134e-5,7.27501595760266e-6,1.1603774844381681e-5,1.20340511622914e-5,0.0,5.110620136797628e-6,2.9365515889726387e-6,4.0228980663295503e-7,9.236277476769668e-6,4.806299728876955e-6,1.1119761399318932e-6,5.8173676219806894e-8,3.7950775544435656e-9,6.132128444383052e-7,5.265765936732448e-6,1.641794063711967e-6,2.328746986651134e-5,4.389406977683787e-6,3.6605767253272e-6,1.1205016655750723e-5,7.668606539416797e-8,8.299869406939943e-7,1.1793843194595855e-6,3.005439514762541e-9,2.1194007612715268e-8,1.2559205747713758e-7,9.425360467521751e-7,3.8693251667885735e-9,1.9032457505004492e-8,1.8245098751394505e-7,2.90302942116364e-6,3.88708395327094e-9,2.0661326495257577e-8,1.4238447156247e-7,1.7076636248395962e-6,3.556303747723606e-9,2.0328147657931984e-8,7.265424162294482e-7,1.1303817492037404e-6,4.031795328245929e-9,1.8656747526921755e-8,1.5438501135520136e-7,1.092265172279629e-6,3.5157613332793627e-9,1.9142668530465327e-8,1.6276711406211659e-7,2.781675829855168e-6,3.852833786891505e-9,2.0564836487340237e-8,1.8478902514684307e-7,7.433889909793536e-7,3.647497783813272e-9,1.7377632716673396e-8,5.8000014665441624e-8,7.95117570590881e-7,3.031439208037265e-9,1.9974767694948043e-8,8.389541830802416e-7,1.7380959375452164e-6,2.8566643460491543e-9,2.409212690373019e-8,2.984528893316216e-8,8.818287766666351e-7,1.5559943402819197e-6,3.7022885067276886e-9,2.0928908464451834e-8,0.0002978937535593097
t353,4.19878543430358e-7,5.825717745730871e-6,0.018411713639718493,8.06937515306451e-6,1.313936031650809e-5,8.412784064526168e-8,1.2152177002531808e-5,9.287586945882828e-6,4.35414790287197e-6,3.623202991528811e-5,0.0,1.1494891330416804e-6,6.697173983379803e-9,2.0960374913803717e-5,3.102823602725912e-6,9.353006147738016e-8,4.041177278120651e-6,3.0022736099332267e-5,5.009837602305661e-5,2.7576903882108238e-5,0.0,9.821384946498974e-6,1.9430366435724952e-5,5.883586092422985e-6,1.6177133222436674e-5,0.00028444413255698694,9.438882287210825e-5,1.5421653501565982e-5,1.3225144208263592e-5,3.245283759092521e-5,3.422651638248283e-5,1.3405668117450752e-5,1.693566525847895e-5,0.0,7.546559532727456e-6,1.295228566370959,4.258868502737526e-7,1.0635214477824246e-5,5.7068416415579405e-6,1.1508068894570983e-6,6.19103987087031e-8,3.8153923098561795e-9,8.636545993010523e-7,1.1539459196002702e-5,3.836365909919839e-5,3.0503564851689936e-5,6.954921586352872e-6,4.214685481932348e-6,1.471406034260277e-5,8.477050980487208e-8,9.604609743767988e-7,1.1881743126986636e-6,3.006151093239434e-9,2.1262797864768783e-8,1.2943083164886883e-7,9.6336725867369e-7,3.8758628335933874e-9,1.917989768576499e-8,1.9087169987493218e-7,3.3404894945676834e-6,3.898652347248804e-9,2.0816492141675992e-8,1.4727420004545773e-7,1.81074680169945e-6,3.563794735480997e-9,2.046606267018403e-8,8.908038795182056e-7,1.16427980512425e-6,4.041544916157108e-9,1.8775902850880572e-8,1.6015711749529812e-7,1.122895125032575e-6,3.525774824434379e-9,1.9266691674021998e-8,1.691564752601905e-7,3.1767881353973487e-6,3.857633422229576e-9,2.0727354625958557e-8,1.9298331458740168e-7,7.558226391453143e-7,3.6525708234448795e-9,1.749668290402796e-8,5.8181866937104215e-8,7.939176290203043e-7,3.0314546620308053e-9,2.0021918838409827e-8,9.653454213846434e-7,1.770107414982973e-6,2.8581702324327893e-9,2.4165815531144133e-8,3.040305506010894e-8,1.1403954211184704e-6,1.6596848596779188e-6,3.717690316500641e-9,2.1246565194083798e-8,1.3145785234354619
t354,4.1086462874047733e-7,5.865576202605917e-6,7.472100695947011,8.296895297468025e-6,1.2780633495296213e-5,8.305071170962221e-8,1.3318010570457346e-5,9.566441021030587e-6,4.668771041762688e-6,3.2303353617905525e-5,0.0,1.1468043635546912e-6,6.7134058642078145e-9,2.4689893862408096e-5,3.108344746101116e-6,9.566734435814548e-8,4.187849864901864e-6,2.3107374530977593e-5,3.333082284770105,2.2807336543148516e-5,0.0,1.636928787056407e-5,1.911606800838462e-5,5.872060826317994e-6,1.6472367882118487e-5,0.0004736845563301529,3.1518902392396013,1.4772250278972706e-5,1.3231343103354732e-5,3.26482325568336e-5,0.00010976657763253221,1.3267736665969142e-5,1.7209949995374136e-5,0.0,6.5452702957632014e-6,4.467605283855263,4.1661610435025933e-7,1.0028463835155685e-5,5.240886689754867e-6,1.1518035857402612e-6,6.044821089592813e-8,3.820070259607034e-9,9.49508654427852e-7,1.4025430335717697e-5,11.991438859059627,3.230066946071138e-5,7.448002601755884e-6,4.285110157180948e-6,1.536117371429182e-5,8.714808519617657e-8,1.0319501322459567e-6,1.176800098337464e-6,3.001557599013456e-9,2.1119060949828295e-8,1.2874904204632492e-7,9.485428132486731e-7,3.871937347001256e-9,1.907252069988675e-8,1.8935771561050614e-7,3.382503531681224e-6,3.901849046798366e-9,2.0665222997056106e-8,1.4579231880150292e-7,1.7797022686027495e-6,3.5649536513032848e-9,2.0305675337004197e-8,9.581964550128026e-7,1.1386541396920748e-6,4.04263260834611e-9,1.8633074392679924e-8,1.5849020652266202e-7,1.0978766080743925e-6,3.530573056997655e-9,1.912242333741116e-8,1.6714722174983037e-7,3.19666230988217e-6,3.855001346625277e-9,2.0590915958235507e-8,1.9090321172408744e-7,7.423418275917845e-7,3.6479489121354345e-9,1.7400420055700594e-8,5.786261208970171e-8,7.861230563712305e-7,3.02690321873085e-9,1.9941336004110543e-8,1.0075114821449288e-6,1.7373314337993112e-6,2.8484526070513955e-9,2.4025338746299614e-8,3.038687102599103e-8,1.3130741937265443e-6,1.6624319465769315e-6,3.7142857446432366e-9,2.1252972142776697e-8,30.417137410762358
t355,3.8869099808280757e-7,4.446844351218096e-6,1.1406999431240899e-5,7.840363279091038e-6,1.1205312481994046e-5,7.857223750691482e-8,9.318855377270106e-6,9.292479078258894e-6,4.365114168539707e-6,1.977295373690082e-5,0.0,1.1321780463018761e-6,6.811538689800364e-9,1.4331825995563889e-5,2.995559489554231e-6,9.158317940653237e-8,3.7617175235730513e-6,1.3002300371584356e-5,8.944330109410306e-6,1.299760629403978e-5,0.0,3.3224423002104626e-6,1.7812867631410326e-5,5.788496558288674e-6,1.651305153343186e-5,5.695907772209048e-5,1.1741816311039094e-5,1.314279347247816e-5,1.1330018919102689e-5,1.9497724910276493e-5,1.4542779779331652e-5,1.0925924859517627e-5,1.098934347965882e-5,0.0,5.7357541347686045e-6,4.2370024107376586e-5,4.0482377549405307e-7,9.542201996617811e-6,5.0313307810827655e-6,1.1407056881517542e-6,6.11969389796258e-8,3.7834933358215725e-9,7.524877346764967e-7,1.1135372340357945e-5,7.791133371546333e-6,3.0606039249293206e-5,6.66454287497689e-6,4.157653379360471e-6,1.4541412393365201e-5,8.131942249520835e-8,8.865487547686979e-7,1.1653860823236943e-6,2.9976826060160324e-9,2.0988222230072102e-8,1.2642522188040052e-7,9.342006981610911e-7,3.875325370438037e-9,1.9027581762166948e-8,1.8511326394754301e-7,3.2315338021583205e-6,3.922974465011338e-9,2.0628020458805733e-8,1.4355430960894961e-7,1.7374107017424e-6,3.586085257749543e-9,2.0295333671908387e-8,8.647116955327282e-7,1.1225636065169224e-6,4.064199198872687e-9,1.8624045802148625e-8,1.5580182323214637e-7,1.0841975784139584e-6,3.5529003336221305e-9,1.9110510186758064e-8,1.6357464221680762e-7,3.065324665461628e-6,3.853862410163919e-9,2.0532710647377067e-8,1.8618096835837697e-7,7.356570038144589e-7,3.649456197048658e-9,1.7345009296586307e-8,5.72988766275639e-8,7.782082730769237e-7,3.0318636080319757e-9,1.979300354290835e-8,9.670433668199488e-7,1.731767502118887e-6,2.881210820991305e-9,2.3948206687059784e-8,2.9333717598555537e-8,1.1664939236503407e-6,1.6186243777489252e-6,3.6645091535566627e-9,2.056640878478851e-8,0.0004903631108252137
t356,3.7151005175174396e-7,3.7028732289399114e-6,6.291203876876407e-6,7.528712892765548e-6,1.0239873249064085e-5,7.48132800963716e-8,7.311067727243292e-6,9.080637970406996e-6,4.106562850274763e-6,1.4689690662475898e-5,0.0,1.1190849296717677e-6,6.971639936740474e-9,1.047211346146596e-5,2.8985653244514754e-6,8.932481090520247e-8,3.4528990595984013e-6,9.408794689789457e-6,4.546689892449327e-6,9.364177441810017e-6,0.0,1.9006628270676976e-6,1.695835990297748e-5,5.717030534516869e-6,1.659509413458392e-5,2.8564820487229102e-5,4.76964628895562e-6,1.2313025450751199e-5,1.0187760135307711e-5,1.4482617031123364e-5,7.647424725538549e-6,9.699656940942776e-6,9.046745080961826e-6,0.0,5.1498005376873875e-6,1.728415082676862e-5,3.993124901368772e-7,9.083157718606502e-6,4.751952884555498e-6,1.137189349672085e-6,5.934328859915043e-8,3.765050653101129e-9,6.396931911758548e-7,9.793202335984177e-6,3.1551873424461605e-6,2.9451727944409456e-5,6.474368634752292e-6,4.179346008387462e-6,1.4386884903867183e-5,7.708922738106762e-8,7.945467160201578e-7,1.185955749708399e-6,2.9951207068899415e-9,2.091136355010354e-8,1.249921159861733e-7,9.429176220630279e-7,3.8822138563804725e-9,1.9064298843389488e-8,1.8250467919345847e-7,3.1354807608404684e-6,3.953127260668166e-9,2.07305914432135e-8,1.4232831186857383e-7,1.7506013348517907e-6,3.610275802239687e-9,2.0391086348891105e-8,7.920016417344554e-7,1.1383153846800157e-6,4.093053871027431e-9,1.872520999852523e-8,1.5423957669475094e-7,1.0998074379956477e-6,3.5793303772471805e-9,1.9191374180724696e-8,1.6150413960837743e-7,2.9798942117608502e-6,3.8577681681786905e-9,2.058561023134114e-8,1.8294713223436621e-7,7.417319240094218e-7,3.65198331690814e-9,1.7374772217548917e-8,5.725173943554965e-8,7.816282176550518e-7,3.039407014986469e-9,1.9875072932710933e-8,9.31078271230814e-7,1.7495297012781292e-6,2.8641694113744033e-9,2.385508645485696e-8,2.9264280489407603e-8,1.0577219974001597e-6,1.6534414818960477e-6,3.6531038170496215e-9,2.0558661288485658e-8,0.0003706947094247401
t357,3.041475808689496e-7,1.2738196976253432e-6,6.566985213107372e-7,3.104163146166648e-6,5.728650625616129e-6,6.08838851395115e-8,5.933541734594751e-6,8.872542540789112e-6,3.889211061923363e-6,1.1650571167432783e-5,0.0,1.1057832974130494e-6,6.6582843085516955e-9,7.957711456214502e-6,2.695073046850108e-6,8.292460707103544e-8,3.0034330522141426e-6,7.368688750231904e-6,2.9945755010096173e-6,7.254384140297195e-6,0.0,1.3430349775251266e-6,1.5708814912101408e-5,5.651955335663603e-6,1.668036904344673e-5,1.8955840974234136e-5,2.998606236473823e-6,1.1690897552198268e-5,9.167421895049553e-6,1.2122611445560433e-5,5.535937880449873e-6,9.288615653720212e-6,8.210456469555748e-6,0.0,4.646673482873063e-6,1.0733701932077398e-5,3.951966706653084e-7,8.793856755541727e-6,4.609920204521746e-6,1.0948677465640835e-6,5.810981561817584e-8,3.7579889761678895e-9,5.584462403732119e-7,8.396433113449935e-6,2.002195572020047e-6,2.8491675854888302e-5,6.440313525360081e-6,4.3005739354565626e-6,1.4618136323794697e-5,7.34652489114454e-8,3.994443506716152e-7,1.049331547406785e-6,2.9876170688287524e-9,2.051615969249188e-8,1.2297285966226212e-7,9.654774113200199e-7,3.906190317864603e-9,1.896172318548648e-8,1.7580500131120875e-7,3.0089249427436616e-6,3.946999518060605e-9,2.0402202410117932e-8,1.381024898745144e-7,1.7697345582705533e-6,3.6149449064895262e-9,2.0083705021498108e-8,7.205313437887215e-7,1.1522067911179353e-6,4.0869689086963934e-9,1.8424936771568973e-8,1.4956384384579148e-7,1.1125321820551764e-6,3.571007261210054e-9,1.8939637138327964e-8,1.5783598961027628e-7,2.8997124687639444e-6,3.874471413305559e-9,2.040568207584792e-8,1.7833928027666717e-7,7.543285545628058e-7,3.6615874549684405e-9,1.7226690591803123e-8,5.704459819333353e-8,7.999499725665635e-7,3.052316912864691e-9,1.9717155137147806e-8,9.028891584314839e-7,1.8193825951981087e-6,2.855362466688073e-9,2.3796745871195567e-8,2.909645802437326e-8,9.792859721435433e-7,1.776679130118741e-6,3.642039835688529e-9,2.047183523373846e-8,0.00030789266636330025
t358,2.9638802327505055e-7,1.2453756841954296e-6,6.45015177373368e-7,3.0752577650943146e-6,5.557615351232071e-6,5.919358318873752e-8,2.070406614660804e-6,4.179415724531776e-6,2.2998031969133676e-6,3.773870538426294e-6,0.0,1.0021329428262495e-6,6.755072986046839e-9,1.8151399795449815e-6,1.5138092071529463e-6,6.809254132819602e-8,9.570630755928321e-7,2.4406709314443407e-6,6.671924800739046e-7,2.4047664526373886e-6,0.0,3.247964936034715e-7,8.355566353992372e-6,5.085134008538364e-6,8.72986899210361e-6,3.45505430219049e-6,3.943489956173779e-7,6.8606827400526066e-6,3.5698856559272153e-6,3.2227671597895557e-6,9.387559981806315e-7,5.5268445324824195e-6,3.5885671381488553e-6,0.0,1.3622151704146928e-6,3.952904559063296e-7,2.765376143170579e-7,4.01962524330477e-6,1.997964497686629e-6,7.810563358316576e-7,4.612228183505513e-8,3.723727283439648e-9,2.0567040124285582e-7,1.2933542692973494e-6,2.1721981857530272e-7,7.668953626049287e-6,1.7017806269366615e-6,2.5908222994721615e-6,5.676468631877304e-6,5.062888532608185e-8,3.871116937655144e-7,1.0824683126835484e-6,2.9825667648695263e-9,2.041899148764178e-8,1.1111295302342804e-7,8.753239779109649e-7,3.894221021777203e-9,1.8658358511598042e-8,1.5152460254031296e-7,1.8017086231167778e-6,3.945823001678169e-9,2.013298888737933e-8,1.2426022401686143e-7,1.3952327983250705e-6,3.6122953661829075e-9,1.983104637565089e-8,3.70797700354414e-7,1.0251889132609783e-6,4.085747051569487e-9,1.8238108157244688e-8,1.3318978974660765e-7,9.979216379985017e-7,3.574745554701731e-9,1.870791788400426e-8,1.3817395991957604e-7,1.788367316806723e-6,3.865460703866249e-9,2.0085596999643286e-8,1.5352084027366172e-7,7.050169496742609e-7,3.6573273083946207e-9,1.6986860220971057e-8,5.5040217903748766e-8,7.451587130470318e-7,3.046679493998398e-9,1.942689858194926e-8,3.862530714978316e-7,1.324653257742002e-6,2.8413187998460417e-9,2.308512742357494e-8,2.7522940102532347e-8,3.0051262526008727e-7,1.1377302765352074e-6,3.6104358727121393e-9,1.9660415304028707e-8,0.00012788981092474064
t359,2.902292938217318e-7,1.2245038775604974e-6,6.418728873800928e-7,3.0550376767498434e-6,5.424704478115497e-6,5.781825488908101e-8,1.9641314042356305e-6,4.157779419802885e-6,2.2379108224112217e-6,3.598985669616765e-6,0.0,9.955832954053526e-7,7.0109777326198735e-9,1.769794838378631e-6,1.4934257299005515e-6,6.837086782299612e-8,9.496998980283716e-7,2.3341649531974796e-6,6.336537934138312e-7,2.2797206321307974e-6,0.0,3.0604716084490566e-7,8.27261615873149e-6,5.0443306887575664e-6,8.76963811225452e-6,3.2714941606505907e-6,3.7729256645082143e-7,6.7302855926162436e-6,3.4362693264202e-6,3.1413895642580426e-6,9.113440816957692e-7,5.455155804535116e-6,3.480916880527025e-6,0.0,1.334852997202443e-6,3.9206781867448044e-7,2.773018469842659e-7,3.969002619166803e-6,1.9783282096287237e-6,7.808644001265347e-7,4.552523042083265e-8,3.724024901175403e-9,1.962445126176956e-7,1.2723502785375355e-6,2.0993307339517738e-7,7.586170916417983e-6,1.7088138767458663e-6,2.631658876288615e-6,5.712727142967271e-6,4.908371111008954e-8,3.7891353496922047e-7,1.0984374711166227e-6,2.9794063059348333e-9,2.038458588674695e-8,1.1074638575536566e-7,9.053527121251564e-7,3.896383848537235e-9,1.87795229981502e-8,1.514578194257059e-7,1.7927729612884053e-6,3.974144228047483e-9,2.0363314268117535e-8,1.2455639065581545e-7,1.4541280077673297e-6,3.6353789538851304e-9,2.0059641977308167e-8,3.627611947727754e-7,1.0727178850010013e-6,4.124573461041314e-9,1.847276010755174e-8,1.332739387198108e-7,1.042490026589781e-6,3.59879936430697e-9,1.888685593400021e-8,1.379204953892185e-7,1.7809512626500573e-6,3.867956899070899e-9,2.0272839390268843e-8,1.528276673534275e-7,7.253768489471306e-7,3.6588066056202756e-9,1.7121615816342537e-8,5.5306431489153216e-8,7.679328779665502e-7,3.052144963691432e-9,1.962346225160665e-8,3.814200949935288e-7,1.381776940108907e-6,2.8385918373150955e-9,2.3099251964276956e-8,2.7472419059792596e-8,2.931361909625623e-7,1.2269358599611908e-6,3.6014075673206536e-9,1.9634637448558093e-8,0.0001263444199026678
t360,2.846999341474597e-7,1.202882655857935e-6,6.382412361139247e-7,3.0400226759048234e-6,5.302021972756728e-6,5.659612878282728e-8,1.8722946636158561e-6,4.134928205345557e-6,2.1802763459198568e-6,3.4062238123137576e-6,0.0,9.84692203197204e-7,6.749096156421535e-9,1.658818803018387e-6,1.4638677954573568e-6,6.378322711500363e-8,9.160268179333445e-7,2.1894984322233454e-6,5.849891997399707e-7,2.1334471354271364e-6,0.0,2.895917181709271e-7,8.174195658532933e-6,5.009917386847873e-6,8.807033848284739e-6,3.1069681971554642e-6,3.6157407843351596e-7,6.610528792016441e-6,3.3322165749627955e-6,3.0573283039220773e-6,8.824339910577273e-7,5.374951839337719e-6,3.3812056675244826e-6,0.0,1.307935036982076e-6,3.8722173930324426e-7,2.7640271226896436e-7,3.91961678820329e-6,1.9514060986315244e-6,7.793926319129198e-7,4.493401205388815e-8,3.727489977733946e-9,1.879718187583676e-7,1.2515700871471866e-6,2.021018371435953e-7,7.502007894947331e-6,1.7017230922453482e-6,2.655745736951396e-6,5.730798309724598e-6,4.7740618885578466e-8,3.714701557572063e-7,1.1045200755794547e-6,2.979793162987451e-9,2.038502713555169e-8,1.1074443468288408e-7,9.174414570964832e-7,3.903985222036862e-9,1.880419499128996e-8,1.4946350514698295e-7,1.7673019467250363e-6,3.939168207734308e-9,2.01462678395123e-8,1.2300108469112715e-7,1.4727382794344713e-6,3.605543601664889e-9,1.9834587994945906e-8,3.491260402729353e-7,1.0799266164441754e-6,4.090224663960046e-9,1.8280258658479868e-8,1.3166463770000154e-7,1.0483922197309463e-6,3.5651329611948984e-9,1.8700424219297487e-8,1.3792229871699765e-7,1.7731339031962125e-6,3.874061762691953e-9,2.0303112940577846e-8,1.5261350035900674e-7,7.315554388335504e-7,3.6630478835908474e-9,1.7121435632075968e-8,5.5361735873822715e-8,7.751066079595737e-7,3.052663592016161e-9,1.960454699585503e-8,3.774139670877529e-7,1.418854730422638e-6,2.839632328668815e-9,2.3127923670482233e-8,2.7463142759496024e-8,2.871898404189795e-7,1.2791861897061777e-6,3.5970613429818978e-9,1.9630050035145005e-8,0.0001243549422558493
t361,2.7967709019498027e-7,1.1811311877117588e-6,6.35260011653917e-7,3.0303908354581683e-6,5.191516800143824e-6,5.548112853541103e-8,1.7766660070486598e-6,4.1073081389391335e-6,2.122724688847969e-6,3.246569413028769e-6,0.0,9.746116210059441e-7,6.650010017980344e-9,1.5730712240759867e-6,1.4409295770593227e-6,6.104916744073462e-8,8.950272275711527e-7,2.0779605118251035e-6,5.489084025061782e-7,2.0203051725584574e-6,0.0,2.7378811051510847e-7,8.042255550053671e-6,4.975103567851289e-6,8.83050704109161e-6,2.9486080272306204e-6,3.4442611672237205e-7,6.472966873612437e-6,3.2364440287281837e-6,2.968843839122609e-6,8.520315835551036e-7,5.279830067779908e-6,3.2845134848894903e-6,0.0,1.2774146027300576e-6,3.793567077863651e-7,2.749179600580335e-7,3.8688187989979885e-6,1.9157199624243423e-6,7.763747016686378e-7,4.4272055703787283e-8,3.7296541168572385e-9,1.8047875933121769e-7,1.2298544446068832e-6,1.9424156087792788e-7,7.420758027132626e-6,1.6839830564935867e-6,2.6637123936682793e-6,5.724184011046365e-6,4.6541390443023786e-8,3.653505628025653e-7,1.1043358772900285e-6,2.9813926470046973e-9,2.041905933664095e-8,1.099327373801552e-7,9.186677622808431e-7,3.886344340946603e-9,1.849108786315155e-8,1.4893588856924783e-7,1.7564581555790497e-6,3.917577466538105e-9,2.0073645055934232e-8,1.2261022820621313e-7,1.4881187739212654e-6,3.587368509690045e-9,1.977067544346898e-8,3.4022687320374166e-7,1.087871741826903e-6,4.074492433925637e-9,1.8259073298845018e-8,1.312483814133733e-7,1.0529655432516416e-6,3.543869723352243e-9,1.8646230859413738e-8,1.36941865786937e-7,1.7631078117430783e-6,3.850347964428138e-9,2.0017445597882467e-8,1.5143518099787953e-7,7.306662905683256e-7,3.645048889228855e-9,1.6839194379273632e-8,5.499255633939727e-8,7.739802373905498e-7,3.0393313895529667e-9,1.929204558722952e-8,3.737058708247884e-7,1.441061780195653e-6,2.841714043440554e-9,2.3177974563570598e-8,2.7523856648942622e-8,2.8191861804451093e-7,1.305808238788467e-6,3.596015665944405e-9,1.967144083912069e-8,0.00012234040080281398
t362,2.7677600372635e-7,1.1804235908069833e-6,6.441971158316502e-7,3.049404680117545e-6,5.16726997419697e-6,5.489100498299525e-8,1.7261596218117647e-6,4.108370723215937e-6,2.102509174570738e-6,3.176846044063759e-6,0.0,9.677105304503047e-7,6.545228800389241e-9,1.5194404479767417e-6,1.4277824743144246e-6,5.94449430149928e-8,8.844231222964995e-7,2.0240321677651375e-6,5.261737610276412e-7,1.9658013954947693e-6,0.0,2.6862345734453973e-7,8.017513660169837e-6,4.965160704328437e-6,8.885568203015836e-6,2.9111386177508547e-6,3.4038074753091167e-7,6.442613309587098e-6,3.1865453362924513e-6,2.9566406605057976e-6,8.553336407666844e-7,5.2680471036379e-6,3.2498712826496686e-6,0.0,1.2549102084601841e-6,3.7387592532879966e-7,2.733203387018103e-7,3.831337286518386e-6,1.8825132846648579e-6,7.731978372224381e-7,4.363156688087386e-8,3.728981566894838e-9,1.7850140304081965e-7,1.2359980648634077e-6,1.945992802263191e-7,7.441384771280209e-6,1.706944287821945e-6,2.706172512888168e-6,5.817490129698012e-6,4.611521317020773e-8,3.6880673424032987e-7,1.1037443141325894e-6,2.977434468724456e-9,2.0362856778157954e-8,1.0798745964432315e-7,9.183422928090921e-7,3.872569446569604e-9,1.8086817292835195e-8,1.4702307842965357e-7,1.7608489841861418e-6,3.912901934593558e-9,1.9828759455351113e-8,1.2089618968671915e-7,1.5061912855075592e-6,3.585993236317591e-9,1.9553309616459543e-8,3.3524568365326897e-7,1.0940175920782407e-6,4.072040205120913e-9,1.8075178003289415e-8,1.2940206320260925e-7,1.0567709014056083e-6,3.539588492602991e-9,1.8452112103174305e-8,1.3417273777529166e-7,1.769542261776361e-6,3.8346447727618045e-9,1.9628673027329748e-8,1.4926840401052893e-7,7.297797760646456e-7,3.628484006391383e-9,1.6494900819574278e-8,5.3911069900157945e-8,7.72580850551607e-7,3.0317971924899083e-9,1.8898629962073928e-8,3.72602007383767e-7,1.4574510940813557e-6,2.8421297475632313e-9,2.3154502126328057e-8,2.7624784178482155e-8,2.8704391234563403e-7,1.3417536056582157e-6,3.5977247977413086e-9,1.9719298832308472e-8,0.00012197551724939885
t363,2.7739292464615886e-7,1.2104065856028219e-6,6.707502834584487e-7,3.1128600831550024e-6,5.256999757375089e-6,5.4987868455479996e-8,1.7066513847704903e-6,4.118901955651023e-6,2.098358529033345e-6,3.1466105527917575e-6,0.0,9.639637853069256e-7,6.487458550992853e-9,1.5119986855648036e-6,1.423930888417825e-6,5.857401865185157e-8,8.841283908562835e-7,1.9996115845160463e-6,5.206979542757687e-7,1.942151372826954e-6,0.0,2.7042607619260034e-7,8.072567123106297e-6,4.964874553056893e-6,8.958593039460402e-6,2.9321547052541996e-6,3.439905574131456e-7,6.480286226100094e-6,3.1812791776790817e-6,2.989029573594268e-6,8.747692415432577e-7,5.302474266170254e-6,3.259932114401975e-6,0.0,1.2379962347864156e-6,3.689994624618705e-7,2.722823510161457e-7,3.812188842866107e-6,1.8575110080874135e-6,7.709601544791022e-7,4.3108274434821736e-8,3.731404287253103e-9,1.768959369914502e-7,1.243233837612094e-6,1.9454171079041534e-7,7.463833340565648e-6,1.7177861650583155e-6,2.7386062260555063e-6,5.8986711249736405e-6,4.579980936675281e-8,3.855874382087066e-7,1.108694643495302e-6,2.9768711503480067e-9,2.0394629927136545e-8,1.0925090423952822e-7,9.229156898357906e-7,3.880239323520026e-9,1.8276453255204188e-8,1.482174567018291e-7,1.7615295638256212e-6,3.905366524767974e-9,1.982697039431942e-8,1.2152751703984572e-7,1.5115319733095373e-6,3.581114582112994e-9,1.95421992286801e-8,3.394688384356686e-7,1.0896535554930514e-6,4.062876719858669e-9,1.8061393674075677e-8,1.3018344998694634e-7,1.0524695526905101e-6,3.5284246871199702e-9,1.845331100714301e-8,1.3598658092277614e-7,1.788352848698417e-6,3.844848342403997e-9,1.98471352872202e-8,1.5162347582021775e-7,7.329967448736327e-7,3.6446146637364302e-9,1.666583670894075e-8,5.4251082450149837e-8,7.759684144388297e-7,3.033352433152647e-9,1.90501541777782e-8,3.747791969104212e-7,1.4709269384271914e-6,2.84568142048371e-9,2.318379069128419e-8,2.7871028452724887e-8,2.9377186507924084e-7,1.3667640462524912e-6,3.607513452188338e-9,1.9864344119887457e-8,0.00012254838652907228
t364,2.8026754673297467e-7,1.2629412067117025e-6,7.118113610348259e-7,3.2080087718234615e-6,5.421105139490419e-6,5.5536171444276126e-8,1.6898788300814314e-6,4.127640663953472e-6,2.0947776801397356e-6,3.129233605320797e-6,0.0,9.615737864999604e-7,6.615677625586461e-9,1.5294190203913924e-6,1.424664478984951e-6,5.853311978095775e-8,8.973213323814207e-7,1.984669788050711e-6,5.237846322125061e-7,1.929319023216781e-6,0.0,2.7304699175702523e-7,8.12948742336364e-6,4.964278725590671e-6,9.02451887120998e-6,2.961294919626374e-6,3.469335564799377e-7,6.4903707433832545e-6,3.1806208029105887e-6,3.032122968578022e-6,8.98270109725476e-7,5.3246065414645905e-6,3.272508934264683e-6,0.0,1.2204880674311788e-6,3.633835950471339e-7,2.708520378421533e-7,3.79283603972437e-6,1.8323836449568796e-6,7.687543422241356e-7,4.25897249335275e-8,3.7353925380252415e-9,1.7533843279360373e-7,1.2498958062835067e-6,1.9347696388730045e-7,7.485454283208472e-6,1.716141263615833e-6,2.7610388372725003e-6,5.963183042953094e-6,4.550521143430431e-8,4.06355122609341e-7,1.1152954515084185e-6,2.9788347241746503e-9,2.047632086179439e-8,1.1055112066888297e-7,9.254400723623293e-7,3.901551515598771e-9,1.8489351157811744e-8,1.5154119909596854e-7,1.776806150165104e-6,3.891452946212782e-9,2.0062776856807245e-8,1.2382212925057286e-7,1.5304301650524494e-6,3.5644208819892095e-9,1.975746779857469e-8,3.4817485290886063e-7,1.0997876134234077e-6,4.051561859539436e-9,1.8260398773957615e-8,1.3269388136039778e-7,1.063000116430391e-6,3.5200413035795664e-9,1.863088480074814e-8,1.3797638261081401e-7,1.8044991710421804e-6,3.861184028279065e-9,2.0103067622282657e-8,1.5412743239082407e-7,7.349950798671106e-7,3.6703694717218703e-9,1.686249310431107e-8,5.467866475744283e-8,7.779722020672543e-7,3.050698753431412e-9,1.928509977720689e-8,3.776615773851067e-7,1.4802748663078426e-6,2.850837988312687e-9,2.3276076834863113e-8,2.820190593541727e-8,3.0127783036693867e-7,1.38361202408939e-6,3.6216486142925864e-9,2.006436328267153e-8,0.00012335362502499225
t365,2.8347020640412126e-7,1.3219937243602585e-6,7.5900913122629e-7,3.312505308392676e-6,5.598064356154797e-6,5.6152294843348294e-8,1.6695225730103835e-6,4.1354743289474035e-6,2.091604733916697e-6,3.113183280629118e-6,0.0,9.57884422543881e-7,6.909027407781482e-9,1.5563542345174432e-6,1.427842007340568e-6,5.908924505600263e-8,9.1489687789075e-7,1.9712969473163555e-6,5.272085143314756e-7,1.914139041642965e-6,0.0,2.7552019056622244e-7,8.178033613341806e-6,4.964707783693536e-6,9.090806950299761e-6,2.99646747935133e-6,3.499347654820085e-7,6.453377794149111e-6,3.189330149511488e-6,3.080143328419584e-6,9.22849845774199e-7,5.310671244302102e-6,3.2861419177497593e-6,0.0,1.202156358851069e-6,3.56826698719953e-7,2.6892901580940265e-7,3.7705080371734575e-6,1.8031584247638608e-6,7.666853457176266e-7,4.207497821194858e-8,3.740071076843673e-9,1.736225316393024e-7,1.2538732382169962e-6,1.9126089498528084e-7,7.500784406004425e-6,1.6970311568370915e-6,2.7713631269247246e-6,6.0033638011642595e-6,4.519177480903816e-8,4.2980644452484446e-7,1.1196862377196508e-6,2.981015616334696e-9,2.0576442867767222e-8,1.1161027729741748e-7,9.302451133768234e-7,3.9348175987700055e-9,1.8699666433289224e-8,1.5382768585992512e-7,1.7907169397713937e-6,3.937224436132741e-9,2.0274169282814876e-8,1.252811007378748e-7,1.5433770141661821e-6,3.597772867069133e-9,1.9933680160371202e-8,3.5519972780926144e-7,1.108291879506936e-6,4.100916973995983e-9,1.844523622497409e-8,1.342912157169378e-7,1.0716026618860573e-6,3.560316046201502e-9,1.8780989033778295e-8,1.398041280960851e-7,1.822060476033459e-6,3.888167059857528e-9,2.036448959765624e-8,1.5631748397956937e-7,7.384823138938005e-7,3.706306228853824e-9,1.7076622578486955e-8,5.502881800748134e-8,7.812469897150486e-7,3.0763673403228986e-9,1.9496072219585183e-8,3.8090647814565856e-7,1.484474850610668e-6,2.858498904420483e-9,2.336562272987804e-8,2.8514839557613435e-8,3.0813262467049745e-7,1.3936280535224066e-6,3.637586806242324e-9,2.0260658655266315e-8,0.00012404424117374617
t366,2.8622087404533524e-7,1.387727870846274e-6,8.121098618416393e-7,3.4246418372064806e-6,5.781874737962432e-6,5.6686344460024486e-8,1.6113505757304244e-6,4.136843874004521e-6,2.0834564860594197e-6,3.0486387634682525e-6,0.0,9.501327540509495e-7,6.657324517629078e-9,1.5222881409193643e-6,1.4144774809791832e-6,5.725697008682917e-8,9.018988705474981e-7,1.9044424755822318e-6,5.204432286476461e-7,1.8542943115729602e-6,0.0,2.751192099640402e-7,8.14869288070538e-6,4.965151803887614e-6,9.15149140918681e-6,2.9918656382102257e-6,3.451539198988255e-7,6.248785245044913e-6,3.1567171836649793e-6,3.1030998358990115e-6,9.289608277585072e-7,5.154022310617873e-6,3.2611169164755e-6,0.0,1.1858695139838953e-6,3.505349518550158e-7,2.6593450021913194e-7,3.7401385732022563e-6,1.76984248034978e-6,7.641051917512596e-7,4.1533386911711684e-8,3.742443860066523e-9,1.7216880308719657e-7,1.2541542814859558e-6,1.896244745556233e-7,7.509251361876652e-6,1.6818580080581777e-6,2.7681143581021717e-6,6.011208858247003e-6,4.4882570418180015e-8,4.549762184065153e-7,1.1216788637309874e-6,2.9751792211040834e-9,2.056938325263924e-8,1.1018121629602217e-7,9.238859777076659e-7,3.901047452993022e-9,1.8236623552407696e-8,1.5142532002684596e-7,1.776693254215437e-6,3.919935148664408e-9,1.9798715671896414e-8,1.2325335043625391e-7,1.523148923249029e-6,3.5851504487070864e-9,1.9492147741075045e-8,3.532780725370117e-7,1.0930948895079207e-6,4.084216219532585e-9,1.801686460298653e-8,1.32252909686097e-7,1.0556820002286996e-6,3.545465330120841e-9,1.840749844360757e-8,1.3843428209139287e-7,1.8214581846442033e-6,3.884780624332143e-9,1.979116906335633e-8,1.548853029245912e-7,7.341426025300808e-7,3.666042601587843e-9,1.6665555614795835e-8,5.4251626841538034e-8,7.758919243575053e-7,3.0463978863193487e-9,1.897931753026497e-8,3.8329513609846227e-7,1.4825016409892873e-6,2.8605908975290116e-9,2.3309819986079398e-8,2.8558958870443794e-8,3.1354720007184836e-7,1.398556008660165e-6,3.6464243283290914e-9,2.027381696777263e-8,0.00012360231372850097
t367,2.88261708449446e-7,1.4655060327288336e-6,8.73648285747412e-7,3.5605468290554684e-6,5.995153107310658e-6,5.711820715656138e-8,1.5486052390236872e-6,4.14040223824692e-6,2.079839900229173e-6,3.0072075299790967e-6,0.0,9.435042390904638e-7,7.096193217067127e-9,1.5454150655551682e-6,1.4149978527560894e-6,5.847539000223637e-8,9.318268067016987e-7,1.864211271523119e-6,5.26942261912366e-7,1.7873249628212577e-6,0.0,2.7841324866772226e-7,8.198527730358038e-6,4.964870595798819e-6,9.221257654971108e-6,2.957975220408819e-6,3.5671725667902055e-7,6.000408985052897e-6,3.0747227454396306e-6,3.1407697971312877e-6,9.498174742515408e-7,4.762667373272618e-6,2.9871228176902817e-6,0.0,1.1625542503113292e-6,3.4613605099996005e-7,2.619772464244077e-7,3.6833970933637165e-6,1.7263371643541479e-6,7.615212189860524e-7,4.0968799776309336e-8,3.750451386140252e-9,1.7117902463164706e-7,1.259610926335976e-6,1.9251926974334058e-7,7.524956640535967e-6,1.6828335328395465e-6,2.7598705539378512e-6,6.004232426911636e-6,4.455891476092312e-8,4.84100315129796e-7,1.12528681024728e-6,2.960088853184666e-9,2.066264294710702e-8,1.1187922098556034e-7,9.176192346996159e-7,3.9151267641416085e-9,1.956553701476247e-8,1.5485855901024215e-7,1.7831584335427186e-6,3.979716809425848e-9,2.1218404742812516e-8,1.2565782406517074e-7,1.5244759420586413e-6,3.6263277295752447e-9,2.0864178058841024e-8,3.6521545033261813e-7,1.1032465554683176e-6,4.148803381883496e-9,1.9300296523303846e-8,1.3484050731604278e-7,1.0652327852014365e-6,3.5954076985169894e-9,1.9693315288361128e-8,1.4252094796551838e-7,1.8094834409427884e-6,4.160284183376407e-9,2.169663487974837e-8,1.5815122172748897e-7,7.288061057138931e-7,3.662751309476323e-9,1.817101677461348e-8,5.505345507192017e-8,7.719349209065214e-7,3.047351855213855e-9,2.057302116226995e-8,3.8303867274048496e-7,1.4711044990509828e-6,2.8627083538715802e-9,2.3291066814518864e-8,2.8725967437252716e-8,3.190465688185258e-7,1.4027392602553817e-6,3.65340363283982e-9,2.0383765886787013e-8,0.00012304696613588028
t368,2.876887711429682e-7,1.5580639000153038e-6,9.661092911097277e-7,3.668392443994404e-6,6.228985003082524e-6,5.752484004754452e-8,1.5620562723801194e-6,4.128859172470398e-6,2.0685630116279125e-6,2.929770652840454e-6,0.0,9.483021335323257e-7,6.276948541982741e-9,1.5816230493025198e-6,1.3995962172662716e-6,5.48519344177533e-8,8.912808430993157e-7,1.889994265031564e-6,5.321957820605167e-7,1.82734476773527e-6,0.0,2.7946495593309284e-7,8.110623873353452e-6,4.9696632118960614e-6,9.260190894622912e-6,3.0625085704242126e-6,3.646976302992923e-7,6.569179310420075e-6,3.181615555601956e-6,3.063791675651598e-6,9.712813040120608e-7,5.5872972706664365e-6,3.3288558722492526e-6,0.0,1.1500809079583478e-6,3.5701221210342846e-7,2.590622188474599e-7,3.645102756959394e-6,1.72370539112847e-6,7.612206739132147e-7,4.0645292069074734e-8,3.771064900945973e-9,1.6884076292858497e-7,1.256873539605964e-6,1.9514508334676883e-7,7.513849556506971e-6,1.723156247033517e-6,2.7278978648894494e-6,5.935721135344838e-6,4.387583888988884e-8,5.100650816303864e-7,1.1223288746721977e-6,3.0023964834625056e-9,2.0612494093637886e-8,1.0980457723712969e-7,9.133627787460366e-7,3.8476456486184706e-9,1.8245044374727604e-8,1.5269191296024062e-7,1.7935450629649317e-6,3.820863215392461e-9,2.0018109616001984e-8,1.2433394564061808e-7,1.5095282960368451e-6,3.512384589006498e-9,1.9733777860684817e-8,3.640647420914732e-7,1.0896474583948898e-6,3.969851034394883e-9,1.820277002162383e-8,1.3338019900809862e-7,1.051929163667526e-6,3.452981959153154e-9,1.859755695611605e-8,1.3807718103077379e-7,1.8404601379776924e-6,3.843306587856095e-9,1.9557362664932293e-8,1.5464128126646106e-7,7.284147541852702e-7,3.686194576321072e-9,1.6725236987518747e-8,5.416357320334468e-8,7.664075845015557e-7,3.0397939375454798e-9,1.9167593842114028e-8,3.8376045403473226e-7,1.4654433585123937e-6,2.8674651836336918e-9,2.331277939556281e-8,2.8612281478561858e-8,3.1853581567297546e-7,1.3898806672558212e-6,3.641636188850224e-9,2.03157761308894e-8,0.00012523886217477364
t369,2.8426515156716434e-7,1.5595070817990562e-6,9.78755178727934e-7,3.7176590352701783e-6,6.16351465522146e-6,5.635573463606713e-8,1.506120203977255e-6,4.099524589032205e-6,2.0346636806828684e-6,2.822570249932382e-6,0.0,9.401618178496647e-7,6.342156416182938e-9,1.581364568381614e-6,1.393038559896781e-6,5.3662383792694434e-8,9.041883726553654e-7,1.805395999172448e-6,5.282950945645597e-7,1.7623309869275593e-6,0.0,2.7284102949155384e-7,8.006492211957212e-6,4.946916147124092e-6,9.285325693434392e-6,2.9991340143898716e-6,3.6979415513681744e-7,6.177025432615604e-6,3.17735109229635e-6,3.0544309641852406e-6,9.669036778365862e-7,5.239935001029527e-6,3.257589325063585e-6,0.0,1.1305049294074538e-6,3.62505089048759e-7,2.557111587535403e-7,3.5902502126162592e-6,1.7092901627550644e-6,7.618216262488546e-7,4.004327493941299e-8,3.799150056899181e-9,1.647402573556971e-7,1.2381838866914438e-6,1.9435139534914666e-7,7.446864959353954e-6,1.7231206462500098e-6,2.655366433704677e-6,5.766109711638682e-6,4.300113377567593e-8,5.188744811034472e-7,1.1063868207975137e-6,2.9938023079658838e-9,2.0714891726707188e-8,1.1029142193449551e-7,9.118741321548256e-7,3.802643726226529e-9,1.8746708764931717e-8,1.5380292085039968e-7,1.7812385692311157e-6,3.774321104848964e-9,2.0567434175039647e-8,1.2541704936684556e-7,1.4833829791053443e-6,3.474517413725341e-9,2.0249264649882382e-8,3.644575268623388e-7,1.089189649673767e-6,3.92533994277872e-9,1.8700575025709912e-8,1.3453625190305408e-7,1.0547206001012251e-6,3.420406927653591e-9,1.906923636773509e-8,1.3977404238564522e-7,1.8274939558414303e-6,3.78640975120783e-9,1.997088579875085e-8,1.559820439278972e-7,7.31711124433257e-7,3.62617222521364e-9,1.7253774192162087e-8,5.4833532946747065e-8,7.7126313012544e-7,2.9887516955942356e-9,1.96614113304866e-8,3.8129872019902513e-7,1.4478131189488106e-6,2.866416766765702e-9,2.338877838807185e-8,2.860252683897216e-8,3.109848054249015e-7,1.3591308854501836e-6,3.6427084227614657e-9,2.0342086695358465e-8,0.0001233371451000161
t370,2.8236595910443595e-7,1.598341187410301e-6,1.0217766001380676e-6,3.7934006580613955e-6,6.2069437111035266e-6,5.59212291657263e-8,1.4557919321645762e-6,4.0905891609616635e-6,2.04079389762796e-6,2.739793335751147e-6,0.0,9.30806489923169e-7,6.315460225163747e-9,1.547358436249719e-6,1.376700047629306e-6,5.2913023777566375e-8,8.881245282127314e-7,1.7127746150803526e-6,5.223165716830578e-7,1.688934127076471e-6,0.0,2.734005382597015e-7,7.953256667899611e-6,4.953876666524561e-6,9.34201747191339e-6,2.9999647958636885e-6,3.7135622876362883e-7,5.935611702763375e-6,3.1741868826391195e-6,3.0741724200161415e-6,9.775336987911864e-7,5.088437231796832e-6,3.22303220071875e-6,0.0,1.117838406363924e-6,3.569096395233786e-7,2.4767976617172185e-7,3.5262696758820737e-6,1.64117818740534e-6,7.530140285943881e-7,4.018099481765825e-8,3.743571119395109e-9,1.6331768580771492e-7,1.2297541216011153e-6,1.955273994871975e-7,7.4280877696986955e-6,1.7162724379147425e-6,2.58904315394251e-6,5.642277591259969e-6,4.250061432078119e-8,5.378313799940165e-7,1.0884052525509609e-6,2.988537928915109e-9,2.0595585451536345e-8,1.0735691514007811e-7,8.878789979253182e-7,3.8274244789917885e-9,1.81019292124596e-8,1.4786924181163802e-7,1.7546581475058204e-6,3.814660348142146e-9,1.9639119795565038e-8,1.20780961649637e-7,1.426309277673682e-6,3.508492872284973e-9,1.9358039719038602e-8,3.581528961043739e-7,1.050606162051176e-6,3.967468555461418e-9,1.7832568430414994e-8,1.296634626928534e-7,1.0196444772122472e-6,3.4500947604282353e-9,1.828526230680346e-8,1.3649299014442864e-7,1.8190266731240196e-6,3.8168583592991635e-9,1.94473009270146e-8,1.526754238642928e-7,7.195341265744484e-7,3.6245577126956134e-9,1.672006612584039e-8,5.382624426048003e-8,7.577836428919922e-7,3.018583438731867e-9,1.9007063508379063e-8,3.845305474081526e-7,1.4001136198739452e-6,2.881188879822073e-9,2.3028283430089522e-8,2.8081882783957714e-8,3.118542917414082e-7,1.3299639193869565e-6,3.632891660182294e-9,1.9991895312501924e-8,0.00012204598092878742
t371,3.000822357691525e-7,2.1340884189098245e-6,1.5103108340099635e-6,4.282617156139574e-6,7.39523185452756e-6,5.966841808323894e-8,1.6812272462916748e-6,4.365137718150439e-6,2.1755945923719744e-6,3.129813365406448e-6,0.0,9.521374031558554e-7,6.4163463858897e-9,1.7835578343391612e-6,1.457203357772413e-6,5.571277609185021e-8,9.915802933706495e-7,1.955789655816282e-6,6.077955604876718e-7,1.9447905598673344e-6,0.0,3.2448089441112525e-7,8.843997311501546e-6,5.11540752102487e-6,9.637715861343173e-6,3.6774170647309697e-6,4.466432666381862e-7,6.605784308326933e-6,3.5827228512772487e-6,3.640420548075898e-6,1.16450134534366e-6,5.654748500107504e-6,3.690359222666286e-6,0.0,1.2991164583584158e-6,4.2288213668875293e-7,2.6625077579474015e-7,3.929321930567663e-6,1.851078471658138e-6,7.823709377955708e-7,4.191286894698195e-8,3.77087219370481e-9,1.6809105170871444e-7,1.2780884255506923e-6,2.0413361034157811e-7,7.573426724236561e-6,1.7696919719879974e-6,2.59122930033132e-6,5.72144662139328e-6,4.299317674442753e-8,6.087455279344896e-7,1.1192053661325507e-6,2.9868286245421147e-9,2.0679838665794917e-8,1.1079458084016146e-7,9.115217532445191e-7,3.812961076780453e-9,1.843726338178639e-8,1.5350314475092172e-7,1.8707609436941232e-6,3.764477262281048e-9,1.9794963565942084e-8,1.244119668337518e-7,1.4754549869808604e-6,3.4574008925166616e-9,1.94873894765642e-8,3.9370575371492725e-7,1.0763462487995688e-6,3.909680916860963e-9,1.7900098483493338e-8,1.3374087962620888e-7,1.045613109605562e-6,3.408442331179016e-9,1.8376701154079333e-8,1.4115066926480567e-7,1.943616669618442e-6,3.8015279450930355e-9,1.9775846431054685e-8,1.5846284896275913e-7,7.311520635717674e-7,3.6024009300853656e-9,1.699240564458149e-8,5.462425276330552e-8,7.709198718483106e-7,2.995832161234316e-9,1.9315394467928295e-8,4.285504285958807e-7,1.4551761829911927e-6,2.875417419576542e-9,2.328187285816322e-8,2.8371743598287414e-8,3.288553171351606e-7,1.3325624443812846e-6,3.6474964219505223e-9,2.019583550876132e-8,0.000133768506487202
t372,3.202929014025137e-7,3.245300110441367e-6,2.9727509800977876e-6,4.91949386991934e-6,9.188146671441247e-6,6.405033105700307e-8,1.983241451258491e-6,4.670778437262544e-6,2.325433756277449e-6,3.6584089595645784e-6,0.0,9.747316935169383e-7,6.585719812388396e-9,2.119395034353696e-6,1.5436645855903613e-6,5.933363192857734e-8,1.120719263676392e-6,2.283676827983102e-6,7.270806189486237e-7,2.295356438998737e-6,0.0,3.996404031009613e-7,9.98456390260664e-6,5.291684527701748e-6,9.94325148075366e-6,4.782802187057868e-6,5.59602862854099e-7,7.458325974404393e-6,4.129728991938253e-6,4.4812043975372494e-6,1.4384448259595817e-6,6.38301423791476e-6,4.329258689598616e-6,0.0,1.5700781577689355e-6,5.272098332586104e-7,2.902310340104914e-7,4.48772652330834e-6,2.149202474636202e-6,8.193502553755651e-7,4.4066397373289395e-8,3.832462088571037e-9,1.7822135929054784e-7,1.4289036982254305e-6,2.2107302143946468e-7,8.018581989791251e-6,1.9474922551225737e-6,2.732204689416156e-6,6.220726353338578e-6,4.5162949189288874e-8,7.021530811810491e-7,1.1472990529293455e-6,2.987160451064217e-9,2.0782789879633955e-8,1.1357887416574962e-7,9.120537872893589e-7,3.8135655607139294e-9,1.8591059368726958e-8,1.574739546524409e-7,1.9904488301111044e-6,3.735468812176533e-9,1.960286686017618e-8,1.266198623640452e-7,1.5030311450697316e-6,3.4219507954850038e-9,1.9262604906003025e-8,4.307566039197113e-7,1.0804341678987242e-6,3.869638045281273e-9,1.7641395991684978e-8,1.3628569353645525e-7,1.0500202034540196e-6,3.376806473515794e-9,1.8150136995772747e-8,1.4503627295086331e-7,2.07187181783462e-6,3.796653036908884e-9,1.9888846701869335e-8,1.6360169477156463e-7,7.283432120949137e-7,3.5964616843566253e-9,1.7091633955293377e-8,5.505500880637623e-8,7.686105942344866e-7,2.978289067020523e-9,1.93813710606631e-8,4.815003107546358e-7,1.5068284636215089e-6,2.8560584943405565e-9,2.349245873476186e-8,2.8892744008743098e-8,3.561311473592771e-7,1.3764849046461468e-6,3.6626347896009327e-9,2.0524510471879973e-8,0.00015162904300838404
t373,3.2402879952067434e-7,3.922060596955846e-6,4.537912846750365e-6,5.211516236625085e-6,9.930685777999232e-6,6.496708927996527e-8,2.4083732602062793e-6,5.024965071554129e-6,2.500438731503179e-6,4.462988657775975e-6,0.0,1.001094196694416e-6,6.558880062587723e-9,2.5512520747369035e-6,1.652554968520348e-6,6.234634712334631e-8,1.2913060662002896e-6,2.8098398358731855e-6,9.062753192677875e-7,2.8533538114287235e-6,0.0,5.241915042630669e-7,1.1512218235986646e-5,5.489706469560294e-6,1.0266830060436307e-5,6.842187592638189e-6,7.475675039391923e-7,8.591784644521101e-6,4.8772878852929394e-6,5.8413727952488365e-6,1.879006151845482e-6,7.337653385027163e-6,5.2382194756585975e-6,0.0,1.991899363141837e-6,7.033219231568523e-7,3.1317354565490606e-7,5.226312396963324e-6,2.543946337828956e-6,8.464880251570552e-7,4.70236158223362e-8,3.790836267268567e-9,1.8866227516480153e-7,1.6009097100034094e-6,2.372861449885371e-7,8.516943550429237e-6,2.1477671531601906e-6,2.872847844997169e-6,6.7711960786815575e-6,4.728533346712235e-8,7.77545038476815e-7,1.1406317475596103e-6,2.995417998796615e-9,2.0887602097792138e-8,1.1628762928241319e-7,9.175542025867721e-7,3.828520759588481e-9,1.8634195036258277e-8,1.6306866146171933e-7,2.1520155779680316e-6,3.7986924931693e-9,2.009219914811222e-8,1.3028289938186718e-7,1.5390678760693912e-6,3.47734139988984e-9,1.976810671577818e-8,4.828324293756575e-7,1.09062703113568e-6,3.9487634382714865e-9,1.8184992944826353e-8,1.403978567440923e-7,1.0554383840958125e-6,3.427129675746515e-9,1.861415548990842e-8,1.493506557101422e-7,2.2561235386389897e-6,3.811841245450998e-9,2.005314106021089e-8,1.6852648223444526e-7,7.286210855035036e-7,3.5968443427063216e-9,1.703527236534165e-8,5.562637109153402e-8,7.723638325042095e-7,2.9883356803495056e-9,1.948571068919328e-8,5.466301094112884e-7,1.557521066967638e-6,2.8877059263320785e-9,2.3780919280373733e-8,2.8687711840288516e-8,3.826725878737592e-7,1.4063686809026272e-6,3.639254030856591e-9,2.0334491810510534e-8,0.00017274291049782642
t374,3.2733089646783337e-7,4.977114367685547e-6,9.090685338252433e-6,5.521467964566282e-6,1.0867517613176363e-5,6.58666041519793e-8,3.1288151834384362e-6,5.450001243847823e-6,2.715979471531273e-6,5.755811804786017e-6,0.0,1.0296609665852065e-6,6.693417312662057e-9,3.2511852379420802e-6,1.7862870869927149e-6,6.645565284606024e-8,1.5247643694694666e-6,3.679509283608223e-6,1.219016017943072e-6,3.8057699786370486e-6,0.0,7.693749777226079e-7,1.3822832455729272e-5,5.715142984314474e-6,1.063657139381528e-5,1.2272619736060844e-5,1.1683482873080121e-6,1.032033109010064e-5,5.99634131587238e-6,8.535691567900201e-6,2.7614053088724335e-6,8.742560858912637e-6,6.651435305029156e-6,0.0,2.734695911927902e-6,1.070899442699143e-6,3.454578404675532e-7,6.278844097195854e-6,3.1586856375512607e-6,8.793341278927191e-7,5.000953894609753e-8,3.781729050486035e-9,2.010305962914229e-7,1.8298508558661706e-6,2.596728086083668e-7,9.092689452581473e-6,2.4134976581747777e-6,3.036044516880882e-6,7.445537951898332e-6,4.972831943492867e-8,8.707687346399121e-7,1.1400018405761982e-6,2.998826390163982e-9,2.0912804792363072e-8,1.2127446905149493e-7,9.436130034874318e-7,3.898054306056081e-9,1.9373259486884045e-8,1.7113377291690906e-7,2.363892745897102e-6,3.8679999184855695e-9,2.1032334579757362e-8,1.3562586304477163e-7,1.5953536380532665e-6,3.5368896142197414e-9,2.064976474943602e-8,5.532813958957853e-7,1.107265786880249e-6,4.029498480535626e-9,1.9056118345448904e-8,1.4659881843785288e-7,1.074654876325311e-6,3.484871480671776e-9,1.9500342098885686e-8,1.5713993873186895e-7,2.544262532799219e-6,3.891062364988494e-9,2.0920825524186104e-8,1.7781175910224956e-7,7.525752333825201e-7,3.6677917472390845e-9,1.7735014654379582e-8,5.6991890041487736e-8,7.945267418196393e-7,3.0355936665400357e-9,2.0213763015803983e-8,6.34736264935851e-7,1.620770043445471e-6,2.887430796752496e-9,2.4205112517784296e-8,2.8685703124000516e-8,4.153528060259271e-7,1.4429904365156546e-6,3.620015767627106e-9,2.0284225798529237e-8,0.00020962445816157272
t375,3.3054838349669685e-7,6.915269043569095e-6,3.6683636527342736,5.861653454385297e-6,1.2112058025294574e-5,6.675695746070761e-8,4.3191920927702695e-6,5.942683062146471e-6,2.960580751113605e-6,7.936727608759308e-6,0.0,1.0545527899584855e-6,6.629142093401416e-9,4.392873164236583e-6,1.921348899877988e-6,6.984596265519023e-8,1.827825414359782e-6,5.150626426153755e-6,1.8039468868827274e-6,5.469763168919534e-6,0.0,1.3814750155864538e-6,1.7424658914145226e-5,5.948868694961252e-6,1.1005547094760104e-5,5.8022321834861734e-5,2.4240210036059996e-6,1.2993118911078294e-5,7.65637645946733e-6,1.5886944051929956e-5,5.130723494251803e-6,1.0831654776828565e-5,9.070076239477689e-6,0.0,4.350639597753203e-6,2.1874150038441754e-6,3.85801087978352e-7,7.865167036341402e-6,4.150073093150883e-6,9.131949922286338e-7,5.2897912233639996e-8,3.745958173120709e-9,2.15194588950426e-7,2.1485486076241456e-6,2.874128556220998e-7,9.757139334341008e-6,2.749031224021479e-6,3.2414924233994162e-6,8.323230137807813e-6,5.2511361617830205e-8,9.822212650827124e-7,1.146419974684146e-6,2.998996223003837e-9,2.0937370890427954e-8,1.2370112034570145e-7,9.451637666639875e-7,3.876415557559768e-9,1.9237872448305606e-8,1.768031253865847e-7,2.6164381343572837e-6,3.849059352380828e-9,2.118179749848403e-8,1.390990193349386e-7,1.65421175217854e-6,3.519729494200895e-9,2.084116021184974e-8,6.349429721563048e-7,1.125532292613228e-6,4.018201307515852e-9,1.9249409726507207e-8,1.504283451957142e-7,1.0870532604919923e-6,3.4663117922671008e-9,1.9623696933949188e-8,1.6157267718643553e-7,2.825567903869069e-6,3.864726845033625e-9,2.080126552867586e-8,1.8305448858683508e-7,7.558859553193106e-7,3.6376662763748043e-9,1.7541316481530034e-8,5.704657661659507e-8,7.976409061238746e-7,3.014368153480072e-9,2.0036732895356005e-8,7.508164310946967e-7,1.6868726149185495e-6,2.8589060439665152e-9,2.4315422142768057e-8,2.9203000668152374e-8,4.56750300471638e-7,1.4896226964809386e-6,3.6173945156881034e-9,2.0600446882935414e-8,3.668656494034061
t376,3.242635340082337e-7,7.077744524496258e-6,4.987534079032985,5.89019474711557e-6,1.2222968819272054e-5,6.561659734630606e-8,7.133249978518559e-6,6.557811761254121e-6,3.2615396613155518e-6,1.2991636893948894e-5,0.0,1.0791202013180233e-6,6.481757406605747e-9,6.732196271477542e-6,2.0641085802832127e-6,7.301197388329416e-8,2.2804703092418235e-6,8.772122192380175e-6,3.551929869817878e-6,9.65572449372993e-6,0.0,1.7079371414623683e-6,1.8310802229406564e-5,6.004791025095456e-6,1.1124905012247283e-5,0.00015662886096345333,3.217949440484716e-6,1.3478160014549066e-5,8.00339269180361e-6,1.8582400551632874e-5,6.346873007655862e-6,1.125778980606963e-5,9.603170685604986e-6,0.0,1.0203539344240776e-5,0.565250428485091,4.361653358099969e-7,1.0433198334401021e-5,5.985933353591578e-6,9.468230097576716e-7,5.62489161392484e-8,3.716982324433543e-9,2.3169415577545153e-7,2.5753095458088503e-6,3.151032645741645e-7,1.0506191740389275e-5,3.165577977374984e-6,3.5016975263586867e-6,9.46751652638297e-6,5.576191359592512e-8,9.770529902615003e-7,1.1358006193621744e-6,2.9996223984401586e-9,2.0914249596252956e-8,1.2617313094914814e-7,9.430879261620273e-7,3.852002549424206e-9,1.9018068320560486e-8,1.8085400366179176e-7,2.8884738753576526e-6,3.818941350498228e-9,2.0766022600435053e-8,1.4054866652087563e-7,1.6967127620699778e-6,3.4840895208874184e-9,2.0366684223746938e-8,7.351292126525397e-7,1.1275931730581945e-6,3.988749367062773e-9,1.884249984190608e-8,1.522884417013408e-7,1.0835308001346018e-6,3.4314709830309053e-9,1.9148245395993705e-8,1.6011995649810056e-7,2.899603379199832e-6,3.8243265527239545e-9,2.037240097351096e-8,1.8189479856490436e-7,7.37717178283e-7,3.600988301509896e-9,1.7198921990303646e-8,5.622116230933818e-8,7.786046703343934e-7,2.98969900517305e-9,1.961420409328782e-8,8.811887422756862e-7,1.7690505115670063e-6,2.8348485892705062e-9,2.3902010926930512e-8,2.8928437387496367e-8,4.991690880902217e-7,1.543008469430278e-6,3.6096918797052845e-9,2.034484870961321e-8,5.5532173808953225
t377,3.193522074423994e-7,7.423501169595909e-6,2.686559100266292,5.94205429857264e-6,1.2506842358689204e-5,6.462736636286112e-8,2.3183140153606326e-5,7.347523664688134e-6,3.589888468701916e-6,4.1118763902170254e-5,0.0,1.1052982240066227e-6,6.3603587786613125e-9,1.4517662235655382e-5,2.234299944181636e-6,7.754054078403316e-8,3.0169011807066935e-6,4.756282902335824e-5,0.0002307884817179171,4.3425652973421276e-5,0.0,1.5547245046948892e-6,1.8437016337901816e-5,6.008056272837692e-6,1.1166021181076913e-5,9.469910049848873e-5,3.1433814821293684e-6,1.3260400611718388e-5,7.727539625456625e-6,1.7813766295706143e-5,6.205084719725908e-6,1.1092119453386664e-5,9.270768570423002e-6,0.0,9.694710826170039e-6,0.8379043835117431,4.3404095266792857e-7,1.0252766402725179e-5,5.548679127915423e-6,9.424048772275035e-7,5.476644054493261e-8,3.6746768286349494e-9,2.3672542957702914e-7,2.7407435568511977e-6,3.2121367690899473e-7,1.076737589398864e-5,3.236349135077091e-6,3.556963139621043e-6,9.785300725743817e-6,5.591034752486266e-8,9.61902875096296e-7,1.13826872581294e-6,3.0037361404850637e-9,2.0971342177876038e-8,1.2903170452786985e-7,9.525487289864621e-7,3.833164584587458e-9,1.8803162506396823e-8,1.8545896537070664e-7,3.213336159450584e-6,3.821351660398764e-9,2.0388067806021566e-8,1.4243098659297372e-7,1.7619445663451478e-6,3.4800360101427525e-9,1.9964253057248085e-8,8.536300331380611e-7,1.1387309330622955e-6,3.993576646584818e-9,1.8473153209187927e-8,1.5455232322089118e-7,1.0884637781129626e-6,3.428795529050094e-9,1.8736354116703442e-8,1.5691127610494658e-7,2.9012245588450045e-6,3.792355177430999e-9,1.991852635941156e-8,1.7893636177271827e-7,7.205103069190534e-7,3.5702457110986744e-9,1.685202564214273e-8,5.522295953692454e-8,7.556852118404819e-7,2.9654105863336356e-9,1.9170886942078402e-8,9.197069045717331e-7,1.7292591336776873e-6,2.8100400510154978e-9,2.3820941003305053e-8,2.9260824460056995e-8,5.301221262784777e-7,1.5521134343017874e-6,3.6023410494739964e-9,2.0573765466397802e-8,3.5251872293289965
t378,3.144463154795095e-7,7.790481774103462e-6,0.7717090365593503,5.984163093023714e-6,1.2885828057840595e-5,6.359919178813175e-8,1.9550841497522133e-5,7.3759850110225354e-6,3.6661815789209027e-6,3.198983890701355e-5,0.0,1.0999356840247381e-6,6.378350377434628e-9,1.3362628172321353e-5,2.213160717560613e-6,7.620211758610949e-8,3.0043491852829994e-6,2.7789370735916322e-5,1.9344659512658996e-5,2.8848959431353e-5,0.0,1.4100080946017652e-6,1.8779506481224864e-5,6.006938672272824e-6,1.124401841295013e-5,5.533068533103847e-5,2.768096777446348e-6,1.3148977146909733e-5,7.384068123633537e-6,1.6964512351262066e-5,5.859805238187723e-6,1.1023585516645166e-5,8.888529226454368e-6,0.0,8.692894088269025e-6,1.1893082238042525e-5,4.2934242974941603e-7,1.001067197743688e-5,5.628495579677689e-6,9.351555752918548e-7,5.4183016456059157e-8,3.6518775779686305e-9,2.3027750699684838e-7,2.678343548375177e-6,3.1696838130626987e-7,1.0723081725335758e-5,3.1247650664622935e-6,3.506646441758395e-6,9.580804995393832e-6,5.453521001721784e-8,9.440170008330903e-7,1.1476293591572903e-6,3.002282393442006e-9,2.0915394923625235e-8,1.287640858193139e-7,9.299703446313211e-7,3.856601189003373e-9,1.8981921370485454e-8,1.8777344983907275e-7,3.2417636979463594e-6,3.849055100224823e-9,2.1238208075765765e-8,1.441838108457871e-7,1.737147539852517e-6,3.5105187230434958e-9,2.0817499677573528e-8,8.943839170635309e-7,1.1206172469105035e-6,4.028373075485983e-9,1.9422543112411772e-8,1.566603833528722e-7,1.0652411572554157e-6,3.4562800448128393e-9,1.9610536308535156e-8,1.5791906091940048e-7,2.9550070738599847e-6,3.821596076337177e-9,2.0329811367225023e-8,1.7948062729399083e-7,7.195348350050628e-7,3.587777945700243e-9,1.703111934315357e-8,5.533423299611942e-8,7.473996007136181e-7,2.972812079673329e-9,1.9395346900096644e-8,8.688983575583598e-7,1.7463835567744539e-6,2.7952045948979932e-9,2.3507481984650454e-8,2.895369618187526e-8,5.272029097216476e-7,1.5356059791654797e-6,3.5839758542893022e-9,2.038018100562446e-8,0.7721425551661598
t379,3.102210022546563e-7,8.292817411075148e-6,0.45939582573367177,6.028170997735066e-6,1.3460270076750846e-5,6.254045482555871e-8,1.3790462773017034e-5,7.228229460957068e-6,3.517656404577515e-6,2.3292388932814408e-5,0.0,1.0845705804811507e-6,6.445270551368588e-9,1.0378344019700364e-5,2.146864314273655e-6,7.549223064431008e-8,2.8074478245819695e-6,1.766043595121061e-5,6.378078341394808e-6,1.7460839191357662e-5,0.0,1.1234688101407911e-6,1.8762335124987308e-5,6.017781287922151e-6,1.1214394187341671e-5,2.8447565864507182e-5,2.0431682980304044e-6,1.3525708363324368e-5,7.4286629955453455e-6,1.4438932891879221e-5,4.598905887417059e-6,1.1119512015319301e-5,8.69445274734981e-6,0.0,8.024044734036269e-6,5.863788606579756e-6,4.22934807161854e-7,9.829489522365467e-6,5.650997880562847e-6,9.280799479172076e-7,5.373970818889528e-8,3.625752725973854e-9,2.2390046929620405e-7,2.6200398327503488e-6,3.2137149822220676e-7,1.0672461756293638e-5,3.166592615769034e-6,3.4978969842070437e-6,9.476646812319944e-6,5.3136683696340296e-8,9.358528172796874e-7,1.1658022745780948e-6,2.9963775246457557e-9,2.0961496299168994e-8,1.28793014663212e-7,9.534005172510965e-7,3.863766014436269e-9,1.9108278795807552e-8,1.8747818368797825e-7,3.2275602409241185e-6,3.838537754666853e-9,2.106713192691397e-8,1.4523014377876254e-7,1.7920746479730346e-6,3.509635219554912e-9,2.0700599750928747e-8,8.185923933169281e-7,1.1500010720934378e-6,4.019862727402908e-9,1.920151085731557e-8,1.576132717927233e-7,1.1023270432854607e-6,3.453825278393563e-9,1.9472387655206257e-8,1.6037505988390806e-7,2.993318570587306e-6,3.829982435169726e-9,2.048218457491485e-8,1.8027141729141384e-7,7.430424844038344e-7,3.5966027989196775e-9,1.7172868461103735e-8,5.694615014615187e-8,7.825832755269171e-7,2.994020246668919e-9,1.963594144440212e-8,8.276187461603611e-7,1.779601757479415e-6,2.765387068321775e-9,2.300619940593238e-8,2.856625610883586e-8,5.149509964581214e-7,1.542253760290685e-6,3.563819904745595e-9,2.012851514897545e-8,0.45973966426802204
t380,3.047760887482641e-7,8.92822918077055e-6,5.270397134427929e-5,6.051149538647128e-6,1.4199609659831439e-5,6.118402431862387e-8,1.1164557270247631e-5,7.137190933250241e-6,3.3846492474405145e-6,1.8900002501076652e-5,0.0,1.0720263359415131e-6,6.5302912236005884e-9,8.437979863968585e-6,2.088665837013643e-6,7.473585423891871e-8,2.648791389935751e-6,1.3340858051202626e-5,4.036247935029555e-6,1.3085665471525347e-5,0.0,9.647260182758342e-7,1.8930662313318864e-5,6.023021797297172e-6,1.1229434052465356e-5,1.951979563771291e-5,1.6502278639709643e-6,1.3560931152265588e-5,7.002824312159353e-6,1.2853252023817607e-5,3.899490568271617e-6,1.1345265910340756e-5,8.444248910834885e-6,0.0,7.303255599921287e-6,3.878677897681461e-6,4.255400730232489e-7,9.671036188764407e-6,5.585719448293944e-6,8.899989586257707e-7,5.2572590320686414e-8,3.6199042233333162e-9,2.1815728503630395e-7,2.5184992467576876e-6,3.283257540187782e-7,1.0603322075032373e-5,3.2371771973303135e-6,3.5317011661717272e-6,9.470204531713832e-6,5.189696815031395e-8,9.294497211487381e-7,1.2028487659062892e-6,2.972006814957391e-9,2.073463242908303e-8,1.2880064267917917e-7,9.757448317954803e-7,3.877458168391287e-9,1.9115704088423555e-8,1.874243811587323e-7,3.2073177975751987e-6,3.860048898049472e-9,2.0912827164136143e-8,1.4602619951254492e-7,1.868229789361213e-6,3.5350300175965478e-9,2.05929535814717e-8,7.594508840529241e-7,1.1792059783293145e-6,4.039022306948598e-9,1.9013615077868292e-8,1.5849934211730294e-7,1.138697368342747e-6,3.4798921863248627e-9,1.9367865664344916e-8,1.6268683506466084e-7,3.028712439683995e-6,3.85463007952451e-9,2.055546497154113e-8,1.8185350593788595e-7,7.620335701391962e-7,3.6174393995965324e-9,1.7243268523175657e-8,5.91189138329595e-8,8.321840051650249e-7,3.0303615947167436e-9,1.9966828096572338e-8,8.107705895280503e-7,1.9080348874288983e-6,2.763000060712816e-9,2.3379865836005152e-8,2.8618706245206293e-8,5.041617496876651e-7,1.590440035218618e-6,3.562722797503371e-9,2.0186715536858937e-8,0.00036283037855769183
t381,3.0121853318691097e-7,8.945072640563098e-6,2.9931275109289745e-5,6.0414063390611944e-6,1.508719274510794e-5,6.000384065306681e-8,9.192376260600563e-6,7.057405485136675e-6,3.2596008374695596e-6,1.5886549194089016e-5,0.0,1.0511483350438444e-6,6.608505410867075e-9,6.948994174143119e-6,1.981738901581285e-6,7.32649777924434e-8,2.4434937210385213e-6,1.077921923378014e-5,2.9620255311696117e-6,1.0635856518537869e-5,0.0,8.496698583206702e-7,1.8000573560495245e-5,5.984201444690066e-6,1.1259106465169427e-5,1.4817410933847335e-5,1.370775561849012e-6,1.352311142233866e-5,6.413405769113001e-6,1.1436610589807075e-5,3.308890192073268e-6,1.1102776635171807e-5,7.67533417892941e-6,0.0,1.613021927570867e-6,3.920277473131408e-7,3.0640479257175143e-7,4.4187280796326926e-6,2.2990568619171447e-6,6.756338616585317e-7,4.3827231524658e-8,3.6157822256812564e-9,1.569160385142397e-7,1.3254039573592477e-6,1.8799495683872796e-7,7.013565072115104e-6,1.8946461420663383e-6,2.760955962308191e-6,6.276464134870813e-6,4.355437131099921e-8,9.210448079128454e-7,1.3181298275894469e-6,2.962927937256639e-9,2.0821558998019545e-8,1.2755363136604917e-7,1.0097718289262919e-6,3.886836221001793e-9,1.9161460369550128e-8,1.8558670189172434e-7,3.148546626202569e-6,3.876979709904577e-9,2.0936015863288993e-8,1.4518028354190458e-7,1.9804041473341634e-6,3.554676872473353e-9,2.0636046584195287e-8,7.158504437822836e-7,1.2361959553129981e-6,4.053713737302723e-9,1.9022000659207964e-8,1.575382677215717e-7,1.1896493127836405e-6,3.4998609282061196e-9,1.9404495103317646e-8,1.6214780129969603e-7,3.019241108442714e-6,3.861619925533943e-9,2.0615037069617398e-8,1.8125839298631067e-7,7.808024715787696e-7,3.621689781365e-9,1.7306732386524465e-8,5.93776815576211e-8,8.442164382288551e-7,3.0381367654342917e-9,2.0036685758444284e-8,3.8300706030298497e-7,1.4674108315309896e-6,2.767649084486836e-9,2.3180380132569664e-8,2.783140630608138e-8,2.945870245616273e-7,1.2478862095370075e-6,3.553033292545812e-9,1.981223334273428e-8,0.0002886609624464797
t382,2.1625277415504583e-7,7.287851384794624e-7,3.124448903224307e-7,1.4652502037368639e-6,3.72562473015619e-6,4.2515915235025085e-8,1.7012792921914663e-6,3.0095819148737426e-6,1.7752234666711444e-6,2.985616101485777e-6,0.0,8.650506532328784e-7,6.584100889058847e-9,1.2835243429611317e-6,1.025199763757173e-6,5.6595890443231097e-8,6.510360538483645e-7,1.9343534478426744e-6,4.895439915784742e-7,1.8684611285108799e-6,0.0,2.1580193210965753e-7,6.493259445646331e-6,3.955141748123912e-6,5.508330401097495e-6,2.3325572326835948e-6,2.543271164135121e-7,5.717110520159708e-6,2.2941017650873458e-6,2.342785470456403e-6,6.533864829165454e-7,4.674820852313587e-6,2.680147963674546e-6,0.0,9.848849829138402e-7,2.2865757106290272e-7,2.4959088036407955e-7,3.0641526369184187e-6,1.5583553832049043e-6,5.628783686215924e-7,3.8637317149412736e-8,3.621413934859601e-9,1.5507724985593956e-7,1.3192058955340326e-6,1.9326911926950269e-7,6.998265645546581e-6,1.928577653357949e-6,2.7898173369725613e-6,6.275545302344181e-6,4.295070555876667e-8,2.502486462558622e-7,9.3078638848693e-7,2.9478526603425472e-9,1.9969217526973552e-8,1.0839192890603332e-7,8.541715427613455e-7,3.869527676690731e-9,1.8602052721961432e-8,1.4487328027711322e-7,1.4953046069958146e-6,3.870885482482781e-9,2.0231078915563663e-8,1.204258408764239e-7,1.3029647212840124e-6,3.5531035359885216e-9,1.9963681650068842e-8,2.926648743700403e-7,9.922889290336922e-7,4.042812502956556e-9,1.8415911194750813e-8,1.2827651964309336e-7,9.649973626155827e-7,3.50097231955188e-9,1.8810040859032427e-8,1.3113842979240707e-7,1.4578859858632258e-6,3.847946713268118e-9,2.001769462115694e-8,1.4326930342673483e-7,6.911982707807693e-7,3.608083119994183e-9,1.687593311325698e-8,5.569871151211652e-8,7.346893224240498e-7,3.0295735694921987e-9,1.946865096778237e-8,2.6583814916959946e-7,1.2606999945860554e-6,2.7746314938909006e-9,2.2884979399159644e-8,2.780018038243331e-8,2.9023995636851024e-7,1.3050473351225058e-6,3.553907209893419e-9,1.9798045806488922e-8,0.0001018607190576583
t383,2.1492783131146272e-7,7.361583287146057e-7,3.123013744738627e-7,1.463112000234982e-6,3.7716989338931993e-6,4.206296619570707e-8,1.6113347521098905e-6,2.994019302790955e-6,1.7231198642297485e-6,2.841122968954803e-6,0.0,8.576365116708412e-7,6.615269618034623e-9,1.2089510199512043e-6,1.0037305385097642e-6,5.566062976956263e-8,6.32863213381856e-7,1.8344134404992273e-6,4.576438889187029e-7,1.763128370767031e-6,0.0,2.0424719506006907e-7,6.45338052918102e-6,3.9398992489010575e-6,5.529619309776074e-6,2.1747393599032313e-6,2.394562106621441e-7,5.627980247704561e-6,2.2053519374178474e-6,2.246162390851029e-6,6.171605561268049e-7,4.595746152356516e-6,2.572532990397027e-6,0.0,9.561719155569855e-7,2.1994354599363467e-7,2.4824314661795694e-7,2.998366879836687e-6,1.5288098891715679e-6,5.597479248137522e-7,3.8211512975419916e-8,3.6482496122780895e-9,1.5302610649914836e-7,1.3076645824578211e-6,1.9527732069755554e-7,6.960826143191881e-6,1.925942873988036e-6,2.8032204793360044e-6,6.256213021230179e-6,4.236917186446207e-8,2.503105480136997e-7,1.0243070316227044e-6,2.9480030462656405e-9,2.0022557215264567e-8,1.0743515418907763e-7,8.941229869517141e-7,3.867365237251252e-9,1.8547255466699797e-8,1.4367463129876232e-7,1.4778379283364068e-6,3.8856487835384504e-9,2.013723125682625e-8,1.1967726685816003e-7,1.373235190501246e-6,3.569678558577809e-9,1.9902094748022656e-8,2.809693168768459e-7,1.0464876995928053e-6,4.054776573199717e-9,1.833249192059874e-8,1.2753876242744175e-7,1.0181222565304606e-6,3.5225841708642753e-9,1.8767192933587654e-8,1.3088211115836353e-7,1.453679824845871e-6,3.855373963592807e-9,2.003924756547524e-8,1.4309879398474713e-7,7.20314952648538e-7,3.6149679787906322e-9,1.6906383310650355e-8,5.561879262436678e-8,7.635535959931846e-7,3.033467078458798e-9,1.9458791810368046e-8,2.5884020088660907e-7,1.326760952062843e-6,2.78578192365339e-9,2.3007426469902402e-8,2.782202712448367e-8,2.8772272247132197e-7,1.3384962143868328e-6,3.5577777640690165e-9,1.981387860543611e-8,0.00010075859903594379
t384,2.1367007279210085e-7,7.394892499554976e-7,3.1048692053746826e-7,1.462532976910021e-6,3.815044150307039e-6,4.165561410465029e-8,1.5549462405600569e-6,2.9866696086919556e-6,1.6912853607411888e-6,2.7539975669695263e-6,0.0,8.50162616583855e-7,6.679486176170762e-9,1.1706575348516628e-6,9.916510375244797e-7,5.5136139972634665e-8,6.230978854817026e-7,1.7735615130678682e-6,4.3798094723840833e-7,1.6994306921915725e-6,0.0,1.9730131729462602e-7,6.453550342873121e-6,3.931634800728546e-6,5.5484792280258395e-6,2.086122656058479e-6,2.308517699185627e-7,5.628556319243765e-6,2.156657430046675e-6,2.191806597512803e-6,5.973844299020913e-7,4.571352713902608e-6,2.5123818377872133e-6,0.0,9.439055247873096e-7,2.1545720978964844e-7,2.47797497751069e-7,2.971189049162041e-6,1.5164759352267243e-6,5.588775036014487e-7,3.797713175285009e-8,3.675064133490575e-9,1.5097419621050048e-7,1.2921251204754633e-6,1.958841040595975e-7,6.92047369934611e-6,1.9118210478584538e-6,2.8063343017846434e-6,6.219117807797239e-6,4.183905646460078e-8,2.5023104537366744e-7,1.0687321662811502e-6,2.9491329718262745e-9,2.008965470251911e-8,1.0757445431549625e-7,9.086023686614715e-7,3.864022916230509e-9,1.849748486473101e-8,1.44353551265039e-7,1.4690805584118374e-6,3.903563318629678e-9,2.0034315778751223e-8,1.2026639360571307e-7,1.4227879606731605e-6,3.588481197587542e-9,1.9847366558494542e-8,2.7448368513842385e-7,1.0713311811495565e-6,4.068702720127002e-9,1.8245122032787853e-8,1.282991125395466e-7,1.0428673097467918e-6,3.5461588041397913e-9,1.873042101163717e-8,1.319677323903803e-7,1.4558042651986834e-6,3.860221284012455e-9,2.0054641798218853e-8,1.4460292323276389e-7,7.298298987431152e-7,3.619086726318701e-9,1.6927215504338037e-8,5.568024268800284e-8,7.727442858816978e-7,3.03691536569998e-9,1.94487560860932e-8,2.565243411182063e-7,1.3778303586591936e-6,2.7979296855249903e-9,2.3119263694386028e-8,2.7915389553009918e-8,2.8534177409113097e-7,1.3592126546038146e-6,3.566266764219106e-9,1.98764498935842e-8,0.00010017787413515507
