Line,1,2,3,4,5,6,7,8,9,10,11,12,13,14,15,16,17,Total
AnnualSum,0.0,184613.82383291045,119819.18004995157,76229.09907699695,58496.6730167398,175802.2472415868,121431.87215207324,246833.6110628638,105167.8430898143,379576.792338158,308158.90219292865,488893.7105913157,277917.820422484,126994.76372676442,5153.283632435689,106215.55490114106,113747.16947089019,2.895052346799055e6
t1,0.0,1.5169340712023383,3.28774566479775e-5,4.798948009063092e-5,3.356549429530503e-5,22.910251349842856,9.970467615564004,26.63650527908131,3.071840826713247e-5,24.491259682920855,48.13793544930641,61.63718820173787,31.047580311907907,8.468432244417665,2.7055997610702422e-5,19.403855364962883,19.619380361969036,273.83996213975007
t2,0.0,21.29182127458361,3.676823945618522e-5,3.492427038618042e-5,2.323777597974483,25.399990037284077,13.307469335989474,27.06255467302543,3.196801720855377e-5,14.925530296971035,56.32298373205245,49.3225323615096,21.494082703541636,6.709132016903374,2.9396463416857708e-5,19.403993174876643,19.619991979611644,277.18399224131394
t3,0.0,7.367449326280909,3.8388808204782476e-5,3.190978802329086e-5,3.1019969757920864,25.399993507698724,14.199303833747015,25.77980120693952,3.326551463328823e-5,11.578854759617487,56.32298917897821,58.64462335694727,25.42549657326792,7.34926200551365,3.0997794361574133e-5,19.256630673038696,19.619992119218004,274.04652807894473
t4,0.0,3.9779151641995187,3.880445729185331e-5,3.144919671370583e-5,3.9412548800580334,25.399995601448083,17.993001813564007,22.545706175668705,3.474771523722999e-5,6.09309988918101,56.32299158729041,60.76083579439316,15.040041749786461,18.37432536911609,3.24250426992557e-5,3.536050303940937e-5,19.619992525593425,250.0693333372139
t5,0.0,5.414868693183673,3.972139809246925e-5,3.2144254694219785e-5,2.3845737021611924,25.3999954808518,13.732089831441094,21.866189435016366,3.5378920200448466e-5,12.4548847003541,56.32299106572938,60.950763306085015,20.47272546007145,17.031651090605912,3.217689566282743e-5,3.46455779224201e-5,19.619992703666234,255.65089953621282
t6,0.0,28.15997620931942,11.14706526468069,5.762654748904037e-5,1.0256640521622333,25.399994251268964,9.43702149065732,23.471626171147037,3.42816593984113e-5,19.5234794897231,56.322989330594815,47.19089201014775,24.05035632195486,4.277091674071269,3.1004731593307565e-5,19.403967973469754,19.619992174630713,289.03023932676643
t7,0.0,28.15996600756184,7.0198079542501866,4.245296572352105e-5,1.131762025560107,25.399992898770638,5.9195889414100265,20.52516331822266,3.0079187606238464e-5,20.334265507124854,56.32298787408991,60.00188894823602,30.296611108569973,7.040400869812049,2.680282274238604e-5,13.618905600129896,19.61998853757966,295.3914289262939
t8,0.0,28.159984301768738,9.935867896848897,5.2339547352030096e-5,2.8194322381035426,25.399995126196252,1.1651587691002165,32.32704558602307,3.056957072444346e-5,41.25313699392614,56.32298803067722,59.04400692384661,39.58562786086037,5.760391772529649,2.613173113688282e-5,19.40397452873944,19.61999154901125,340.79771061848066
t9,0.0,28.15999517838499,27.61321546392794,19.759993314120003,5.378923225148981,5.877665034294469,6.461845057811613e-5,16.93836481381445,2.5557304972058525,54.179963466730904,50.90112942969545,63.34079666422354,37.12010853825806,13.547190535095318,3.11549766331256e-5,19.403994238705245,3.2990360632631885e-5,344.77719916339305
t10,0.0,28.15998768757441,27.61317810440896,19.75950943018152,10.421996189157731,0.9365205457403485,19.092176327913844,32.948102647174544,19.131257564465365,54.17997483677158,2.0617462579693306,77.83994331018984,37.116095966507515,20.89794588396848,0.6272966250645788,8.93423562559598,19.619964344309846,379.3399313469938
t11,0.0,28.15999919452019,27.613163383424453,19.759339303393674,10.421999566215169,22.38164997530451,12.944473938900211,42.92138828225987,28.56556172615543,54.179999331025385,56.32299426863085,77.83999930360052,37.9936893988744,20.897864880279123,0.06101096146399832,13.845303901883327,19.619998381407203,473.52843579733826
t12,0.0,28.159999219883886,27.613075306809435,17.80062455987278,10.4219995186019,21.451297421942495,16.541188949011694,43.02095766990143,29.84186277984267,54.17999937452105,56.322993938163734,77.83999936019595,43.99860767604789,14.675736492715538,4.98328338102269e-5,19.403714794070023,19.619998437809492,480.8921053322239
t13,0.0,28.159999179336786,27.613108122557477,19.758916652209162,10.421999498153562,20.422737132671397,20.28809124706483,42.98944087384264,32.82498213147613,54.17999937535706,56.322993977857436,77.83999932593765,43.24381350692201,15.419845189057938,4.6910635192344005e-5,19.36835510520851,19.619998436576722,488.4743266648645
t14,0.0,28.1599991828746,27.613160492605047,19.75932131467557,10.421999482337926,19.904657770387733,19.932675617433762,43.03587365706986,32.82498145802974,54.17999936624429,56.32299412160036,77.83999929214022,38.46861274268249,20.897889525371173,0.15044906651238327,13.47246151108939,19.619998438036006,482.6050730390906
t15,0.0,28.159995288708725,27.613215657317436,19.759317752718307,10.421999492444353,20.045442577845375,22.917744560137564,42.115845005005525,32.82500090371395,54.17999919323554,56.32299410177093,77.07619139443568,35.14710462118732,20.897997145742483,1.6799983946232886,10.487732929241487,19.61999843446544,479.2705774525934
t16,0.0,28.15999828361425,27.61322103090929,19.759999370258654,10.421999606919112,19.868384530552323,20.7850120017194,36.088161463097876,32.82500106843007,54.17999939198304,56.32299567513277,76.51645196657678,33.53565524173043,20.897997202198933,1.6799984170119326,8.883057727697585,19.61999842962151,467.15793140745393
t17,0.0,28.159997711409172,27.613220035953734,19.759986371828216,10.421977568502697,7.5683790412444765,15.464261225359481,27.13802126887313,19.784798969568442,54.17995651382148,56.322843957821824,68.44979007039632,30.260153338148797,20.897998168482655,1.679998987558339,9.998200013544974,19.619993980645045,417.3195772231589
t18,0.0,13.861757945372666,2.852208999156278e-5,2.241137206009865e-5,4.6035711771632,14.392007554241173,0.26625082111043574,19.095656454362928,2.5291872535281107e-5,32.6408711571533,2.4652669978555596e-5,65.12560410803641,27.2960202842802,19.120024804561606,2.4365480693800148e-5,3.325076025129473,2.367330880442731e-5,199.72698924820548
t19,0.0,3.0560336862836484,2.6213852195205426e-5,2.110574868292191e-5,5.174562918650871,13.428084662919803,0.31586898465516894,12.778973155742234,2.3833015247406758e-5,24.555464389659015,2.706122234677622e-5,71.38601101221234,29.100433593946377,15.675461973983735,2.3287377339463508e-5,11.486009732504316,2.5183454888287603e-5,186.9570507952282
t20,0.0,17.38661406700238,3.018738836294206e-5,2.705642024664568e-5,5.33606093463071,12.839777301619142,0.47292156965011417,10.121731470132229,2.682612901806087e-5,24.09701203442574,3.1732835877404924e-5,62.81947551760464,28.161407576223834,11.3019228234332,2.402863244955756e-5,16.763185563651692,2.4602367260403522e-5,189.3002732921469
t21,0.0,7.657116108868988,3.40147216252563e-5,3.1111902067809156e-5,6.100134978258125,12.814964297425135,2.56157353420634,11.972539431418591,2.7175579337733195e-5,27.415125788782568,4.026236628526932e-5,69.41471204142297,35.29203302983135,9.911891679594422,2.4397437365590868e-5,18.11129258237231,2.4724376775970702e-5,201.2515651585642
t22,0.0,28.15998137568797,14.304239415537047,6.11698336113411e-5,6.907621172066207,17.780530565388872,5.8720712484794,11.294003035316786,2.5876311738173996e-5,27.7828152887817,3.836179396046844e-5,56.95257999904879,26.193101542368982,8.529062291098823,2.4182935803264818e-5,18.75912369020077,2.8585322296452918e-5,222.53530780017277
t23,0.0,0.620366384509756,2.5334541285026243e-5,2.2939638486862775e-5,5.7445263861406675,15.503787304355725,4.725777223112273,11.862993558195488,2.5292068280344555e-5,34.61075433797592,3.374725773630726e-5,75.03811062296484,44.39241951989194,8.889304573524495,0.6652208722943969,18.609669342185814,2.4119935668400734e-5,220.66306155859274
t24,0.0,2.8741058026699078e-5,3.6484369352020036e-5,7.347907642760694,5.560237328683411,1.0341899600099727,1.9916102795152377,9.886015820471414,2.596939639831554e-5,31.797749130581963,3.6675946293907895e-5,75.90537974888996,44.392445807398566,8.392016481952913,1.6799997938199553,17.30557312057761,2.9557140707979175e-5,205.29328254257246
t25,0.0,22.680562459147108,4.703349893113527e-5,4.575536165706053e-5,9.112370556344088,25.399828539674896,7.072565690836318,8.730227541252162,7.102695896553726,54.17996315223109,56.322868988582556,56.63249567716599,44.39241312136168,9.344021854903296,0.13827363391410516,13.717150224911073,19.61996842711095,334.44549855284964
t26,0.0,28.15998174054662,0.0005224616340477033,5.074268060798865e-5,4.67858761267126,1.445570652408419,5.637866811349629e-5,12.068482118579327,4.084470281413024e-5,47.60650403708229,23.354092924683126,46.29528165189267,39.931118464729785,4.488519936942228,2.9785992195331904e-5,19.403990569667904,3.409474501873653e-5,227.43286401762643
t27,0.0,28.159980143725544,10.422352247134723,5.8566367880705575e-5,4.874116527895151,0.00012485745340600233,0.7556208992788543,13.924252436350343,3.9957751828598236e-5,49.99732884168582,0.0013214828841287426,46.90348189688333,40.191736804042534,3.550444837997802,2.9780976216497602e-5,19.403991919400454,3.418616540216334e-5,218.18491538599343
t28,0.0,28.159985808548115,27.613163189454532,15.25400993627438,5.193523906600523,3.816451381220543e-5,1.6318251373299855,17.9503992019263,5.09695212746803,54.17996514712962,6.635900138266982e-5,52.952790233642446,38.49846858481628,7.677180653761662,3.022964976739907e-5,19.403990205176402,3.355108908293219e-5,273.61242243638236
t29,0.0,28.15998898307534,27.61318898559351,19.759876763136745,5.353582519556331,3.8005044570086045e-5,2.093794773811029,20.081827302395364,7.174820996885446,54.1799653721536,5.190132058829064e-5,55.49078314804889,39.45290784375215,8.684240652814376,3.0314365458538616e-5,19.403984308773847,3.455328225370411e-5,287.44911642400945
t30,0.0,28.159993897000323,27.61321287670095,19.75998913166673,4.1422032469093875,0.4100502116534281,3.30927131879461e-5,19.471388783038563,4.323535425255788,54.1799623324092,4.607791914563053e-5,52.21070141310594,35.81332447215408,10.941859913831152,3.1344778483374596e-5,19.39502835219481,3.46009177214858e-5,276.4213951722489
t31,0.0,28.15999758646052,27.613219649947595,19.75999855567775,4.293319335794333,3.5915724638357713,3.8638664251729974e-5,19.952954655232265,6.485008577743926,54.179961311656434,5.888276484152267e-5,54.33987424419421,33.5591043272685,14.549906977523593,3.2743702035361784e-5,14.371300210244279,3.7229943794057994e-5,280.85638539065417
t32,0.0,28.159997177661307,27.613219102345067,19.759998429687478,0.5374032249868668,25.399985139252188,7.007877243944932,18.171772853440622,3.5984770846347324e-5,28.121718344538923,56.32296978347549,42.67710826803115,15.436075898180682,11.272938179627642,3.0162964503006352e-5,19.40398970350894,19.619987951496583,319.5051074479132
t33,0.0,28.15999841032118,27.61322134424654,19.759999782916168,1.9754948287553797,20.03535031897976,0.5038448771838863,17.600241323518443,4.823981088738624e-5,52.056522585320465,5.129748662779204e-5,45.50359251787033,18.471251223914415,20.897997540972245,1.6799986448417557,3.033969420742775,19.619971788963102,276.9115541458439
t34,0.0,28.159999542422693,27.613222978890118,19.7600023606749,9.031085695567729,23.70675689475149,22.898868905315503,35.55742463020986,25.92562715966278,48.03948703285301,47.447966123254155,66.64134966144736,32.69102843012247,20.897999231460172,1.6799995935536152,6.115353996286152,19.6199971118625,435.78616934833445
t35,0.0,28.159999492755794,27.61322286995636,19.76000210632914,10.421782208871928,25.39999045273976,24.699727043861287,43.199759647261914,32.82475610046685,54.17975701375162,56.32298529316103,77.83974799168212,44.392193357460414,20.897999305974427,1.679999636803075,6.704137134184043,19.619996572646595,493.71605622790645
t36,0.0,28.159999492434448,27.613222869511826,19.760002112270584,10.421769016723793,25.39999050241405,24.699584905850823,43.199766034270354,32.82476251771842,54.17976557938312,56.322985876633346,77.8397605815558,44.392203860635746,20.89799930269186,1.6799996358795082,6.21159724502009,19.61999659460627,493.2234061276001
t37,0.0,28.159999487780038,27.613222864198512,19.760002111935215,10.42176940976335,25.399990347294157,24.699635673184574,43.19976779488948,32.82476618070245,54.17977251028181,56.32298570333607,77.83976658527996,44.39220772908431,20.897999297574124,1.6799996340759762,6.011007723562774,19.619996584095276,493.02288963703813
t38,0.0,28.15999948417835,27.613222859058716,19.76000211042238,10.421767225582972,25.39999035369981,24.69966510124949,43.1997662691641,32.82476442588457,54.17977232951407,56.32298571734412,77.83976625714394,44.39220681210721,20.897999296340036,1.679999633905408,5.190791215630043,19.619996576821997,492.2026956680472
t39,0.0,28.159999436547693,27.61322272321561,19.76000209046426,10.421774839423835,25.39999036857067,24.699995772844076,36.21222492418711,29.08007705945852,54.179995922784215,43.044266092046854,77.83999612273148,37.29913364071774,20.897998945708228,1.6799994386072106,6.331951558787421,19.619996541182886,462.2406254772778
t40,0.0,28.159995855801455,27.613216713983423,11.148186903196931,10.42182109194732,25.39998982781621,24.699994622829475,36.55202768416717,32.825001184379026,54.179999487082874,40.02038292234975,65.40461582737878,28.653530672331186,20.897998348511564,1.6799991013555955,9.901948419792072,19.61999850141402,437.1787071643369
t41,0.0,28.159997146732156,27.613218765047055,9.070271700416052,9.317808924085885,0.0001719379773734472,16.036443113633677,22.983916298716686,32.824987308391925,54.17998873283752,46.1296398988726,71.37334618351798,30.59012082448449,20.897997795291435,1.6799985345372073,3.3490623575310194,19.619996287137184,393.82696580921015
t42,0.0,3.077396981037251e-5,4.7772741304624696e-5,12.010334388635092,3.9139553669404417,25.39997963976649,0.18268960864024097,25.32544554320454,2.8323031297677198e-5,43.70939789511535,56.32217002909843,44.34434928712632,23.979802790597162,12.401276224734172,2.559616545930835e-5,11.464673870066408,5.2766125778479,264.33081968768045
t43,0.0,3.0821500203050626e-5,5.008632043335934e-5,14.224785630056495,4.406889685118133,25.39997890510621,0.2000298886269867,25.607161490032965,2.8375286087228413e-5,39.70004718965507,56.322305480430494,43.46093275867819,22.664317469650037,10.09735942200722,2.5561217552168945e-5,15.823595246139782,6.653452096985924,264.56099010681174
t44,0.0,3.0149293646511938e-5,4.792502713213322e-5,15.077040223865492,4.3762225938642025,25.399979092170387,0.20280340393231722,24.849235268786973,2.8159338471758087e-5,42.74323943601935,56.32213052033125,43.82830240596876,25.606446337113915,8.935495901670683,2.5587950130609404e-5,16.939006335529374,7.90556930861545,272.1856026494775
t45,0.0,2.809851926342422e-5,4.5182165060212916e-5,18.993199492368326,5.019994375915685,25.399978699411808,2.178980252542342,28.405477026934342,3.335519403606434e-5,50.02030879787899,56.3221689841212,44.995375375627546,34.4298210402654,4.926360242039,2.55191000188868e-5,19.034125019125764,7.484020494678423,297.20994195588713
t46,0.0,6.417216462978438e-5,1.483651514873201,19.75992553634493,4.925731178874084,25.39997912356292,2.72673050574236,32.5830405008301,0.00011358346880426857,54.179962463545614,56.322193177714205,46.031491571162384,39.645257856769696,3.343089401862944,2.5221734346783345e-5,19.403964410761102,8.86568546052359,314.6709056799349
t47,0.0,2.8033786809475938e-5,4.4414810782196384e-5,17.686394483785737,3.554760781948176,25.39997941750815,0.2737171010445153,27.964733267909534,2.7715548762567717e-5,46.499504219515465,56.322170390629424,45.690298061616225,34.18078965108793,4.47655948967044,2.5618307412352963e-5,18.375302577876354,9.829462857650043,290.25379808269577
t48,0.0,2.8865782001654426e-5,4.968192834843589e-5,15.948916383986537,3.044669096100343,25.399979796129024,0.28300024427478543,24.824039050762725,2.8805660063674792e-5,34.60119030836185,56.322109157586496,45.90901619949684,28.22210841046174,4.7255829447003075,2.56830778885376e-5,18.3555886654397,15.95066946734158,273.5870027610902
t49,0.0,3.708573206694161e-5,5.590857951942243e-5,0.00482924528831888,0.0550085385579243,25.399906089743276,8.144806195388972,24.395105663042756,3.175796608389148e-5,35.97862506040793,22.222501299095068,38.794390691134126,21.756664526888102,8.719269152123736,2.7153190625388307e-5,19.403860987806723,19.619499059075046,224.49461841402027
t50,0.0,22.96534180671988,3.832976664270545e-5,3.273209513624673e-5,1.1828708922690567,18.05330554366522,5.543178629155922,23.519844550261276,5.7901291917191015e-5,53.386742431135566,0.00010177147234403759,19.281246601038006,15.845808813766322,14.207294716883176,3.139831048919136e-5,6.911197605341285,8.625760082418397e-5,180.89717998077307
t51,0.0,25.690792867843523,4.132453424895447e-5,3.525476956723634e-5,4.180219977020516,0.14882675897585668,0.0006900293518100941,19.305440839600468,0.00028600479896274175,54.1799524163204,4.194879044316524e-5,17.61938470007987,10.031723251289684,20.89792498933559,0.8099770405541975,9.25856163903102,19.619780820078212,181.74367986237436
t52,0.0,27.565292287909713,4.800026946248109e-5,3.643147978888004e-5,3.902804066847228,0.17917967668003013,0.00055260231127604,17.74035331591635,0.00025434361708234695,54.179948019044836,4.20820135151228e-5,16.73030884518847,10.002840094789223,20.544214682735525,3.4012455480051095e-5,6.479144759271133,15.630389062758946,172.95544228328805
t53,0.0,28.15997349527887,7.3729074351345645,7.194255370234904e-5,3.9639092014673913,3.9902378233998896,0.0009618978626560079,16.66712853777743,0.0002547125053670293,54.179952602962935,4.2711952548031844e-5,17.158300643337068,9.888214007879846,19.58436623233957,3.4509523593547105e-5,5.89065341145428,15.17799566980335,182.03500483523305
t54,0.0,28.15997549443939,22.40748431930842,6.436326091409975e-5,6.283179473469753,0.00013165026694304387,4.5143927183389865,17.096354529452718,17.798449905491363,54.17995915383765,42.40186494292223,37.22139457391566,17.819075959559857,19.870746993541953,3.3630669692325054e-5,7.830860721027205,19.61997963003438,295.2039480595371
t55,0.0,28.15997354058138,4.85609638474331,5.901888040115855e-5,3.9995525725851904,15.236993539373445,0.40221383706226815,17.681233859685598,1.4665431138674083,54.179965434877026,3.0432470387344648e-5,19.37742290112967,23.859378495912537,5.1542642290317495,3.109905977470754e-5,19.403982670599593,1.0367585408032247,194.81449967066294
t56,0.0,11.5486595712987,4.079607446281083e-5,3.607320397275477e-5,4.379599262622129,11.906666233905854,1.3265699319398667,21.27634948597636,2.701806185765336,54.17996631241532,3.929180924729094e-5,31.557195052942003,33.12657714386189,4.551044305412222,2.8676987779040004e-5,19.40399525794872,19.61996936134798,215.57854294351182
t57,0.0,24.116902991009752,5.356618476178058e-5,4.7008182194295405e-5,4.416777425890917,0.9895147086650566,1.4472577015086165,12.977832029481908,6.240753013517343e-5,53.88053893898281,5.875347125241836e-5,31.18510732935593,31.927790838903228,6.177417911558069,3.962142819965799e-5,16.04779112353428,4.376730648307549e-5,183.16723612299361
t58,0.0,26.214242966026813,24.47798382070688,14.716722309192132,10.42199984158273,25.399998594310652,24.266396144570912,33.53542663682428,27.395130820518183,50.06468081239635,35.46886021674858,70.98957921612228,38.638847445585974,18.793669031188816,1.211678155433202,13.496784925297181,15.27078942035946,430.3627903568643
t59,0.0,26.908373028334307,25.666638975371544,14.923690627901209,10.421998334788698,25.399998875222565,24.69999920112721,36.790592933590915,24.38945278536568,49.295535345629766,53.01691862653421,71.9191244579215,37.595663537027626,19.919060561617567,1.3206917156628821,13.114283794396705,14.492090584085146,449.8741133845775
t60,0.0,27.974432787332372,27.34832407977989,14.558462059471534,10.42199729962222,25.39999895135131,24.69999924625947,40.60446013829368,28.68256065761289,50.90398877992582,55.97661136951491,74.0226960645343,40.03681997233697,20.807458809484082,1.6313550994921677,13.532632164547303,14.246295068475375,470.84809254803434
t61,0.0,27.990376941552057,27.370660615033326,14.373318318519324,10.42197426243576,25.39999894331907,24.69999926674668,40.46608342815613,29.326956512182292,51.54784863249127,55.99472703112161,74.67503315235093,40.50629073442296,20.814998591169246,1.635567167190953,13.5160650519217,14.263123152816169,473.0030218014295
t62,0.0,27.98405610359881,27.364285115812017,14.454411967066635,10.42197496559005,25.39999894235789,24.699999267643108,41.25524129365909,29.845600056600677,51.1996475648269,55.980326123731516,73.29669504755682,39.947660086319644,20.812169137843718,1.6343977682780833,13.351955476903429,14.275947381375772,471.92436629916415
t63,0.0,27.392516498632677,26.523392660780292,17.29714660327563,10.421975006031348,25.399998942619238,24.699999272866144,39.94123585130944,28.608727090873902,49.738915259474496,53.380735918949846,65.89188650611827,34.225433620988795,20.249923672604243,1.4143993600262097,13.638719848922614,14.831939335415667,453.6569454488888
t64,0.0,28.159998925154564,27.613222079766295,19.760001668015537,10.421974349326083,25.399998942892626,24.69999928429168,38.664976399025186,32.06736696715846,53.26085230270298,41.02490054012544,59.22055490372725,31.18016000932341,20.04528107514619,1.3375393122899273,14.982939229602335,18.15937840528028,445.9991443938282
t65,0.0,28.15999878373618,27.61322186811828,19.759999412179297,10.421995000602356,17.98924070649722,21.611617154648837,22.152541408932702,32.825000341882685,54.17999848369629,17.10584058026823,39.07524345034278,15.522758972783182,20.897998654249587,1.6799992967947306,1.4044610723054163,19.61999743943189,350.01991262646965
t66,0.0,28.159987631843983,27.61317428132612,17.401056249200096,3.148026038340465,25.39993871296566,0.00011944647067982139,22.59468303126778,3.067542863059712e-5,45.37740729734555,53.54722191287375,18.960034337883016,11.718795066981494,9.540252021165037,2.701694804164918e-5,19.40373209646614,18.299978410000392,301.1644642265068
t67,0.0,28.159987520998985,27.61318217843527,9.992488374535059,3.7156691747136734,25.399940486308356,0.00011558337343687929,19.415301928332642,2.964316651098976e-5,49.5675204966886,26.96829279125294,18.39814883451077,13.986728253151858,8.18919381143166,2.682966735863776e-5,19.403753738674475,17.31346615499143,268.123845800233
t68,0.0,28.159979360786988,27.612294637854276,5.101850496626335e-5,3.7021123808729266,25.3999431349853,0.00011533242912816052,25.600937318426556,6.958401607460073,54.179966071240095,12.530214615365097,39.40086374400861,31.34081561979688,4.94341315432055,2.663033428077653e-5,19.403969776562004,17.113076782789104,296.3461811857368
t69,0.0,28.159987489981077,27.613167868156573,5.458761553289851,3.544794443042281,25.399939545098082,0.00011622343299225968,26.194816527381043,2.9814745428512427e-5,51.148641577942705,35.579772857077366,18.473645159730307,16.177128917409558,6.665242937990576,2.6878189462849085e-5,19.403753897277156,18.67388298112035,282.4937086718648
t70,0.0,28.159969694136482,16.19094464641737,5.740007811107056e-5,3.351917222786669,25.39993875380231,0.00011571836057087587,27.88265977357766,2.9675163800471863e-5,50.619983973651905,34.26751847150401,18.50574356210827,20.959307737347373,4.5392936501126195,2.6902546439625683e-5,19.403756964300033,18.67959330724059,267.9608574531343
t71,0.0,28.159964769418007,10.475780381718732,6.0375227827427893e-5,3.0504516036154756,25.39993865152825,0.00011673321532375939,27.2488467115712,3.018943505117485e-5,42.867944027254836,53.93623222783594,18.71775171185753,18.93538429863882,4.335583163870075,2.6930072037165002e-5,19.40375217743797,18.692817544863207,271.2246814975603
t72,0.0,28.15997220205439,10.20799321082716,5.3497187094794274e-5,2.0151604008007613,25.399938172999548,1.8849694829924797,26.00196251006151,3.082960461564403e-5,39.76590767597397,56.32240833838799,17.89826394707299,14.94044055062587,5.703940928807039,2.7006977693206642e-5,19.24306714458506,18.710425772813746,266.2545616717719
t73,0.0,28.077218673363355,5.150061003058094e-5,3.140226320234154e-5,1.4960152588725586,25.39997116822864,11.279744795482056,27.04345171045548,3.1665441596246375e-5,29.933431969793148,56.322961040589874,17.940036090524547,13.38523477545652,5.111290292695693,2.7533403239960773e-5,19.403995585110497,19.619992373801843,255.0134858360923
t74,0.0,28.083022090738012,9.000011728785409e-5,3.513686467640123e-5,2.1343750497579066,25.39997143140917,12.07373897398475,24.271922994617604,3.165014145084619e-5,23.516709612890992,56.322961472713445,18.1276169933099,11.149181589284186,4.435653648907831,2.7594023560335588e-5,19.40399741923476,19.619994269816797,244.53932992781233
t75,0.0,28.080485590483786,8.130098501963798e-5,3.3843483467486336e-5,2.1933321826697187,25.39997122486987,11.599301904970577,23.342010693800994,3.1355592903908153e-5,22.838756051909495,56.322961274291714,19.041016425114844,12.491745442951107,3.669832237197091,2.7645337265486356e-5,19.403997125795172,19.619994196019576,244.0035784954726
t76,0.0,17.50774406271555,3.2261375671031557e-5,2.8387951777993524e-5,0.8471987575612355,25.399970228917326,8.734784258478594,21.14742082501262,3.118040037938166e-5,23.618791461969153,56.3229593910817,26.794772139015713,19.956655550762743,1.9091403482224123,2.7641709199302968e-5,19.40399710882555,19.619993933952266,241.2635475379519
t77,0.0,5.373534950760806e-5,0.0002297809352815556,9.618962026374767,7.77200790769748e-5,25.399973424920038,6.521369192382124,20.524842058472277,3.117456001494925e-5,25.17711383148962,56.32294279169808,39.21891235297072,30.590620323310215,3.1870771208729444e-5,1.3319222845075045,19.403996934028083,19.61999363174526,253.73107313359378
t78,0.0,6.715998461734761e-5,4.260775686363985,18.19905774796178,1.3286396237093283,25.399973003740197,4.153302289490658,20.86454965131293,3.1533798779329476e-5,28.948380232675326,56.32293849740552,39.507857858579534,33.86423209956256,2.907938867672995e-5,1.6798771406049218,15.777356132771013,19.619962822471095,269.92703055982093
t79,0.0,3.283401069711568,27.613058065131508,19.759951532643047,2.6415464294160254,25.399936955607586,1.761321002785553,22.098134710616897,3.8561646813795055e-5,30.575377045734253,56.322327052416924,41.5825881650405,39.23869822960229,3.1345390317673627,3.079144775519089e-5,3.904800190766939,17.0237455340614,294.3394943683964
t80,0.0,5.362815947155094e-5,3.3164078614023944e-5,9.038841685192632e-5,2.2894071374772964,25.399940132606755,1.1453185843445572,19.02714398965976,3.0714647998698175e-5,29.882273829875327,56.32237065296519,39.50664447957881,30.831191989415967,3.064328929522405,2.7093121723069507e-5,14.379090235060643,16.553153068354284,238.40109801728565
t81,0.0,5.1132229196641576e-5,7.289915429794342e-5,17.20557951947927,0.5415151327857397,25.39991671158123,5.43257676903797,23.30847368568982,4.266148660017997e-5,40.42396729904391,9.891587942056278,45.03301855508451,24.775816151635944,18.799468048478012,3.827136408577217e-5,19.403991868412298,0.05596732484883432,230.272083972368
t82,0.0,28.15980958303373,0.26897087957272925,8.115232634262169,10.421999822470758,25.39999877274586,24.01144481002423,42.90330920462763,32.82499651945835,54.179994013249555,42.22248423181512,54.593351947874076,34.858661614750226,20.897949044830007,1.679968960471318,19.403998635497896,19.619995891621745,419.5621665663054
t83,0.0,28.15999802142167,27.61322080781671,9.609186398187111,10.42197512144538,25.39999882370336,24.6999993063076,43.19999328480131,32.8249980855406,54.17999570814183,41.67514539568375,75.95364433174868,40.267104411638904,20.897999093363836,1.6799995056096262,19.37629459901919,19.619996945705285,475.5795498401348
t84,0.0,28.15999798361406,27.613220743657678,0.00013658621271005886,10.421976163690005,25.3999989028237,24.699999333249075,43.19999342515415,32.8249980080448,54.17999562390204,43.419771430684314,74.55602947868992,39.51933307684535,20.89799901889153,1.6799994708899662,13.988945162697975,19.61999696057498,460.18239136962234
t85,0.0,28.159997932843613,27.61322062647157,0.0001657174209161134,10.4219733930296,25.399998905501356,24.69999933373647,43.19999313281898,32.82499788078979,54.17999558359942,51.334489663466805,76.92309872388009,39.74855999632996,20.897999003374665,1.679999469119463,12.155512945690761,19.61999696065971,468.8599992687332
t86,0.0,28.15999792745604,27.613220633864824,0.0001684563050183213,10.421973832037496,25.399998911853586,24.699999337255,43.199993040630545,32.824998049240534,54.179995693232726,44.92897716171237,74.98687833685511,38.29541190803201,20.89799900332593,1.6799994687296298,10.381132734401437,19.619996987841407,457.29074148277374
t87,0.0,28.159983042608673,27.613144994580995,9.098501071916557,10.421974062687706,25.399998915483888,24.699999334344888,43.1999931208055,32.825001201121864,54.179999502707496,50.37265115447477,66.18613418214079,36.37705652333472,17.58774738347345,3.8960934415040386e-5,5.48920569460525,19.619998497962705,451.2314276431836
t88,0.0,28.15999846874132,27.613221311886157,19.75997293744678,10.421973610256837,25.399998852991498,24.69999932208851,41.042182521013885,32.82500127022964,54.17999957286263,50.43212011379699,73.46995155277806,36.35753993023791,20.89799903623198,1.6799994772821758,1.1375090140755943,19.61999883870016,467.69746583062016
t89,0.0,28.159997789998155,27.613220388349767,19.759988432725162,10.421999184760795,25.399993775278052,24.093544415658435,25.62687790476222,29.94540797456679,54.17995357914513,56.32281122546745,76.76006654155076,37.86603671754852,20.897998404559072,1.679999121340602,3.4390719522028426,19.619993795047936,461.78696120296166
t90,0.0,28.159923508468502,0.061989154626905955,3.985469511470196e-5,3.4852115264461885,25.399992197827384,0.10929874562315833,10.410140566980424,2.7973464676590366e-5,8.895427242401205,56.32298248026771,58.87876878665403,25.95707123867114,5.343866328141042,2.6769125586217966e-5,19.403963724728555,19.61998907472689,262.0487191728485
t91,0.0,28.159966349921046,3.27220116736522,4.190234393260998e-5,4.074274926882525,25.39999249581926,0.08881955467871862,12.600473747091451,2.7431322433100214e-5,7.092116532069237,56.322984476733254,57.9965933922574,21.218958965101464,6.986540791005712,2.6821350698696936e-5,19.403966765153964,19.61998940803237,262.23697472712877
t92,0.0,28.15995502202214,0.0025299823101764354,3.418769952531785e-5,4.24886469795732,25.399991943035577,0.0006227695092719859,19.616522961377385,2.7676889752781415e-5,13.626372690252799,56.32298463799272,58.52255712630637,26.482888103900738,6.527623585053847,2.6797942041499117e-5,19.40396935442321,19.619989539642365,277.93496107631523
t93,0.0,28.159972015627055,10.042443664289461,4.5250619996718227e-5,3.9728211121244725,25.399992177264632,0.06673657281527463,15.505384223602283,2.8103573029224696e-5,9.844290320309012,56.32298335123281,58.127927617087636,21.47509241303766,6.621314770032188,2.6770355818182538e-5,19.403966481467812,19.619989243270503,274.56301408670964
t94,0.0,28.159953647748086,0.3284245469820484,3.9984022765707554e-5,3.828612529494451,25.39999151400662,0.05086560272369585,15.324200630016025,2.785270490484449e-5,8.62174829597102,56.32298137686963,58.15896055120067,23.98467795732873,6.252383534726867,2.6811945881062346e-5,19.40396849264723,19.619989015296095,265.4568523436847
t95,0.0,7.811604467544851,2.994311515261416e-5,3.2477051762059585e-5,3.4759564293649174,25.399991468675605,0.09744852884708696,13.755530858242766,2.770820127669215e-5,5.9877523729669,56.32298180718113,71.32853268886574,30.857183560920582,5.951055150005456,2.711627060758903e-5,19.403966227768517,19.619989098221215,260.0121099032436
t96,0.0,5.33714969521597,3.2391213732277294e-5,3.328133736501592e-5,2.4262056673709163,25.39999229517172,1.2707242651189234,14.16339291968328,2.778855851608456e-5,4.023334575404583,56.32298301109177,72.5719173068653,29.20345799479768,6.882913452089096,2.7233511989409702e-5,19.40396628952564,19.61998924344554,256.62614741040204
t97,0.0,3.140913838876448e-5,4.628732391644305e-5,17.037379592358107,0.6434087170938875,25.39994034774372,5.39415285817048,28.103817651182343,2.889935403073103e-5,43.20559749052119,56.322775942971425,35.21576642497799,24.221201577481896,10.59842868741327,2.433751888644677e-5,0.9879309370771884,2.7454037954566768e-5,247.1305586143647
t98,0.0,14.90010353503167,27.613025267040264,19.759938963270287,1.5910322160436572,25.39999215042958,9.109670184821761,27.531402938505675,3.583697259946262e-5,36.426513878626594,56.32297320716706,40.534200099985775,23.975347612319343,19.39842777959361,3.0725444759667824e-5,19.403987902308653,0.3497179127884409,322.31640021034974
t99,0.0,28.159983348359184,27.613203782725787,19.759988155858718,1.330592389653307,25.39998370264281,7.913975596044195,27.491816988893067,3.593651202779126e-5,39.78334167865728,56.32297147334781,25.96219957949102,19.5271780842788,17.879345430730154,2.978801155002789e-5,19.40398630576844,12.211025036109145,328.7596572770833
t100,0.0,19.277415510947996,27.613037957979458,19.75994057641038,1.3509645821929104,25.3999940060866,7.898146177434742,27.666562622113776,3.5139282997708814e-5,38.90471552074121,56.32299105762253,14.206223764640693,16.073907429015495,13.290041763766164,3.078592452782858e-5,11.531487650559647,19.61998827986877,298.9154828245879
t101,0.0,18.398996038359417,27.613015425314664,19.75993527719814,1.2508974131018276,25.399995826442204,7.56400851795832,27.519688972374215,3.498237152021616e-5,39.590343295400025,56.32299336524937,0.8924623804867892,7.424594549493261,15.08027839342167,3.213711868840369e-5,15.36499104340965,19.619993102202944,281.80226071990273
t102,0.0,21.619435904953335,21.26701363653852,17.491640678845172,7.57202817304696,25.39999937597416,19.024084766685398,40.76178225573622,24.55419289732903,43.154535283155205,56.32299873724734,59.6024930600979,32.049288084276235,19.75697145108884,1.2898931033410062,19.403999503012265,19.61999285608319,428.8903497674107
t103,0.0,28.159999379014494,27.61322274185875,16.614958518615428,10.421980547088264,25.399999537838163,24.69998072622831,43.19997936371412,32.824981848769255,54.17997977643981,56.322998985333754,77.8399791811491,44.392425543325956,20.897999677594694,1.679999832972996,18.117404185883284,19.61999850936655,501.98588835519286
t104,0.0,28.159999432573127,27.613222829221023,16.723084510851304,10.421982032914837,25.39999917652128,24.69998218162386,43.19998087761396,32.8249832868489,54.17998128860115,56.32299844108806,77.83998087192425,44.392427255361106,20.897999690240155,1.6799998437689068,17.962728099593836,12.317298705124433,494.6366485238701
t105,0.0,28.159999420057126,27.61322281775256,16.262786076098486,10.421982299566517,25.39999913490311,24.699982237942738,43.19998079439362,32.8249832727073,54.179981322822385,56.32299837863838,77.83998089837084,44.392427285893326,20.897999685666516,1.6799998430110408,17.442027643010725,14.864251313935855,496.20260242477053
t106,0.0,28.159999418461098,27.613222815252836,15.453830675381585,10.421982321043867,25.399999154869153,24.69998205492629,43.199980639266414,32.82498332095793,54.17998134912049,56.322998406346855,77.83998080014068,44.39242726393555,20.897999684906033,1.6799998434800694,17.074088595457624,14.977069368968111,495.13852571251454
t107,0.0,28.159999423317636,27.613222821913777,14.606572527937857,10.421982282592905,25.39999916194123,24.699981316074958,43.199979964541626,32.82498358192025,54.179981629102976,56.32299841881704,77.83998082836368,44.39242725968025,20.897999687664594,1.679999843860225,16.90253690674369,14.010946195355222,493.153591849828
t108,0.0,27.555136125889685,26.755182175030452,13.63193684583865,10.421982287947094,25.399999208470238,24.699999345026786,43.19999832636639,26.896135591195343,50.08383951025478,55.2252282323004,72.5595929732559,38.33389213629069,20.60314165464576,1.5306793756386496,16.384130610385647,14.659212276386517,467.940086674923
t109,0.0,25.11247516473587,22.402908146455513,15.942653403673603,10.421982387440263,25.399999147315057,24.699999410805294,43.19999834776772,25.65113762740754,49.900870849637805,51.042749301014894,72.13892697711383,38.81266406040913,20.026797503952988,1.329754746169806,16.350697377522305,16.441500953059265,458.8751154044809
t110,0.0,25.784233029326053,24.148530648871773,17.611884307997162,10.421982588709199,25.399999135057087,24.699999437672354,43.19999839977738,27.246834258794195,49.37775986998461,52.00399055037052,70.21145266075261,36.94902928149231,20.42287559212539,1.45634392619369,18.256191539396312,16.963240377410315,464.15434560393095
t111,0.0,25.41423551719658,23.64498947302178,18.521654107814665,10.421981915437271,25.39999917241547,24.699999398423973,43.199998403933094,26.969881501993434,48.76150269834755,51.754286329279815,67.72731766323015,35.02182210196385,20.61459389285545,1.5330622913435723,19.403999441951353,19.619997648669784,462.7093215578778
t112,0.0,21.877420051301158,19.80365755194059,19.01739610588098,10.421980989437838,25.399999201914536,24.699999391907713,43.199998426827165,28.6984787752711,49.995444288705116,47.60867867723841,65.86690261753758,35.17507060712511,20.671144814972,1.5579089382417757,19.40399956744361,19.619998633802332,453.018078639547
t113,0.0,22.658923429569807,21.268557207841713,19.479321132190414,10.421979595925697,25.399999194300225,24.69999932934412,43.19999841990642,32.1250792182859,53.55194958809856,18.025058691670242,65.61772501665146,35.95362705339268,20.80658431748473,1.6285163845752668,19.403999673347162,19.619998570555694,433.86131682314016
t114,0.0,0.00010154801860359917,7.302061536678056,19.759912977585117,8.36007724815731,25.39999772977241,19.84147118090147,43.19999862506259,19.35453819808894,54.17995006330996,56.322996027808664,30.64781088533116,18.82354339789492,20.897919826674293,1.1269240610438942,19.40399927267927,19.619996503548542,364.24129908255514
t115,0.0,3.097493840956589,3.187881237480618e-5,2.8551036572700246e-5,6.0000965124646575,9.045263517059338e-5,7.123377162929299,40.47611673288391,16.41957176439907,54.179969466496054,3.543883696964767e-5,48.369096336714655,30.605989443472193,19.315978058535222,2.5257717182371977e-5,3.2023132308077886e-5,9.549472793886455e-5,225.58802841575016
t116,0.0,3.191765308772386e-5,3.782526322184666e-5,5.443743155372773e-5,4.105201702664226,24.15445708297459,0.0001487870883194468,15.804134800408677,2.8431384488670336e-5,41.07488352542103,3.4956688885671484e-5,46.97413541320071,29.457749129785434,14.997573090515214,2.5174279839540402e-5,2.0896569216567578,2.5687713153567765e-5,178.6581788841292
t117,0.0,28.15999910973212,27.61322205064138,19.76000141042434,9.996329976537309,25.399999788320063,24.699999065483624,25.466727817514048,1.2130480404067108,54.17998738048915,56.32299918550734,30.35656217799544,23.617559017113283,9.327909535960378,8.960758579642383e-6,19.403999346124383,19.61999915993079,375.138352022939
t118,0.0,11.81906922112971,2.7354159523989653e-5,2.4744482998794757e-5,3.262515222109805,24.38114702238863,1.7487284564230132,14.442111632601659,2.532844668769142e-5,36.22516029884854,7.048693669437871e-5,37.71932283859193,19.704756765059766,16.59244956692691,2.424446053591842e-5,3.50334019504677e-5,2.6599158626740765e-5,165.895494815127
t119,0.0,1.598295304224884,3.1242836836531775e-5,2.7082737672951822e-5,1.0214733986493019,24.473574534367547,5.297274955832567,19.286612020669455,2.6637121532103858e-5,35.896597330120564,6.367985060549302e-5,38.92494807414362,20.657113077434307,16.34813839888494,2.4135726253059195e-5,2.842910940680918e-5,2.6155990986598543e-5,163.50425445770048
t120,0.0,0.7652480236913765,2.8989083008381788e-5,2.6184974750959272e-5,2.4451612128922857,24.265363598210428,1.8666714820850827,17.61039415586846,2.8624619472051166e-5,46.557087336604475,6.500635033233741e-5,45.54004976710805,33.403624055016216,14.064525727450963,2.5175135216424763e-5,3.573373105042811e-5,2.913629961856113e-5,186.5183642091208
t121,0.0,2.2435969662590622,3.2855190341961495e-5,2.872279929092405e-5,0.8884952966390113,24.597105455770446,3.3925954650337484,17.60506122410503,2.912073700217502e-5,46.7557027463062,7.518717311342154e-5,34.58655997618119,27.560569693427144,13.867489275812016,2.4998121922980586e-5,3.294028441108389e-5,2.7325994335227024e-5,171.49742724983423
t122,0.0,14.70195499374986,3.413376885318648e-5,2.985944121868802e-5,0.027830288557007508,24.81645918623582,6.403291900159764,16.707004101730035,2.9880498344906908e-5,38.93758632518189,7.494816940636246e-5,25.642941228872925,18.26390250807286,13.78901360776727,2.5182661576027126e-5,3.8106994128653906e-5,2.556984005664613e-5,159.29024182170104
t123,0.0,3.2681227073836474e-5,4.745810648348434e-5,9.18838915887103,2.8767193398452056e-5,24.64636791688757,6.378125726170167,17.60685096362676,2.7445797744743303e-5,18.140790214840074,51.210767028735475,35.358470714523946,16.522966040330626,10.23791610113863,2.4327664497449273e-5,6.91762871723992e-5,2.4981839852516285e-5,189.29089870324054
t124,0.0,7.791764756589959e-5,13.341882423486652,19.759911707720477,2.3264226208315537,25.39999738617266,10.331194770940769,14.62515051374043,3.576851968383475e-5,6.159573104479335,56.32299450859453,35.338564637730826,6.117296754870371,17.270565022674948,3.129628984709551e-5,19.40399799986105,10.4917947102263,236.889491143787
t125,0.0,7.671886379172366e-5,22.95782370004207,19.759906527679888,2.325502878688686,25.399996884484246,10.002591535387078,11.333551218964498,3.9512415605134506e-5,0.8126220433357864,56.32299364381272,26.327997734601837,1.2928832844170584,16.790349820244916,3.258283544863339e-5,19.40399665128674,15.545451335136915,228.27581607219733
t126,0.0,11.193693448821442,27.613054393678734,19.75994848422189,1.6162057672056733,25.399997224395026,8.698011217911612,10.114907538348476,3.8527181970876e-5,1.112247712168632,56.32299472897422,17.434006852423465,5.5372783908435714e-5,13.894630170318267,1.5350854563790426,19.40399763003925,16.722997511967648,230.8218720368193
t127,0.0,15.656665764989288,27.61303991429338,19.759941482102867,3.796716564624772,25.399991151590964,8.326069177994583,11.31354752066908,3.3374863371506235e-5,24.382293007012716,56.32297441024739,19.21743552968651,8.800978586822039,17.987041670357883,3.096868588363563e-5,19.403995294091562,7.1634561799069605,265.1442105979392
t128,0.0,9.354421460908698e-5,0.009588752213791947,19.75992103336437,7.342763847891065,25.399981891469636,19.95909050578805,23.1944396589484,2.28122348754283,54.179962570993325,25.88074113888626,24.473240116878895,23.972084795528374,12.314278756278602,3.214123018055478e-5,6.620143679051348,3.803522681442926e-5,245.3876239555066
t129,0.0,21.253025011012365,8.545872034370169e-5,6.80491262510402,10.421779619154064,25.39997653079217,24.699999261897315,23.45181618098327,26.757751422943336,54.17994731732846,56.32299661780224,38.79563403034763,24.22132031699973,20.89798531487576,1.6799906814349692,15.095113427527266,19.619997865448365,369.60233168237124
t130,0.0,27.004653412142765,6.408456538870305e-5,5.221566822611345,10.421797386089178,25.39997848220137,24.69999921553423,21.257513893472403,23.77652146507857,54.17993099105306,56.32299640955549,45.93785168886724,27.591919333727986,20.89798631070226,1.679991379811701,13.40563112202442,19.619997898118196,377.41839989555564
t131,0.0,26.98736712497018,6.898676884128169e-5,4.592252597981474,10.421796559388286,25.399979475103937,24.699999166203995,26.837003856994052,27.57054435797685,54.179923943843505,56.32299665519202,57.668584422911074,34.18464383642864,20.89798622468813,1.6799913839384168,11.432786510410798,19.61999788492334,402.49592298772353
t132,0.0,28.159978415441024,22.343495468900592,6.892548706572977e-5,10.421794057265839,25.399980183121947,24.699999143647197,33.67076206652164,32.82500075142107,54.179998872025685,56.32297322491672,65.3548965367503,37.98081305833618,15.086063422430813,3.2941470097392595e-5,5.6252814570757295,19.619998486781185,431.6911370115931
t133,0.0,28.159978208154204,19.384995004559258,5.012196537322478e-5,10.421797299669237,25.39998000580419,24.699999072834157,34.294650537361505,32.82500091947355,54.17999922250391,56.322976573672015,77.30818120341473,43.88479344853231,17.055809844789596,3.133248800399051e-5,3.252079584735951,19.61999851867029,446.81032089862833
t134,0.0,28.159990574038265,27.61308170388771,5.971735709280275,10.421800640191286,25.39997973508864,24.69999907677444,34.50581505074631,32.82500099662758,54.17999923628193,56.32293985663283,77.8399849734089,44.392445714556,14.233418060575305,1.6799997514829452,16.62486011587496,19.619998563271164,474.4910497587186
t135,0.0,28.159998941138348,27.61320857781972,19.759980742210114,10.421781080248712,25.399991471805837,24.699999306949696,35.284688171809414,32.82500037895533,54.17999956495743,56.32294616635303,77.83999908376903,44.39243956315341,16.396564608011566,1.6799939146473404,19.403976149655676,19.61999859886558,494.00056632035023
t136,0.0,28.159998833674017,27.61319599657081,19.75994490661059,10.421749854356584,25.39999924631928,24.69999945813643,35.516085594190336,12.208250526723214,54.17999907643969,22.221721255842585,77.83999904624355,44.39242625868729,15.845306569496229,1.5916709812464394,19.40399160602573,19.619995814085517,438.87433502464836
t137,0.0,28.159998839272305,27.613197219307086,19.75994782721996,10.421747515003197,25.399999165899676,24.69999945632188,28.311593377049213,3.7096786512330984,54.17999904220973,30.732293281287934,77.8399990004154,44.39242833079452,14.886938905922598,0.2940691055209949,19.40399203719892,19.619995516784826,429.4258772714413
t138,0.0,28.159999329732507,27.613214919297768,19.75999073490573,10.421996682131384,20.774693844083917,22.730118501246693,20.87736818217429,11.956758245487748,54.17999945121475,28.042817028996428,77.83999936975945,43.76978552365194,14.986218833355561,2.6705335641090136e-5,19.403999262372814,19.619992227540404,420.13697884128703
t139,0.0,28.159991658017187,27.613180517485258,12.0727632154767,8.991082643330198,8.307475826504353e-5,15.39704891383988,14.693127396067043,3.070489285407328e-5,51.25335514596861,7.151745224095177,56.955020340110146,35.80000734053159,9.666215534814695,1.69031650952352e-5,19.403992211888553,3.361645208252432e-5,287.15769444089335
t140,0.0,28.15997986922081,6.068552668163643,3.878182736915016e-5,10.42199836385553,4.775693234631317,16.005611604305667,13.493035640588609,2.818412513680008e-5,51.96746606411567,5.1308271110447674e-5,40.2019039702375,32.02866307541014,10.683678068241868,1.5392733902460445e-5,7.629920010115982,0.00021467584794436352,221.43685091169226
t141,0.0,24.417579465499422,1.886982925040985e-5,1.8200454939497853e-5,10.421998123630459,25.399995887883964,21.729124160918683,17.869937453981656,2.339528326565402e-5,47.4036946705764,43.86258171820859,42.877308145655746,32.881073532721956,10.66040799976848,1.526128793612814e-5,7.587590984696098,0.00016699245576583347,285.11153486285264
t142,0.0,17.06331338009617,2.221987696181058e-5,2.2883385066108266e-5,10.421998187536143,14.04151875758464,11.217250317946258,10.347483919729683,1.9615766246622675e-5,42.01550427000503,3.6760016340549194e-5,47.631100711808784,31.67469774453331,12.529288992476198,1.5253445707046123e-5,3.2919571745529277,0.00017016214048261704,200.23440035089996
t143,0.0,5.77931591065867,2.745711108388588e-5,2.5588791132078075e-5,2.2756708639803325e-5,24.090164521004294,7.467703673627943,9.191672891758024,2.256978412140652e-5,9.044206892025082,21.69627276919046,55.43968289410513,28.341321903973455,2.348672785960806,1.679292165840394e-5,19.403812925742237,8.319253959535805,191.1221962928986
t144,0.0,28.159987045942156,14.634889602221195,3.8261506165622754e-5,4.088756044790921,0.00013166209455369005,0.20472868885313888,8.45753598541351,2.5079875391234857e-5,32.04552511315825,18.229212009019086,41.21878812535225,28.163436205128345,2.3691781531093854,1.685895546865722e-5,19.403992167680563,7.949968582252615e-5,196.97632050278617
t145,0.0,28.159976148116346,26.569696424513733,5.47435338157483e-5,4.0148579968739355,0.0001366174700385272,0.21989503565254515,7.822095239311029,2.921666563813962e-5,26.529225349203834,0.0011242195978910302,41.91311712418629,24.420388316700354,1.0462053197955534,2.3427798426574118e-5,19.40399476593003,2.9355433925877702e-5,180.1008493007834
t146,0.0,28.15998357192592,17.69354893865151,0.00016726458276518927,4.363604172164924,3.246634260674199e-5,1.2987270450750055,7.790321867297803,2.9511620374416174e-5,28.70918192605273,5.0766314070845945e-5,42.58063469437786,29.859734401665534,2.6797458407709345e-5,0.0074913398421326115,19.40398873226112,2.7714403189288098e-5,179.86755121003597
t147,0.0,28.159984334698134,6.831943203333408,5.117925957267026e-5,3.512098452948498,2.912958423135838,0.00018992374439431164,7.801325652213077,3.089501532099469e-5,27.78268526462936,3.706212692203761e-5,43.05297500169056,26.247897116227445,8.354301103129309,2.4583176945422065e-5,7.165875177051121,2.701691189630591e-5,161.82240438929182
t148,0.0,19.811855590001638,3.979620923786223e-5,3.566453464572302e-5,1.887073698718265,12.271701946632719,2.4611330784950947,7.564379005124681,2.8958590659425134e-5,24.65520033577137,7.724317456845437e-5,46.89726593713168,25.930984809639963,11.986629758684883,2.509315639431774e-5,4.008119270483864e-5,2.6512160222729123e-5,153.4664975092187
t149,0.0,5.907424974260081,3.7022542196463697e-5,3.2167080546741496e-5,1.0055613790694538,18.625363777923333,3.911985586679969,8.088812252180693,3.4624473005222046e-5,23.47193547515645,8.498934135308501e-5,50.48871309161278,28.094046929896408,11.52514028684556,2.781134396140509e-5,3.800314453521916e-5,2.6430289960209878e-5,151.11926480184025
t150,0.0,4.822915065675149,3.7796232889829785e-5,3.319856533590981e-5,1.0800487718861342,19.504427552730085,3.999923732054743,11.452499236310619,3.1201388285973695e-5,26.069066323618458,8.206611693256289e-5,51.58767074404439,29.44701289955791,11.948589661642403,2.5786351868577126e-5,3.536761828382074e-5,2.546648898548532e-5,159.9124248702825
t151,0.0,12.879242175004185,4.590315742921651e-5,4.0276997958562554e-5,8.970330567661657,25.399982875727318,20.07638411771889,29.195452087413205,3.6772568871071986e-5,53.21733377704633,56.32281325723578,38.700804989743894,32.85928636772871,12.643509241010653,3.103058181593377e-5,1.1225172427285504,19.61978077354655,311.00759145587176
t152,0.0,28.159923177148595,22.334013306850565,5.490620228148596,10.421976122379299,25.399998412646106,24.699999392906182,34.04509118698138,30.14526250609398,54.17982791123201,56.322995089448696,77.31986933026782,42.07543990693937,20.897984000908746,1.679990896215111,16.95267080570079,19.61999699919321,469.7456592730605
t153,0.0,28.159858178507722,23.834664746951315,0.00027254409625463046,10.421977999289624,25.39999908765389,24.699999487752073,43.199995879217,28.849590201712218,54.17982975518269,56.32299518862181,64.21004522451338,40.329455358440605,13.06855324370363,9.151197877234239e-5,5.010363050462214,19.619997028982716,437.30768848706595
t154,0.0,28.159890726371373,24.967319781966523,0.000272500410913393,10.421980132046787,25.399999173825094,24.699999500391453,43.19999786961817,28.066137888113616,54.17987592698236,56.32299553199742,74.96718993050776,43.51057429005303,15.596851011298222,0.00010510692698446139,2.8969146339269267,19.61999703519369,452.0101010396303
t155,0.0,28.159997909856045,27.61287331647148,2.724750855236213,10.421980731468878,25.399999207682256,24.69999943232988,43.183681153128866,27.33174250655285,54.179998783831756,56.32297741658969,77.83999887847742,44.18868975252642,15.406590826969119,0.00010321056785596877,6.240379518459697,19.619997042833447,463.3337605429819
t156,0.0,28.15999953924261,27.613222698348828,19.76000226626537,10.421980958038134,25.399999167143818,24.69999943662999,43.183186321277354,27.693723113071655,54.17999877695709,56.32297837500387,77.83999886518498,44.20048369127922,14.920351050549923,9.747695737288945e-5,17.712684451234285,19.619997062569745,491.7287032497542
t157,0.0,28.159999437867377,27.613222246200714,19.760001828650143,10.421981333494038,25.399999233864836,24.699999444751967,42.68383242358743,24.716536558056465,54.17999933946038,56.32297776088187,77.83999934282696,44.392411339898274,14.707688968243003,0.3745918585405604,19.403998027387765,19.619997084918037,490.29723622862986
t158,0.0,28.159999418585613,27.613120094812945,17.324760712101654,10.421981301335286,25.399999270374117,24.699999453107164,42.64073358794304,24.198913342703783,54.17999960671419,56.32298390106557,77.83999957756926,44.39241305065612,14.872035203208627,1.141005730448468,19.403991133183172,19.61999855187111,488.23193393568005
t159,0.0,28.159999450780433,27.61309298890319,2.2287499750828315,10.421981366766733,25.399999157621878,24.699999426273184,42.72042845765839,23.80761200417809,54.179999651539966,56.32297019228344,77.83999960023749,44.39244562259166,13.603544904863803,1.6799996124351775,17.040816301752905,19.619998704870905,469.73163741784003
t160,0.0,28.15999961135442,27.613198152142473,19.759948652200887,10.421981394803034,25.399999195715882,24.699999443408252,43.099269691790624,26.816913728140804,54.17999973157467,56.32298047210934,77.83999968820679,44.39242863337488,15.687822060826583,1.56446338195738,19.403991256144945,19.6199988536721,494.98299394742304
t161,0.0,28.159998799235634,27.613199694529918,19.75992152698923,10.42198126701214,25.399999034999087,24.699999523595505,43.19999812750991,32.825000641271,54.17999959649178,56.322987147591185,77.8399990917262,44.39241458395359,14.54996628125552,0.06930643243514624,19.40398788978633,19.61999891337445,498.45875855175666
t162,0.0,28.15999880331482,18.958841683554,5.626947928009283e-5,10.421980604352507,25.399999569306978,24.699999572101255,41.07489148666987,7.243466645111004,54.17999901961131,56.32292013641436,77.83999899790952,42.648406420167866,20.188473600621208,3.154563227356591e-5,4.959377743709853,19.619996589941195,431.71843868789733
t163,0.0,28.15999711429443,14.719569589582584,5.916915981436232e-5,10.421846431287763,25.399999394174404,24.699999540835634,32.95662042788894,17.227152291092477,54.179998413058215,1.871762321927254,77.83999746134701,42.84642233095286,20.169685937894094,3.090637347690042e-5,3.707817051995922,19.619996002356018,373.82095438422084
t164,0.0,26.076386309449354,2.3027546769085135e-5,2.1050928071301504e-5,10.421998666337075,21.865493909988494,17.038674832886347,19.357326679187658,11.08439944480748,54.17998161223162,38.993957874358266,41.37592032935085,34.61354976518763,11.685056206229634,1.5034959155988785e-5,5.955285553574547,19.619971858837783,312.2680621558608
t165,0.0,6.664565518187612,2.842236546520361e-5,3.6700513389649326e-5,10.421998613513555,25.39999571270066,24.244077517184362,28.069437286424037,0.04561681143551282,54.17997705225256,56.322915162901374,41.91043010098724,33.59557777480741,13.349137771637302,1.5178355913987453e-5,2.8800283134600804,10.70657113910153,307.79040907582794
t166,0.0,6.717206283942831,2.6615121716598807e-5,2.74650946316504e-5,10.421998485255697,25.39999374558147,14.373888200829864,18.53024991406553,1.6610599131046436e-5,51.90777679434714,8.846508403231091,41.914042513516485,31.468627209862035,14.698069377432871,1.4649457033759215e-5,3.564125631795949e-5,4.184800234384937e-5,224.27852375759616
t167,0.0,8.078178519437582,2.6644280184659383e-5,2.5590657341937573e-5,2.126084584099029e-5,25.165547276103798,7.618133397505922,16.720066670438374,1.9641001674509676e-5,24.056664031790177,11.929467810586544,41.65743043262559,26.834951715962355,3.6092313157545477,1.6123858544687984e-5,17.73555029615625,0.00029504678454293234,183.4056257737893
t168,0.0,28.159971281690417,1.3919846091730068,5.7197678774934644e-5,6.49951523143838e-5,20.557988581384794,7.084915901196316,18.46182811864609,2.6219313222811848e-5,35.93548481885219,0.43524282577072615,29.40158446552507,22.296844878598264,8.113944080647899,2.261695490910323e-5,9.334521957920876,0.0006835124873674486,181.17516606099227
t169,0.0,28.159969301219796,26.768555896724003,5.566671846748442e-5,3.312559479671436e-5,20.996666035157293,6.7600404385484945,21.66785939647804,2.5333521476339513e-5,41.17664197940623,1.3685965744909616,29.770541472444283,24.792270496761574,1.1211373125559951,2.364066111726862e-5,19.40399469353355,19.61998425994491,241.60639562376096
t170,0.0,28.15998979735834,27.613188548724466,19.75970676695062,4.518171768123579,2.5963199274107498e-5,1.4964402742526552,20.24504847436681,0.21626273710162958,54.17997221055826,5.026471471383911e-5,30.496118847014557,28.056210849372114,6.411250659887875,2.3134570390216324e-5,19.403991819504572,3.0049722990612873e-5,240.55648216542284
t171,0.0,28.159995653103856,27.61321584114881,19.7599932161223,4.780817765904121,0.000155222173662792,2.2671202825352257,23.7493242641021,13.79033768610948,54.17997253673176,36.186082395803034,45.8444501125208,29.21749418913092,16.58301930256409,2.5080599828568932e-5,4.573994772134243,19.619965119808967,326.3259634404932
t172,0.0,28.159988375928037,27.613171616323246,3.9359878577278575,3.416319316134032,4.6029646763689265e-5,0.06426427382460609,22.86842701734706,4.163155501655191e-5,53.911861090194975,0.00015028194601136025,27.740602365356555,23.683305850602743,10.516748126657781,2.5274941754010952e-5,8.626737829757964,19.61923592985528,230.1569128677997
t173,0.0,28.159988876964974,27.613171560259662,7.617483583883349,3.6715566264119737,4.117690921881722e-5,0.5853334837557647,21.356693589843402,3.576962015106578e-5,53.27089875261191,9.708218063022333e-5,18.617714478012417,19.153290970635723,9.40457765794645,2.4131115630378753e-5,12.215708136077012,19.619247953601697,221.28586382983
t174,0.0,28.159984852272764,23.819435451826138,6.19559371963291e-5,1.2686095547597636,21.786747965015117,3.7246147067822917,21.649057289166574,2.707200303677262e-5,46.43050392435805,8.215365640805847e-5,26.02448900782568,17.82290130345931,10.763656346312187,2.5199079237032077e-5,5.950053845985417,5.162064289783194e-5,207.40030224908207
t175,0.0,28.159948451984427,17.568633903700626,0.00015776769500796254,10.421974505128048,25.39999954979234,24.699999444454523,37.947430425568406,12.203642982263721,54.17990400964691,56.32299807155765,22.243788615191097,9.746913864121073,20.897872110394793,0.9447694300798791,12.173075998303673,19.619997536633647,352.5311066665158
t176,0.0,28.15999873776518,27.61322182657306,0.00017115834189919657,10.421978899541019,25.399998899282522,24.699999384172543,43.199998368809325,30.990291776706105,52.18451350322068,39.97417171132676,71.63951927059351,36.90899938759157,20.89799942326183,1.6799996922158298,11.462293460517163,19.61999713016005,444.85315263007897
t177,0.0,28.159998667586592,27.613221892811882,0.00019953869158049721,10.421980810579512,25.39999918623755,24.6999994295903,43.199998391009125,27.024183287920287,49.85002139771286,45.971854523943826,71.162827300352,35.58635971137628,20.89799941836548,1.6799996946050189,9.48760047018563,19.619996934660488,440.7762406556285
t178,0.0,28.159998692932163,27.61322190837487,0.0002331664748362944,10.421981377833056,25.399999221064732,24.699999436610458,43.19999836175127,25.776953839663214,50.052794469557305,47.548324543509565,72.57672918745739,36.06722812474137,20.89799941425101,1.6799996936682442,7.61575713398076,19.619997102102847,441.3312156739731
t179,0.0,28.159998681087156,27.613221887937538,0.00018391949467175093,10.421981626441127,25.39999923163,24.699999442800053,43.19999832127386,29.66940383556436,52.9875053778921,46.82398895009672,76.34598820197019,39.17483802464738,20.897999411312522,1.679999691938978,6.119586543486584,19.619997174596246,452.8146903221695
t180,0.0,28.15999869084481,15.92088606768044,0.00014160691915094767,10.421981680800476,25.39999917995404,24.69999944069439,43.19999842173867,30.963920353774235,54.179999010403776,49.88798764044618,77.8399988994642,39.562125915723186,20.897644684604156,0.0002115744979653226,0.30049903809108164,19.619996817556252,441.05538902319296
t181,0.0,28.15999855010279,0.00019290000710785285,0.6392879667673763,10.421981797110806,25.399999153586126,24.69999941540587,43.19999834484511,30.675351029073806,54.17999915635734,48.216881367106396,77.83999900882885,44.392445882256936,20.280299242007988,1.679999801410998,4.7659314537963535,19.619996864333295,434.1723619329971
t182,0.0,28.159998802535913,0.0001763831048987925,0.48658092441626305,10.421981433905406,25.399999111399545,24.699999359287165,43.19999822118816,32.05168085927443,54.1799991864392,45.46799136354993,77.83999912917349,44.39244587664062,19.971418380067043,1.6799997942703462,7.1429124221608316,19.61999711551841,434.7151783629316
t183,0.0,28.159997909367053,1.801572360022539,19.759999664339468,10.42198143156443,25.399999079604264,24.69999933001499,43.199998252186745,32.77441054174065,54.17999916938099,42.695643237603115,77.83999915057228,44.39244589180385,20.897999109597052,1.6799997167545533,5.694313844797733,19.61999825599829,453.2183569453479
t184,0.0,21.80653702707735,5.936517223420416,19.760002118575763,10.421981352784243,25.39999920632843,24.699999325156735,43.19999831169151,32.82500088443024,54.17999917159717,39.58278283879378,77.83997810747884,44.392445949033416,20.897999644936107,1.6799996277690357,4.672089036791912,19.61999840433348,446.91532823019844
t185,0.0,28.159998515269923,4.496764346038869,19.75991058144994,10.4219811632581,25.399999059748794,24.699999262830456,43.1999982479174,32.825001207260996,54.179999685984924,47.255675621708484,77.83999907126969,44.39244042145451,20.30679068164883,1.679996244039741,2.1192900500355982,19.619998674639298,456.3578428345555
t186,0.0,28.159998443877143,3.6682054859889376e-5,4.7403631249997064e-5,10.421980563780192,25.399999574171414,24.699999579101533,43.19999865192487,31.2991734152753,54.17999886459329,31.319297953526142,77.83999886305074,43.60214494480647,19.403592358304728,2.3073880664000316e-5,5.353381312942353,19.619995567405418,414.49966725232633
t187,0.0,28.159998183089183,17.740092575546356,4.053688417974212e-5,9.956794901310285,25.399994437920245,24.699996850328002,43.1999986516701,31.545734017824124,54.17999889861354,40.01528845239711,77.83999712006676,42.996230242350514,14.459959933527605,2.363082082412727e-5,13.399778640097503,19.619995334991355,443.2139224074377
t188,0.0,28.159992775104946,3.105093126863455,1.2722097246004934e-5,10.421997403258873,8.220888153265308,19.018788154741465,33.35401016431985,32.825001516209724,54.179999900900505,6.042346264064435e-5,64.28668227173888,39.28290111551562,15.715259797936307,6.088800046064471e-6,6.591055933452432,19.619999266700148,334.78174881436746
t189,0.0,20.59970687155265,3.10425369312652e-5,12.573092653958792,10.421996940152805,23.226137099213936,20.271608044092964,29.58239676253525,31.586395781897203,54.17984979628591,5.170776953190569e-5,67.429497799552,37.65806921692244,20.897990049916668,1.679995237980891,14.88825173694018,19.619978711306185,364.6150494526143
t190,0.0,27.33412821647386,0.00016935677681389807,7.475332706568394e-5,10.42199698507288,25.39999324262936,15.615368406237376,31.471353376797463,27.89818159229444,54.17993723592689,2.8781924834749718e-5,58.91363923529019,32.81014438202805,20.897945976130828,0.7408156321818482,5.202865584804848,16.273110279398928,327.1597530372957
t191,0.0,28.159969383306372,5.234648561359143e-5,3.0249486541066558e-5,2.3086983412663185,19.95222062707486,3.6510537843843784,25.895185611132764,5.172594182491978,54.179972192180315,8.296229380984483e-5,34.113108399258294,30.30247534288094,7.253148302153859,2.3592631042495548e-5,19.403946950638225,4.857141785938546e-5,230.39261083908315
t192,0.0,28.159984973336165,9.631438491718512,5.131291962279491e-5,3.486720727247529,4.991004150891064,0.8678727980065994,29.075923635238485,13.520912689273526,54.179969894807755,6.596561288245958e-5,44.197636777836635,32.87968983214603,8.526959575351995,2.3876762779619998e-5,16.497853004372065,3.384238336711547e-5,246.01614154790505
t193,0.0,28.159977473807672,25.098263407763277,7.020051134800535e-5,4.557834520135446,13.605701918654507,6.581941994102708e-5,14.563460315688099,3.2411822749944574e-5,31.827058713398902,0.0001007614745152625,42.0864202955276,24.19436017677694,3.4594234193337394,3.002153125746872e-5,19.18275772962641,0.9712027052220743,207.70675989069449
t194,0.0,24.63273556677384,4.6852667912536013e-5,4.326174213322837e-5,4.492414570566742,8.032050732396373,4.1829293638743524e-5,16.051651070787543,3.3367042003230234e-5,33.29082683463384,8.681284569036733e-5,44.44144193589025,33.0768836256029,3.3422637045283907,3.0283053232507308e-5,19.403990815152344,3.3429858174844854e-5,186.76457469283503
t195,0.0,4.511933941946494e-5,6.778693497806683e-5,1.212988050875394,2.9690791448701233,4.503032393369472e-5,2.2717161862611537,14.862688026364468,3.884612829940467e-5,29.19179532805297,4.875729875433911e-5,60.85329374615371,33.728344174012825,12.47756098059814,3.299640255743542e-5,4.743749170322748,3.36241178319937e-5,162.3115269680573
t196,0.0,8.509598899100907e-5,8.417651582243801,19.759906248233868,4.022529264469298e-5,9.308869009085122,7.2268316369768515,14.665883912361995,3.987698138943502e-5,15.516027679126617,25.201074454153684,60.98275042933844,32.33519289756862,8.717208318857404,3.343182623295306e-5,0.00010583746705358668,3.44770356745738e-5,202.13173511253842
t197,0.0,8.630446865889873,27.61304890651946,19.759941416821537,0.00025581055742534403,5.954426258919648,7.191451357967668,12.193824024522941,3.988721107622301e-5,2.3054671975566996,56.3225257018164,54.90746506986844,27.039591511255317,8.649392623023546,3.3601203106356494e-5,0.0004070620084393604,3.7237798486918874e-5,230.56835453294005
t198,0.0,11.265334165154554,27.613050708772857,19.75994216730355,0.0002585593287439629,6.8345751247149575,7.2658969686710355,12.41800489793583,3.7244678650453594e-5,1.326796263168104,56.32230758440092,56.53531544985696,27.33484581436624,8.722252413371788,3.217605540220361e-5,0.0003810305655526977,3.66683394374951e-5,235.3990672366846
t199,0.0,19.378641555637024,27.61299685109784,19.75992604111652,4.426031611375553,25.399970746877884,8.056756575456339,17.80004507477855,4.773479011654361e-5,27.701956638169605,48.87241925602053,55.95225663944019,29.96199181794631,19.40453740038513,4.1642722683990266e-5,19.403997640566242,19.619992903192482,343.351610129573
t200,0.0,0.00011976944092991499,3.0294110224707937,19.759915209774785,9.206325842147526,23.89419353588486,24.699993020299182,31.751231067173446,24.696888434846283,54.1799535271455,25.438314017090796,47.48203842083957,34.7085621463402,15.447385891827288,4.0087443637367644e-5,7.881250176383465,19.619966820269312,341.79558898937756
t201,0.0,28.159997695510256,27.61322093846718,19.75999679560207,10.42196602037773,25.39999874309552,24.699999051735155,35.78929955215597,27.007661538041482,48.273127994599434,38.45388528034213,67.77946848335344,33.276779148391526,20.89799971376192,1.6799998502858835,17.730195516749106,19.61999808489871,446.56359440736753
t202,0.0,28.159997619329054,27.61322096964421,19.759997082879305,10.421970597407027,25.399998900621775,24.699999209083312,38.37906175448072,27.43521934345439,49.06067591378446,45.73617212881769,69.16645288274022,33.83738378652999,20.897999709357418,1.6799998509930838,16.48593612141953,19.619998236740038,458.3540841072821
t203,0.0,28.15999705134372,27.613219868000144,15.157130024079661,10.421973138072303,25.399998929775883,24.699999504589783,43.199992902347994,31.527415467808947,54.17995219143057,56.32299704838922,71.35527512826417,33.46823220844515,20.897998761988188,1.6799993267635152,11.961311829567046,19.61999824717086,475.66549162803705
t204,0.0,28.159999293515856,7.138088565815131,18.124439253221,10.421973387638712,25.399998939998973,24.699999429323267,39.89576702329775,27.724126708627114,54.17999940693991,56.322994724191915,77.83999938991658,44.39244334303108,20.897994867065492,1.6799643134925488,1.9954178852652342,19.619998505458376,458.49320503679894
t205,0.0,28.15999929571649,9.091341615944293,6.356947140991131e-5,10.42197346589655,25.399998935599058,24.69999944252276,39.113338790900286,25.87387215614982,54.1799994095915,56.32299312276587,77.83999939841314,44.39244060044887,19.8593536747666,1.6799961402329233,10.5129596110293,19.619998383713735,447.16832761316266
t206,0.0,28.159999358880526,27.613148744249568,0.9860173437501649,10.421972982123554,25.399998783284868,24.699999406374054,39.5041551892325,32.04842267959901,54.1799994353744,56.32299279717482,77.83999942398303,44.392420238690065,13.015537259244322,1.3794264469352604,19.40398855112385,19.619998466554538,474.98807710657456
t207,0.0,28.15999842520888,27.613162422454515,19.759532345971806,10.421972990380908,25.399999377431207,24.69999950373962,39.868701381970546,21.767995475427657,54.17999864629321,9.822874675043971,77.83999867766292,41.14590532215343,16.90065410886854,3.1300942566365204e-5,19.40399126393785,19.619995688177404,436.6048116056651
t208,0.0,28.159998385742817,27.613160372472898,7.47309258969158,10.42197275515847,25.399999434427492,24.699999502686346,37.33173720864064,2.8126729072524435,54.179998636548376,48.00740429931714,77.83999866869623,41.92559885944155,14.446697382877792,3.0397942961302358e-5,19.40399081939073,19.619993757288007,439.33634597757555
t209,0.0,28.159998858806535,4.482820250652748e-5,4.421761187077729,10.421972282730973,25.39999940482947,24.69999951065975,33.312192874964694,19.86617199072705,54.179999180608945,24.221365093668183,77.83999917947436,43.670265790336146,20.897958629168695,1.121828991514407,2.255435350711154,19.619997667680757,390.08899082116136
t210,0.0,24.117256587771823,4.501442842334898,19.759931212961153,10.421972874094605,25.399999297555325,24.69999954141614,31.188844909296673,25.428822529931544,54.179995271590215,56.322995310247315,77.83999457639251,44.392125781481056,20.897951370531057,1.2721158435779152,12.94316581534305,19.619997699702367,452.98661146422774
t211,0.0,3.480329985366238e-5,4.8137209512273826e-5,15.340110787178963,10.421999591836112,14.19280108153816,23.411194466514143,21.003099605720074,17.39253513930267,54.1799718187656,56.32299347022852,65.88400149560233,38.44420557891679,20.897937717710516,1.0227199478523095,12.731943844199813,19.619996557659498,370.8655940435348
t212,0.0,27.612281772979564,27.613112225616597,19.75996384354225,9.904055771967279,5.111598182840225e-5,13.943041590785265,10.844863869782666,2.7875674437810524e-5,38.64494828583561,3.964357520899428e-5,60.62827329597749,35.22255823500769,20.7028180155908,2.4563547961067283e-5,14.771489577062754,8.741604825980305,288.3891545089077
t213,0.0,27.47987359977865,27.613093897858256,19.759959006415194,10.024707898186916,25.399999691678232,21.02231414636771,19.483663353606296,2.7254002348999108e-5,37.113659660490946,56.32299922782963,60.923156690651034,34.76413981316901,20.687299704505044,2.458411360984588e-5,15.170360042393005,19.619999153429617,395.38527772447543
t214,0.0,20.668081277345244,27.61310653586557,19.759962033302322,9.200329406415497,15.6509560857514,7.935070637406517,11.177659976478314,2.77729697060516e-5,34.43513320675297,3.6709739981409404e-5,56.730370722761506,33.827999122460966,17.494421469810966,2.491638946206268e-5,10.109775419933548,6.426579973028775e-5,264.6030195591837
t215,0.0,9.34573869072641,27.613065894273518,19.759952679513727,4.600089223420464,4.2234983704635994e-5,0.2865966190808956,8.891083015285162,2.880341609041404e-5,22.963106796307866,3.906903457283133e-5,50.25543198053887,30.321316442173547,11.008611998146668,2.5043280733582892e-5,0.6951438800263431,0.36159806869810607,186.10187043890667
t216,0.0,9.339786400306385e-5,25.068826731691114,19.759938493696293,8.075619475268764,25.399996798472806,5.818497332477759,9.105739684384087,2.6903198631502413e-5,52.659325005219465,56.32299504325383,43.46017025485392,32.90817162866671,20.16304985130578,2.5139113124101616e-5,15.486355312528206,19.619996014530944,333.8488270665255
t217,0.0,28.15986923396386,6.073139888223801e-5,4.292658196260197e-5,5.199346450404478,16.56119470940269,0.7826340054582156,8.924650882240542,3.577057236664333e-5,43.15155837317081,56.32270610904296,27.07452037632354,26.51241407429598,4.396481217579792,3.0723274640194515e-5,19.40397101233635,7.023341364465561,243.51285796051263
t218,0.0,28.159978436175116,0.0005392184901527131,6.201131855186826e-5,4.587330898527759,15.515005951012965,7.910075450364592e-5,8.246132540273527,3.507310286564791e-5,40.03783173235388,50.43081571629517,23.389933547403363,23.916604546192804,3.5669186171984752,3.107532966686415e-5,19.40399255768387,3.3791912912343806e-5,217.25532481402558
t219,0.0,28.159977417677222,0.000600879126705231,6.705313591454536e-5,4.188238654631514,10.234907906858815,6.54493910164605e-5,7.7274601166784125,3.5423235606504144e-5,37.578805982038226,39.08731132724676,17.81747305995099,21.444286675290467,2.226225324107949,3.099803366600897e-5,19.40399234889907,3.457503025625165e-5,187.86951319133263
t220,0.0,28.159979180582166,0.0005538810930965315,5.639844896488799e-5,4.041787705978153,6.991652934467116,5.537886984005609e-5,8.327553688331548,3.34373800799866e-5,33.19047467529302,20.530549968980058,17.00870554403718,19.719656722591925,1.5605017206001235,2.974994344460272e-5,19.403992755561596,3.3796936767842326e-5,158.9356175390951
t221,0.0,20.176134905998445,4.2235267400861116e-5,3.6059346005885085e-5,3.998490306966164,4.838519009412727,6.737451170713468e-5,8.07791455335174,3.427236597431379e-5,27.369554631339632,4.769166295388932,21.64114393892317,19.619025088069677,1.4122430643803077,3.0795162834948934e-5,19.4039931397137,3.558210189400808e-5,131.3064312523003
t222,0.0,24.97894361923521,4.202154928813845e-5,3.7829029571671216e-5,4.127235130544325,4.689714568063024,5.460503739326673e-5,8.939082417754724,3.3704805836666006e-5,32.46892912660288,20.417688502472895,19.684582062078512,20.443081787439255,1.817906725314955,2.969694873826544e-5,19.403992578125873,3.3842174955127384e-5,156.97138821717743
t223,0.0,18.945259540738338,6.094126724129293e-5,5.277078319748522e-5,5.934787718345372,25.399977518218346,16.10749919414425,29.98136802889788,4.635752440256482e-5,47.43931031062137,56.322767826107146,53.43180485832527,34.26643931084011,16.195807235720885,3.9672897471131085e-5,1.4348652039642105,3.974735295252043e-5,305.4601262357484
t224,0.0,28.159905506656504,4.321098945598084,0.00022310610399571966,10.421967346743658,25.399998742987172,24.699999335800623,40.25273068388974,32.073492171204975,54.17988111410203,56.322993364545205,73.21175721761414,42.73132193682683,20.897700400148114,0.0002466508779336962,4.560868739134402,19.619995977782185,436.8541812400156
t225,0.0,28.15999787461456,8.309879612697165,0.00026223220472106133,10.421972648911014,25.399999148724852,24.6999993538576,43.199998114566355,28.991983938134887,54.179998363222005,54.535084540474244,77.83999844350197,43.77238137648945,20.897653098249357,0.0002577226321949772,2.1856119245666585,19.619996055381034,442.21507444822805
t226,0.0,28.159997927243772,10.498978955945002,0.0001967430934405404,10.42197443928936,25.39999922708427,24.699999353054718,43.19999819338725,26.61363773184882,54.17999851166544,47.94409370076086,77.83999856796811,44.39235531374808,19.372355772285758,0.818353454835657,3.4489468488685135,19.619996075960444,436.6108808170394
t227,0.0,28.159999440450665,11.309176588304409,4.819088877120848,10.421974751303402,25.399999261693242,24.699999353998933,43.199998260413636,26.24603357294304,54.17999958513401,47.23710004783716,77.83999956155122,44.39244486961161,20.897992993701685,1.679998777175946,2.839262159400351,19.61999835427102,442.9430664549112
t228,0.0,28.15999946234957,7.28928190931821,6.173464527360761,10.42197508608607,25.399999050972905,24.699999366711108,43.19999825071704,26.505142519614857,54.17999960177528,47.656077812047116,77.83999957426249,44.39244399973171,20.89799552037043,1.6799966050077464,4.279516066365475,19.61999885951505,442.3958882122058
t229,0.0,28.15999950943827,9.979192362673448,7.16849476733134e-5,10.421974526997094,25.39999924412731,24.69999940365782,43.19999831434593,26.796700351214515,54.17999962452635,42.94968666513549,77.83999959342191,44.39244159259385,19.53687210436441,1.6799967649589567,12.848528198230865,19.61999871061935,441.7054586512533
t230,0.0,28.15999941100561,27.613140314003616,1.8947592194731673,10.421974347163285,25.399999267068956,24.699999425087388,43.19999835923734,26.92193947205125,54.17999955402169,52.112245457221555,77.83999953685218,44.39241422492547,13.561420931778681,1.4040804633383253,19.403987862298443,19.61999818812991,470.8259560336569
t231,0.0,28.159999499020334,27.613140190499184,0.5773266404688955,10.421972832162245,25.399998927624846,24.69999923687902,43.1999981003521,24.323142203445002,54.179999591244105,11.301479961323103,77.83999956438038,44.39241489990237,12.911206536375998,0.9208487612246775,19.40398803797071,19.619998436485975,424.9655134193589
t232,0.0,28.159998478664335,27.613146172002484,4.1531767001994035,10.42197354086346,25.399999405125246,24.699999434704928,43.19999850744611,9.127282969563343,54.17999874795679,56.32292460630819,77.83999877058821,44.332264741727556,12.803069517566044,3.0711442857771435e-5,19.40399002636495,19.619993938060972,457.2778462685849
t233,0.0,28.159998347039252,27.613149955076622,17.259419145353448,7.707055979829929,25.399984821040235,21.64698723213726,43.19999855640491,3.587605083945166,54.17999862697705,56.3229358593391,77.83999864970566,39.380412435360014,17.98845013392922,3.158289813543511e-5,19.4039896476053,19.61999029780582,459.3100063544471
t234,0.0,28.159996645126284,27.61315820292955,8.544800001216393,4.244072863858075,25.39998224247213,11.043847365684037,43.19999854245601,5.776005964355448,54.17999529577276,43.15961636813016,77.83999694835005,40.71063165754489,15.751196250887698,3.069708713960719e-5,19.4039898814058,3.488450963879615e-5,405.02735381178604
t235,0.0,28.15998046674974,0.3446679573374305,5.757115748570747e-5,3.688576561440074,14.728668206718481,2.5380449875897297,17.1838059928608,3.562564793409299e-5,27.569305952751947,4.2357514126522776e-5,61.33564233471584,31.69298469149743,9.336237136958331,3.108039674969719e-5,19.40392747066513,3.3440637376056764e-5,215.98204183463864
t236,0.0,7.884147851405543e-5,7.069746940333633,19.75992902986863,9.4738899035051,25.39997346417284,18.753595366955754,18.920564844410773,2.5650183973663537e-5,47.61326472700794,16.57236948661106,43.0339568758291,29.209883381510785,14.23434430707087,2.5717556500503466e-5,2.3124282639220612,2.8277497270213617e-5,252.3541050779148
t237,0.0,0.6940758887144274,27.613064466621967,19.7599495955484,8.418037560710058,25.399999745904108,11.239525377078655,25.422255410590882,2.527360256641285e-5,32.085776816393086,56.322999308066635,43.840458760351346,24.963533428639433,16.82927738912366,2.4537782011428153e-5,7.348349765431751,19.619999235048965,319.5573525596079
t238,0.0,8.513622408587669e-5,7.253478914627256,19.759927504429115,0.38180848338570944,25.399976303616363,10.57824746050872,22.48554492850915,2.9019349093113996e-5,1.2226792308421572,56.32296070688201,43.346485402341685,7.298810761731119,12.381125804726322,2.6052640476042987e-5,0.00020772069934648624,19.54405460526126,225.97544803577387
t239,0.0,28.159974939522918,0.0001063899821666727,3.966206871221465e-5,3.2969751185386906,25.39999732997407,15.147146964117084,20.922731711919965,2.675038232059823,3.8069571856685206e-5,56.32299573829221,22.993175767206914,4.317673809765634e-5,4.855664933997691,0.9589871482949663,19.403993157619052,19.619997392437988,219.7569057323422
t240,0.0,28.15997629341516,10.903073739161764,5.51388109143872e-5,4.908669075125176,15.783907346471961,3.088473802835295e-5,19.004267491106738,3.1324506203175324e-5,33.03166940295203,0.00013510469641071857,12.475244690941697,5.645717700373721,7.249516470146391,2.991436118956298e-5,19.40399232013256,3.465353818996076e-5,156.56635155047815
t241,0.0,28.159986356061058,27.61316150010488,9.279240124650071,1.8803621691546544,0.6546279923854939,5.202125821896981,18.36555170917848,3.714018604339674e-5,29.105793179611542,4.560898912751349e-5,13.569193200566364,0.6843210010941427,7.954955982141698,2.9980364417235623e-5,19.403989665712388,3.746563582807029e-5,161.87345889773314
t242,0.0,23.19489836355919,3.835408414036938e-5,3.269511632466813e-5,4.554267475557755,12.10343936780623,4.228426006720513e-5,20.76216368387312,3.527934086696014e-5,41.17502827356329,8.888281844731187e-5,17.954362964195592,21.552737539643065,3.4587423627507428,3.027675667199682e-5,19.40399003113695,3.491562664247743e-5,164.1599327500891
t243,0.0,3.9901456149258796e-5,5.773356105620936e-5,11.365084089999398,0.655679139172389,0.3536238618913779,6.476523076152258,24.177344040758673,3.6384675260649076e-5,40.026975910535725,7.124551765280349e-5,33.12037876599592,23.2115120620247,12.23249735623391,3.199787152675789e-5,4.465018668428269e-5,3.495191021430132e-5,151.6199351679429
t244,0.0,6.739138008409214e-5,10.38669602760361,19.75990389061791,4.035274546178464e-5,2.4491773282024503,7.460110974310066,23.13006550842417,3.784862303999553e-5,33.16746466577137,16.57323772551112,33.23784505358598,25.118923932446354,9.231225132737288,3.2206800993416725e-5,8.060944770410685e-5,3.528633198142161e-5,180.51494393453956
t245,0.0,7.507036429478321e-5,7.675325517982796,19.759897460732613,3.9560806420274925e-5,7.052719214582232,7.171542703775528,23.342215485285507,3.7570381623772284e-5,27.045902415443205,33.34768565475223,33.75039347903806,22.48429970196087,8.58694201644081,3.214002301461052e-5,7.024364015868311e-5,3.502688697202042e-5,190.21721326209635
t246,0.0,0.9430082377113541,4.6892886229571185e-5,5.3035590306748256e-5,2.462243608987824,4.051796086533178e-5,2.882207843017785,22.08608839137728,3.5494628262822676e-5,41.383745685699445,4.014638191462262e-5,33.22229224554106,24.546163291461394,12.31403707426227,3.144708463665101e-5,4.4924599064504624,3.432168202704789e-5,144.33252814072313
t247,0.0,0.2561681761770066,6.59477364979887e-5,8.456024634671067e-5,0.40416528452705197,25.39990875461929,4.420133197726453,32.616867402853124,4.252573651614707e-5,31.123817980346264,56.3222055668631,47.97344294646293,28.798731349180105,8.820495787926262,3.961975672811048e-5,10.406982550930293,1.7337608590617395,248.2769125101497
t248,0.0,23.391279456536598,0.00012957574131233752,0.00011390066662512982,10.421999751087123,11.492833361867978,20.5375324253999,37.644805248816624,29.136858875119756,54.179858283896884,56.322897147815844,48.17572346457024,36.65693597878906,12.10584157442229,0.00011471203620280976,9.323217819259558,19.619996089006335,369.0101376650324
t249,0.0,28.15992396006209,0.6898380494371589,0.00019190172313202607,10.421787296481762,25.399985611431024,24.699998941852883,43.19999834075112,25.853129889381293,54.17977827461036,56.322997504063075,51.56898129520588,37.27427474507161,12.175889597107139,0.00011881434597258153,12.842112625454275,19.619996677590777,402.4090035245695
t250,0.0,28.159922753742254,4.137857186568732,0.0002388592192939129,10.421782772189891,25.399986538294257,24.699999078562172,43.19999840765667,23.67903936399688,54.1797927707726,56.32299828458231,60.7888949703212,41.84850380004871,11.150891267655629,0.00011606194743304272,17.624882920761802,19.619996938105306,421.2349019744252
t251,0.0,28.15999694753191,9.332467138129969,8.599261785389446e-5,10.42178194293297,25.39998440690673,24.6999990216016,43.19999844960089,32.82500084723022,54.17999942360971,56.32299387130597,77.83999721750463,44.39240939287897,20.74087678481915,0.43845120374488533,3.6064928726217413,19.619998611369443,451.1805341244066
t252,0.0,28.159999382658228,3.8807405845996987,19.75993949743472,10.42177767234707,25.3999845851944,24.69999896383195,43.199998417567286,28.455006819933075,54.179999449582155,56.322989660761536,77.83999944716155,44.39244462382454,20.897995511614397,1.6799981668605104,1.4611732453161703,19.61999856032272,460.37204458901005
t253,0.0,28.159998298478907,7.702700050265899,8.197829890229175e-5,10.421780003458977,25.399999173162925,24.699999398074546,43.19999856026114,22.306595151452385,54.179998523955184,8.214235632292546e-5,77.8399985306398,44.39244172901198,20.54403015402256,1.6799966540982998,10.48191905858372,19.619995109899094,390.6296145160207
t254,0.0,28.15999784747902,7.826179388075374e-5,7.962855844312208,10.42177716491232,25.39999914150982,24.69999937907756,43.19999856557952,20.820524407982532,54.179998622064886,8.815007845888457e-5,77.8399986348523,44.39244129380302,20.833197856371687,1.6799965775790349,7.491937554192624,19.61999535977308,386.70288466136196
t255,0.0,28.159997871025254,8.383554989873768e-5,15.618447573078232,10.421770283018764,25.399999135905606,24.69999939237932,43.1999985414778,6.280371645118282,54.179998567018124,56.32291205114299,77.83999858318886,44.39244117933637,20.830015175472955,1.6799966897860013,4.838692067887985,19.61999381148771,433.48471640287414
t256,0.0,28.159998405915424,6.765162082323637e-5,13.40965433372605,10.421777695756372,25.39999910591162,24.699999402103956,43.199998542299504,3.43310592572534,54.17999883139216,56.32293263878015,77.83999882913646,44.06189876122178,20.897926751195694,0.9821117795816791,5.865142929905307,19.619996107591955,428.4946076918642
t257,0.0,28.159997607538617,7.7595125692097495,19.759999949972247,10.421852837075996,25.399999053008358,24.699999372162313,43.199998511943924,2.766943058871554,54.17999832005481,48.94791316349089,77.8399983465464,44.01721201354588,20.89799874998495,1.679999358293725,16.713955616192646,19.619997151501906,446.06537567939404
t258,0.0,28.159996496767068,2.457230893693393,19.75999714370096,10.421779876207422,25.39999914031465,24.699999389516037,43.19999838297569,10.800862033576019,54.17999802891744,18.637721313329894,77.83999809200334,41.95983320578843,20.897998608893495,1.6799992030134157,4.5891149004582,19.619996345614894,404.3045230547703
t259,0.0,3.9231856630158575,3.587227740227175e-5,19.76000293499497,7.511182436416547,25.399999836723037,13.366882459986666,29.27368244180252,12.84738856934957,45.55685538208243,56.32299944863666,77.83996961175318,37.70802764681803,20.8979998952419,1.6799999513558554,19.40399987555706,19.61999804900436,391.11221007501615
t260,0.0,9.575477041144261e-5,22.07556147244468,19.759994407693863,10.421928092463705,25.39999980555756,7.184064534686131,17.978976395820933,2.9372129720227967e-5,13.80092879520924,56.32299939593511,68.742230387111,23.448173719236927,20.897996867861412,1.6799982486686866,19.40399963408894,18.566855856323375,325.6838327400018
t261,0.0,22.477969245211014,27.613198261584035,19.759991783264123,0.2621675152641708,25.399999802319197,2.17348511358754,7.861638917893425,4.88597484612444,0.5211105157277722,56.32299940502832,77.83997774602958,23.57644311855963,20.897956714097695,0.8316103061365183,19.403999948227106,19.619998402707473,329.44852164176206
t262,0.0,12.926728517988824,27.612974774802403,19.759968389718633,0.4727625708716699,25.399999479147063,0.3531705864897282,11.650478244478904,1.652210882601015e-5,2.602323455787515,56.322998046978356,77.23459858676334,24.54491984741509,20.897948782482704,0.5965639994742012,19.403997544528202,19.619998550965516,319.399447900001
t263,0.0,3.467395910933966e-5,0.0003456404197520193,19.759767760192425,6.524255015443107,4.755868250035569,1.1986122079011075,6.1295087440314235,2.639882821535495e-5,18.74362559632,3.674400212622221e-5,69.77975728102047,22.391674123604147,20.89791257888808,0.810160351311109,19.403972490246318,11.615569954775669,202.01112781097865
t264,0.0,22.575377923318754,3.467183281925726e-5,2.9882689101883326e-5,5.400002705753808,21.44376566247976,2.506106143179984e-5,6.705737038111329,3.085189845903929e-5,20.2132418110336,0.00022042455627490577,56.30871516817655,16.439341823706584,19.25600642680478,2.9448210012694128e-5,0.3138066379654748,19.61925008827775,188.27561562587644
t265,0.0,28.15998454188401,27.61307619353281,4.333400768523231,3.120461361224199,9.905411032095197,3.911049839345441,9.06615108253525,3.244974079312822e-5,22.231793521967813,5.595381799672517e-5,39.900155674995524,11.940160329348831,7.146566939761036,3.0134838296766926e-5,19.403990845265213,3.98588884915941e-5,186.73236052776414
t266,0.0,28.1599852445416,27.613168406256342,19.7595906014835,4.980751189999915,16.51144306622856,4.0707421946052725e-5,10.569046740404772,3.25502820031593e-5,34.423905878781554,6.836231083108142e-5,40.79484323215137,16.957086895435776,10.588904096951937,3.0349474303767377e-5,19.4039902220246,3.476652605161095e-5,229.76292231027506
t267,0.0,28.15998130753846,6.481173822616141,8.025766430553316e-5,0.4161120501615125,4.471540733197122e-5,7.702142305649393,13.219580653948169,3.946815688862933e-5,27.3739666124879,4.845202897294437e-5,41.22294837323013,22.514359165728173,7.15580382274108,3.312271223553611e-5,17.1083214555197,3.47380695258015e-5,171.35467032365995
t268,0.0,25.744939582159983,4.646047897913178e-5,3.971016671252366e-5,1.1148302983863732,4.078057016874236e-5,5.892848899113644,16.162021327654163,3.978346622890427e-5,34.0345224140243,4.47717120674487e-5,43.69521973356923,24.4730927019376,13.886658507828326,3.277715189557652e-5,2.6180561888973135,3.501197003299412e-5,167.622468949087
t269,0.0,19.36070459880568,4.734778865861889e-5,4.1275760268230736e-5,4.7494736232687665e-5,2.8783567473496534,7.897702779916221,19.885460554989706,4.098190833691683e-5,36.19203385711819,0.874598733857122,47.607991826253965,26.691368614292735,15.319914380841796,3.506065753312308e-5,8.753585791045804e-5,3.607570031984444e-5,176.7084678658343
t270,0.0,13.276862105162385,4.669133731950185e-5,3.931735164684596e-5,4.141976641125437e-5,5.147631299984942,7.908115025903944,17.500690751149914,3.7197880106968833e-5,26.390598800164174,17.429528163198917,51.57934295482743,23.88529052779988,15.347539584507306,3.226824912744231e-5,8.770907026291428e-5,3.528792556917701e-5,178.46591910427935
t271,0.0,4.7242386665485986e-5,5.964993191602975e-5,5.44065388941339,2.017664457897701,25.39998647521047,5.416549075000727,33.87268605206847,4.299072965855512e-5,43.79643687849536,56.32295920534503,55.453356536109425,29.066346116890383,20.897914014590423,0.9731472135762141,16.284826273569347,16.053569364811917,310.9962454360271
t272,0.0,28.158208608701393,0.00015675237792795187,0.4915813741762044,10.421967475971288,25.399998965591337,24.69999922096759,43.19999699859387,6.590376827435775,54.179866578227575,55.05049252721464,56.78556932514262,33.84639607217387,20.897961732608504,1.6799758389929282,10.273245107042232,0.40270218697731547,372.078495592195
t273,0.0,28.158194801220173,0.0001813323512912084,0.5144142447810731,10.421971426097501,25.399999197881957,24.699999401360365,43.19999832838905,6.862164138956043,54.17974746031128,15.073039837202119,70.88045128564993,40.71930119986169,20.897963746582004,1.6799778428126293,6.904507534664483,2.517479337768531,352.10939111589005
t274,0.0,28.159849751443392,0.000144877681441625,0.00028900898051471195,10.421973022840053,25.399999199123485,24.699999403830535,43.199998351702455,8.091251240329257,54.17993519307996,8.396213673310834,77.83991836953258,44.37505982531639,20.897708511369913,0.2733629493198791,0.1601177456718517,7.7478279415126226,353.8436490650452
t275,0.0,28.159999360033723,4.0527149214895966,19.759930777350547,10.421973915080933,25.399999219710406,24.699999436320176,43.19999842312605,6.832254069688319,54.17999945825243,13.708078419583158,77.83999944019854,44.39244443074216,20.897992486064062,1.679998299229156,2.1667426758828316,19.61999804673115,397.01212337948334
t276,0.0,28.159999418056394,15.480110420049165,5.617699866406276e-5,10.421973410329047,25.399999179193728,24.699999384047864,43.19999835321117,7.594102731057367,54.17999949676402,20.832470339989182,77.83999947017121,44.3924386630459,16.044233839047465,1.6799936722056124,19.40397751564413,19.6199981455228,408.94935021533377
t277,0.0,28.159999377658227,17.59456077429671,5.945332183736357e-5,10.421974186886574,25.399999216170244,24.69999940367947,43.199998406916556,11.183592696487203,54.17999952602145,9.670996862865438,77.83999948858565,44.39244574814927,14.867808038952296,1.6799997260228154,19.403991478619897,19.61999820199967,402.31542258663336
t278,0.0,28.159999400529486,8.433142681551129,5.7040838854131505e-5,10.42197474118364,25.399999267911134,24.699999396692597,43.19999836181678,14.194643206020144,54.17999954920379,20.4541126026811,77.8399995141201,44.392445766208574,16.43198811524728,1.6799997369257171,19.403990756190584,19.619998147681304,408.5123482848023
t279,0.0,28.159999123945987,3.137687119854414,19.75988883272835,10.421973729147673,25.399999477023588,24.699999464845654,43.19999848185018,13.80531962095185,54.17999934507831,56.322952499269476,77.83999931359942,44.39244560564232,20.215577761080258,1.6799996560535668,0.00017056494218406823,19.619997363086156,442.8360079590994
t280,0.0,28.159999498181268,3.973332217611679e-5,6.575407434617098,10.421973345504552,25.399999349897126,24.69999948701609,43.19999850083247,16.028535772852294,54.17999947830463,56.322930171213756,77.83999944727071,44.392443899886345,20.260837391606742,1.6799987307081912,4.946266117923261,19.619998130477914,433.72842648961466
t281,0.0,28.159999755674967,27.613103246434044,7.27662770432783,10.42197285955914,25.39999938781887,24.699999482170732,43.19999840604158,17.461977426988216,54.17999971248402,36.01821199301889,77.83999968113959,39.85000777983536,16.54782355946727,1.5615333646309137e-5,14.964281723346451,19.619998732756848,443.2540170663975
t282,0.0,28.15999997831355,27.61322355123753,19.760003104791338,9.615446199230258,25.399990220647503,24.699994373683577,38.11373812718439,17.897323551123975,54.179999713929554,35.56331110149547,77.83999968212586,38.043170042351555,18.357121939729478,1.6926148516563377e-5,18.679667924714664,19.61999875381696,453.54300519052424
t283,0.0,28.15999941040894,16.22580644448568,3.8538975054919566e-5,7.462280695213518,6.868100171640994,13.820163944008598,27.60063221478565,7.124435901414297,54.179999451464155,4.824065447417891e-5,77.83999942188974,39.086226576803824,20.89794166084767,1.279643375016283,2.1614225135109226,19.619998106090375,322.3267366672101
t284,0.0,16.66515048586802,2.1696006201849693e-5,11.16398031844526,10.421995906996758,25.39999857188277,24.699999649628165,35.92657217887077,13.747490726741749,54.17998605415463,56.32287941153737,72.88831601712835,40.61882633963029,20.897992962120473,1.6799952921521815,11.748539332009557,12.176681651133471,408.53842659430603
t285,0.0,4.964505375215976e-5,17.936877513592194,19.75993772911224,6.625218878256773,25.399987219676323,0.9817669523960338,24.685900181179065,2.3546519116852916e-5,38.70761010377156,54.65729684974865,68.48500620709326,35.798496857766324,17.97070329606273,2.1542749025646803e-5,5.213555760298232e-5,6.759991132658302e-5,311.009016258446
t286,0.0,7.117403247911931e-5,24.512524728365015,19.759987316369614,2.9830192232038214e-5,9.79743538379532,11.176202976596601,27.34152014884754,2.4819163390473044e-5,40.772699210893656,13.131088344636717,68.54943667133439,36.08228945333339,20.89799267349007,1.6799950433723476,15.485043370666972,0.00015490810366169638,289.18649605319337
t287,0.0,5.625435026490153e-5,10.911427997805337,19.759991575661743,3.806031110179744e-5,0.9405416510492849,10.553178196691036,25.09314241361754,3.3023477340567645e-5,38.10021852744875,22.413865900161248,69.1968739624517,32.137029246832725,20.897996046803385,1.6799976327522277,14.439709007380896,10.767183366454137,276.89128286324876
t288,0.0,28.15998582427068,27.61314242818548,0.0001258577554084487,1.240309308931824,9.079111838615255,8.081703969140364,25.909876123516124,3.133950935128387e-5,52.57322435163827,4.687570771821914e-5,38.05192457414196,12.148673616189871,20.897934961824042,0.49374466472580736,3.494224478197269e-5,19.61984741552742,243.86971809192437
t289,0.0,0.22606600690748513,27.60932793428657,19.758518293942714,2.1032447684219324,23.618238144879236,12.29630821412335,15.12641654508672,0.0007501248519574657,0.014369664380555156,56.31556811258501,52.34958188695432,11.676071510375955,20.855439128665164,0.0010281458166374678,14.401732129132863,0.0007738665754173682,256.35343447698585
t290,0.0,0.35230068067060955,27.609786944115033,19.758687755720427,1.7072092547660043,24.48128353046795,10.808429380576767,16.30160701800258,0.0007489669403048458,0.015194037405921594,56.31618314179882,53.24366845210088,13.164723683185137,20.854671514853994,0.0009971079084049733,15.21008129975205,0.0007784812105638283,259.82635124947547
t291,0.0,1.2237346768211803,27.609590679538382,19.758627872371807,1.4449562967246543,24.86712921482441,9.935189409898719,16.335108066283166,0.0007463459544500032,0.015110441401342831,56.315878429621826,54.96004401093437,15.73508386482542,20.86790073621565,0.0007837136348504477,16.74774744214452,0.0007775152124856176,265.81840871640725
t292,0.0,21.212550594565464,27.6096459739996,19.758705592728788,1.4278396552790469,25.13082289565388,9.587975382008791,15.178860209555257,0.0007435002608665031,0.008724511203029812,56.315796972938074,68.41413134926073,25.058001123566175,19.859801964628925,0.0006824830596014393,16.726971267541813,0.0007644179052423401,306.2920178941553
t293,0.0,28.126986193379686,27.60948229789656,19.758718188304574,1.602204823097224,25.16810044575809,9.602341041678203,13.757751731276544,0.0007380932999479154,0.017670352639799197,56.315611751282496,73.2326032591212,33.62841420384843,13.062267474485633,0.0006944657952534033,5.584667428098187,0.0007638346222127296,307.46901558458404
t294,0.0,24.995492434800028,27.609637131333123,19.758745106594553,0.8985814585230048,25.194765480836896,8.191131692599539,13.75942546631324,0.0007394797010964922,3.403144526064958,56.31576390429816,71.73684240891014,37.704819468599894,9.346104907398573,0.0006955802290975788,0.016458269363804866,0.0007652951549080998,298.933112610721
t295,0.0,2.3457595478669626,27.609295680671575,19.758571157409055,0.005749744266746992,24.088991796587386,6.521208612517921,12.867742880505267,0.0008223337943320531,5.948741272625909,56.29238965886603,73.39585220207988,39.809521580794346,9.472564039692706,0.0007182977037628804,0.008741028216218678,0.0008124500563959266,278.1274822836545
t296,0.0,0.0021244866001563162,3.426343128636774,19.757868666513772,0.005797234256593245,23.87498819062651,6.153389714757493,12.032386341229715,0.000846250962217892,26.895527447228627,7.471208018617632,60.22119404319257,37.92729175192758,8.646541666042804,0.0006978074062112452,0.002276712104441024,0.0008640239561502626,206.41934548405922
t297,0.0,1.817054090077334,0.0010701500330209004,0.0010468973674892864,5.4199758960870605,0.0064663129921951395,5.651334722817546,12.679188511900664,6.388860161804044,54.178734450098496,33.68559452952474,54.090520482820764,36.11130032296957,19.901595398209125,0.0007638430269667467,10.225114819136603,19.619392847425505,259.7780134362911
t298,0.0,28.159865246777336,27.613059529892574,19.759835645863724,9.880241435944859,25.12900209030488,24.59298212284124,36.67336788496876,31.935606530738106,53.18470545782331,54.8926555445971,71.37005590364083,40.914710188369206,17.64381391911635,1.1429198868206152,16.371509541996726,18.61884744145669,477.8831783711523
t299,0.0,28.15996022890809,27.613176204675828,19.759954184926187,9.556928799392356,25.11457639658332,24.581213669352653,39.391303555551886,29.148624924572736,53.1551632814262,49.11822020951179,76.68222211976624,42.12107327765897,19.665842410929425,1.189572875150856,13.778235910496438,18.249501546784874,477.2855695956879
t300,0.0,28.159961120274364,27.61317653014216,19.759955064596017,9.471295876917825,25.118741108856778,24.579739104808848,41.05049019067527,24.727175537708433,51.72399939371771,45.16419796733829,75.20943328081762,40.375584158299475,19.789609948746584,1.2540344933848517,14.158137254111024,16.5041221986476,464.6596532290429
t301,0.0,28.159964853622768,27.61317654250528,19.759951660356876,9.683963666808033,25.095703222780823,24.514017028806677,41.2844192172858,25.806721520960956,51.817322322090234,54.98795771503584,75.43775570337024,40.04227635610717,20.63807740546018,1.5475823656638745,12.999582204948467,16.032101498053972,475.42057328385715
t302,0.0,28.159965536752154,27.6131755554609,19.759949971665407,9.712795674432009,25.09868831891423,24.432435733853264,40.64485264305391,26.663171274598575,50.631624056677346,55.3627473921591,73.92239661403174,38.66610609346308,20.71226132513276,1.584799604189596,13.169575782786929,16.037825156893973,472.172370734065
t303,0.0,28.159987870804073,27.613206769921675,19.759985214522946,9.956187681376278,25.09500350466316,24.455074341394067,41.5292300396434,27.06814112405184,49.30999802174928,55.12291519468425,70.99276609801942,36.81212599527256,20.6852870639997,1.5708747581317877,13.69863528537292,16.351475639436046,468.1808946030433
t304,0.0,28.15999055558041,27.61321106232355,19.759978647673407,10.030391364268949,24.378738313529713,23.716174807632324,39.458400585106006,28.178336001064867,49.687083063935226,40.36799538852876,66.46623923220312,32.97507461053708,20.89799106330062,1.6799951896955705,3.0550923448092826,19.619963123090983,436.0446553532799
t305,0.0,28.159993632882685,27.613215086134147,19.759992066111604,9.750599883038646,0.006610013211196225,16.16078524174491,19.923444450757106,14.167824941124508,54.17894593355722,29.68951896058773,42.30068833071124,15.698948403034322,20.897988212365163,1.6799935546488307,0.009195762395111958,19.619953116190235,319.61769758849465
t306,0.0,28.159884994610994,27.613002403195626,1.5510154295277752,9.419834547234434,25.399645381392975,16.107474081095994,34.61119419489886,21.489262326880276,54.179250903188574,56.31340735724837,52.31093921691454,22.0000372409403,20.897903604309732,1.6799405527651927,7.838357716171708,15.107815176071668,394.678965126447
t307,0.0,28.157972998968134,0.0010294164488496116,12.290764643882081,9.343434056853441,25.399621484267474,13.990296042277308,35.25191812278716,18.29991677757449,54.179278714736256,56.310424862218454,48.11714794209189,25.886636347900204,20.897891222087715,1.679932831885283,12.646281218816863,10.248052395225939,372.7005990780216
t308,0.0,5.369022533315811,0.0006754422986253185,19.756903551459473,5.497487892806851,25.399626249856972,2.8221392881506837,34.05885942191357,2.9237162281525824,54.17921815137581,56.30862212816768,45.7231075952493,24.38848624595528,20.897890540640716,1.679931946423358,16.028302802802145,4.3309644217235315,319.3649544402925
t309,0.0,14.505057368465847,0.0007057221215563947,19.75965407979675,3.0852101243637087,25.399637876615877,0.8700216251367389,30.147491299558816,0.0007118902854053266,49.50304317889086,56.3222263379584,36.537234906742405,16.71702805189962,20.897938643621302,1.6799635271874933,16.51080973474634,3.817304843411977,295.7540392108031
t310,0.0,9.867546080853549,0.0007048731429164628,19.75965539723784,0.9655538846872297,25.39964178674896,5.234751664096871,29.198900362859078,0.0006958262628683991,42.60503268960479,56.32223575981944,39.45142126055741,15.044518786591432,20.89793856246459,1.679963973515442,16.83205786078062,3.5119860652943338,286.77260483451727
t311,0.0,0.0014631762522842647,15.324945559408945,19.759819025119416,0.0022906668543366793,25.3996478556654,8.870204016978423,26.967159896196314,0.0006851703962462535,37.160248580668885,56.32225088509798,44.90011064411447,18.39789520439787,20.897939188314545,1.6799645890965327,17.42019483043827,3.270404002399324,296.37522329139927
t312,0.0,0.0016337740002834418,24.76761765612786,19.75981874834885,0.0010619151997261487,25.39964700921655,8.821836742618595,27.315228251119542,0.0006966856682314403,39.91600437142005,56.322253022684066,37.96388043254889,18.334428666447284,20.897939240626386,1.6799646604699547,18.039483547368715,2.7675423435884245,301.98903706745347
t313,0.0,15.33624779908021,27.609775324942984,19.759843911874736,0.46674213018656957,25.399622595604516,9.24268294973905,25.930486090515046,0.0006959858035111783,39.15665306490519,56.322441193483805,42.27660539530875,21.847261482028724,20.897946625319598,1.679968831721103,18.375217537273013,0.5131158361849855,324.81530675397175
t314,0.0,0.0022234253106177106,20.87904449296866,19.758202397064505,1.2043459821878235,25.39985914266424,9.966535288336654,24.439853014352188,0.0008804512105269392,37.81989205151281,56.322780089468125,33.50416964314581,15.202255307122833,20.896176321779016,1.398370350303453,19.403883839157878,2.9508949184685016,289.1493667150537
t315,0.0,2.00962449830299,27.60858177361183,19.75867659544095,2.428371093305969,25.39984689959446,11.884443377757709,27.4633802506621,0.001047536834408124,39.2458840558216,56.32276153198949,17.33463373687126,8.723589827245233,20.896175291058462,0.9215048733295694,19.403950492410946,19.619659017570033,299.02213085180705
t316,0.0,21.22642533926151,27.609383987472338,19.758888739178833,1.97337090399343,25.39986517167945,10.376411878566218,28.93894423406589,0.001050886661530275,44.1275626454845,56.32279284237311,5.795584316645752,5.399578973850774,20.896343387976646,0.2763073297426441,19.403956700361206,19.619672177076257,307.12613951439005
t317,0.0,27.04644398742027,27.607841960475927,19.75841819976512,2.7655353612772755,25.399886178336498,11.687802200005956,27.60829660301603,0.0008736927543732658,42.242359953198346,56.32282303228936,4.238535898175512,3.7468843527323408,20.896166843136513,0.0024890418306958476,19.403956960429838,19.61965511176735,308.3479693766114
t318,0.0,26.222412170306374,27.604588310377657,19.75709146345942,2.596442762543305,25.399921986530025,11.488998085078126,28.32752509019498,0.0009624844840542979,43.29670892770705,56.32287882406765,4.117171970824526,4.861205511867783,20.47472483381176,0.0007933640953730304,19.403967194828383,19.61967710836016,309.4950700885367
t319,0.0,18.931486340408767,21.798035042056004,19.758081262311126,0.08847917582577862,25.399940114824695,6.452690549599076,29.35182494691666,0.0011103332707540071,49.915105584747806,56.32290786713013,0.0015481017089036978,4.570156411568559,20.34673015102183,0.0007074706205958004,19.4039450766994,19.61956258769992,291.96231101641
t320,0.0,18.851267734558043,22.59390767855949,19.75781861811896,1.7347439116149659,25.399948243432217,9.568072697107102,28.327706615526722,0.0011142189438535569,44.549295898522686,56.32292017582872,0.0015416625595475637,2.1739871354710862,20.185529019180958,0.0007490867772537776,19.40395928414451,19.61961841941105,288.49218039975716
t321,0.0,21.38568955435273,20.973500148996113,19.030272545802333,7.263802912524729,25.399983209700586,18.296678145138884,36.99157930110185,23.08870686266985,42.40768321147787,56.322974094602905,57.71039784648527,30.287243431723176,20.603664815737275,1.5311257233737847,19.403806741863242,19.619973210380614,420.31708175593127
t322,0.0,28.159980489186925,27.61319651576069,18.83616201825731,10.42140652998956,25.399973155439106,24.69938648648162,43.1994205804807,32.82437651859144,54.179372312919796,56.322959097518364,77.83935618592962,44.39180298193107,20.897990803837306,1.6799951616761053,19.40377554409822,19.619506630442064,505.4886610125399
t323,0.0,28.15998169733311,27.61319821748422,19.61875550385753,10.421448206181825,25.399974910816223,24.69942833643597,43.199479621521064,32.82442655814473,54.179424163160725,56.32296164270628,77.83940536368863,44.391849305719276,20.897991417044473,1.679995477862228,19.40378029005654,19.619500457269186,506.271601169282
t324,0.0,28.159981793295728,27.613198306808037,19.759577963449072,10.421467885622226,25.39997494781029,24.69944410500176,43.19946137803123,32.82443080112279,54.17943449805272,56.322961719893065,77.83941541514741,44.391852684776914,20.897991828739176,1.679995672596433,18.732557974863052,19.619495065187557,505.74124204039737
t325,0.0,28.15998183773087,27.613198379664045,19.759593256289524,10.421474466892258,25.399974939462055,24.699473455915054,43.19946232614649,32.82443365390959,54.17943450748519,56.32296182308267,77.83941321801201,44.39185102094207,20.897991890230642,1.6799956888192555,17.903929529109448,19.61949279621596,504.91266278990713
t326,0.0,28.159981969692378,27.613198518794096,19.759605418566444,10.421481157801585,25.3999751283515,24.699480436680542,43.19943645191622,32.824427948004264,54.179428544843326,56.322962157334366,77.8394082635226,44.39184556971682,20.897991965817376,1.6799957185921581,17.086097665047067,19.6194929180908,504.0948098327716
t327,0.0,27.70521641171143,26.96433596829642,19.759614904000745,10.421489889704223,25.399975286798547,24.69998953543295,43.19998402027398,30.19430598613246,51.700199630867786,55.417978821393774,72.37710426532615,38.046887270536004,20.89788182802645,1.6799356326917736,15.050723160398869,19.619488909485703,483.1351115210773
t328,0.0,25.315714595216015,23.285884662410254,19.759987205975946,10.417207394335009,25.399810642712026,24.69992192791762,42.848231032960115,31.634448031048443,52.82883556196983,52.349274869035526,67.71025540354954,34.925916293005166,20.897994727520945,1.6799971654449326,14.004198948557496,19.6199775757651,467.37765603742395
t329,0.0,28.133941755447832,0.0010532917358625415,19.759846284329015,9.793418933312179,0.003955044010787344,17.790244446894846,28.07663554519591,24.092173760304224,54.17894769302859,0.23887966794141094,44.52980430720578,23.88509583407924,20.897957565161537,1.6799761109030895,14.721411695527339,19.619874561918987,307.4032164969967
t330,0.0,28.159500537827647,0.761951635912228,0.0009869642668900948,5.539479824765875,8.167007713620198,1.8221714817739523,21.04794937860413,1.8264683849448615,54.179276256501964,0.0006554307548409555,28.053124469380876,27.918164976665746,7.65331972057102,0.0005425487860666164,19.403429316173504,0.0006346764965736868,204.53466331704635
t331,0.0,28.15957061541951,4.013191964743229,0.000967808319534365,8.184534807863841,4.539807368776519,6.013950806500046,23.641147427514866,11.314089969749167,54.17928458364433,0.0006455074990446432,37.44677807817482,30.14100576186384,9.24634867112394,0.0005409412543979275,19.403514508326555,0.0006348652523292991,236.286013686026
t332,0.0,28.159587422654184,14.402674036337359,0.001002866088909719,9.4290062592189,4.2358563692901265,12.328194564661795,31.199648680292697,21.11761626164381,54.17931567478531,0.0006817639361005753,48.30843319980018,33.838864379521844,9.154122206969625,0.0005410473776740246,19.40357329454841,0.0006152196084852911,285.7597332467355
t333,0.0,28.159570601037153,6.253852945653334,0.0009775592698323067,6.096661976698905,6.840910889484197,1.9181370893475822,27.9198785220292,4.870416354077787,54.17927862817161,0.0006333273755098609,30.54878873820283,25.87067113640873,9.020507997573658,0.0005407593015013249,19.403546915864126,0.0006031789159798765,221.08497661941195
t334,0.0,28.159572691040072,2.3606511186972514,0.0009879429097013896,5.994119839291539,8.137163253137452,2.1854334734350407,26.90626679435482,0.684218656795709,54.179290861226974,0.0006336138594951965,25.945580264489152,23.71478341368764,9.362607885691279,0.0005406578099691307,19.403526080635952,0.0006033430003094805,207.03597989006235
t335,0.0,28.15958466919056,1.5711604894727758,0.0010148938288955087,4.800785054446497,12.278626602090004,0.6534540961081892,27.13456859960953,1.5859448342508755,54.1792846429533,0.0006344458010840559,27.426328628558107,25.61899087212736,8.869713192786088,0.0005413254519886311,19.403484794533714,0.0006035374246902695,211.68472067863368
t336,0.0,23.153467670594583,0.0006221753913662221,0.0005790756931534441,3.8333184948405616,17.61681076225385,0.5664827379252815,27.369452789175927,2.0950763351029082,54.17928522191821,0.0006533968164082589,32.00151459478509,30.509215825787965,7.6936874108332045,0.0005423003643825855,19.40341774455237,0.0006062864095476027,218.4247328224448
t337,0.0,28.15951253816761,12.658123561433735,0.0011226575205449789,5.117532478974808,10.034478610624571,0.0010597834971677505,18.14126450195745,0.000736110421247357,53.673978407359414,24.340643864562008,13.86453939987094,18.03032941787737,6.490708557523603,0.0006088277080808557,19.403933452465978,19.619448881514817,229.53802105147935
t338,0.0,28.159491669206336,16.458778797733288,0.0013233791907705616,2.390896388853774,0.0011429403878075572,4.20486816924754,22.214014062929664,0.0007728408860604995,44.82305497841626,0.0009483744733769817,14.474194497367431,12.924526221087579,7.448536071642414,0.0006721078782476069,19.403065869673295,0.0014068964244416564,172.50769326539827
t339,0.0,28.15966339557066,27.61178106691521,0.8698839331218979,1.5367113757791668,0.010745257325550251,5.392480400297257,22.8767388105962,0.0007789873633602579,44.6570613879693,0.001790432637754241,14.691016397262576,10.731483328084673,7.21047524531512,0.0006796473299061345,18.874394501332656,0.0013916343968774932,182.6270758012982
t340,0.0,28.159663701694214,27.611768491028506,10.766391374667402,3.0306217881194555,0.010099324054464766,2.2917999066923453,20.780368969079603,0.0007687877451469201,48.402563757991196,0.0018444737732808464,15.597901013551507,8.88513287173269,13.298634176365166,0.0006779532047234343,11.84676562764729,0.0013825020299430997,190.68638471937695
t341,0.0,27.991077201759857,0.0007603673919606565,0.0007321752573461185,0.0009117022653911299,19.410832377176266,7.646630878392155,21.955717985008263,0.0007473843617944504,37.87133430636439,14.069221474911929,15.94764186430205,8.489948099021888,16.354927161614864,0.0006779969973813196,0.0009300932931543319,0.0013736080200776452,169.74346467613879
t342,0.0,25.449942549803268,0.0008093252975330086,0.0007504538813569293,0.0009098679436659085,24.923693736986344,7.6074223806953905,21.944659099649517,0.0007443710206208082,34.89421307533344,22.977447780114126,17.87740438210328,8.204737216247969,16.26287505780655,0.0006786541419468826,0.0009190885772568917,0.0014134661196402928,180.1486205057219
t343,0.0,27.706283031022704,0.0007082203459082688,0.0006542856563437169,0.7354879202324328,25.399656003322832,6.618605143828578,21.120209042574043,0.0006451738589160471,22.745520832636203,56.322289660199765,19.552923154008482,9.92365701922158,7.030194261364131,0.0005930297099750872,13.972634136119762,19.619384014733768,230.74944492883537
t344,0.0,3.706676503358696,0.0007435838344423022,0.0006445433746638049,0.2983896169163251,25.398809705444744,8.174287555101744,21.69213354261346,0.0006598172508688215,17.916251390123804,56.313104162857165,43.1763657268115,19.12490007800255,8.112649355745742,0.0005795045755992504,15.245425842594981,16.391249819515572,235.55287074812185
t345,0.0,5.733460319237907,0.0009071665806066294,19.75955857501202,0.9592565420763803,25.399867478676722,8.253674613351434,35.721791570937064,0.0008743735852151711,34.451430763639,56.322795744160544,52.76045687470473,20.30062044466331,20.89791948419625,1.6799518503798185,17.63683480888365,19.619267664415368,319.4986682745
t346,0.0,22.699297654420953,19.256918270791296,19.759937900820464,10.174899415547289,25.399934047661567,24.467816448040235,43.199980500519274,26.524596848609022,48.968578791071394,56.32289354995571,67.47993677250473,34.70359274670569,20.897978350568522,1.6799878877766712,13.964924323243311,15.200508289167207,450.7017817974033
t347,0.0,24.09367506133451,20.750679521012554,19.75993837807021,10.417278853365223,25.399811803718254,24.69992646139239,43.19998381402662,26.190292818606576,49.67319352497416,44.48824814415472,71.13279526797473,36.73432556549858,20.897977993003362,1.6799877841579907,13.379966153523727,19.619913861071574,452.1179950058852
t348,0.0,23.626829429785747,20.063736034385233,19.759938327428824,10.417412211029989,25.399811243793007,24.69992391304541,43.199984702878844,26.240914670566628,49.66497811871888,45.021698964163186,71.08215557831792,36.91159995096221,20.897977970026027,1.6799877346478376,12.570960748937878,19.619913841249613,450.85782343993725
t349,0.0,24.614754433307635,21.130695478168906,19.759938414929856,10.417646754700502,25.399810859866175,24.699925174634693,43.19998506671925,25.841144294295827,50.17334440243089,48.19120814521618,72.57079519051562,37.55856171882873,20.897977486114684,1.6799875736268184,11.785829728609938,19.619913587812874,457.54151830977855
t350,0.0,25.531578038700733,22.141739445711444,19.759938660376218,10.41769846246424,25.39981175602724,24.6999274741679,43.19998538945333,25.1584799392491,51.03836860202896,51.196988348170564,74.2990460968055,38.60094008372881,20.897977271461773,1.679987546622469,11.475523047480369,19.619914668158184,465.11790483060685
t351,0.0,25.32120090516125,21.442368159252766,19.759938514336618,10.417520719569549,25.399811907158742,24.699926968002732,43.19998514478914,25.392486721655427,51.12249764118333,50.601783172862085,74.35238582191226,38.58416575704968,20.89797748968953,1.6799875759031644,9.801682301850727,19.619914635859597,462.29363343623663
t352,0.0,8.462097292897852,0.0014326428009198621,19.75996107028006,10.416876960205828,25.399982788156947,24.699990469771002,43.19999112760422,12.373213702595887,54.17849289764465,56.32290644100571,59.477786768756935,32.035795159193604,20.897986855461607,1.67999280794708,9.34751580638558,19.619824247592863,397.8738470383007
t353,0.0,19.46950556278567,0.000873369814901683,19.7597446619379,7.007456255284086,25.399393290763474,13.27955357644302,35.08004689314251,5.47385167092238,54.17900471749715,24.687509948327833,66.4174685565751,34.74513411405014,20.897943388668967,1.6799666279597878,8.255977985645227,19.6196408732087,355.95307149302687
t354,0.0,7.297060872926665,27.612235559354392,19.759936091472888,0.017867930899846368,25.399998967601718,9.561076096061543,20.43938328468258,5.7454544583071545,14.407716557789847,56.32299810766818,77.83946591836205,29.24518057811066,20.897977565489835,1.6799861679368657,19.403999348222722,2.771284828789051,338.401622333676
t355,0.0,0.0007843193688797038,5.79083780692913,19.76000002287767,5.3386178680467715,25.399998864743964,1.8605486464186607,28.298418258400435,0.915714378895227,27.482156538455378,56.32299795690287,77.83946604387232,29.270679540048633,20.897998968756806,1.6799993926579702,19.403999071263005,2.71888804255946,322.9811057201972
t356,0.0,1.2357465150404374,0.0007074784371454396,19.759895352776457,4.999422095938095,25.399998670259134,0.598304646006656,24.734937014869907,0.6349417709338376,22.737441056506885,56.32299762649412,77.83943931855367,25.65345791739754,20.897968717342273,1.679981308457664,19.40399920923937,2.8799267463662903,304.7791654446195
t357,0.0,0.0008361558634799918,8.484267512286667,19.75991130563902,3.5356791576405673,25.399998557873495,0.7252326319134085,20.10407962612177,1.531287253651319,13.01837281395413,56.32299744517805,77.83945873858343,23.563018406717017,20.89796828337979,1.679983250885424,19.403998935764736,19.619992171031427,311.8870822464837
t358,0.0,0.0019273336143720084,21.807778810163505,19.758869541616576,0.807159838463371,25.399689032871375,12.906438416258162,14.642623024473396,6.489364865166147,0.0006542327116149179,56.322502166922476,73.15586595079255,18.4373031333365,20.89522343595359,0.015263519419009258,10.892608286600442,19.619286455998537,301.15255804436157
t359,0.0,0.0007453626445923988,0.0009501108603644848,5.256890470868505,0.0021773624622966874,16.291762064569014,11.035606171019404,17.28679769967313,3.271888593074165,0.0006619412552478061,56.305567243891225,77.34809199860244,15.906977615355045,20.89577576597963,0.024783277550299347,0.0010056548951328235,2.870141567865142,226.49982290056562
t360,0.0,0.000980134239254213,0.005491490127172345,19.756063595942273,2.1793402222732894,25.39940484424518,14.351462689772957,14.36207967631377,8.476631873412256,0.0006705850359830128,56.322144821623496,72.36316613225698,13.366649423333444,20.896429330592092,0.007672991616527747,10.67884583947328,4.160662649957184,262.32769630021517
t361,0.0,0.002250615276053781,15.832889144593263,19.757847934488915,3.380281769608121,25.39992400338828,16.38531625313314,16.738526074474738,9.263276961199663,0.0007651986864222195,56.322878572076206,58.63376984459393,18.78962650452734,10.110842258778016,0.0006894798309230351,9.611367155376005,19.619900816096855,279.8501525861279
t362,0.0,6.375060809468496,27.60936784894293,19.758610482191045,2.7886275063785186,25.39985437937199,14.572815997774097,17.67276697602414,4.932283877006265,0.000785638543580085,56.322770415264486,50.607355176604614,14.408755697198126,14.892906436705283,0.0006921877697523743,1.7720173713354574,19.619771251508713,276.7344420520875
t363,0.0,12.839278310592594,27.60964921701397,19.758904994501233,2.4381739895656565,25.39985864007658,13.536414545787705,17.931261739032212,4.076515231709041,0.0007871868278087213,56.32277678172576,56.19626651300205,13.39995963553475,20.89642950384464,0.9779535770352841,18.029854082831307,19.619762678177995,309.0338466272586
t364,0.0,18.008868249667447,27.60882172804015,19.758746571210224,3.3675640774654214,25.399914863228727,15.04322044291991,16.12543665259701,6.611792228592372,0.000841292141684215,56.32286477929638,56.742527094451326,11.888580908537035,20.896258704217086,1.188148189591804,19.403879862695536,19.619762199008896,317.987227843661
t365,0.0,6.396427188683576,27.60884951577646,19.7588464252673,3.4291148662543547,25.39992113341835,14.731592091219268,17.16885761211317,3.7321219612983274,0.0008553533416149745,56.32287547670397,52.99076592191776,10.089310873414943,20.896444182073584,0.8388940242059898,19.403884227165207,19.61976138930087,298.3885222421548
t366,0.0,0.6999470692969734,27.608717648555512,19.75881102135977,2.2105011012103817,25.399916987563046,12.495847721443877,15.866472549889272,0.7860056017480896,0.0008557873197859495,56.32286934416975,52.974873874344645,10.092031423747706,20.896485827861476,0.8093150494992032,19.403882844655804,19.61977231609564,284.9463061687609
t367,0.0,4.766747025332654,27.609157373103592,19.75884630033854,2.449178109813179,25.399964139798023,14.166484750486099,17.823860248712226,0.0009570695572983607,1.2381853267542284,56.3229444638498,56.37818432836274,12.414103263815559,20.896282604308688,1.1359101795689788,19.403868797651935,19.61993342958275,299.38460741103626
t368,0.0,0.0007601085130996145,0.001117829984963094,16.194158228775354,0.03712968791982821,25.39992932715428,8.978420691101107,20.01818848098403,0.0006804264293507477,8.859524826050631,56.322890031772964,70.15120506957763,18.033451346690814,20.89664002121401,1.016347811202653,17.512976989382093,19.61989132590171,283.04331220265453
t369,0.0,4.500556821847184,27.612043625809463,19.75983625295317,1.8086795396705089,25.399782626876053,9.739512170112945,25.65121639355755,11.095655570470466,23.916330854770667,56.322664754259826,77.83931622954715,34.73160148352617,20.89793061578519,1.6799600039313136,14.914186490643454,0.0007718053525837075,355.8700452391137
t370,0.0,26.387106841742135,0.0011519700275886616,19.759906022438344,7.567953646068798,25.399847615676922,17.68680944827941,38.75447070625435,0.2548266167149211,54.17887797912494,56.322695040486394,58.240160726329165,31.253538896904555,20.8979720837867,1.6799848034108498,13.553062757723707,19.61953409578649,391.55789925075527
t371,0.0,26.682178685997176,0.0011862907436015382,19.759909124137515,9.866192561843654,25.399232188449712,23.486317533111748,29.373447956583643,0.49069205343843686,54.178930934686235,50.542136018254745,60.02890386735969,31.96259591181269,20.89797264278658,1.679984812507277,11.591877685796655,19.619880373500862,385.56143864101017
t372,0.0,28.1599335648817,27.613116982012734,19.155812589422773,9.545008056659677,25.399258509357228,24.234978255458696,29.13626014028048,2.7839203210560366,54.17884907904977,27.98234835039548,62.87559131219229,26.635958622982333,20.897972144307015,1.6799844474985715,11.07121409614172,19.619872947481184,390.97007941917764
t373,0.0,28.159884291195336,27.613023204694375,19.128041942007382,8.976384202822144,25.399286545637015,24.69990411116324,30.498183405845307,16.72701503640761,54.17897851409674,14.598357081265313,74.6127312765804,33.35834741622595,20.897956892129276,1.6799755468329565,10.230962989418893,19.619871038804202,410.37890349512617
t374,0.0,28.15987816656329,18.65123567566901,19.070443257906263,8.426535867000133,25.399248708037508,24.699903767815126,34.15794015243296,24.73388894904976,54.17989959816574,28.87283507504268,77.83989918042668,38.21562623831356,20.89789333072015,1.6799371507905028,10.362796683020287,19.619868406687694,434.96783020764144
t375,0.0,28.1599637765347,27.612824713088237,19.759429854206676,8.465031915543145,25.399250308621827,24.699905452231327,40.12185704416346,22.969580693903232,54.17996969248912,8.98151159471746,77.83997094677845,40.92522851426318,17.056401411177223,0.0006730939049686012,19.403401785845105,19.6199171323895,435.1949179298577
t376,0.0,28.159964027116516,27.61181434622109,7.945808436228408,9.63252501513736,25.399842740433055,24.69991882882071,34.56207135785944,3.8269976992242607,54.179970578863205,44.50440342723302,77.83997249756976,40.340730160380645,16.38665763932615,0.0006527326410437012,14.539749770337034,19.61990017992829,429.25097943732
t377,0.0,28.159956186917352,0.0010553350928519225,18.147433301443954,10.421929806861986,7.45408531216987,18.434001273760064,21.70067588269505,3.2277594755912977,54.179963647729714,19.20425921694215,77.83996511412023,44.38897185560639,20.89785513923176,1.679915519396183,13.722728599894175,19.619920718540484,359.08047638599345
t378,0.0,28.15955834242106,9.75149417507466,14.179437178033718,10.421950405192781,8.350309324809002,16.803662586043405,26.069759360531577,11.974018017442715,54.17917401664431,7.057499920495168,77.43514256450165,42.222034376911964,20.8979141846352,1.6799454567359238,17.684894163154414,19.619799025552847,366.4865930981804
t379,0.0,28.159540644310198,18.61688833478304,15.434578491249953,10.421949742255059,9.463181841458455,14.43140649435044,26.08454529327634,12.569912703417929,54.179116451782114,18.52832077975162,77.38308817829797,39.024246133967466,20.89791618558406,1.6799466867096844,16.323365801908572,19.61979798900884,382.81780175211173
t380,0.0,10.794779118812473,0.0007412061629774461,19.75343818600742,3.0341281563200235,3.809847991827246,6.6199616478860115,22.731269873220125,0.0006327557767221466,34.678321509544986,0.0014551706816776436,73.00162566222453,29.771990611687432,20.89785685108772,1.6799051749442775,11.406262906430419,0.0003802494175302821,238.18259707203157
t381,0.0,8.722092856415763,0.00020498444499663417,0.00017989008586995062,2.8676444231100113,0.0010814390922617618,6.714362979801025,20.04975650274655,0.0002060277274969682,33.69782081549518,0.0003445616501293371,74.38184788553818,33.333549204978226,19.10937894817937,0.00020892201384352843,0.00020261944144093463,17.367561319949413,216.24644338066972
t382,0.0,0.000756649070518242,27.577679750501353,19.759818238935548,5.287999782557696,18.488811833520753,2.011364657601494,22.781380041044518,0.17319377523275498,46.808261437888625,0.0015122814507136904,77.8394864875643,44.39240317620563,20.897931971195906,1.6694003568758211,7.085177157892948,19.61955107395422,314.39472867149277
t383,0.0,0.0009177786511732624,16.332407449606112,19.759875203187867,6.163360007087153,0.0009007321469415934,0.0004096465565776417,23.284792307724306,2.377702297130638,48.02162279718855,0.0006642916941717367,77.8395331444972,44.38610193344243,20.897953427268263,1.6799749259350591,19.33246152192951,19.619800223875686,299.6984776879217
t384,0.0,0.0010242131295849176,0.0009881520187328028,19.74937859786046,2.846496431858106,0.0007312310980625448,5.127344578329209,24.01420282953742,0.0006385968115966118,34.857925574073654,0.0007559612886255803,71.55300936044512,29.99705046653067,20.897712166750175,1.6797844435519287,15.744975970924418,4.935853263984268,231.40787183819205
