Resource,NENG_Rest_hydroelectric_pumped_storage_1,NY_Z_A_hydroelectric_pumped_storage_1,NY_Z_F_hydroelectric_pumped_storage_1,PJM_EMAC_hydroelectric_pumped_storage_1,PJM_Rest_hydroelectric_pumped_storage_1,NENG_Rest_battery_advanced_0,NY_Z_A_battery_advanced_0,NY_Z_B_battery_advanced_0,NY_Z_C&E_battery_advanced_0,NY_Z_D_battery_advanced_0,NY_Z_F_battery_advanced_0,NY_Z_G-I_battery_advanced_0,NY_Z_J_battery_advanced_0,NY_Z_K_battery_advanced_0,PJM_EMAC_battery_advanced_0,PJM_Rest_battery_advanced_0,NENG_Rest_conventional_hydroelectric_1,NY_Z_A_conventional_hydroelectric_1,NY_Z_B_conventional_hydroelectric_1,NY_Z_C&E_conventional_hydroelectric_1,NY_Z_D_conventional_hydroelectric_1,NY_Z_F_conventional_hydroelectric_1,PJM_EMAC_conventional_hydroelectric_1,PJM_Rest_conventional_hydroelectric_1,NY_Z_A_res_water_heat_1,NY_Z_B_res_water_heat_1,NY_Z_C&E_res_water_heat_1,NY_Z_D_res_water_heat_1,NY_Z_F_res_water_heat_1,NY_Z_G-I_res_water_heat_1,NY_Z_J_res_water_heat_1,NY_Z_K_res_water_heat_1,PJM_EMAC_res_water_heat_1,PJM_Rest_res_water_heat_1,NENG_Rest_res_water_heat_1,NY_Z_A_trans_light_duty_1,NY_Z_B_trans_light_duty_1,NY_Z_C&E_trans_light_duty_1,NY_Z_D_trans_light_duty_1,NY_Z_F_trans_light_duty_1,NY_Z_G-I_trans_light_duty_1,NY_Z_J_trans_light_duty_1,NY_Z_K_trans_light_duty_1,PJM_EMAC_trans_light_duty_1,PJM_Rest_trans_light_duty_1,NENG_Rest_trans_light_duty_1,Total
Zone,1,2,6,10,11,1,2,3,4,5,6,7,8,9,10,11,1,2,3,4,5,6,10,11,2,3,4,5,6,7,8,9,10,11,1,2,3,4,5,6,7,8,9,10,11,1,0
AnnualSum,1.5317196359487218e8,1.863159852097627e7,9.89240161239042e7,1.524337593974025e8,3.2930065902915186e8,1.1590051740712963e7,1.4150734882039363e7,2.896417539655258e6,6.013426091433262e7,630575.4757068194,10.518000006078235,11.248878961558072,15.411710161172786,386378.8215098513,3.0520384529911768e7,9.106696696860676e7,6.866270817813397e6,1.830285911363887e7,0.0,340409.98705705826,7.831030173568725e6,1.6983499639496834e6,3.694042660908629e6,8.215136340322062e6,30071.5773406218,22724.259170374615,46281.90438267308,5275.6774238197,23175.281170481572,42017.639166500885,154939.46326580786,52199.85558438178,381492.97227322415,1.8247581695384246e6,337753.5548527511,1.0210066108014798e6,788908.7979633105,1.6058907085886765e6,175363.01166818713,864475.70148949,1.7552958614030383e6,8.114638667079838e6,2.9156451680115853e6,2.57537296123991e7,6.568317331491363e7,2.245580248940427e7,1.1448405240725212e9
t1,25870.282447602396,2294.3486121864503,14102.788805360577,18253.623446201615,49082.11883647508,2390.6120317974833,1517.3279278248583,408.0865412404739,9138.256696868819,104.35753007497829,0.001236878523018256,0.0013456189219967195,0.0019165601096063647,81.8132687502598,3520.4346201656185,15798.945459783272,549.6953329135906,1891.1868907531177,0.0,28.662297438389803,661.3699739324618,148.36644409627874,330.2155987020022,476.43884796834635,5.7901424517230815,4.3721250014541235,8.685268618154113,1.0043357815312357,5.317472094721685,9.807865351513584,35.21408828577446,11.993983771520757,42.51844115724262,390.9850877901154,75.99514429895937,383.934308992516,290.9076921057092,575.7417998229208,66.49300058595986,351.80656587191794,650.8664079685706,2331.579557026567,794.5621853313369,4128.162565778093,22209.93636123721,5880.24744417456,184904.8579526917
t2,25870.282414865986,2294.3485277132277,14102.788730136564,18253.62345118105,49082.11866048961,2390.61202497916,1517.3278519748205,408.08647316816234,9138.256628704155,104.35747056267641,0.0012340375286990011,0.001341201937001441,0.0019038338724471939,81.81322695544021,3520.434627889833,15798.945316747477,635.5240192247951,1920.0069891492153,0.0,29.02140343865695,651.5817189947036,149.7891841209778,385.5543369075262,686.577429794532,2.5963014419647292,1.9507537180616912,3.88468441386648,0.44516335950250235,2.3733431868262724,4.381689549953584,15.903668124391354,5.392123642020358,26.497452886516786,148.09536080128905,34.902986921400355,234.47769816090917,176.3797083748387,359.97709231672735,38.89591431585905,215.011715324609,409.96094922207294,1557.658661768384,505.9844465888399,2696.94977492222,14727.46193715565,3987.5190586855224,172177.75545095332
t3,25870.28238228182,2294.3484479050035,14102.788659283426,18253.623458171194,49082.11848739585,2390.612020861141,1517.3277822560822,408.08641045717627,9138.256566420228,104.35741058580274,0.0012329051519050368,0.0013386446987093126,0.0018937064860981311,81.81318817832776,3520.43463408358,15798.945177463553,707.4346783812887,2125.6651452404017,0.0,34.30292237759141,709.1520847801099,172.69717386744108,415.4029769632666,924.9412360562103,2.0015986441320615,1.511377735446698,3.002477948958628,0.3471086751862088,1.8381960447909864,3.3905686021856742,12.17377807361516,4.1463349199338175,13.766731871894226,64.72345628053567,26.598988290961056,162.94515312324907,123.46378250674128,244.3500798010445,28.220091428915293,149.30984608856065,276.2336764843957,989.5443640595861,337.21953256054263,1644.630981498557,7801.535078165734,2484.3164983892416,162027.86500946005
t4,25870.28235537448,2294.3484056981147,14102.788621765134,18253.623469685375,49082.11831089269,2390.612036089022,1517.3277624526065,408.0863943096189,9138.256548451123,104.3573941565064,0.0012585335727111257,0.0013632322294538613,0.0019137299458188196,81.81318898026014,3520.4346476757137,15798.945037024187,867.8737428420078,2522.797613693583,0.0,44.728169696080734,834.1620137504559,217.95085768851274,426.6509663987086,1128.1085238196677,0.5636598776589334,0.42507300084416233,0.8427220781095041,0.09736574477623924,0.5155755838831194,0.9502917012469331,3.3679472833316453,1.159483021437158,8.020755489402593,31.885577863849026,7.23870225742864,59.14548018802941,44.037441709167794,69.75061427786392,9.030948729273428,45.32940491656921,77.42450300784188,184.5569705028628,90.14526005217851,766.8495587736295,2693.1363450571203,244.0712342810467,152943.81551133716
t5,25870.2823280892,2294.3483619973317,14102.788582929094,18253.623481003782,49082.11813229801,2390.6120499017193,1517.3277391495717,408.08637420213654,9138.256528983486,104.35737673882525,0.001277097913034157,0.0013815299279689036,0.0019293938606867493,81.81318985005707,3520.43465627765,15798.944896460484,1012.0828035646134,2719.2944603461233,0.0,49.9122585545938,900.4577791557019,240.4677685959353,427.5022779948422,1206.6698247858376,6.784842718683374e-5,6.606588361974072e-5,7.057479539841264e-5,5.752520892849798e-5,6.634342043277101e-5,7.241692460296038e-5,8.479543433317106e-5,7.118862247737906e-5,10.446923251277754,0.0001334181501250471,0.00022542403844705059,2.158469217149099,1.6354990447191686,3.2366878361108116,0.3739245762810013,1.977827935376258,3.658998078595753,13.107057333913218,0.0001240753655118183,225.6211133829639,143.31374151286326,0.0003954880343556495,149524.9171362343
t6,25870.282294745324,2294.348282452145,14102.788514787288,18253.62347510738,48710.32007976509,2390.612048670404,1517.3276726904048,408.08631422298714,9138.256473287123,104.35731924040111,0.0012721166123071696,0.0013754873284984263,0.0019194206280548315,81.81316092668001,3520.434633532654,15220.35518104423,1067.5998830408123,2715.155616926076,0.0,49.861481522774945,899.7997205862563,240.27531628066382,425.0745579127465,1160.6738543662002,3.527151414575797e-5,3.46208727250387e-5,3.7457742634712925e-5,3.0162591433923415e-5,3.503216690352185e-5,3.8955095684951304e-5,4.718573775785264e-5,3.801710276836303e-5,17.91648342246599,44.367925141734894,3.818596872325974e-5,10.503517934308974,7.958537339267206,15.75084617068347,1.819125754600384,9.624556436397857,17.806053253033333,63.7859407016919,5.7648801252078684e-5,134.30764577815847,641.6727085430223,5.894494742228009e-5,149136.56424009014
t7,25870.281991039214,2231.4303748640095,12848.622541382498,18253.62317827143,44750.6152414793,2390.611761146488,1456.411527743046,360.10438289495954,8275.469180011381,100.60779964837988,0.0012020961577028485,0.0013000893501747973,0.0018211584404545392,81.81287236406023,3520.4344600232744,10086.42068500446,1067.5993652886154,2510.1375890223894,0.0,44.57583556844103,832.1878203890574,217.34603593611075,424.2484541273984,990.0627200865428,2.7886580655786455,2.1320216946693,2.963383360706119,0.3461020470955507,0.0004225834119278281,0.00045789052301134807,0.0005151464373083875,0.0001935068981920886,27.867298945689555,204.1083781624935,0.0002498348267548182,31.085663202605886,23.553658644935467,46.6155215014768,5.3836976947424136,28.484378717474048,52.698050186857316,188.77861591899153,0.00025049764579528517,268.64284224557093,1938.9561262919983,0.0004290943012713295,139137.01505486996
t8,23817.230772857707,2036.8158596456572,11501.394285983064,18253.623147217935,40486.18106979412,2073.7720150859527,428.0456720620402,184.05508908212755,3649.5012915039083,17.256860222917787,0.0008512400393463981,0.0009096635370336706,0.0011836991934970136,36.94701992939513,3520.4344446580085,4636.865693619396,987.0464900982031,2104.484049569082,0.0,34.055440954008525,697.551416263198,171.70752455158092,418.8684303178429,694.8455913828722,8.485619561712621,6.445880233523197,13.763049598339293,1.5949324634872093,6.612442595737103,12.196046317290664,43.787402904404054,14.913946061409652,74.2588196422996,761.2708843693446,66.35973873857205,73.0127848333089,55.32190810055755,109.48878591978155,12.644986822997982,66.90303597234943,123.77521938906321,443.396285474371,86.76930010310946,960.3408559566843,4564.408889560552,699.5074686619085,123955.94339268256
t9,21792.148250388804,1901.5285444686172,10154.166657812477,18253.623122402965,38321.37031546634,1875.9319680238948,0.0007785030547435845,0.0008531492733943047,0.0009208707445473863,0.0009268378759821894,0.0005052844522804162,0.0005127186322759759,0.0005630243750965392,36.009807506282115,3520.4343693913584,0.0009063515591378746,840.6127166349103,1902.3874032130502,0.0,28.801547076767225,630.3546217290874,148.91568063515606,413.1661807558153,525.3055266114197,14.034869004990247,10.597748524408766,21.05231547713443,2.4345985323242516,12.889159319067652,23.773364541775187,85.3550747274019,15.540999321964676,113.2915095738426,1059.4069068107153,115.30870700103566,124.33125456856618,94.20600200327485,186.4451560956873,21.53274705693332,113.92716451914711,210.7730975177382,755.046245691659,172.54491325639196,1186.9221306409324,7610.546592376772,1533.3976866102325,113828.1209220289
t10,21284.47509842951,1901.5286096941281,10154.166672818272,18253.623134064834,38321.37033352074,1845.8422708217367,0.001912024820093728,0.0009567369550283177,0.0010259167198437712,0.001035405406444137,0.0006105567394569277,0.0006197576517266319,0.0006865712038365112,35.28147899741815,3520.434383575293,0.0010050790992286328,709.5946782304364,1903.8483479207316,0.0,28.820512770699263,630.5974709071593,148.97052647720588,411.5422823261215,481.5055411439857,10.004025834894097,7.554233895965141,15.006456033438548,1.7353829281402697,9.187441167497685,16.945928897024167,60.84268208329532,9.35564951065181,72.59896242231349,748.206693630186,77.48784559221471,172.56336336807396,130.75210201711684,258.7743741307656,29.886099532457074,158.1238621455298,292.5400586671683,1047.9576887061655,246.7818614395416,1365.8223385324566,10384.89315748475,2326.017137272063,117074.64653903857
t11,21164.793980306622,1901.5287318224216,10154.16676413386,18253.62315452447,38321.370452124786,1820.9273015213842,459.6519128238224,169.8924204703205,1558.668382354515,44.48506234784737,0.0010171909922482348,0.001097975745996978,0.0015375966352753354,34.50857158438061,3520.434369900887,4025.6200024219756,620.3711940146616,2003.2277999603991,0.0,32.54367277528944,690.5610227358574,163.2428537845167,411.9085540806973,554.7497041993946,5.037220447085052,3.7988889018406624,7.5325510266117846,0.8649667560129103,2.820996078842745,5.104866958552407,15.064657216047934,7.168096676029204,53.632629438746264,379.45993004488486,61.1052375925009,141.781798165096,102.93824569419303,210.98023302095154,22.37208700849476,140.52081804941116,264.7971820729238,962.494023558902,333.8892800375666,1515.2985782434662,10948.094779691473,3217.553521467363,124308.59014879848
t12,21045.98504797871,1901.5288589173636,10154.166792194006,18253.623218310873,38321.37062037767,1796.2610014174631,1116.8299138355094,316.4953492015001,4036.657502970256,70.60439961232164,0.0010544922330615327,0.0011348141861491864,0.0015610201910430793,33.69194531698442,3520.4343630416465,8134.406176009515,577.9021910075194,2160.14070055328,0.0,38.318342725837695,805.5038177589621,154.77857881790354,412.85161586484907,734.4261240681476,3.997396495852836,3.0237995598105876,5.993899291355667,0.6877757837971961,6.859764277583453,12.554065609083121,41.809747045777016,8.350033453684828,58.858144201748026,274.5390062574612,88.4329532449577,132.70358625672017,97.20506176435424,209.45360511048008,20.871451384764164,206.40879736808068,386.69454957879356,1399.1636741690252,448.1972991815873,1808.594626908929,9128.823683577726,4336.174312548242,132265.37754337673
t13,21030.26270087168,1901.5289885730988,10154.166884682734,18253.623316841073,38321.3707891856,1785.8699891336878,1828.2169996528557,420.3798126706059,6932.071471347925,86.6807264669866,0.0011757284151909513,0.0012706588074813104,0.001731359231250784,32.8593052902395,3520.4343712347973,12187.478101160506,597.2972674265784,2376.7704287347365,0.0,45.098761640317704,965.5045301916502,169.1883408177307,413.9109263778418,957.2485271109418,3.386861364991319,2.5891150556297324,5.125201735392038,0.5863889534895612,5.237366020480005,10.50729821553862,45.13942390149385,7.237672420578881,53.68486797068051,228.63081526463426,63.40773210287335,124.60985593244092,97.57994823091788,222.47876046299328,20.62297895139519,271.7253416551062,515.3287737700891,1889.1567532254212,435.7002338150483,1941.4131642278835,6753.098191931593,4845.361352232796,139522.57451459955
t14,21016.298895422035,1901.5291257863578,10154.166972114856,18253.623420100754,38321.37096332762,1776.1827435736436,2630.0033486296807,548.7539480657402,10668.642217080014,106.51226375213737,0.0012903577043294615,0.0014005823646645963,0.0019512375251551875,32.00877695603071,3520.43439089538,16209.294261543559,658.7358856967728,2639.237175383208,0.0,52.34655537852596,1129.9305325818582,206.44457589614328,415.03676387386224,1182.3471554726825,2.8340197255140427,2.1979170894293025,4.296439015229349,0.4943241038925496,3.1667552234834333,6.132079523089011,26.27389616018479,6.178043737471139,47.64965216029841,189.43495343204265,45.00420034403741,103.07782651188944,83.48780126846768,192.8831221413771,18.156190978676747,228.98771709588095,489.73378997541715,2016.1133254099504,336.88788441778746,1846.0643291017761,4702.358908130612,4458.128752548111,146232.44654180304
t15,21002.631757658575,1901.5292547526196,10154.167054180125,18253.623533581063,38321.37113757728,1766.6986375379795,3417.5384937355784,689.7401284643564,14491.192942069005,127.02992417418143,0.001449932614793934,0.001572253847266458,0.0022385381047762927,31.135445972145263,3520.434428613236,20218.735925376477,740.6849414164507,2891.5166179586963,0.0,59.09338133227613,1248.1567902363554,251.89052311928478,416.4437031107953,1393.2341888425597,2.299129158256476,1.7182698876192743,3.4337177202106974,0.404717458378576,2.236080032700407,4.154598359835832,15.453837266633924,5.865006938486336,46.67006133241281,148.7823453150025,41.25515876271818,66.59557734503258,46.42127181124479,73.05661171170966,12.183744721409774,105.77212530791627,222.1760106856071,836.1033768630283,241.99499607342358,1616.247626196955,2003.6316078906148,4405.719384195788,150799.02932546852
t16,20989.116779022475,1901.529374810026,10154.167141894543,18253.62358029354,38321.37126444812,1757.3388341233142,3939.989680540353,805.8029832477032,17348.782863552147,150.613783468807,0.0016813794937191248,0.0018351703167829839,0.002661895064193851,30.253209556567857,3520.4344520022564,24158.406462944255,831.7242315774926,3047.9352287369743,0.0,63.29989431634965,1309.3114431145286,274.5998487950849,418.5377379949904,1507.7998083563,2.2417603817780067e-5,2.1363810468652997e-5,2.407662505768464e-5,1.7669637717699716e-5,2.189830734410924e-5,2.5234317632047233e-5,3.0915877784404114e-5,4.508633879158643,40.20921694428729,3.578042746617359e-5,34.95384948976067,3.4745810418149045e-5,3.5402470344500764e-5,3.661245276337977e-5,3.391312784385597e-5,3.9814197347437236e-5,3.95482140179848e-5,3.950561562315776e-5,149.45367584119126,1084.0892118345253,4.2968553518741624e-5,3743.974320552151,153841.8341916488
t17,20975.93031772084,1901.5293658172436,10154.167136157277,18253.62356605236,38321.371253091405,1747.5208033505971,3939.989686689626,805.8029917680054,17348.7828755051,150.6137956393361,0.0016960293009623097,0.0018494914923843052,0.0026781223552451217,29.28265855735961,3520.434477336463,24158.406459858972,917.7598977618042,3047.935242873154,0.0,63.2999073165071,1309.3114610035752,274.59988752818913,421.87384775826354,1507.7998301262487,1.6292787167022848e-5,1.5740721426226255e-5,1.7604981560790817e-5,1.279530071066057e-5,1.5995743961181134e-5,1.8448818353465376e-5,2.2081290344877238e-5,1.568864973372871,39.43105012736783,2.785999775457925e-5,31.851724538748954,2.8853038349268297e-5,2.831664231587611e-5,2.71683138017671e-5,2.764621252512518e-5,2.7842142729742473e-5,2.6147345503299126e-5,2.509824506999734e-5,3.043961091736345,579.0707914095232,3.607805422939918e-5,2235.051846770367,151740.06029843623
t18,20961.541630860473,1630.4863321174425,8806.939429600838,18253.623531115536,34593.774519431405,1737.98815868463,3487.0657135850633,694.2463710131203,16220.828673582819,129.79812357231953,0.0015611326042023314,0.0017017912170540406,0.00244923139487288,27.814584052231698,3520.4344263783164,20873.060357825834,971.9447651607228,2903.1657467499763,0.0,59.18646429731095,1252.0206900701746,257.34250047387616,425.91375322764554,1495.0613487369512,1.6128159597364315,1.2637176231658955,2.4793153073984646,0.29341678399292265,1.5321325715731982,2.7820891779749335,9.764327307887704,3.9242232909017543,41.988419648391776,109.22434778480805,26.052987848425822,135.57631306577557,101.84303758646948,192.6247238497143,23.723069148485386,118.06715798758098,208.54348581426282,486.150026529263,250.21476520844382,2645.9206197637704,9854.000420864933,3097.72713082362,155617.5513766385
t19,20945.316345809235,1359.0302615052287,7459.711617051811,18253.623494579024,30675.779168927147,1728.166061141183,2881.7272622012124,600.4414667876259,13982.990763419633,115.5156791843229,0.0014788500908313486,0.0016121688573046081,0.0023123335546336556,26.176546503812773,3520.4344016424925,16351.38206671714,966.7507691128556,2720.2742431057854,0.0,53.16503346980015,1150.3753523898924,234.23662713410687,427.73805778649563,1507.7994841407124,3.5976529127357777,2.750568435069245,5.424425204817791,0.637389993707757,3.332185587429058,6.146444751293487,21.61101582081399,7.620304819981714,53.85796096068812,248.65854023263935,13.831704069381992,241.60626513758663,181.44561039362986,342.23671016320077,40.9266225013407,208.85106154846804,378.0486540609361,1094.6548159284955,461.86134460395016,4336.47450254369,18821.171504927497,5258.181693204255,156693.56708376363
t20,19589.585590337563,1087.2914957824394,6112.483793941029,18253.623415688242,26800.044581068978,1698.2386376480242,2434.444406856777,514.571590541733,11688.00899523355,100.97594500662672,0.001402961824111646,0.0015261451051977602,0.002181268889929626,23.918644687589072,3520.4344330441986,12125.426204847312,888.6989538400035,2569.0527904463693,0.0,47.32598552644414,1027.947145607558,213.80055167047837,422.27700009455566,1403.1122484451216,4.722891876519336,3.5965012591703194,7.143894506238067,0.8299324307540986,4.364837163489344,8.09763402986308,28.662141369099206,9.893382499969096,57.8399038659352,291.90726271534504,56.635116426520206,288.19044367867485,216.7924122237841,410.2294191406161,48.471066947690765,250.37363267678703,455.97446048053826,1393.3936037809547,557.8920871833066,5536.818979721077,23823.132964495195,6684.818347293907,150661.04843645587
t21,19470.441540267082,815.661190194928,4765.256041332303,18253.623300763138,23032.772175135076,1675.4161849469665,1969.8691495428043,412.0143017738031,8529.721107820722,83.51868046686455,0.001324666906403,0.001437578218199643,0.002047500021741544,20.877359389401786,3520.43443245504,8846.279117244401,757.5620344620679,2396.218989509238,0.0,42.06809998029158,902.3261162399109,196.48883467264847,405.55687125854774,1173.856516198912,5.204695995997303,3.983378270237865,7.93244644944183,0.918399349411478,4.86029933682769,8.992967644048138,31.837058105379644,10.993633399400334,117.24482765785557,213.4753465279039,79.07434704287417,307.75445629034795,234.36719566297697,441.9978831275667,51.89188578918059,271.110824285547,497.769099490307,1593.2175853813615,609.2399982968356,6826.740531439169,26748.843613086843,7786.099138344195,143123.516464373
t22,17389.595487518156,543.413402591391,3418.0282304174184,18253.623270773118,18768.338242023176,690.448739636066,558.3102457366998,251.90093563819133,4956.433440258793,60.29420338553837,0.00123656201266182,0.0013380941791951647,0.0019066737993317622,16.59698274696164,3520.4344345522995,3396.724367322302,614.1321756793141,2114.375965054535,0.0,37.159598625590704,782.5681537434967,180.24765316664852,402.6964735460167,819.994898535102,5.756121707598202,4.284259707525816,8.488734276731053,0.9759285692280524,5.191663831021967,9.562774706666037,33.52490490825463,11.71778662251597,95.46211507965046,608.7270849112301,145.31578525450487,343.3015754040104,249.6553917600397,457.7471612200235,53.022957321604764,278.55782447859985,508.07411617366205,1530.3104223497508,624.5977430622281,6201.065392375369,29871.892246155825,8652.06663714806,126474.62000930493
t23,17375.237668752517,271.72695872775085,2070.800397239197,18253.62323634255,15154.957782315165,680.2566587049878,238.24813255899386,136.1901107127951,1268.7388340911234,38.65301947974999,0.0011705718745194413,0.0012667682459750601,0.0017914798288450153,12.444654842308983,3520.4344306570665,1297.7998154098095,548.4964937148055,1976.4838820163618,0.0,32.51009378230019,687.120939865907,163.6374606901343,405.1889589136682,591.8219812085227,7.021842621960013,5.281034622250255,10.472685842122411,1.205854518917076,6.41147020651143,11.80617363417432,42.049697476199746,14.471717600356897,78.0154272822373,571.0403066391386,142.24160587073732,323.8785286677599,238.6390121759096,449.7400262581535,51.1850230546141,272.8527640840769,508.02665952075967,1648.7930605870897,626.5330563965961,5692.789222423449,23699.21255150084,6594.551397945413,105720.59485777492
t24,17375.237520152597,0.004146856910445844,723.5725875107469,18253.623203746203,12636.580653458805,680.256554014386,0.000724334262235595,0.0010465883164545804,0.007082658779944987,0.00720587353610245,0.0010937273393744813,0.001183302957709345,0.0016202587412931409,0.006728873919576016,3520.4344192907743,0.0009384351973737998,548.4147323725368,1923.3275369806838,0.0,29.067450372502208,633.7550159784822,149.93171130371405,408.07661401888737,489.3772240081422,7.93714418328632,5.993253925282702,11.905609966294875,1.3767268282663914,7.289096034755765,13.444449043358183,48.27085005375817,16.441141319276745,54.27281697182813,529.4399754798927,104.48078225087988,282.0284760233577,213.69334881805034,422.9250731703734,48.843940641388606,258.4279815201699,478.1096936597235,1712.7186214695892,583.6649382091006,3926.7773519381385,16112.205591079832,4387.231480587284,86599.16533729233
t25,17375.23747674316,0.004116559637933291,723.5723752533034,18253.623168580776,12636.580634296024,680.2565470988922,0.0006971057732314128,0.0005658588331009727,0.006958945799379668,0.007075872694398727,0.0010576298859923472,0.0011439506469266445,0.0015617573962946724,0.006627678654746393,3520.4343687606683,0.0009265141136055559,619.8916819195116,1924.7884988886315,0.0,29.086451641234923,633.9979105392406,150.01410853579694,408.7624654361737,489.99719968185195,5.153729928605944,3.891596328055428,7.730481632109978,0.8938845288038075,4.732893993607156,8.729676091853815,31.343120725458874,10.675486593803553,39.129531692376396,351.06388815570887,43.95789605301084,203.05147325834156,153.85248539295137,304.49245547738155,35.16602694416034,186.05981474079155,344.2236202581826,1233.1026117104084,420.2200221014785,2367.9387498720826,11384.406071279438,3004.500120527218,77590.58925653453
t26,17375.237445959854,0.00416489147593979,723.5722963542362,18253.6231813948,12636.580795509211,680.2565453766889,0.0011700459685056986,0.0011059773810816772,0.0069040278378378036,0.007018384326307483,0.0010414503763575857,0.0011262699147269117,0.0015368868076139045,0.006583148288534258,3520.4344081816535,1435.338972768819,751.0055570013561,2129.806952173336,0.0,29.105598417906194,634.240976928096,150.06920154258538,410.38234249408197,616.2941623882197,2.2768197448692096,1.7652777629011585,4.1374029610290455,0.4748900270552669,2.529020482992711,4.665544125847728,16.906900821378223,5.738527704572518,28.02683293853046,159.19825788278143,23.684195826345036,105.56508966853043,97.57761035900869,177.4014358476868,19.61604120563625,105.83204994638264,201.9559095848845,783.5016390337081,249.5441650346243,1490.1563890884274,7080.5648469557345,1539.3647069349645,71446.46264151113
t27,17375.23741649519,0.004204553511704372,723.5722230472442,18253.623183551957,12636.580934653452,680.2565438159594,0.0013694433844815817,0.0012965753867909804,0.0068487282660966535,0.006957499766046623,0.0010201316475482208,0.001103674836288637,0.0015070636395688195,0.006538531431746771,3520.434436862639,3257.538637664507,906.4275868305557,2538.1393386176705,0.0,31.700634589609137,667.5121566175741,161.35243838944177,410.7568979537082,868.1699982069612,1.099506973769346,0.8326519846831342,3.251553588814375,0.3758639371618478,1.990668938460851,3.6718472963989788,13.18384971209632,4.490324059740452,15.430415892838242,72.63999887072926,11.740338257611192,66.16033491349994,51.41643451881117,130.12318335638125,15.027861432316119,79.5115621665689,147.10211132028962,526.9603794099113,179.57881547901223,883.1529034194133,3639.639168729096,745.2597415783326,68623.97278933428
t28,17375.23738716256,0.004236385560648493,723.5721760044315,18253.623198710207,12636.581062892528,680.2565426182791,0.0015011056830290916,0.0014272484168893177,0.006813942383141565,0.006921267586285944,0.0010059359650047086,0.0010908410515483764,0.0014902811757436679,0.006514861224494923,3520.434469668383,5246.841001594463,1020.8305705367278,2840.5537470026807,0.0,39.56834133307884,768.2226859089511,195.50958389878625,412.42191272759186,1081.3737620594518,1.0348994292974785,0.7757258999300077,1.647550238253249,0.1896424063959865,1.0086597423920265,1.8657192606679753,6.732426091257631,2.2876944044816008,9.05091784587708,39.41769288109177,6.618008205762065,50.39783867991246,37.65776411242794,64.52412191215275,7.258304874990176,38.847041529815215,73.2883460544934,283.4277395326671,90.40913859937923,495.3611649286422,1920.1712620518974,376.49080228926636,68303.51990495822
t29,17375.23735577728,0.004265599132584488,723.5721237797225,18253.62322072105,12636.58118318986,680.256534233779,0.0015848687152000115,0.0015005109573053821,0.006774424861329161,0.006880146821085263,0.0009776616964403174,0.0010638318646929484,0.0014615398170850487,0.006484390639003406,3520.4345057814653,6424.887717444901,1067.5998134341426,2942.332601011158,0.0,42.20474810098133,801.9034874365258,206.93414692687423,414.25954929392327,1169.9598797747578,2.1016485952718504,1.586935784566054,3.1521649700915724,0.3642058948771282,1.9297394612366154,3.559633594092208,12.781593753291602,4.3531564798874225,11.780230259733255,43.994683417423495,7.595029664617719,30.333058876896324,22.983374595353187,45.48688298071938,5.253068287410422,27.7945935330586,51.422203812664954,184.20927126681795,62.77508175543979,244.68542257300973,911.321503636411,124.00662084490006,68063.28796391872
t30,17375.237321631004,0.004372392529091769,723.5720812687971,18253.623241507223,12636.581324130508,680.2565246953111,0.046603753090936444,0.054648087349226125,0.0067471562906848935,0.00685201572627775,0.000953879040590222,0.0010422178725700815,0.0014389458906514867,0.0064654390997142255,3520.4345475836694,7015.246133415806,1034.6913251055155,2843.475789666145,0.0,39.60644050502514,768.630673496313,195.64953553702497,415.8876597494723,1133.9426112977899,2.6423094613876827e-5,2.564216037650695e-5,3.45562140464304,0.39935923397326123,2.1155548799614716,3.9023165537615605,14.011818118688618,4.77217892082903,18.776467809067412,4.834210032636515e-5,3.9664545322465595e-5,12.443690742164453,9.426760551921634,27.767025738164087,3.2066394065375827,16.966903912102197,31.39019253203202,112.448993052842,38.32040916633187,141.43499699889992,743.7448129195309,40.56179924238915,67862.11001473224
t31,17375.23696403861,0.004325286307364417,0.004446859383346571,18253.623238620858,12636.581305756847,680.2561837558801,0.03320147565715748,0.039088698327521466,0.0004389253147854821,0.0004383936433411208,0.00038076567266040197,0.000374520257636979,0.0003809390169921152,0.0005682673001511291,3520.434549534265,4546.103166407923,913.0903907397114,2543.739776446919,0.0,31.773301482519486,668.4040637132815,161.62814433879456,416.0806652101646,973.3076426297181,5.29979611415047,4.001883194449017,11.405298920456838,1.3186812107028325,6.982690283429807,12.879508286300046,46.24329607208797,15.750320862042662,50.03385046538002,437.1605941361602,0.0007025544755425648,33.706513943882705,25.537637406749123,59.652405952738064,6.889097077063328,36.45043243613722,67.43607682214711,241.57516734373925,82.32436304825178,313.455758309095,2168.4724826579595,381.01369898027343,66727.93329288404
t32,15999.679678511453,0.004280243143454582,0.004390047437937022,18253.623253738057,12636.581279758955,489.89932854902514,0.0003040502727531205,0.0002974218727539074,0.00024879288457533747,0.00025076535744754955,0.00023371194869193816,0.00023136907544971666,0.00023340311159918828,0.000490680192982446,3520.434608642908,0.0027548306018512847,702.7970703364692,2138.0855941913032,0.0,29.206635852260266,635.6169795108991,150.4808187116992,417.6932560083887,688.1941645641588,13.180129966023431,9.952331787463924,19.77024567297068,2.2863319339086403,12.104220390584334,22.325588047183473,80.15702709698462,27.30177892355467,80.44115754505636,1060.6362433852337,110.07649940017141,77.73555002027523,58.89851722813244,120.47889188495158,13.914233304504316,73.61853282925487,136.19935271198312,487.90290909343906,166.2688977043306,665.4297886546669,4959.682204475251,1098.9437593156167,64959.610575063016
t33,15206.44225322485,0.004348008971090692,0.004429386337949348,18253.62326390867,12636.581409771024,0.0037582394522561735,0.0002430479528170616,0.00023426532531501936,0.00019003833412996302,0.00018609568390914812,0.0001836472486379831,0.00018188191049835605,0.00018333479251056236,0.0005641800757968275,3520.43459867976,0.0029463595049314963,581.032590800731,1935.9890038420288,0.0,29.225626078320467,635.8598526365602,150.53573390719816,417.6566571090989,528.7602849735109,15.262783657528827,11.524951010962198,22.89420611759076,2.647606382000488,14.016849319390303,25.853325531214054,92.82287373672685,31.61578761425346,107.60442221458806,1164.8558318832597,211.68514913081754,129.20815923812452,97.90125244597219,193.758513169246,22.37739804814202,118.39600174046235,219.04072200138393,784.6629859859811,267.3995883564516,1013.0653410432188,8033.126716135552,1952.823503358036,68428.70269153824
t34,15206.442219940278,207.8442603759895,1010.3665466961725,18253.623277301227,13643.384957799983,0.0037406991711938756,0.0003013789708566023,0.00028758854952479684,0.00025703254265627693,0.0002530971742816521,0.00025838832964164934,0.00025647045326306935,0.0002607884483696025,24.67869851939723,3520.434595855376,0.009673724334525766,547.8899253026533,1937.4499482788217,0.0,29.24462990305272,636.0217863372301,167.06637279430464,417.0861421198389,495.01515797201864,10.765119229586874,8.128752546662396,16.14770943837244,1.867382812797849,9.88633255904723,18.234832043871908,65.46979552994489,17.819232506606564,72.76289709996249,806.0641173360598,127.24898572552235,178.59550582673802,135.3221339546179,267.81897614532556,30.93071489357052,163.65058409169276,302.76481899421174,1084.5853560470637,247.09001454101397,1174.5641325061276,10886.34234334575,2658.13162382327,74380.75516936212
t35,15206.44218544603,415.6842158936329,2020.7287021097081,18253.623288494306,16841.521254473966,0.0037184184015759125,195.63672104735565,131.5472123396431,1936.9695044166456,31.563741999242374,0.0009033990878907175,0.0009890062465293013,0.0014219333410544557,39.715000629471945,3520.4345971619287,2909.8701733387206,582.126087903431,2004.891242358839,0.0,32.94386243947332,695.3059036948079,206.44366966126336,416.49099350102097,576.7304796674455,5.619525123383313,4.232490659676534,8.460863848734618,0.9638588830604726,4.964478327127608,9.130937583418191,32.92634274330436,8.786638664165695,56.54944764340565,430.6499031831054,64.99255858033084,170.01724845030736,122.6668582864548,267.93232115839095,24.44291382200173,122.3201051585612,241.46931498321658,1102.9636961295437,241.89384780790277,1332.7557671363313,12332.227428778046,2690.570168999942,85295.21258528443
t36,15206.442153332455,623.5241710102803,3031.0908563806,18253.623295711623,20039.657215961426,0.003691869207749331,1149.2828784943215,312.9655549835187,5800.480333031156,66.25351102025488,0.0013284322931916921,0.0014488676910095312,0.0020848027769773945,51.26681598158887,3520.4345933562176,6914.177430454454,640.3245665106647,2184.44258598273,0.0,38.6795352184343,811.0242075875663,251.8900800643329,416.0795212553708,762.2677426218247,4.27806514464223,3.2154588843735987,6.368801547554319,0.7360509761061855,2.9404915578335755,5.420693495660515,19.3957275410264,8.171191784393457,61.81511193495549,305.0112070247662,56.024421454793234,138.3985011658738,95.0402635302834,175.42873319036215,21.25752115411084,75.18184188270735,140.07659272023776,493.9636652488944,214.27949071426386,1625.194192997687,11317.448774817805,2832.146146432535,97675.70854813169
t37,15206.44212038462,831.3641253360721,4041.453009511442,18253.623303090953,23237.79314846682,0.003660712585283655,1991.1651149720697,455.30232174513696,9653.3381349331,85.27126317666148,0.001711537506874865,0.0018675324405024625,0.0027033891765854867,59.71542954035884,3520.434590091044,10893.5054472033,689.9851517752359,2427.878456382072,0.0,45.31714810727206,971.1461659495765,274.59967208127165,416.0433785315778,995.2953143779904,3.5778526719239703,2.7021494724413704,5.360013485771737,0.6198771853183448,1.478696615124453e-5,1.7008314725590038e-5,2.298913740236466e-5,7.113664323782951,56.330088979444476,246.07667966926093,48.44858555649403,129.65296276212382,87.9817708781356,152.60552660955292,20.27291596365256,3.0621607513818525e-5,3.106660813058697e-5,3.1211996589230515e-5,178.99113180322118,1984.1241545602645,8214.4147902633,2974.065543373742,108162.02109407133
t38,15206.442087009144,1039.204080265182,5048.5151953328805,18253.623311855248,26435.92906971315,0.003623616994535962,2930.4567366165747,596.5551238408328,13502.72483529027,104.38170776333325,0.00167463146382235,0.0018291079686907964,0.0026593650258460444,68.21745165597484,3520.434590797103,14860.441462808736,724.1779079745047,2706.366821240061,0.0,52.403892281456564,1132.7723822996495,274.5998779635426,416.37060747334084,1229.5103997325057,2.9678030831979076,2.25807837440667,4.440820170152018,0.5217839708734301,1.3120344139020723,2.122086705387986,4.305167746617391,5.895493174426656,49.578053114676564,199.54874561666935,42.48914149885166,101.00026606261598,71.41095369965356,118.99032546849818,17.272156497689913,4.865766488442381,4.702173930750581,4.3712157370113545,106.79518004011435,2018.1514198559887,4411.415304147624,3102.9981861044157,118380.54948453695
t39,15206.44205402834,1247.0440356908923,6004.205067546834,18253.623317217738,29634.064991480678,0.003580652266988725,3698.1929357512604,705.5337818930778,16811.238904432656,129.00765948880638,0.0016667410324285481,0.0018220033542637071,0.002650250893793607,78.02949901374181,3520.4345974435228,18779.362896907598,745.308556752376,2932.5884343541925,0.0,59.07262427861102,1249.035638103676,267.23942337509357,416.6912876349239,1421.0179911398438,2.3555627004231465,1.8042679996589177,3.4920615524512546,0.42172768334624805,1.8792015690832324,3.3269369815672243,10.696197028251653,4.455175500997543,47.777756472752564,154.79461114377042,41.587017540698994,58.14118145358814,38.97195499993177,57.97183637770284,11.326078891423045,36.80057865538088,69.44564805795882,327.9186589443671,25.006308814418563,2091.5946873010816,857.23116622305,3201.1022080738385,128206.24424014716
t40,15206.44202105652,1454.8839892912108,6971.823655969253,18253.62331871566,32832.201220856405,0.0035289259564164556,3939.9897673019063,805.8030676080746,17348.782966806197,150.6138881927798,0.001694945781901417,0.0018504413013879385,0.002679526237708653,89.73530387619022,3520.434588973634,21001.98382981716,757.6439330940456,3047.935265304788,0.0,63.299921464493686,1309.311485864612,274.5998637726315,416.4388671134239,1507.7994523125942,1.1430919526535038e-5,1.1291784764135199e-5,1.0347341940555304e-5,8.052220658094932e-6,2.835354734291998e-5,3.162510034091341e-5,3.665318814549503e-5,1.3724488507706633e-5,41.51102294165299,0.0001676173329584146,36.03624925926888,1.2486726544045342e-5,1.28329209021782e-5,1.0831529172644756e-5,1.203317976294661e-5,4.28423567400466e-5,4.049721467556969e-5,4.01559565454533e-5,2.2364746329315817e-5,2676.439017210163,0.0002024836759292207,2966.6366673110533,134673.97983357724
t41,15206.441982365322,1454.8840313361902,6971.823665294346,18253.623322340634,32832.20135164687,0.0034477036176298625,3866.131060947921,758.7858606082134,17348.782903025723,150.61380468825934,0.0016859025482646064,0.001840574233220949,0.0026664255844785394,78.00797161604842,3520.434579657934,21001.98397083501,762.0092849048109,2999.969920710036,0.0,63.2998993043664,1309.3114625193393,274.59987631069765,415.86616255003645,1478.08367466184,1.567029789785546,1.1792342012473418,2.3051973199752017e-5,1.742903921352037e-5,2.1552059637101003e-5,2.465340016563697e-5,2.8650032255664314e-5,2.9905186823793724,41.548431309289505,80.50160696312282,34.24521883650689,37.92409268015469,37.034141207011665,3.734750679923078e-5,3.719408591146256e-5,3.7639099538479276e-5,3.600815986200347e-5,3.6731266071078586e-5,19.212815794786305,3799.0216930985516,627.5773892249161,3847.16199915895,137276.82889713292
t42,15206.441953791811,1454.8840658964314,6971.823602537982,18253.62332853888,32832.20147905259,0.0033743657772814556,3590.009818789266,700.2275917623667,15884.503677873628,130.43590071801654,0.001541873552523956,0.0016792512019004559,0.0024281839973457555,69.47258896479724,3520.4345724070185,21001.984138409378,760.001362959597,2827.9376916067395,0.0,59.166323096130654,1246.574281699719,257.40181460625445,415.64971211222576,1346.272766474881,2.2801025137510367,1.7376685456982015,2.5615363911774276,0.2994954593113008,1.5667981467112564,2.883260988365934,10.255289491990453,4.441517544521839,45.536150302662435,108.23708766509472,34.9959727614176,152.98787292052486,122.85505996681346,195.06217853535782,26.08854049614168,120.39130879024583,216.01276196945906,640.0086557470793,303.8735474133146,5597.537293731379,11130.653028747234,5674.144616156799,150923.46543925727
t43,15206.441927347021,1454.8840997408622,6971.823536467206,18253.623334062144,32832.2015989662,0.0032885412108730914,2613.9961764811287,617.8070182408101,14130.747516073974,118.59767414188109,0.0014540762456529215,0.0015801993584697769,0.002282932300593136,61.596317485435,3520.4345630307894,21001.983196666137,750.4099315672237,2585.4445801278034,0.0,53.15958804141063,1127.215547525547,234.52488370168152,415.531793943973,1123.1384209386065,3.867634450364754,2.942122009189518,5.5157772373014105,0.6545419350339186,3.377414550283871,6.208161224707932,21.960582148354803,8.263539434192285,66.58653172485883,497.05138855825885,53.713392330169604,254.83135450694073,204.67192879117025,332.7072698413054,45.46404113747865,204.01673849315708,368.6370942259113,1159.237913805076,595.1056855360205,6617.2323295374035,20099.040789656334,7482.5006066398755,161107.15714807235
t44,15206.441900845788,1454.8841334569017,6971.823471560505,18253.6233398314,32832.201733674614,0.0031853924868198466,2283.7948404317176,558.2473378776185,12275.99278449836,112.29508712221629,0.001389965015288153,0.0015054220919617583,0.002169085011003549,54.51130691100169,3520.434557814721,21001.98330662377,732.7861803002347,2406.4560444658564,0.0,47.38848641307452,1012.4877521613242,214.4633701163165,415.16890158335474,974.3049387459431,4.853440127240568,3.7241714687624192,7.190815313691793,0.8352950785905395,4.409348004294089,8.093585141225812,28.255639632344252,10.623105772987632,80.66175947554773,448.8077077810742,66.20337142441024,273.48157337285795,232.32322711979117,373.098594385713,45.565824794360886,226.97925823572797,413.87071354667825,1354.1852373379497,740.8835609775157,6344.846790740594,24140.510242587665,7779.694099988207,162918.39508660656
t45,15206.441874164346,1454.8841669394608,6971.823397310282,18253.623345937835,32832.20187053593,0.0030499071923426276,1939.896287829746,507.98596084474224,9085.254810720784,104.62631901573107,0.0013121712879878293,0.0014167597139538683,0.0020406969555441246,45.759379128342204,3520.434551085143,21001.983420427223,702.3411523422055,2285.0942785072084,0.0,42.23082911170971,886.4154689089268,197.4969514120789,414.7009772316236,891.59015988129,5.319849861663836,4.084141440937837,7.996797253053223,0.9290552697024811,4.903023876352723,9.010148719869312,31.76224783747311,11.88293009118348,87.20354266070959,407.7208160708942,74.95819955802405,271.6655660778742,238.7718540604655,404.25671784889386,48.137225461485336,244.5110589120679,454.0702626599406,1592.950565886657,827.1205510515325,5756.800380334688,25529.53264224152,8060.567672996919,160418.94827104168
t46,15206.4418462961,1454.884200321905,6971.823322382223,18253.623352401904,32832.20200653274,0.0028750184995294794,1633.0049843209158,467.5265525425751,5306.292284252148,98.11366752968586,0.0012420109790826266,0.0013359649796684625,0.001920404165086981,36.38328414382773,3520.4345454748427,21001.98353327084,656.8986722850938,2202.151378816656,0.0,37.43878962756712,782.2786699421918,181.50192256736224,414.15497573900257,858.771638039599,5.248626391854974,4.0134840647730385,8.083871147798082,0.9229436151961168,4.944854972378117,9.136724592673891,33.43653880104245,12.458944767821539,84.8612720699221,375.0047287243644,79.65492939641987,252.54388597837146,221.89358823595632,416.21564744305095,44.89743196229713,250.1900746620142,476.9145541353778,1796.858162042165,833.9244327399233,4898.584717800784,24021.887006267185,7627.201473276305,153374.79489297347
t47,15206.44181653039,1454.8842336133696,6971.8232512449795,18253.623357457218,32832.202144754505,0.0026319369078579356,1349.7106585324052,430.86566604530077,2310.256625455187,92.07666738939956,0.0011615862406737143,0.0012430163658059157,0.001787978365435465,23.1161605897485,3520.4345377723885,21001.98364945815,598.8619248171065,2137.6662012534453,0.0,32.89646941222132,699.9665901913056,165.34897563570675,413.4505954869104,856.5982448413151,4.835384346018567,3.6826397039618675,7.8733054520293315,0.8796600484930908,4.810853498635613,8.904826590757393,33.109618729115375,14.933971404426034,76.45602960910227,332.5531348995919,95.3197895706244,213.50984773256775,182.29782848656032,391.6002299282469,36.793255036376685,234.21494854896704,454.0524885418987,1808.2947150619732,738.7113248561234,3777.30094097215,19157.969054831214,6036.421441146061,141966.73988399384
t48,15206.441786223839,1454.88426684237,6971.823186883917,18253.623362705544,32832.20228693259,0.0022072533014300946,1134.6495812811777,397.2173057180416,331.48553547581173,76.30023406982276,0.0010754849479271942,0.001141468420816035,0.0016461796813549974,0.017692461044236038,3520.434529595865,21001.98376867481,547.1056620616087,2090.8432621175375,0.0,29.491594715533115,639.2604290711486,151.68153714922605,412.90412993706025,868.9604961039922,3.619999560253644,2.7497102492049144,7.75538564748805,0.8794522365698738,4.724394220282595,8.783278444802697,33.063969865427474,16.927668539898132,56.52923917641019,243.35153460014476,106.77729589231107,164.22108479535456,132.86732493173372,356.03358280774506,36.419820584077016,212.51362990003315,411.55537582303486,1606.3115963902442,575.736674024017,2707.87832397944,12581.117088480098,4266.378841663235,129457.51199021908
t49,15206.441784805926,1454.884299919481,6971.823148766326,18253.623366916854,32832.2024199016,0.0021676223280836337,1006.9879667888208,366.27104996030897,106.84961934132933,61.68967638678781,0.0009847620459041923,0.001033391815032635,0.001497966409684021,0.016710118309561147,3520.434538730368,21001.98386838506,547.023963233073,2082.599093634617,0.0,29.50416381935499,639.4221474792232,151.6341526230101,413.29952693186607,884.3648069390991,2.9697157016950166,2.2497409358022447,9.297065367857044,1.075135125443636,5.692064667221583,10.498733757971893,37.694378368188666,12.83882496965917,45.56621804175428,198.38397076525067,81.13636102846037,128.79879938328224,99.07001826041765,325.19581236993713,37.55721167708178,198.71065447907415,367.6283958335535,1316.9442633651477,448.79196876729407,2183.9617977831685,8530.693388182453,3321.3841229789373,122897.20063023368
t50,15804.855124456555,1454.8843347186491,6971.823177284869,18253.62337256633,32832.202559870886,218.99897478719168,930.8735398575416,340.79424859299473,106.84969358667394,61.68972724018924,0.00106789656249073,0.0011393174243834812,0.0016225625530905297,0.01680546558852255,3520.4345515391524,21001.98397459745,635.5105424203193,2112.4074098296146,0.0,34.78951521138512,707.0233896664745,174.31148607895918,414.0426863055293,896.3410407611505,2.2547544633942866,1.7059854231716463,4.730623782141081,0.5092540739198081,2.8203714304753547,5.372676966915719,22.132798911908804,6.682114197244631,35.139770141381554,155.58968814062882,41.128059548652686,89.76342120187914,67.1007171371948,224.16704666593785,22.293150548302226,133.78417804037542,255.1702661914021,943.7226233322749,313.18648389950874,1534.371939665759,5802.671793927063,2319.6635514841264,118457.42125378767
t51,17340.183068408,1454.884370803845,6971.823209154852,18253.623376760763,32832.20270946986,888.8840739551744,864.2628576670347,317.36035315165105,106.84977454809659,61.689782945342216,0.0011393551407678363,0.001228533218487943,0.0017337391563280972,0.01689994184241405,3520.434559482446,21001.98409520203,812.5260395059198,2165.2860606655927,0.0,45.34755594715944,842.0640223860772,219.63617127202718,414.6515352622986,899.7670350985751,1.1828553291565977,0.8936060026432456,1.8875127042173052,0.21349779710664024,1.1465241657485286,2.1329005344600156,8.094455907603248,2.636059050021778,18.78086015227267,86.84833712834273,16.0009012977319,61.763770411566114,45.97185388515832,131.65257140111967,12.921437299472347,75.92424791623692,151.7751972986478,617.9364506968892,190.96685924482287,1092.0647558135072,3977.5394504475084,1074.3605109477983,116586.17626868814
t52,18876.491385322264,1454.88440770298,6971.823241677411,18253.623380108515,32832.202869962915,1474.3358234538716,798.3088975199564,293.0182641043724,106.84985142317528,61.68983616065993,0.0011989305442210582,0.0013035992046686602,0.0018304565938597412,0.01698748063395053,3520.4345640818597,21001.98422903077,964.5832487988446,2212.087769025921,0.0,54.31332793990183,956.7377778210254,258.36444151937906,414.9533167791917,888.7825839361074,0.7518256012349702,0.5724952457354441,1.0957015779549748,0.12919725695786768,0.6769015513354512,1.228643034424199,4.288537039176901,1.507388787667726,12.3164584755071,54.56447975351631,9.214126272522488,43.44348516425375,32.35154342389341,61.571177638638055,7.7414610615652935,38.18248100509178,69.52129925200498,202.1740686042325,85.41304056796163,770.5392655265465,2569.5921019330863,197.19113311027482,115559.5573487197
t53,20239.905293302567,1454.8844452452813,6971.823270943979,18253.623383162034,32832.203032670855,1553.3705128583415,718.041038126022,262.71451675588025,106.84991351987651,61.68988433932013,0.001236929233762472,0.001354150433440659,0.0019012006151522675,0.017063977362971695,3520.4345649847073,21001.984362191284,1027.9481019629638,2233.0023714932377,0.0,58.044387917500636,1004.4578919752461,274.59947305858515,414.9732031717359,855.3168059216061,0.5631784621620501,0.4485342264435576,0.7057260888799329,0.08850398879531081,0.4535828225582708,0.7609774454281798,2.3064190792591277,0.9268490155531437,9.266288155698785,40.084169707613995,6.094348025019886,27.99343197223618,20.876987324601156,12.923121729421437,3.5684100273105126,10.345255867349113,13.607644119722798,20.31183089961249,14.771546423688786,480.52893048166453,1590.9317881295374,99.98079502813859,115203.42632887934
t54,20378.377996411033,1454.8844846111374,6971.823295452744,18253.62338709139,32832.20317898921,1602.4196074516874,625.9956039465999,227.9859120720957,106.8499650872056,61.68992552505842,0.0012660166687410875,0.0013954406410892632,0.0019594829754461794,0.017138576401270842,3520.4345680980027,21001.984476438516,1002.6598073249131,2216.555317032002,0.0,56.53431476043799,985.1432788871768,268.2176800172217,414.7657608427461,792.6643829619559,0.5388783451102951,0.4195721291998558,0.0001340226312209417,0.00010660367209196136,0.00012700418505446788,0.00013145437926877725,0.000153808275374089,0.00013441468631016627,8.407447894669982,38.81835002453846,0.0004206478509374482,17.929239291498952,13.470368613145821,6.943052579391042,0.8020661103130461,4.242639021164599,7.848893788063128,28.116256121689844,9.581685918671967,270.89006460046005,1100.4797678929385,25.134511332702278,114308.45870413704
t55,20378.378464080713,1454.8845295811293,6971.823310553011,18253.623391027097,32832.203314333565,1602.4202870882557,511.85993254605336,183.09213141526732,106.84999525581121,61.689945358704655,0.0012822470982876571,0.0014208878641571905,0.001996426176106103,0.017190819359236515,3520.434569667691,21001.984581599074,888.7395598935634,2158.009872124025,0.0,49.78940658833705,898.8748575505773,239.1266425631931,414.4502223800496,700.531864458681,1.5009526854155815,1.162424627263558,1.3227824104239387,0.15297147748666878,0.8042004660874449,0.00045221601286152204,0.0005320074377277948,0.00046322322355518914,17.138062721656024,110.46984074597222,0.00024089680485220042,18.008063984206334,13.59879170672149,17.542617789819914,2.026075730804913,10.719429366289766,19.831541006692078,71.04190640993878,24.20986099231372,203.1074887867362,1134.1149728703665,138.44170797192092,114013.98414853889
t56,20378.378471069187,1454.8845797863946,6971.823279119168,18253.62339891561,32832.20344545555,1602.420218615296,370.30731176112266,130.1041714890546,0.0025263149738316754,0.0030457056329458955,0.0008422168548676528,0.0008822142081281413,0.0010936599212553058,0.0030549507410212043,3520.4345834255037,21001.984678858138,686.1268508851641,2062.8163291226183,0.0,37.80966588158113,745.6526386004172,187.29887277587102,414.2295286297376,591.5811866931758,5.815137136176773,4.418109069517803,9.079327977370733,1.0499638965525981,5.553094916989998,8.759549487982687,31.44894808175742,10.71189640707613,42.01465965808789,448.3582114186561,71.66356336489531,26.37523025721451,19.96945953242019,36.50505240824227,4.216048322805969,22.306400655373533,41.26825937349297,147.83411173417176,50.37930045599477,218.53997863208696,1724.1115743404878,342.38619647493283,114514.45472974822
t57,20378.37862015292,1454.8846436000083,6971.8233003666155,18253.623406525658,32832.203609912794,1602.4203613816587,5.1236656473108155e-5,9.564236283510219e-5,0.002517145297644636,0.0030302542868546516,0.0008214402901378266,0.0008620577738883485,0.0010796125429617012,0.0030590651781205193,3520.434587417438,21001.98481111879,572.0430594445844,1969.5906060812245,0.0,31.102779278101202,659.8700459850903,158.34523838197362,413.8422138268876,507.9166792776205,13.274917047254453,10.023910176123744,19.912309515849156,2.3027323335712033,12.191185236871554,22.486018136711856,80.7331340187794,27.49797408315604,82.0510812900384,1029.4097064770906,183.79491952253125,48.08660641602141,36.43529818426285,72.10972276269368,8.327931343396513,44.06254223045182,81.51883185458804,292.02292786401614,99.51626267012774,348.4743347020765,3100.74292241782,724.8779085558235,116668.32865604502
t58,20626.737801470517,1662.7246301853552,6971.824579846475,18253.623414147194,35138.47444045572,1651.150806815581,111.91042185096924,130.54134997162072,0.007585487513533731,0.008782466888883064,0.0009779358617798785,0.00104094014523129,0.0013980765644852522,24.22943410010665,3520.434596183475,21001.98788679439,546.488191915028,1971.0517674910918,0.0,29.662418314082682,641.5270889096925,152.23828246762955,413.9721941124419,508.49735086782357,16.27259848353014,7.534583651926626,24.406572340511506,2.8208758892432098,14.94199790858636,27.56146763236122,98.96228669069893,20.598213575370462,103.11133063036031,1257.8496633939424,137.27773417980356,90.14562909242939,37.307125367660305,135.17810060796094,15.609820737850809,82.59946991531609,152.81700578234532,547.4400008629599,88.44852030780412,659.2156411217105,5674.448052427137,796.9709630719045,123348.61409447757
t59,21003.22974293655,1870.5646163331237,7789.442995672246,18253.623422536926,38336.61029974504,1702.0763621786352,817.7487598209103,247.68148894922103,1988.0652167861617,39.16620035119815,0.0010885813614913995,0.0011678865700790564,0.0016137051894800148,38.11346545331556,3520.4346085204843,21399.505951077972,589.447590594401,1972.5129126081824,0.0,32.24243980458495,681.5011760801684,162.65107993909905,414.3328535811639,612.7446281176119,15.665076743419274,5.673817297785408,17.13789969689996,1.9742038755294562,10.47490655372092,19.369486853591802,70.07125166874056,15.43128713060114,104.6011755140588,880.5201879667054,102.76546204583877,147.400274509109,48.67087488486025,121.55238714030037,13.061894505423682,72.73322663242494,137.37541245014074,580.0441378071223,108.49207173056965,1039.181046670386,6137.123558384711,803.3818507296628,131924.40117205173
t60,21304.171415519017,2078.4046027568947,8613.330814648069,18253.623430655127,41534.74581090856,1753.5723509194852,1416.4593403275712,350.16113175773427,4309.094038833753,63.67592515711897,0.0011957583121657042,0.0012886650534729945,0.0018031098055385287,48.13570087700259,3520.4346213895265,21888.840386491596,673.7262634578766,2109.4363602867134,0.0,37.01115161192896,774.485122865566,179.66556832267446,414.84485241340735,797.459906932234,10.6307847672178,4.624823346889054,11.350375412742295,1.3040800023747152,6.932867400051959,12.83352378348967,46.68863628951798,12.561618011897018,95.2300756703862,556.2332498035843,82.8664616704756,125.79182089505228,67.07097310017141,142.6778570489959,15.124765557604892,83.61416610009594,162.00792356539708,725.2027115380754,144.1178659829731,1435.045761427851,5489.426130399139,1078.373787398398,140430.99334283738
t61,21618.70738751387,2286.244589172395,9497.466225743412,18253.62343906385,44732.88125085666,1801.043520337389,2128.318054512549,472.0249291873516,7570.491090053503,84.07097440955464,0.0012901042289106164,0.0013941512247390632,0.001964131422551285,55.1739818990127,3520.4346326312925,22437.518231590806,778.214042120695,2343.609086625806,0.0,42.70057321984269,912.2037623336648,198.6998414238348,415.4089590622989,1015.2703231165243,6.713589507657875,3.88440242104641,8.546171395067226,0.984930065584738,5.235161026809561,9.646508990855446,34.797482712797155,10.760531674153519,83.74750242159065,372.44754223800334,68.38616884274587,126.34018514034989,78.14086900777711,165.0534934272782,18.725013585062396,100.53378476859766,190.23041437739712,795.4354894955344,191.90644435771785,1954.8711939217512,4210.099719514887,1093.6789593504989,149694.27510150438
t62,21908.107008631345,2494.0845755975483,10396.186725723148,18253.623447931426,47931.01668387171,1848.4083024587126,2868.85150510352,597.2321065580371,10918.914305247961,101.26024728739226,0.00137671904449018,0.0014912804715356677,0.002114351168721147,61.982705631821666,3520.4346450122316,23167.167003406736,891.0109834752035,2629.832057960182,0.0,48.9420196118876,1069.252980303111,219.74646318448703,415.9007217208389,1233.9123192275267,5.645097898670914,3.891723354802746,8.489752865012882,0.985514332311859,5.212440043801319,9.54769500146394,33.92928956819722,11.335840055170989,88.77644200480718,265.82939157510003,67.51014929469285,115.43372563182088,70.59055817066663,170.3529168574174,20.51781872942912,105.86194526952656,192.5307155228989,683.6531189328772,207.6440490955873,2284.286523104887,1335.041434503779,865.3973586527428,157128.33529076117
t63,22113.15382842611,2701.92456206663,11301.863735070125,18253.623456701236,51129.15205561,1897.9431910896344,3647.023998923938,710.5236211413929,14302.952577810813,117.19417908372571,0.0014686151199323338,0.0015941597096374826,0.0022713456583852557,69.17906447280365,3520.43465798319,24068.959108642553,998.0708886880849,2891.6414364469506,0.0,55.43230758239429,1199.0628143607366,243.11010254397397,416.2636901109945,1415.3104712690697,3.541108974732522,2.6050193031731825,6.706680578320555,0.7852580871581152,4.129936139257569,7.516645908811907,26.168595385226336,9.088041725828932,74.01693432803589,42.485333910379055,44.245540924075776,74.75532845760733,46.411010972841105,143.09109385176765,19.86569887205074,93.23343624297411,159.82271693415424,472.0768016425472,186.6079812819873,2527.840612383694,61.85016727156162,556.274475001166,165615.94350032223
t64,22259.41868006261,2909.7645483648666,12188.539744965508,18253.62346130192,54327.27382550412,1944.3358373722158,3939.989800340766,805.8030899578641,17001.386241365566,131.11093560331457,0.0015644958931441569,0.0017012972379574659,0.0024383317698529958,77.6775187689834,3520.43466417732,24158.40603551496,1067.5998985839256,3047.935277674493,0.0,60.956292391594026,1281.9324732630175,264.90177422041,416.30031280980313,1507.799604777391,3.600272241070136e-6,6.515423887592169e-6,4.023523796055674,0.4739922130716672,2.481290063488829,4.493683689369638,15.514073824771922,5.436340365736152,55.03323924460809,0.00017739177100005123,4.068259738062221e-5,4.3121144693384935e-6,1.0868932090574942e-5,90.10047120861647,14.586190455763766,64.07679469671538,99.94634530205127,167.95788351683672,121.74184907643321,2840.753343132244,0.00024202287455288524,4.79832706477813e-5,172651.81527510862
t65,22259.418691544746,3046.9015453147654,12655.62074647141,18253.62346398674,54327.273974415475,1944.335811062304,3939.9897694586425,805.8030694570507,17348.782784236417,150.61367638857504,0.0016952422351445818,0.001843445167452922,0.002660903783667182,89.73531411505441,3520.434661699991,24158.406293309366,1067.5993519395586,3047.935257729847,0.0,63.299911203898354,1309.3114629385148,274.5998904767332,416.0478873970225,1507.799832248717,1.4190599335366614e-5,1.4253439901761433e-5,1.6912166949238278e-5,1.1804609488035182e-5,1.5283781950895618e-5,1.8214967324620502e-5,2.0855406703300323e-5,1.8510404842814055e-5,54.05838009756173,2.4282580299635092e-5,0.00027796855983018174,1.715526463563196e-5,1.8566428792010533e-5,2.30934329847334e-5,2.6090170435555933e-5,2.436399735862256e-5,2.233895583915584e-5,2.0902975199665335e-5,2.7427068154891443e-5,3388.145841327904,2.623057048101214e-5,130.34620629575755,173760.09066115262
t66,22259.418697428726,3046.901479170283,12655.620705587542,18253.62346674118,54327.27392051293,1944.3357715252478,3634.176381575057,712.1167285652695,15962.697564098622,129.94599203028278,0.0015659662556426598,0.001710314805003644,0.002476656340752126,89.7342317959561,3520.4346671354565,22267.137641768786,981.5433695446685,2905.1116549406393,0.0,61.042521610673354,1275.186155038796,264.656812268995,415.7495415264838,1409.3669541064746,2.5031309933344215,1.922140151539147,3.774704528622183,0.43952106236180216,2.3156682770131045,3.5201089744475142,11.498022778895534,4.097171577116328,67.96634826461846,173.47884161853116,19.252870037009934,59.57271483251838,46.32087311762368,94.26514843708402,11.774609905839778,57.748704346720956,92.63835100877115,316.500554561282,113.93155534550345,3845.242378486008,3150.926963153545,1894.0050153211673,176089.77540668906
t67,22259.41870228337,3046.901413415432,12655.620666456718,18253.623466204255,54327.273858801396,1944.3357227680333,3360.0416846455605,647.6580393888737,13022.52001899577,117.99200530471619,0.001497831182532199,0.0016390236399635983,0.002372424349888405,89.73363325067199,3520.4346735913923,18704.486725767638,811.6626562521964,2722.6973484148166,0.0,55.84934230194315,1189.3090152260863,243.27878743599618,415.4463613317066,1261.4031348622489,3.668037068638182,2.807910024020165,5.540343573780302,0.6508181391856063,3.404071606566671,3.266900109479437,12.452502302187707,4.050378360328866,72.49537800241849,265.67325683123386,49.95774779458352,131.0280964758791,101.1034116172684,211.5191715618254,26.39966809438156,127.74092809200302,277.6184911595145,1111.5943924689147,366.32538141047587,4680.721975040452,10359.902313481442,4173.258421717066,180640.87236090965
t68,22259.418700527116,3046.90134761792,12655.620603578665,18253.623466151526,54327.273796986294,1944.335609791704,2633.47676872378,575.4828178335803,8597.274313105501,111.68219745956425,0.001429577668881058,0.0015523804332351644,0.0022438740815904296,44.87098913677476,3520.434677351281,15032.529459240146,634.5154141331672,2539.4900899111963,0.0,50.668878828695064,1094.4703363419046,222.82896244017334,414.90487819585957,1117.398442974844,4.8081490984733675,3.6663177982293322,7.31965515455626,0.8343633051652469,4.464785162313094,15.292451652483733,55.62976815543365,18.756424607397722,84.20737606842394,360.89769631530686,145.89637596401124,205.2191162415889,158.02248473720942,357.33408767251046,36.098413484184036,208.29893133949133,518.6783584348651,1975.137409976357,660.6056418209921,5408.560503424178,17707.34769669833,6409.991315390831,183424.2742986642
t69,22259.41870817161,3046.9012860284984,12655.62056628316,18253.623467183712,54327.2737376635,1944.335571822311,2251.690783093131,516.813424802792,6189.63128448096,105.08612012431414,0.001384975098367272,0.0015043350386222732,0.002169359249544934,44.870549929241044,3520.434681879202,11810.364609868846,545.8969113481074,2412.1159459332257,0.0,46.73811893735739,994.9846251712493,208.72430535448137,414.5319678914958,996.5610843169183,5.162118303666692,3.922999886404526,7.799548004644361,0.8931122945778707,4.7693472220459165,12.073321147285279,43.80116428365771,14.789480539880682,86.96988670151777,398.08449469249797,183.5911630050232,249.96287934706075,189.87551790000427,427.9400450186252,42.688404534023725,248.115166159152,588.5661002052743,2458.268292801701,759.9019316711842,5845.368732742017,23908.90099877246,8312.272917656152,186339.3404318423
t70,22259.418718368528,3046.9012265260935,12655.620528298861,18253.62346844174,54327.273689557274,1944.3355443230655,1904.2760084356546,459.7620953620289,3755.4975023314432,97.75314828417277,0.0013463611650140254,0.0014630135751461798,0.0021021036985178613,44.87009998581253,3520.4346872896303,9629.225932243024,545.8676329278738,2326.3384222439445,0.0,43.99516025581737,893.0609191135316,199.9009025112642,414.3119585468487,896.5923463425935,5.1375066233931665,3.8957087529840493,7.739537647866573,0.8926697870789811,4.736034813851792,9.753442987364659,35.70975436185816,11.943594824613486,85.2182732158562,395.31977650737696,131.50484217605575,278.90127724572807,209.6447947686635,486.0884316043518,48.36777171142993,278.8304931694311,655.7559577134765,2893.7031260074286,847.4520676480284,6056.107528246909,28383.343817441735,9486.304130451372,187535.41544057443
t71,22259.4187277784,3046.90116834293,12655.62049071847,18253.62347002477,54327.273644372544,1944.3355172827246,1428.8874161717486,398.02790540138244,1949.4806314279774,91.08288473198436,0.0013101791088202513,0.001424664298349511,0.002038244910131224,44.86964644806741,3520.434692760395,8047.215981425919,587.150200810957,2252.745403647819,0.0,41.881464834063586,815.1915527228767,193.59721605094404,414.2392756962746,805.989814010772,4.710210304166608,3.5648716898512327,7.086644893819606,0.8198158816700326,4.335106538291596,8.293310683951429,30.56529751782599,10.164419394922742,76.39879039145245,361.2594798628705,88.61793493034997,303.0450333274706,226.0218640402213,523.6350404872092,52.05348368326473,299.4739869922827,682.028973290337,3099.093575218813,878.6729978898918,5813.617011711273,29979.3405906689,9105.583582029118,184636.35389917734
t72,22259.41873707292,3046.901113042459,12655.620456423181,18253.623472173775,54327.273599556065,1944.335491403455,1039.3785791592288,334.56708927901957,1303.14046653086,85.54890409320464,0.0012737089192395071,0.0013854650622145198,0.001973918677680838,44.869194558455895,3520.4346987840136,6724.155863336673,606.670773321669,2185.686656950343,0.0,39.6671402481082,773.18759849315,186.76534636676368,414.3131828312574,713.1515761527841,4.109093200591864,3.105138410906983,6.195276327676099,0.7080636242961086,3.7845811293316,7.064691622487372,26.17660393602898,8.675844348945578,64.77079934156639,329.7033035210508,69.66374856644674,299.9674692639217,222.42864062214977,517.0499547272042,48.460736432035844,295.5067308062577,645.0164880181671,2826.52912500193,823.1311746066328,5084.092344145343,27934.968411210153,7869.526213100845,177549.34900483393
t73,22259.418746346415,3046.9010605702365,12655.62042240936,18253.62347546345,54327.27355912473,1944.3354665581523,564.929684417748,247.9275495981853,964.2490886573114,79.41329032142758,0.0012258958686062105,0.0013367423422168062,0.00189932650961104,44.86873291700018,3520.4347075168016,5732.797340046289,601.7065932998124,2114.054659780548,0.0,36.77225933487909,740.1301858448862,177.05747309015385,414.47987870096745,616.7549133336089,3.311205083936697,2.496398314361363,5.036549734628058,0.5609761634425771,3.059378868168025,5.702100773677595,21.617121112546062,7.036184242330224,50.019204527146115,317.2311515718129,50.96085022173527,271.41055576048996,200.31743862555294,462.28323285362256,41.2563020429777,266.48073052469476,546.5288453123924,2225.7526421569437,685.6901800223771,3945.8920865575415,22858.165752947883,5941.153388250516,166254.71582496545
t74,22259.418755862498,3046.9010113217946,12655.620388832785,18253.6234788483,54327.27352268223,1944.335442289926,184.0288943684078,146.4812587544234,821.853664197559,70.83453483877472,0.0011741244829901716,0.0012854039777685227,0.0018216550640048916,44.86827040669099,3520.434716345468,5549.978791388948,569.0101570782683,2038.7113453631382,0.0,33.133410845690115,680.4273524563204,164.24533566927585,414.6975130304129,538.5717026362923,2.4869776287688374,1.8470470429029666,3.920655978792392,0.40191193434732636,2.312846690926547,4.453123525301067,18.16621697027963,5.57802246889406,33.96769235237077,287.7938983908964,42.68117545720613,231.7639310929889,170.5614509683963,393.55832654324115,36.19052915190476,230.67165706698913,450.7523435883909,1687.7991231211477,556.205070316553,2662.00533038302,16649.044851408766,4393.9855898106725,155130.6016002935
t75,22259.41876719427,3046.90096660138,12655.620359305287,18253.62348191243,54327.273491519176,1944.3354216621779,75.74932927991296,73.77674913175815,801.8307085254605,63.09053761396394,0.0011223447312198802,0.001233337401679101,0.0017432101629833562,44.867827769351884,3520.4347239434683,5532.029471365863,545.5908810176105,1994.9138530791363,0.0,29.96640095907238,645.3324856868438,153.39171516865258,414.8181798342272,518.0601646462121,1.8153287021125952,1.321161079686971,2.925447208004102,0.2652046244414155,1.6715846116292263,3.3405887097736597,13.663757584617752,4.21699766207146,17.561305507192863,175.99575302219958,31.02053151558519,186.9569895851391,141.22015235335775,281.38817258355664,31.350847925659014,171.28295104093044,318.43543942101405,1145.7362158946253,389.1411456568899,1750.3443388608496,11100.643084822519,2935.9833458178987,145607.3099592983
t76,22259.418781333738,3046.900926356437,12655.620332294215,18253.623485463173,54327.273479751886,1944.3354069973936,74.17296208043055,72.28316767528037,800.4912238230371,61.430889239216526,0.0010666329492221498,0.001178998406808102,0.0016641008774908798,44.86744170412482,3520.434732976312,5532.029380033342,545.5090766682971,1996.1311101106166,0.0,29.978931852695275,645.5751397126568,153.47401490234418,414.90208114720537,518.6614707676098,1.5204038652792178,1.1480475866467534,2.28063472621236,0.26370339410475724,1.3962896993878111,2.575414745528671,9.24682747829834,3.1494672687853384,11.308346141429933,110.82838047407536,20.020702126252147,112.61840745523244,85.33114092952268,168.8808178986634,19.504160383666953,103.1944624135348,190.91692458069448,683.9163513840164,233.0668504194745,1050.332640157085,6636.06441810082,1730.4308917284438,138075.1132275794
t77,22341.650653549514,3046.9009248001876,12655.620344047746,18253.62349037454,54327.27356198768,1989.8585981833742,74.17294978320739,72.28315520471932,800.491214046521,61.430868852509946,0.00109477591709776,0.0012044093964430707,0.0016852471127912598,44.86744637704343,3520.434744650062,5532.02967987069,634.0166883765044,2200.905709852056,0.0,35.26418638471878,713.2572078582028,176.4028891524148,415.0478789944381,644.9395724138004,1.3854723459530534,1.0461000188625305,2.0783899362364244,0.2400838707884312,0.6932536440951378,1.2186725740347133,4.4508589644681855,1.509303891308325,8.351019014393945,99.17056874616655,9.273128349144606,57.07694166041109,43.247223924201506,85.5918576390571,9.884846526019079,38.2747622231658,76.64653017173585,309.15101580843475,95.37014442717852,525.0135371093149,3425.6834362661502,767.7097042432573,133103.54260054676
t78,23057.981485688517,3046.9009264068186,12655.620355916353,18253.623496151682,54327.27368696117,2068.8978576040477,74.17294512180274,72.2831502844358,800.4912121662738,61.43085965670891,0.001113556363553365,0.0012210131688836137,0.0016992192104004586,44.86745102816073,3520.4347608905105,5532.031419391408,774.0033344860907,2351.443338201732,0.0,39.19350649763544,763.4928322753136,193.44861212168246,414.94797831798166,738.3684641164972,0.7857851106023334,0.6006327382777172,1.1681705782821443,0.1368510984675348,0.6121522673793229,1.0620841145304507,3.7184905680518088,1.3116410928302524,7.385523392478112,55.660531745921325,6.019151175952666,22.576743787212493,16.9877362369507,34.221033202506334,3.871464097448127,19.448257575491912,35.568000303991596,119.37657569315866,43.131152705482215,268.98365313098293,1334.4624197783025,282.17764923498993,131050.17740670285
t79,23795.32561302993,3046.9009235727603,12655.62036080453,18253.623497486657,54327.273833538246,2157.1860955420134,74.17294284413931,72.28314764888096,800.491213068985,61.430851627577816,0.0011301628710428334,0.0012357530811701893,0.001713532517138001,44.86745767290915,3520.434764968308,5532.033454542148,825.3369110073777,2301.345396224066,0.0,37.88803020418944,746.7747108453501,187.75759513022652,414.1783379190079,707.1940941060291,2.22904727355258,1.683078482610502,3.343746723458364,0.3864437809109568,2.0470623069795133,3.7761788297238876,13.558399121585927,4.617903932321762,15.944186977841914,162.2051570679929,7.673823107747925,18.089602270422507,13.706462691932533,27.127028435146585,3.1327239638686595,16.575833805178124,30.66678666165652,109.85726384000084,37.43732126312445,195.3186962612973,1096.8960391805442,109.65759769360642,131438.05369490333
t80,23795.32562111863,3046.900883895313,12655.620335099533,18253.623505894197,54327.2738457466,2157.1860602626057,0.002950544438166954,0.0030011348945693244,0.003334423336907896,0.00363424488747895,0.0008724637607908903,0.000925192046188432,0.0012042746262933873,0.0047125973694215695,3520.434766382682,5532.03346842786,787.9780641118201,2050.61181275418,0.0,31.34137679513567,663.0218236312905,159.35723844082156,413.53613594166137,551.4511026952335,7.143382839860997,5.393895888101474,10.715267699654197,1.2389065718374814,6.5602258219048135,12.100486178066152,43.445774567477194,14.79763719479635,39.12267464944933,531.1767500441413,74.57367744006831,30.64547532069998,23.220063124140296,45.955634130833765,5.307235056463469,28.08102407094392,51.95220989135282,186.10751524363766,63.42206598127726,203.12930757847715,1870.695408507733,307.3887866519728,131507.89008052583
t81,24289.944049511374,3046.90089373994,12655.62035888483,18253.62351408913,54327.27398188279,2253.0336159470885,0.002936304566319538,0.0029855980393950344,0.003322423804195483,0.0036163747965140642,0.0008663499905128919,0.000928055670567645,0.001211630633997196,0.00473375313769863,3520.4347798847257,5629.718884973504,839.2087144262063,2003.1922558357658,0.0,30.06752912451936,646.7085152094967,153.80349699661917,413.4515498130912,521.3964592746054,12.452274562831516,9.402721736232305,18.678447321025047,2.160038693552589,11.43575760783039,21.092672008208876,75.7305356368767,25.794062341083045,74.4097929831647,659.0427906541997,66.65351404598839,47.47864674269867,35.974627304741745,71.19828511808772,8.222675923097926,43.50560128434936,80.48845223511768,288.3317801511426,98.25839878201425,289.9009106963293,2727.62777700581,356.19842952418384,133608.4373924429
t82,25648.16654503187,3098.1734833601,13094.334073580085,18253.623519430224,54327.27418422161,2444.0520447787294,312.7167597724405,147.01490117773918,584.8275251754798,36.22543312415397,0.0010396853349804178,0.0011200933124005687,0.0015364076894111276,25.893782391170028,3520.4347900857592,5752.20493155454,978.9682851491115,2086.398542370302,0.0,32.6771917843424,687.1149991839765,164.3577294049093,413.7964717698748,585.2883096422481,9.342376389017112,7.02392540945539,14.081675345714483,1.5994673191487512,8.48027438163287,15.68838104734816,56.72256006861997,19.05025859516305,92.86315642648542,806.0821348117605,43.504728897387054,48.0324750011301,35.95491915600475,76.29895154176047,7.419922236195642,40.780500574511905,77.49479865318425,334.2930452768388,79.55790377060053,545.3127514085313,4988.3859613450395,177.51519514159105,139679.03256197213
t83,26148.243640420347,3199.1899576929973,14012.637362259902,18253.623524878134,54327.274409214595,2644.555732350147,1445.373424670363,316.51846041323097,4389.765311760168,64.53735308714667,0.0011690167905683167,0.0012638751377654772,0.0017614128568865395,40.75960120859148,3520.4347960002583,9621.851068154447,1067.5999288783316,2263.8774394023935,0.0,37.18274860598071,776.3801193327566,180.51257075800845,414.1778872518628,712.3861400139286,6.791236621345555,5.1256120158680325,10.106418853560678,1.1799539501827734,6.273678579042885,11.55373807894925,41.08645332385151,14.073596695635672,94.14818311426646,594.5278696688209,2.1325044974531206e-5,50.39680717968399,38.855834896264014,71.84021926082129,8.623633479084583,47.151289751855884,82.24691970932764,218.16088310857754,95.27026940491429,899.2136173669276,3522.848273504726,2.095669079802663e-5,149256.36020150385
t84,26148.243615078864,3289.923344902458,14814.743219456741,18253.623531056044,54327.2746231254,2644.555516974857,2103.2579871261405,435.771172296441,7587.672864796929,85.51800304624481,0.0012690950760218718,0.001374286074676963,0.001934962489236034,51.61618234612772,3520.43480466374,13353.459751219805,1067.599694203163,2411.5732028906264,0.0,42.07227217628635,894.4674819136555,196.62490166513405,414.89410273365735,866.0075115531641,5.5460854828959,4.191663776116442,8.278084970143224,0.9630662439523746,5.120710997909243,9.421701601187792,33.71704543671449,11.426188616530368,86.3360204480582,427.8584814572378,35.36805165069648,68.7398370932195,52.514407632022234,102.13679845251376,11.966754799301683,64.3827040830328,117.99884290055132,409.963817085185,120.69741530592194,1365.2542439509975,3918.7374222405806,173.71379912005494,159543.67150491397
t85,26148.24358747376,3386.76503139958,15676.262320045817,18253.62353831812,54327.27484826785,2644.5554117135584,2661.103450983215,534.2057753187796,11088.757932664332,101.39650116857662,0.0013429486470190044,0.001458505347876319,0.0020723461924547853,59.69792852301127,3520.4348138139308,17047.739536452962,1006.4028145285968,2558.984339039653,0.0,47.34209918097448,1027.3440284798212,214.02991930901717,416.28330501056365,1029.9646977689335,4.711757859980974,3.566721499551643,7.0435970881834615,0.8198677267082616,4.344802905021875,7.966137993113031,28.286816126582718,9.637126995196065,76.7029998737921,321.9280314740734,50.56165379011241,88.40701922679082,67.11400827750698,127.46405595284064,15.890472063673823,82.23907436550516,147.6246635152556,455.447420960555,145.75639950761328,1957.8922266909224,3023.25585040242,829.8211102982139,169206.89856785483
t86,26148.24355929714,3488.272031302954,16529.04022948932,18253.623549565953,54327.27507579725,2644.5553425595704,3185.4090525417932,629.0480768281806,14411.248806219382,117.81154568189889,0.0014277908715360015,0.0015527198680377714,0.00222009305957108,67.54965321288326,3520.434831162186,20649.17305056911,975.6612629041236,2727.0047533839784,0.0,53.17994559207741,1154.5888483501176,234.51206865428247,418.72124347265157,1196.5311062387646,4.789201649743289,3.6368497726676727,7.167290625264025,0.8397003993307871,4.427046080891669,8.090861877529363,28.43463470673139,9.759039857488505,81.14608327436595,271.7060531153183,63.22688231306839,89.45612513463368,69.00099073528777,124.51553018121702,16.949400728092932,84.30626474239888,144.73761165953584,349.0979757664157,131.1851079505671,2457.8130864480304,1410.4325192240804,1208.8448801047575,177301.4523697748
t87,26148.243531938097,3597.9306200383276,17328.263267115042,18253.623555362978,54327.27527224616,2644.5552940226858,3626.319529169506,708.6370133644458,16618.527425755605,131.58741936554736,0.0015201965090418093,0.001656022969082533,0.002382466122957653,76.4939904060489,3520.4348423438632,23761.61360393614,995.2910799568314,2909.088768931969,0.0,59.18491067210048,1253.8646846155145,257.4030799961818,421.5623264965264,1354.009714073382,3.2701248144614365,2.498173032561708,4.914866256821579,0.5796914793703558,3.045274096467628,5.560681291410738,19.53075964782156,6.647646067878772,69.21588116674532,118.62189896870126,52.61893392652055,67.0889324307716,53.61401764495516,96.41617666650109,13.636684973854322,67.7304492602025,116.7819598326784,314.08677598774636,87.46951438933546,2813.6997061379984,125.68609000883832,1153.8918136585735,183190.52154023285
t88,26148.243500449717,3719.999837072266,18083.799798728847,18253.623552667264,54327.27543692565,2644.5552503613862,3939.9896354375696,805.8029386920887,17348.782817148098,150.61373261429836,0.0016589748162793758,0.0018108818910620448,0.0026293204126267215,89.73550105278025,3520.434852172315,23937.635556369365,1054.4855652413917,3047.9351634916575,0.0,63.29982508563262,1309.311392328342,274.599795452475,424.6594600606118,1468.971617131322,5.4589407580216385e-5,5.362253498261461e-5,5.9129175781059246e-5,4.427660007200312e-5,5.47617589369849e-5,6.159225586295149e-5,7.238602951920713e-5,6.45007807477249e-5,52.98158413401631,109.77819739124124,31.791775427643415,7.03582768100508e-5,7.198618785843738e-5,8.074681686227422e-5,7.585780691770522e-5,8.67426881765392e-5,8.201852029716607e-5,8.380262032141387e-5,9.444535160061124e-5,3018.019887048369,318.56423245791126,658.325661239072,184803.22377617532
t89,26148.24347099092,3719.9999253269207,18083.799891188213,18253.623560006716,54327.27553839846,2644.5552172660546,3939.989771129,805.8030709268754,17348.782953868096,150.61387491137745,0.0017412701331639125,0.0018972327910579613,0.002731790707121585,89.73566164231251,3520.434876830659,24158.406518414024,1067.5998458479105,3047.935263710981,0.0,63.29992201972306,1309.3114812368483,274.5999021824434,426.5835990535661,1507.7998445185842,9.689391532434227e-6,9.247953486785149e-6,1.0306029712573665e-5,7.25391793935974e-6,9.693589163005905e-6,1.1119801986125335e-5,1.2914010819119694e-5,1.105665381910004e-5,45.47185010307794,1.6475010728601798e-5,7.489805098262914e-5,1.469043798014717e-5,1.456766096195405e-5,1.559711627410137e-5,1.5100465164513481e-5,1.5866144817707048e-5,1.5456182486604667e-5,1.5790634881926185e-5,1.6157667758060013e-5,3482.360761972518,2.1186156594396264e-5,0.00010168328241629472,184416.23359058908
t90,26148.243342285015,3522.604450388117,17572.34192359729,18253.62355670245,53392.12495316079,2644.554977987283,3690.989986815074,722.7008834985696,16688.983887702452,138.52554887978258,0.0015961914683901466,0.0017416489582383766,0.002515272853146209,89.73472293891375,3520.4348351205776,22459.9046796249,997.1104573224153,2905.4182809641256,0.0,59.18402898715992,1254.3445318161098,268.728365071036,422.1595214960823,1434.4385913328729,2.3960101376342533,1.8130198678315088,3.6016369868125286,0.41833900196735796,1.884481708616274,3.520316576064995,12.469396156648488,4.236313440293205,63.72046832361317,174.38371136970986,75.04512658324558,63.09572239997603,49.282813189830556,100.43744543279472,11.414556012237217,57.68971010753225,106.03751539167038,342.93979161196944,126.6194927135026,4057.6735006439344,6639.819283196558,1750.7995022158975,189835.4555318727
t91,26148.243255885944,3319.6669805961874,17015.265391662684,18253.623532454174,51890.12587056473,2644.5548821330544,3320.9947786230964,663.3378061735234,15574.429989170103,131.47317869231915,0.0015210050540603666,0.001659643208467791,0.0023993064080890902,89.73424627409811,3520.4348003746986,19910.567458198,884.0913343454655,2704.8756461457083,0.0,53.24100284499071,1165.178322404715,240.06619357514506,411.23198625633165,1264.7550126827746,3.5599657237448716,2.68844368429008,5.338919640763932,0.6186439948487826,1.6538649110319257,3.0911915228433298,10.971435366487357,3.7261564277885313,69.39921120722882,287.78355423441195,0.00022611931807429137,152.44379098996905,115.94342598273187,238.75967869127277,25.894324869599938,131.12311848132575,248.53185767300207,905.5638129761477,304.14250997906197,4858.231968335692,14877.206836707792,3998.4148640203907,195450.98505055215
t92,25870.282903242103,3117.7100518894163,15668.037619871435,18253.623508064724,50570.39939900254,2390.6124420868023,2946.8946316604556,610.8212149310441,13107.713962299928,125.4852559064461,0.0014497013470219575,0.0015805837218624246,0.0022773644982634206,81.8149383858164,3520.4347651062485,17732.523741782916,682.4616135625872,2509.6891447982252,0.0,47.58332505391549,1068.311135440538,188.61283210407115,392.5331354728,1028.4590949742055,4.711417252975018,3.5599257154653463,7.062402790490959,0.8137354296660284,8.09642661080612,14.97444256875262,53.63763149527439,18.258170873732322,81.45843761465781,426.93787659133943,93.44121004370372,244.2563121375619,183.34267336552801,387.32220724844217,39.70311298300686,265.6450072336703,497.4069797534197,1797.102960350431,607.9634237269692,5794.982766667022,23133.637521748806,6257.450820203126,199835.77548569062
t93,25870.282730418345,2919.2793342031373,15135.192466607616,18253.62352004988,49668.843344216235,2390.6122662434004,2589.2352852710064,563.1785537561336,11887.425211254118,120.46208607709504,0.0014008418642667596,0.0015277198279561102,0.0021986083059346386,81.81461011611466,3520.434728826604,16344.321263792779,569.442380190334,2334.18492388952,0.0,42.58837386474878,975.9756618377876,159.9506885492378,365.7032404108105,792.1044956290879,5.140002515162558,3.8819636796225545,7.762192434972999,0.8982011265668111,6.492188770645419,11.926510113279917,42.723447557995954,14.546818254217927,88.26716582830532,559.1314398419023,179.0357214315291,327.8181462991144,244.97665641419871,515.4603375100085,52.80350315002611,332.75085747502663,632.146147670528,2357.293745418474,776.6248959444207,6576.627245599675,30287.553146458504,8184.159416378597,205792.68004224676
t94,25870.28264351252,2720.063219508768,14574.849576993085,18253.623493336425,49445.329294404306,2390.6121880952787,2204.8690648001166,516.0416340475222,10480.092813163486,115.76150431778946,0.0013566596058792518,0.0014787313598869946,0.002123695344335545,81.81426256075322,3520.434695904898,16141.448583167958,545.0337402755316,2170.9272040436717,0.0,37.96386994646782,889.6493195445773,154.07925474044262,337.09708750287945,617.0234695337066,5.260648151438961,3.970368051497527,7.930333950998911,0.912629632369191,5.377504567891157,9.874602539694047,35.850293776996494,12.078649685332552,86.23847659244042,512.7605202206084,137.6226470088205,394.5027130539122,293.70183441789584,619.8133974349728,62.652167012872255,387.83799048690895,743.9591301310385,2840.8969460881317,917.5387580317516,6731.826631634194,35395.991127903224,9746.156781823523,210019.75603068303
t95,25870.282566754013,2521.656969298434,14256.604961939456,18253.623470808496,49273.57001365338,2390.6121208841905,1810.3439482154638,469.93081925735544,9389.706489957123,111.40024814985728,0.0013166984660888705,0.001434872361859571,0.0020546180111613243,81.81392149890999,3520.434662257407,15982.057129224875,503.8094622261039,2037.2895248383932,0.0,33.5272087204865,809.3904316817993,159.11706323198098,312.3086202954453,520.6502372437936,5.125815510689878,3.849712304082959,7.710464557595276,0.8777217259488586,4.828582868432742,8.966248825772754,33.66517331607469,11.026627871759656,77.7534047058565,472.2754423457161,109.7897176356422,441.8881897360639,327.7368844731255,694.5736013831033,69.22049923452315,424.68100084726,821.6595800761806,3183.8924070804487,1015.5261151440556,6485.8952144984,34825.62552457978,9273.38403144014,206608.0866364864
t96,25870.28249083539,2328.613508937773,14126.102946403347,18253.623456908063,49155.0587124922,2390.612055700373,1546.0533268461572,427.1879008210521,9163.819418784555,107.31997769415212,0.0012765962221430315,0.0013900037270397274,0.0019845586174042345,81.81357411424823,3520.434630579112,15869.493414189623,375.21414268266074,1856.3677420247557,0.0,30.137125305156037,738.5978248437192,151.66157987467517,247.50439679481457,392.0260421346736,5.760439025954077,4.296790578172316,8.636660239567103,0.9776649528207464,5.257476017110639,9.84471452032022,37.40998631044357,12.140470763487603,68.98805770814069,447.5093335009178,114.68363245343613,464.66918495877906,342.81974643765386,727.342317546143,71.80897791447772,437.6348938649858,847.4789267666657,3125.283454569887,1044.2186764469386,5569.60738454092,29716.131966779503,7950.8000694604325,197645.22974448183
t97,0.20263146659453818,1521.3900277069963,5051.823281530457,10639.29484902841,35887.565462139886,0.00029697028160209274,257.23742815872976,172.90705023464048,0.00035142883737095457,82.62269695131833,0.00031760944076806414,0.0003104303474532851,0.00031693703414447413,0.00032926736176808674,0.0011489380536129845,1943.804221337799,646.2630240926452,1629.4054344392305,0.0,25.054196660369985,749.7807930930303,126.1376208067346,385.07193833321077,537.3957277586495,2.8607463914425337,2.1538562246071047,8.370288273087356,0.4766110167795916,5.124641217636833,9.452168998106451,33.93690691014957,11.558996288233441,62.24404990870096,210.6220828014068,76.63428244864481,137.72041437471265,103.69200327623291,302.36402695411255,12.016998492476903,184.75932138610204,341.8174339442099,1224.4823518411788,417.28255455162315,3529.092088441977,10605.685033881073,3170.747313486373,80109.05362642894
t98,437.85589008516786,1464.4124340901346,5051.823343560512,10639.294753014536,35887.56550959897,0.00031418243572253486,109.46002082292502,86.7657146420458,0.00035684191778359944,8.951679883750275e-5,0.0003225526014251064,0.00031874970172113336,0.00032580556647778376,0.0003362456742611336,0.0003382485320592537,1690.804468352064,830.910082018865,1515.738189418369,0.0,25.14467730237734,699.4134434782706,123.40535544717741,468.73220163624455,581.036670988805,1.7048395763798845,1.281128658395582,3.268725355601131,0.5677675511556809,1.9878398922114267,3.71308786528922,13.930287557217953,4.576445157169766,51.66517054748509,152.0998660110816,31.756732937568152,123.41967914837885,92.46198662018274,207.49183502871364,14.110850636146745,123.39284515561974,236.6972683099819,896.5738864028906,292.3680038784782,2755.640819566517,8716.462650174371,2346.3959151829877,75683.93278781352
t99,1972.5686420797613,1433.7602162510852,5051.823436834764,10639.29480231199,35887.56557236649,0.00029221343842271387,0.0008042680603436313,0.0007922654162668694,0.0003257343832589777,21.36135083027597,0.000294538262439632,0.0002930524928744347,0.00030010908364057966,0.00030840055074902897,0.00031541748491241677,1620.855766518376,926.9463412780971,1481.8802173830532,0.0,25.054196872504427,699.4135541398095,123.40530906029248,529.9460473201367,537.3958015332728,0.8356469678421097,0.6309779507707721,1.2535150436712954,0.14489561275346632,0.7674253790085921,1.4155453518979404,5.082560750383023,1.7310798799894322,13.244912582563726,70.96197594200066,10.991999025221505,110.99927948396673,84.10432754297882,166.45289714509641,15.834010745115343,101.71091127164779,188.17219641134446,674.083717261078,229.7161270849289,2014.5537474057096,6534.020811313016,1737.8956047524962,72915.87914568257
t100,3557.3485221480937,1433.7601203916195,5959.454339739504,10998.73968081504,35887.56683551172,0.00026256425049311753,0.0006481610029413896,0.000642130689496574,0.00029123265003647906,59.51770500504352,0.00026215165409092706,0.00026220741960192567,0.0002695936937394365,0.0002767424574879066,0.0002988524556158082,1620.8556894123308,934.3718024891242,1481.8808418404985,0.0,25.054656193763453,701.730612468288,123.40582006022379,567.6428600505996,537.3964301159878,0.4428190852150809,0.3342903986416889,0.6644037152787308,0.05352675242174721,0.40664967585860384,0.7503279387761929,2.69486092336368,0.9176504780741583,4.955315218967024,33.29464775632105,5.746090663088676,83.36547929441946,63.16605136159762,125.01385640636038,13.069133432545575,76.38943437974534,141.3261366756738,506.2699446351664,172.52769614634045,1413.8323113328302,4971.462499466769,1282.2716101150486,72787.6838657306
t101,5142.128412842453,1433.760058549545,6969.815886606149,12104.087707783016,36107.14830842417,6.046827221114868e-5,5.6864518564772316e-5,5.639189320317973e-5,5.503978432450399e-5,25.703525921149968,5.3780015770778485e-5,5.3825458109904815e-5,5.3675188947277526e-5,6.615064220438256e-5,0.0001176083801643794,1620.8556845638625,853.1864687309604,1481.8801412919138,0.0,25.054142586236615,699.4135199005063,123.40523551211203,571.9999146085867,565.7171425298986,0.4108533156075712,0.3102349354336466,0.6162829096846979,0.07119326689793089,0.3773139990761912,0.6959392300082035,2.4986890704755784,0.8510592009491722,6.546006366858533,24.450125116425905,5.219458029408499,60.26087482899027,45.659776450349646,90.36623274200375,10.436446652510213,55.218227713312665,102.1574984470507,365.9557007084576,124.71142621430072,1099.9708810180744,3129.7050247304396,913.1936842597834,73763.8396528608
t102,6726.908397994513,1641.6000329328842,7980.178069654033,13394.427673421087,36343.58053146235,8.252462011220678e-5,3.170377149792757e-5,3.178358105174059e-5,3.2020732553634894e-5,8.25137951206389e-5,3.126540439905655e-5,3.1073287376895107e-5,3.099363304672535e-5,9.0489534989454e-5,807.9516728907147,1620.8556057231356,860.6119120045694,1481.8800781987848,0.0,25.054109392330183,699.4133935609476,123.40526180059867,542.250706453886,537.395728147164,0.5732019644508867,0.43282511205537805,0.8598047463231938,0.09942511826901138,0.5264096892362741,0.9709363844673674,3.4860231315854286,1.1873478292116257,3.095613467482789,41.67043260938818,7.224271484205994,34.35661651747589,26.032071778668602,51.520626624497716,5.950170745073339,31.4816448915316,58.24319733579721,208.6428392919801,71.10189388564865,470.0758424548031,2121.9326847337597,509.80387177584583,76434.7813695771
t103,8311.688388531406,1849.4400260902466,8990.5402636609,14684.767638546153,39541.71848832531,915.4190137691655,979.3857250157016,182.04109596570274,2329.6718250522117,56.35527832681473,0.0008341272265131957,0.0009458873883962114,0.0014943133158392742,37.976263770129776,1886.930907406371,3663.472512519897,956.6481471824746,1412.1389923549607,0.0,23.453731925353004,676.7031771817057,146.19708302216785,513.0238930941302,574.3448039112326,2.4095495864517216,1.8194454400461302,3.6143453417104388,0.41794969576338137,2.212847976480716,4.081510534304797,14.65422348207512,5.005121157933984e-6,11.690074835002552,168.09553576210897,7.373967483931452e-6,30.2313875610553,22.90636625932389,45.33452698871379,5.235695826906986,27.70161200519949,51.249922700764714,183.59120843577836,8.73404907003587e-6,281.7695022490016,1787.3247830677458,1.0099302481949843e-5,90376.26104894084
t104,9896.468375348919,2057.2800197337124,10000.902457946955,15975.107602548149,42739.85646305066,1813.9909783762052,1788.4026496312117,346.05763122224977,4994.181822411432,95.62588716652593,0.0013224288163072415,0.001479190906834292,0.0022075579703860516,62.730202926587914,2949.7197657995384,8275.975767565835,1011.0691137566367,1450.511558259895,0.0,24.776889044802576,690.72723179342,191.78069610639082,502.4046505875753,736.4412620678314,3.3775183331781475,2.53091715040523,5.064819781423732,0.5823985663114527,2.7347299623530454,5.112364341986281,17.41826781132298,3.891586085149227,42.89251796047487,213.5047638029505,13.495108883521782,16.440306189990785,12.38899149374442,24.81491905169101,2.7950573441770277,13.580376048734266,25.05175047553655,85.25036008925774,7.4501798041106,198.25432215527903,1328.2321470974123,18.14481434768683,107647.02425129892
t105,11481.248362200999,2265.1200133438006,11011.26465208246,17265.447567288236,45937.994437828456,2106.505365494896,2373.4130308110666,457.2652631223227,7980.433189286891,104.27621390807728,0.0014367989203315893,0.0015534933774300653,0.0022306390067382094,73.47278803215457,3906.260833117198,12888.479044438314,1023.8638300166738,1582.0633333826333,0.0,28.30088900043175,738.7908744063654,242.17890860802947,512.6364407534746,1023.6850843660754,4.354189799915444,3.2722934108742017,6.531720799011787,0.7529629611926759,2.4241016503005213,4.378261738809035,11.763660947506065,5.336040207329604,52.59946157877278,98.30094159610636,30.02728727710157,18.407462578987694,13.955012640774376,27.854466578067388,3.131232795579917,9.361174243929236,13.92501624225583,21.156096005457872,22.998081361410865,169.84078823408896,123.28676544163014,159.27605060931901,123805.63841111829
t106,13066.028348908081,2472.960006943446,12021.626846215462,18555.78753119736,49136.1324124356,2644.5558249665237,2735.2989216978895,527.5828413002572,10603.32473410948,108.23538195567463,0.0017690458269166928,0.0019251408564864721,0.002760764923846185,89.7356793576521,4582.646378016621,17500.982317146263,1065.9432462076022,1795.93546560744,0.0,33.34059259666234,821.197015627091,269.78533003665945,540.9903744555014,1310.204070119347,5.247188802192549,3.9526815833118594,7.866810541517709,0.9091672018758891,2.390088098022357e-6,2.801977762670249e-6,3.140603070036073e-6,1.2910027287473181e-5,38.6935697028216,59.154413636372716,1.6335574673159674e-5,30.988763636646603,23.652382852771893,46.81698422085785,5.341047180648669,3.110923803565022e-6,3.4934521177162205e-6,3.5469813465560915e-6,1.621663730770514e-5,82.47472401551235,72.22420759233027,1.8938808610377845e-5,140259.62179770414
t107,14650.808332325929,2680.800000513705,13031.989031107138,19846.127496468256,52334.270388280114,2644.555838006775,2923.7792661931503,571.5880622007581,12637.72347368298,110.79613419432272,0.0017649804501191017,0.0019211352449650112,0.0027567913181557346,89.73569192470443,4737.018541381218,22113.485592844463,1065.9432576695306,2076.646452546675,0.0,39.521482141143295,935.8365568646799,274.59995676268545,571.999923633568,1471.5756915547718,5.1041351834521,3.8435288985646956,7.637770455954455,0.8845033093833968,4.600261545680441e-6,5.353772238990604e-6,5.886919792660648e-6,5.395840284668804e-6,6.1682100699248e-6,1.7187056102350403e-5,6.322721494792182e-6,48.62515964696267,37.29174520595253,72.89900939706285,8.512725312178056,5.965146337709688e-6,6.072425142063555e-6,5.440387666251885e-6,6.955143350353382e-6,8.191195744155512e-6,2.1221977059571507e-5,7.120064080582434e-6,154993.60630249424
t108,16235.58820216432,2888.639993830975,14042.350967409595,19846.127445702292,55532.4083383448,2644.555703149926,3133.8716486976955,616.7316425577527,14577.11843728351,118.03981239940622,0.0016751400122411995,0.0018311489948692327,0.0026569055847248634,89.73556583913457,4737.018053103561,24158.40642086649,1015.5612642247361,2389.36819969619,0.0,46.565766180635656,1063.4636108548825,261.09326589235894,571.999273245069,1507.7999338428617,4.556793020091261,3.4136814684310957,6.77913455130239,0.7854438347265054,2.2525076237522224,4.1808424643044715,14.368155799455753,5.09708699255909,0.00037491888887954323,4.5667107115599114e-5,30.337445401952884,67.93663310564422,52.376243602375624,100.11638402312131,11.984593994531606,34.54157382358238,56.451408127597105,142.1210266958841,62.39664738526945,0.0003638117836817566,5.4743227407845126e-5,910.0263876334207,166986.1725371698
t109,17820.368077938056,3096.4799868889177,15052.712863140045,19846.12735112197,56806.209388225056,2644.555664998888,3325.970711747598,640.6148367989625,15957.034660784137,112.78218543604396,0.0016347659802858042,0.0017891018622642203,0.0026124792231042053,89.73552659011713,4737.0173937376385,24158.406418776638,1005.3001740715301,2686.2459988091828,0.0,53.7222979161281,1177.0160046845913,247.91186714233942,540.5691000467431,1507.7998346910122,3.670842380430738,2.8136169046663952,5.5599413886343845,0.6428445142931133,2.9558351938579692,5.3258513355383545,18.665880884250836,6.425472720045801,28.00198098383345,0.00010259935921640694,20.245520078514897,88.77766501179208,67.70699041763365,131.70182925293568,15.88001724595688,70.62461044456127,126.98221149955715,438.8908805703981,117.80496784679282,326.8059203696366,0.00010065953535607964,19.116385233239196,173005.18584742813
t110,19405.147948427988,3304.319980928427,16063.074763777284,19846.12723818303,56806.20948711017,2644.55564906512,3609.44700483424,697.2219835984752,16923.992101079315,122.28047052783587,0.0016202544139531639,0.0017745096734128917,0.0025971364336310494,89.73550672875544,4737.016973653759,24158.40637479121,995.2949503511707,2915.853018930302,0.0,59.75197890668445,1262.2207396109216,246.7610605152331,512.2806072674625,1427.001039496746,2.7517910680473086,2.0929050755743734,4.181763034296242,0.4762389196839228,2.9401816219558703,5.391214151237074,19.27982250813943,6.491420455083534,42.36010167763025,135.98770464049736,33.25666638810626,76.9955766578463,60.39753789744542,109.69829584936295,14.198491717515969,87.3504355577605,157.5501726918806,565.9524834329925,119.03508551585931,982.833917842084,1189.4779185296647,465.6320320012218,179911.03662691853
t111,20989.92781950642,3512.159975886909,17073.436669878294,19846.127114205705,56806.209556696376,2644.55566454676,3939.9897996738337,805.8030992991066,17348.782982591772,150.61390525455022,0.001633610094808139,0.001788456963360651,0.002611608563047501,89.7355211580022,4737.016586677481,24158.406372434983,1023.3970642576376,3047.93530399571,0.0,63.29997837576956,1309.3115763137475,258.1216236361543,496.23944786187246,1381.1583301267951,3.905074416517048e-6,3.670177989762733e-6,4.111219745928352e-6,2.9425529072248885e-6,1.8790730810361715,3.497394421390343,12.247789111111524,4.160884340815341,36.69406644810611,142.92893487365646,22.412422178538318,5.00097339695415e-6,5.0880695407557275e-6,4.7288310134805575e-6,5.025865083330537e-6,66.43910436271774,114.4860961960349,304.5384992541556,66.53938753609266,1780.6750092130537,2405.2009054473847,108.6957667639573,184752.62979375428
t112,22574.707684542107,3719.9999702185173,18083.798554131823,19846.126988189757,56806.20959072034,2644.5557141418576,3939.989804185881,805.8031038018146,17348.78298678492,150.613908807941,0.0016644502347708064,0.0018184174441109608,0.002643072296566166,89.73556568328567,4737.016324866872,24158.40638388285,1065.9431807566043,3047.935308171275,0.0,63.29998178712774,1309.3115812691362,274.59975780581055,490.3910180368317,1404.7871937137327,2.1437946077390504e-6,2.1307172755859662e-6,2.2261094535253138e-6,1.7600965351055385e-6,7.935594947048637e-5,8.67177560612079e-5,9.848489490378366e-5,8.543384879392227e-5,32.286851079416834,137.3790633597216,7.479329608460243e-5,1.7045097685194764e-6,1.7253385706914086e-6,1.5791585405196355e-6,2.5128572299412364e-6,0.0001046724236640562,9.980344780483555e-5,0.00010212973080798474,9.326750296956476e-5,2516.3988917435963,2417.1237647211556,7.843044239502458e-5,187665.2102172142
t113,24092.991334607555,3719.999956797901,18083.798821316053,19846.126858998214,56806.209623899325,2644.555726642949,3939.989752286458,805.8030519491571,17348.782930221583,150.61384806284235,0.0016807058708739157,0.0018345833342689967,0.002661698728009964,89.7355806833625,4737.016090026973,24158.406419196086,1045.7597143353744,3047.9350601867227,0.0,63.29688175853547,1309.3080690373604,274.5965345592379,489.4916050703613,1485.4289588098204,8.753895855834885e-5,8.52757052154031e-5,0.0014157467516614172,0.0012710930632701108,0.0013590846450573309,1.5731503807172338,4.3404813201041,1.8650525398754252,29.57914296311154,108.22706770061048,11.646732078495063,0.0001396215449677523,0.00013975016565022006,0.00209835902518459,0.0018455431625807902,0.0020156727446494866,10.116887183986195,11.469228469105614,11.649077103383688,3611.468756905351,1665.4450836286828,63.81977992785573,189671.0638933208
t114,24222.48868240511,3719.999959739578,18083.79902068996,19846.126725041853,56806.20965650453,2644.5558081682807,3939.9897729760037,805.8030728408995,17348.782957801457,150.61387847121173,0.001748145203311544,0.0019037963665032337,0.0027396709854199505,89.7356639305771,4737.01584829989,24158.406528902113,1065.9432575649462,3047.9352938936345,0.0,63.2999725528771,1309.3115672591323,274.59994668684476,489.2605237233894,1507.7999422007315,8.839263079011417e-6,8.512169589579302e-6,8.967217376073858e-6,6.574490258819712e-6,8.247081922482999e-6,9.69923023034701e-6,1.1120986173406332e-5,9.453514277195996e-6,37.60559006125289,1.4285238027337394e-5,1.1568647267037187e-5,1.2940269082141515e-5,1.3044766393553193e-5,1.2427546943072142e-5,1.2685341648647564e-5,1.2163488878331726e-5,1.2184490131964851e-5,1.5352690812795813e-5,1.16993710993336e-5,4289.096057981775,1.7965569908173308e-5,1.6032309394057915e-5,188638.38635307224
t115,24222.488586372758,3556.7050865633073,18083.79879029308,19846.12659295126,56175.513628830835,2555.5344990088392,3630.783905098281,726.5083747665844,16636.56516608934,145.34700111125576,0.0017051298828568244,0.0018655317507894414,0.0027026822557407962,89.73483018773746,4737.0156055901,22743.791064294866,1053.006287058503,2896.4016018886823,0.0,59.85390859068379,1289.6471583140808,262.5944253473455,489.17108547223785,1413.8370166476366,1.9871449344358618,1.5072655647096034,3.007640259388587,0.33555476501982434,1.835927179707443,3.3314821310753153,11.419749487835475,4.030689889230061,52.670952669518265,114.72320733142475,26.402187127435738,85.04801252060562,65.09468791492603,129.2418386655231,5.934625359098609,79.80603723421187,142.22594133179888,561.627521540225,173.78506961057448,4838.863428377457,3114.111869116375,1139.0779345751662,191170.49965540704
t116,24222.488467213247,3403.8545040365248,18083.798582172218,19846.12646131846,54294.05574474632,2511.569259908944,3273.777761489219,667.3189635712093,13450.118802010527,138.3693697379492,0.0017128082935342485,0.001880494960500043,0.002727374500378472,89.73440322766567,4737.015353168871,18472.189233454144,951.458542022307,2542.771257279277,0.0,51.15397882734516,1214.6136224012319,227.79714450631445,489.36205602021255,1194.726696194275,1.5795858961548035,1.1930425544277805,2.395978785367071,0.27476884003916585,1.4571407774762657,2.657262090363616,10.022479235040137,3.234919272588285,56.4176079983393,115.91040519686143,15.058394801195705,156.10054728125635,118.21983797132125,244.6547708936801,20.00334825371364,146.9212043803309,316.2316600251507,1321.7057321024984,394.92949719333114,5453.344169822101,11029.098809611829,2784.55959873586,192058.27728570302
t117,22109.324520965944,3126.718292297658,16736.570000026313,19846.126102886476,50029.62157110311,1430.0251378593719,1772.4552601981115,401.0963643081398,8824.150339908472,55.017585672838614,0.00047034026210286526,0.00041427495608929824,0.0003019224262676013,44.86654535634937,4737.0151392334255,13022.634239164727,761.3000098980901,1987.0442374569416,0.0,37.20016809354935,1104.4270712562497,170.20808650695608,490.31957387511113,850.468978193998,5.708333020742198,4.310665103096864,8.589106227064896,0.9909717643049721,5.248846726009279,9.650864194496814,35.13207456376657,11.787339335553012,49.809453250215455,418.1030017103546,69.37215482710803,279.4059804764949,211.64859657769742,429.561596425983,41.35848263832182,259.90840523043454,525.2656987477945,2070.5219694661,650.1132456886447,6576.791813497471,18415.054175473033,4638.485254025414,182253.40843976956
t118,22109.32437389162,2997.6779814834294,16736.569853651432,19846.125971211713,47535.31020124736,593.5756610733891,1453.430186645899,357.3123474818306,6282.798755449288,50.07987578401901,0.0004918535925723559,0.0004492748839203523,0.00039044142369369433,44.866302166803436,4737.014926733387,8352.32685049578,659.7522664185713,1633.4138909964392,0.0,28.50023937369094,1011.0587058305762,135.410806617672,489.85457828550017,631.3586576012475,5.298345772810117,4.017904461783047,7.945097043127035,0.9269890936709144,4.877964463582593,7.194762707790608,26.156977771069332,8.800001521036009,68.45363115975634,443.22803830832146,88.37062897533441,330.6189828844654,247.69529359468373,513.0590115027157,50.67616800220154,305.94625583771506,590.5850192007284,2409.3487858342,743.2875065013355,7023.952586419578,24398.192102227542,6272.458132313022,179236.853949606
t119,22109.324282192545,2873.587672068037,16736.56972266877,19846.125844669074,46828.0958878472,262.44795271786916,1065.0831615382565,309.3933852061068,4332.274192158676,44.88182853861851,0.0004996672321691644,0.0004643774504994531,0.0004231837756748752,44.866055985104516,4737.014788574551,4423.642920127429,646.8153005097025,1481.8801939992802,0.0,25.054178380395662,920.6572242585004,123.4052871289929,489.0740710415867,537.3957309515467,4.984120150811154,3.8328187454745697,7.498686607147604,0.8889936919270538,4.6352608638190365,3.9958143891233786,14.43084745164972,4.881077401311014,73.86691771697036,418.7767095310254,96.48351294544717,360.7809831890537,267.7819637763411,562.9633001390464,56.09423609923246,331.97508512214324,606.4348978521449,2476.239068405003,762.5545849729535,6871.715169605632,28762.9733134969,7570.24478901461,177101.62321895847
t120,22109.324193787186,2763.9914795692594,16736.56958532277,19846.125718414685,46456.72637001282,212.68832845013048,676.9576038262829,236.54851058085526,1285.2695670231503,36.74625869500927,0.0004859364226770513,0.0004520267161705535,0.00042021818384426634,0.002787616131506108,4737.014645853369,2611.1828801451898,674.5200426035184,1506.8909610501778,0.0,26.098797137550086,831.3899708719865,129.1810963378028,488.09121964726694,553.5644265117475,4.1224065488731805,3.1417180993737577,6.194317696745605,0.7278700897618661,3.8077229968173656,9.771927071664438,35.169976664245496,11.944704832375646,62.3022776217698,340.20246003860206,68.04541207349442,364.03906316857467,270.1691936779096,584.6307165174104,57.67087902396668,342.23276589420146,704.601649105614,2827.8994772163182,882.3942581936609,5599.027585418603,29196.008692789608,7277.091159685238,170570.08203606302
t121,22109.324107156004,2679.739194524975,16736.569451902975,19846.125595057736,46185.16633686333,67.19781174220704,236.44108099755945,125.38031333900729,122.67806670049141,23.649956560336868,0.0004394195056391694,0.00041320568066080516,0.0003892552055635602,0.002151595224423656,4737.0145160755965,426.83604623526116,665.9720936012802,1524.3303326526,0.0,26.84185398733917,748.7439315124777,130.869473790111,487.2568920168398,565.8173250914331,2.7504251938000337,2.075955585188239,4.146743885837093,0.4799858021540359,2.533433317178028,5.479889739828909,20.601510291946983,6.769309175151566,35.71057533992733,245.29444221350758,44.99391853320014,321.72463751868435,239.5867083599062,537.9369844138879,52.234634085815074,312.92587620421284,621.76817148477,2311.5568862464334,766.9962050653427,3484.342569611089,22898.17548996707,5936.1652766467505,155300.20740196487
t122,22109.324030367392,2635.207361510258,16736.569335650653,19846.125475898527,46103.30585874098,0.0007008812124602829,0.00094336732546967,0.0009187759392544015,0.0007314745937296838,0.0007429744239285908,0.00033919452982955574,0.00032799490132017135,0.00031384707170409185,0.0006291506139679683,4737.014388158728,0.0012129150126202904,646.8152930670608,1481.8801566314191,0.0,25.05415509479106,699.4134604766716,123.40525810397432,488.00277211515186,537.3957402167432,1.8778055838899144,1.4179303328621564,2.8167187758900094,0.32572776730154474,1.7245146040116215,3.1807867841697353,11.420229902321338,3.889762574776266,14.866505845568778,140.1610263675566,23.88692287843879,269.67682808455095,204.33463063226273,404.4030119771432,46.705014152628095,247.11019620080882,457.1707693907092,1637.7089444851188,558.1031342669536,2431.876921121314,16102.744296852443,4216.275571882508,142951.19739707126
t123,22109.324063377746,2635.2073743045244,16736.56936308566,19846.12534901499,46103.30591532733,0.0007997879394948069,0.0010563806092235134,0.0010305772463891695,0.000807438131211702,0.0008216963931467613,0.00041594640195011137,0.000411039975147383,0.00041244620184534986,0.0007011917772879317,4737.014249823822,113.37339340666135,646.8153348492656,1481.8802113511342,0.0,25.05418343952966,699.4134968042315,123.40528971362934,488.9798201860385,574.4153405529687,0.8112056455474523,0.6125298774689124,1.216852466328082,0.14069069560686046,0.7449957087157286,1.3741376938063214,4.933772565976702,1.6804329636906967,5.85857731276479,42.17568362698786,9.98234939394597,166.6733739558269,126.28870306772882,249.94076884664085,28.865928717264623,152.7261188483665,282.55382344434156,1012.1841602399033,344.9349597024413,1561.7764146088098,9990.618985015266,2608.875930384369,132915.86023652402
t124,23381.750149024734,2635.2074163227667,16736.569692187746,19846.125226335615,46103.30597077444,481.7677121371964,0.003948290195114799,0.00385816926465446,0.003977379869105514,0.004210159355521443,0.0008087535919498523,0.0008929146229052778,0.0011949420495658432,9.824721786637975,4737.014118267203,2168.4998830165437,662.4899176072464,1560.1273855666243,0.0,26.357044083826494,700.8367646361622,124.98482666781044,489.69373420392407,664.058305579042,0.20901568371660517,0.16876536922907626,0.3535354067392944,0.037069028426816863,0.20745904330935114,0.38506704021287635,1.8444649791230923,0.4970476379637143,2.2922522881910408,12.297206988047112,3.5344365577566084,61.420148601039884,65.13876991612638,129.95154744746773,13.9638734716858,78.99347048399906,146.58844251352528,529.2396259965889,179.2773845114359,826.3744390909425,4807.348549484285,1237.1713691752318,128425.92569952153
t125,24890.075848874825,2635.20745927939,16736.57001699775,19846.12510413798,46103.30602648787,1167.3671340162277,0.004826816416796791,0.00470610773221173,0.004980074866952149,0.005242720730341809,0.000963613810850649,0.0010773290017072061,0.0014750756570218815,35.57461564953812,4737.013986302333,4978.2616554895885,762.4866096910313,1561.6843218360486,0.0,26.417653536090565,701.6572306084873,124.74254506983297,490.15135802882645,755.4607256150952,0.7282597787420872,0.5908312614294831,1.2762017464455349,0.12330794101893133,0.7337208691114587,1.2980333425903572,6.717782442470289,1.7095233855156093,7.394628803336195,30.08309779982244,14.203119478509148,25.316074118368277,23.549087240868648,47.16640615137284,5.0700171458654895,28.59331082836928,52.445076339110415,192.00177032742786,64.33619918050172,261.815568172439,1367.928026182121,455.0135376961673,128140.21914359073
t126,26473.69500323143,2635.2075028128575,16736.57040377458,19846.124980230394,46103.30608855756,2081.3544835128296,0.005513451441944308,0.0055133298478778365,0.006049514472822927,0.0063794885454446565,0.0010863420663271824,0.0012271477453003835,0.0017084529492138064,72.20979748339867,4737.013857346286,7618.851648227498,948.879946319843,1483.1440471329315,0.0,27.507353863299485,733.1993826883672,134.13068904680833,490.57013562371026,828.3456718917578,2.1847616304077526,1.6028854139674216,3.114086156386568,0.3698400598028432,1.9395668496226839,0.4248238997859034,0.6341821802886076,0.46014515932484895,12.831872621619176,55.58134876473611,0.699992225776633,27.207688718172207,16.27868307376559,31.637772941826437,3.9635791565046175,19.571366676546447,0.8179316046376796,0.9680707410741766,0.8379092967523076,154.11853359275216,709.0363271123268,1.1134793877976,131995.53331673448
t127,27960.81971425979,2635.207547269541,16736.570689762204,19846.124855727063,46103.306144287395,2499.637668189226,0.006009366872634601,0.005987730287775999,0.0065636159261604,0.00692857270015279,0.0011696625948321925,0.0013303395586293078,0.001870532213723228,89.724215993047,4737.013730022008,10164.14160403277,1049.1230970555373,1481.8805744482538,0.0,25.054524838077395,699.4139026916174,123.40569232118645,490.9318646169974,882.4253761444514,8.477919120350368,6.401555829318779,12.717161340560901,1.4702700809846652,7.785796632293903,0.0016273199658607897,0.001901354334646574,0.0016111412368087696,45.95678234674638,195.00070456558203,17.773434154131525,46.50911805896981,35.23973015500342,69.7448158173684,8.054047195532993,42.617081266709214,0.0020540686820662473,0.0024082638507934963,0.0020148133179340713,222.24897745212252,880.7696883555461,58.03856737065184,137183.62832818256
t128,28364.986074961933,2635.207605840524,16774.352754112144,19846.124728223534,46103.30619724279,2644.551202475622,231.11219019921188,146.599310268852,281.33173310800044,42.18208353921611,0.0012633442331505,0.0014180938649360627,0.0020085231115989973,89.72723954981706,4737.0135975268195,12638.332282534462,1065.9410741927686,1545.828268527417,0.0,26.890122574464492,720.1772154719142,133.9376061171015,490.8105457835798,923.7526656632967,8.152428435491471,6.137763939183896,12.305311266494645,1.3999501284680442,7.44099533397882,6.5924646295529215,19.680986141475188,5.0809973748449355,87.96488366639824,365.266943269252,0.0020446349144922,56.80620631253627,40.8629056370624,88.89566582960953,8.38347372442539,48.90664212767768,25.795185937952684,36.26333714557601,20.34412078054708,521.9545950614569,1750.5631745703447,0.002309339164554321,142560.97157316114
t129,28364.988225499816,2635.20766705898,16995.722182686237,19846.124607553345,46103.30624590934,2644.555810473787,747.8075704752655,261.7859825094324,2267.429597563973,60.039108532450655,0.0013504254984778666,0.00150220955710096,0.002141094993222682,89.73176761590214,4737.013475842906,14750.095525500165,1065.9432487858708,1672.9038375282214,0.0,30.945379938970614,775.6425524058774,164.78665972237408,490.7157968773413,962.3105839515672,6.947479985520074,5.23047099980856,10.43189470290195,1.1955636016091078,6.2658949860775985,8.882377568649709,30.026587019404452,0.0006163925551215042,93.39497025471714,397.35289548359316,1.4014080174192055e-5,68.8389385607614,50.32795825762474,104.17009223682287,10.733803785008263,55.55870428463063,66.32973406943222,206.73465631219474,0.0007211612494866098,730.8128960932751,2496.3839752746235,1.3746856410202483e-5,149016.6810789533
t130,28364.988139184,2635.20773168256,17470.059248165253,19846.124479003916,46103.30629181409,2644.55572652012,1260.1267966784076,356.3005366869674,5417.358751683711,74.25900905233321,0.001443941844765294,0.0015946666939623479,0.002285282381244264,89.73266311709918,4737.013352391067,17177.783852358083,1005.4601934628975,1824.0086703041748,0.0,35.19144662615314,844.6686728897603,213.35499038257734,490.28229275484915,1008.4185334326372,4.496127030061934,3.3845517702362904,6.6897900036065,0.77710616386627,3.860147901003123,6.3782970924934075,21.8135476351637,3.0498417345694,64.68813440343673,290.11776187642727,20.25787110839521,75.96486337845901,55.902175066293324,110.88872197592603,12.205636152667072,52.91753248328331,74.45694785023801,189.12552174156255,14.517475873410898,657.8433623124898,2807.0209140772963,118.78190028816134,156193.34493000066
t131,28364.988050156728,2635.207797349362,17921.990893100618,19846.12435278783,46103.30634170513,2644.555699058134,1747.127602069368,435.32386527182035,7494.869927231193,86.57423965244092,0.001553782816147017,0.0017052722092206066,0.002456747315334614,89.73374349920842,4737.013224608277,19247.04616200076,960.1229088025397,1993.6556318882072,0.0,39.162613614247306,917.3942759556679,253.61438440564027,489.3145534106014,1073.7045684527554,3.518859629717734,2.6461612965055967,5.216590236812258,0.6084337049914699,2.3983334994944565,4.24245486715352,14.141450551864876,4.048614255070184,52.712194371890526,224.37899517611058,31.910958998441146,83.99022817937829,62.41693150521201,121.95815690437954,13.859375556635719,39.37515750432781,53.84888237450171,76.81019040450373,31.94785553324881,631.5242761939929,2522.7190438006983,202.57316181864994,161267.6828571864
t132,28364.9879709523,2635.207862949853,18083.69299451531,19846.124230399637,46103.30639485262,2644.555695295314,2285.9317300079642,509.8294686003233,9225.865978666498,98.3027125754528,0.0017042413135697169,0.0018603270872030605,0.0027159606714522886,89.73564421836288,4737.013111276949,21201.498274165708,959.3772490145973,2190.478136902012,0.0,43.18251222014952,994.3298818398323,274.59992049448005,488.078871724551,1164.9285744025888,3.2633544911608072,2.4442635104261927,4.835351579709516,0.5631625467403101,1.5543546444442823e-5,1.825543210397477e-5,2.128604359966e-5,1.7922214243277435e-5,50.98352660931352,199.88104469698118,35.552802144082314,92.84863204697226,70.15916323084151,136.87407400378262,15.940049432576698,2.633627511642915e-5,2.4795829888737932e-5,2.1880826657159938e-5,2.6437069737558357e-5,868.4188801263402,1851.5322011942594,452.38069364807694,165726.7108673221
t133,28364.987889732547,2635.2079305007637,18083.692992211774,19846.124150811618,46103.306437449275,2644.5557075699685,2741.32286819829,561.9330863271822,11415.455477758733,106.68133257930504,0.0016844286880838327,0.001841581867402114,0.002722266329254997,89.73565437564625,4737.013036115262,22770.39397331674,1003.4238741281561,2416.464276753203,0.0,47.761549086215275,1078.0568082597692,274.5998227774416,487.3678042585549,1283.496328108612,2.6702066157371225,2.0364652200390236,4.006842571426866,0.4731616600886736,4.5477831296941906e-5,5.3289024943948156e-5,2.308860813408039e-5,1.898225727708258e-5,41.65412428742065,150.6128988766035,25.994161470054202,101.05129023620965,76.8731460280516,157.4154778308598,17.615102710828975,9.58717786057967e-5,0.00010543690487102591,3.307313456478413e-5,3.535170842736397e-5,1233.2067067101707,697.443547937988,455.5772946286335,169658.21808595126
t134,28364.987814945445,2635.207993859226,18083.692970895987,19846.124071283644,46103.30648824539,2644.555755608191,3202.0506924193505,633.4426692844723,13998.088465952565,118.10650705606567,0.0016652853625028876,0.0018217285898041635,0.0027171092631972592,89.73564850713274,4737.012951222483,23740.470961527975,1065.9431722649526,2661.3493098970007,0.0,53.251707534212635,1168.869259927645,261.5945372443592,487.65053406804435,1414.152537331166,2.150515713116681,1.632035752618234,3.2179770209213214,0.3798542003469472,1.073990086080046,2.0008101338812003,5.127081632568168e-5,5.555983984964578e-5,34.48240111905608,93.58319746426051,7.005711743448989e-5,88.69539662103402,69.25619095036988,136.8397276813583,16.539852984387856,39.41375933344379,70.44817675927688,5.912001511204003e-5,7.497064672926276e-5,1083.8103936027464,239.54322495783654,9.58825357200811e-5,173192.6681644402
t135,27499.189590055325,2635.208055137899,18083.692952611033,19846.12397810715,46103.306530215916,2644.555812733959,3569.2044999835475,703.7598010536958,16330.262215670129,130.69076832977856,0.0016741345961623871,0.0018303590221138014,0.002737735562811881,89.7356725583959,4737.01286063638,24158.406533945898,1065.9432512408594,2893.3782720832655,0.0,59.17436794503919,1255.0189519908279,261.6497570640052,491.1473682894644,1507.7999288917413,1.672987752598031,1.2633023865292026,2.498892920036714,0.2949010781397717,1.3040092423618959,2.424561013803226,9.128834949083505e-6,7.140944581309778e-6,31.929177349966253,1.8107864629551114e-5,1.0013811739077264e-5,67.04980866376839,52.24953580926359,103.57223259450195,12.460406637279911,47.75961565514473,75.05675620318095,1.139744774534463e-5,1.0695580671020848e-5,883.53450791859,1.707402525206005e-5,1.2194851743851324e-5,175348.33820175202
t136,25386.02567803209,2635.2081195363226,18083.692933773436,19846.123912318108,43608.825899746924,2484.8641285210347,3939.9897792144943,805.803083656178,17348.78296645848,150.61388779221488,0.0017189019750375276,0.0018764321920579162,0.0024482915289410203,79.00844751790598,4737.012833356397,24158.40648609277,1003.4986901137961,3047.9352928600943,0.0,63.299968641897244,1309.3115635703673,274.5999130530058,501.67185309776994,1507.7998963470293,7.180088636944361e-6,6.762857583518486e-6,7.717239107579711e-6,5.635361812537299e-6,1.6837763188469048e-5,1.946975403538899e-5,6.26315388843737,2.0981474392426467,27.896745986543593,3.385671776875968e-5,13.039573671396091,1.1522079847392444e-5,1.163975554411074e-5,1.1517629880354477e-5,1.1191294968356618e-5,3.0246453292267496e-5,2.6455105266932524e-5,591.6587561397104,81.87318926666961,1016.0257853541135,4.4430327778791054e-5,105.66958230340805,172817.00655583796
t137,23272.861764598587,2358.0720903448973,18004.795641998,19846.123845387076,39344.39188294672,2219.1572112049766,3939.989707063685,805.8030574946345,17348.78294351849,150.61386470964436,0.0017209533195604975,0.0018774535949518194,0.0022581416417440763,71.48595934468672,4737.012790609968,22754.975472348637,925.6313398770652,3047.9351866027573,0.0,63.299912864724625,1309.3115549261827,274.59988349066435,524.4461880385435,1412.5365344402614,3.93335116958639e-5,3.7598944765505894e-5,2.9113084843342388e-5,2.1971585941655537e-5,2.6667324626354732e-5,3.05056218939411e-5,10.683822269316526,3.508552549774515,29.078449003337642,81.06626625247691,21.669935047607517,7.354298608490477e-5,7.322032425297547e-5,4.9279255462306054e-5,4.519456705031004e-5,5.696885669774624e-5,3.995433855152684e-5,1527.1768444542265,231.95808345080104,1655.0825349187046,1367.7044215275591,1089.762034953326,168429.5241561363
t138,21159.69785574682,2080.935973355296,16657.567223203274,19846.123781591556,35079.95780414182,1951.7835071421603,3939.9895904394466,805.8030603208409,17348.782949635763,150.61387114526437,0.0017355171917267627,0.0018875730446546782,0.002088866522441311,64.5296396261826,4737.012751955861,20957.09702326462,863.907114848047,3047.9351854417396,0.0,63.29996838958553,1291.9323889774716,274.5999411764289,557.135132868164,1279.8299986851373,2.7394338731201212e-5,7.256937652170622e-6,8.141956466879286e-6,5.7784316323290825e-6,7.22051028539065e-6,8.781801446312213e-6,12.746467147549376,4.021342459438592,29.417773941725752,113.4715211543348,24.69791158901053,8.498167591261352e-5,2.1266462838571308e-5,1.603495880847748e-5,1.6123694099748738e-5,1.6345959666454908e-5,2.7035761892288023e-5,2667.0170594085903,386.9290494173117,3223.8042201622893,8052.839291760545,3212.076797716297,169885.56215503186
t139,19046.53394596184,1803.7998018052936,15310.338641031587,19846.12371220361,30815.52373222924,1642.0623366883242,3726.7789678473473,613.8154802077423,16890.867761010126,128.68249520053845,0.0015150270932242315,0.0016422492829165187,0.001931557184110943,58.03050025488558,4737.012709885094,17915.527937404786,821.6410834003016,2890.246518581386,0.0,59.02815236853067,1207.356451732289,256.5219022733653,571.9994220689184,1140.302102453221,2.043553052653527,1.573815592498621,3.0522980041672576,0.3590094310478395,1.861308888653295,3.5062416781895025,17.6604667732514,5.784011838121614,34.20464003839717,136.3933519997358,36.29533198944204,118.3217620596485,106.83834908701546,176.01850024141254,21.45317441965888,110.81233042061965,205.4982650670027,3192.497082874302,538.7823728308017,4777.943146445083,15802.994378665971,5162.138071214851,169938.23020605452
t140,16933.370022707782,1526.6636273199495,13963.110057950827,19846.12365902408,26551.08968819066,1430.9254709621375,3041.8251290398293,446.82188853663814,12938.880984284424,109.0959484482984,0.0013511347099510174,0.001463934254180211,0.0017689602718205775,51.17287604080319,4737.012607909722,13081.785796381517,794.9935257207752,2597.7033310381744,0.0,51.81764655706728,1097.1699229997625,227.14389801495648,545.0965564729845,982.5821628182574,3.2058457472950934,2.477541316271037,4.81496202466029,0.5629642863013378,2.942948763228079,5.563893867741267,21.52932999387107,7.220376372998301,29.53331267202645,186.45706543468572,45.88693113441742,183.68960049549042,163.32691574675889,275.5425985138935,32.514705964541825,170.6867352024104,317.7442270652922,3147.9439403221863,622.0904804394579,5980.962629947659,20611.90797394113,6007.406412663996,158778.40077636417
t141,14820.206100509246,1249.5274514074854,12615.881471483426,19845.915482981014,22286.655699406267,1146.0959790344712,2240.2130634626064,274.33352407568225,8939.800014590352,88.16765832425969,0.0011783449084864681,0.001275075342651841,0.001569810966008164,43.12100545062921,4729.36552859812,7782.943668878349,771.0384283290851,2234.587827718199,0.0,43.46580496779555,986.9833940071663,194.885441972738,470.71790926178113,802.3587712857237,4.07187470288083,3.190079774821085,6.110591143399895,0.7108599021385557,3.741449513799275,6.975760258117752,25.839943889211845,8.634950187587418,117.1846354056741,432.4561828726991,55.00824755296948,230.41621261142777,205.27653140531407,347.0735586411648,40.26441099642189,213.1593656954238,398.22841044684225,3219.5153223559723,673.6475715752841,7262.716034940982,24365.97473842743,6641.827461514112,145828.29244278924
t142,12707.042184201724,972.3912758801094,11268.652885156142,19845.91541442815,18022.22171123441,808.22923542943,1561.8547536108013,154.4778004262724,5115.517585549234,66.54318956692076,0.000990430730639178,0.0010703160316426973,0.0013341107576810565,33.90844535115549,4729.365436577577,3810.9867050817884,738.6459208962765,1893.7022947375706,0.0,35.46604470950759,876.796864934105,164.5600703608898,443.8150518829308,673.5750950139393,5.097260012058529,3.9871571803468258,7.645350545903495,0.888123135059375,4.689618211619208,8.663492616089416,32.03778176400437,10.617382059559398,102.08798059880054,424.4957848842836,69.62091752551126,259.84660237838045,231.9697699756177,392.6227954487841,45.11918393860272,239.94498831475556,449.19830661690065,3070.549952623767,681.521022441841,7912.082497311392,26437.353380127504,6785.40768991432,131099.11839751157
t143,10593.878272558342,695.2551014038479,9921.424299789602,19845.91533947088,13757.787692263882,383.91172579958277,786.4523147973122,81.94925809474073,1780.1053391668347,41.030386955234555,0.0007450602556006349,0.0008033428539204249,0.0010079611470840113,21.86748613882551,4729.365413126725,662.1094484303544,692.8222966760915,1629.9742914962658,0.0,28.938817789853626,766.6103369962306,139.28832918404404,455.1751341350567,580.5474868539546,6.165450212517048,4.720719207196504,9.236557519138806,1.0696398579548423,5.662936694617088,10.423210148561465,38.32096964705343,12.76690343894921,76.79764138145173,465.43414479070697,85.6774767515058,270.6498501193854,234.77533037995312,408.1916830456506,46.79163711618175,248.94027252321217,465.7506402459514,2352.406852566556,635.901421100275,6646.731682101795,22423.81556628269,5811.840085907212,107856.48199853042
t144,8480.714358112815,418.1189272164814,8574.195715819431,19845.91526331249,9493.353631427204,0.0002915769504351703,0.0007059936007446374,0.00023617470875535868,0.0002615718003485324,0.0002631378837479942,0.000253934662566945,0.0002523112430452336,0.0002507008726511142,0.0002604966236170851,4729.365412550694,0.0002473700089172939,646.8152868949926,1481.880181835924,0.0,25.054149527005986,699.4135128656088,123.40525089502536,473.58929502336383,537.3957344049985,7.029701070408136,5.308158510440952,10.544600123486315,1.2194323738062816,6.4558721923459075,11.90750934391852,42.7523101705073,14.561597115078536,54.46374808740279,469.3267111612605,95.81979576380299,271.59830583383894,205.79060661767514,407.28453349061067,47.037820357633684,248.8709563794161,460.4282768981653,1649.3781574936477,562.0798165855651,4399.37751845797,15277.314153020683,4104.19210639329,83881.96143059534
t145,7172.393313156651,140.98284977962763,7226.96788722169,19845.915138369928,9493.353694083376,0.0004051449403500194,0.000637124039032304,0.00030081603979327043,0.0003267323498648694,0.00032926759543344203,0.00032575528960872914,0.0003255139015576586,0.00032782928024192176,0.0003512167230140926,4729.365323987955,0.0011745361602398053,646.8153557010309,1481.8802073532504,0.0,25.054215117123057,699.413462102357,123.40532430356866,485.5162747218547,588.8259765783127,4.164246130341869,3.14441608360172,6.246410586944704,0.7223160937458081,3.824306089364563,7.05377748934923,25.325829428669305,8.626025956652203,31.594821899226805,179.05342605035943,55.87115330032135,196.75108416975914,149.07865863726238,295.04482112274644,34.07502763190242,180.28690920194717,333.54319919488916,1194.8419185477524,407.18157542416935,2427.6048530946077,9843.869394105204,2999.674593351351,71047.4722900032
t146,7172.393240775744,0.005310925517602662,7226.967761795772,19845.915033120567,9493.353747286752,0.0005411369020871472,0.0006273519892440473,0.0003527313814725243,0.0003803666422891279,0.0003836509091365349,0.00039051832266820364,0.000391105080434709,0.00039744959814597055,0.00043918712242197757,4729.3652295831835,0.0014291195345112401,673.2794889225846,1481.880374263984,0.0,25.054350552212203,699.4136875886668,123.40546193162311,490.2414123643742,653.3124066215856,1.895126077258382,1.430964767428149,2.842819936365132,0.32857454094224886,1.7404154679211894,3.210288787787406,11.526761181157928,3.925897245888184,14.607693553597368,68.95380345049298,15.69770723826266,135.41845206114223,102.60678192364881,203.0714610719866,23.452805746724493,124.08659162617025,229.56889649751685,822.3783934987343,280.25226868385454,1423.2271688563371,5566.362357981232,1968.2605687556602,63619.43863730017
t147,7172.393167611169,0.004908876848879941,7226.96768969768,19845.914912956563,9493.353797598644,0.0005934141119609166,0.0006111404210614439,0.00037479614638601707,0.00040071470635230844,0.00040439131107517846,0.0004232330520637444,0.0004240025126079286,0.0004323998666488845,0.00048540585528292543,4729.365136442627,0.001589316807459242,662.7297092205008,1491.4332268340374,0.0,27.774681015052277,713.7370127059884,129.9938671458449,491.23545337800414,671.720413181132,0.509816240581383,0.3823217314186626,0.7641078710193064,0.08578167643366906,0.46439675968710414,0.8612978826949343,3.2076495746567937,1.0619900339951938,5.906645688272136,27.949262943194654,5.637263419378,78.44178753782907,58.098644146915184,115.7734796478014,11.464115277147117,68.2854464064469,131.89515904193348,501.56619440091134,162.86695450499076,881.1577232578726,3176.0826977965057,1295.5271691514024,59184.61962046995
t148,7172.393081132303,0.004442014123922216,7226.9676261660225,19845.914814820288,9493.35384681234,0.0006304950334988607,0.0005849156074209555,0.0003775944834756467,0.00039731520806013393,0.00040099115387828767,0.00043466996651090944,0.0004359405845001257,0.0004454353659371025,0.0005033450711055272,4729.365067580747,0.0016718142170491516,646.8154195288606,1500.3191647605454,0.0,28.980926996881568,721.4761115271211,127.3992167006257,490.48362077905176,634.6843613150011,0.25064842954725763,0.18883963264485293,0.37444059291140935,0.04352920780150589,0.23136937178987488,0.4238440707589946,1.5632323766511225,0.5232326628267155,2.298782273901891,11.933067441465127,3.3089602942772487,48.29152469822325,36.14081763973276,76.45981038810875,7.307181636359275,45.25973276052176,87.25630553715882,324.386777785238,107.43593370284229,517.2517877061975,2024.3172763293633,811.0148604504863,56724.42553763941
t149,7172.3930078918265,0.003766527833041114,7226.967543399797,19845.914697045268,9493.353900612885,0.0006540497776950026,0.0004909822842110713,0.0003346788465087159,0.00035220219798405534,0.00035528708734439184,0.0004205625764900907,0.00042135873347224007,0.0004312529013983769,0.0005000604277011727,4729.3649821181725,0.0017677295528659646,659.7524726356323,1580.5975086708438,0.0,28.17375368001806,739.603236702627,123.40526577836638,490.6135325016762,561.5806083721902,1.239448410018727,0.9364006684669383,1.856525963573229,0.21471772033974842,1.1396229394049853,2.1014712729131686,7.526152761502994,2.5717136629980866,7.353931216705087,44.06337949876523,14.751452845306,24.168650526306372,18.175305981063296,32.21952641680018,4.269145155743218,20.46200393865998,36.11465670566327,121.05429484149671,43.349022306589205,234.39123639572028,1219.938795045941,276.9208344507897,54766.54829282629
t150,7172.392933486203,0.0006588173065344263,7226.9674577099995,19845.914572496495,9493.353955392624,0.0006523346553494014,0.00011938754067883974,0.00013013401940129292,0.0001259922500649542,0.00012772349894998113,0.00036946482753649854,0.00036790257866223936,0.0003763077964021457,0.0004684995658427646,4729.364894934486,0.001841448512355762,761.3001307973526,1481.8801550218893,0.0,25.054151878166326,699.4134585463408,135.41073821302442,490.2020823794293,537.3958762566333,3.0066020448070243,2.2702849087994283,4.509908227176291,0.5215386989957083,2.7611553433295244,5.092816234632943,18.285119108352497,6.227968399063429,12.82484093439394,148.9224135999768,35.024468971913336,28.89223141843911,21.891690059550143,43.32632752205462,5.00379817122922,26.47448597795295,48.97965100243588,175.45845568223947,59.79319729014224,147.43828069270305,1346.0983538921596,398.24367624421006,55139.70290954974
t151,7172.392940346597,0.0006585231185266905,7226.96748364687,19845.914451688866,9493.353998529372,169.72270903615262,3.287037676637485e-5,3.1895595388508696e-5,3.148147213921677e-5,3.183165207908831e-5,0.0006089704662388237,0.0005884928721476669,0.0006187080302479181,37.97568041780336,4729.364807397761,0.0019012094572811804,951.458528910949,1481.8801333656677,0.0,25.05413589378209,699.4134346991245,170.20798778867675,488.9188342186471,623.2033198911364,8.527799707358264,6.439357989664424,12.791702111449363,1.4793092622020487,7.831593432085058,14.444985331174479,51.86288296079233,17.66466627409067,48.0460285958305,578.7285943555125,2.205212138163663e-5,46.72242974913935,35.40167226730274,70.06419874829206,8.091804641323295,42.812579614194945,79.20627371437595,283.73849130752467,96.6931412490146,224.38796116965835,2618.7578092773833,2.7622196679172515e-5,57369.52628124714
t152,7172.392868405359,207.84064745668476,7409.085797013807,19845.914329208677,10501.719577294838,169.72264083525965,42.385827257173055,37.47814942057127,42.847090666701696,24.284322294740157,0.001506025450741121,0.0016696282759275218,0.0025850018304412786,75.95172085662689,4729.3647048306075,0.00265646143683406,1053.0061832497722,1481.8801688318815,0.0,25.05416453595575,699.4134713199344,227.79700192245002,487.4912941016484,834.1580407899214,15.443263264061333,11.661230989674323,23.164913771416614,2.6789077828996097,2.7853944958423883e-5,3.3303437294244885e-5,3.7445468904087926e-5,3.3034084491272244e-5,92.22957744101622,473.3772731651781,42.6117759557687,93.59573391083643,70.91765368664736,140.35466391216005,16.209716235726493,3.947053942784703e-5,4.37260787718062e-5,4.2589921618458106e-5,4.313581042486375e-5,608.1739453261051,1984.937350862056,129.92196165147544,58773.074685923915
t153,7172.392790241458,415.6806365882231,7409.085817133811,19845.91420669379,11152.13992128158,169.72256508359226,410.7732157136861,74.33021556743917,961.0071472718757,23.519603152266967,0.0015643278481078788,0.001722528345922503,0.0026558655899133012,89.73516062185372,4729.364615993238,0.0030208743619914028,1065.9431431957455,1481.8801635072023,0.0,25.054159279628347,699.4134695301467,262.5943158128966,488.54065765415436,1132.358793037683,15.261196224553919,11.523750193594122,22.891816791995893,2.6473200456634682,2.1952887212380805e-5,2.5822721335423644e-5,3.287438843382366e-5,2.560799164222323e-5,94.67798303023147,303.47440465762924,56.368632307927285,146.81357888265117,111.24091315942775,220.15928476244358,25.426452241995456,3.765277154564583e-5,4.339981810157334e-5,3.747721345484596e-5,3.691293948620789e-5,826.3751361167724,1541.0873596128095,343.36229528423985,61330.76994596908
t154,7172.392708736343,623.5206268116671,7409.0858006519975,19845.914083431453,11624.479736265583,169.722488672608,869.063922128301,140.44909463729905,3023.2870775193173,40.931027761782715,0.0015315111752885267,0.0016847664715401735,0.0026441236735020596,89.73515386214538,4729.364528094418,0.00329211839856084,1043.0097873263578,1481.8801992426052,0.0,25.05417561836798,699.4135012033457,274.59987563954536,495.27964435319484,1382.6527898731022,10.161364822994639,7.672851195395939,15.242081989450009,1.7626375651400437,1.2855031647535753,1.9619621727594185,3.522766344301162e-5,3.264756787201187e-5,61.069378624497,0.00010580953939885446,30.92135514844236,198.85165073854176,150.67024448228995,298.1947615619848,34.43882985517911,3.29306351393931,3.2699615017113413,4.983360399379105e-5,5.226484117920057e-5,748.7413013550803,0.00011374824022887618,95.81203409563376,62803.19474566841
t155,7172.392638953945,831.3606174159412,7409.0857817162205,19845.913961843053,11624.47983834815,169.72241369508842,1514.8703453224498,305.106650709003,5122.6111511702675,85.48501121805683,0.001506860918372539,0.0016564605076754913,0.0025662266378991302,89.73504243686938,4729.364441456637,0.003340067997496824,1065.9431551472585,1616.0815032928124,0.0,28.695184531637857,749.1875309096495,266.38197952714654,511.94330657946796,1507.7995285770496,5.321191470410793,4.0216794133932945,7.955576151825287,0.9239436108242253,2.3965192987478683,4.229412132905284,7.51356340501919e-5,6.309330550468176e-5,45.86746864012804,0.00040026032006754435,8.285047401315591e-5,151.97377734337482,113.87996355130932,222.57760443173956,25.61019430004901,32.179156759381065,54.111032790460925,0.00010182933106542071,9.876312166518403e-5,325.69801466203256,0.00043581287856722455,0.00010672667300429207,65642.91605149506
t156,7142.411344670593,1039.20060834302,7409.085764696797,19845.913840025092,11624.479914436728,166.649708490087,2007.8879421782424,432.2839441908193,7561.732992060395,105.33837995809772,0.0014911342822817254,0.0016380026091486102,0.002423264744449496,81.1551986591038,4729.364356279615,0.003360633616365903,1023.2306027129118,1817.9939027934636,0.0,33.99720720914135,831.9536657694692,246.3021076612009,541.504505761775,1507.7991919224303,3.668569627748319,2.7777144617035407,5.479794465086232,0.6391571856318891,2.8058073908374292,5.067555160633294,9.521699754959823,3.668557211021744,30.40654879187262,59.001682418576,19.301628934611426,142.7004103163224,106.09552907647713,208.52961061006698,23.603946169419526,58.66053330040191,99.84592574580853,24.084607940281266,40.70788954378068,129.97519606400095,94.39682385401406,58.18614543993843,69277.4194243174
t157,7074.089784690663,1247.0405986732217,7409.0857435217995,19845.91376985233,11624.479999595313,162.93506659906856,2387.1227388304264,499.84416845408504,9974.384356126371,104.38017434607913,0.0014795433588942,0.001624214478391792,0.002304086193187976,75.03692961816017,4729.364302024951,0.003384247688966869,954.1973804655137,2060.0892607867067,0.0,39.84299797679027,933.6287096887775,232.7554789233911,571.9992145696561,1416.2008379041552,2.7721664828629784,2.0972143005712045,4.138002355057825,0.48334128125127196,2.4169289771028746,4.40152649423249,12.122819073575117,4.532916485244831,0.00039233240154698225,117.96159908416267,25.55496968757027,135.19125951360596,101.04778155010928,199.59741368760515,22.718182389035213,78.46580921612944,129.26745901351967,97.36040902625201,91.94272148471912,0.0007742410892741139,430.1342588838249,196.85273100391166,73001.46098130301
t158,6976.886593794853,1454.880589448833,7409.085725738567,19845.91372325505,11624.48007849344,158.93438876514807,2705.245357497995,549.2354983983653,12023.860106902124,104.96821591383234,0.0014752004729795235,0.0016180025049800123,0.0021989689104839312,69.92821732202363,4729.364268012233,0.003398014471549376,894.6135347108527,2331.2024565996803,0.0,46.07047794609692,1045.588241021533,230.9276767410117,571.9997564576337,1342.1118571326351,2.289238974092627,1.7333519545628184,3.4293861232747624,0.3989116671705224,2.07250543652365,3.762794456665506,12.664596484986976,4.451685115967304,9.709745164308579e-5,129.71520268150277,25.711998975446342,127.32708114218514,95.17632081151011,192.80681071442615,21.21133197758041,84.7480680433828,130.2909377482772,383.02972528514005,132.4489485307112,0.0001298970527420463,1514.4022126956208,199.21295415646574,77182.18974430826
t159,6739.227163799722,1662.720579709173,7409.085703842372,19774.406484431667,11624.480151623397,154.4585089483249,3053.5054442765795,605.0718118118139,14480.065895099682,109.32328197754927,0.0014761417906340127,0.001617091895149244,0.002100695386593029,65.11685493939014,4559.144525317845,0.0034078145701581567,848.9907737537064,2617.877621052607,0.0,52.68951859016016,1157.8899517877906,241.0926221812269,541.8352494717838,1333.3150765289658,2.0078302735042883,1.520601271724396,3.013389960167402,0.3506214330569867,1.831565605106299,3.3371042592987568,12.31673431288445,4.230431188101269,15.008799619717061,120.53027007886938,25.33602414515648,106.84779221698277,80.39203908678795,159.8191582066941,18.101414890285003,77.25595165164444,105.38415358196104,791.2749863718103,179.4155139319363,73.5071849115204,1984.551101015355,872.6779741866986,81669.01646308666
t160,6332.070032325019,1870.5605701130028,7409.085678633907,19305.944911426304,11624.480201226737,149.65676974865573,3441.851361883989,685.3416387277927,16125.179222361827,122.63974812147832,0.0014822230886768375,0.0016215181081468651,0.0020061090913465274,60.43840653074586,4230.851799274049,0.00341099120246492,819.6343325424456,2883.2193356265234,0.0,59.108880123721335,1253.3680442111836,260.3895357321652,512.5435555870012,1389.9636086358398,1.4812038441342112,1.122382928452326,2.226443236839822,0.26003497022029337,1.3426537003471246,2.441262766968895,11.042660493186478,3.75324978644867,21.69822452046603,110.45219882408551,23.906581320220198,73.02522262751023,55.93082566539882,104.83722815403836,13.15308301259348,54.563026467565344,42.33594137251218,1430.2866207731809,276.54782996422745,1022.0655584680501,2507.529429820246,2261.416464901102,86557.7542812917
t161,5967.054192073075,2078.400560851359,7409.085657756616,18601.805715983442,11624.480243876158,144.46539948432024,3939.9897950597956,805.8030947290581,17348.78297793265,150.61389938819835,0.0014911079376877042,0.0016234044632603768,0.001907555964251975,55.71725336591069,3954.101371627072,0.003407580226874337,806.9309774364092,3047.935298006244,0.0,63.29997395660474,1309.3115697081391,274.5996007024058,495.8398476585957,1484.9841098425363,5.911840215254646e-6,5.639523298010711e-6,6.370329860988257e-6,4.511033416856757e-6,0.00010919606786557976,0.00012714629763118835,12.20152716781764,4.025480812314933,26.448931299935598,117.46140293051471,24.94298886824214,8.148193188366528e-6,8.42004978287865e-6,7.430216272280624e-6,8.757212629106628e-6,0.00034144059069279154,0.00022395346049707137,2365.761239178097,439.0926376088558,2833.6615157706915,2844.0617219550277,3572.960333495888,91803.8286050994
t162,5629.353321301011,2286.2405487430233,7409.085597950707,17777.39310569144,11624.480280998494,140.20628406394252,3939.989802350208,805.8031020943519,17348.782984642094,150.6139067763695,0.0014799228079912425,0.0016166659312083806,0.0018073262714759979,51.0156081722575,3713.391685129949,0.0034001083505838655,802.998708873537,3047.9353062520054,0.0,63.29998212513931,1309.3115794685837,270.91531401631426,489.68524551165586,1507.7995596692022,2.0325391821741547e-6,1.8760408868574396e-6,2.128332501296542e-6,1.4944843036210242e-6,0.9957393683580895,1.8595293395546066,13.547881039592047,4.29104192482336,29.081987976924413,117.58043188481456,26.243483015411595,3.3071198571256387e-6,3.2322836459385902e-6,3.2345600533244206e-6,3.4723146478347604e-6,30.101439162855748,27.32273505214658,3532.7850021732975,665.9635172634479,5410.6629943657945,4194.736775588751,5469.885741827412,97893.36854861451
t163,5167.3530497265565,2286.2404799039446,7409.085530186089,17132.399669153976,11624.480319817298,134.4182956082993,3939.989623933968,805.8030037925103,17348.782960151424,150.61388115366677,0.0014775119310505781,0.001611818846217861,0.0017044873994123385,46.32273523999777,3525.2832850519,0.003388866453156876,801.8412974607837,3047.93515362861,0.0,63.29996737747348,1309.311548071638,274.599898034293,488.44281114372046,1413.8382802802673,3.944851031545238e-5,2.4698281142176745e-5,1.0908194720643736e-5,7.442405868172549e-6,2.207595929095766e-5,2.4181388587298394e-5,20.17401816870397,6.073372598968633,41.11156919317809,106.48329024291891,37.10804345247341,7.867135093677474e-5,0.0007995830965177815,1.7191172537297907e-5,1.870858778764377e-5,7.184479201643478e-5,5.85172472591971e-5,4207.396721358943,772.0717515435647,7089.476877199718,7189.425307765116,6171.422817202494,102610.79491439811
t164,4008.6442345661285,2077.3962338150327,6066.933897512212,16498.441214168517,11624.480364194138,127.98181941895976,3758.10695762198,552.3191385098404,13787.14755518716,118.12139982759506,0.00135179020879706,0.0014668478355631483,0.0015915456404328207,41.093217008833996,3341.033134545988,0.0033704534857022096,792.6146829454007,2859.1875188940894,0.0,58.93687450332421,1242.114858527425,258.74586584758424,486.1880609426971,1194.7297808481162,2.068132997116888,1.6325027172952746,3.4797030640632274,0.3945394193554421,2.1071287928081697,3.976680625437195,27.98765699154654,7.448380175451322,52.76096653883721,0.00016363262523268492,47.27860732242691,55.85732712923211,66.09213444622512,127.07444986021854,12.691761302384297,75.71515378354103,144.05236363999197,4272.85337806961,814.1869286069297,7530.449856908625,11623.75103149744,7094.394093851021,100860.47753089438
t165,3197.869993753605,1816.1793082539168,4724.743703227917,15655.43426053105,11624.480380727575,120.81000066087877,2303.7440699191143,286.09825760543146,9410.69568328516,89.56598470716085,0.0012232893601197205,0.001319809239518249,0.0014525713510138937,34.5768212244287,3124.9654494222987,0.0030677110878889044,774.8869202404106,2481.561156040959,0.0,51.38962903256708,1131.928478706179,226.33942556288105,477.54447362968693,850.47398222651,4.30525714598272,5.7946139354508395,5.5135449645916115,0.6075490329471465,3.312650043823637,6.347328238141261,44.800587105871706,8.629421362191334,71.79219221093364,345.1969650465579,53.999113351878755,113.56199071087345,118.3840173949626,228.48201212482695,23.122415836043892,136.40361424968458,258.7802304218103,4136.9042598572805,833.1896018228183,8243.926264742451,15303.088883293729,7291.548200267299,95620.98575529891
t166,2238.1719310833937,1583.5796645841344,3382.23238475085,15079.474689112669,11624.480400812772,113.01318900099393,1463.8423136179342,95.72874489691178,5310.283587969766,70.07490383038406,0.00112693840874939,0.001215221189325134,0.0013304164323635404,29.493543181670965,2967.362587422688,0.0029653438616142436,742.7160444112844,2135.210809718188,0.0,42.476907273195444,1021.7420955535339,183.99045417414726,460.2092251186372,631.3613489366977,4.872524652384115,6.472293262815791,7.222896467055657,0.7990000386709915,4.355678815702506,8.233179940742788,68.22842694277296,10.426490026442465,114.01239747455377,703.7405687783123,67.56018871072277,138.4254237065919,159.28789795165105,307.2694872467873,30.886240691469084,183.15038534977478,348.0297593336371,3552.7012025153313,807.1847770214146,8409.986778800838,18192.322316111506,6859.687909018726,89160.30728622766
t167,1107.9869936076936,1363.5127629446863,2040.1028504138944,14715.699801023657,11624.480452435224,104.62352015818516,1335.3626624342016,0.001557751873469157,1692.5766349053579,46.69447537095508,0.0010214941291495049,0.0010921594500689063,0.0012109021963279832,22.554103886078817,2842.5462975703113,0.0029474453168572678,695.037512479453,1915.9772151384202,0.0,34.1874186320874,911.5557146178589,148.0979965434236,443.8148912483493,537.3959445586567,4.394988816291999,7.48809671367795,7.931901946923945,0.8208218897557379,4.682992763941582,8.999340251446228,48.01709286880771,11.354063523393098,149.12948156329975,418.2454173085091,83.11755998198747,136.23124286903916,186.52154276603662,358.98110740151037,35.49540567769002,213.24153358629127,406.5651489111718,2430.194437182219,696.3719989239029,6762.485114476932,17466.93741944733,5706.88648314723,76726.30826973886
t168,671.9016940663374,1140.4101605588728,698.7582289107711,14715.699678697598,11624.480495396057,95.81141532437906,1177.5772429649553,0.0015200765652027583,11.472801109858173,11.08781283897269,0.000892955225236303,0.0009511138132386093,0.0010569521110716529,10.222148098295143,2842.5462547834554,0.0029138963499919235,648.4451937980028,1793.0418057422924,0.0,28.01322091076227,801.3693457786779,126.74754036015915,459.6952865939358,556.359455191999,3.457832951184876,5.083838170779265,8.606265739567823,0.826669789077241,4.966815457391385,9.835397978682026,40.29728766318932,12.410071694071116,72.33380380822199,239.7859438435772,93.1869726122134,123.09650247684382,204.58800180040103,394.17632468935903,38.1959248062258,233.14353034467797,445.41732078446717,1644.782468593509,557.5900783700367,4234.588268516562,12417.527013233188,4013.9896945602513,62211.53314400293
t169,670.2679278908337,916.4670902838768,0.01619088105520001,14715.699575455377,11624.480537838035,94.02584007166357,966.8478077247369,0.0014627435515717703,0.0007801158605005853,0.0007807453019682831,0.0006574372273161411,0.000662722665203877,0.0006832541781759733,0.0009843446755111035,2842.546195827116,0.002875755078199227,646.8153804625674,1735.0334638264887,0.0,25.05421438846331,716.7931024205336,123.40532912894697,477.7473382409836,639.0390793961731,2.0384497310781438,1.937549076410184,6.285953423916938,0.726872693617373,3.8485084974282078,7.098435025088795,25.486222387928045,8.680642353227944,32.51475680644575,139.36776902535317,56.17147529763498,99.86252684328156,131.54408559179473,295.11413481224025,34.08298663031513,180.32923203061037,333.62157404765185,1195.1229346689815,407.27727234456273,2452.055377879033,7891.612834878675,2940.95052735243,52439.97808235309
t170,670.267853846066,690.8665292348508,0.01611572667193014,14715.699454621496,11624.480582921775,94.02575203793079,774.6693381692462,0.001395738538543461,0.0005416887095032204,0.0005410528898132054,0.0005416785749036734,0.0005401502521251052,0.0005446679329252535,0.0008186844272670689,2842.546125088445,0.0028324308858675732,669.0484459621041,1691.39233926826,0.0,25.054175037336712,699.3325180918988,123.40527915240021,487.409981181942,705.8267674038708,0.9793059132039273,0.7584054027692871,2.8187349364063756,0.32593955914564926,1.7257391905011135,3.183066690631503,11.428491052527384,3.8925581520912504,14.842933677702883,68.26909566683042,15.554354507453198,75.01900668695691,76.30249753935873,203.9245701999044,23.551455530991984,124.60794801240091,230.5332918100176,825.8326068360166,281.4295393888779,1543.6877563868306,5288.028969491348,1857.3337047453704,46468.07898521384
t171,670.2677851189491,463.53940649039504,0.01609740014967547,14715.699340033894,11624.480632832356,94.02567376772261,548.7376660115149,0.00129861713356412,0.0004957220995797779,0.0004995663476401324,0.0005165587579731349,0.0005130107622022044,0.0005155783275830767,0.0007950035213289453,2842.54605094048,0.0027857534410715263,648.3024809105904,1635.7690878011704,0.0,26.504834430798805,711.5892621231833,129.0666030835034,490.5620371516927,726.559087587795,0.4274765143972732,0.3229575319111968,0.8737291674183143,0.10073969838361412,0.5346253098176685,0.9868963572674393,3.5840433839311094,1.2114781040667453,6.0056696477204,29.294628006325173,5.470576030119419,52.01304724415366,46.149896584147456,115.48560472114953,11.979706867869396,68.22601285273295,132.5088471652605,504.6550336408788,163.87331993543003,911.990233663759,3047.1597255719134,1216.5951780948164,41647.12289158806
t172,670.2677082451344,233.7318192443636,0.016077248379689702,14715.69922018615,11624.480676826295,94.02559650199194,324.3465424092841,0.001164407029694696,0.0003718381447998353,0.00037691876214272655,0.0004593638902064976,0.00045018496792705444,0.00044571553871359187,0.0007466817584599776,2842.5459661146037,0.002713202295669888,645.7519379994878,1558.7898278477735,0.0,25.041520364606082,699.1706195285113,123.37782940825821,490.4378521081585,694.2934336011958,0.32098143403914453,0.2415267179015924,0.68079892369648,0.07869507534183637,0.41679832783180115,0.7688042395655528,2.760404451464669,0.9401752206995515,2.3486710990848803,17.050183850954834,4.059325581209059,39.06983911780455,31.39799507375903,81.99795898348194,9.470010325516453,50.10476571258483,92.69730651974876,332.06693184584384,113.16265967142701,511.0031613420195,1929.195807160837,561.5651858145543,38523.38134243594
t173,670.2676421413029,0.004959302977763908,0.016077291317065635,14715.699099187561,11624.48072710009,94.02552282698817,0.0037711284698316305,0.0009044698306569577,0.0002711240117433949,0.0002745973027480737,0.00042578039118307644,0.0004220773916785755,0.00041328782135000513,0.0007410945956703432,2842.5458756954476,0.002583075088552168,729.4351075039992,1480.6635060546753,0.0,25.041522295679776,699.0896575707416,123.3778039732185,489.2431487650997,615.375331975454,1.3951457428582006,1.0533090885228857,2.093774186210047,0.24210551846160916,1.2818874953294457,2.364397422734854,8.489170213835964,2.89140913319575,7.49751151515382,80.55967534048818,16.961732154679694,32.19823502879466,24.396434534829883,48.285577721592816,5.576528097386777,29.504831492293263,54.58600807243806,195.54201113658334,66.63729425190157,245.13281961092116,1369.5438857162655,472.73502100567237,36778.24455279961
t174,670.2676479274983,0.002153901583570641,0.016092378173437817,14715.69898907891,11624.480769810147,172.10510410610289,0.00014924032622510333,0.00014492366558250362,0.00012692062198865945,0.00012833800975278932,0.0004126833835065826,0.0004051023437901688,0.0003904771874823491,0.0007688248821363085,2842.545799745467,0.002486711344812224,901.3520768439292,1480.4192156695922,0.0,25.03516214771998,699.0086575880321,135.2464268140272,487.8650585754667,534.2342536822177,3.036597537225972,2.2929365432196724,4.554908072656283,0.526743947546682,2.78870427413122,5.143629191290439,18.467560676717248,6.2900811034773225,12.980564114628201,206.7985692972207,12.947928797508661,29.128451103997236,22.070676523477292,43.68057178017143,5.044712858149778,26.690944864415265,49.3801144474368,176.89302306929747,60.28202791879047,166.4662438640702,1644.1194617190242,357.0166321762739,37144.88350537137
t175,670.2677216137505,0.002166014383730158,1010.3782117652678,14715.698872977202,14623.281166029132,987.3295243778111,3.093801024591034e-5,3.079664998274952e-5,3.044191688497706e-5,3.07101778452984e-5,0.0013690236018232924,0.0015448584593256752,0.0023853683692399165,28.821121975165262,2842.5457182971545,0.002501580580309168,1028.1415136986273,1480.175692669427,0.0,25.035139383603497,698.9276666183882,169.9068172198291,487.1533243697116,533.6562176571242,8.62995504812582,6.516495652478227,12.94493488542999,1.49703013825973,2.0941876206563202e-5,2.5495637269823573e-5,3.131850395624714e-5,7.2006793448793465,46.74120884353719,575.6940173552152,1.9532041527999703e-5,47.32249173031392,35.85634026451407,70.96404169411684,8.195728996974834,3.0126028453213485e-5,3.551707198411663e-5,4.320230129591917e-5,39.27719847602066,243.13600133626343,2606.107725224735,1.9304404275419097e-5,43011.41287281307
t176,670.267649410171,207.8421564193733,2020.7400414274086,14715.69876533518,17821.419100314168,987.3294398240823,334.59988481575715,85.63580752849067,523.5420097555093,28.726261926419138,0.0014265066570127729,0.0015943205200474847,0.0024253868740564803,49.11672483445125,2842.5456211149512,1226.1319703121712,1065.9432352140404,1479.9321954370519,0.0,25.028808026345864,698.8467039427467,200.64905426647437,488.78319668729927,652.8885783462413,15.587016495570174,11.76978138178124,23.380539490496382,2.7038505819139234,3.783255160718881,7.037371579790118,25.745012649500442,11.603914510852245,89.01590587071675,596.8594600136073,9.619129680193163e-5,94.60436400584777,71.68189748055877,141.86718379729828,16.384406977742415,23.326869578053564,44.45050265928043,173.51143816986865,61.25805236013347,594.113746245915,4172.50102494583,33.38533001652455,52340.243671315686
t177,643.2087006675412,415.6821476695927,3031.1018632189275,14715.698659142688,21019.5570339321,929.5978693384803,750.4990967513338,115.95822176380143,2049.763134670097,33.72367843792112,0.0014926023920473245,0.0016549409597008563,0.002481901427652059,62.39699673062369,2842.545542099319,2387.4090659620815,1016.8582548494711,1437.6669661493806,0.0,23.454091469122798,679.8747609557668,229.87264477676746,497.5936694426358,887.1022584351408,15.325692404395845,11.572447492782151,22.988569619573905,2.658495395186786,4.6737231618272155,8.653409962802986,30.64881344143801,11.517723244494551,96.1172728227934,470.37084545659275,47.80835430668391,147.93114878695886,112.08769240270435,221.83518650972619,25.619986222023133,37.42187421612317,67.05646497953707,213.18925935307354,74.53529874280747,816.5916363764226,2886.0362626949222,847.5935239181708,59941.8039674186
t178,540.0856574200947,623.5221398976729,4041.463679515531,14715.698549975994,24217.694967000643,459.3550837866369,1281.2237458007526,264.75479940296356,2990.532878679512,73.75274689999159,0.00157818569995492,0.0017364245085659442,0.0025632909335769217,75.16076385622691,2842.545475954924,2940.569013933357,885.4293677460581,1510.5004923398428,0.0,24.64932021808168,699.9174459290427,256.89108928256087,519.054846186653,1168.8567176439483,8.54692550677376,6.4552220294579445,12.818776411188322,1.4825019377505364,2.7741385984803033,5.07715736784117,16.958593060032822,6.294988876542226,60.19904144096022,275.14306631718955,55.84092308812674,124.01320318015149,92.72233234376274,189.1213004321172,20.45480759790751,31.63115085376384,47.566851294872876,69.52013945324771,43.179815673974836,774.8613941351448,1670.1405770009908,1623.1837178920327,65269.651283863954
t179,400.63629824793816,831.3621326278147,5051.825292311688,14715.698423049773,27415.832897739823,242.38961760790548,1667.5758133882193,366.1236335474022,4520.389319971516,86.34664471750587,0.0017013139205936214,0.0018579062371840611,0.0026943362843507095,89.73559306344849,2842.5453839983015,3276.9590943082453,722.8133822889033,1639.354427302994,0.0,27.64156532973213,754.1718817174839,274.5998967528153,551.1915613524045,1396.4877506212076,4.2189597647562485,3.187616988839742,6.317535989576458,0.7265557871148222,2.440469281169998e-5,2.8146763834584085e-5,3.039824643889303e-5,2.860890470371072e-5,39.937170053858885,160.22151223303794,69.82194066234565,119.291826343008,88.97970180414023,181.71015475373454,19.54316193130115,3.3782399090918525e-5,3.097137894220572e-5,2.809504765132818e-5,3.8173858374489464e-5,293.1689048713453,905.9621837915167,2510.042185041841,71276.81651609926
t180,0.20376459617522458,1039.2021259492026,5051.825303174151,14715.698353751457,30613.970825920933,0.005053593154818798,1976.4232225428964,442.6871461313909,6510.247290985538,97.16082101244318,0.0017201598410793563,0.0018762795495177052,0.0027140481177888027,89.73562637350526,2842.5453408585936,3471.538566101587,642.7756738029948,1793.3676126770142,0.0,31.483101521426637,838.1344273019107,274.59993222659733,571.9997795563784,1507.799884460336,3.426265787548925,2.583469724938466,5.128597504615532,0.5819979995971261,1.1473449598510324e-5,1.3580948840365492e-5,1.694325671775622e-5,1.3394758107248299e-5,9.19148785846728e-5,3.430965407963066e-5,96.48180149147798,124.94032669224323,93.15651800529143,189.4390901219037,20.322456837579363,2.31764520266654e-5,2.4044669188564244e-5,1.6473320808485696e-5,2.1476540306404654e-5,0.00014831311785738798,4.730979339272096e-5,3596.395946500109,76643.86709610134
t181,0.20367842464523098,1247.042119469077,5051.825176176729,14627.431101250535,33502.56270217045,0.004957584626178905,2307.0520094727945,482.0686502581673,8194.076938531443,95.37383523260318,0.0015567827518919058,0.0016927488326401625,0.0024193866847810096,77.36488866559667,2763.4172827780335,3471.5384917259744,647.4003198439084,1980.1370807799897,0.0,35.782798663049554,944.509487923534,257.023215932872,553.0932994448715,1498.0321177439607,2.6742409835738035,2.0043530273850316,3.9774489059213907,0.4451296412774167,1.176334257441088,2.243032984831502,8.219249286214842,2.712128475741142,19.483808197746473,73.31413763856608,48.950321793853895,127.94791570533253,96.76564860093902,195.97581995364578,21.412629322965433,43.88115800950352,78.1017633411327,335.7443551877562,95.90688694544943,173.34229668886627,466.5704117516101,4308.393775894336,83845.1886675852
t182,0.20359287782904714,1454.882112528452,5051.825050480091,14448.190097190614,35770.49347521002,0.004837693118897309,2711.57815313419,529.080774763774,10210.735084985135,96.33419822240447,0.0014778335257942267,0.0016122142138585683,0.002285118185980316,71.45674078600452,2654.881713086909,3471.5384019917306,701.208292231934,2200.438981235775,0.0,40.838259644391634,1062.6502845399407,232.93124059326468,521.5737256668513,1476.1810836465347,2.2135658371263784,1.6370163819728842,3.3153583820199954,0.3754421717373799,1.678331255474533,3.096338905121476,11.159217386591752,3.764387846045399,27.50320255872104,84.47366587260065,31.319670830563126,120.17441417291577,92.23761338317908,185.71030477049987,21.151175076488155,66.26888822737777,107.82765118751999,526.8114943598724,169.7814997418062,465.22926860657515,190.2131883302522,4079.309627879084,88902.28279883845
t183,0.20350357758300167,1662.7221055596453,5051.824923587552,14199.218581705945,35887.56503681438,0.004719333604743728,2992.0731235451913,575.9707242901393,12809.817707059647,102.69694031319437,0.0014250823196389048,0.0015502151531954587,0.00217860808241054,66.62160667037486,2530.456749551633,3471.538786668626,756.0372482370569,2445.0131827873774,0.0,47.00191227495348,1174.9366210435696,212.98926466511315,500.4582421933014,1507.7998182447184,1.9766312671833157,1.4934317448015872,2.985911285267719,0.33924156714286546,1.7550292865074133,3.194733950886169,11.382786967941643,3.894186262400292,28.88399311594167,0.00010214533190449296,26.95718922581377,108.3465945203448,83.69878582090688,167.15030751513441,19.922681877157267,81.51926264156155,128.35144231909706,751.5134256466683,249.2084834003942,886.451735191503,0.00011427208062186423,2952.103593895182,91506.08561594842
t184,0.2034124537264048,1870.5620986262757,5051.824788825962,13794.297084561247,35887.56511192735,0.004590321609554853,3405.6784645592543,641.5074844654938,15424.232715850681,116.25342145933557,0.0013741042236160325,0.0014909912458204615,0.00207440581357137,61.91715027479655,2374.511901306975,3343.520611841259,792.0100789773556,2698.721097860661,0.0,53.78325925326835,1261.4581304413093,199.43244421252186,490.0347533223175,1434.8105701928282,1.6593060701583227,1.2701667617017758,2.526846221660741,0.2878489675852229,1.5902200322047921,2.882930718856021,10.521763816904427,3.5258319829805402,26.418436293936544,66.71408621406891,23.107041991250945,94.03028899317916,74.05620058087786,143.72203921783557,18.518696427990278,115.87168433532052,202.3758046006428,1297.5049598515573,404.6115561285532,2334.8996978351174,1559.3399218090517,1671.1524746678065,96958.92191375475
t185,0.2033189678944925,2078.4020917529483,5051.824642239979,13176.970104497817,35887.56514556229,0.004439264252268171,3766.2814663346826,714.8208532560823,17163.50710737379,125.51122554017408,0.0013136643647078457,0.0014216135066309125,0.0019666032311978906,56.832663465632024,2158.467401796791,3239.8019711601983,803.5515146737415,2919.9253880492297,0.0,59.74705701120616,1308.9612104499074,192.2061177711232,484.37535799994214,1300.041604909739,1.452073329660362,1.120880760110312,2.2189319258926514,0.2561781123262057,1.6665566153029892,3.0066931989698484,10.89719882105678,3.6878102470117975,28.26931060517942,108.64423339228773,23.82303361731383,58.89908977549396,47.921972315004005,76.75535254972996,13.828077671689757,160.2297952397182,283.9631458435918,1637.28582513327,614.2915204998455,4698.204001900834,3836.0775866814815,2152.906438530217,104254.4110907245
t186,0.20322610807161018,2286.2420846496852,5051.824469732809,12649.831170708358,35887.56517818884,0.0042679675690130685,3939.9898037260623,805.8031033305987,17348.782986162456,150.61390283691105,0.0012535717210536374,0.0013520651202397443,0.0018619500193149763,51.91117452743521,1943.858891558454,3151.09313422058,790.7150464802486,3047.9353080904516,0.0,63.29998310656418,1309.3112505978083,189.64155453455663,476.2893843584938,1153.0358953637049,1.3883732646158922e-6,1.3766566284153277e-6,1.5065742067735255e-6,3.522743331645138e-6,1.738152417244831,3.1041459442789923,10.96981675230169,3.840608189681651,29.349464380189847,125.19629262051407,24.540076829787274,1.6359082801722965e-6,1.756377464106483e-6,1.761183836502156e-6,6.716423052533233e-6,212.0630911729728,357.80335840421003,1391.9082931595503,865.1186439034309,7521.899791736366,6194.166329212349,2681.9035466774703,109721.55791490109
t187,0.20312517775852856,2286.241933774415,5051.824304728718,12038.91625568111,35887.56521143272,0.004073499386506058,3939.98949689123,805.802802927761,17348.78296389304,89.36232155902009,0.001188112692228526,0.0012725048747838548,0.0017453133086926162,46.97283444551249,1658.3826681513099,3057.087083400837,751.1775411613035,3047.9351101294687,0.0,63.2999694556348,1242.681986143675,188.8672120566154,459.84353436715196,1012.5090098676748,7.026511476503314e-5,6.881620049329112e-5,9.532171003660387e-6,0.29908559978089044,2.398737945423122,4.261154936519945,14.799079774255395,5.3340886737568765,41.701975671377554,165.831897721671,36.15689996100672,0.00013169081059543944,0.0001325875028788132,3.20310883725306e-5,18.627717405614803,242.49276377385752,424.79047709500725,1566.3664699245157,997.4328546325444,9586.140414994574,7422.626434660634,4264.699107398676,113771.41324976733
t188,0.20301487148908626,2171.1277138487217,5051.824033802884,11397.723184771665,35887.56525317733,0.003806298015409924,3372.883492051029,658.9057230574024,13339.45419880129,142.83140794907914,0.001095174554470541,0.0011685562994381068,0.0015993009994846612,39.606847697399914,1253.116263677828,2910.3755248092352,692.8070259993799,2884.7856962328,0.0,59.027300568527245,1131.262188141896,187.3203794178055,437.40839396735856,872.3196789739994,1.9457940086262613,1.4668770766475447,2.9517136071865124,0.24921669470612196,2.771460446225885,5.1680560361471635,18.44205673893201,6.694715504201035,55.110325299415216,191.83851776172204,45.63389266257579,53.336790213580905,41.901753469396034,113.30456447273247,8.398672364612356,260.78271415039666,473.48472806912696,1874.1564564142209,995.7426134332496,10420.092698714518,10735.7579008218,4953.57075483775,112753.35726394477
t189,0.20290958986396457,2036.1961618825944,5051.823794947843,10975.836495824722,35887.5653041531,0.0035011860150245297,2595.7023445973005,552.832468526527,8908.675626941651,59.47959127285078,0.0010009747846989059,0.001071491722451848,0.001459372594278994,32.341561684393014,752.3523470841604,2681.001294828465,639.3898544693112,2614.606589303308,0.0,52.09126433116805,1019.5373899280697,183.9238578262231,415.4309121784393,730.7522758607113,3.1502039423007,2.3451021481280163,4.997976786388523,1.1047471053550781,3.368373363113882,6.2956273360324335,23.589772922308878,8.936174768870856,75.12183183321929,264.3696848484959,51.070647690395866,91.04506858647133,70.72655715398717,206.07422728346688,19.112771714017804,279.26289403673695,527.8541406721968,2177.404978589656,1011.0919890644159,10353.46921977701,13860.68457281415,4251.944698304819,108482.77033899736
t190,0.2027987905317064,1898.8819412157109,5051.82360314299,10680.328730290305,35887.56534458092,0.003055490036914455,1880.9990351342672,457.31909695584733,5055.545895853472,113.76191255827969,0.0008807790006628391,0.0009395798338325436,0.001271967514841041,21.729955562239788,165.54013094292182,2494.885473381538,599.4684150886869,2329.0347316191,0.0,44.391126956376816,907.9173070270615,178.75166948114241,401.1882522281305,604.0754059818545,4.093355124814838,3.0878971240902713,6.936249481619415,0.8586934010602186,4.340278637196005,8.037950816234797,29.43529918723808,14.618078183538575,119.83292622703486,336.06479872446823,64.64990414549483,117.08753403435605,90.17108272714255,282.26755945940505,15.490028792536467,268.6110881900673,513.865303313044,2176.141536542512,955.4923063832307,9340.419265786682,16262.555793088939,4285.826570655184,103673.30047463365
t191,0.20268951702746557,1764.08197835756,5051.8234234571055,10639.29505674796,35887.565384228226,0.002374796140516387,1303.4474030498727,371.14801136822706,2211.873323402474,105.72959109258916,0.000698715515561664,0.0007392199674806641,0.0009884135030732368,0.002586358394464915,0.001744712327729635,2339.417025703944,573.2059031929267,2078.0364596102295,0.0,36.90346281529546,796.2171370460757,168.86325801764247,375.23754088175383,520.8757333421189,3.9531890880924423,2.9906507720026916,8.819921532567962,0.5551360959827172,5.420501055061449,10.01034794464999,36.14496677364882,19.49495934385804,147.19155329725493,294.01303484831595,82.52339855160933,130.7613164610717,100.0526652844727,334.22567664369024,14.571744913597913,243.6468389599997,460.4841600571443,1819.0531733787286,746.2501896684296,6658.383425684342,16535.44902290981,4107.526720798213,95985.45510810941
t192,0.20258958996527324,1631.9384687696936,5051.823263452911,10639.29496907517,35887.565423058375,0.00028088137796500394,761.5537118600331,281.9504048773565,0.0003473074942656559,150.6138225871533,0.00031301398323236104,0.0003017680430916026,0.0003078751159490302,0.0003194800401724848,0.001571450475738003,2168.98545111749,373.55741163457816,1856.3677361444277,0.0,30.137122200300176,738.5978589698076,151.66157336629198,247.50439430462495,392.0260381038748,3.079135007694304,2.322333828627378,10.325437519628553,4.866982308103266e-6,6.3216874811044335,11.660021238756926,41.86376609780242,14.258948449471273,70.22549998842683,218.83231975557808,96.91405769970999,132.28853752165682,100.34736749172116,370.85304800454173,6.841200743156315,226.60954529957743,419.24317415934735,1501.8420909697898,511.80203564643637,4166.942104358743,12383.269569077642,3932.906402415144,84592.53196851013
t193,18462.856735817895,2561.126966322486,11677.160868992594,10568.18992756235,39732.17493140182,0.001933410295322691,423.24994783179767,122.03785015374785,2120.568423043507,38.204072745211455,0.0010218430612466665,0.0008919168580103139,0.0010855150373938667,0.0004962831995289208,1337.2113712295052,0.0018969649312034881,369.28257482305503,2072.0998630015024,0.0,32.04245197352955,763.1285623467315,165.77601722602205,264.14949583443223,430.9105707582136,3.9802587142218653,3.005123589112861,5.969359204309667,0.6873082927037194,2.152293539815284,3.942219496681753,14.146634887966956,4.831846263736646,30.1368203510637,167.00228502941684,38.25983624974433,137.3395936598079,104.06250319220864,205.95216233224636,23.785820034123123,135.77095432535563,276.73383205653545,1036.6269046535087,347.27841642316196,2960.8748198322296,11814.973580123396,3405.4246090212214,111863.11513827034
t194,18462.856713657926,2561.126787003714,11677.160777820935,11318.162773205453,39732.17488062872,0.0017807514555258743,0.0025088760006821108,0.00243135283347523,0.0019856792853177783,0.0019894873880220783,0.0008706865000622308,0.0007794046734227258,0.0009280086356959838,0.0004979973843200574,1751.1914061776806,0.001581966593253257,395.1956697788018,2085.4918224343173,0.0,28.693906630253988,720.3815639963099,157.09867729982443,280.90908181992927,469.79372705752945,2.028619195179549,1.531802899958666,3.0429541392016417,0.3518660891020881,1.8630088837981478,3.4362675229028112,12.33758699473823,4.202196169679086,15.245849451831177,142.35981876212207,27.350564600312442,146.38126946765937,110.91333077774627,219.51104575894294,25.35152962204239,134.13203160843796,248.1535570964974,888.9532587129291,302.93995007430476,1782.1740457507824,8667.4665851932,2400.2007434924544,104780.18102398599
t195,18462.856735123612,2561.126759144094,11677.160755895375,11941.551019406787,39732.17488955389,0.0018025502503482523,0.0024389062342365215,0.002363675812912584,0.0019103090400884692,0.001915317622905165,0.0008375581738523115,0.0007657409985912937,0.0009099885334943927,0.0005546566706575135,2101.503095487006,0.0015832882451061769,420.96276676911515,1896.787135655955,0.0,22.50322122337044,642.8222719878387,125.62957770452587,297.7258675628778,508.67582199862426,1.0747683181118786,0.8115500788379921,1.6121735394431107,0.18640919932606795,0.9870292625289679,1.8205548894748027,6.536565840137003,2.2263519707794885,7.602350151237089,75.10746466970883,14.017530934666734,93.54100952030348,70.8761756976359,140.27263054094578,16.20020566823776,85.71346240133063,158.57585090038975,568.0617298167407,193.58562634469058,1033.1758458554834,5547.867601646961,1519.7136030085528,99931.06148976016
t196,19130.798246152935,2561.126767520513,11677.160773770545,12558.450622837667,39913.760395373196,685.4456483587512,0.0025151161769393937,0.002439088869196085,0.0019652967297196042,0.001972502485487214,0.0008964911967980394,0.0008657548025931039,0.001024634563519833,0.003206439451248116,2433.434476923996,1821.5489400018382,446.6231121697301,1600.944610438304,0.0,21.566378345031556,632.3787921448413,98.61687880293032,314.65705328457346,547.4780396616924,0.33406283258750413,0.2513468879038121,0.5023726502123432,0.057552705825784756,0.3068374590827471,0.5618077113350206,2.0468648454561365,0.6954462775808855,2.9584930098427997,19.29198292954695,3.356345493132366,46.44805954108842,34.98672666865629,73.84209004832776,7.752592923683669,43.45255925640047,85.25957457680767,339.87337768253946,106.10944062366606,574.0949013145602,3080.1673714736276,838.8049610462336,99705.16038906891
t197,20539.80865338931,2561.126778485652,11677.16079498931,13151.559351843298,40190.70093480802,1494.1429755479646,0.0025590989415021077,0.0024822911871833827,0.0019925472064581135,0.0020009216891697904,0.0009239427436669665,0.0009151272821179574,0.001082882560167185,0.0038361506329166787,2722.6879815034754,4499.007142262884,472.14439759678817,1408.557937544766,0.0,22.99319824703223,650.4248493078804,91.00288340852948,331.7026389196614,586.321786752435,0.8119042823657358,0.6121319905483142,1.2194252970771626,0.14036926117689902,0.7459042368310762,1.3761408656164362,4.943053535437109,1.6832895094829732,5.287420024704028,21.75696999109149,4.251660895375375,28.149122952386502,21.384097289996138,42.14618609167505,4.871135251851807,25.833283093116414,47.450880029176446,163.26838841008703,57.83654883127536,255.94707522463966,1290.8730260519587,173.08974853467194,102553.03585921976
t198,21539.02021786043,2561.126787912555,11677.16081260724,13714.71150347624,40463.81812915009,2063.3317961279945,0.0025800431893962367,0.002503455231649921,0.0019967601498067766,0.002007839788507572,0.000930606983807746,0.0009339751580179684,0.0011078412337049224,0.004216031827660339,2938.96335236349,6014.100569307238,497.51964241994546,1263.9567860592665,0.0,21.5601525187162,632.2978151527069,104.60917167431295,348.80542473292354,625.1644455519287,1.6004968627676832,1.2084915034370782,2.400857053381827,0.2774940013734122,1.4698385433750845,2.711021694269098,9.734560014007375,3.3153686565594644,6.2186658353199,28.950247127404275,4.482095778093332,32.711517974982925,24.78551763339855,49.05382558525184,5.665107198607431,29.974214271894287,55.45441215850229,198.65373006965407,67.69750278778632,193.84660901623448,987.9035422099669,125.1264928706232,106299.40449231553
t199,22364.63418219517,2561.1268118123953,11677.160862690047,14285.387628539647,40808.517351049464,2644.555564041081,0.0026421838208641074,0.0025629319076411142,0.0020242214648364593,0.0020361601558139906,0.0009502154419105856,0.00095955522217193,0.0011398859269070552,34.27293407224539,3195.389153300422,8926.885092752615,522.7488475986779,1263.7131798102253,0.0,21.560031801934826,632.2976695828619,141.0069479990554,366.0226104749275,664.0174533135536,6.242213155448828,4.713482646830192,9.363403692605868,1.08277425206697,5.732665428894679,10.57364963529989,37.96346601489554,12.930447142198283,36.671180630356524,154.3231088099594,2.1391668298453102e-5,53.507829852180706,40.54293373539071,80.23964263295396,9.266853239449368,49.030315393147205,90.70957462220512,324.9466793780158,110.73610595955657,289.261942931964,1505.4588351236232,2.5568175064005867e-5,112942.60578742513
t200,22364.634166641725,2561.1269361280397,12442.79623626156,14796.508947528235,41420.51765761485,2644.5553499537655,25.791031554182794,22.237477768982387,244.4577216556284,4.634317547986398,0.0011280860123074738,0.0011848925852308283,0.001599578278211511,72.24890934691196,3452.5792145654727,12815.301885383828,547.8107391031425,1269.5329808968465,0.0,21.613829372302032,632.2867637045581,177.94059342658682,383.29699622719625,702.8398909576495,6.612419528956585,4.82488502562773,16.421327324325535,1.8080868335546008,10.028310914985257,18.556627657512657,66.92402699399557,5.014008618461866e-5,58.985727266464714,242.82506742576146,30.793264210768744,99.34343876992033,74.32068561087928,157.69349050142552,18.169063068650647,96.27488196743498,178.22175733669744,638.76574975477,7.908012153221685e-5,600.4066733008389,1837.0155396455943,294.9475895454597,121055.65430010013
t201,22364.634146889213,2561.127085725858,13453.043483562762,15265.418665613015,41984.25427946864,2644.5552088420764,1171.8457586031175,82.47660187858494,4159.805107403199,75.02758625605307,0.001315713960983931,0.0014100892373854748,0.0019647736011618455,89.73550534897788,3714.9680505951765,16620.307136850824,572.7265879301292,1274.5017336869669,0.0,22.743351035669143,632.2319143207897,214.87424136576809,400.68578190926746,741.6548406070341,5.103950027690943,3.7871242564586303,7.87482254846761,0.9403171911493243,4.935893545628328,9.087443517692378,31.89430061894545,1.7892200763894845e-5,62.00060896587341,248.95974089917428,43.984383061705195,141.08555954331666,106.48382035068923,198.1412583102252,23.286250806469905,45.92002184221744,68.81029458879574,103.68118460612223,2.3427022511443103e-5,819.104138351004,1661.9090509368234,660.1388235542133,132293.75078731182
t202,22364.63412520148,2561.1272443914027,14463.29125571362,15694.68316542394,42437.58639155,2644.5551084254384,2019.4002249455916,107.40886694100058,8075.147951948676,145.43035722825638,0.0014953225288312896,0.00162360197784037,0.002304710299597282,89.73532262036493,3941.875390611592,20218.62061800107,597.4963965430813,1263.238379159819,0.0,21.559446592754643,632.2564102012525,251.80788937003618,418.1317673207221,780.4684045868787,4.377935853899073,3.3093634074263707,0.16283861175631195,0.18084532511662169,0.05353470283594693,0.05842891053518839,0.059678881955951106,4.632163085977785,56.879957297788,208.5946282852575,45.19140085154623,186.80597238517387,141.55944253830017,261.54667044907535,30.304717814552323,0.06369167365583321,0.06748066220354311,0.06812724391068832,117.753453893987,897.0906442597513,951.3238638562894,799.8540014051399,142438.39898180796
t203,22364.63410840371,2561.127401312259,15398.391370798645,16052.86445457092,42742.26698805561,2644.555031383838,2155.919721563347,124.58245319439074,11066.898020375864,147.1804489412562,0.0016891084886543506,0.001851019137532617,0.0026980364860970376,89.73521454707917,4228.325267567968,22897.828582171318,622.1201643575839,1444.7828795251219,0.0,23.72739105318374,699.3835384545524,274.5997627829053,435.692153349592,819.3298977311557,4.8196166552411,3.6659170439693685,5.1445821506557765,0.6853917167824111,1.528636819773981e-5,1.802358556777049e-5,2.1652105695375628e-5,9.287880198935438,43.58210908096504,141.67770441338413,39.21589688031747,243.20779053268518,184.51198689738337,358.77237747232107,41.48351429219666,2.848868502267754e-5,2.6288602678450934e-5,2.1492173824446824e-5,252.02494456278,637.469871408248,684.040168587581,961.5541892877712,150405.09516071714
t204,22364.634097735172,2561.1275589171164,15398.391346066386,16325.578868533306,42919.66855301247,2644.5549776824355,2163.7203699257507,129.94630859001833,13723.090502765075,150.44457166563424,0.0016118865204490275,0.0017823000805509883,0.0026428549431794543,89.73513553753132,4563.132455293608,24158.40646715675,646.5978931032593,1828.17263422959,0.0,31.13787700419213,833.7015909768987,274.5998857339949,453.3097379557275,858.1028388065838,6.51847416655098,4.921928381337002,9.77812216426976,1.130191211428374,1.4429147180528274,2.615049873497622,6.28918842677107e-5,13.503429775382497,33.054020983834356,2.072885806711062e-5,35.991543911865826,318.08008959809604,241.00930134297064,476.98903289772016,55.086063056904635,35.19465887299201,35.867037000538154,0.00010888629694296936,415.2647708882367,164.79351711554077,3.095040633343511e-5,1125.1620317384072,155094.46210888814
t205,22364.634087080318,2561.127712611696,15398.391321217283,16393.400542928768,42919.66851986774,2644.554931127354,2616.153637879604,355.2307826618348,15019.408764279719,150.47996770778911,0.0015704111557584654,0.0017511500256020105,0.002543984803763813,89.73507738007562,4737.018457356978,24158.4063189302,670.9688614548572,2413.654953889432,0.0,43.79952117135142,1035.1317270341183,263.33856805123975,471.0417210174499,896.8889528107717,3.488722447584447,2.5986626501294596,5.361372708506723,0.5699223694302092,1.6843768759283682,2.9581500642824756,3.5447770362754167,7.102217635695889,2.4845066771513273e-5,78.14343608087256,28.629117239121687,338.9459459167211,254.38532604829405,513.9207040752095,53.43499735434348,67.19407026767723,63.39631283926371,8.830173005940878,579.7901418025349,3.515307043660177e-5,572.5557972617971,1066.6107343725107,158856.1853100548
t206,22364.634078043215,2561.1278712901026,15398.391302712205,16393.40049414197,42919.66849211519,2644.5548978104016,3205.3417377846476,580.5141964886394,16579.256262812683,150.52577893641106,0.0015562586031783777,0.0017466274743055,0.002495367542051374,89.73503759524414,4737.018337525011,24158.406268217557,695.1937891775761,2827.337347353669,0.0,55.55536078169268,1193.7725753135494,262.6025491382803,488.83087038465953,935.722700853842,3.158899149933189,2.3787564403698553,4.758571756170883,0.5395792226477135,1.6875761192362322,2.5036765433509944,0.41471762634204284,3.6835330728855697,13.062618189197481,107.15558988902299,24.903437775968687,348.3450932744325,261.94066108353155,527.4718257343199,55.97336990198456,82.0417660635351,57.197371146278414,1.0512522747207391,356.8437834318334,51.01268899487234,1647.0513469989248,761.3345299189419,162556.10639133866
t207,22364.634071917317,2561.1280214221033,15398.391283634073,16393.4004139831,42919.66844337631,2644.5548701901535,3939.9871935902393,805.8005914603142,17348.780053055845,150.61113251436095,0.0015588416547949767,0.0017652868936632727,0.0024689688936710016,89.73501294097183,4737.018283264512,24158.406218814627,719.2121769779184,3038.6835963179774,0.0,62.05385113811596,1285.1394396971837,274.59802111771074,506.73441838971456,974.4765608568065,4.076694564630239,3.077293231359976,6.117252334416057,0.7034917008736543,1.3972654790696375,3.467197531877836e-5,0.00031473255432046417,0.0003442705112163319,18.295471414449764,102.6102414776898,20.951549657228867,414.4536463371839,312.3635087154506,625.127986612709,66.44887053700282,82.31669147864764,6.373142211988202e-5,0.0008272183656905384,0.0005135569364585193,958.0823918572694,3213.345295575203,1219.5176823080203,167421.90687921978
t208,22364.63405698694,2561.1281356798886,15398.391256695768,16372.192378860422,42919.66807182878,2644.554811998667,3939.989633898178,805.8029411291924,17348.782830743185,150.61375397105834,0.0015714461514857278,0.0017413677088690255,0.0024462935381950883,89.7349630756022,4626.334336457861,23767.88999852206,726.2318945198549,3047.935185373797,0.0,63.299899954440036,1309.3114833181628,274.59986226871285,477.72059607907744,1013.2171445702846,0.001775656988976662,0.001685687659031336,0.0019306414204172345,0.0016241591611816251,1.295749686843299,1.874286525352303,6.638676922114497,4.915956971067318,26.584274631813063,118.02827916897635,23.458476394474534,174.2609028909896,130.37041829723478,264.93433246223003,24.854126131025613,69.10663634145396,31.670701621130732,110.52686217173739,278.2087982895099,3067.9957116590067,5697.401170363688,2113.7963171730507,172047.96768888625
t209,22364.633979706396,2561.128144656615,15398.391105310156,16347.536087586288,42919.66760358807,2249.994403309369,3939.9897041237173,805.8030066272884,17348.782906427616,150.6138274500609,0.0015309587524836733,0.001624523532049128,0.002269269675433073,63.74456868297815,3618.2313285085916,18535.58797221829,644.5341749688916,3047.9352700259988,0.0,63.29995456639277,1309.3115492032416,274.5994672694908,402.00717247027836,1052.0075836319559,1.444917497534418e-5,1.3839024227992302e-5,1.4279002674169642e-5,1.0866336090052203e-5,0.00016371564312633603,2.3687232645349523,8.312967139737344,4.0641928858540215,25.901394885453676,116.25340907880081,22.377127105687283,2.6228136046624192e-5,2.5229511683265317e-5,2.4054488881863083e-5,2.3246881001163018e-5,0.0003032638958138086,97.07418518730086,260.07608643511094,441.00355246806436,5486.010603441699,6728.198935343178,3577.9525920850697,169867.39962357623
t210,22364.633888008986,2540.767395272937,15398.390702119676,14800.56913467955,42919.66712613821,1845.9221959196122,3903.500462302579,805.782690917414,16990.676081783335,115.46269084938157,0.0014863339158099574,0.001515741666875912,0.0020963551095728766,35.072657430507704,1933.8164119498927,13171.973473604961,474.08160987829274,3015.882351363691,0.0,63.298307755362394,1309.310017673328,274.5991503292292,280.12955393144864,1090.7959027926436,0.8016921468720412,0.6178191804383792,1.2164961923143711,0.14992522861736793,0.7574975680431013,2.144329372555656,7.654824343418611,3.492787264506369,24.913371644976536,110.95310822078055,21.818559181605032,9.33449674444009,9.209875877171127,20.019167440054442,9.482274013828189,19.201986849303953,131.05585835560728,375.7585879272127,631.3729261609054,6870.109276686063,7960.3659140037535,5845.471651969316,165390.23932950347
t211,22364.633791162374,2336.975633163667,15398.390258958205,13451.656689431187,42919.66663167848,1596.1856975616165,3508.5503316626287,805.7685031241055,13720.82588599649,83.435427805756,0.0014456509437065805,0.0014145442241845802,0.001924645587348843,5.320404086491673,254.085623893034,7802.478330667851,392.1005500222248,3047.93438900835,0.0,63.299232773396135,1309.3104677883334,256.1239353282117,187.04420485174882,1129.5044242632225,3.941428936138753e-5,3.745096020821467e-5,3.9947171828218804e-5,3.0412933099646113e-5,3.619656538218238e-5,0.0010087450222919547,0.001211627360142236,3.6298409866837535,27.41038728815193,103.34909665810994,24.3301718861878,9.47059174336438e-5,9.449622721012831e-5,9.570128930013777e-5,7.240405597292595e-5,9.180391664516963e-5,0.0018519446917384997,0.001983187974542359,574.1149037845898,7411.551770552308,10040.620154393808,7217.662448503596,156035.97066015992
t212,22364.633768758806,2107.817501523875,15398.389575896406,13425.55047072614,42919.66611929596,1596.1856738529843,2384.1378386024135,654.1036285609931,9094.859668361814,0.08885813393884817,0.0013956662510057308,0.0013854389264401704,0.0018793978475251593,5.32033655120657,0.002033794618931819,3237.6327114654796,398.58413913958486,2954.891108797343,0.0,58.046996834486244,1242.0339695405046,214.85727566687456,140.25447249135814,1078.2161732133738,0.0004485594800774711,0.00042771167760713804,1.8456424852162,0.21832234498868927,1.1359760706276405,2.136869370012368,7.395652488276957,3.854031181979072,35.042525687056745,0.00013261492610101434,28.297144144025403,0.0008108392513503931,0.0008104458516975362,51.87441920246678,7.93454456141789,41.33620697733675,68.85232812206274,145.60315380172725,291.3482159587132,8828.985967994997,13522.350436829058,6722.556530891693,149036.04757999405
t213,22364.63374525139,1867.561537607089,15398.389212390748,13425.550321549685,42919.66557767342,1596.1856382085887,1002.0354497204869,388.06736432771396,4917.508282170481,0.0821077072347298,0.0013423632117346273,0.0013477291940158546,0.00182421796379123,5.320273538178346,0.0018825813773032775,0.002757745066528372,421.81181874196716,2659.7583919978492,0.0,54.94853451549525,1121.0111356421116,150.8003372881131,140.3695160533636,901.7860468254455,1.2375005281131608,0.9352520282349063,2.3957996869733407,0.2869143039710894,1.480265268379629,2.7929369869938734,9.322340411497375,3.612154263583643,49.90545791945189,230.90759720073882,32.55937947931251,31.21078638793844,24.103397042823524,44.052243320301265,9.50559606777981,61.6317765191221,107.20342181027272,357.9170722194525,157.24807547191074,9764.733876317827,17697.919844251992,5980.375450811247,143906.8315841441
t214,22364.633726472224,1641.6034934093602,15398.388813577769,13425.550068013252,42919.665401556194,1596.1856051779737,145.19231492456012,122.04502955462426,1397.9196487471997,0.07229724371019419,0.0012871055326173738,0.0013035237148054687,0.0017581651873929524,5.320207328706575,0.0016757609062809002,0.0018093860821675163,444.8329604251983,2162.3580086349302,0.0,46.598739663021696,965.9829586175749,109.56097097543449,148.82604618195901,850.5016174641277,0.00013562880814947401,0.00013079180765218848,0.0001222045053128854,9.824555319161652e-5,0.00023546810835899505,0.00025457012518405943,0.0002924176182785702,0.000250554002088145,73.44336351046643,465.12754346121386,36.69599935408666,0.0008339595145468541,0.0007994595640372568,0.0005073638024115252,0.00038052534395257616,80.08130263762087,156.37574268074695,636.6881730800125,196.1969029993282,9697.712483041038,20936.85799524422,5578.630026172752,141603.0593152795
t215,22364.63371349328,1641.6026298511122,15398.388626912523,13425.549990152032,42919.66536619108,1596.1855782535672,145.18973523565148,122.04293608297506,1134.3652618294996,0.056565917335119474,0.0012412079952910885,0.001264043490371459,0.00169787359990015,5.320158855204866,0.0011629395061404624,0.0017157809628086712,467.7080640708596,1867.0473017641477,0.0,32.99013482129319,788.1151901623048,91.11279809038594,140.5404565483994,889.1774835575827,0.0016692209334793228,0.0015917411928972457,5.027514424666719,0.5774889893212052,3.0762582087668813,5.678197949972185,20.399590053903072,6.944948325460955,107.66841302872115,303.122683253999,40.86453754575851,35.637687835842115,27.002804128589005,53.44116541732015,6.171960942719245,112.73595854541,216.78951632695268,853.1080466520326,269.94871097825876,7469.133456578813,21271.549708228526,4139.313963601262,137977.89494561322
t216,22364.633701353665,1641.6016908022832,15398.388437544209,13557.903929377402,42919.66532124702,1596.185554340353,145.18237426246395,122.0338588074644,693.8524363660252,0.04327009339160636,0.001190830616678663,0.0012181634325520673,0.0016284024025976398,5.3201093656593095,716.4427331249742,0.0015609364560582994,490.4371274511551,1463.1221767478592,0.0,24.63353030169335,676.2875105982989,91.11581740107746,159.18762534058513,927.9009807462094,2.433033800881043,1.8372786134912042,8.650880696203362,0.9804916461437337,5.286094414168022,9.773035036436866,35.167517438614205,11.9585072759224,55.21959927092744,294.2594222131415,37.75512349076231,61.08465103642127,46.283923247681614,91.60109018153375,10.578735252659449,136.053323286888,259.9286813919105,1007.6456856822853,322.6120759115511,4644.635654081539,16485.399607684238,3338.683859798497,129861.77205505656
t217,22364.633687993133,1641.60078515555,15398.388290864277,13834.314440941067,42919.6652756314,1596.1855250093606,0.008099134588018808,0.007794891893592171,0.010712799949907925,0.010996303461705595,0.0011307392271383066,0.0011611569956588455,0.0015432938994093437,5.3200644457420125,1239.0923126757411,0.0011934729352888625,513.0201507094987,1261.0350087795277,0.0,21.528610594862904,631.6503017785991,91.11260196428317,177.94919501889646,966.6256572037654,3.620469111773224,2.7337365129053794,5.430765910273446,0.6276720540062439,3.3247737123865577,6.132762524534465,22.020254098424985,7.499832982834559,28.193134242467895,250.3547814195803,24.790405711389994,75.47952795096421,57.19086744178683,113.18744583248761,13.0714314146162,149.24342159889346,284.33168430923024,1095.0651979011734,352.40279362684413,2669.1231260171667,11921.084689566609,2564.373270297897,122311.44658479693
t218,22364.63367416567,1641.6005724921774,15398.388193532099,14115.002229594375,43155.62176090503,1596.185495988357,0.007522897797653821,0.007265628247672913,0.00992480126773197,0.010207869166321671,0.0010762648495200341,0.0011081476120560296,0.0014660668236634274,5.320032585072889,1607.3044849690107,1482.7783942481185,535.4964145633181,1261.0362197103059,0.0,21.523173075800756,631.5706363644103,91.11386273167675,196.7679642737396,1005.282519971678,1.6816162556552678,1.2694468775436285,2.523143303173501,0.29051399594112004,1.5442103385373767,2.849459571116371,10.234657488862087,3.484947251849824,13.241793330101945,76.0687605817918,13.95162008775052,84.6194804474342,64.11591403599009,126.89425932079382,14.653535249039868,126.56964691523032,234.16510162705785,838.8510577102315,285.86383518344456,1633.136866150311,7712.331491974832,2065.8992706430718,118423.90482918637
t219,22364.633659335595,1641.6003655608158,15398.388083424668,14354.244691594573,43553.72470873557,1596.1854682358594,0.00687928452131145,0.006666944805408458,0.009131770905540787,0.0093639439000964,0.0010081531548166427,0.0010402707237584991,0.001369246532766819,5.319997614222827,1917.4369449005317,4610.4537313420215,557.8266378864965,1285.1623068412857,0.0,24.411953438731768,653.0213243120993,98.175272192857,215.70113321000127,1043.9783476558591,0.3917021938475442,0.29428381487343724,0.5909791799764089,0.06559137329968698,0.3590929363591068,0.6654179984088361,2.4637571937955536,0.8215422828022025,4.660298273071278,22.768696382127345,8.40893384732737,68.41914126799045,50.25724524997211,107.99452905611685,10.299564727088487,69.11067656108796,135.00413269628967,518.9637405045535,168.41622443794614,964.6721163941188,3890.0938050225327,1397.5889396771208,116742.61049696646
t220,22364.633643263267,1641.6001670127455,15398.387995783158,14593.455410689263,44007.379527127196,1596.1854427713827,0.0061153885397735004,0.005944826440109831,0.00817532563284163,0.008341206695982515,0.0009292479934382408,0.0009613923030908599,0.001256276498415414,5.319966572250478,2195.689840362125,7719.530480308468,580.0108229277819,1336.9049019858824,0.0,25.739158256881865,671.6376984284251,95.9472082507052,234.6915019160638,1082.672789837484,0.16107744775319355,0.12130516452667979,0.24037569931082123,0.027063397326140992,0.14640379559314598,0.2707122982986684,0.9809116917254982,0.3333106081580372,1.560481640683205,7.537388589971169,1.6687453809586097,43.45463062144756,32.31170758351411,67.07430369146182,7.0395252258672825,40.2749163972315,77.78925123332793,313.3085436752682,96.95732383756466,556.0079165962434,2039.4770901149539,839.6953064792283,117676.2565703276
t221,22364.633626528856,1641.5999706346029,15398.38790675796,14833.634094778556,44458.37486758566,1596.1854191490438,0.004784887716791854,0.004657538933220013,0.006528328399364717,0.006578207991916089,0.00079096194809035,0.0008213445822634592,0.0010605315090168308,5.319929030830134,2438.901601350432,10200.827314097112,601.9884691278957,1361.0018923526404,0.0,24.52592252984609,666.8684405282884,91.13980080935498,253.79627029876983,1121.3687081034302,0.7506381693176146,0.566378218727574,1.1269267719943943,0.12978491846410528,0.6893905532564611,1.2715168332554814,4.57754582119807,1.5574002428430085,4.45585604010322,17.851502969102505,3.066926489645575,28.203355078466625,21.42416505527415,41.931587049024074,4.917636594770807,25.890785322122394,47.399047808332405,160.39359548838962,57.387345080715086,254.76471941136936,978.415980472537,53.376223956686275,118768.72776380995
t222,22364.633608075732,1641.5997719800928,15398.387817800254,15049.782933426766,44865.48340084104,1596.1853926733377,0.0001600185992357557,0.00015903975576977067,0.00015005846458594372,0.0001529639288612806,0.00048561515036503017,0.0004840259810416256,0.0005231611757320984,5.319816165823339,2632.937278621758,11681.725225264829,623.8593546868884,1260.3042571094784,0.0,21.515684021991763,631.4880173226195,105.39155038406722,272.95823864833596,1160.0337598879396,1.7614826687763472,1.3300949753771276,2.642234589204951,0.3055503350660197,1.6176819059484695,2.983742859605485,10.71277944915492,3.64879968033336,7.319278292362809,31.881094377346134,0.0010182448520664586,33.31575489317575,25.243403514656542,49.95978199140404,5.769901000559582,30.5278457778149,56.47865185183337,202.32193133314036,68.94780036827375,180.85102882439708,699.0606381381078,0.0015730790565548478,120728.29028994447
t223,22364.633588676676,1641.5998860095233,16262.174053729914,15235.656295168874,45338.185591569745,1596.185361797548,6.191715957860984e-5,6.157589015439395e-5,6.14735109222351e-5,6.245579809512717e-5,0.0009813358618060899,0.0010705935944265415,0.0015227619911237942,43.295873010517724,2826.6485216259307,13787.855944225676,645.5841963052267,1260.3042392534778,0.0,21.515671499100236,631.4070404917495,142.4350490206425,292.2346058760413,1198.689055718547,6.532373110942178,4.932606655761065,9.798563297117738,1.1331617204933788,2.5064307854815975,4.723729197768344,18.18821893948868,0.0007100802003694401,40.25307790095156,161.64261154878025,26.70178305793431,54.68390925411991,41.43409805491327,82.00310862175523,9.470639111070678,25.79332622928059,56.075719492818884,271.3448491684472,0.0009237075077899679,290.48145771346344,1106.617774139934,152.72301647935777,125655.4508843606
t224,22364.633569738322,1849.4398663541563,17223.116710155213,15416.191700718366,45947.39703553432,1596.1853301431813,343.9376087019471,168.96800846419404,335.0474643257593,51.3997018618596,0.0013135616315194717,0.0014433125747695052,0.002117146580461182,81.27191702751354,3000.1906376622583,16265.635110113159,667.1629971513788,1342.7096754600088,0.0,25.039252644239593,670.9794272384985,179.50602164841743,311.62537239971556,1237.342966413566,5.457089651309115,4.109977095631408,8.241803945381953,0.9404943380229508,2.4642485726067243,4.436642937393137,12.287830952059833,2.4730489657355307e-5,61.344042408589274,246.4667309438425,43.42373773215157,65.07231023094491,47.695617510765146,105.21972797344827,9.951981881833365,15.33334724251638,20.34670900852832,25.746364300216936,3.283112533814226e-5,769.5640475217,1786.946410821844,436.28342089603217,132749.1178413033
t225,22364.63355149503,2057.279847748341,17611.289524000866,15630.604150340549,46544.7431685201,1596.1852986494032,1016.1455355050443,284.5785640468161,2282.6368197377565,73.67087521339666,0.0016062987273492836,0.001766568034206637,0.0026304513513009014,88.63884396176654,3173.60907701619,18551.407779807916,688.6027390716075,1497.1605615333515,0.0,29.53548931845059,730.4651055384485,216.57699683762684,331.07333868945096,1276.0562441516204,4.033324434320432,3.043492048460438,6.059966734248396,0.7017345770825227,2.3617325954833923e-5,2.7745950643362518e-5,5.651203945325173e-5,2.527503777403919e-5,57.83647217178728,232.08167214990377,43.23204123643837,79.73352862642405,58.67219224255082,128.00636458350087,12.47417589565758,4.452671040962798e-5,4.846495826105469e-5,8.233567641704723e-5,5.56422792421016e-5,1222.6678315705412,2017.0614689847582,707.566027158018,140618.07017103548
t226,22364.633536090925,2265.119830477207,17611.289550117537,15848.38037427882,47080.40232899856,1596.185267110852,1724.7022631006405,389.29744846313054,5035.789496203913,89.1074562002961,0.0016050777319062228,0.001765646933844051,0.0026861354838752165,88.63879603701551,3325.540147606072,20561.70038622391,709.9357215723561,1678.8893277053758,0.0,33.54146808374258,794.1479002561374,253.64794125108304,350.6357050567735,1314.6838319109668,2.9835599915452553,2.2546555342469063,4.478941446875587,0.5158150028788955,3.533346971970687e-5,4.2094613949589376e-5,2.7606635135499796e-5,2.9068573806784506,45.25877167808161,173.7911710658268,35.26100687856461,92.46767274656493,67.7894459697897,150.88983651833777,14.231418598348455,7.014290924678917e-5,7.364503971704057e-5,4.19350166893068e-5,55.00010951205682,1470.6474728977885,1788.6056120772284,892.2740913473992,147915.63156300937
t227,22364.63352248367,2472.9598124814393,17611.289534484957,16056.986026246559,47516.65042898972,1596.1852356062561,2277.878949706844,467.7921133010758,7853.967220493567,97.50440040144385,0.0015538240807806193,0.001715448206386221,0.0025242464125993817,88.63875672404248,3492.479608689429,22500.43943311979,731.122664370463,1869.8542113396807,0.0,36.926550262026936,858.9332521097832,269.399348476846,370.2552728272528,1353.310034166168,2.746543847897413,2.0760305039525186,4.118638051844055,0.4748247497907041,1.1921180230400443,2.038301188118743,8.457229310024571,4.70638303260343,41.79648342717511,137.79211773199472,34.178500784403596,100.89691542424892,74.2721763092673,165.17709587941798,15.8282000857363,5.600658158690647,6.076797135290875,27.034009523215122,115.46262904240186,1721.6478663457156,1055.7191200752961,1043.0179446995883,154457.5227531294
t228,22364.633509830597,2680.7997942949723,17611.289514000673,16280.59438273392,47820.45553686522,1596.1852033605762,2569.3737444645394,523.2103228259363,10341.890369550418,103.89371272610607,0.0015170432705292301,0.001682021115235779,0.002436694032864872,88.63872049967199,3689.8303488435763,24035.53602480291,752.1030679945654,2063.1753486840844,0.0,40.05663846223305,927.0549442922394,265.20461200586044,389.9892379278702,1391.9841655199239,2.52674728113871,1.9091310659913159,3.7844117396288413,0.4359984978731416,1.8398094254506285,3.29942232619821,12.305987574288247,4.946404999479204,40.69182164251973,48.37155918037344,32.00045973795945,110.82207786586336,82.25373219720227,175.5550019975408,18.01845041923999,41.1254043058731,61.751976892635824,325.12993736829975,188.5129252138176,2133.320014968417,80.90781502478607,1377.7270709778547,160283.14099614674
t229,22364.63349718084,2888.6397763505356,17611.289493836466,16474.931395786112,47878.165979128,1596.185172163719,2964.955175764419,571.4443018885714,12727.181062199106,105.53683504990184,0.0014913152893822458,0.0016615652581685285,0.002371671906354352,88.6386867629385,3920.3425749597664,24158.406476937897,772.9374318172257,2279.429078499468,0.0,43.51256635369622,1002.4615772838958,250.97839343179052,409.78040699162443,1430.5784108068535,2.0678902982928933,1.5628196126466185,3.097706638540059,0.3565837184888302,1.7866241747136922,3.238038360956899,12.115106925701285,4.224694852253628,32.353214963626606,3.065917263461741e-5,27.43438257603031,99.18591853569295,78.0941042258461,146.25210095890196,19.45580059921826,70.05898220855543,97.94526525305969,740.4552037064054,249.26856159330893,2328.380436023182,3.654226048228288e-5,1805.4663353012486,165262.83365547334
t230,22364.63348358606,3096.4797580196364,17611.289474368667,16660.583136451725,47878.165938591796,1596.1851397113905,3205.588559473264,614.3449899879687,14459.500289736205,109.66314336746164,0.0014784948305119796,0.0016549850814252664,0.002324197393604658,88.63865505897081,4212.746159024509,24158.4063591497,793.6650345948939,2496.4956253856617,0.0,47.81863237908179,1085.28368241742,246.52779298022566,429.68597653113346,1469.165135702236,1.646522177082401,1.2409783845699363,2.4708779463924984,0.28192643178475024,1.5071572942962028,2.7383744096514877,10.337189784762353,3.445454878786042,25.836510277340295,53.26724628724544,22.621004146077244,81.52425676188557,67.3783078763364,110.11257826617258,18.749900246935784,85.77830522050942,109.75965588867467,1070.1411948548096,321.61596237080755,2375.187511618382,1012.4268349253826,2024.316250364432,170027.25642460765
t231,22364.633476885036,3304.319739698382,17611.28945980153,16831.67752785004,47878.16588974947,1596.1851149101853,3529.2688571570743,664.8379148281743,15676.52212907243,116.1243715911318,0.001477121017363303,0.0016618078250843654,0.0022913690862206852,88.638628898534,4736.994182156423,24158.406306650777,814.2465996700724,2713.4014736946324,0.0,53.17254845191549,1172.9073787856328,254.65916044770614,449.6487460762678,1507.799787686826,1.3175117106439704,0.9970671298295988,1.9797781152514948,0.22689774160582626,1.2523744402322927,2.197477287826516,8.396897222501265,2.8795127379690766,20.999856884071786,47.62341380277956,19.112500832011335,78.70791568684407,63.70274121853212,126.31607362108221,17.40551818253388,91.51729816583124,81.60292706357563,1083.8806224265072,470.20235162857,2781.4156672201657,91.34535156337434,2120.7150074074884,172636.6994864494
t232,22364.6334688086,3512.159719181822,17611.289447758412,16831.677558992196,47878.16549866432,1596.1850945459,3796.59759342978,728.3906631632809,16362.944457979695,127.68566599677655,0.0014893944740452813,0.001684012102472051,0.002272480503952065,88.63861180564469,4736.994182589927,24158.405203611714,834.6821237449058,2910.7092266610935,0.0,59.1238006069261,1255.8467598619325,271.3889567891732,435.5090496526818,1469.3687837301832,1.1533845628296244,0.8758823960446894,1.745023695056175,0.19993790359740474,1.254899724530865,1.9150108777206918,8.405845095285061,3.1012946880682386,21.52113782037253,0.0004817390324455856,20.29405254693017,72.33949661391775,55.76471477207024,154.7654415111561,14.025620999402541,90.89984311670737,39.02899606205121,465.9735764600839,689.3252212228044,3227.7906428451006,0.0007632987681391977,2299.2979741304844,174200.08055554403
t233,22364.63345875518,3719.999697811888,17611.289440171287,16831.677567296094,47878.16444740259,1596.1850716964861,3939.9898006370095,805.8031002638623,17348.78298311927,150.6139047504393,0.001512654316641053,0.0017117839897039925,0.002252498481690775,88.63858940666526,4736.994152304992,19634.595968405585,854.9715140481096,3047.9353108235623,0.0,63.29998467524427,1309.3115914008392,274.5998847987846,373.9506365352118,1305.7108661771042,2.7942284361893835e-6,2.6737268304703447e-6,3.057049732416824e-6,2.1419458546294606e-6,1.0450269875159242,3.487374894385126e-5,7.8299783665383655,3.4752726054161958,21.008264364063656,56.709916817813685,19.913254057886427,5.033758090515254e-6,5.141196907775317e-6,4.807357271097328e-6,5.047035661207167e-6,60.857414190039705,8.41716502584711e-5,229.2487051751542,976.7131903443769,4794.954778186345,1319.7151897223112,2760.147414548223,174188.77200252438
t234,22364.63338775211,3719.9993644386764,17611.289307518105,16831.677538536518,47878.163267904325,514.6439928295378,3939.9873262654755,805.8005515332563,17348.779923414575,150.61085205534386,0.0014622031842153372,0.001510198701073568,0.0019616467812979526,43.773601839798495,4736.994071985413,14591.324840876232,786.5042308519622,3047.9345033328977,0.0,63.2992582816795,1309.3043798215426,256.1362786545725,265.03066627332305,1016.8981030089333,0.00022486012254433125,0.00021849526602467543,0.00023877370314623637,0.00018550659614047983,0.00022871785965616076,1.2860680438470877,7.2357517856590094,5.551301812923543,23.510920756559628,80.48393883984872,21.69705076831525,0.0003510680540606104,0.00036313836830107133,0.000402413602558067,0.00038126711310318206,0.0004518301642829317,18.35643796164179,347.7584739375386,1312.914383253776,6132.292470973839,6596.047737980881,3893.486897452257,175723.41486086082
t235,22364.63331434967,3719.9990182065962,17611.28909353028,16831.67754404905,47878.16210538002,0.0033428528885447884,3939.961452714822,805.7774124582802,12838.980408905727,83.41844725003301,0.0014061480119537469,0.0013330417508750157,0.0016795324462927197,0.002753786931801626,4736.993969914847,9508.284040194447,717.869016250532,2845.5939239679346,0.0,58.04493441388754,1242.1006343033303,214.90857525300333,203.64385516346653,853.2803282931577,3.52610633257698e-5,3.402051037590595e-5,3.7180594730990495e-5,2.8901657818428435e-5,3.43505246314443e-5,0.0008641730342449157,0.0010382017162345904,8.700988156413409,26.35939442139742,0.0006801478376423511,23.250370367249513,9.275230163380644e-5,9.161990816091308e-5,8.473122434729583e-5,6.9266528522502e-5,8.56486589086128e-5,0.0017893869099465686,0.0023761925201505316,1593.4064566201814,7247.000286830608,12810.216035935158,4940.172289371424,173103.74175349856
t236,22364.633287831308,3442.8666943139756,16264.068562071263,16831.677568716306,47353.90246854079,0.00325309480598086,2438.6396298288887,539.555464841181,8213.012524983278,0.06736587328025757,0.001285889427457977,0.0012513734526518922,0.0015793999805613584,0.0026126906590292842,4736.994008601673,4058.732395465436,737.6983206639068,2441.1568488056464,0.0,47.530521628546104,1107.7002614062178,150.88922906624313,189.84736832928064,814.8087802051706,0.780588771975004,0.5871637151542275,1.2499467051690194,0.14138744908067125,0.890313962860189,1.688090078412593,6.120154328447649,4.398087429729017,23.62622442569745,0.00010835535756288997,23.765616521265127,23.486254705097366,21.983474240561577,68.07775143767365,8.33675411446376,66.63396882051998,130.2586426505202,500.0787486840841,1227.6095219933195,7429.736524173667,18512.124349360936,5830.385665148547,165615.75062069326
t237,22364.633268642046,3442.8664503901723,16264.068385353927,16924.146913319895,47239.986235268436,0.0031869336499694,1037.5664703558566,273.35164904928064,3587.168433919202,0.060230501797453574,0.0012238277189892343,0.0012029950592485324,0.0015148509335902692,0.00254625226231585,4736.995031449821,436.510400374059,757.3824221166464,1844.7767052862453,0.0,33.61581117167851,929.0236238784107,109.66027537453644,210.3249414305691,853.3246437055604,0.0002646243099517791,0.0002582162313816432,0.00020844377927322326,0.0001626857455518296,1.7358445007208643,3.156104693705379,11.356493543189453,3.486239718336667,30.757198296544328,215.79804900864738,30.03513358286653,68.55816449686837,51.94700268000192,102.80756210652692,11.874221969707174,121.22015600738987,236.51765907814487,900.9312274523988,872.4885795392806,6976.508883791474,22714.55075633578,6522.22647263462,159921.428209854
t238,22364.633258029997,3442.8661980566994,16264.068250367689,17108.93149787116,47239.98565420895,0.0031093247894309283,0.060647631005452604,7.149305196405532,236.318189626979,0.051361884876331705,0.0011532466947077565,0.0011431340075568307,0.0014352457967041342,0.002454983923734768,4736.995946561921,0.001483876242198951,776.9204876550218,1450.3973718836678,0.0,24.927085238278348,762.487876967122,91.22264800439058,230.91691232204647,891.9027618303945,3.47701048901309,2.625378495131192,2.583887180264167,0.29286379877828933,2.324521500520267,4.372604739759267,16.19976269829777,0.12395381846815794,37.24218315174788,456.73003864167913,38.607468406872684,123.25137683026011,93.3880906148788,184.8247245764951,21.346251394832972,163.01261796572672,317.8364666857878,1218.2538721199478,488.67508601914875,5553.428113004944,25988.986684461965,6057.130812416857,156404.56000215944
t239,22364.633248508515,3442.8660072352013,16264.068152433743,17348.654038623583,47239.98561963983,0.003010890941338586,0.008183521648007596,0.0082613974197735,236.30444497217812,0.04616405575885,0.0010887689580425066,0.0010845659099754943,0.0013570504053170228,0.002372141214925495,4736.9967434785785,0.0014177768654108239,796.35877536884,1257.8697843695986,0.0,21.484855199523874,663.0669950468359,91.22358948231377,251.56608004917697,930.4795435765312,6.592097084090851,4.9774490558241595,4.177510669363425,0.47190096924862135,2.7963984116589904,5.164606705450711,19.75629403628288,6.279052960589924,43.700893192327875,454.28543614897484,44.38472044940786,160.1629708360659,121.35600080231855,240.17686114007145,27.73870807206868,187.97027957462757,368.9411189946798,1427.9621059877325,462.5626548225527,3796.9664105336115,25325.447663839284,4791.494933754582,153148.99688619442
t240,22364.633239171275,3442.8658652539953,16264.0680629953,17580.906962438243,47239.98558754587,0.002880739212208158,0.006856624932630787,0.006971159189356824,72.31340349246156,0.038994258749791164,0.0010069034563794982,0.0010114939346496225,0.001254045788759956,0.0022580789201039025,4736.997862760064,0.001330623805157479,815.6510236699912,1262.0935082850199,0.0,22.348187834169217,630.8416528733579,96.0416508989126,272.329649871018,968.9764422148762,4.329123481438536,3.237198535107282,5.68413824374724,0.6345458808476294,3.477130970566107,6.558668489988861,25.923209817952074,11.704887530163381,39.578561345083735,301.1719054850711,55.10870564396232,186.5127127064156,141.321132431971,279.6909925399195,32.3020107928088,203.6022320047997,402.6132795434404,1574.0516879485654,517.0934362853535,2688.255551329556,16486.313564026674,3885.335465631997,142624.615803898
t241,22364.63322737296,3442.865733891278,16264.067970940974,17753.2025511178,47239.985550738726,0.002642845313535728,0.0015079538555752318,0.0014979767206593788,0.0016009850531684133,0.0016260712031675561,0.0008505669884267301,0.0008564665949174634,0.0010247102197962342,0.002047624635600545,4736.99891094942,0.0010828073359882972,834.7972322319048,1257.625892213323,0.0,21.48406357430559,630.7594238178469,91.24964539997838,293.15041878451274,1007.5126024159997,3.801907867964538,2.8708175538216527,5.702876979570931,0.6594727991749869,3.4915305881026213,6.43998294842336,23.122039272838734,7.87541749053984,26.864337358895188,260.00985184766455,55.24139370219702,201.03109218857804,152.321612729221,301.4629903683418,34.81626817992019,184.20871866893296,340.7988308944648,1220.833616920929,416.03908357642024,1922.6949503029084,12029.573295220305,3261.5004768979534,136399.70852581412
t242,22364.633243282165,3442.8657179877564,16264.067956298873,17951.588704411333,47324.12736347304,0.002626373494313459,0.001470447863658128,0.0014621858666852912,0.0015451298639069593,0.0015677806204142401,0.0008256428070574923,0.000832427057088057,0.0009962642641941227,0.002028809812033856,4736.99999057914,465.0695791476153,853.7974431962103,1257.3824067452535,0.0,21.48405235197385,630.7594076217698,91.24962446483349,314.0855880753605,1046.0499595424735,1.6837391482338218,1.2713859492126243,2.5256276621812157,0.2920485086542108,1.5462877640899844,2.8520742838631628,10.240083236397897,3.4877873255509813,12.739705466765043,79.98188397160513,23.448473435508117,141.87155186034104,107.49632124154492,212.748319693224,24.57051721818507,129.99968706559872,240.5083905059532,861.5661628664132,293.6069089266227,1308.136055511612,8142.267197787829,2307.655651255858,130674.67025292473
t243,23016.094546572698,3442.8657536792434,16264.067992671926,18149.151647580013,47588.902761290134,717.6149010477669,0.0016582598698547805,0.001640789108090576,0.0016300880618925991,0.0016647419390126042,0.0009129439230375781,0.0009409916510237287,0.0011231308327241947,23.481422491381057,4737.00101274934,2802.394847175001,872.6304082226713,1285.2479697903814,0.0,24.418648623907693,654.2692709479871,101.68128432950353,335.0779578032723,1084.586228246024,0.3953240101973929,0.2962553058667338,0.5909877862650735,0.06757242718157815,0.3607153297141118,0.650337515355422,2.3594300295086765,0.8011074130409838,4.4789620795435505,22.873702898077262,5.181930386037555,77.6018791314545,57.523478655226484,121.65411722679978,11.957464806142674,71.14446873555733,121.86656606217521,490.18532999034414,151.01070708491866,812.1862606245553,4598.366111755285,1359.6178302911828,129010.66676371107
t244,24428.908746838955,3442.865791832687,16264.068044596004,18349.88733682472,48007.39208272534,1528.3591660263899,0.0017695493078777548,0.0017448925265801686,0.0016851863969931688,0.0017280766155870363,0.0009779704429112202,0.0010197803792698767,0.0012152007340120322,36.234122936468495,4737.002017797756,6243.07763877919,891.3173334341942,1365.3875647057368,0.0,25.742911270723727,675.9297085860695,111.03825815661055,356.18472794554094,1123.091630193339,0.1548239414103477,0.1174325658081266,0.23553272996218652,0.026745534614374695,0.14319756108532694,0.18874478974743442,0.6721575363958199,0.2313191955981478,1.4646176342595612,7.448677295740344,1.3222092629478701,43.63160218866328,32.721552319090755,66.23851557819178,7.374364532133026,39.891634189811334,71.5121356352612,278.35258173597754,87.26925091553805,507.42321955207706,2310.7232806767374,626.4023560234941,131670.04317470067
t245,25861.826051365962,3442.8658291358715,16264.06810209938,18553.2777420782,48498.172773162805,2340.563052826776,0.0018320634262338363,0.0018063040065672172,0.0017134547659522247,0.0017642519439832055,0.001017079404853295,0.0010699523731194716,0.0012711286033439786,43.11199024376416,4737.002983472647,9529.376071600807,909.8582186112277,1364.8883347095073,0.0,24.492774677436277,668.3939997318951,120.53770960518582,377.34869854674224,1161.598714608434,0.7457207347255707,0.560855558961843,1.1188023276284498,0.1282496469076133,0.6831753465050318,0.7304312340938396,2.6065586771875715,0.9055578727960635,4.222842492566814,17.29472689110184,3.3036203995967637,28.849601667746615,21.93241930332278,42.97542785024432,5.013820419210207,26.450152870151665,41.48632816374865,125.19651268332696,49.53659977618012,270.9392477658089,982.3930493307876,75.7536112771217,135600.22083300087
t246,26028.878108113207,3442.865863374396,16264.068138234592,18761.215991598598,48884.74080564494,2626.406450414794,0.001862323044308231,0.0018331024421482656,0.0017098494523442058,0.0017674021234027185,0.0010332230644161497,0.0010915516097508844,0.0012986412604350606,47.74516605484989,4737.004018807236,11102.435179268605,928.253062693345,1256.896430078987,0.0,21.472159562218593,630.5984714409918,140.29401923404208,398.62706960349647,1200.107275299212,1.7564892080062702,1.3260789105644997,2.635246914083279,0.30386028101631557,1.6130524582231058,2.1444682367923296,7.685020971436922,2.6237120812844807,6.624360869091515,30.654676530965727,3.2959592978043335,33.944751258245404,25.719808157912695,50.90352645945804,5.878318571303922,31.10421857710261,47.061649942870446,160.37078148441705,56.70334059447703,206.29162487100749,700.1501269334008,9.241889792426258,137859.6517679184
t247,26036.86016146814,3442.865907254732,16264.06820440718,18957.586360101253,49337.5204585994,2644.555718757846,0.0019011374793065276,0.001867477403061762,0.0017136983501514543,0.0017746312354934928,0.0010611137107260564,0.0011216825201116978,0.0013358324095131841,51.7596531934628,4737.0053681643485,13116.148523659649,946.5018671608753,1256.6519641224086,0.0,21.47140867175574,630.5975014836629,177.4738418399914,419.9626415163636,1238.5849693465116,6.447872982094112,4.868779547344667,9.671898511321624,1.118450180248851,5.921539168592318,10.92201368543835,39.21422400484127,13.356452318885742,37.129474379525156,158.45569482040088,2.4136903484897503e-5,55.023510524253396,41.69136306597046,82.51253940510402,9.52934950128095,50.41912908148761,93.2790059421281,334.1511423091844,113.87280970792358,296.66963084051486,1163.4259911105855,2.9563915285411425e-5,141807.3062501086
t248,26036.860156075843,3453.9987385408567,17184.544574049418,19182.082811664543,50015.76534690133,2644.5556631129575,76.23052687349731,0.027328779881003438,254.57299017757663,46.146794003817114,0.001292862529193131,0.0013987816514891434,0.0019134983402285836,89.73559691766076,4737.006802795223,16535.587203038183,964.6438595109163,1275.5720360348737,0.0,24.077640627588092,645.3964487075541,214.6546241182767,441.41261335507534,1277.0526104503451,5.905076437944372,4.401015971335964,8.618935701623233,0.9668627479448731,4.572009520620242,8.347318648248857,27.112428527090827,1.5571887639002055e-5,57.04275417224754,238.8256526674776,30.574986473576754,101.98031786455613,76.74188312432803,153.21699242886845,17.20627289111121,35.92785413381276,61.65720515715285,106.23986539403211,3.113232475729362e-5,633.1660128480684,1806.5519653429717,315.266494322459,148794.25092195763
t249,26036.860144618528,3481.1797519504266,18020.62217079859,19419.516945822474,50753.07277197483,2644.5556320569176,295.0863340294492,0.0365957258091144,2179.933182576636,81.30779147634934,0.00147195708454513,0.0016035764758722958,0.002296366995236286,89.7355700356937,4737.008430329575,19871.370358038792,982.6398106670433,1307.5992175608594,0.0,24.544808499351145,630.5168814248565,251.83540934042898,462.9769854965693,1315.5191630637494,4.955449695775807,3.6591956991914723,7.5476076558357175,0.7886411086416039,2.71484348615434,4.94150242427388,13.334364489481088,0.00019759590945873346,53.97201940187916,215.0070916933795,39.385844995877,160.11837612684602,120.65439755798924,241.41649682614332,27.122200848397252,26.60995516234374,37.544792761805866,23.942258291926468,36.99198910258178,853.8356618180914,1647.21596823877,689.02998924082,156796.71217160957
t250,26036.860130275374,3514.680355350858,18083.799674516515,19642.223384234665,51390.63429867377,2644.555626294613,490.63325328844365,0.043768757028887405,5196.935140620873,113.14256575491822,0.0017147705198097218,0.001871833000044913,0.0027170483473221824,89.73555433010438,4737.009969107077,23020.602369801916,1000.429223539857,1260.9536620225329,0.0,22.543069172675526,634.4199842529663,274.59981372537,484.59855784031936,1353.986894802261,5.2514676656259445,3.845846374063102,8.230437010468389,0.801089567036314,1.4305169469320202e-5,1.66957564704501e-5,2.119960366998397e-5,6.05547585890768,41.81499219742252,127.66447356290777,32.57601199542912,215.68590397713146,162.57813864031385,325.37087510482047,36.5591818764099,4.057918907488031e-5,4.735560923794164e-5,2.8495082443088835e-5,156.7796668068631,989.943572848645,572.2137627665754,799.6293324119238,163477.393997309
t251,26036.860119449604,3564.1595978459095,18083.799657594584,19840.630721747442,51648.52587722714,2644.5556472502562,624.6244173416554,0.049642389941015094,8028.056194247805,150.59764879609884,0.0017043904388898909,0.001861175265804991,0.002718107963882829,89.73557965342813,4737.012077794668,24158.406508900876,1018.0725973337097,1256.1651746615785,0.0,21.46520875651325,705.5195135762524,274.59992960149515,506.33453125264674,1392.4357909012915,6.17152698118155,4.660119265021979,9.257319667873823,1.070528995113916,1.430427384157663,2.6149650505493622,5.378444986490591e-5,12.783676126583545,34.5235321070769,2.6904064730241114e-5,26.452566299177537,273.95343663982266,207.57501030357724,410.8161782984847,47.44563226079214,29.32397591243086,44.72695353510329,0.00010061311659624341,293.9399686146716,554.4616985734266,3.070848872844377e-5,751.2660815690118,167494.0865295908
t252,26036.86010729648,3719.998481189907,18083.799598744237,20015.925903893585,51648.525838681875,2644.5557000161657,1677.2261250022602,0.06446257610181637,10183.467987022352,150.60160679367485,0.001692971364820844,0.0018498639021546966,0.0026933834105771328,89.73559153118407,4737.018409857227,24158.406454796634,1035.6092118499084,1449.229491494797,0.0,24.90293300457701,843.7346915296398,274.5998547457482,528.1277077496279,1430.874616931378,5.922271465562418,4.471902925197057,8.8834426286574,1.0272812204113149,1.9264397328668246,3.4463175568699174,0.00033793640966770823,0.001680318216608172,3.39911880021842e-5,87.29637535180439,8.104197923126759e-5,325.1811159818315,246.3903219221407,487.63636526140886,56.317701606612815,54.146232021575344,69.90337025867794,0.000935681473762794,0.004088647596696106,5.926438890383254e-5,745.447191202904,0.00016499256049850198,170831.27472193635
t253,26036.854635110936,3719.9986033989403,18083.798809278316,20015.925904275853,51648.52579213345,2644.555663234055,2297.3637166852805,195.686421287903,12485.29006419306,150.60424695170346,0.0016638239450161775,0.0018189538650776403,0.0026612493749203292,89.73557053100883,4737.018417715251,24158.40645708761,1001.2522868611737,1844.1466026416465,0.0,33.58792269047547,1049.146432674687,260.6056705071434,550.035205493341,1469.3120537046057,2.8531921590965252,2.1727578156344682,4.198960294962281,0.5103844026367972,1.8093993829668908,3.227453531807212,6.5321068857955105,2.0427438651448995,15.160440082097377,110.52132615699455,20.5921257080804,267.1405600286872,206.91539511644885,390.8707833526318,51.20311969811717,87.92832300602815,176.94560397582222,417.61493509358854,135.51525500538094,976.2804803853282,1294.9669476001282,1424.9701004610815,178071.8290144921
t254,26036.854591109888,3719.998753795531,18083.79844527572,20015.925900657145,51648.525745628496,2644.5557095932854,2959.1220399372214,390.94922438418274,15414.491269011289,150.60777155612067,0.0016803712333892506,0.0018355047167627197,0.002673647839266265,89.73559385771598,4737.018520992013,24158.406527885283,1018.503808083111,2441.1593349177497,0.0,47.52620771358823,1203.1187334402148,261.107083665599,571.9999088864329,1507.7999836917184,2.6890586823530787,2.033121571897552,4.016645463044938,0.46881892077440745,1.5576144812545258,2.333604917129098,8.972668052771342,2.2736664782686615,12.117559332690496,98.85068779145881,18.291357146960745,345.4620399415814,263.47922692376187,513.8435816341948,61.313489249030106,97.28505399249129,77.08664162566699,545.228723672582,52.21485440704302,2106.128420864453,463.0440021360565,851.3078746562157,182631.21005554777
t255,26036.854546444723,3719.99890717552,18083.79812719424,19325.950073757216,51648.52528028076,2644.5558432403604,3745.4265774440473,580.4734550651672,17348.780709318435,150.61331934578914,0.0017689822263110154,0.0019253081561953576,0.002760724547648933,89.73569738151271,4737.018551088752,24158.40658023699,1035.6092895725294,2845.5953158250322,0.0,58.039777890885205,1289.8135060856291,274.59998471307404,571.9999091454888,1507.7999843565865,3.419150892556289,2.5818067954442454,5.128728567058077,0.5931148871097519,1.2667788641519353,3.479811092928222e-5,8.985512858737641,7.718740636076475e-6,38.68654816234493,90.5719052343848,0.002424307365505022,437.2965784423783,331.34044867303413,655.7628261204411,75.73494338269361,103.79669795910603,7.235310312448183e-5,681.540819150646,7.947786979161763e-5,4129.160306246774,787.3939766463757,0.003378761616099937,187206.86803087775
t256,26036.849746924418,3719.9989071873365,18083.797868122398,19325.949890127427,51648.524662974305,2644.5558456347085,3939.989805531774,805.8031051259603,17348.782988571453,150.61390973378806,0.0017720496572846023,0.0019281290477608628,0.0027637484139986456,89.73569976240236,4735.416523869356,21967.69921586516,1035.6092929779616,3047.9353156219877,0.0,63.299990596859615,1309.3115975006408,274.59998954705947,524.5811105947317,1382.642831132782,6.198342253684882e-6,5.899725619222352e-6,6.612681036030494e-6,4.812803449945286e-6,1.2920406743843351,1.4877804103161816,7.494387687118405,2.384771137172037e-6,28.854472746716716,98.65876427785588,13.005453657427434,197.0966034033547,149.34047375673433,295.5628512355317,34.13496609702998,106.16716264975702,58.17999349512113,1177.1842862887202,292.48945064523093,4713.238161273924,2917.4913313181196,686.3004613444505,188913.68342819976
t257,26036.845172084373,3719.998903118383,18083.79765470177,19325.949717122345,51648.524191976125,2644.5413448883887,3939.9897995533315,805.8030992229616,17348.782982737346,150.6139045500118,0.0017359620321251961,0.0018869754864814876,0.002746168185259592,89.73569300231303,3890.4674152748175,16881.645075047756,1020.589268929374,3047.935310669041,0.0,63.29998781637854,1261.5319511180421,259.10957123694703,429.8007129181395,1132.3859115299638,2.1440608609156437e-6,2.0610538299431807e-6,2.2261086634710485e-6,1.6795665416291166e-6,1.2740009864351265,2.1152922203302964,8.441931937150123,3.752323026818529,24.415116838437225,96.48212971862993,17.377806288969218,3.7052416370062806e-6,3.641662059466248e-6,3.6781265344478347e-6,3.487013271825824e-6,104.35267536608458,238.83785918269697,2063.1464856059933,674.7995853103962,6180.538834537766,4165.449952127038,1547.3463031169358,186909.68435549006
t258,26036.840577273248,3719.9987662204467,18083.79741209491,19325.94959565245,51648.523614516605,2644.5324332433606,3939.9857347161715,798.5468848363885,16914.617116353093,150.6138686929874,0.0017190191319180707,0.0018668169846518647,0.00273978542151454,44.86780221687647,2957.7724107855483,11691.800855583184,916.8124498949236,2845.5951488502155,0.0,58.046106741770814,1146.5555109004488,220.83093558335932,287.6015170513526,756.9134439722272,0.9611348996516583,0.7187360241437427,0.001756550688213754,0.0016591175704409745,1.2088226541366627,2.5608906884067966,9.28493485667339,8.219413374911305,25.62638794537793,89.85595024557497,17.89870240830598,206.06626027606487,153.28261893773458,0.0026570766188367093,0.002409526731382222,85.76681642709809,411.58429859435944,2520.043318884386,1122.221665480382,8962.202240706236,4535.023648930984,2806.5630384100186,185149.30587281712
t259,26036.835942154514,3719.9986025251774,18083.797111503834,19325.949454184276,51648.52297932834,2644.5324350531964,3002.6635561831013,532.4668646177803,12288.655338842254,150.61361106168346,0.001702256690478983,0.0018458745710088242,0.0027334571429222013,44.867929020536884,2121.8922188192737,6429.163045212376,901.5003644704938,2441.158348052503,0.0,47.53836771115957,967.0671973720466,159.7623858859157,192.3635467373825,471.9674963424326,3.031281783259552e-5,2.903146471805162e-5,3.076968901985073e-5,2.3425344508414933e-5,3.164504090167388e-5,2.781348612294151,10.13732967982691,9.126186776224516,27.56224722916396,0.000279456159445398,0.0037074517110431025,6.694094841360581e-5,7.907915855607777e-5,8.194484594579504e-5,5.821891366941525e-5,8.956216076563383e-5,534.1701766582412,2490.602012865919,1468.709032915207,10271.479740415141,8895.34672646016,3311.153960897517,178232.3963470146
t260,25470.48484938664,3442.8624441957936,16736.568657436746,19325.94925988725,49438.06455335702,2644.5181829385424,1501.3410700025163,266.2442838278675,7662.686887262383,67.26309436914129,0.0012172214354211524,0.0012457448246267727,0.001457778244247272,0.0013550264221088785,2121.8900530053515,1607.6350400427125,797.4707239527341,1843.576855874526,0.0,33.58702574021306,787.5788791452588,114.15129128372463,144.65877418863477,312.2165779215098,0.8798543548108771,0.6887961231208722,1.2992574186039092,0.1759067578125937,0.9552265192850538,2.913203338224019,10.59302505414375,7.387513449548376,27.776163150400965,6.626644119854783e-5,33.500493618813216,18.096393297377787,17.81591513036496,136.6630759173725,15.777919925630814,83.50491014805937,595.900499753827,2155.8572882876956,1557.0606280133175,10205.667021909127,14737.126276284944,4858.641974837178,168787.03518914556
t261,25468.7364646219,3165.7262952036385,15389.34021546336,19325.94901647586,45173.63037846067,2644.5181801028666,0.018619521345852874,0.0217411006271373,3036.7184759948145,0.002103251271562412,0.0010988878388575555,0.0011680473432702772,0.0014413088094709602,0.001352917791460163,2121.890051935944,578.4591409338262,781.9058418351142,1448.0920631813474,0.0,24.88958324101834,675.2064000422376,91.35945607000014,144.54440094682818,277.6119694798526,1.740816792896304,1.323635562861499,2.9608015703687642,0.3320087942914236,1.8417916396655678,3.894247699474763,14.610818417875516,11.57367811610878,44.95322168547031,220.17269074770618,48.46788919096211,85.41826619661937,67.63868019066355,244.96264471622482,28.28179679858047,149.6769803051358,638.9152283608655,2177.5209494011656,1514.3000170631258,10049.244700891273,19064.223977860136,6052.932586840527,160773.61288786633
t262,24851.261977096918,2888.5902393435567,14042.11195035648,19325.948937936955,40909.196521032296,2644.518130411863,0.018361456020120365,0.021577775445402004,3036.718229210759,0.002038403247147287,0.0010723235243950907,0.0011376756378528774,0.0014000610754907428,0.0013296260190700953,2121.8899698495197,0.001788257000906025,798.0071615697976,1254.460477904202,0.0,21.446038615846163,630.030718240265,91.35941836133513,167.1956006425996,315.9492438487301,2.3893075786551448,1.805169100533609,5.21930230297844,0.5162961887519557,3.02531505572057,6.148747342706962,25.55707653306465,9.442536020952685,78.1655628538496,465.75899990535703,100.7990753961026,137.78664991970965,106.22644096752343,331.51061896343975,38.27415886039785,202.56050254423488,689.2506200691475,2423.0560841670617,1178.1046390117078,10719.402250254454,22431.46599397735,7012.285125649047,159067.48379266183
t263,24851.26180550875,2611.454364854876,13470.24631029717,19325.948936394503,40909.19649366708,2644.5180675843953,0.017824937484230096,0.021262050819421025,3036.7176284824704,0.0019282656026495047,0.0010273037411443282,0.0010870627952438417,0.001331821822333737,0.001283402427874014,2121.889933819734,0.001752653408670916,813.9624410754825,1254.217027628742,0.0,21.446079046962417,630.0307671733449,91.35947781432439,189.96120034440676,354.3280478188996,2.1933771544800837,1.7437687799590722,8.061252617531856,0.7799851808657832,4.626255265648422,9.271671970039908,38.537328121112715,11.97839068397074,111.6195911325879,302.8672873560989,102.57811447902644,171.13613906991182,130.2145711767951,389.89611549571225,45.01398778456784,238.23534035555176,718.9317919522356,2588.7585495352423,881.7314187659324,8320.99362040981,23641.546964774156,7186.183411618825,157233.48501268929
t264,24851.261787638738,2611.4543075730667,13470.246293984586,19526.61079419423,40909.19646650963,2644.5180703052847,0.01636684835822625,0.02044861006783992,2115.116676040848,0.0018233292019983532,0.0009970943248195428,0.0010522528917660816,0.0012787725262854849,0.0012457749192608515,2483.955390579731,0.001683175976346453,829.7111812539628,1355.2604869467273,0.0,21.440409307893056,629.9506833578146,91.36038905738134,212.78400005248454,392.71749806644135,2.730080833133667,2.0613758628808156,8.952648881263743,1.0309096581488446,5.477334651107517,10.108438607856543,36.312036313277396,12.363275795896122,56.204997803989585,284.7850893989598,89.35522864981964,196.72295025493236,149.05721989937194,431.6469516072977,49.8326088043009,263.74514421564766,487.98798282381676,1748.1341601984177,595.733292644444,4906.003730453853,17151.468495266337,4822.407553986827,143457.75083733865
t265,24851.261774410857,2611.454255178677,13470.246279052983,19778.69599891796,40909.19642287631,2644.5180861668314,0.0057728236706018135,0.004079157979992185,970.8987620394751,0.0016191423696637044,0.0009399514354613592,0.0009843957110542787,0.0011780734123994058,0.0011657755230398993,2738.439066221351,0.001499520092317886,845.3531614396408,1253.9737298592988,0.0,21.439909980422403,629.9500336473728,91.3597211978908,235.72119976382604,431.1055628997218,3.9348618712622234,2.97101186546538,5.902651092434324,0.681765527530355,2.5880931870068418,4.733573765542902,17.309307847756074,5.805200882911473,30.597537775627927,268.2323946837115,41.30524936674657,211.6094586075985,160.33650790700597,317.32674754657313,36.647084541876296,168.97536530210633,322.57569859195416,1227.7579896900324,388.2770467269139,2872.7472991537948,12416.065662169494,3189.363800202114,133179.37551079824
t266,24851.26176140338,2611.454225898379,13470.246270223357,20047.940513648853,40909.196394916966,2644.5181030499757,0.0021091623880830127,0.001876690377672134,0.0018682263543914755,0.0013651914758178434,0.0008657189130599031,0.0009006201771733012,0.0010510155920091103,0.001057823617312265,2946.2417079762295,0.001362168364320567,860.8491013956124,1253.9735805991502,0.0,21.43975732389173,629.8688741544955,91.35948159457851,258.7155994786185,469.4543906183386,1.713038396645938,1.2935038224343514,2.5695915185250797,0.29710972022401494,1.5731952668479923,2.901724696724852,10.41842883355511,3.5485119218199053,13.798728366071021,123.84648870857326,24.32339765989002,148.94931840498222,112.85913525840377,223.36207797754435,25.796249534026185,136.48517660457904,252.50707815163864,904.5489660134368,308.2546378302376,1810.1303562783485,8636.263023912134,2463.8070036853733,126275.77896146108
t267,24851.26176652151,2611.4542163242154,13470.24627031401,20285.839314057917,41166.34095802109,2644.518381259246,0.00199442366016619,0.0017863275591837127,0.0017454817941425717,0.0013069042165157303,0.0008498988535850561,0.0008812250810707346,0.001022285717600353,0.0010339495223045487,3128.4986047646366,1581.1419187894653,876.199001122144,1259.1563685307042,0.0,22.647180279194487,634.8395649760679,102.68955127422238,281.8243991951692,507.8043976006601,0.4567365975193205,0.34336994224040185,0.6893297132210894,0.07807892632585685,0.3698581187815255,0.6981925839793767,2.5414228682412876,0.8606262501829995,4.752854311239323,28.616027537071865,6.0470793056988255,91.56254874241982,68.70322475713084,139.14661407251555,14.523735975581078,72.62833978175433,143.75728071016076,556.1104020595305,179.06370166882758,1059.3537257917349,5055.634847420984,1557.2874092379857,122407.69791989982
t268,24851.261772709662,2611.454208309715,13470.246270258087,20547.317838532323,41741.252140749275,2644.518697947743,0.0018489291967346603,0.0016601562599936844,0.0015804862033673636,0.0012172625705368467,0.0008169650794774149,0.0008435860812262379,0.0009723475419424838,0.000988594892566343,3316.1215837096665,4838.106826416644,891.4098412829825,1253.4868758387672,0.0,21.433706904124854,629.7882004982492,114.46584598583597,304.9903989098489,546.153019168576,0.29578807819871644,0.22325404588219908,0.44388432417485535,0.050997311521867886,0.15004582127992444,0.37041351459443844,1.33437019849119,0.45414106888573047,1.563535128498696,7.832274586367082,2.897771411231708,62.52625186525665,47.376183951450734,93.76353953431878,10.828627644471704,41.24785008944022,92.3569215622834,360.89123003708346,114.80039237843849,593.4281208997552,2599.3158665082206,977.5043595106822,122791.67297501984
t269,24851.26178298104,2611.4542032788254,13470.246271597927,20825.225198340693,42628.28947761114,2644.5192594030896,0.001684038749315717,0.0015098480252289537,0.0013761984227286612,0.0010920565047885442,0.0007512734395251618,0.00076935980516171,0.0008762781040430811,0.0008991530398123626,3514.709931316358,8144.959784309694,906.5139214454265,1289.716758252346,0.0,22.630681367396782,644.3357651102781,126.85070128657969,328.27079862248115,584.422053248417,0.7905896322629502,0.5963736826575108,1.1874091957565505,0.13653536337786423,0.7077243821201536,1.4796632743209106,5.313275954104572,1.8095341295761382,4.640515110131483,18.036998037460123,11.152530304981704,30.977158907828617,23.434316045938633,46.68569547344323,5.320551843945442,27.47778678587761,63.92374818660282,228.99298887176232,78.03666057373432,285.963288900751,1152.7945250934054,575.6496847738887,125158.52310090173
t270,24851.261796262625,2611.4541987044977,13470.24627430627,21106.800871004703,43334.20178103939,2644.533201311415,0.0014479476112722496,0.0012868912326322037,0.0010230641892823487,0.0008436312584896235,0.0006475738366135261,0.0006820368681561077,0.0007631508256142241,0.0007925830887319461,3674.492469077189,10379.186889587423,921.4719613621259,1253.2430566145163,0.0,21.43340122131489,629.7069068349359,148.1466053674899,351.60839833315924,622.7300522971804,1.8107115694370328,1.3672644450871323,2.7160892916055044,0.31407897150936537,1.6629001929799456,3.0671510504171446,11.0122716578596,3.7508017281926014,7.351543129901389,31.5305104390858,7.0279787096115465,34.86939886463854,26.420593692641535,52.28962692786686,6.03895220479738,31.951502293423452,59.11252631787685,211.75724080502584,72.16317614118726,204.44870481199968,796.7621130495478,345.6781086216693,127933.62859511953
t271,24851.261819664545,2611.456121415734,13695.514442135365,21375.710022107927,44318.68145039561,2644.555471711177,0.00929401887667125,0.007584455858967079,93.03659353258718,49.36555219518609,0.0010535817336427959,0.001141637640391252,0.0015612152011975598,37.97533413232381,3849.291995250892,13344.342326801792,936.2234619754062,1253.245289841468,0.0,23.545610965076907,646.0050062591674,185.437259915744,375.06039803853866,661.0512623209613,6.619049854207438,4.997428900885554,5.729665030279446,0.6400991325033235,2.6462036272000002,5.006712562833494,20.95709140471791,0.0007103961863664154,39.57650863031959,156.7169286264994,4.4393526524692566e-5,56.75430155402505,43.00239881829823,79.25375039548904,9.074006622659674,29.915633144979168,64.57271651926762,297.9298381393663,0.0012009316980860648,308.8237390621994,1041.1678219125572,4.464083475886922e-5,133125.16594786936
t272,24851.261799316835,2623.697542831606,14664.137617626673,21710.84877019762,45493.84774692405,2644.5554852633313,54.735783424776486,0.019737642182902047,2687.110865738411,98.35772523401309,0.0014240086055410872,0.001545562975740251,0.0021839538564246753,67.7248963041989,4060.6880341331494,16806.846070442884,950.8289223481078,1261.6504205702963,0.0,23.694045642970472,647.9580161397114,222.75537530447406,398.56959772826724,699.3710869521456,8.150193486612928,6.106365561113104,10.410119312993693,1.190544329299908,2.6918874203033254,4.981547691727558,17.328991706969227,3.496061621048062,59.776188686984405,238.79216386874774,31.121695094731376,107.79454515489049,81.56954820217632,160.65484541848363,18.532804664274558,26.70047705430211,46.00115695458872,92.08076188113631,14.367757442066914,578.4524794230585,1674.3592364245167,373.4464569964857,143526.67052168772
t273,24851.261780984183,2749.8948223207767,15627.435335606033,22079.694599311897,46610.10586323543,2644.555535014646,362.79893171368224,0.02645645561350799,6173.172452535042,150.60146951730565,0.0017302131839636481,0.0018870753436364027,0.0027257763367182224,89.73565590474713,4245.2703711896565,20213.32805371529,965.3276227330799,1252.7561966761045,0.0,21.427178156787516,629.626133687989,260.0734834787035,422.19319741135826,737.6600447507611,9.04614409337376,6.830752385572007,13.569237694676307,1.5691990136619876,2.419355801428698e-5,2.825518796963136e-5,3.482968529273747e-5,2.8128829473777623e-5,55.92753260073094,214.76421594042566,37.28159859562325,168.74471315626167,127.85817745983478,253.04685214073763,29.22468991623858,5.256730778807879e-5,6.217259108153397e-5,4.100628156894116e-5,6.951799830718437e-5,753.2460708587294,1570.4172828413216,582.8011059083491,153911.2794407409
t274,24851.261763265284,2947.0867846993733,15627.43532464023,22486.041536090783,47443.282067210734,2644.555618845069,821.6783226560349,16.858573288038116,10088.570570459564,150.60441494775367,0.0017012555142257928,0.001858410857436977,0.002696627682560419,89.73562204818057,4536.959221222926,23042.950901137392,979.6802828991808,1252.7561289408393,0.0,21.42076201399707,654.5714695060394,274.599862635334,445.9311971072078,775.9392468789887,5.595411761528407,4.189692333621004,8.532670056184433,0.9364543615564372,0.0005199482873224365,0.0005930189234711589,0.0008728628703990812,2.8926576620076654,32.091202020030416,131.33258703788292,25.938575832281952,219.0458698555715,165.46675864444796,330.2923893600243,37.56344361153008,0.0009601110036986079,0.0011972524064346886,0.0021272276060804946,109.05520990903256,174.7680598031549,657.2783362773748,475.52780117221937,161532.43931690653
t275,24851.26175025818,3115.4010616369173,15627.435303091243,22620.203604187438,47740.704449908546,2644.5558000220003,1648.6043862213585,24.875701916027385,14003.980638312503,150.6088287606448,0.0017366491066213986,0.0018957614886562805,0.0027379674835435208,89.73566602153639,4737.018516983061,24158.406515644663,993.8869028454225,1446.874726089517,0.0,24.872758866726514,746.6317669620887,274.59993284599415,469.7263967758682,814.2196282886533,6.16721425588779,4.656862333309762,9.25085155924768,1.0697783474256308,3.1156634114492954e-5,3.52929576474803e-5,3.756464102898676e-5,3.5131411267378375e-5,1.4751118317388833e-5,1.8330307245505705e-5,7.524507404200247e-5,278.41706452067376,210.95712234872352,417.5097287307135,48.21871935045706,5.857552757776569e-5,6.675867370056841e-5,0.0001543126914549967,7.298664495254972e-5,1.5360872807432623e-5,2.575925496811936e-5,3.626348468622715e-5,167159.85872495224
t276,24085.013249957323,3115.401192225831,15627.435145439043,22620.202606873423,47740.704415457076,2644.5558433370043,2871.027437550245,250.192467729281,16780.744706115198,150.6122358910557,0.0017685775565431648,0.001925299562592081,0.002760893692516057,89.73569739153622,4737.01844651214,24158.40644057358,1007.947482556419,1843.08993890354,0.0,33.578620998849985,905.8881848302228,274.59998493084606,493.63599645398693,852.5476417965798,5.914508449826024,4.466056331486486,8.87176513035906,1.025982771118516,1.3115711129837984,3.766141817548055e-5,6.346362189848926,7.48313581076769e-6,0.00021966160562457069,101.49412529545107,18.101348072655934,329.28649010884635,249.50100001838774,493.79265542547626,57.02878859929881,33.21101334652845,6.0240083563995986e-5,63.10457980223102,1.1683503596752312e-5,833.683036142663,900.255354862703,781.8850645670277,174171.62422925065
t277,23313.294714951735,3115.401194434279,15627.434982188443,22241.167257855905,47740.70438438505,2644.555845530681,3734.386819732003,475.5220837383567,17348.780119819723,150.61282155809184,0.0017403586325286237,0.0019276827126869672,0.0027638043088218053,89.73569954981653,4737.018450235558,24158.40644886169,1021.862021980644,2441.158325244575,0.0,47.53836295539881,1107.5594435415762,274.59811506946096,517.6027960955796,890.7991355401375,4.840112605333668,3.654540220167255,4.226740025918012,0.4830794622670473,1.61388090136561,1.5068992168187895e-6,1.7938177543162003e-6,8.95445654206879e-7,19.109472763059344,114.87910989817004,24.240295363861705,364.7974540794068,276.4073604118919,348.0466472487051,41.31136446257492,66.86733223320844,43.66000409881846,572.0066798712643,1.4610733575455598e-6,2658.987613507641,2276.1271586626895,1711.7431845847714,180211.14749117265
t278,22612.99844196133,3115.401196683952,15627.434796547292,21226.3196116352,47740.70434174977,2644.5558450028993,3939.988481962606,700.8516149015172,17348.782013625165,150.61335697288106,0.0017439849468388613,0.0008561754689338852,0.0005519459285331163,85.60908342618657,4737.018550039176,24158.40647825394,1035.6092928333949,2845.595157651583,0.0,58.04611786601677,1242.0339166593383,274.5984470083395,541.683995722521,929.0492438534448,2.2458475746623336,1.654825841918778,2.670230944946694,0.3002946445533697,1.4526459815026402,3.1428923042893855,11.284122683105755,3.843416337096038,31.07027921166587,109.27660001369811,23.461283876614182,273.42218285458983,203.1364857156728,268.8696710731145,31.207153085144384,87.54842532584117,204.6531459215635,1148.727452274017,196.53656415066965,4520.301427426243,3622.910608801817,2535.549096511144,184298.56778901676
t279,22088.565801540914,3115.4011975362623,15627.434610904755,19505.765345010936,47740.70383720014,2462.3036720115992,3939.9898059718143,805.8031054500143,17348.782989038107,150.613910055185,0.0017724557648104188,0.001924410785784958,0.002699829410212082,89.73568029835718,4737.018543780358,24158.40657673487,1031.5322137243995,3047.9353158204945,0.0,63.299990890259586,1309.3115976704912,274.59998998938636,565.822388448204,967.3498459459972,1.4452994137841129,1.0869812621003387,2.0673224945032755,0.23504510200339415,1.2750788717451607,5.895859419263071,21.16827515214164,7.209997393125245,58.43883111804693,98.01907454730923,20.460568325001162,182.48057568295496,135.59694996907962,194.67982037910568,23.19674169256416,99.31436384098363,385.20298994473376,1795.5055947048409,416.9474869749026,6619.045831984569,4890.465924078659,3324.280350904047,187314.40177797398
t280,21696.727224516442,3115.4011948567927,15627.434421115951,17785.211130112206,47740.70337612416,2348.5767986435385,3939.9897961784627,805.8030957091812,17348.782979492924,150.61390016997075,0.0016975447092047056,0.0017804732540409125,0.0026879951059347565,62.518333446476156,4737.0184044092075,23022.75260669924,947.4865532673736,3047.935312766675,0.0,63.29997519747638,1309.3115253475567,274.32275319333195,542.5991819131578,951.2765741606609,1.2086318460299534,0.9233851443727396,1.8147872751806506,0.2078287871224507,1.3410999577049967,2.452174341913553,9.780471087705516,4.99683311839543,49.782067838808246,103.45804877457302,21.870145741477497,99.90352899357292,75.5686370023208,115.49539429917725,15.150036344656163,111.07649368008735,595.1838478383185,2634.491691985814,711.4127699101055,9351.004530327165,6451.345293700902,4037.357304232624,189913.59630556186
t281,21367.07270126087,3115.401192397016,15627.434236710316,16064.65691891319,47740.70315673103,1441.6324239721162,3939.989794621897,805.803094177066,17348.78297803158,150.61389852360222,0.0016599790824612507,0.0017618360054096527,0.0026887439084226465,44.86835871420214,4421.394978578959,17842.37171817109,780.5644957873601,2853.3298143930742,0.0,63.299986228610635,1262.8272789448731,258.80751668439007,471.95717597732005,810.0458531882517,6.4636964514507e-6,6.219372885277925e-6,7.204458712165711e-6,4.971532132359604e-6,1.2825932949907408,2.3992979834331654,8.522896003011379,3.731829216432183,62.73714460140711,98.56457339207434,21.67634527888381,9.663133497864114e-6,1.003989870945911e-5,9.341489821296212e-6,1.0715706626032933e-5,116.4604478339405,630.5342982892337,3331.998477493047,1093.7318781540425,12201.002347199887,5989.225860459576,4645.515364523363,184618.94710090844
t282,21066.127599152762,3115.401189364973,15627.434057386046,14344.107702408344,47740.7029235662,360.0885474066696,3939.989794152608,805.8030939028848,17348.78297654339,150.61389781867754,0.0016348056015062448,0.0017480698490578955,0.002690185429798394,0.00044805561279107926,2704.0044231834427,12596.020539068038,527.9414765955142,2456.3841312087598,0.0,58.12521851276045,1149.0652800830142,220.67160672752087,353.95357085665916,543.7156623215961,1.985180839237156e-6,1.968291266914612e-6,2.048760378949754e-6,1.6574339033509588e-6,1.18598999529667,2.574129339918521,8.785236603548638,8.16082156699089,35.96963574606814,88.91278291941032,23.35913955190507,2.5331523533079698e-6,2.7104540705104667e-6,2.3811202901942175e-6,3.362096647558192e-6,97.11209257517565,685.9563504705632,3824.9808325976555,1539.781856918056,14318.254000813737,5536.454138148983,5112.251491585923,176392.67872885606
t283,20742.6583329619,3115.4008673235844,15627.433858365845,12623.559546725723,47740.70261606049,0.002232917028046482,2501.663742617147,632.3468075534657,13937.169792686253,121.59327798743224,0.0016172912524447065,0.0017303331347123699,0.0026847094043825274,6.199272989270236e-5,1717.3925454704906,7305.608590974833,363.7832162770089,1857.0982625089812,0.0,47.696555311023786,968.7673632458936,159.84465751671692,266.15145726732294,402.53404648996485,0.8842495650926929,9.102485829712653e-5,9.525555273592852e-5,7.634899155718993e-5,9.35353707736547e-5,2.7947408363195505,9.698276396746028,9.015551909933682,30.233950484604794,0.00031839681349701815,25.08167909966781,53.8958543628715,0.00032383683407182244,0.00017771998801659707,0.0001186324034486684,0.00019045980224417758,700.5264359508277,3780.884973885506,1686.2188691161382,14864.31584781502,8470.518117707505,5615.381378807038,165380.8652757355
t284,20157.220241511994,3115.400456608946,14371.618273570957,10903.011812495619,46113.43292042554,0.00223318259628689,1058.9427802572368,366.1251238070166,9311.20148475227,38.24162448336096,0.0012836057330908826,0.0010273714593951378,0.0012567206732678879,4.951877284436763e-5,0.0016071550811943632,1856.0540734985848,288.0897149834903,1453.1483430695191,0.0,33.68193494956336,788.3884901441523,114.26106092253382,195.79547864783723,277.3867332349366,3.06592605666197e-5,3.939127394131128e-5,4.293098873707911e-5,3.505692125325203e-5,4.049141033382349e-5,2.7873650777866636,9.648071790425572,9.481399738409245,30.230297129507512,8.464179740950317e-5,26.66997808256086,6.800269362194205e-5,8.743124525297327e-5,0.0001278778862291346,8.973525022029912e-5,0.00011943364972475014,620.2893862209289,3579.6149617390906,1653.4664425824058,13448.14817216755,14283.158889012213,6416.396038184901,150521.89977229602
t285,19424.826258146317,2838.264266310379,13024.389719230581,9182.466535138114,41848.998751234685,0.002232543503885419,1058.9287228264104,366.1091671268852,5376.406027410396,38.21750352908708,0.0012464476349346991,0.0010102200761422137,0.0012539124355042425,5.342059666047667e-5,0.0016016669382808324,1389.7787923040082,300.8004687871767,1251.0516321902885,0.0,24.914883014477596,675.2064058476163,91.46926160093055,172.9726966185324,277.42569196880163,1.147146612221777,0.8805077065084711,1.6984539592320667,0.20278188962905397,1.3350554847436278,3.5428967933731212,12.785387885713668,5.939646300047741,44.05929379803407,218.23941150573532,37.956997264137684,30.88172774509956,23.356805767016127,32.8291309314252,5.8375641700045975,52.21847478575945,577.3316098029679,2959.273049429879,1351.6037577059085,12199.829239790206,18601.57440123952,7121.81710263852,140626.57462470155
t286,18462.856812661485,2561.128076677946,11677.16121236605,9182.46617424609,39732.17503153302,0.0022306670396289303,1058.9286583125327,366.10912990452107,5376.405952214074,38.217488346822776,0.0012446955764688677,0.0010093824748050198,0.001253202319560756,5.863998091533594e-5,0.0014848603394437537,0.0021792072238774776,313.40446916912407,1250.8081294542505,0.0,21.40172946858737,629.1401585257266,91.46925938913668,197.7402962399336,315.6551915081413,0.0002104672076985977,0.0002035696804368695,0.00021659793714823435,0.00017143457356700895,2.243382559210068,4.515746602278161,16.568909908352136,5.953691441736077,76.88344921769446,463.2089742399383,67.97584893413753,57.05695039332919,43.232407857594644,85.56138578001847,9.882395585907675,95.27555556797128,528.4430868978895,2477.8500220439782,1048.0841731796397,11337.408985812619,21983.28363424771,7678.730804947748,137257.23743795956
t287,18462.856770463102,2561.1274423457744,11677.161075999924,9182.466099082889,39732.175012475345,0.0020691110684684893,1058.9274984668382,366.1081447752658,5376.404491729375,38.21661834108492,0.001189936177100912,0.0009858566833260566,0.001219525306324785,0.0003042110786478801,0.0012370704398767304,0.002149135792088864,325.86242958895184,1452.6613252599104,0.0,23.142474724059486,650.270691967336,114.26105433051491,222.56509581079126,353.8836024743995,0.002647345438390058,0.00257268389503681,2.8270004019270147,0.33075897670112986,2.5642561383843705,4.839760253737151,18.045977112878237,6.05466068643698,109.74456579467436,268.45017066263085,101.34387710387914,95.5618144122112,72.40753816347213,143.30282781475603,16.55080275027775,120.58016814921045,479.3766408252947,2236.904110492609,776.898097961861,8114.064976167903,21748.508404481767,7106.388242986035,133022.84885404812
t288,18462.856756045614,2561.1272444729425,11677.160980565279,9824.553356952152,39732.174980492135,0.0020258311835770694,791.0953559982353,280.86404380653994,4144.296956570062,38.21355867566344,0.0011331151051005583,0.0009613820973528717,0.0011850702162399902,0.00046511547600628224,844.38065021205,0.002070059028457224,338.17434976808477,1856.3677274059091,0.0,30.137117145501435,738.5978534165342,151.6615703526898,247.50429535388506,392.0260268779512,2.6952288174108414,2.0352362102129833,5.321447968429417,0.616908625282332,2.6034659541327723,4.7121649569679676,16.790010681899584,5.790765629952212,56.760601362927495,204.80574095716327,58.34128692303583,123.19874193631316,93.34801485710842,184.7467087214521,21.33699366758493,133.80647766412017,324.2993648871725,1164.3669716439776,453.04704046445346,5023.062782784528,15007.622832919895,4503.156490330828,119503.66594264921
t289,2796.8584743628226,0.26755008057847907,0.19053561856693968,13284.835624140533,1821.8800955929667,155.4292709807159,0.014004389191162063,0.012168704970608317,156.71339765361606,3.779717404262428,0.0012928634152190692,0.0014088800863790625,0.001990080084897863,25.73382232801173,772.4203818975658,0.016443294251609473,439.6448736954734,1804.1074760535632,0.0,34.82009304639866,873.2664818038911,168.08440207522312,331.30208392125235,448.08964597871955,4.677124431331319,3.543657616250095,5.674268350653008,0.6518432461822709,3.479530264105318,6.351264714430113,23.547487618978913,7.813216964263734,45.24120210709081,253.23973706100804,53.73588170010555,191.0705611784261,143.74801637596062,281.7325380603172,28.699636656193054,164.27510572580732,323.36421307358574,1260.1848975257835,401.5901096320868,2755.7484146982065,11485.972532912065,3311.2905509206007,43873.1030256796
t290,3027.0660943083876,0.267991325908644,0.19181961357272842,13432.275822590624,2819.374272508431,672.4806176707962,0.016232187291443923,0.014409948661079449,632.1024350211242,5.236393965910133,0.0013322137438963252,0.0014558566045162853,0.0020905446630044696,45.59399157704362,909.2820580510559,0.019363885909802488,622.4289207927586,1758.026411809406,0.0,44.03264979969531,1030.0475517955779,201.4925381294341,397.25663097617155,546.8236348206887,4.80410614614909,3.616793213746065,3.5136640041574263,0.41565270063183557,2.1790894133237653,3.947937989119999,13.737654186248044,4.823432048836303,34.66088241226066,168.5181233391551,32.002971768180785,160.04472808611706,121.25499960701259,134.8905620026032,16.815105415249505,83.13820990097022,151.26495780841344,528.24238883666,185.7604583356941,1805.2993667947292,8114.71793337548,2031.9005966531054,39749.5843334313
t291,3315.023373179119,0.26842186397009427,0.19287987265956957,13572.97141460436,4342.53906263508,1111.6904538919816,0.01726635313017935,0.015539694732825503,884.0964281014107,6.17862965648881,0.0013639242576863571,0.0014873072845746568,0.002146876549342178,61.48913483754529,1034.5240244666334,0.021073211228895137,776.8145903953072,1763.0702628711142,0.0,54.861697973397575,1119.9698247024721,240.46868021614782,441.11986941951983,629.9420587739196,1.9639076625892795,1.443404864236564,1.6710396855883825,0.2107253352808859,1.0622458252902869,1.8719901594172832,5.291712548693909,2.246024607457621,18.546468352745602,88.85251816428097,15.758951490342579,110.65614289235303,83.39752553490221,27.5322273651281,9.282150970776925,24.134049674035786,27.313440239521075,23.05118891269685,27.496421058841946,1195.5307223762934,5257.361098118984,1250.681759650146,37530.635400317915
t292,3635.4405194828582,0.26881346393357486,0.19369612097984815,13712.0587210818,6131.64049249084,1552.095759410559,0.017671357736828715,0.016078253988077808,897.8486753971645,7.078266349839941,0.0014008393254400866,0.0015273069726317156,0.002210262343823051,70.3372466501972,1144.6428580156291,0.02193239786386691,904.4617754157159,1927.0580035292262,0.0,61.43267946001294,1142.988108491663,264.985694783925,465.5971664808906,676.3536351865639,1.5471481159744396,1.144861043635892,1.095781203333625,0.1316416508504742,0.6810946936140623,1.2292839378925913,4.019340332429169,1.4985549413745884,11.957143807904046,54.82175200884157,9.668896434537956,81.79097252453967,61.94940957614028,24.74309457149231,6.411283286337793,19.741213769928198,25.207305527733695,38.554324962838095,26.85805799597888,797.1897916242609,3359.264088926396,814.2688553582386,37938.316828524315
t293,4211.9841315783915,0.2691653103854823,0.19438416781811166,13848.355518514256,7898.696513978591,2121.0728213190837,0.017361746207013588,0.01596858773597528,908.865140185765,7.76995884728167,0.0013905650551323063,0.0015127292115194992,0.002191212378665484,78.46103005519815,1236.7209948589775,0.021859170952791454,1005.8571076897798,2141.4136532737693,0.0,63.278468765852956,1099.086193036907,274.5986707035489,475.7537569079519,675.2563843784515,0.6605387328446088,0.4919255120168038,0.730869510634116,0.08809055061306041,0.45173863288978194,0.8109145979182141,2.777403305844092,0.9984548780038114,8.845872537116726,40.66938800478833,6.28566262959944,42.94182237177056,31.28276777404848,16.296103884393606,3.5598194189419172,12.289611268576166,16.65505129229699,29.143490769550688,18.11422569054013,486.0246015439216,2073.1494150000317,318.9126398741304,39158.87458536402
t294,4472.789749019521,0.26949266524888105,0.19502058733178831,13979.744859777404,9579.601222051368,2644.5496432689997,0.016497756252828708,0.01538510662850796,918.2948924523589,8.355831203646803,0.0014036753561304394,0.0015214455405817057,0.002214131602217807,89.68821766344718,1320.8680416712712,0.02110629156225848,1067.597447307205,2155.184318129448,0.0,60.18445534697395,988.2559432758596,266.26261136910875,477.40040363962544,623.8092027556365,0.033529562581413146,0.03238090477583052,0.011641924442263231,0.010990465147352203,0.003092769595472316,0.003074983383352501,0.0034075740390015034,0.003100937097016632,7.996095566409121,39.41094120538563,0.0015103344702236876,11.002672766970846,8.342393569201658,6.963579712573544,0.815789685075924,4.248884360738605,7.858602966058283,28.14321270899215,9.592694440651124,265.52005515315454,1240.4202327573769,0.0026441198971743664,40283.53000905942
t295,4472.791810016737,0.269737336323356,0.19531389450838535,14107.810433583618,11008.130097166119,2644.5540105806876,0.014313811552485801,0.013742205300750295,918.3186066233507,8.378679297490907,0.0014266317162496284,0.001555452280608297,0.002288228565680644,89.69511429146422,1399.8289601699123,0.01947107197843301,1067.5995011246844,1968.3487198918438,0.0,51.87248442569262,810.4114580058589,235.2181138109002,475.2155727485534,530.6408540814989,2.321643490985232,1.7563352463691646,0.0007325526189196688,0.0005534016778376323,0.0005578806345885439,0.0006098630452908008,0.0007524372839195,0.000620701803492247,16.594474377441724,108.2303490363509,0.0003277402605747133,18.033858017320384,13.666970006274209,17.513414489112584,2.02265279381958,10.699880700812054,19.79674778613946,70.92159990930485,24.16757607606898,190.22617789333535,1119.2096132683373,0.0005004841371868665,41404.49821260378
t296,4472.790937215886,0.26998719700224866,0.19205548509643536,14234.472454368368,12143.115589403273,2644.551499325484,0.010277906618437398,0.009956606628810956,525.852970776955,5.94022911680301,0.0013869289059280528,0.001505446664272553,0.002172338095413586,44.85357771382391,1474.383234449638,0.016385607910764547,1067.5964767440246,1766.2782637433922,0.0,38.354703456031494,675.7748771297724,181.43733050284285,472.05582249251927,439.1470102207496,7.402670540796102,5.589363586917685,7.647772913939279,0.8845430573823088,4.682100983757241,8.63596537461586,31.006485148571244,10.560860417796869,40.06417422674639,423.9131217581473,0.0028539151456158152,30.338938317354156,22.987326024536795,35.98747232554706,4.155945332262469,21.988203828899046,40.68133512194846,145.73723177855558,49.66309266898325,191.0479538591237,1620.850104428943,0.0035682987779518086,42890.93978808524
t297,4472.789419968504,0.27098288090408507,0.1880570889127213,14359.10822761609,13358.961041442793,2644.5488373947755,0.0052959660680739285,0.00502194246700337,0.003173296225900124,0.003060302295467346,0.0012815170663689275,0.0013764210790459099,0.0019127894176302431,0.010777312710548437,1543.3846642578874,0.005829951734665827,1067.5946185513722,1767.737670000839,0.0,30.109468167805826,608.5775092486255,150.52706754203413,469.2416393805311,427.01036437411204,12.819522327203254,9.67992820477542,19.229717833604298,2.2235802241050133,11.772763462675627,21.7148148997183,77.96602495128516,26.555012544321965,74.70915930062121,956.1899264944561,0.004726188524850928,46.352139194666,35.12088797940837,69.5095675681329,8.027153049435958,42.471702491714,78.57757472225968,281.49300971509945,95.92590626820619,285.8027911264964,2875.030202980509,0.005638868356146024,45931.269047809816
t298,4472.787153246115,208.10996498465002,862.1117612696999,14479.17177627438,16557.097757781852,2644.546131926544,329.383607491065,152.81688542551075,918.1561383423945,4.497145613640225,0.0013150573241636442,0.00142640582631171,0.0020432307325376512,0.06649024666116621,1610.9650376086038,1947.5090024447538,1067.598005164057,1859.0894702516198,0.0,27.136934017628896,608.8195545438867,142.46303361254937,467.2534177809983,532.9267240086394,9.519723652630612,7.173576674805641,15.690176662149721,1.804500548480395,8.98812546078668,16.570247360026958,59.572924072404724,19.508053390686808,92.56596593149366,882.0564734005295,0.0017433271531073085,45.49893419079106,34.02123889571661,119.28593294772678,13.793592649871757,68.92884183997285,127.46170984276748,454.18767897089884,79.43582722673902,535.6470078082103,4860.999105250713,0.0022563583941110806,56345.224413192074
t299,4199.558825739997,415.9489885771004,1567.1812774503671,14590.388551611733,19755.234761533437,2215.353581758056,711.2943801490053,275.09807191239076,4010.271626854281,6.429785147040474,0.0013283396360473287,0.0014469570762168367,0.0020854971537924948,0.08696598060044322,1672.9934324274977,6399.053062128193,1011.4559844241784,2021.2325900628466,0.0,28.702965881381765,676.5003515588201,147.71014040892973,466.1189494839455,712.2768324420952,7.007279125558547,5.270849932763689,15.52274630446687,1.7813259827151093,7.222103856032696,13.314264427376587,48.14916920744737,14.240574422510019,94.54928389656706,642.5752200717305,42.70068755759237,60.59580771717645,45.81024833806922,196.97587333323065,22.75656168215839,114.04442827622178,211.05751620504435,755.2083417449508,98.55636527080631,927.3766903054246,5597.529891674054,572.1315427815997,70377.27275843927
t300,3590.479243663622,623.7880224932524,2300.3618578670835,14702.065276747986,22953.371775817846,1784.3224997296654,1562.8974509035734,400.80160942080397,7838.889358367555,7.885532493063658,0.001350174199808533,0.001469092745163121,0.0021067727595212114,0.10081088503458403,1727.7623417276664,10863.676588885013,937.679130369969,2286.4125556778813,0.0,35.525355455050985,811.5386140276504,142.60044260296547,465.9772683633908,892.7027626632303,5.652224946319344,4.246258560791317,19.609382981745334,2.259068394274469,8.210223834268731,15.113010955640014,54.42860546548506,11.487136042556555,87.12146992109656,436.5538545430361,60.67965897161602,84.19309805367514,64.67143843119737,303.6899241402565,35.060706734896065,177.21451782403486,327.9084204974182,1174.187161819478,129.93479559948318,1472.7288572515033,3691.8119433570296,1463.185097601442,83558.79028012924
t301,3298.0938119828083,831.6270544314923,2998.056381643169,14827.156406689028,26151.50878498758,1553.4099631402958,2776.742463171184,585.2964400406304,11754.29852457149,78.42414681623981,0.0013012480859256432,0.0013907960297743227,0.0019315501463618152,0.10987798046992373,1782.4733892523882,15322.211637023785,870.5639774712389,2659.7052370786632,0.0,47.61531937769352,1014.0145860399607,150.62668042841372,466.65333274767966,1073.5843025751194,4.5565054697172584,3.391948154092041,9.246653723320293,1.0751677577660035,11.043147283867428,20.368998530912602,73.13387760132744,9.718379651964156,76.33843874612684,294.7901917228996,61.4109307069141,52.81667829517766,40.6637851709175,64.90177475648083,17.07838346708054,261.06577294069194,482.99089056124694,1730.2080303686935,162.2706925009934,1472.0760209106882,2033.3789982734518,2579.3716968730655,97704.07390451101
t302,2926.6335178386857,1039.4660598777539,4008.417410182581,14939.094488663717,29349.645786390454,1313.279045275992,3689.650568526415,700.1615795534073,15669.707104619887,148.96264361472885,0.0013571182049547318,0.001474728643710249,0.002109113671598754,0.11715754288052332,1834.3564547015255,19773.683302348963,806.9617017084668,2913.329124528129,0.0,58.071596524869854,1179.3990070111147,181.5265549035279,467.2825914006319,1254.9639817131563,4.4744819832274745,3.27542791711943,0.003995831385066881,0.0033869398278392007,7.436855630796026,13.736848680734408,49.29468119048354,9.98799483434801,83.124727937602,189.2160282769478,71.08097968389407,50.41721402208737,38.96004181178581,0.005783876919509052,0.004738955643718392,173.62728336600395,324.1819248045717,1205.3514576823493,170.24762669310124,1932.9786884456703,425.8887898359501,3811.7480105997543,110819.7615868876
t303,2444.444573283417,1247.305036361314,5018.778392585134,15049.706145819535,32547.782773587733,1064.652007457849,3919.8297557921946,796.9784880480555,17348.77759399632,150.60859024782582,0.0014066821837955825,0.0015366886799617829,0.002221577510075499,0.12353864415735134,1884.9520007167373,24128.555386474713,740.8134466406636,3039.516761866021,0.0,63.29816716815491,1277.83144816123,235.26891874913196,467.88144855681134,1433.9364328055774,2.552247697545356,1.6469581604839765,0.001617154275443425,0.0012832244727959683,3.7501497701395556,6.940370210435719,24.486339806948163,6.8365536613269615,70.1064653110727,10.067384034538232,63.868403098685384,7.741422331715934,3.9492406494509096,0.0024565288375846344,0.001929113551874014,88.25766726450398,152.99540932800994,391.52954984002906,128.87801847621552,1973.5009554634337,13.091438212485407,5108.31871491294,120919.57064616206
t304,1599.211033549926,1455.1439881992467,6029.139258826509,15155.212329641534,35745.91971822055,762.6725232545871,3939.989152195924,805.8024524631809,17348.782312360618,150.61316635393936,0.0014916170956595712,0.0016392911775288902,0.002421695163767468,0.12932222930860235,1933.9962943976,24158.405840454867,667.0241568287969,3047.9350115902853,0.0,63.29975616739173,1309.3112042695932,266.3025216921032,468.29117892822546,1507.7996154494565,0.00016897134633167717,0.00016465988650683875,0.00019029987438885193,0.00017510860190361453,0.00017894624619636145,0.0002012970038022405,0.00023599330667517908,0.0007564706121455851,52.18240556894952,0.0003298404037788482,56.87807288504317,0.0003090149616029476,0.0003018573449254685,0.00033921871787665614,0.00029901617439746304,0.00032264911231616645,0.0003494118737506776,0.0003515945516462141,0.0012817638922592454,1938.2601661537126,0.00037020366980123785,6494.126446020115,124956.43980662248
t305,397.26019379578054,1455.1442394503742,6029.139417072795,15254.95814309929,36407.13385634552,236.75630887994848,3936.3395704960367,799.5146349433636,17312.155651016816,138.14742718236712,0.0014163263569096076,0.0015470435156787095,0.002246886411113219,0.12896719760007738,1980.1678442477155,24158.397217477275,595.0596463745513,3012.1537304452736,0.0,59.558825449643116,1273.7574882096062,274.5995859726571,468.3048784175105,1475.3646875198363,1.8748028322582284,1.4286415161509844,2.499120937000442,0.8180033441386795,1.5962413368838422,0.004981708350025864,0.005751953322955492,0.0050353444646402176,52.53482039661581,141.53276558515356,82.65502072237203,79.15022320035607,64.52496070602209,139.33889663744938,20.967559439466815,79.48425089450298,149.8072036885563,663.4783000302598,198.42734896251767,2806.193874375824,2274.1115650681727,7958.335027297456,129982.82191982753
t306,0.20347685293051113,1455.1445174732842,6029.139491018408,15352.162348355307,36824.43760461819,0.01925138858588896,3934.997798875865,797.2588406409568,15643.294820394218,138.14789566240606,0.001382195277327601,0.00151061701900762,0.002181948304515394,0.12845660758728839,2029.8569662034765,24158.392736895774,554.1287098820629,2808.2836610019017,0.0,52.85698313003145,1171.2577361386009,262.66375452589944,467.77459412186505,1382.9978488311979,3.2873994686105408,2.5145528526843726,5.031794715838061,1.8074229505291735,3.102240902462951,4.678487880387924,16.604106580534104,0.02341942400906831,66.8379033182143,246.4465054103696,136.50986424770022,177.79369272137893,137.49531034799566,295.64971621934,40.02722716278877,172.3457595455421,336.4806436894052,1332.2124962573116,426.31529091546713,3372.2268591188717,6333.182665207782,8309.605022942967,134483.33094925934
t307,0.20145829124532394,1455.1447816742402,6029.139440144477,15449.103022459713,37204.70706072385,0.01714917526783374,3933.962553211467,796.1246264595859,12693.693284381685,138.1470301624769,0.0013731899777095122,0.0015021012744417138,0.002168834636951134,0.12777781389528806,2074.0706381709388,24158.389934393115,573.5425455490238,2439.944218508589,0.0,44.510418693066875,1041.6277674325383,232.4876789112285,467.5675102363859,1286.4668669803316,4.332015615352151,3.2855815409087903,6.668423173742618,1.2045417769210387,4.047938024875284,8.277339982378118,29.8424619448265,12.574366554986444,71.24781721187206,292.308372196758,129.76400810145935,312.3127642839126,238.0150267318558,502.55803941301,54.34365389195266,296.10532359217075,580.3884019706976,2205.9756423819176,724.0752172725716,4274.605097022231,11866.36091946583,8789.543101437643,140426.81686108687
t308,0.1989311762474477,1455.1450485507519,6029.139439657227,15544.950793035661,37606.17071905349,0.01118259057362382,3932.9992129546986,794.6897243962783,10084.04857457539,138.1462010456443,0.0013898114898836344,0.0015207705336402015,0.0021958984106954576,0.12708006641942227,2117.440904934473,24158.38790328329,553.9641840823002,2091.456706853925,0.0,36.28349615453089,911.564180430774,189.3733847685674,467.3121386157954,1208.2398550959301,6.0257029900369075,4.571580008417389,9.906528763955071,1.0151668018287592,5.90520984616776,15.574358441429528,56.416600862959115,27.533471251187258,82.15340900195606,345.56318294140283,175.71508689185373,444.45312521306033,336.7847424235139,708.4409641319104,68.51108431770135,419.30015176272667,823.1156168884409,3075.509815363707,1020.3940041926643,5075.302245420034,16739.69711763252,9544.684829844311,146306.2287627942
t309,0.1992539559840811,1455.1453136527962,6029.139530426759,15640.211689164224,38022.9099144195,0.012241696059235611,3932.1754772576173,793.7238422653452,8961.569464455926,138.145364784025,0.0013549060678506913,0.001481190789307318,0.002132592285369479,0.12633925023707757,2159.430612785614,24158.386254722325,553.9452819977871,1846.5185458038115,0.0,30.101554841129918,787.8644129558363,157.31592182638332,466.9814449294315,1152.1869198335878,9.456895764027541,7.086143333042672,14.966472030895156,0.9547453407223666,8.89082112921061,23.46977550586961,84.2921283471773,28.704544729200105,85.38356578744293,367.53511218524875,182.80296960193849,558.6750449862832,422.0682491719156,882.8103537353412,81.66140552416407,523.3822099893029,1030.1805207122625,3817.2914123831656,1273.1753405157222,5548.017302588583,20166.96266691261,9731.070875680402,151134.93290566807
t310,0.2002139602770446,1455.1455879509404,6029.139709892772,15734.660853997253,38466.284033809425,0.013552776763691847,3931.223999005014,792.1992905329979,8947.506224129955,138.14456303296743,0.001336279264557409,0.0014633676533673248,0.002100236745963112,0.12591558029802527,2200.826116171541,24158.384967825517,553.9016136239497,1786.0019914616364,0.0,27.347139788855316,671.6663795833609,143.28773269458154,466.5769927135512,1115.6563231449925,12.79692731407922,9.662415085118155,19.197493942361884,1.0731511439397767,11.753007962667589,21.679187757286552,77.84277302109436,26.511867492272007,83.43839509528583,362.9587333888819,168.85995407557039,623.8861871448694,472.7180414145998,935.5776325045921,97.56808160151299,571.6824531468859,1057.6562965804565,3788.8263227606985,1291.1629033669592,5767.765106357179,21636.729554296126,9525.709340908532,153183.3539279213
t311,3.786642047634243,1455.1464965699588,6029.141443854695,15828.573839046701,38930.89881470424,0.020630926447227287,3931.2221648459677,792.1977099969102,8947.505050922031,138.14375987001887,0.00135319111715292,0.0014829124925292226,0.002138651832494376,0.12696456536472345,2241.726348871236,24158.3839697072,554.713065528014,1816.6320452024413,0.0,28.92663895681839,619.2599998797025,148.33285751111708,466.02432529825217,1093.7636677201829,8.75702005056229,6.566326538107322,12.819374857483202,0.9644084801902587,7.828301661755464,14.466068404057095,53.22249306977116,17.749298256708524,74.24638472311804,325.51245747428817,146.52989013396888,565.5240132242049,424.40975223349574,851.4269683616321,84.46023089051036,512.2873449208057,968.7443343867183,3577.024883063898,1191.059916843768,5690.1467470835405,21278.652797434534,9101.30878318332,152098.23920605678
t312,244.17231277579833,1455.1474149173728,6029.143270057053,15922.38681917249,39414.169172653,0.023086630105133125,3931.220407978956,792.1961979172254,8947.503931513673,138.1429837909186,0.0013826487820731304,0.0015154387172839623,0.0021892262560037944,0.12798285894073322,2282.196781200887,24158.38322025155,574.2877611261146,1793.7331178219467,0.0,29.51964876400123,623.3461148919196,151.359487077865,465.3995771642732,1081.9261954061633,7.0541417093918435,5.226966916153767,9.704112262792643,1.0495234161519846,5.93338937350559,10.945911799484122,40.220377075411804,13.448691443738998,63.17411753673871,277.34231568877163,104.0685833501938,505.9620622708272,382.4894918562851,703.1277052209489,73.84656256463255,424.65637715327483,800.3406069959891,3001.4978040512333,986.0304598520705,5212.759014423896,19316.151731931157,7697.875197803563,147677.29571598026
t313,1644.2016015739998,1455.1483481539822,6029.145140285675,16017.214929416965,39924.6087327513,0.024312920237272436,3931.21868017672,792.1946865099416,8947.502677451326,138.1421078124409,0.0013496709889045566,0.0014786945472639525,0.0021316457925449504,0.12883670367878197,2321.8692963165586,24158.382620214976,553.7171954400375,1790.1411837440482,0.0,27.405809274930025,612.2236878387222,143.48219560048054,464.8273734016301,1076.9154683439285,6.201948124295217,4.682428516422475,9.303392083948676,1.0724981866331447,5.6944548310620196,10.506327033098188,37.73314816315122,12.849114927850323,40.979790197443755,181.75262041881783,80.02915501468452,379.77372905440785,287.75357958345603,569.5043422773551,65.76366239455697,347.9915943906103,643.8166377888605,2306.3493812450442,785.9579615476008,4133.173217289491,15421.390950129919,5750.298180067144,141111.07795720873
t314,3228.9775300354263,1455.1518305669058,6029.154046773444,16114.582981729453,40516.54181856989,0.03505894528929254,3931.218276542369,792.1943296301173,8947.50225978178,138.14188135903137,0.0013444457103779259,0.0014747845849090945,0.002128998913361603,0.13111399289961054,2361.6880994181406,24158.38224101866,553.6833872143064,1791.6108369291792,0.0,27.423943408313704,612.4732491678224,143.57093026943977,464.6411643667248,1076.7607733224118,3.6320183034541564,2.7401925956108086,5.453130791598787,0.6222057417943939,3.332809229822033,6.159180985407171,22.141522227287677,7.534581233673786,26.136687388728024,112.30425702914735,47.08121216117075,265.2960456513289,201.0115528608583,397.8406154073876,45.93368723967041,243.09248846975962,449.754944486653,1611.1906280950875,549.0539034225907,3082.1207423874794,10530.23362057665,3995.854011682575,133952.39073923853
t315,4813.754010557675,1455.1579200131534,6108.705436149533,16222.113359807381,41218.06179946824,0.044773858676894145,3931.2181533111816,792.1942117326254,8947.502269346413,138.14187256405145,0.0013558812118097585,0.0014863764578305692,0.002146514431328807,0.13414097713350845,2402.854889326573,24158.38206982804,553.5989271049259,1793.0764263756191,0.0,27.445397219450896,612.6431855681883,143.67603761350088,465.28946873614603,1079.8100932603206,2.1310938857476933,1.6048687279777307,3.2063674581294106,0.3558185192855201,1.338978722630124,3.6230869577304423,13.059917022130994,4.435281291897856,13.589345469729754,59.61675838100799,27.654840718945998,164.21539730042963,124.42050477594388,246.26660799388188,28.422491313870566,122.42342005173354,278.4042908447831,997.3923149317802,339.87539862716505,1817.6640422365388,6051.752724485615,2453.1994340243114,127618.46241533222
t316,6398.530935681492,1455.1680892360262,6583.681855877168,16340.490395374225,42070.47512149767,0.07698927029736502,3931.218202046642,792.1942127139155,8947.502585209051,138.14197411312034,0.0013856703058878705,0.0015210489617038044,0.002197578282448719,0.1376967678995151,2445.7791903824636,24158.382107610847,553.5960047519893,1794.6100088989435,0.0,27.511733447883817,612.8943196228049,143.75892264266875,466.66384741106594,1084.4276737124942,1.3182475166632774,0.9894698590254452,1.9904043483222567,0.20787450009734118,1.201271999822814,2.2506841344688917,8.150518563560592,2.7583522750321534,7.876639339757383,34.368477125711756,17.1938491272984,85.33992113467363,64.6540589426104,127.99290827283188,14.754303816734945,78.19147059232816,144.69910789239475,518.4524667512128,176.65388062125442,790.0128227796678,2704.42914835033,1259.271191927767,123988.00404043778
t317,7983.307956881967,1455.192551702274,7594.020283470257,16460.167230245075,42998.516474541815,0.10059444506307301,3931.2182953848405,792.1942582037476,8947.503222447702,138.14210937872986,0.0013587085286804143,0.001494962339426593,0.0021582108953670715,0.14133039006357287,2489.0242673038197,24158.382277524703,599.8772514442367,1999.3982151175937,0.0,32.8049127414756,679.0461008029699,166.6366421068917,468.113607362959,1088.3083623560024,2.035416073628954,1.5298793474629149,3.072148120802877,0.3340927614098035,1.86734279269477,3.4730346883943453,12.568127039072365,4.255866330721918,10.257637050753722,42.29740954460905,26.538720529106076,30.436695738948092,23.05442800376017,45.65985185447128,5.247108562831083,27.88290063161552,51.622182246385904,185.01716851921668,63.026178155094186,230.43649446523807,814.4712239834569,442.37163737876875,124009.5564995524
t318,9568.08505741436,1455.606987875894,8604.368175955948,16568.704085516205,43607.14309647286,0.14453080224709944,3931.2184684004133,792.1943933947414,8947.5039129001,138.14232825906475,0.0013505082417673473,0.0014937911955570286,0.0021482021803447345,0.14533341208422815,2529.958997894133,24158.382478385094,649.2160746337983,2149.8259953441184,0.0,36.69738553538031,729.2695882974059,189.3920865699375,468.6308268102464,1088.5116363445532,0.01351800103607318,0.01330461664610193,0.013660591503957117,0.013980499947864131,0.008288909233272378,0.013582773580408098,0.014439834123749972,0.01362387044822026,16.950223807174986,70.15460544045258,0.009714901154885979,14.690747832540655,11.04667673391728,22.262811575432995,2.3405208450972808,10.008793021710076,25.23071144805595,91.9451947945126,30.94456631048226,148.05582261348457,509.8589385329823,159.34271294072647,126726.09287261445
t319,11152.861998426557,1455.6175487613007,9085.891558511634,16661.32015921533,44124.90111291027,0.1535847499932429,3931.218515427029,792.1944697334463,8947.504044514784,138.14248875080312,0.0013657314334736027,0.001491393978219124,0.002168648948543578,0.14830012882395008,2566.8889564325686,24158.3828404973,609.9230818198529,2099.6360119810392,0.0,35.36764765413335,712.5608296563698,189.42516165546874,468.00385206581683,1085.6252804633698,5.518992479222212,4.1638199461888545,8.286906104520435,0.9530618253405733,2.844384705959278,9.36021572421573,33.649365705752274,11.45074501579457,44.33357908245338,173.52172941214113,0.045747799031930554,37.22025387148014,28.115168419937312,56.05285781365666,6.235134304230037,30.65249590238949,63.43074826872602,228.814341623358,77.57937829627605,274.9610410049713,883.6713505602927,488.55400114559893,130685.1877881418
t320,12737.638614285957,1455.623853171113,9303.70722175136,16754.775612021225,44571.16923311156,0.15686139213615807,3931.218382139728,792.1943720317547,8947.503340766489,138.1425235240453,0.0013797640860240374,0.0015082443241388234,0.0021833182478794037,0.1503704095273177,2604.169248499291,24158.38319081329,553.3540668488693,1848.8413255358842,0.0,28.82527738889114,629.5730487056217,166.74882137977485,467.11127274056395,1084.8792905196478,13.041185859901836,9.842036769869095,19.574246806269045,2.2439894459628595,8.183155756267384,22.107504030126837,79.43807995843304,27.04035289270891,81.91317543713676,340.0332958972453,99.5950978936726,79.91501953203884,60.46366367251157,120.08081180366726,13.621223184489493,69.76988802441302,135.81406400728676,488.1288087514403,165.9436245327856,678.3987349693112,2475.103579664679,1125.7842676770442,136290.20680493064
t321,14322.415519831884,1575.6531618233628,10145.267717577666,16847.679731210363,45057.3593723432,0.16226972101964454,3931.218355393346,792.1944128229571,8947.503543334098,138.14255131929076,0.001335960242195592,0.001456784822975091,0.0020961663162750114,0.15365146990028108,2645.132266066652,24158.383845432603,585.3087710171378,1801.340274479412,0.0,27.543224696893613,614.00256924241,144.02908320409978,466.3881031367012,1091.4748165486894,14.002713221650259,10.573050627904133,21.005091357960968,2.427743574935193,12.859481465866171,23.72007382326296,85.17021435332136,29.00467830898101,99.75844848864604,440.23157104014007,185.85935483659742,123.46367513118577,93.54758451017095,185.14667013844272,21.379358654253636,113.13163395264053,209.30531409217528,749.8032034146393,255.50881401783755,1088.1185112617409,4426.127689210462,1838.5998617493149,143320.10286681517
t322,15907.193133759094,1783.4905761028806,11155.62718388396,16957.695732885757,46495.00236478228,915.5705430501837,3932.07953959175,793.4279705560944,9735.235891482891,139.22407957328426,0.0013432490083695363,0.001470450969830718,0.0021272321110786512,38.12133284421803,2683.656984707935,24158.38496086086,705.7896611613323,1884.6873991444877,0.0,30.58677631141495,662.4627406117553,144.12691385267507,467.2503000642231,1112.1279279100875,7.324267934024096,5.523689441250969,10.946504123462471,1.2573622507054276,6.704843919975252,12.332904980699318,44.06325298050608,13.255004737075033,64.39439304060635,301.0305911409608,86.46703417999844,109.48708386398143,78.71647540313504,145.01382607995018,16.128881754335158,86.27751630641514,156.27774431868588,552.8356704056799,121.69833831977458,1029.617579538005,5377.2249219042205,532.7076814797283,148461.03252217243
t323,17491.970752248333,1991.3280281663087,12165.986682049874,17062.56796753651,48786.02946522042,1830.9778822014034,3933.014765539169,794.8092848892462,12205.162375029087,140.48513783360332,0.0013648165496827716,0.0014949645456365554,0.0021613024216153407,76.08986877968576,2722.0132230950285,24158.38650482618,914.8936997390114,2073.5080028361936,0.0,36.85564281079919,773.0523182170047,166.2843950715213,468.4266659834102,1147.5177086015053,3.5095783673018768,2.6405268859106292,5.214701862652808,0.5961836021421704,3.1720476895799568,5.790531449611485,20.40163188640324,0.0036026027446015314,49.04219011535357,214.3097764723553,0.005460554543277182,104.72482254654297,73.73292324137195,130.55864500466623,14.854499086162647,76.0255562321149,131.61025139188038,376.4668390463661,0.005561477343030889,953.3801781531399,4122.9920168141425,0.006076575539854572,155228.40899281565
t324,19076.747928162047,2199.165483670571,13176.346147243808,17159.0905720368,51117.93704471186,2237.2220370957752,3934.0318217823046,796.3380014681042,14605.810245386925,141.93617345859784,0.001401742995433236,0.0015363579488934568,0.002220319449206134,78.77682596983692,2759.5817421423576,24158.38838321047,1035.4041574282912,2361.2733157255443,0.0,44.83728872718237,941.5032268465552,209.6700063389868,469.24422950565685,1196.9555690604748,3.4034663309903266,2.574184603546575,5.0914706876859785,0.5877354998864402,2.9893484591614383,5.468487394402652,19.129608726724516,4.090245146761087,53.73462488389427,220.52929811087228,23.95404303557439,94.11459443795624,67.97127947432061,124.78130371472777,14.984445135605773,68.96901874701967,116.26229106470262,267.4302207915541,54.83020883096426,1002.9897821532174,2374.4737903969267,109.09648155524985,162337.7212875743
t325,20661.524832776337,2407.0029254186384,14186.705486341438,17246.97594835898,53204.568725429686,2313.4288384299116,3935.225624137711,798.1317550513737,15776.359342211488,143.5922254273639,0.0013781385108093444,0.0015104059508789598,0.002182714244495395,80.85678570066045,2795.4889538566185,24158.390514025577,1067.401375292325,2666.268345997657,0.0,52.82024600629046,1121.9525692097184,252.71036841286664,469.38756796326,1260.6559252457282,2.9492956096232863,2.241302796734672,4.4340559450003605,0.5130036854721094,2.224017478128135,4.077490849994923,14.225523244225208,5.388314025978312,49.74954410866382,199.82979791517266,34.851512837472036,87.88438473441887,64.7771876968406,120.82229422078534,14.963832233986412,55.98231457898291,92.73154928176938,194.78576925881748,116.89303973314776,1381.498361441791,1656.3201325440155,978.623087143817,169685.21923791716
t326,22246.301898232705,2614.8403672104673,15197.064827889846,17334.293417714543,54815.39240831902,2445.587904739377,3936.7738333825573,800.4997439252912,16903.416582016438,145.8048023704343,0.0013865207089892532,0.0015202799827621944,0.0022009086225605228,83.09355642075367,2831.2563835307706,24158.39318103894,1047.7806225562633,2918.2748728499064,0.0,59.39930295749436,1246.2047200266597,274.59424050067423,469.2203799580055,1339.3087366524082,2.147165192394829,1.6455573364054477,3.263244827736346,0.37897154028398905,0.00323251546476743,0.0035478073529493313,0.004305555627226615,5.170403299007403,44.51655814155513,170.93719017171117,28.193526171138014,50.36922130131985,43.292299732989505,85.80791574558093,12.046527168407367,0.0056021221300861564,0.005798260616949202,0.006113611133930744,115.9716750585957,1519.9368458187128,1255.005750782746,408.335287065568,174614.55362922838
t327,23831.07889816909,2822.677784220624,16207.423736627763,17419.221181191017,55905.950165507405,2644.5508158229904,3939.985466772388,805.7990532188007,17348.77879207812,150.6097032160079,0.0014144943523754431,0.0015509582340016476,0.0022533972680601855,85.7142609203082,2866.6944622328047,24158.396791646017,1067.5977746633828,3047.933512590494,0.0,63.2986412135918,1309.3094223212545,274.5978799903083,468.98909421615053,1429.5268454932313,0.0010392586208116115,0.0009927061436646454,0.0010983645683321967,0.0008252695724256854,0.001304537718900362,0.0014524973754798005,0.001696514549780795,4.212003250340805,44.01898660224847,141.8845343404125,0.0018566647196647573,0.001670873019799101,0.0016483396077039956,0.001757300581481968,0.001391644385661165,0.002144828844553855,0.002230691852616269,0.0023053678632826285,38.269259953315235,1673.1442904091832,1321.1419256631325,0.0024252932620472904,179070.83634133296
t328,25415.854086455925,3030.5124847206434,17217.77997523037,17502.39718138024,57241.47715350122,2644.5545245914723,3939.9886144659354,805.8018832793273,17348.781795320323,150.61263921512645,0.0014719921918252546,0.0016161955121205512,0.002370734193536075,89.7342865965125,2902.1756959381823,24158.403770956087,1067.5993912900606,3047.934774026313,0.0,63.29957857992206,1309.311026973234,274.59951929699065,468.78155705779403,1507.7993637281415,0.00031104972588659333,0.00030116134082521965,0.0003226249690459303,0.00025081007058397233,0.00030255640054496926,0.0003483690642051445,0.00040456613386353205,0.0003525150562797462,38.36506075162492,0.0005563117581316753,0.0004753596812572523,0.0005283207742477531,0.00052741595575626,0.0005580499118964318,0.0004348740333631391,0.0005369437286031583,0.0005771763217162656,0.0005792286408056045,0.0006009739016381707,2032.4130143776179,0.0007498698689732186,0.0006501275835627854,182258.1922049599
t329,25415.85400028642,3030.51231448996,17217.77973110789,17583.776322437887,57241.476805350925,2644.5542425062818,3939.9880187404765,805.8013216286342,17348.781159288366,150.61205123134653,0.0014450977767344298,0.001590269020133282,0.0023307568181058593,89.7340501328666,2936.986064848199,24158.401643674217,1067.599425112757,3047.93466316204,0.0,63.29950204448487,1309.310904129651,274.59941340787805,468.391981494798,1507.7985082848602,0.00036117948641960755,0.0003482570412012335,0.00037828093913743686,0.00028520556243835426,0.000350927467349985,0.0003689443930516484,0.0004287845984035759,0.0003645115996777205,38.38709013662455,0.0012929896426276315,0.00043389560343422935,0.0006612375440510019,0.0006570820787124957,0.0007205231733412279,0.000544242313553547,0.0006776767557516455,0.0006734921396431428,0.000648343059480575,0.0006837444230025227,3015.0837668737904,0.0017769654212418371,0.000634567926320451,183356.68063734513
t330,25415.845448966305,2995.0320150504867,16869.922605895077,17655.63531397433,57241.475197050146,2345.9800913881927,3562.7072931450216,705.6521415588529,15157.87001359373,129.93932399114587,0.001391766842203454,0.0015268337745504928,0.002214621518013531,75.35727369795555,2972.972189538536,21797.285481333332,1013.6284111185207,2926.6693238954126,0.0,59.83666099411189,1253.5425920701696,260.0857597042347,467.3303181659418,1406.8996406032256,1.5013893111660561,1.1571465135611017,2.2996503780869153,0.2671790671995205,1.409486409894874,2.5936371280250716,9.169435609115952,3.1218938547898047,42.9593691987103,113.82308646503539,21.02651620111608,117.53083164923876,89.7733573358675,181.31571383729118,21.92508252860611,114.82103777192012,215.1905939696968,848.4575709545579,262.1607107213981,4953.35838499834,9862.062349273323,1625.6730457109738,192805.26969784475
t331,25415.836743497217,2955.1660635938742,16320.443049497331,17732.500414170725,57241.47361594387,2100.062949668751,2999.623409185512,627.6275779558327,11931.84577263247,118.22687173306531,0.0013782337980818697,0.0015104074710213682,0.002184452823198129,65.90247083092169,3006.684593642594,19393.079004520787,938.6468026339552,2742.0668722347677,0.0,55.20110324140875,1153.7756102660164,240.96507295404288,466.83720242508707,1222.2712016805735,3.3164312922654635,2.5375235647277665,5.038221928329655,0.5860819450756622,3.0971034178811605,5.717004274943019,20.470495711118204,6.926639507179003,63.6260701438503,252.033881985971,44.657468224028676,206.81426567205745,158.14360723383842,313.6829752717733,37.8162167176616,202.34151596086107,387.2586902222738,1592.6400954782666,478.01550694076275,6029.404170819501,18295.899075805988,3563.7641228219036,198402.02864034314
t332,25415.825942551288,2915.65951683069,15776.043519013458,17811.136469464032,57241.47228025126,1511.1555480191719,2490.310565986145,560.4104802189729,8580.75529235638,109.89543541640907,0.001392385448537479,0.0015251350797116795,0.002204774282080669,57.4369980990322,3040.529529300664,18177.51012155221,851.8690166388359,2546.169568376837,0.0,50.44974756128057,1045.2362806630567,221.44211276813664,466.5722698787986,980.9546249168761,4.43880179719485,3.384993380121576,6.719894762227881,0.7776069736543264,4.164712953038147,7.726598166658536,28.414604928737408,9.411999393182695,77.6133827631095,356.3088771590265,66.78426840221938,235.58600652050617,180.66017353147225,357.0869294149844,41.76875456691622,245.87047727461103,477.74630986176555,2018.0470048518998,593.6764822954143,5996.015244797471,23115.1476277296,4793.397280593266,198471.58847427543
t333,25415.817758446097,2877.9898791518585,15513.94030176903,17890.828423456453,57241.471250898336,1219.134412932422,2046.7711329825668,495.79529748316094,6657.249205678404,102.16817390600124,0.0013635942252137815,0.0014940302923025207,0.0021593544587929464,47.7854926764927,3074.118892658523,17643.6496713282,769.5856685466281,2367.0546425351145,0.0,45.58791262943805,944.7766535163282,201.829965099064,466.46484332552075,738.7078844615932,5.050359439351006,3.840354566754564,7.607301395506964,0.8751374524565545,4.815484029284386,8.920111235526164,32.93885010131972,10.906071579562502,84.24497793870411,386.66302977677805,75.87740524633662,254.9036931125387,195.32121859125957,382.55578452549054,43.117772551258014,268.13363238446635,524.2091754367369,2279.2373609583965,654.5203456784351,5538.253010031835,25700.490780101136,5575.030353660798,197798.24469025416
t334,25415.809788241088,2841.7020653728905,15377.07558869592,17970.668988041234,57241.47035422734,946.7615365808201,1656.557007120349,434.8583855067145,5169.243131660085,93.56616885834784,0.0013553730998009886,0.0014851198153254528,0.002146532773025748,37.262584291395086,3107.7125813476273,17212.626256306823,688.6029210779642,2207.1154210833865,0.0,40.37950118608889,831.4160031739524,181.36425690076717,466.44308632329205,551.1203514782085,5.029761552791797,3.81332257968062,7.5446593929744505,0.8734417640109212,5.045713915078921,9.304258748847236,33.81954140265885,11.391835192429076,80.39828949092107,388.0186259328206,78.77389573254754,255.0697576207351,194.40134551900843,379.62362456641415,43.54273919499378,269.31024993458885,518.5839726160111,2204.3144215335365,646.0562757335492,4823.118371406504,25798.284448228318,5946.552725632671,194174.63224219106
t335,25415.802029900908,2807.6262635474013,15265.277622676798,18050.94110957149,57241.469559986246,657.2710821957652,1362.2806589058375,374.14327428060903,3957.3654394934233,86.10721989520077,0.0013593393454681595,0.0014887090638415468,0.002149859826443557,23.68248041015557,3141.4340917273794,16835.57658451736,609.9535922743268,2064.9926123863643,0.0,34.8703699424423,740.3411302530507,160.51814959605855,466.4857046326176,448.3755652533182,4.7874942565530505,3.6221021974134966,7.16991276890234,0.823346285926846,5.973798253655883,11.015336606332552,39.638311571562184,13.49726061066896,70.22035541869958,438.92096124147486,91.60564435771771,233.61827152236359,177.68978067373928,348.526410067366,38.36106039264519,253.78608106461948,476.3707419026202,1798.9633220655144,586.9832646482695,3759.43794456406,21841.217486660447,5608.781016810353,185555.52944329588
t336,25415.794646527855,2775.783497426905,15157.562974804321,18131.493145710516,57241.46885426026,365.25969560590113,1129.1613562475554,311.68930756977466,2825.2371399078897,77.2797243658444,0.0013782870767156828,0.0015089487095990577,0.0021738274270148975,0.35526286338269614,3175.3863811963765,16538.47535158939,552.4382380023803,1933.2784393159825,0.0,30.000186908365624,657.5103044035311,145.05022694858738,466.59490540546255,448.9101772180661,4.565560714649927,3.4421623144978026,6.847091263789145,0.7854011631114497,6.736177413221254,12.430394942368387,44.64961402140422,15.20280567138316,51.095738174456955,484.3447967612768,101.13202165594065,204.8727562379413,155.6553535734625,311.2824173769708,34.74550172661048,239.36397472570965,442.8512547069975,1586.4498343385412,540.6252596400369,2768.913519390339,15450.56808448691,4083.3237832604254,173928.61838090158
t337,25415.790091753966,2746.2088326112894,15157.555255682908,18215.44690846639,57241.46854996394,365.24876120999613,888.7827377921509,228.2948753863921,2612.8822408571077,64.55966684058966,0.001341224698500092,0.0014668155678567204,0.002104268059512386,0.34787953024737617,3209.627051494531,16538.472774041886,552.3472923172427,1823.7423553141605,0.0,27.82186091201448,617.6456173583626,145.0999835510319,466.7543971183679,575.1132761887707,4.704151148984252,3.5515339526384913,7.058544941683223,0.8148255670997253,4.320979590317915,7.971166126328325,28.624311478992603,9.748303302824318,33.50396900938392,316.60799675662435,64.30874658427604,187.7675379021712,142.27026314126581,281.5790326876387,32.51612052448492,172.05719871143688,318.32164664708654,1140.3274206859778,388.60055594354213,1864.1139746793529,10854.224470994028,2928.06870985486,165684.27678093067
t338,25415.789154419577,2746.2071192879407,15157.554141020066,18300.13664340005,57241.46835448695,365.2479852698687,888.7807459527327,228.29306437865728,2612.8811103376283,64.55877573678049,0.0013471067057129352,0.0014756840079666613,0.002127468520648489,0.34722315159867395,3244.026015707454,16538.470572956525,552.327552449097,1825.236366947213,0.0,30.00272912798297,634.9130779479743,167.97609764327092,466.94267821463444,785.9669528852296,3.2813880334837866,2.463179239636931,4.95098703826293,0.5129982688012396,3.0078386802311594,5.597378572044728,20.243498453364683,6.858979251632273,25.075807387847064,226.10110873020147,44.859749805577444,127.84027308132842,96.85623496875093,191.72659884432042,22.10902261393811,117.13789374365254,216.7498935554204,776.5814401592602,264.6131723376053,1210.7696858572997,7373.756491438725,1989.133155852249,159997.35808749407
t339,25415.78827080828,2746.2054414116255,15157.553129418784,18384.89493860331,57241.46822538307,365.24729502449543,888.7787730365685,228.2912644552863,2612.8801538156713,64.55794819204554,0.001358575336869367,0.001488694560075129,0.002149984447371679,0.3466148706303881,3278.5048277453993,16538.468512572803,640.7147105893791,1996.2749368140078,0.0,37.38940485362242,719.5327346899168,213.6143857158965,467.05966064283695,997.400770792772,1.340932972949604,1.0021173161020842,2.018479827040516,0.21333209221814062,1.2241636145309405,2.285283446145269,8.410741243568966,2.813363310752265,13.381070490598104,80.68687053708523,18.74381878237012,66.1804182538794,49.93409109499684,101.59840993416408,11.111864121455518,60.7587236404755,115.54915677923769,448.3519014752874,141.83736190891668,729.5307057344456,4157.115413349773,1178.2786784830528,155187.34389509977
t340,25415.78737634548,2746.2037715535594,15157.552120425531,18469.636569744995,57241.46813436323,365.2465690659604,888.7767926046779,228.28945518591487,2612.8791731849005,64.55704767963724,0.0013842291817718283,0.0015174730187892573,0.0021930854677465472,0.3459984450926298,3313.0870639675213,16538.46650239116,817.3445157883829,2324.085655827385,0.0,46.770822778398994,845.3984143575628,247.75185924618458,466.9982736683115,1104.6322325361216,1.236288945505383,0.9315738828119969,1.855575661541582,0.20559191459514423,1.1317950484015697,2.0968081736295128,7.558461379068971,2.566849471467556,7.837335381054014,32.86600111186156,16.714561205358994,50.546010929194246,38.29661696179017,75.7948392956703,8.739183898020285,46.308034094408136,85.68742916853219,307.00663427898485,104.60960899193118,437.9541835637638,1784.5605054884177,784.3730751547249,152694.16040794842
t341,25415.786877677485,2746.202415551581,15157.551332356992,18554.850390035284,57241.46806632724,365.24627325251237,888.7751856674702,228.28801409579546,2612.8784982858165,64.55636041448338,0.0013647341482752283,0.0014972264430631785,0.0021674530187605723,0.3455193887587111,3347.504680717215,16538.46443663933,906.1186461955226,2553.267909131952,0.0,50.98890669901158,904.3258706088561,259.24038369884795,466.63565362301017,1087.2644962729173,1.917515802316458,1.4468268834363323,1.064398489291464,0.12250320146661224,0.6581520782617611,1.1966367232205466,4.078865588111266,1.4391650669314286,10.294734462022197,0.01743746348810338,10.520765255098189,29.723878392850395,22.520391358334273,24.0379572361681,3.1456882637580628,17.03791934278696,26.727424191297896,63.200426616096415,31.16975399374677,223.59801450900667,148.2671782455077,405.42116262661693,150417.3717418435
t342,25415.78637947644,2746.201548047044,15157.550527129437,18639.423467637152,57241.46790364436,365.24598436330973,888.7743205538169,228.2872491608499,2612.87771155446,64.55560603321226,0.0013650934156392805,0.001500012040598115,0.0021789157416272267,0.345030314571667,3381.8087078483586,16538.46184940076,906.2640978737585,2581.822853823347,0.0,49.9765730231832,896.3056065481392,248.0250005804076,465.87457703877703,945.3340098096587,0.0013995027214057777,0.0013602939665458295,0.0014696831619525918,0.0012432662376046628,0.0013606732683537916,0.0015058986637292184,0.0017810528683392928,0.0014989283095592776,17.289123048870675,0.002180140865005637,0.00192481111814945,10.632476021227696,8.056748010966633,15.943411643977178,1.8436922415332313,9.742835691419916,18.02290210181945,64.55461504158968,22.00126605643342,161.97152316629573,666.1637160786927,168.59508126774588,150539.227162504
t343,25415.785378339348,2746.200022858689,15157.5490683232,18723.232905450717,57241.467354396045,365.245229506448,888.772510516377,228.28554021337703,2612.8756078398324,64.55381798039036,0.0013624016144782175,0.0014984881863568265,0.0021750391669787365,0.3437922705426462,3416.087060955488,15159.896703566712,817.7581070992051,2409.744241976336,0.0,43.73180352778833,821.3348518926022,214.07569172524393,464.8465936515197,678.8003593490153,0.0035045824959567583,0.003373297784778491,0.010261450867604192,0.01028467497047186,0.004892742527105689,0.005162343555897966,0.006123713952901338,0.0052146797306569515,42.28581383589912,145.72485819661836,0.0048421086448050005,31.393716391149614,23.787183222829587,47.077693377422264,5.437988852729907,28.76674258494916,53.21997242238544,190.64587451139647,64.96948512120684,263.9421670452721,2009.8368762190462,516.7187340530814,150894.4524427963
t344,25415.778410516883,2723.2064367744115,15157.531336967972,18806.357742266464,55470.23887613655,0.022483210876379844,0.033300083352414515,0.03284030865598889,0.022070148672116294,0.020872124114419383,0.001332369791587755,0.0014625150367536034,0.0020973026381181066,0.01897280391601784,3450.2462043272194,9710.34598168982,640.5617268370937,2037.0319266816953,0.0,33.213094684812695,686.7015688118294,168.43924570151313,463.83384910204364,503.5173097515083,7.021536325301969,5.3024154194679465,10.53830466855784,1.2268918415380743,6.450241519417448,11.894154795536712,42.69525069478996,14.544435042286494,80.29229957826985,682.044059218239,105.57161842885328,73.62584440136708,55.78634093042513,110.40880803699638,12.7514771619991,67.46490635029039,124.8149535219735,447.1211198737774,152.37112515726915,636.2766498317759,4655.945535893456,1251.0431683873037,143822.35027819578
t345,25415.776628057203,2723.2023117958,15157.529327235963,18890.159496829652,55470.23846735116,0.01369418772467279,0.010737570582601481,0.010904652358151716,0.011465723883834206,0.012077610065351262,0.0012746236684107644,0.0013767024939990759,0.001913951269038809,0.010311152278202599,3488.2442160582873,7746.436229957539,551.9527736825804,1834.9410334007484,0.0,27.960103990264994,619.5066087254847,145.64844841555453,463.3354174885546,454.00354533466316,13.542836037865088,10.226093644138668,20.314542912888836,2.348849207903012,12.437245860946632,22.940299906083997,82.36567361301954,28.053638286481018,98.26131057757932,1012.7106555438423,200.96408765912716,124.23195277371602,94.13046068840882,186.2969562370148,21.514536422599708,113.83605273581549,210.6057610557155,754.4508613012108,257.1027781439253,962.9688061357767,7704.167033261711,2106.2656179546652,147028.74441445823
t346,25453.863782401953,2795.1502856434004,15335.048354143411,18975.192570034666,55547.157353804105,146.77714677168186,298.2338740390139,157.66469992288444,586.4929637693517,44.499403015196485,0.0013190492697366964,0.001441312393969091,0.002064039772801295,24.480258479573692,3522.589726798056,7936.627367880594,551.8717707832715,1836.4048486197505,0.0,27.979411780022627,619.6694126136456,145.73112932483292,465.28174058129724,530.2267967421501,7.128300961844737,5.380652665551372,10.676924624117612,1.232802919436587,6.536861602798162,12.030765548511432,43.16913092084434,14.72995369882372,64.86438357941873,593.8715196766645,117.79415732629282,110.53364645628862,81.27970565525027,163.17274641594446,17.058799427279485,92.54162291760619,173.6508714423845,688.4026793052234,215.75835504151993,1179.9276437858568,10062.045455655962,2772.17935515964,151434.91405633758
t347,25631.890171680396,2926.0947580329585,15725.412541104735,19060.41759367412,55703.15665041903,686.1673091924914,793.494182583421,284.4551338334146,2341.472904491116,65.57892701593924,0.0013499550676238173,0.001478932128793044,0.0021333291271405253,38.75021518348368,3557.4445060143717,10296.738828386464,614.2892696244955,1967.2527128424338,0.0,32.01185452933746,680.5178033674091,162.12037911554071,471.3923376204862,732.1261979471856,3.5242365385239562,2.662868036326899,5.277215397251501,0.6040417023077373,3.2277946241478106,5.892982653740379,20.982651002116636,7.221387660767664,49.820471003484215,285.74776405915173,57.81852978595242,105.37421827664629,77.67263536522206,160.38207376616623,16.422202518969932,86.87023395988074,161.19068717762013,597.6945048339165,196.11638997782467,1381.3058469382956,10006.455585905598,2923.1247255214175,157926.17828558048
t348,25914.012241363813,3070.197515890719,16117.139481507305,19146.35842973477,55889.398424301224,1165.9494594185326,1291.1372552803841,394.033962791602,5150.3438359910615,83.4783484194226,0.0013865796976515327,0.0015202011231978526,0.00219837965926813,49.61757048629186,3592.834460039924,13460.820628486917,710.0728151411173,2172.4684493353257,0.0,38.607007937700274,798.3832250237327,186.5862425700635,484.20172416251194,948.5962288642116,3.4792877103549373,2.636256199624891,5.234284204020762,0.6006783055615548,3.194612922213835,5.85351264902004,20.833453220423525,7.138196496049775,55.142684456934006,250.1034455766284,50.60890687570233,108.83842422232544,80.88113370326528,171.11018556160164,17.191277436036856,89.85543535925873,166.05369026792857,592.9771690536572,197.72215879467507,1643.1257642979888,8661.998739943672,2883.2553014323303,165682.07701059637
t349,26291.998309519735,3226.2290675042145,16534.147694384155,19233.408730354546,56111.11612922293,1500.7473559026794,1852.2137024861943,487.67097645750385,8646.131625069647,98.12807168989838,0.0013669186528235111,0.0014982415913990885,0.0021656596816643347,57.684231985357265,3628.562102311899,16648.149872656166,815.0706604567876,2429.407677441932,0.0,46.10603697601527,964.6087411121591,212.47187054323197,505.75088141889256,1165.5959338792907,3.085959903216096,2.3481929677375826,4.673056706044627,0.5360916497231933,2.8465176067150235,5.217976617530783,18.566552185219308,6.348856414699855,50.5777399008014,218.03709135528717,43.58029780130868,108.2104460976329,82.70032712829322,180.55992731373232,18.02025629796029,93.2250681887601,171.70190752963913,595.4172409056833,202.2958900743497,1876.0987386247018,6169.630353953172,2834.3935668689523,173143.2767582843
t350,27050.904733791645,3390.4683702737557,17037.24151607845,19321.340094952047,56382.31831788082,1905.7114629198284,2811.0024176496217,587.0397741709468,12445.802412443896,111.17470617401965,0.0013743829468327738,0.001506145827284875,0.0021764339866182296,65.83515418556989,3665.0142064417455,19829.282142461838,918.3153567858176,2697.042563813028,0.0,53.381831881761094,1131.19130724182,237.31530160117364,535.5919430274652,1383.1857593148113,2.623316838274577,1.999342675379263,3.9544888863349117,0.4574701005122524,2.4290732394406946,4.450191912316113,15.780828970641624,5.410964657477369,45.082053104911935,180.95126415085176,35.85841904375461,92.78632907184704,71.2422856738409,137.71376908794943,16.438357074279157,85.15980676699448,154.98140889801775,486.04144301334384,182.14980299205487,1899.1891337047248,3367.726549724627,1273.8438965261782,179625.4346261666
t351,27784.236847398475,3555.6808233871566,17574.99552235027,19409.45035307823,56750.934520648545,2279.6619728821875,3574.8204408744878,690.4029359018638,16199.828084748699,126.76292056757931,0.0014027838689587451,0.0015377495584408484,0.0022271975527857714,75.01391559844888,3702.5383646006994,22929.983061375242,1008.4636619849203,2919.129828524743,0.0,59.510266326046974,1248.797020434611,259.44548799504895,565.7476387385373,1507.7999719958004,2.144608114245749,1.639501326392973,3.2304468257494836,0.3768461796245666,1.997195216012723,3.6620259542842435,12.906020085502364,4.443038180638144,44.24359257774328,135.6883301279539,28.528542505417786,62.4327635021828,48.35785370172084,79.59259465077083,12.221166930614242,62.298517875953856,109.97642778164054,282.91092178954204,131.72139323087734,1753.2480133478698,639.2101274917522,393.1085115838999,186037.14724612297
t352,28364.994271588363,3719.9985344606894,18083.797852029224,19493.787386838474,57241.494071820416,2644.5545882253164,3939.988865866817,805.8021717809282,17348.782057068358,150.61295534010023,0.001489489064893513,0.0016354246577169774,0.002399088053218234,89.73491118860534,3740.2821765652952,24158.404973660945,1067.599531906209,3047.9348835782216,0.0,63.29964231625916,1309.3111217797791,274.5995971830172,571.9999807891548,1507.7998288917865,0.0002558393417138631,0.0002475922730802837,0.00026701962683885845,0.0002070587421871383,0.0002483982007063133,0.0002738036190795469,0.0003194944948654519,0.00027854705188790936,38.31828780292218,0.0006096373972292339,0.00036064391386802044,0.0004525634866968151,0.00044995767959734993,0.00045751416990986234,0.00037621513358580675,0.0004509209844341295,0.00046358243144926204,0.0004438099639215999,0.0004909603114500466,1735.5262293122119,0.0008491013580248554,0.0005013736638320729,189398.63744802875
t353,28364.993792336336,3719.9984734252425,18083.797638698667,19572.84839188157,57241.494092071865,2644.553993676445,3939.988901078478,805.8021761054885,17348.78188491186,150.61282706608662,0.0014729073056456812,0.001618052453079742,0.002370936407399054,89.73531253570536,3777.3572270574527,24158.405343028822,1067.5992984665036,3047.9349328301982,0.0,63.29963496423145,1309.311100106362,274.5995537241793,534.8835265817411,1383.321228504772,0.00030900121296093886,0.00029982753134080465,0.00037014959576492314,0.0002846131946400865,0.00036866569032422325,0.00040630838564665765,0.00046855669288009696,0.0001820979101372304,38.1717329516417,0.0004533586799149132,0.0005430256687647561,0.0005436742424861714,0.0005438536853770953,0.0006618149554923712,0.0005283012150135207,0.0006842113440181293,0.0007113994377289591,0.0006658780302048913,0.0006922623130156503,2665.8217413299712,0.0005752196708333262,0.0008257085598571302,190283.32838315784
t354,27206.228099518477,3442.9253747403745,16736.59091059144,19572.847794178724,52977.061794463676,2369.0291593622783,3756.7796952453396,804.9809835314386,12723.352565278876,77.81457403317576,0.0014084766134116664,0.0015430583026893134,0.002236319830820167,44.876677741389955,3777.3556688758904,18708.85364110086,1006.7019585790666,3012.5575526759785,0.0,61.975852267303225,1309.182337701696,251.91223469258168,450.2910864950428,1134.2249071449503,1.2322168459320317,0.9556521004685944,1.8690857214342758,0.22040565228273296,1.1542995716522064,2.1103013668949737,7.065214624812267,7.6925354374687505,42.15983807748256,111.09662050675078,19.26177320754463,45.83945670188189,36.167823171196396,46.98514583621947,10.661713695705618,37.208569266262785,48.04773596724812,60.69610405480406,392.7707010870047,4399.8431814744345,7233.879935726114,2538.4426756339067,184470.90904180077
t355,25229.62276755419,3165.852004531369,15389.3824217793,19572.84718377622,48712.62921766341,1495.8590469145597,2552.8920177270734,804.5735410945215,8097.879992669244,2.6291778008920046,0.0013533969251522818,0.0014820378216774612,0.002154641837570156,0.008949181716607529,3777.3543032395983,13259.301377770547,900.7159397933766,3047.857580901371,0.0,63.259013540964375,1276.931944486784,206.53579122605709,366.6869524146756,784.026488964515,0.00765491976549359,0.007635019192583596,0.00843720963655705,0.006861240573068175,0.007883795843754659,0.008684735519991485,0.010408471062994208,20.479172993586413,61.33759184929768,222.027391172975,51.77829675372188,0.014290220664114625,0.0156362773421371,0.0170777615983926,0.013817542181295066,0.01748274722699914,0.018759564140169518,0.02135114111472061,722.0263824328956,5242.660353383224,15657.390573764405,4984.4272299416325,175669.15367604457
t356,23487.27748369485,2888.778125551919,14042.175630718972,19633.120180408714,44585.15502655324,1085.2843664840827,2402.5455727860085,804.4238743691172,5417.086707694553,2.3671911694643986,0.001388613578799243,0.0015134204152476376,0.0021944992017114517,0.011857549309190628,3807.3529619565147,10014.089436210641,793.623401247253,3047.83416878471,0.0,62.01836268091134,1177.7681939101337,174.38385951925434,330.5587043805735,559.5051259201934,2.28006892741337,1.297812878710375,2.163261767670777,0.34930981037693365,1.6986051725975397,2.5776770541997127,3.8325122502550166,7.886283169343079,76.98176652509665,305.81140641084846,69.6245894659,70.8799585239691,8.733750192521956,9.48887027627994,5.440831360140409,70.62588166296513,137.83828310383964,522.1091736936363,408.1988981569238,6273.393059390077,20723.750603225864,6275.521405804033,169295.8493369463
t357,22178.32433429396,2611.7083471214614,12694.969356986703,19705.372698432482,40466.15177627217,745.9121379570836,2398.873356061724,804.2866773678088,3079.787762852083,1.9697862778712385,0.0013648215707910128,0.0014867562410692337,0.002155115938696073,0.01270665972370997,3837.8014385173246,7915.33385272427,696.3722348364502,2856.253010403826,0.0,55.61073956918357,1011.868803488231,165.0804451070748,337.6881678235563,460.72149951244273,0.004914183751311307,0.004642286150147259,0.005224471706358719,0.004082351277051172,1.393997012640107,1.910285435060945,2.7817809950089414,2.203372129782193,83.60182093071924,420.07803869770424,82.46619383543032,68.19302665538335,51.67734198613329,102.26364560246468,11.816894866842752,129.85485944599512,250.00022872020827,932.3999063103939,320.0356986052334,6764.009444256333,24487.08147894389,7183.357621721692,162919.24863840296
t358,21840.098227956427,2334.637940480537,11348.026482668905,19787.202464514485,36386.59260293086,488.2584849799683,2398.57013807366,804.1361201779326,2175.9453036384343,1.6644887075481702,0.0013453211346780138,0.0014730894820869924,0.0021360407343751233,0.013096492386814582,3870.8700649033226,7546.184878676912,613.1784607604005,2463.8736515662836,0.0,43.99943548695798,824.7286439049585,178.60880989725547,371.86963006848947,476.2450704069049,0.0015320215610403168,0.0015759359704887602,0.0018458405880664654,0.0012710347614384942,0.001751641251163474,0.002027405723942769,0.002810676906112495,0.0021164660865880406,80.31505189996332,406.86060282619496,102.95675045378412,122.78580885124593,93.04098834661279,184.13354543823118,21.266977485650997,178.07151060309636,340.64349533497943,1261.7497277358927,429.56893138654976,6230.408902208051,25773.625663780436,7475.190427201333,156655.34226531888
t359,21626.47712469305,2057.5632575490627,10780.892143864829,19873.612358875827,32318.914797735117,50.64343497618914,1739.20965413269,539.0324975163494,1920.8231536575229,1.5868175983198305,0.0013511088531788713,0.0014719061667862012,0.0021237429905670274,0.013037300137007933,3904.1638487827313,7207.230102045798,554.2044526678513,2058.2268841405275,0.0,33.478576135896006,690.1014424923027,169.44306991481665,409.1638119757812,497.62826373247555,4.559487243824085,3.443083952880135,6.840407408809251,0.790381582561608,4.187916767919074,7.724915683661005,27.73708376348199,9.446889571399725,71.44864287600964,453.40788536396286,130.98906948626802,158.88817404278956,120.39554292697618,238.27281133696843,27.518507046314106,211.15257199185004,401.84702406219003,1481.0016419154163,504.28504083859104,4754.868329687764,22458.947655452226,6413.69583926529,143923.86257881246
t360,21623.234014895836,1780.4878247333322,10777.720373867847,19964.73429088885,28264.058757737992,46.86228020814386,1038.6933885423196,273.9218431564491,1649.828278507705,1.5015485572333533,0.0013549680964922244,0.0014744144114220347,0.0021079563676689663,0.012582295869350162,3938.1522155740304,6895.828465454339,551.1270950456536,1856.1296200457184,0.0,28.226484795146582,622.9076029212976,146.66526918875977,438.134508427057,462.4154571927479,7.44054953285665,5.618369222278584,11.163118759407112,1.2889793225301704,6.833906605311614,12.60660648739961,45.268792002168375,15.417069495909963,52.571564933787265,504.7786752197968,98.98841517292696,183.80044151903806,139.27133806030486,275.63154826810666,31.832070610580242,233.97989661575207,444.0804197577428,1632.297405058275,555.8426588118481,3161.9811946560208,16361.352626092646,4284.586915043021,128427.27940062291
t361,21623.23269383938,1780.4859803492577,10777.719044834279,20060.39520491613,28264.057469928448,46.861158695665814,1038.6914357863755,273.92056865763925,1649.8268918198728,1.5001350329727072,0.0013203786252788737,0.00143325840463521,0.002024058296394957,0.01241182213090284,3972.431309870375,6895.8275439746085,551.0445008313841,1857.5858046219776,0.0,28.245143546600506,623.0691147712771,146.7467939614831,456.8235704414109,493.21457056788716,4.79414939941816,3.6199097334532766,7.191588603874504,0.8311066807964907,4.4027030328932515,8.121172014635697,29.16015242294946,9.931518270391122,34.454580937744076,332.0388710930278,63.09643643248548,196.68678333102937,149.0294807543415,294.94950033415813,34.06246702821838,180.22787322590497,333.4358190278707,1194.4632208896596,407.0509983908916,2053.8437254337646,11541.42310318057,3075.6845390892686,120500.19582527182
t362,21623.23293709124,1780.4859966899878,10777.719151274325,20158.441679981486,28264.057723836588,46.86605853049175,1038.6955513455912,273.92818300927433,1649.836529301801,1.5087115880245174,0.001352647781455716,0.0014643587367137154,0.002097785394692692,0.02407601838709203,4007.131662805091,7565.866565647929,550.9678775063576,2049.6878691481797,0.0,33.52931047948821,690.6687203989817,158.15360007452978,466.8401477693534,649.7013973263946,2.1174951004909692,1.5919431194781104,3.221948479660346,0.36067255468934867,3.1080843298165415,5.738670117502292,20.622811817221603,7.0214417745116435,25.72953945118761,146.31402588400624,44.64133716321439,102.70749362235227,83.47294948923661,167.76013766712012,18.35608124140274,124.88029703340261,231.04460276418465,827.6885175325014,282.05729984523236,1314.4434880088033,7117.609717015918,2104.0285032328024,114421.86572186016
t363,21623.233378152378,1780.486014473049,10777.719356746962,20257.6608382816,28264.057994380695,151.9488267993296,1038.6995541835506,273.9350767711677,1649.8455382324723,1.5160740229446457,0.0013589127747519532,0.0014832873322767727,0.0021377892340433673,9.859105277356761,4042.288754956189,9139.988549501875,583.6322510433927,2421.9761702580345,0.0,44.08434072938741,825.7050773352254,192.4252306863239,470.8699156828273,874.5843037979773,1.1776679876576146,0.9328723781149234,1.949740326550408,0.20179178935186867,1.3481626441020778,2.6303789661545585,10.804293503382405,2.896783166650447,13.806167973578773,66.91277468162907,19.28738756363213,66.11853500966556,62.40248148888299,125.39277941473873,13.155096461778323,75.89631224901999,142.34540448189523,515.2453244776979,158.07449840928183,787.4842995425378,3578.9464981529563,1264.0376455564096,111335.56822752778
t364,21623.234023283418,1780.4860281184829,10777.719560044676,20358.321344027056,28264.058263703188,813.7348175987045,1038.7035094023868,273.94188656327384,1649.8544496124377,1.5232450122161771,0.0013808884796328844,0.0015119540443648864,0.002186126196732889,13.795375980924273,4078.0266707096134,10988.937452244747,704.7845319220685,2815.581481683108,0.0,54.1315362135296,1013.5079403919287,242.52738674289145,471.51363060624425,1100.0522442961899,1.2679779152977202,0.9506725771295024,1.8989397265672954,0.21068640222592575,1.1582558189670693,2.1455695927217806,7.734473058762985,2.617388190326001,8.182553390966241,37.08265905725009,16.99693261496284,53.618424428240864,40.61575251825656,80.40083549703324,9.270859843177243,49.1238158580782,90.89684758668874,325.6624785936829,110.95745004413848,469.4103988518196,1761.8928232764702,819.2598378842072,111955.79608985277
t365,21623.234997162086,1780.486140535008,10777.719847889317,20461.014024198917,28264.05853136461,1729.1348552370555,1041.7903983819162,275.1516112508432,1738.852065587277,58.067734563319114,0.001379929425274343,0.0015063472946015989,0.0021797166748601547,51.753187983901185,4113.985034998585,12383.868231976972,914.3829625047006,3032.194448823456,0.0,58.94600699901789,1134.3598823683797,269.92985805501473,470.494620097899,1200.9181856842465,0.8588185647366886,0.649624676928509,1.226452438982081,0.14404389458201583,0.7030091369948278,1.2589918978596535,4.6389722490104335,1.5516479334740159,10.830704578596368,41.21186777472728,10.563562952536074,24.829289988935134,17.680543735424017,32.25708038423539,3.696683359156323,16.72771261623152,32.08425128228406,136.26607318690253,39.88188720442814,236.760888097187,632.9080503995793,391.4283998261161,113018.5062478348
t366,21623.236012813828,1780.486265428853,10777.720148833576,20565.35888737616,28264.058785644498,2644.5353548565736,1044.352674734025,276.22292187466866,2266.6002387925296,116.1373378487943,0.0013724457729847271,0.0015072559389270588,0.002190840183727802,89.71226467336791,4151.271103466281,13052.403474601582,1035.3036335735167,3047.9321658491426,0.0,58.526569577397524,1188.1783718041459,274.598371082759,468.69993675777187,1177.1670735001346,1.036667506037655,0.776979377927832,1.174501635035799,0.16335153058777618,0.0029100278352223534,0.00297073991923407,0.0034377053690870544,0.003003738686643776,18.18658185283148,0.00042132901210301224,0.0038412638260424225,22.793590438930227,16.293632096054747,21.391834197294724,3.001304787250824,0.0036831990634276766,0.003983355054776736,0.004698067647138279,0.004000059556920887,169.98750721530558,189.61345006590068,0.005354349398989982,114346.96436817
t367,21623.236322685287,1780.4864107641874,10777.720356035998,20664.470316656556,24195.30501151638,2644.550030172532,1060.7815452938908,278.22478524712426,2276.9957676565928,132.76983862191435,0.0014122865180989078,0.0015526609418400586,0.0022738494770882067,89.72604346237608,4187.914338262394,12474.277693788245,1067.5993296877014,2863.036284571412,0.0,52.8665580857883,1175.0438803274644,256.5592518625701,466.4382790455876,1028.8889209131926,0.0009319389654393087,0.0008805333692703108,0.0009951674894686689,0.0007645814465799601,0.0008763931622540694,0.0009672812197362832,0.001164954269244805,0.00065324869884892,41.76719679490465,261.0035681836046,0.0005281590635442006,32.086779356210755,24.30374343838496,48.13552348309556,5.526999963296759,0.007626810168979427,0.008170635447360386,0.009971359418072652,0.0008773651156791434,258.1544927019103,1563.865694966255,0.0007028272874319879,111331.77531359693
t368,21623.234925121953,1780.4853947803522,10777.718968518055,20752.564641006047,20080.16665601824,2644.549336502255,1060.7803627045332,278.22384363856395,2276.9938524789873,132.7682645256863,0.0013807178124436487,0.001514625368268918,0.002190684070878618,89.72513680160596,4223.0155377619985,8276.89161152801,1030.5151460288419,2477.505662013037,0.0,41.97212039748735,1094.956210138679,215.78399707838452,463.89785266842966,756.0572420944959,6.934388622792848,5.236176981877153,10.40159089011421,1.2029680098678341,6.368247967175083,11.745928122738086,42.172297783366346,14.363043914087589,80.3192846162159,753.9449515540417,51.15370626201311,74.80625679049507,56.672189461667784,112.1973691027492,12.924972957585396,39.15221681041609,72.42907228736487,259.44361835624676,88.40982583844375,730.4994771129234,4284.9390316386025,595.7744269462071,107388.9028898599
t369,21623.233560069282,1780.4844104671101,10777.717689263194,20857.632704573734,18410.951222217845,2644.548947197874,1060.7791839122917,278.2230424773902,2276.9922259631244,132.7668630740685,0.0013449010382140284,0.0014599910503315426,0.002076579606809521,89.72450293165414,4267.245851625121,8191.252463299319,966.3577769458365,2072.0993023649007,0.0,32.554741368980295,980.9072669893843,170.146529249637,462.70730547552984,608.9014741970323,13.46627090458398,10.16802654127535,20.20027743992654,2.3348120971928266,12.366624753677488,22.811197830354267,81.90614745595082,27.836998589431953,98.67917327124418,1058.2045614662406,85.59869867979661,126.70445629690694,95.99525140133554,190.02375385412498,21.912207973685714,86.7073209082596,160.41053439913574,574.62120724646,195.77032564146873,1055.9517446024477,7445.711136829574,1330.6695725496377,110403.28224586773
t370,21623.23230244495,1780.4845740377282,10777.71792447965,20968.54969333201,18410.951507569247,2644.548875021735,1516.2339852113541,362.4681480244171,2731.6405884607725,134.01429882273595,0.0013457224208615034,0.0014726343038369495,0.0021207821569890995,89.72499333955591,4309.269789054847,8977.098689907081,932.4977008823467,1870.0060680423576,0.0,28.409714726975476,934.2972599341952,147.3549544260796,464.34449626273135,587.4340492963728,7.124012004728816,5.386646303641569,10.73994906359975,1.226838068452453,6.567554430547558,12.111421756611193,44.6215100599527,14.623751498792746,65.45951328666784,611.1514618558404,53.11584991734246,123.2796804708475,89.51813979090757,207.69796486067585,18.117068437310387,99.39256743467219,201.64317826867634,820.1703707400626,231.16414160818942,1271.3972501974652,8712.42595380937,287.98404459693114,112185.2034208773
t371,21623.231022516684,1780.484752081241,10777.718299049751,21084.76863748412,18410.951898785945,2644.5490110190076,1974.4132052874472,437.64118005388116,5995.8624985128945,135.63621359645856,0.001360488139987183,0.0014851985126277936,0.002150257086692165,89.72569019404295,4354.121757684985,10873.634342404092,922.3321299762133,1871.467639820647,0.0,29.53050457523166,955.12588885655,147.43572275607772,470.3690175991381,691.6455761195814,3.514882684079089,2.7099357525970733,5.418800924783958,0.620496391869675,3.3309142169581696,6.026383320973104,21.89821516598,6.996700812485975,50.65001408615454,290.6751354363358,39.76232839542128,66.2135064585263,55.71584026029805,168.18976213762505,16.136280033566116,86.54793781049733,173.39988304827253,811.1869703979588,86.06328134636819,1477.1825414589105,8113.128238760375,205.95416023589408,116961.97219345365
t372,21623.229731128646,1780.4849148814624,10777.719007830881,21208.08475106407,18410.952208217368,2644.5494307602917,3114.294072401638,577.4703677322135,9884.272019223507,137.5825926156656,0.0013926630163884873,0.0015232340417345963,0.002206828647057717,89.72671749850096,4411.45077758997,12639.306796412653,930.7294156984967,2071.3639242928857,0.0,35.92309839418639,1043.3114992142384,169.13746197509278,482.95257829343205,921.5931823032482,3.5217575665951335,2.671865904732446,5.1494858026511015,0.6123202493343312,3.198848829228511,5.7790329323805425,19.22175949658913,7.412950215236281,56.33940614832522,262.7867247158584,46.02165117841941,87.76775165845191,65.15210438487206,92.79602175354924,15.125727925533194,62.01383663729018,93.80487276301044,148.62441666490167,186.15284804071405,1568.6139788240748,8924.889683341024,748.2395788140609,125360.03629410097
t373,21623.228427151407,1780.4850789408185,10777.719135232304,21336.268609322018,18410.95256981205,2644.550154797275,3259.818666637391,633.071276439541,13164.776928128911,140.34214836162772,0.0013767656313269031,0.0015043223488345374,0.0021756456492618677,89.72805725667648,4474.440333142679,14952.60226842761,963.85019922722,2465.0299797621,0.0,47.58652542339745,1198.9296735838147,211.22491102184716,504.1831423161439,1152.0842198223866,2.9150859426322624,2.2276586294574576,4.220680166398664,0.5253014276732482,2.6612313951137647,4.728359058666192,13.845410260513091,5.809294039753641,50.987784685290165,227.07523253628898,40.45374611581368,45.51567680110317,38.86530531493889,43.803952810988164,13.129410590793828,36.276874239142,43.38982353305149,52.31112569457321,54.89163661667302,1487.8264799749209,6138.515975718827,755.5975142078123,128896.45092130126
t374,21623.227084056547,1780.4852552652217,10777.719329564616,21467.512742781048,18410.952943350512,2644.5513415692403,3462.2902529348585,701.683485384059,15684.920590120108,143.94586552944247,0.0013897977267298088,0.0015274037655811335,0.0022046185177501763,89.73000524611533,4544.9042896496485,17090.956423995427,1017.2858306610304,2852.1318635715575,0.0,58.05976438569086,1287.596970372099,253.0937065923915,533.7169806854633,1383.183415034988,1.9533073279880313,1.5175987812046194,2.7511476790027434,0.3747665711349223,1.8009261961240628,3.0697327911902113,6.836982996584012,3.5860989166539974,42.561533276407935,186.68238694986326,28.00210837037411,12.67212107898622,11.542466445907284,12.380224745729034,7.3619299092641635,11.441485254310269,12.141375816472605,12.359917168325275,12.298952265230927,1109.4960019593616,3008.7203308594435,193.7941412738437,130491.29879920349
t375,21623.225334175186,1780.485444144921,10777.719445192519,21597.400189034357,18410.953218228653,2644.5538165875355,3783.1832478153824,801.3479443837932,17348.76448710868,150.59733110655137,0.0014508931903355247,0.0016137351062020249,0.002334726996947369,89.7335176803604,4643.303580998704,18781.810110963932,1067.5988043457648,3047.862397231803,0.0,63.29997672681456,1309.311582488351,274.59414823775074,564.06421360339,1507.7999726396488,0.00956717165864561,0.009386565667456806,0.00332678739274431,0.002894929079184661,0.003074336967902886,0.0008042717338988407,0.0009246344641227505,0.0009039758153054191,30.441686653470658,144.40352008488324,0.00121496280625008,0.01866881096208044,0.01646361342935871,0.006113695153287361,0.004459070797647671,0.006095645297243793,0.0012540970620965027,0.0012421950559104412,0.0014379881145179338,80.24801162812916,922.0648823985467,0.0017509153420745352,131444.86184648122
t376,19651.8689538537,1780.485603974783,10777.719328689705,21644.40174408131,18410.95336277972,2644.5557858252823,3939.9890515023267,805.8026133722959,17348.78252962263,150.6134929938225,0.0016002110739893297,0.001802420499346454,0.0026212385454718115,89.73564136793948,4737.017446584696,19444.39381932171,1067.5999859052213,3047.9353159354114,0.0,63.29992937521206,1264.0730587538012,274.59998342973455,571.9999819195771,1507.7997790746704,0.6844864583955208,0.0014545347430247018,0.0011363351036707174,0.0009087060603833567,0.001057737241479894,0.00012831724313691387,0.00015125367026575797,0.00014039660214062972,0.0002920140342166162,0.00047394371145301916,0.00020522347136008438,4.363793152657027,0.0024155692669179264,0.0017405968494789978,0.0014731179070439748,0.0017555766592055222,0.00021926229750592546,0.00018981812571135167,0.00022720403641399303,0.0004174505440319399,0.00064129019580245,0.00042148173047585306,129228.69716167422
t377,17538.705409140992,1690.7198608991796,9430.716638176349,20518.704216886013,18215.25494060204,2559.360366097798,3939.988834893194,805.8027440122186,17348.782576971564,150.61390327231027,0.0017633112376485916,0.0019186898988103448,0.0027546105977821014,89.73568538403808,4703.324218856921,19373.80365138529,985.9619993690148,2870.345011411967,0.0,58.06498970004938,1151.7996732150143,256.90171258245266,537.8975400918733,1383.193315280887,0.00017546242434808524,0.00010852838413472234,0.00011998341561499134,9.284411202723419e-5,0.00010964695336930567,2.5026845859574935,8.93762065285161,7.047736528692309,22.73976400621011,107.9973013988597,19.839719836950398,0.0004637830851391629,0.0002410269520014148,0.0002355499800227936,0.00018059642930722062,0.00023651215184010413,153.10657171418381,641.4995693305002,352.0194688701903,309.51269134294415,7270.475581883988,2088.8616407018358,134594.22603962792
t378,15425.541751980503,1413.5838832579275,8083.488217663968,18798.150990508064,13950.822376422098,1934.3294201870074,2438.6669521029107,539.6623065786297,12980.514296728028,75.74850722614184,0.00143730919052151,0.0015629317348193942,0.0022643133000628517,74.73633931245132,2985.934566034323,13924.251003358639,815.6920098222456,2491.8754710177454,0.0,47.59514823746589,972.5723779185374,216.4940340670129,456.31911234123106,1133.9716960152725,3.835459755275113,1.0687302642536394,2.2265950513749413,0.25778232260834033,1.3643265622314809,3.4062834537488516,12.220970980816983,4.273025624840394,36.1218491759291,129.17654024147578,22.298107096482273,200.7184965518811,41.17843446405861,187.95224255607602,23.775291556817198,122.97996626793382,313.75226810739844,1290.8198989415955,363.7679694932666,4362.873130319521,10629.57471610599,4043.708013103837,120557.30582333184
t379,13312.378094510113,1136.4479000385074,6736.259793986165,17077.59775221952,9686.389547797118,1127.4132888636439,937.345089625554,273.50918309970604,8550.63533367094,0.7490974769435805,0.0011244052133419131,0.001241548661583972,0.0018436313327742477,61.65414904022339,1268.5449615075565,8474.698035742533,638.5533815461824,2086.221738642853,0.0,35.992312209327324,790.169553068631,170.8283676170487,369.55796550879325,788.3471266479223,10.089137398405494,1.705628040441084,3.40794224122942,0.40092175496803134,2.0977892046602165,4.021517766821073,13.924097765800965,0.0005745304507975899,21.002702229564647,42.851915482390055,0.0004434446223049913,365.77626953380894,149.5524200479178,333.8156085986337,43.84955235110085,224.35203559103024,445.9053195899605,1536.2023358114502,536.1186569064208,7474.884358230969,15809.330960631401,5841.968719441165,106384.55578899766
t380,11199.214452459208,859.3131879905089,5389.031826599257,15389.914070431641,5421.957538854447,669.7161509234791,272.3199291871663,7.596632357056172,4906.055663199059,0.7482968219687998,0.001264705588539921,0.0013908739386498071,0.002037624794881237,41.086772986138314,521.3052298346671,3025.146244744018,549.9437901545472,1884.1256115483047,0.0,29.6560278633658,675.2063955203346,148.03684714508228,330.272732254618,568.4113474324377,4.767602708807279,0.0010197760144526522,0.001115696513268461,0.0008221769473255777,0.0010329631093747359,0.0011449447830855582,0.0011903981448176575,13.239416876279684,97.38629513509791,485.8659246395505,87.49983134466956,261.38120247309996,204.64148998756764,420.897737500948,51.145455779803235,273.97034374067135,537.4176356190114,2001.4584178711207,726.683764176387,9235.285253556565,21326.884371626467,7300.149390150051,94917.74390065325
t381,9086.05111667837,582.179090833225,4041.803887138415,13711.6829600112,1305.1333846820912,173.93201193115826,272.3186672157705,6.973909056615389,668.0710731825191,0.5719084389040493,0.001215816008015707,0.001326408237277269,0.001905762178572969,20.543612634302775,195.4115905724289,329.6165099476749,549.9620950163311,1885.5867823393762,0.0,28.592596663663,627.6828733963449,148.0918967201835,334.4253752699747,474.23332144206944,0.001632840073252934,4.642042819255756,9.221520135757785,1.0662991660402417,5.645767644572207,10.41344277218005,37.38837371300229,25.9695002466181,163.92634392254894,764.1670395440692,171.99208213244302,162.47520552721986,257.96349955136304,526.4292830824213,63.33286901202037,338.4550357950868,656.719404227104,2428.8316279488877,872.3247003476095,10567.062838361046,25316.956431285063,8419.100020142127,85246.95407137353
t382,6972.888116725118,305.0489174788824,2694.576258454804,13257.178161873311,612.3142519504484,0.0074221612022421415,272.31481271890993,0.007260987786388595,0.00762728952566294,0.007702375851446867,0.0011992504281183192,0.0012988875025695867,0.0017858348873776454,0.006696173430676702,152.26521027784113,214.24779366571184,549.8809212207814,1987.2321027377302,0.0,28.612176811532702,627.8450794076084,148.17478299252403,336.6510907342351,489.3336863638548,5.527056449824166,8.815217660377215,17.512646625927694,2.0242196256473366,10.721521416103876,19.776368041153603,71.00863210491089,24.18518434555972,143.87609932634922,690.9459671326384,158.55954536118298,218.88673518601743,300.70744696563145,611.0256068263126,73.10233893369175,390.14721666278587,752.3542762043055,2771.4243169327865,989.0736702445249,10910.270404472949,28269.062872369064,9293.610831454966,84381.22253071662
t383,4859.725650934224,119.03898800717393,1347.3490981141983,13011.435681898272,0.07258042450730257,0.0033603605338721368,0.0101001152885612,0.003572329776771095,0.0037766651879396033,0.0036679056277946027,0.0011680454514774437,0.0012511426815887338,0.0016480476950337017,0.0030219761838966614,0.012858925474567242,0.04591752482157539,510.5433373349735,1888.2658161495544,0.0,28.63079178846107,649.5018539576095,148.2292973755462,313.7711142073842,475.3598967788868,10.143218069754242,7.660659471257776,15.218126358975086,1.759651125003889,9.317104436760912,17.185143060288436,61.70187713137397,21.015654886362164,159.62121875917242,676.1554467429619,135.12087342875517,256.31224186172,319.2605051128542,631.8560710041824,72.97326184966857,386.09494946223884,714.3027987545921,2558.8275715014693,872.0040402083662,8116.80722872565,24422.30619398938,6653.020965621444,69470.67925157175
t384,2746.569552246385,0.266947424745787,0.18875520216020056,13127.374636676732,0.026569261410381753,0.003436214685847532,0.006091603226879499,0.0035078453626374005,0.003721165490385752,0.0036638230713921956,0.0012138617919661126,0.0013010167020720137,0.0017195741465837104,0.003024304607479482,571.715777708468,0.00581425327963831,375.17469668937736,1856.3677435229326,0.0,30.137126322514007,738.5978240157068,151.66158141778112,247.50439670876622,392.026043500072,7.510780833251371,5.671369813799655,11.266407882565675,1.3026690237546064,6.897683838319724,12.722642868718697,45.679832963583664,15.55849727084283,74.49422776917613,496.3358964877024,98.99787408432871,281.9011720507532,213.59712980892877,422.7353621749858,48.82172136744208,258.3118870996266,477.8953245251205,1711.9520256526384,583.403434007876,4855.427887208489,16095.574139828113,4413.046442931928,50376.74955385136
