Costs,Total,Zone1,Zone2,Zone3,Zone4,Zone5,Zone6,Zone7,Zone8,Zone9,Zone10,Zone11,Zone12,Zone13,Zone14,Zone15,Zone16,Zone17,Zone18,Zone19,Zone20,Zone21,Zone22,Zone23,Zone24,Zone25,Zone26
cTotal,2.252612479500002e13,5.881132500001201e11,5.775543950001213e11,8.927517150001213e11,1.318320750000125e12,7.467704700001201e11,1.00398152500012e12,5.4309275500011835e11,9.270377200001208e11,1.2228002750001191e12,1.0687385800001188e12,4.150794900000416e11,3.73812275000121e11,6.252081800001189e11,5.841767650001189e11,1.5420747150000566e12,1.644448645000121e12,5.014404950001197e11,4.1778847500005615e11,2.711048450000495e11,6.566142550001206e11,1.143437940000121e12,1.1253092450001208e12,1.2798129100001226e12,7.3832466500012e11,2.214233490000124e12,1.0409697000011916e11
cFix,0.0,0.0,0.0,0.0,0.0,0.0,0.0,0.0,0.0,0.0,0.0,0.0,0.0,0.0,0.0,0.0,0.0,0.0,0.0,0.0,0.0,0.0,0.0,0.0,0.0,0.0,0.0
cVar,0.0,0.0,0.0,0.0,0.0,0.0,0.0,0.0,0.0,0.0,0.0,0.0,0.0,0.0,0.0,0.0,0.0,0.0,0.0,0.0,0.0,0.0,0.0,0.0,0.0,0.0,0.0
cNSE,2.252612479500002e13,5.881132500001201e11,5.775543950001213e11,8.927517150001213e11,1.318320750000125e12,7.467704700001201e11,1.00398152500012e12,5.4309275500011835e11,9.270377200001208e11,1.2228002750001191e12,1.0687385800001188e12,4.150794900000416e11,3.73812275000121e11,6.252081800001189e11,5.841767650001189e11,1.5420747150000566e12,1.644448645000121e12,5.014404950001197e11,4.1778847500005615e11,2.711048450000495e11,6.566142550001206e11,1.143437940000121e12,1.1253092450001208e12,1.2798129100001226e12,7.3832466500012e11,2.214233490000124e12,1.0409697000011916e11
cStart,0.0,0.0,0.0,0.0,0.0,0.0,0.0,0.0,0.0,0.0,0.0,0.0,0.0,0.0,0.0,0.0,0.0,0.0,0.0,0.0,0.0,0.0,0.0,0.0,0.0,0.0,0.0
cUnmetRsv,0.0,-,-,-,-,-,-,-,-,-,-,-,-,-,-,-,-,-,-,-,-,-,-,-,-,-,-
cNetworkExp,0.0,-,-,-,-,-,-,-,-,-,-,-,-,-,-,-,-,-,-,-,-,-,-,-,-,-,-
cUnmetPolicyPenalty,0.0,-,-,-,-,-,-,-,-,-,-,-,-,-,-,-,-,-,-,-,-,-,-,-,-,-,-
