BalanceComponent,Generation,Storage_Discharge,Storage_Charge,Flexible_Demand_Defer,Flexible_Demand_Stasify,Demand_Response,Nonserved_Energy,Transmission_NetExport,Transmission_Losses,Demand,Generation,Storage_Discharge,Storage_Charge,Flexible_Demand_Defer,Flexible_Demand_Stasify,Demand_Response,Nonserved_Energy,Transmission_NetExport,Transmission_Losses,Demand,Generation,Storage_Discharge,Storage_Charge,Flexible_Demand_Defer,Flexible_Demand_Stasify,Demand_Response,Nonserved_Energy,Transmission_NetExport,Transmission_Losses,Demand,Generation,Storage_Discharge,Storage_Charge,Flexible_Demand_Defer,Flexible_Demand_Stasify,Demand_Response,Nonserved_Energy,Transmission_NetExport,Transmission_Losses,Demand,Generation,Storage_Discharge,Storage_Charge,Flexible_Demand_Defer,Flexible_Demand_Stasify,Demand_Response,Nonserved_Energy,Transmission_NetExport,Transmission_Losses,Demand,Generation,Storage_Discharge,Storage_Charge,Flexible_Demand_Defer,Flexible_Demand_Stasify,Demand_Response,Nonserved_Energy,Transmission_NetExport,Transmission_Losses,Demand,Generation,Storage_Discharge,Storage_Charge,Flexible_Demand_Defer,Flexible_Demand_Stasify,Demand_Response,Nonserved_Energy,Transmission_NetExport,Transmission_Losses,Demand,Generation,Storage_Discharge,Storage_Charge,Flexible_Demand_Defer,Flexible_Demand_Stasify,Demand_Response,Nonserved_Energy,Transmission_NetExport,Transmission_Losses,Demand,Generation,Storage_Discharge,Storage_Charge,Flexible_Demand_Defer,Flexible_Demand_Stasify,Demand_Response,Nonserved_Energy,Transmission_NetExport,Transmission_Losses,Demand,Generation,Storage_Discharge,Storage_Charge,Flexible_Demand_Defer,Flexible_Demand_Stasify,Demand_Response,Nonserved_Energy,Transmission_NetExport,Transmission_Losses,Demand,Generation,Storage_Discharge,Storage_Charge,Flexible_Demand_Defer,Flexible_Demand_Stasify,Demand_Response,Nonserved_Energy,Transmission_NetExport,Transmission_Losses,Demand
Zone,1,1,1,1,1,1,1,1,1,1,2,2,2,2,2,2,2,2,2,2,3,3,3,3,3,3,3,3,3,3,4,4,4,4,4,4,4,4,4,4,5,5,5,5,5,5,5,5,5,5,6,6,6,6,6,6,6,6,6,6,7,7,7,7,7,7,7,7,7,7,8,8,8,8,8,8,8,8,8,8,9,9,9,9,9,9,9,9,9,9,10,10,10,10,10,10,10,10,10,10,11,11,11,11,11,11,11,11,11,11
AnnualSum,1.0541593544373243e8,3.10904858680221e6,-4.145641126137351e6,1.7085492980159682e6,-1.708549297955985e6,0.00899590469672563,0.00042416673685568857,1.0260637527173802e7,-170694.43260912818,-1.14469286e8,3.670963964810047e7,7.447175183887596e6,-8.902599882280748e6,109966.62240896313,-109966.62240896325,0.008402963170107903,0.0004349646009105917,-2.499948344934435e7,-142735.50592133595,-1.0111996e7,589087.9779295289,443504.64985726285,-523989.4255214471,83677.80650237082,-83677.80645618071,0.008350093246581003,0.0004266581335095913,7.273206239041397e6,-126344.44770252483,-7.655465e6,2.8590818729098e7,116.74051929141399,-137.92585323503548,167441.83951161744,-167441.8394619488,0.008676544728162771,0.00042686855761760634,-1.2889348104157725e7,-533417.4457016506,-1.5168032e7,1.131161477074841e7,54311.33465214658,-64167.45577296408,19312.722430345308,-19312.722380676438,0.007905655914581384,0.0004260575054062508,-9.501899564054826e6,-67820.09129771286,-1.732039e6,4.624555470346292e7,2.9962235547701092e6,-3.9601589387469147e6,102499.39595418767,-102499.39590451882,0.008513007405393822,0.0004270971728639368,-3.559585927720387e7,-316340.04871456703,-9.36942e6,6.308567691944472e6,133.5588229710934,-157.796285787159,190908.27919778335,-190908.27919778283,0.008745046416480553,0.0004387691987554355,1.099655566497468e7,-606928.1258655607,-1.6698171e7,2.9593973145805452e7,124152.0935450779,-146682.53009896778,684610.3277843705,-684610.3277843528,0.009199143310747736,0.0004376937072256699,3.427924546299195e7,-126087.17665812798,-6.3724601e7,2.8051115354740266e6,152.79981707929701,-180.5290289772343,234012.42544469668,-234012.42544469642,0.008858885812357003,0.0004344586645034079,1.7213176192811187e7,-165753.0060188252,-1.9852507e7,1.533203901055706e8,3.685747374814544e6,-4.816001929687426e6,2.093674141531554e6,-2.0936741415124682e6,0.009638728140114045,0.00042168951200901645,202134.85207293052,-111275.40246941848,-1.52280995e8,5.7552704868797e8,1.6023550538287198e7,-2.027089902946581e7,6.830177010588882e6,-6.830177010588876e6,0.014796358896515914,0.00043434458315906235,2.761634455694849e6,-303874.6510300687,-5.7373746e8
t1,10061.421699894616,0.0001272514128251197,-0.00026819401309588346,120.65421139198317,-279.3401957230932,6.285657309508839e-7,2.8832797655143303e-8,-173.48030321339482,-2.2552711655790767,-9727.0,1770.224524153202,212.62127199303757,-0.00033195356954359345,8.093152574414836,-17.65177282293666,6.110069013465738e-7,2.90340141944738e-8,-1111.8033792679062,-4.483464971378796,-857.0,41.652326100125784,6.0893322618115214e-5,-0.0002640834823105985,6.140689800298516,-13.395730506765144,6.083428700648463e-7,2.888666503772656e-8,618.8425942026533,-4.2396768394427635,-649.0,4070.5372766188407,5.804278299596202e-5,-0.000245103705288787,12.153850094941191,-26.49842499913496,6.115519138663358e-7,2.881074516093551e-8,-2725.810960733113,-45.381554252244094,-1285.0,2112.9701456494186,33.065671890241866,-45.79998658552275,1.1552526584615983,-3.848203921460649,5.714416583905391e-7,2.8761408105301035e-8,-1937.4649912586265,-13.07788878305751,-147.0,1484.0759522793846,0.00014085629090020586,-0.0003110081892466317,7.420565814207808,-16.18794230219874,6.114139279315243e-7,2.8874422762533857e-8,-669.0207334048906,-11.287672644934466,-795.0,437.4189996433285,4.824196391538841e-5,-0.00021700287859078418,13.757563920740525,-29.99110012221431,6.198621648620515e-7,2.9313662563588752e-8,1040.0630726193417,-51.24836764142112,-1410.0,2381.1151176122676,4.157463056004073e-5,-0.00021007374544915522,49.23542948603757,-107.35354778648224,6.269644085899384e-7,2.907422601165329e-8,3111.270384947379,-10.267215784357038,-5424.0,0.00257659916458725,4.4501223462615484e-5,-0.00021123861631092085,16.768800249673774,-36.5689672882673,6.153034485132302e-7,2.8858259463156334e-8,1699.2325294760233,-8.434772694323756,-1671.0,12436.3744003576,0.00025189567357044137,-0.0002346513360446537,141.72552992449695,-318.92333566223834,6.279877586766259e-7,2.869344782609909e-8,74.03376172991356,-1.2103734521474114,-12332.0,50037.22583843084,0.0002529112265848696,-0.0003021896439281331,520.17967548212,-1175.4516431389477,6.288094949039928e-7,2.910754522304212e-8,74.13802490261999,-3.091852233871232,-49453.0
t2,9096.642342730453,0.00010474464875575184,-0.00037677016943775935,40.144006652215545,-215.5259711523962,6.253298385308534e-7,2.883084819093663e-8,-10.128415854658869,-0.1316900940546849,-8911.0,1826.534066565677,0.00015333424259367703,-0.0005542401529803693,2.594932116753047,-20.984197824396034,6.089748589461964e-7,2.9056089055299847e-8,-994.4992673315923,-6.645132919439221,-807.0,41.652124414178836,6.749227437862286e-5,-0.00043011585762806775,2.0533870753061354,-10.615639597926375,6.059577977910944e-7,2.8894628979113715e-8,579.6161688908321,-1.7056785897408957,-611.0,3911.368938366039,6.590277301759692e-5,-0.00035727421989560605,4.06235672459003,-20.99167387157611,6.092649821098698e-7,2.882656963172709e-8,-2641.6766706938606,-41.762659484648005,-1211.0,2091.4303056982767,38.71108125108316,-40.15570335175455,0.3562194565999856,-1.7990244075940351,5.713157121420493e-7,2.877616156572227e-8,-1937.4649902190251,-13.077888779407576,-138.0,1472.4050690707277,0.00011532728672541926,-0.0004928639739079578,2.48210388746938,-12.8255837924786,6.088735637763152e-7,2.888163905018935e-8,-705.9338854265152,-7.12732660923134,-749.0,14.12070087867364,5.460400700680028e-5,-0.0003084071811949201,4.5977071941685494,-23.757428530734785,6.173211096197171e-7,2.932757085809315e-8,1378.349390716209,-46.31011679258739,-1327.0,2126.906906624801,4.799941193420373e-5,-0.00029563414848171767,16.459334726486745,-85.0435003356069,6.243273724419049e-7,2.909040469330024e-8,3067.801276736426,-10.123770136523689,-5116.0,0.002217972169752273,5.128756634511791e-5,-0.0002952389338393945,5.606872854932063,-28.970614707416445,6.146873628295238e-7,2.892931850510304e-8,1603.3730185854095,-9.01125114920799,-1571.0,12508.21297868664,0.0001129168403047046,-0.00043505828574969354,48.2312181456025,-253.60449373604172,6.241330868069073e-7,2.8384722913255184e-8,-735.4339218554155,-5.405458911997578,-11562.0,47238.11210731002,9.839477326399267e-5,-0.0007170192187788846,181.97535357797955,-1276.0549184213492,6.33985876055552e-7,2.8935525246571337e-8,395.99729645219185,-5.029196018094969,-46535.0
t3,8886.558993173647,0.00011101224859750794,-0.0005346561834284239,30.99796611198008,-181.45828496792572,6.23568427210431e-7,2.8831034540129633e-8,-329.8106929308281,-4.287557589392069,-8402.0,1714.9418518563273,0.00018430857371332945,-0.00027143449736719856,2.108742371861671,-8.503197039139966,6.08976419071733e-7,2.9075685812779574e-8,-922.8273343348606,-11.71997602699278,-774.0,41.6518692944938,9.584222383810973e-5,-0.000193673354557056,1.600489492109546,-9.030320923636989,6.057839224634789e-7,2.8913032152792984e-8,554.4115562355021,-2.633496698088163,-586.0,3891.5348653662995,8.619593213805439e-5,-0.00020628668244530483,3.1649325331744405,-17.86203059779832,6.085173423061051e-7,2.8842772257348907e-8,-2666.739950775467,-49.09769676318056,-1161.0,2078.943149850398,42.20617707234961,-36.66080171773811,0.2829581402110084,-1.228605132253212,5.712603430132661e-7,2.8794391073487095e-8,-1937.464989788135,-13.077888777868981,-133.0,1472.3889489307992,0.00012764206590742345,-0.00046497917731289345,1.933997129670826,-10.914160824439227,6.078775784165475e-7,2.8896047919806995e-8,-741.2573628875255,-4.151085415903483,-718.0,14.479445116986295,6.94359159382279e-5,-0.00019632297507161123,3.581770613440675,-20.215969705950513,6.162420533675712e-7,2.9341695122331173e-8,1310.3146485051443,-35.15976797882239,-1273.0,2305.9710698805425,6.19206626613117e-5,-0.0001858173767503037,12.82398328265714,-72.34646972759468,6.231607247608129e-7,2.9105627689758963e-8,2672.3703895078675,-8.818849061374074,-4910.0,0.00195090365838861,6.567415356129678e-5,-0.0001850316291016547,4.368650245985407,-24.643154174771023,6.134546828560989e-7,2.8942165527001564e-8,1539.8903237991624,-12.61765181083661,-1507.0,12350.384774920536,0.000115931647255878,-0.000414599217672078,38.03230370561905,-210.59230838815412,6.230677054837497e-7,2.840497702842092e-8,-1039.1863560192626,-7.638115280536357,-11131.0,43506.49572799399,0.00010592151968459006,-0.0003943919069617944,124.93601216333724,-622.1224842995181,6.331430631439747e-7,2.8950976519674127e-8,1560.299768688402,-23.60874481039345,-44546.0
t4,9243.448601440257,0.0001404596107180775,-0.0007880703440859287,20.384232648814823,-108.47216012843313,6.227372785142192e-7,2.8835373357067145e-8,-1062.6813824435417,-13.678643611300439,-8079.000000000001,1640.2795515123694,0.00024824094389760737,-0.0001988767846954574,1.4038799886874254,-3.0852080558144563,6.089723209276318e-7,2.909228060303091e-8,-870.1853630357535,-12.412910071712284,-756.0,41.65153869902655,0.00014999128581957223,-0.00012140233428667927,1.0656128566418253,-5.158906992539372,6.059539085593399e-7,2.893640315091146e-8,537.6542656528378,-3.2125392358778586,-572.0,3840.328202132766,0.00013622788889613494,-0.00011939783459380564,2.106527622585455,-10.203450146663684,6.08585196304266e-7,2.886513517038294e-8,-2638.6459057106963,-59.58539106370817,-1134.0,2084.204395888656,37.40522733458796,-41.461837085980044,0.1790224390011719,-0.7839298447878946,5.712884152483811e-7,2.8817617938539985e-8,-1937.4649903017153,-13.077888779348255,-129.0,1264.5939526048842,0.0001741656246424831,-0.00037915337840852074,1.28774768414494,-6.236518127715892,6.079128801591225e-7,2.891769204536694e-8,-555.5339066702614,-3.111070895898539,-701.0,16.311999716001452,0.00011131812014584379,-0.00010907908674537675,2.3838055510891216,-11.546930665692358,6.162932464563551e-7,2.9362330067194314e-8,1262.8504209026107,-28.999298079845534,-1241.0,2709.868275592435,0.00010076005401598712,-0.00010425681983967168,8.535219315616638,-41.361257927767504,6.231874638692755e-7,2.9126888209988614e-8,2120.8797924261703,-6.922025932263559,-4791.0,0.0017531695613801199,0.0001014524232030928,-0.00010689323554450244,2.907968897010554,-14.093716763604627,6.132187921282115e-7,2.8961266274013285e-8,1496.3087393034675,-16.124739559818924,-1469.0,12390.084300222501,0.00015138340309673646,-0.000398098047788622,25.51519000369472,-121.98433327857207,6.228256075723532e-7,2.841738098017227e-8,-1421.7649598856553,-15.849950145432738,-10856.0,40561.85512112321,0.0001198199718517883,-0.00031525744820036343,85.63082245297308,-304.9235785822807,6.323289440290349e-7,2.8948958874732896e-8,3068.583289762537,-50.14545117595093,-43361.0
t5,9488.360065146097,0.00032872935712613757,-1225.1217755510322,6.976818168426147,-74.64164975106156,6.221260796486862e-7,2.8799990543108916e-8,-269.07582275889695,-3.4979638323046887,-7923.0,1589.8048888465312,0.0006502955701984671,-0.00015747964055405324,0.5095485976409515,-4.737819166064795,6.088263056306721e-7,2.908310421434401e-8,-824.4030129824885,-13.174098408958177,-748.0,44.3715216999741,0.0005003269175645368,-7.592878503186224e-5,0.3864882526350226,-3.5962479997465864,6.066539504257649e-7,2.8949908121788917e-8,528.6571328164495,-3.819319599666332,-566.0,3834.063744713951,0.0004470143482788549,-7.495317937995333e-5,0.765748276751922,-7.108922536982475,6.090419659145949e-7,2.8875389707889138e-8,-2646.535056981555,-59.18588586112902,-1122.0,2105.4666574014113,26.213207767959517,-52.65378796611009,0.05932087794978326,-0.5425189765552462,5.7207072860207e-7,2.8834851974598123e-8,-1937.464990678427,-13.077888780168626,-128.0,436.70097882775417,0.0005240556903853057,-0.00034821860956952595,0.46703230017450853,-4.345427989581242,6.081901415891842e-7,2.8922519023253472e-8,262.5029524947841,-1.3257118739369909,-694.0,22.411803923663925,0.0004067746176511042,-6.677626734306701e-5,0.8670000266934853,-8.04448168525967,6.167918279915272e-7,2.9370509684043626e-8,1229.9538143104414,-16.188476912227664,-1229.0,3916.6752303084677,0.00039755187115550857,-6.645012330603384e-5,3.101615775411522,-28.807525529993143,6.236236430560628e-7,2.9129773347739633e-8,853.8480732698313,-2.81772495019062,-4742.0,7.46148462252925,0.0003933706327833941,-6.116996394643146e-5,1.0560327567151155,-9.814239619347921,6.134446723058661e-7,2.8963473244210585e-8,1467.525534934876,-12.229145290338538,-1454.0,12615.902010326858,0.00040428558073247393,-0.000619077850631466,8.751137894728215,-85.20283483252507,6.215991631242272e-7,2.8362226190251133e-8,-1775.003821077747,-18.446277247256152,-10746.0,39839.752863548936,0.00018607788027883665,-0.0002419932102857618,39.28449310452538,-245.36105899170494,6.286367808740555e-7,2.8846209305992564e-8,3109.995196652733,-50.67144044900309,-42693.0
t6,10565.754830376682,0.0002994371116785138,-1829.9997509509988,14.092633665360259,-85.45681458595259,6.121459918209214e-7,2.8644939002423096e-8,-745.6971051203321,-9.694092394456568,-7909.0,1597.1351852130915,0.0005156113161617208,-179.2095220366257,1.0100458446081966,-5.558261263129356,7.045875270882472e-7,3.215757022698011e-8,-655.7484784461436,-13.629485393023812,-744.0,50.65870538061658,0.00044003334488598256,-4.4313775268119823e-5,0.7664306616798945,-4.2194842040014,6.787520729863944e-7,3.2005428462898786e-8,520.8325947639223,-5.038642827381673,-563.0,3272.3843817558018,0.00043896605915000716,-4.3561808284327394e-5,1.5165843557995768,-8.338171018431558,7.456485406249837e-7,3.1923194252775466e-8,-2093.7808005999505,-55.782390370631596,-1116.0,2088.1694491837893,34.33797936775767,-44.52901639066685,0.11957029462671044,-0.5551097100921947,5.566141196724699e-7,3.183383993868626e-8,-1937.464984278066,-13.077888765536777,-127.0,2989.5335081764315,0.0004598517549445466,-1166.699601313222,0.9261760962253124,-5.0991088251378285,6.978058867948436e-7,3.194577431825261e-8,-1121.3816393377188,-6.279795056568494,-691.0,112.89266543360826,0.0004244064037550766,-4.092301623176234e-5,1.7166049480365213,-9.434920403916458,7.55666136271871e-7,3.2303419972846377e-8,1140.5087967475986,-22.683530717603684,-1223.0,3869.393168056773,0.0004170292410270956,-3.9783024029873714e-5,6.1439237998645595,-33.786227522467776,7.953587705821508e-7,3.2043883144103814e-8,880.1532964696039,-2.904538353529402,-4719.0,24.61902755895206,0.0003827535074804216,-5.005502672792258e-5,2.0926564585964558,-11.5122837073225,7.659060417335845e-7,3.2020254832301754e-8,1445.9757457883288,-13.175479408399566,-1448.0,12871.746239145967,0.0004596143682376836,-1489.9995347677523,18.028887639287326,-101.15349986870233,7.996983449735822e-7,3.171832780645226e-8,-543.3965116252276,-10.226040253972085,-10745.0,39821.21741128461,0.000959907144606531,-0.00024372471299936591,63.36454238907541,-149.91026349205492,7.77005760846278e-7,3.178371924163181e-8,3109.999085637984,-50.671491462886706,-42794.0
t7,7070.853444229902,3.799060574045382e-5,-1830.0009636495538,35.395667772954205,-80.35714536124658,5.958338589583918e-7,2.8717909945195434e-8,2729.328137507512,-30.21917826498019,-7895.0,6077.313623844036,4.0524141697010604e-5,-2081.7222889265713,3.4970958132022774,-2.467444163697999,5.720657808314984e-7,2.8654008025049655e-8,-3224.579951088205,-23.041076168984745,-749.0,124.37796206647326,3.553021462405269e-5,-216.63576047964114,2.6521074331124,-1.87310812914289,5.70858376679682e-7,2.852136717269782e-8,681.1698173408365,-22.6910540628185,-567.0,2621.4939924320747,3.360737841017961e-5,-0.1606592427621391,5.2568588232172715,-3.7021901739494893,5.717969819282109e-7,2.8424669998429782e-8,-1402.7962380068002,-97.09179763943652,-1123.0,2010.8810301086683,73.26083964089892,-5.606598529028683,0.4710387145459252,-0.4651595540065737,5.664440967832828e-7,2.851122581587967e-8,-1937.463266326467,-13.07788430561895,-128.0,5151.971427947394,3.9030253928207526e-5,-1563.4094098159019,3.2049283455191384,-2.263360786690374,5.713073895977441e-7,2.8526878128786948e-8,-2832.3784387428063,-62.12518627819089,-695.0,396.44190710478887,2.8616232259896644e-5,-0.18492433144594198,5.952422312926239,-4.1894768275954135,5.794427295280784e-7,2.896484389829439e-8,931.520626939605,-97.54058403794802,-1232.0,4793.764539791154,2.6893829610671452e-5,-179.91157886276903,21.294072437149854,-14.997238416893673,5.864377534734927e-7,2.86989402510454e-8,144.52909907784544,-21.678920924338204,-4743.0,226.11628944733434,3.4562107690885356e-5,-0.1470547852042209,5.468850675931424,-11.75861529250839,5.838104148096018e-7,2.859031205866085e-8,1269.312311525026,-28.991816506832045,-1460.0,12541.113932035552,4.7327047981327e-5,-2222.5110753087315,46.8790103676202,-100.93641165794031,7.186763092749694e-7,3.1366924340387047e-8,531.3581376334031,-18.90364051054382,-10777.0,43306.828640759384,0.0002612772970156139,-3692.999719504981,228.7371911004169,-161.89463841812668,6.843050659976219e-7,3.138482337744154e-8,3109.99976414005,-50.67149763983407,-42740.0
t8,7366.312630418367,0.00011321419896825424,-1830.0004927605573,83.9709535342588,-70.49042744058349,5.962667070909028e-7,2.8736254561678484e-8,2692.2558001251605,-30.048576781839774,-8212.0,7610.432345567884,1255.460155994861,-3937.489113897477,6.530891808132295,-8.199246964176316,5.708872799834992e-7,2.887368279549003e-8,-4101.693955933187,-23.041076638810964,-802.0,138.6157087621752,41.18579952541017,-219.97701024096227,4.9783080845441905,-6.332204202820671,5.691875369350158e-7,2.871948097876325e-8,671.2204537640512,-22.691055995407105,-607.0,2294.9858045972833,0.07618144377331797,-0.15347379654953167,9.49036960500014,-13.221652689390634,5.705194431242197e-7,2.8638072436852112e-8,-993.0854418912942,-97.09178747128321,-1201.0,1381.3911852342897,3.989485861842837,-74.87789414992605,1.131406763823198,-0.9050914400862398,5.650996992881714e-7,2.871673741904005e-8,-1160.6512208479155,-13.077871675777581,-137.0,5163.92024644306,175.85690281499086,-1465.266094593227,5.820311009605032,-8.057886459900534,5.696104387992162e-7,2.8745846233222484e-8,-3067.148290556314,-62.125188929558796,-743.0,475.5768178519339,0.08604861375475978,-0.18133743814553344,10.787520662827086,-14.709137623476481,5.774506242098542e-7,2.915711839346625e-8,946.9806760667506,-97.54058834574359,-1321.0,5110.252281962027,78.95818952519862,-152.77512381857602,38.113700669787214,-55.24974564524321,5.852655466238326e-7,2.889726706015559e-8,64.37961977737588,-21.678922475134133,-5062.0,265.8460429923354,0.0008728416725681282,-0.04687014129760973,13.845574749094757,-11.205225129774913,5.834560836719134e-7,2.8826843963373955e-8,1327.276352043601,-28.716747722728073,-1567.0,12137.73558195765,0.0009208942402420769,-1742.637354530542,114.26723965136478,-95.45520474094852,7.701689396528243e-7,3.156661334302026e-8,1105.7577825710407,-15.668965875031436,-11504.0,52065.73944129644,4.6578328545420294e-5,-9279.628884978265,445.1322385984628,-516.4097772767291,7.406044439502186e-7,3.140492164949718e-8,2514.70822488073,-47.54128880262017,-45182.0
t9,8227.629898766307,0.00018185551293676194,-1830.0003032402478,112.99082098840915,-86.84855435837791,5.968455715275447e-7,2.872116133907112e-8,2641.035078227556,-29.807121866773578,-9035.0,7244.458570170919,1485.933881759531,-3707.016291909486,8.599108053821006,-7.310384125111002,5.710824147791287e-7,2.8852963658791517e-8,-4132.62380745939,-23.04107665760951,-869.0,146.78584918787303,76.7204944960315,-184.44318302080927,6.550758116444653,-5.525825391642381,5.699161791057868e-7,2.8723680699508763e-8,640.6029610828097,-22.69105477692475,-658.0,2171.068455490843,0.11066921104644976,-0.11960103889548145,11.856408278962325,-13.47286771958559,5.707740498217995e-7,2.8619250642183505e-8,-768.3512781716968,-97.09178625529837,-1304.0,1156.493306686421,34.99944998285276,-43.86795917385058,1.4057162724949464,-1.3206908211871875,5.655198368554457e-7,2.872085946602005e-8,-985.6319513275382,-13.077871875322213,-149.0,5483.495635239843,192.0085996174786,-1449.1150204191556,7.294889286484556,-8.078627834727913,5.701913318637883e-7,2.875185259083232e-8,-3357.480287416615,-62.125188756256584,-806.0,559.7615802993993,0.12845873828553347,-0.1395391109810951,13.477487963583625,-15.39567179537214,5.782153389713386e-7,2.916039251937765e-8,973.7082721367854,-97.54058848413027,-1434.0,5577.69290448359,96.24512057434941,-135.4888296211456,47.21415001464139,-60.76236579570887,5.86326986271313e-7,2.8892835892527e-8,-10.222057050715993,-21.678922615656216,-5493.0,288.3584929329195,0.0008468947665321874,-0.02654594334074061,17.951713068612275,-13.75349619210221,5.83480511497507e-7,2.8805966453673443e-8,1436.8079264679805,-28.33893760810406,-1701.0,12919.666686839442,0.0007388968338545667,-1635.358363975427,150.1224324102788,-117.91708864091274,7.178241455055594e-7,3.138236650827709e-8,1100.9485061505516,-15.462911807004824,-12402.0,54376.92894643341,0.0006099939271142162,-7517.838886469129,577.5687796178632,-507.3944972572403,6.59555418703148e-7,3.128196698516698e-8,2461.2066373602725,-47.47159002555923,-49343.0
t10,9297.157799557568,0.0002064172136490387,-1830.000284043107,167.37346621977687,-118.65495533496406,5.972917261300993e-7,2.8738016380882676e-8,2571.6426205078124,-29.5188533098542,-10058.0,6790.848330738055,1796.8605842278905,-3396.089760615519,12.149589604909503,-8.878311893109336,5.726212521679272e-7,2.891625540046724e-8,-4235.849355575121,-23.041076664495368,-936.0,139.54290455462638,93.88914720208278,-167.2747063281214,9.23875684114461,-6.69017393593168,5.70353739487679e-7,2.8754473376895224e-8,662.985125775919,-22.691054413833776,-709.0,2238.896842963945,0.07800301188752348,-0.1523990117600173,15.637690848563153,-22.04735546995716,5.718169433724461e-7,2.8665252008798975e-8,-731.3209968524408,-97.0917856915544,-1404.0,1003.0281672253938,30.780612962412118,-48.08681547989356,1.8096559524285885,-2.59126697632518,5.655194221575593e-7,2.8744430036762994e-8,-811.8624819954352,-13.077871942587752,-160.0,6473.383287584713,209.47764112719548,-1431.6461113289895,9.520692032243096,-13.678402774800128,5.706769781311109e-7,2.877878404328845e-8,-4317.931918313704,-62.12518866832908,-867.0,619.6145285375068,0.09291134679972048,-0.1752176486994217,17.82183409463532,-25.290519643873374,5.789982708716516e-7,2.918885450619626e-8,1029.4770516634135,-97.54058859061162,-1544.0,5213.966620649374,100.44688671692178,-131.28720351133367,66.02042388405329,-82.97225132787331,5.873899856526273e-7,2.8922071758536247e-8,764.5044463996294,-21.678922816882856,-5909.0,268.72496670672643,0.0008219921843553014,-0.02403041613955258,25.226474889192282,-18.110354349191994,5.844891316203915e-7,2.884679240236714e-8,1584.9038516055703,-27.72173080745717,-1833.0,13799.911162842882,0.0009367959467375001,-1622.8624218236687,211.8774167758487,-158.29099003841986,7.678196798959961e-7,3.153688233544087e-8,1075.09578825244,-14.731892946775304,-13291.0,58709.80256507325,0.0006802703519667002,-7478.0603718999555,759.7635229041413,-683.792754011828,7.296171163944179e-7,3.1342350993617335e-8,2408.355868531917,-47.06950935010126,-53669.0
t11,10187.750505138245,0.0002182312852158187,-1830.000276111342,200.9997770119479,-148.6477052279251,5.977146858771653e-7,2.8758114463649482e-8,2478.975257830239,-29.077776541973673,-10860.0,6409.480446079075,2032.4269296742475,-3160.5234967359042,13.95325241322165,-10.505838297097815,5.739465392734981e-7,2.8968301950960758e-8,-4273.790216621919,-23.04107669521087,-988.0,144.63663271491296,105.36092254516912,-155.80301284596393,10.6083585711669,-7.9023697041189465,5.71053992877935e-7,2.8790205762655142e-8,673.7905457039011,-22.69107730233148,-748.0,2304.0131509883286,0.00885383833891314,-0.0015341387470086596,21.272289337361332,-11.398678052790073,5.804410119685673e-7,2.8722486697481717e-8,-742.3203675620072,-89.57371461015227,-1482.0,1104.536485898766,0.010090417110163553,-0.001812057002240813,2.5314640027398982,-1.1011311824003323,5.737126029576127e-7,2.8797445729639944e-8,-925.729014750289,-11.246082592482404,-169.0,7252.57153784573,0.010087439804853526,-1166.7014867613298,13.140021849809651,-6.3915439787408275,5.793694528323085e-7,2.8844591131553216e-8,-5120.167845191217,-56.46077149855261,-916.0,653.6456614362756,0.008631800713116977,-0.0012258123214534773,24.161066187364625,-13.333812564900292,5.875416130147023e-7,2.9242200918764742e-8,1053.561949678452,-89.04227095591605,-1629.0,4382.682585954565,0.008914658838264238,-0.0010871205923229058,83.77844175012639,-65.45235619878257,5.966455101428288e-7,2.8979634877076287e-8,1853.8176466703908,-18.834145742614545,-6236.0,282.53668975980884,0.000829540086158547,-0.022164712847637668,28.84548979863049,-22.250860082414885,5.847456572887424e-7,2.8865182659284917e-8,1670.9386021319542,-27.048586807285588,-1933.0,14725.479119186926,0.0009315748109710391,-1639.3085688098622,241.0731487741651,-215.445606541046,7.67342290665131e-7,3.1443247030788974e-8,889.3240443056204,-14.123068484845522,-13987.0,60568.25134520771,0.0004757191465975393,-5987.300707459502,859.1661836696936,-764.1421703173465,7.246013666046647e-7,3.128719135631661e-8,2441.599397804876,-46.57452292925401,-57071.0
t12,11406.580102124446,0.00022420594167774885,-1830.0002707628028,236.87975480161379,-176.68263809840917,5.982272967769564e-7,2.8787413134257052e-8,1762.5914332508526,-26.368605203657616,-11373.0,6230.06038914269,2154.0445395838897,-3038.905972921337,15.980794720817467,-12.256104058822896,5.763034862844577e-7,2.88287596707669e-8,-4298.882569601138,-23.041077056174235,-1027.0,146.28838440423897,106.40185138168562,-154.7621780939133,12.15300135157649,-9.272816880972925,5.733706285576386e-7,2.865848299415289e-8,698.8828348529719,-22.69107732698758,-777.0,2359.5561219542556,0.00308604537799812,-0.0014219377675345653,24.449129610617305,-13.485644088857637,5.835288569982747e-7,2.86086641788601e-8,-744.9192309801185,-85.60204082106726,-1540.0,1536.8396254354516,0.0037494635935124004,-0.0017814829068542317,2.852178163934332,-1.707682010726411,5.757436241422686e-7,2.86604943560239e-8,-1350.6787980581357,-11.307291777664897,-176.0,7443.698553059275,0.0031454513208050154,-1166.7013995709515,14.924140207579523,-8.418899860670786,5.8083144506517e-7,2.868376027824224e-8,-5279.860552823871,-52.64498678619255,-951.0,671.3778516164132,0.0026246560355867063,-0.00119931770953277,27.83547865018239,-15.491856345810223,5.901645830358479e-7,2.9120757887897984e-8,1093.6423236561673,-84.36522313759939,-1693.0,3111.5129494056896,0.0027285870774397367,-0.0010532400063431378,100.6311425816557,-51.74627353422629,5.997235323923257e-7,2.8867000805707268e-8,3336.0624350566673,-17.461928889745067,-6479.0,287.506288097832,0.0007808009808515509,-0.019541911759728126,33.05147290420538,-25.802728330491604,5.882396510522179e-7,2.8735401725619226e-8,1739.9945877606933,-24.730859698666006,-2009.9999999999998,15416.238252683237,0.0007390811840441307,-1595.169841760539,279.29013683579905,-222.291787928478,6.024533364138341e-7,2.835584731481479e-8,625.9094592157838,-13.976957829539776,-14490.0,62344.33217215236,0.0005697958591123543,-4975.181674367729,1018.8648638727136,-680.2181961257838,6.140681220659352e-7,2.8905648952973976e-8,2417.258077670126,-46.05581443413594,-60079.0
t13,12761.996744633469,0.00025056549787914867,-1830.0002357964584,281.42289888297876,-200.44879823985713,6.001011861647638e-7,2.8810677800633745e-8,741.8951884230748,-23.86604814976888,-11731.0,6282.761031575048,2136.941862622609,-3056.0087090976945,18.386786262198893,-13.876933493271446,5.805468662216769e-7,2.9110779374111173e-8,-4293.16296080743,-23.04107723898691,-1052.0,139.87869077956654,122.16603861233101,-138.99806639469875,13.947587340430825,-10.466398748712635,5.792580474419078e-7,2.8986676087139417e-8,693.1632256189331,-22.691077524455498,-797.0,2165.7193388297064,0.0020103277422489404,-0.0016813199517082711,27.921399845493223,-18.322576155782976,5.889772745756646e-7,2.8930257070253952e-8,-515.8395390296378,-81.4789527179336,-1578.0,1298.624058377955,0.002532756108085508,-0.002008450381420401,3.2407148026284096,-2.0059816975020937,5.814504489271013e-7,2.8992216534693497e-8,-1109.3488604760762,-10.510455584008342,-180.0,7295.267247621184,0.0020302451465812298,-1166.7016476238402,16.984698540649234,-11.205531378039087,5.85668328610299e-7,2.8969024543531805e-8,-5108.923005056947,-50.42379264006892,-975.0,630.3244625814455,0.001804142687236506,-0.001473164240228831,31.836379298235226,-20.15672076543754,5.959071699665248e-7,2.9427755756724086e-8,1177.8645717420345,-82.86902406148306,-1737.0,2369.836073894857,0.0017863001250298261,-0.0012963802871768955,116.7976926995064,-61.24607756372057,6.070964316865705e-7,2.922218118449026e-8,4233.781860402395,-18.170039409618425,-6641.0,270.09670992154565,0.000787366067885478,-0.017499938310680696,38.02854797906704,-29.255435217065333,5.933543019453624e-7,2.903396782361091e-8,1806.1877727283695,-23.0408832208978,-2062.0,16229.671544486073,0.0006670562127000205,-1605.7223472827507,312.8663700452745,-320.73722344113907,6.01811402940307e-7,2.8300611166694018e-8,304.48427270934747,-10.563283145383917,-14910.0,65765.36288613321,0.000494540322643604,-4971.274631654518,1078.6717419532322,-1294.447385194108,6.118767918996335e-7,2.8858234676565907e-8,2069.8974737459357,-41.21057890827806,-62607.0
t14,12453.615582729106,0.00023042047783792855,-1830.000259914002,283.1911917326203,-236.51243217468283,5.98354630263207e-7,2.8786310921690752e-8,1243.8975125189568,-25.191824905002285,-11889.0,6398.471779878512,2090.9230086267585,-3102.027503985381,18.211816689781315,-15.192927292771127,5.714455961731442e-7,3.034903126442692e-8,-4303.345097758582,-23.041076397206602,-1064.0,156.87105236742724,113.31527453674339,-147.84875851340684,13.81019130630362,-11.802092042918607,5.657353237534287e-7,3.021755747760182e-8,703.3454089187093,-22.691076937127168,-805.0,2294.941699988069,0.001971115967628783,-0.0025190459236350787,27.42325407976257,-21.56331238648606,5.885332258235325e-7,3.0167303827179245e-8,-623.4150368858376,-82.38605718627164,-1595.0,1285.6110806775293,0.002151244954661472,-0.00332220157778966,3.1618301387953434,-2.84382959908373,5.473080960801539e-7,3.02050183217056e-8,-1093.1686846336613,-10.759225932931981,-182.0,6579.808440048081,0.00199261038708683,-1166.7024726456882,16.712003090941728,-13.481474610985405,5.770511909433096e-7,3.022630603907596e-8,-4379.566239036076,-50.77224979331608,-986.0,591.3278239985216,0.001726292373206253,-0.002024328835750818,31.0722680535551,-24.683168898469667,5.919137798155593e-7,3.062476248209067e-8,1239.164628557965,-80.88125397091946,-1756.0,3909.176241739073,0.001707165598889699,-0.0017638037550469772,111.28848496472743,-92.45182890018471,6.217419328982396e-7,3.037881870602528e-8,2797.7837788917136,-16.79662020425655,-6709.0,316.2949801495127,0.0009373700063173627,-0.02163475252668582,37.2882177045864,-33.72856133664102,5.972602461339354e-7,3.0190918824506876e-8,1790.2680326854193,-24.101972264501246,-2086.0,16320.618007231982,0.0009218839797760978,-1628.7756292386894,293.87309804475024,-486.71370192245865,5.940814217542433e-7,2.8137046196924732e-8,670.7650652714685,-13.767760858887549,-15156.0,67353.54141406302,0.0005801997578871393,-4967.159492304478,1135.6487786276782,-1080.1073001308628,6.01641327154402e-7,2.8643201241114078e-8,1954.2706314699255,-44.19461095206493,-64352.00000000001
t15,12896.448171013975,0.0002270446034618745,-1830.0002595362535,267.8640648959104,-300.4923030066126,6.00373322752431e-7,2.8853052834461424e-8,914.9953472647659,-26.815247259198852,-11922.0,6636.415203951941,1988.558813394215,-3204.3917727878024,16.925289542370727,-18.050161961841827,5.821323168664156e-7,2.9169142893269098e-8,-4325.416295123785,-23.041077202479112,-1071.0,156.147696565863,106.59743642394976,-154.5666627878752,12.884933838534458,-13.788914475339649,5.79613732985618e-7,2.9010276196618745e-8,725.4165877376471,-22.691077628828417,-810.0,2320.525070168821,0.0014037271397365284,-0.002519536889513491,25.30168635145874,-27.11525465101881,5.886706296230611e-7,2.894119905560675e-8,-629.4736357600643,-83.2367505161531,-1606.0,1465.5493476029178,0.001574114800970147,-0.003402798197842841,2.996376446391255,-3.1702240437622686,5.8113058029337e-7,2.9007033367142848e-8,-1271.3138117356234,-11.059859860295452,-183.0,5962.4086593663005,0.0014127700149929533,-1166.7025528159945,15.518309278643589,-16.603923000293786,5.856137082351802e-7,2.9008475089887212e-8,-3752.9170580893433,-49.70484782870191,-992.0,549.093077369834,0.001207456239683315,-0.0021315075176947204,28.843655519545482,-31.486649831630512,5.947995484774067e-7,2.9417133570288007e-8,1299.5030540786413,-78.9522133149366,-1767.0,5073.1087990485985,0.0011421084894284307,-0.0019762400581948177,102.16510337131638,-126.2007912980134,6.056185830810606e-7,2.9203754656188204e-8,1719.88413898259,-15.956415996372236,-6753.0,313.96491919418935,0.0008123305699056354,-0.01864068491887791,35.15432261564676,-37.09983270773417,5.91871278546006e-7,2.900275898068082e-8,1815.5546262375724,-28.55620736880444,-2099.0,15273.270778090591,0.0005133265246435061,-1512.2416135334026,310.5130468443312,-273.1247053459661,5.975595293487197e-7,2.820644959792048e-8,1606.0780455241925,-15.496064721578245,-15389.0,69064.35152280994,0.0005653868717456199,-5136.525069242204,1088.5340821764119,-1029.627513160632,6.068294978948875e-7,2.876958310017283e-8,1897.6890008834064,-44.422587969493705,-65840.0
t16,13824.291892953042,0.00020013157646368886,-1830.0003043572954,265.28984875499793,-414.6091758436382,6.013782209874442e-7,2.8891128866423647e-8,132.31140330211534,-24.283864773907787,-11953.0,6821.124586274648,1932.9339092359155,-3260.016694891602,16.901592456849308,-23.69221614821459,5.824604002494926e-7,2.920731471513087e-8,-4385.210099684852,-23.04107743096477,-1079.0,146.5655657479133,87.02023917020622,-174.14387826206428,12.849396386567639,-17.810607422326136,5.798426526940383e-7,2.90521364724549e-8,785.2103617917572,-22.69107773524354,-817.0,2554.1916046083124,0.0011506866348784052,-0.003743301704973865,25.636811469719156,-34.47631787829911,5.899476264623073e-7,2.9007686025531922e-8,-845.6564039990791,-81.69310181477427,-1618.0,1787.77402897641,0.0014122113609824167,-0.0045317556725146405,2.956143282727793,-3.88401354323583,5.817542114497344e-7,2.9049356933782904e-8,-1589.930990631679,-11.912048813340977,-185.0,4771.0516637227165,0.0011811416567569539,-1166.7037945308475,15.694394998744983,-21.230571143612078,5.865998904559154e-7,2.904566634380134e-8,-2550.8887355271986,-47.924138933803114,-1000.0,464.9216760722979,0.0010131076209229455,-0.0032287747581658294,29.326369860994127,-39.429136943716934,5.953473861742471e-7,2.9454708402957354e-8,1404.6663297464681,-78.48302330479157,-1781.0,4658.978165611887,0.0009509362949172291,-0.003119846660671346,106.51783760087675,-137.07369079140585,6.06241096134173e-7,2.925338749224705e-8,2190.6107815767346,-16.030925113866942,-6803.0,287.9113109674225,0.000795902852447268,-0.026724753992181823,35.10385035372499,-51.0202793052649,5.940763525327191e-7,2.9088177285548024e-8,1872.6908188615503,-27.659772409908282,-2117.0,15797.906510470917,0.0010025539379800567,-1562.1506213038176,316.25858275954073,-409.5369082838318,5.961865893916574e-7,2.8414139917294175e-8,1539.7458359066272,-18.224401762825963,-15664.0,70401.51758765978,0.0007586319023743273,-4412.809050750971,1075.3445120465094,-1412.088489025554,6.156623072149894e-7,2.8994519973582222e-8,1446.4506986575564,-44.41601841915929,-67054.0
t17,14619.122907665993,0.0001517966575257684,-1830.0004573441415,285.0457330212962,-486.6400500577755,6.020835004805995e-7,2.8894906787042297e-8,-503.4711776060414,-24.057107106154636,-12060.0,6375.394601190791,2198.7927955520677,-2994.1579045514354,16.29923884973779,-33.80576093194581,5.81815234198482e-7,2.9195211203684063e-8,-4445.481893158122,-23.041077138144157,-1094.0,123.03713055957962,78.35321383399123,-182.81099643862967,12.350956597943066,-25.721401175529877,5.797517737197073e-7,2.906367806359083e-8,845.4821740527998,-22.691077753076318,-828.0,2925.8755752986203,0.0009885644804274029,-0.009604055402873833,24.835672337775335,-50.47848945265336,5.904847713485939e-7,2.9020413153297807e-8,-1178.6986240279828,-80.52551887604916,-1641.0,1990.2236734426967,0.0011781645934568852,-0.009982467771737908,2.8470022696041095,-5.872865747566715,5.826980396521555e-7,2.9065114373605066e-8,-1787.5984493085168,-12.59055662097888,-187.0,3651.0955418992253,0.0009976264111377414,-1166.7108579040919,15.555623328769085,-31.197273680147664,5.862923206925223e-7,2.9041390326901203e-8,-1407.8375334976242,-47.9064980474419,-1012.9999999999999,293.7170398938749,0.0008510633687512057,-0.009841458380328655,29.162946006442315,-57.6568524192367,5.957389297654628e-7,2.9462192129510796e-8,1620.278507407405,-79.492650732514,-1806.0,4888.569779108282,0.0007851980634166752,-0.011006803569819104,108.29712956688392,-195.30485005459374,6.060525974008246e-7,2.9262221201881312e-8,2110.4130144681503,-15.964851493701593,-6896.0,223.2083346832753,0.0007911577128184697,-0.05658835911614191,36.647440072171314,-66.7112864201193,5.943809748251236e-7,2.909339179117021e-8,1984.6737299027889,-29.762421415116076,-2148.0,15045.011296119792,0.00027047436598204354,-1165.6071814043282,392.3504145687334,-207.24256446143335,6.256290849814323e-7,2.8479457470354074e-8,1919.9997634437052,-19.511998328719713,-15965.0,71759.22280772409,0.0009814996135729694,-4060.4020602989426,1134.992741762171,-1700.419166819895,6.115137643785235e-7,2.896416940043324e-8,842.2404883234389,-40.635792150437844,-67935.0
t18,15552.916070961475,0.00013647620645683545,-1829.9999993499189,310.0118545226813,-310.0118412821405,6.161711157432628e-7,2.8898416554425576e-8,-1510.184620638517,-18.731600149292245,-12194.0,5582.935749812371,0.0002125253238659358,-239.99996471914704,19.4139128361993,-19.4138907954893,6.054489675565583e-7,2.9276286447209235e-8,-4218.545937870436,-21.390081993885826,-1103.0,131.2970810850895,0.00019400541853721115,-0.00020006235485670474,14.762492178599013,-14.762470010427089,6.04561455743421e-7,2.9178581077027742e-8,724.2409487894923,-20.538046322807222,-835.0,3542.1427542300344,0.0001843232482452414,-0.00020468416482666537,29.498883877937434,-29.49887488261073,6.064608375615853e-7,2.909689754623146e-8,-1804.9183331961174,-82.22440991051106,-1655.0,2130.3510379305653,0.0002077288572810233,-0.00022747815852276193,3.4757839305524647,-3.4757765948461787,5.993630611688553e-7,2.9158567960722395e-8,-1928.3347574121976,-13.016268391677599,-189.0,2658.621692195103,0.0001978725007641124,-1166.7000603002655,18.485206040444265,-18.485197465527865,6.017440679346023e-7,2.9101956363898815e-8,-460.7317806260911,-9.190058016948624,-1022.0,260.40972580396914,0.00015743229170151528,-0.0001733299371865479,34.38465422625648,-34.3846452117986,6.118850651699163e-7,2.9532794402632113e-8,1618.0772513743436,-56.48697055249856,-1822.0,5153.452835612732,0.00014416041382761953,-0.00015750509260078487,123.95360524175032,-123.95359361466787,6.228782595516382e-7,2.934955736461516e-8,1799.485505589483,-5.938339523181832,-6947.0,244.83883278622523,0.00015230463143524944,-0.00016792047053017437,41.83940094250053,-41.8393926045258,6.105932054833648e-7,2.916683032488142e-8,1950.9123664695983,-29.75119237446693,-2166.0,15744.07666455882,0.00011548527616225255,-1038.3699025425274,352.67146573436594,-537.7792435756361,6.233615109602805e-7,2.8414151207640288e-8,1697.2713159950313,-15.87041537446609,-16202.000000000002,67235.7829804024,0.0001650455618283454,-1037.481359696102,1236.674091995198,-1236.6740056497356,6.38387335790419e-7,2.8977330734687637e-8,2132.7280415254104,-47.029913228097705,-68284.0
t19,12494.315337437032,0.0004974663302370382,-0.00013716541423703708,385.73434818839377,-250.60517126500963,6.27590055684359e-7,2.9627830213637417e-8,-225.51317510805399,-2.931699418890053,-12401.0,2959.1664020615576,181.3818115727732,-0.00014681061149342196,22.92969775097205,-22.927220957902723,6.590379145951718e-7,3.187567857736235e-8,-2034.0585296045078,-5.492014317117156,-1101.0,42.771973307774466,0.0031934229655161224,-9.947147526049842e-5,17.434004706289727,-17.431607191303687,6.448911222044345e-7,3.183569696582893e-8,801.5688520648752,-11.34631723912349,-833.0,3587.4583240800544,0.00023842524705020853,-0.00012846137727963702,35.38682495505989,-35.384248219851756,6.809695895457885e-7,3.176191950686817e-8,-1886.152574451919,-49.308436696382984,-1652.0,2057.056053133104,0.00025236259348934855,-0.0001368754620931178,4.082513412832544,-4.080287686805987,5.875368363476007e-7,3.1802452122144e-8,-1855.5335355984728,-12.524859053050989,-189.0,2024.0430819399098,303.6796231571572,-0.0001867671366089597,23.626676436281816,-11.279699344820767,6.57548875686102e-7,3.1806898548528957e-8,-1305.3839393873484,-14.685556444722444,-1020.0,496.08214022236245,0.00023031569431182836,-0.00011156403223142938,44.10354820799819,-20.184620989210867,6.886333922314529e-7,3.207400832384891e-8,1354.4842407503288,-55.485427380239,-1819.0,3110.269102798408,0.0002178391021290601,-0.00010215288926474292,158.3700478521067,-73.86813053810104,7.446911716247752e-7,3.184874498753359e-8,3751.609196613967,-12.380332631455241,-6934.0,2.6166935313412667,0.0002253116940178488,-0.00010538750932233608,53.919549401429634,-24.236410389785544,6.988765806140879e-7,3.171129183829843e-8,2143.7981612989365,-13.098114286630265,-2163.0,14612.184570841675,1475.141521440118,-0.00012352359290498206,484.99020517356064,-176.6875283760481,6.249504493078966e-7,2.8377420566324083e-8,-126.47904415040433,-15.149601116044911,-16254.000000000002,68205.49075420876,0.0006664369184702968,-0.00011003211821265572,1468.7873196062235,-1468.7869342731574,6.359882385478555e-7,2.8860297494418694e-8,-618.3396524274021,-10.152043166720427,-67577.0
t20,12509.525613182084,0.000599759716283934,-0.00018918354874005147,438.5477527947397,-43.82556686357169,6.294411918084561e-7,2.8948472247884457e-8,-500.73858292265504,-6.50962661930431,-12397.0,1816.57980420666,1977.4865918881637,-0.00014466340592736237,26.9903893854863,-4.773063392492665,7.384779276418196e-7,3.2082171483656574e-8,-2708.2383714927696,-16.0452064268571,-1092.0,41.650281314637496,128.97799865821148,-9.35834833972678e-5,20.48675991722099,-3.6222368695733147,7.096586346125756e-7,3.20269300731928e-8,649.0944325267208,-10.587142562834412,-826.0,3361.0358247583367,9.788956437526423e-5,-0.000299239925653215,44.01825618520005,-2.6936182578300873,7.754593890949207e-7,3.1947427476174866e-8,-1726.3392690813753,-39.02099286451486,-1637.0,1342.6350310793873,0.0001108097616952777,-0.00032315922034229416,5.080055240767763,-0.3383845472247227,5.987022903060775e-7,3.198416885735028e-8,-1152.596457698919,-7.780032181066019,-187.0,2067.775443404272,1166.6209622891274,-0.00037039615841514325,26.526322423377234,-2.9616545459006804,7.321595297034808e-7,3.199931364493175e-8,-2234.4477466252547,-12.512957167266908,-1010.9999999999999,756.6253881091639,8.34678014243645e-5,-0.00028801599940864707,49.141162722607994,-5.507263849227934,7.81720996396856e-7,3.2293238253162385e-8,1058.1910062422605,-56.4500892811897,-1802.0,2875.3944367853055,7.756761532798252e-5,-0.000275027010705357,175.95658754778776,-19.573447154365702,8.097266496732905e-7,3.205695843461341e-8,3862.9704451999924,-12.747825223104511,-6882.0,190.04516710266378,8.419819318798356e-5,-0.00028644997773212896,59.91125086430755,-6.654774030632054,7.892599735341289e-7,3.196958318745604e-8,1911.0261543895315,-12.327596706500682,-2142.0,14280.17942668568,1489.9678599700492,-0.0002599279455475225,528.3934228918268,-53.086668148314715,6.245109579298899e-7,2.839194945454221e-8,-32.21697057581764,-0.23681072721744023,-16213.000000000002,54218.15498803686,9694.196493081703,-9.607843291045293e-5,1763.3310699880656,-240.88693737221865,6.368570563963651e-7,2.888592349268443e-8,873.2953600382859,-11.090877458645524,-66297.0
t21,7614.412704825119,1830.001337226848,-8.191188540199165e-6,390.7219474999234,-1.4176659106563679e-5,6.93697899618289e-7,2.9133076393675584e-8,2501.392136893624,-25.528103836814278,-12311.0,1834.470217682169,3629.2225261164344,-0.00016851473888182563,25.368754243190594,-8.195533822036767,6.551718495428911e-7,3.193655742046342e-8,-4348.125849004473,-21.739947136627233,-1111.0,41.65020301296622,60.40508063546042,-0.00011474112275042514,19.269143083408505,-6.060299475229742,6.413646274911231e-7,3.176468464757941e-8,748.1259339831649,-21.389947035250223,-842.0,3080.004943624441,0.2313076565240433,-1.7143308557061563e-5,39.592498936948175,-1.4103277268685586e-5,7.419274018876464e-7,3.1902656655662463e-8,-1385.398229965162,-67.43048957282994,-1667.0,980.1517672860601,78.86791499360255,-2.0398541961184288e-5,4.574948686795355,-1.2618602305307366e-5,6.386183165437514e-7,3.1851673499682865e-8,-867.7373686761892,-5.857229765671905,-190.0,2090.5680920407676,1641.1246839682447,-2.2271984241274884e-5,24.196151482194235,-1.3826633674243772e-5,7.161616528535907e-7,3.186999332164827e-8,-2705.617423083964,-20.271468887422323,-1030.0,756.0588871350358,0.2690536805679524,-1.640879349439281e-5,44.80709313264494,-1.4044880749536718e-5,7.501870240113249e-7,3.223147220250141e-8,1076.2411364035377,-44.37614047955811,-1833.0,4445.049948901387,231.7351095939115,-1.3654352604364906e-5,160.4100815013459,-1.4541345064639697e-5,8.112006511955095e-7,3.200596569685133e-8,2181.0022040338717,-7.197316136613006,-7011.0,527.8970422268542,0.3534468469664315,-1.4208989946958041e-5,54.647980994554246,-1.4090744448785778e-5,7.614318881516363e-7,3.202167064603421e-8,1610.1172940516008,-16.015736423227,-2177.0,15008.123751274446,3069.9998944519693,-1.297768192913724e-5,484.3881143055482,-1.6157161186197268e-5,8.672348970121169e-7,3.152874768387156e-8,-1919.999732780711,-19.5119983677266,-16623.0,49659.49122143243,11516.85203450834,-4.584047870877622e-6,1646.3283579292868,-9.082533543595236e-6,9.28268294021974e-7,3.180081576495339e-8,3109.9998981446984,-50.67149866035276,-65882.0
t22,10551.3299411141,1012.2927530182666,-0.00022529459918144325,385.63586552325086,-0.0037508763228253027,6.332382728464084e-7,2.9006128663682127e-8,723.1088002840712,-6.363383573420754,-12666.0,1936.0934796881825,2276.9841631887434,-0.00012060464900431046,24.232410883667033,-7.133953405324536,6.206562049202463e-7,2.950980924254338e-8,-3102.585623660992,-17.590356399670124,-1110.0,41.65038295398221,116.27529084120778,-6.680431307206582e-5,18.439698416856235,-5.514157740930005,6.152135804009893e-7,2.9293459821090072e-8,682.1589154253103,-13.0100635328347,-840.0,3371.226027625258,1.5398991595427453e-5,-0.0012021013011145447,38.11491413773453,-2.8007850037449704,6.192363170498617e-7,2.923618999340678e-8,-1700.9032691937557,-41.63570120628109,-1664.0,1293.3559864251731,1.7093793157112407e-5,-0.0012654922333915927,4.381799730932912,-0.30889508575891494,6.106104987068205e-7,2.9261176178113032e-8,-1100.0026203195557,-7.425022743070768,-190.0,2067.7758794759457,1166.6964040068149,-0.0011847466228812852,23.291359700668107,-0.0061923371052413426,6.168065541996644e-7,2.925281764641782e-8,-2214.043619908691,-14.712646608334941,-1029.0,760.0522772735899,1.3893577042789732e-5,-0.0011009144161673434,43.156634848799484,-0.006746616858185959,6.268347418130265e-7,2.9696863867909795e-8,1079.7201429447725,-52.92122177585707,-1830.0,4721.344616377939,1.3545410644223635e-5,-0.0010803505361628597,154.48020427025338,-0.007039346940888966,6.353205098538869e-7,2.949602679901509e-8,2131.2163791208363,-7.033093649719213,-7000.0,231.75047237465947,1.4223189051231303e-5,-0.0010820152762254284,52.62016906239629,-0.005206793399964509,6.250041022318107e-7,2.932489336908843e-8,1906.038195269762,-15.402562528647115,-2175.0,13623.564367723597,1489.9993187408033,-0.0007173320835980357,453.7947117184254,-0.0010956349730252399,6.361002241832252e-7,2.8677540476273894e-8,755.9373987274387,-6.293983745525878,-16317.0,56281.44456847835,6879.8080840989805,-8.862704969901459e-5,1526.0721590389257,-403.6386344481182,6.499233085133352e-7,2.9207788380558243e-8,839.3553013108036,-13.041389612895774,-65110.0
t23,10717.037232679177,0.002459600221697335,-0.00020139685553537305,312.9026712943416,-53.969937331321965,6.638662959433057e-7,3.06024645591299e-8,1122.9094113415329,-9.881636151613636,-12089.0,1914.4015661742255,691.57726344051,-0.00011353677047633398,19.185863791019464,-7.115762992533857,6.188901459440795e-7,2.9508584474297015e-8,-1566.5811771978106,-13.46763998681886,-1038.0,41.65030891445099,94.1877533016986,-6.288135731046279e-5,14.57994416033562,-5.431012625778659,6.147868703352633e-7,2.9324964998824925e-8,642.7488470176438,-1.7357783271272895,-786.0,3293.833593598921,5.7419261164282055e-5,-0.00026597117508858365,28.813359265606405,-18.703651824162566,6.18416968211554e-7,2.926266803976029e-8,-1716.0471314521199,-29.895961384866307,-1558.0,1648.587317458525,6.962900327699443e-5,-0.0003067264571884373,3.318063421450188,-2.6341402034901593,6.105856050699667e-7,2.929819116623571e-8,-1462.3998001463856,-9.871203823205219,-177.0,2044.984021750496,823.3892151334459,-0.0003430985390620393,17.571508959323832,-18.777734346319754,6.153663207431538e-7,2.926701534693429e-8,-1889.9893913976327,-14.17727741477948,-963.0,758.4686917008064,4.902120281672269e-5,-0.0002609254269597969,32.587298308155624,-30.57760463230874,6.250873601408525e-7,2.9700968900805486e-8,987.1705188173781,-34.648692633459476,-1713.0,4339.776369265346,4.471767627218677e-5,-0.00024246068179600128,118.49710102754604,-96.03326176420039,6.342803075368082e-7,2.9524716460667987e-8,2204.0333202728884,-7.273331090141296,-6559.0,231.74905836749954,4.5001204173291296e-5,-0.0002553154419301834,39.75560537974219,-35.750438869500506,6.236008668705753e-7,2.9351487617632052e-8,1807.038327910593,-10.792342877473397,-2032.0,14544.247013974164,1479.702405598448,-0.0004973973988307186,350.9827957759239,-215.525136511879,6.338149979471932e-7,2.8711027709585847e-8,-1052.669446283678,-7.7371349504043,-15099.0,54206.5961074355,4681.564144482651,-8.415855535601709e-5,1218.6096586665353,-278.82423858424147,6.492689967511464e-7,2.922032232969069e-8,923.7865211175914,-11.732108740776846,-60740.0
t24,11117.1889952306,0.000543986335895105,-0.00017613951768795827,211.89753104763804,-230.14561399807843,6.302050826986016e-7,2.8998612194883606e-8,-280.2973869356866,-3.643893010810644,-10815.0,1828.9426910561901,551.6760096251172,-0.00012245274255913728,13.818357163535712,-6.538440964215561,6.051964301297452e-7,3.059005505783555e-8,-1425.4522290313046,-12.446265755444342,-950.0,41.65065594934529,107.77472742630795,-8.005955712270715e-5,10.488983029081153,-5.041312925498299,5.986947700976963e-7,3.044292006612874e-8,565.65463880038,-1.5276127005887514,-719.0,3535.7216274127804,8.181765659726723e-5,-0.00021213143104108169,20.75162595996501,-13.61961685773418,6.157754879108342e-7,3.042890293331277e-8,-2086.288032286652,-30.56547434874983,-1426.0,1506.9206580180112,9.627934761094565e-5,-0.0002266883731643696,2.3897417367378546,-2.332136122306167,5.751977689774371e-7,3.039011530577015e-8,-1334.9670992568444,-9.01103438579535,-163.0,2029.9308946346341,894.0254187184588,-0.000275391280859556,12.67593132233261,-12.337001860345005,6.046142137759833e-7,3.045615561546878e-8,-2030.9217654795186,-11.373202409853898,-882.0,758.3272069152054,6.91717997671354e-5,-0.00019015583832631314,23.487284813649826,-20.371966433141875,6.190006025447666e-7,3.084516646616953e-8,853.8006383362314,-48.24304304233172,-1567.0,1591.7032680360842,6.530962570561142e-5,-0.00016754026179792767,84.07141600699347,-59.839034210163575,6.492015898342531e-7,3.064549958955224e-8,4410.6195212145985,-14.555068964952047,-6012.0,231.74891283040822,6.682427624413748e-5,-0.00018016966492622315,28.637135379468074,-24.683802547305305,6.2545689946075e-7,3.047455898110474e-8,1635.2811312833762,-12.983264062095595,-1858.0,13495.113548983272,1479.5198157161371,-0.00021847112712351983,244.89784512580155,-266.76947129684925,6.325614267914972e-7,2.8747741126059818e-8,-1167.1827113427312,-8.578808530427253,-13777.0,51042.18361686018,3773.999080957665,-8.883040535974032e-5,873.1711676138478,-1001.1881734498811,6.458877500866641e-7,2.9183773394414545e-8,859.7532946981509,-10.918897672712678,-55537.0
t25,10318.757457194746,0.0004242211618586073,-0.00013496309529193,51.428691031356315,-453.0339344433042,6.3138502762919e-7,2.9034575825890785e-8,-295.313398521371,-3.839104307415109,-9618.0,1698.6917733129392,577.4496703631628,-0.00013405734630169528,3.599497612030071,-5.033969057763444,6.49846554264742e-7,3.188429968833451e-8,-1383.7087296253815,-12.998108960007746,-878.0,41.65075731340835,167.2028582719029,-8.956261093131886e-5,2.7334674475724965,-3.8333788862883753,6.362428408064725e-7,3.1803230699033465e-8,457.4817378418371,-1.2353529492382127,-664.0,3668.9827093301897,0.00014423809166297027,-0.00014797114085081986,5.411621634469096,-27.211999371249313,6.715050763919144e-7,3.176296681982426e-8,-2298.459215865353,-31.723112491611026,-1317.0,1481.374969267374,0.00016489431221687292,-0.0001529810568379279,0.6204917702066786,-1.8071587530381328,5.833217489613967e-7,3.174020139423173e-8,-1321.2697375559226,-8.918577078601844,-150.0,2036.0260198584883,7.852128474258273,-0.00021073717828556414,3.303659220331906,-17.54920581903333,6.475549503256766e-7,3.175552790650325e-8,-1207.868288293841,-6.7641032214697265,-815.0,756.5551643318378,0.00012170853124603789,-0.00013579299638454372,6.12586089794105,-40.39069550311818,6.779549023312747e-7,3.212730202064848e-8,765.4205613671609,-43.71087749975348,-1444.0,2642.750666870538,0.00011137360661394708,-0.00012366825685287188,21.923085017556684,-171.89628351609883,7.383321929203045e-7,3.1899368352682865e-8,3079.384535960786,-10.16199226793883,-5562.0,231.74845034470275,0.00011365853857468847,-0.00012949095299462097,7.466255914594258,-51.45416122009072,6.879917489001936e-7,3.1755444825755617e-8,1530.9169699661393,-9.677499702079148,-1709.0,13253.41973590961,182.9899962961129,-0.00015189212982041659,62.88689465804963,-537.6452314947846,6.307777086592288e-7,2.8746333214601745e-8,-252.79319818672658,-1.8580450943205158,-12707.0,46694.327505736896,4110.522582585994,-9.554245628564196e-5,270.5040828844242,-846.79996341205,6.443962726057863e-7,2.917481749185788e-8,926.2087629126725,-11.762875028009237,-51143.0
t26,9821.102084188213,0.000274917236935787,-0.0001288827336165875,28.295225981819513,-383.37986129389606,6.299468117004091e-7,2.9051511182958105e-8,-606.1377771608269,-7.879817489888646,-8852.0,1562.3431042122875,240.00669599030635,-0.00012733828373876795,2.04586765403173,-30.397455419456655,6.475645518602827e-7,3.189701665181718e-8,-928.2097444756022,-11.788341030091612,-834.0,41.65042090537281,0.0023027163669484666,-8.782586939928753e-5,1.5524248237503553,-19.499310213564428,6.339205932535208e-7,3.181096700796955e-8,610.1927089907894,-2.8984599179269974,-631.0,3591.991572791642,0.0001604288885712999,-0.00013684425859872846,3.0718223389242247,-38.55379363432954,6.683859290261029e-7,3.1777244311516946e-8,-2257.336457969578,-48.173167599430855,-1251.0,1399.6950076109179,0.00017949071359722802,-0.0001489720185748484,0.3532124886800907,-4.463279486774863,5.817528141043122e-7,3.174649646309063e-8,-1245.1800001251092,-8.404971437411618,-142.0,1860.2650810713292,0.0006617971143653075,-0.0002020749768321921,1.8760000609281247,-23.566334470150856,6.445671636247201e-7,3.177464043903062e-8,-1058.6467444236425,-5.928462470965584,-774.0,757.1211596303232,0.00013636393124947241,-0.00012012650797077479,3.476942076874414,-43.629639822357866,6.747489229107773e-7,3.213251952592204e-8,674.6446980473239,-20.613176675714016,-1371.0,3864.4660016622843,0.00012367035254361362,-0.00011091674790669696,12.444687966299696,-156.18648749352644,7.359364635563032e-7,3.1909800573350145e-8,1570.4583211137478,-5.1825362303627225,-5286.0,231.74802277639142,0.00012800563040326216,-0.00011398161706844385,4.238749501267991,-53.214666666758724,6.848746811077126e-7,3.177997176154433e-8,1452.6833396015606,-13.455459762508957,-1622.0,13179.94976363295,0.00048106828221208684,-0.0001404820458962588,36.0741261947835,-471.5749005606535,6.293842421448454e-7,2.9105467951641035e-8,-650.666777981026,-4.782551861558628,-12089.0,44341.922534645884,3357.20970874854,-9.388280126096155e-5,130.85150535233464,-1690.2325811300138,6.394343467628902e-7,2.949217116306296e-8,2438.1984343823633,-39.94950798607268,-48538.0
t27,9921.57498993009,0.00027001701401801635,-0.00011903997374616726,12.280445134452787,-318.206057009877,6.260543539533304e-7,2.902004039244775e-8,-1158.7650224506926,-14.884506444189054,-8442.0,1555.0484055274496,240.0145718279784,-9.991818715809687e-5,0.9026031682020906,-15.899216990571968,6.151775660439701e-7,2.953059890241467e-8,-963.5012178905749,-12.565046027277557,-804.0,41.650351001723365,0.0035639657574128465,-5.896435257983935e-5,0.6849337098125279,-15.658087407252056,6.129682062167544e-7,2.9406169447022812e-8,585.2582349392808,-2.938937682837187,-609.0,3342.8593481818066,0.00021607131209741388,-7.635068976825732e-5,1.355092651984477,-30.95566948219167,6.161305470280722e-7,2.9360314303092887e-8,-2059.30322550934,-47.9556858970447,-1206.0,1473.0280074463428,0.0002529553898958575,-8.687716449288274e-5,0.15598299692367526,-3.583542506028113,6.092628500586685e-7,2.9395226083319867e-8,-1323.6658639312004,-8.93475047228106,-137.0,1775.114684928721,0.0005265203160187927,-0.0001255299626385965,0.8277021712779636,-18.92445919023072,6.136015016934752e-7,2.936259511195754e-8,-1005.3880949887306,-5.630234322209342,-746.0,757.7230407527229,0.0001787249823380347,-6.725600899592359e-5,1.533748162639988,-35.029860661629606,6.227855927431823e-7,2.9788368829673603e-8,623.6032148267458,-25.830254948578396,-1322.0,3794.328604177037,0.00016811187003449703,-6.262113219770769e-5,5.490080535667307,-125.44895647162288,6.29404933880157e-7,2.9561670209167713e-8,1430.3503444424991,-4.720178200204649,-5100.0,231.74799972292757,0.0001638424480371376,-6.564286364495138e-5,1.8700259666582002,-42.73872997810487,6.191188239205277e-7,2.940500169144045e-8,1386.5711778016175,-12.45057211216497,-1565.0,12677.216136549443,0.0006214115684315656,-0.00017273838313399057,16.017232934578065,-376.36860839907683,8.0795740071421e-7,3.170078199402311e-8,-609.9819061013064,-9.883303947994058,-11697.0,44112.78550661668,754.8040480238358,-0.0001154528999311711,60.198818193269815,-1140.1319215103968,7.797475292942105e-7,3.154921646724483e-8,3094.822358861702,-50.478694902347485,-46832.0
t28,9272.11004328053,0.00010960193847450096,-0.0014886921860793464,13.7558201874796,-282.8189008741697,6.556339951144236e-7,3.078996448878059e-8,-769.0519704036305,-9.99361304067008,-8224.0,1342.5551955893013,0.00017941467284684026,-0.00083015050131041,1.07192648325972,-15.813517838570531,7.006930299846914e-7,3.228501880802564e-8,-523.8273443048478,-13.985609708757453,-790.0,41.650041354939354,0.00010143783237179279,-0.0007031850334076303,0.8132481280046798,-12.005081633168212,6.748587442388388e-7,3.217862618244886e-8,573.8154847193629,-6.273091386200791,-598.0,3186.8398443257106,8.201042003523468e-5,-0.0020178294389066277,1.609367487271589,-23.722216103519305,7.425401323458391e-7,3.215917052770264e-8,-1935.7678354956377,-42.95722496547365,-1186.0,1197.6183866896042,8.827970514825664e-5,-0.0019986243696439522,0.18468525000772262,-2.754924373899717,5.80253031094938e-7,3.209084564651639e-8,-1052.938892414592,-7.107345244488133,-135.0,1752.3186057268483,0.0001570805490234842,-0.002552347691269625,0.9828071580957709,-14.50717770169715,6.941868241853645e-7,3.216821171544883e-8,-999.196257709943,-5.5955827756760135,-734.0,418.3375496578105,7.066905935093351e-5,-0.002237869656730289,1.8215927049001086,-26.842580849584035,7.529715364537092e-7,3.2444314690646535e-8,917.2008461080665,-10.515241021363792,-1300.0,5172.911588052645,6.36211883878202e-5,-0.002112730315155239,6.525101883666153,-96.10635977616761,7.978934529790033e-7,3.220605367928401e-8,-69.1622516488448,-0.1660296942427894,-5014.0,231.74758835331636,7.018277991867627e-5,-0.002204296108417451,2.221605012517123,-32.75037301864382,7.668932413845922e-7,3.2181291342748e-8,1348.9343911627304,-12.151078006893115,-1538.0,12508.918385235145,0.00014094380496655482,-65.18459565698804,18.48100653431852,-385.0619039953963,7.520625466497625e-7,3.191047157263963e-8,-470.46094628675803,-7.692086922186455,-11599.0,44461.76266561192,0.00014521635019841303,-0.0011712614524247722,60.877252971527355,-1159.5402081243037,7.02209434010951e-7,3.180482998695398e-8,2980.454776274094,-48.5534608269013,-46295.0
t29,8788.672900239424,0.00012268371540703995,-0.0011152364360601799,19.291880564037143,-172.76446632721627,6.54341141911768e-7,3.072719957366949e-8,-461.2036518476198,-5.995670070495095,-8167.999999999999,1526.9359562735733,0.0001654791883723219,-0.0004883540492071283,1.5554191077549593,-13.296279190876735,6.012192128531919e-7,3.1115294157321976e-8,-707.7055933179013,-13.489180498836545,-794.0,41.786001403608374,0.00010330085193856062,-0.00035656771039407583,1.179298216623247,-10.092917949744715,5.937695435222701e-7,3.096194445454466e-8,573.0273469383111,-4.899475847324778,-601.0,3036.0280219996353,8.513892222183454e-5,-0.000636913863962399,2.3385751175347496,-19.949010380026284,6.089318594674588e-7,3.095984244074533e-8,-1787.620303147829,-39.79673228183348,-1191.0,1003.1976392657414,9.683897535672086e-5,-0.0006963888513304927,0.26404680443612977,-2.3131923155143816,5.723555272528514e-7,3.09506927076074e-8,-860.3405871173128,-5.807307528589756,-135.0,1775.272961686189,0.0001461959122303624,-0.0009853594525805539,1.4246573285691626,-12.198020915850659,5.979022821505152e-7,3.089983520359556e-8,-1021.776756485061,-5.722002920971634,-737.0,418.3705334696047,7.20795445730999e-5,-0.0006331277164402995,2.648461968735245,-22.57344992899182,6.087845897057429e-7,3.10860901828688e-8,918.2726763694568,-11.717661336613897,-1305.0,5830.226452820645,6.214382852931746e-5,-0.001058845750622381,9.471604861643366,-80.84958128722575,6.425812352902512e-7,3.105062435766026e-8,-724.7707206074294,-2.0767592483797572,-5032.0,232.1205779443802,6.852238363148757e-5,-0.0006230913707906045,3.2240053688260777,-27.543480393513168,6.185033986542347e-7,3.096910294582878e-8,1348.645372386429,-11.445921257598632,-1545.0,12098.133490975431,0.0001417148478512526,-15.886644461566988,26.35021600433357,-142.84581473704552,7.479886733876666e-7,3.181675944615496e-8,-173.84956006790182,-7.901829877375649,-11784.0,44721.27286808791,0.00014283803583775407,-0.0012143830756268508,106.02536948549296,-610.4247130750108,6.975898150983394e-7,3.218271908264769e-8,2897.3217768968584,-47.19423000526721,-47067.0
t30,9691.423096913384,0.00027576860133589207,-0.0002382559135992221,43.316446991537845,-0.00022644332968908904,8.079247592341347e-7,3.1731536214179216e-8,-1314.8954204463691,-16.84393462600704,-8403.0,1755.525539429492,0.0023168258657544757,-0.00015198579464173212,3.51914263147989,-0.0001707404603129018,6.532181521312736e-7,3.330250455838078e-8,-914.1147857461388,-12.931890956012726,-832.0,41.92223214519877,0.002024722811200209,-9.377124003900409e-5,2.6693604252502117,-0.0001650860283062271,6.387995011684931e-7,3.314050010877635e-8,588.843502451764,-3.436861428297689,-630.0,3012.098163088181,0.0004945044632553196,-0.00011536222658649116,5.28800571361024,-0.00017626796637404624,6.733580709483768e-7,3.310045168349697e-8,-1729.5246349596403,-38.861737269064406,-1249.0,940.8590702458508,0.0005601144864815765,-0.00011964749660021122,0.6029048230320565,-0.00017321786302261619,5.858714518813755e-7,3.30112526756875e-8,-794.1020464742172,-5.360196316480013,-142.0,1798.2317944760755,0.0005879284760172726,-0.00021183976324238077,3.2255946761352328,-0.00017076272436202317,6.490164894730667e-7,3.310765980546724e-8,-1022.7301974959082,-5.727397521560221,-773.0,418.5075653102966,0.0003935415255425794,-0.0001075698061941907,5.9870295663669255,-0.00018146788224096536,6.778057868269426e-7,3.3159896428251746e-8,968.0955439552725,-23.590243889049187,-1369.0,6276.389676076593,0.0002739284334226767,-0.00011219654452513964,21.419208763059526,-0.0002115887167695406,7.405667503609896e-7,3.295749992807026e-8,-1019.7586178490585,-3.0502173991198878,-5275.0,232.49382243423938,0.0003701846577268309,-0.00010655075060786433,7.2930772325132125,-0.0001771156253211417,6.902372191328103e-7,3.3159259525097614e-8,1408.1886560902324,-26.975642873262483,-1621.0,11207.218670365892,68.61856820233086,-0.00014226200917968266,62.866833973067386,-0.00014730587883606856,8.083102692997232e-7,3.205163356333155e-8,1319.998235709454,-9.702018865060275,-12649.0,46193.04976077885,1040.5827785191634,-0.00010670537240157249,233.22946402490948,-0.00015493989319455097,7.784054433118495e-7,3.1767643749795344e-8,2509.999764764609,-40.86150665703262,-49936.0
t31,10382.410935954214,0.00010877017646981218,-373.25586069701023,104.65680169316424,-109.57147626157548,6.223604173175768e-7,2.9061288090466458e-8,-882.8191171236385,-11.421392051785974,-9110.0,3426.7873344437176,0.00021586699691592204,-0.00042225241445143673,11.167965354140968,-2.5915355051753606,6.022924825015793e-7,3.102283689162562e-8,-2488.644214545871,-16.71934361079861,-930.0,48.378089763482784,0.0001770343253320419,-0.00013260897443907938,8.470175017572883,-1.965761981111834,5.961024873896202e-7,3.084384170940398e-8,657.0867112861918,-7.969258846758245,-704.0,3099.506670783602,8.649516436100306e-5,-0.0004907319066452773,16.785529396819822,-3.892145684927143,6.136797807638964e-7,3.08100811052435e-8,-1669.1779016076994,-47.22174890080364,-1396.0,841.7171793098486,9.831912334156749e-5,-0.000542279899466171,1.908398859495407,-0.44420595913440536,5.734578642393917e-7,3.075422274562928e-8,-679.5936641857746,-4.587264330472479,-159.0,1733.504546170178,0.00014256289966079586,-0.0010315930894692548,10.234829466180797,-2.374846775645247,6.022866964687011e-7,3.079290394060979e-8,-872.4776805915777,-4.885959560048894,-864.0,478.72858771054473,7.320895398534299e-5,-0.0005063245889698022,19.006083925428413,-4.406599097915789,6.172310907994405e-7,3.1128838369099856e-8,1062.5706971306656,-22.898336858492463,-1533.0,5107.168693957742,6.665622695420965e-5,-0.0004444072991723485,67.98646839347708,-15.765596802937806,6.478173991502553e-7,3.091555447374422e-8,726.006660411233,-2.3958482810219364,-5883.0,249.65139626360116,7.106345380668253e-5,-0.0004709821926094096,23.14623905673216,-5.369454640294731,6.231338769375592e-7,3.091201530507534e-8,1565.5299418815785,-13.957723072404546,-1819.0,13935.034468047965,0.00013709255234317636,-0.0007805590177062359,198.105325780311,-45.13402362907095,7.457742352517212e-7,3.1677157346579306e-8,71.52058991999161,-0.5257166444537554,-14159.0,51629.87788201565,0.00016960808433263275,-0.00030087919321857703,721.7619383020673,-164.77618653127115,6.896651043145768e-7,3.1481780358658254e-8,2509.9979774249005,-40.86147995057767,-54656.0
t32,10544.071968495866,0.00010865118894121174,-689.4583476359286,184.0465346877423,-97.1938476830903,6.213324751079446e-7,2.9070162602254253e-8,673.4600732641122,-5.926489537741739,-10609.0,5036.6034802344775,0.0005309676423306105,-0.002047488129702683,17.52844835110853,-2.4535595349202826,6.034112481458612e-7,3.097923161608654e-8,-3996.148080112536,-19.528772698332237,-1036.0,55.2862151031062,0.0005047387752528827,-5.5711974712096696e-5,13.296389385218575,-1.86028970901575,5.970176856201842e-7,3.0785594713552484e-8,737.0369568238626,-19.759720967538073,-784.0,3073.5313380618873,7.454367706957632e-5,-0.0015673458870235945,26.335884238218966,-3.690938825564265,6.149277457300624e-7,3.0764920891223105e-8,-1498.573984225186,-43.60080669900316,-1554.0,795.788352748644,8.650428598252545e-5,-0.001669328010149085,3.0050880810823855,-0.4177093497569534,5.729789348985051e-7,3.0717426342185693e-8,-617.2079875484314,-4.166161375691188,-177.0,3024.165686944638,0.000126766782567781,-0.003994660773927737,16.066361746923725,-2.2487847429990304,6.034911794905797e-7,3.076258381080106e-8,-2061.141428300319,-15.837968069035126,-961.0,570.9746862436912,6.465982690848368e-5,-0.0012814766159592724,29.816486566140473,-4.17971434578728,6.188989577036735e-7,3.109495895479317e-8,1164.268580087203,-52.87882198338155,-1708.0,3473.4897806724607,5.8915260721998625e-5,-0.001120742786112698,106.67757338595113,-14.946325203721534,6.486586681933738e-7,3.0873773886238376e-8,2988.6425803342436,-9.862547435460561,-6544.0,268.06291399481756,6.337674311996888e-5,-0.0012065906371627195,36.323918843839,-5.087597456955601,6.246191812312293e-7,3.088376594252606e-8,1735.7318350870064,-7.029927670419017,-2028.0,15231.798202810156,0.00012030426238736721,-0.0011802736480012524,312.3160946948477,-42.12136784571663,7.426933228405338e-7,3.1682176199153376e-8,97.60383510797155,-1.5957048502208666,-15598.0,57539.420238155144,0.0001901900605185323,-278.15343256981924,1087.0259656042492,-176.92623711222728,6.840949369083686e-7,3.15425695661318e-8,776.3276194820733,-12.694343754931182,-58935.0
t33,11323.258869380341,0.00011001317811487549,-1654.296808667471,188.38147564743437,-100.7631511629321,6.224191745223733e-7,2.907724815538858e-8,2205.0957771871085,-21.676272145727978,-11940.0,6037.358359715615,5.904218914371126e-5,-377.8822618790891,12.716923902672473,-17.730244118277646,7.017996433906832e-7,3.212282971363512e-8,-4517.26596618063,-22.196870954844723,-1115.0,51.60801637778748,5.043829060585165e-5,-98.97338781969661,9.58768494872518,-13.641592332570934,6.746403494779944e-7,3.205923682622046e-8,917.2660991537116,-21.846871292272215,-844.0,3053.474492812058,8.45294794932259e-5,-0.0872937194089177,20.80463975917037,-19.472108093132654,7.638043812144957e-7,3.208364381124451e-8,-1301.9630529715469,-78.75676282361361,-1674.0,678.7275857515002,9.495620932216005e-5,-14.179078026418548,2.1844308257520244,-3.085657577774099,5.896690309357131e-7,3.2095898338927044e-8,-469.47838873108543,-3.1689875431482606,-191.0,4162.084969839061,0.00014002607577155772,-1184.8120152539043,12.235028074329463,-13.151173215423224,7.208933883051919e-7,3.210483190867516e-8,-1908.7057534108267,-32.65119654928124,-1035.0,630.200612057849,7.368252672957027e-5,-0.10294555308295439,23.891581604873334,-21.52146969252854,7.701887117383964e-7,3.2376238370952787e-8,1267.284148453258,-60.752000991023536,-1839.0,4428.385106482886,6.605279795522065e-5,-17.486774688215572,94.77533328420674,-57.948743011481085,7.976262337731244e-7,3.211141874224579e-8,2613.900913239718,-8.62590165348146,-7053.0,258.28486139820257,7.179205252317685e-5,-0.1436466823185925,29.557314650745372,-24.958095574832974,7.773314292949185e-7,3.205412964808618e-8,1925.8789623414398,-8.619468532061271,-2180.0,17275.861132623315,9.496402888542416e-5,-1509.6490121565696,286.33924872488507,-140.09627220130227,6.603615628448726e-7,3.0805206978155795e-8,377.9866109818341,-11.441802896197041,-16279.0,66404.45948180306,6.1692056668809e-5,-3867.374635600027,946.7730286736748,-677.1870965950623,6.411965739122381e-7,3.0941677113186504e-8,-1109.999350062981,-50.6714898370164,-61646.0
t34,11876.091335020263,0.0001330464085675736,-1775.644599388461,132.9861623546997,-288.1453630723747,6.575845722229388e-7,3.0726585422107326e-8,2635.9902350868597,-27.277902883808263,-12554.0,6531.3061257647005,0.0008201494059872456,-776.9648071643435,10.19046921804521,-15.395373623698593,7.036319796651851e-7,3.215815707338756e-8,-4559.8254772831415,-22.311757514751193,-1167.0,68.09523194134623,0.0008126209557372815,-118.10984747098892,7.721035681730488,-11.571081769039845,6.7668043720721e-7,3.203164942964177e-8,959.8256062978501,-21.96175785394347,-884.0,3087.2152289150986,9.655268125240665e-5,-0.044315552933507946,13.950329924515133,-34.27710417450413,7.656608527684791e-7,3.2087178243933086e-8,-1238.6243420958115,-77.2198941346971,-1751.0,601.9478135160313,0.00010592740410359875,-32.90062122497567,1.7162311006365647,-2.948149516924582,5.906630724731119e-7,3.206514955940454e-8,-366.3425598277463,-2.472820406713416,-199.0,5511.021570559642,0.00015392937065081088,-1551.5713453734338,8.643784962922238,-18.89763546183529,7.241877586233373e-7,3.21154505756406e-8,-2830.158156424535,-36.03837268254534,-1083.0,735.4360230892822,8.46349341004589e-5,-0.05634679115180915,15.84443129991475,-40.22213749068931,7.717219209279633e-7,3.2386432312009405e-8,1278.9732053968278,-67.97526058282246,-1922.0,5064.552864356207,7.44800038050593e-5,-162.86000405586788,52.94979710888237,-195.76526097436408,7.978421844395836e-7,3.212089204324381e-8,2633.814145140787,-8.69161635402742,-7384.0,303.6982482369542,7.82512702679413e-5,-0.07289441123860499,19.15672614244719,-49.91316759848031,7.782662549491841e-7,3.212925550069807e-8,2020.8299477916617,-15.698939024365737,-2278.0,18205.267975440718,0.00012193392398691096,-1852.5967009068088,187.73909153697213,-320.93709475033694,7.922552857346672e-7,3.029807092076993e-8,575.5165628686735,-9.989956284113203,-16785.0,73245.74220656544,0.00010361680765548739,-7669.035247002816,632.0410596268454,-1272.0774696803753,7.387686317672533e-7,3.0077972270321834e-8,-1109.9991669514252,-50.671486130047256,-63776.0
t35,12346.31360275419,0.0001320002439428289,-1738.497116677449,156.072261485598,-222.46915244155497,6.577467931838704e-7,3.0706207318216574e-8,2486.9202645932796,-25.339991678988806,-13003.0,7057.329843585292,0.0009171997967226202,-1283.1446033483176,11.787499534510761,-12.708762283950234,7.058414581219792e-7,3.2128615960199556e-8,-4550.97704102072,-22.28785410356299,-1200.0,81.23844609543335,0.0009158034430007376,-101.65463172106323,8.92787670613407,-9.55192557881823,6.788251077424361e-7,3.2001651394813084e-8,950.9771725881277,-21.93785443955617,-908.0,3112.2745052030814,9.32637043450076e-5,-0.043659896984582836,16.08553758432553,-28.300259909952413,7.665525425323513e-7,3.202912340929371e-8,-1222.6080177691051,-76.40819904649462,-1801.0,533.5523177959308,0.00010234368066520116,-21.43684286859324,1.9528157717002472,-2.6050429160493604,5.914437518757224e-7,3.200126438615494e-8,-304.40858439351496,-2.0547661889361453,-205.0,6221.8121304666765,0.00014928577955573036,-1276.9214971802073,9.904196978530802,-16.165525509330774,7.260689748762359e-7,3.207093150111199e-8,-3784.0792906358056,-40.55016389544487,-1114.0,799.932599738548,8.196968488100712e-5,-0.052165638407203035,18.317224176590827,-32.70583381023423,7.72359527530444e-7,3.233337811041559e-8,1266.2175005776448,-75.70940746632823,-1976.0,4058.6036829100944,7.26592047087536e-5,-60.49309257385493,65.11854281943458,-122.47811357022486,7.977339568886652e-7,3.207137046908049e-8,3661.331329107625,-12.08242165604516,-7590.0,339.7522968799502,7.96491111825499e-5,-0.060891260247669,22.122889243065625,-41.29344677554692,7.78881941071165e-7,3.205440255299864e-8,2035.711812765492,-13.23274111616098,-2343.0,19423.085777835928,0.00011922455778387234,-2480.633519062293,193.37928191471164,-511.7222306418998,7.414583124291736e-7,3.186492804057244e-8,570.9143545621249,-10.023783862192298,-17185.0,76700.9218719167,9.32073531968761e-5,-9360.21293877598,691.3214633566391,-1034.3594967328365,6.719235686016645e-7,3.174023197927639e-8,-1109.9995003751478,-50.67149246447544,-65837.0
t36,11304.961845359629,0.00010113546205612668,-131.41863996618312,184.3544865824493,-224.80892915694486,6.186356178294999e-7,2.914089785639671e-8,2270.436843131292,-22.525706927114754,-13381.0,8078.207565225273,0.0009104135727079647,-2289.2990737541018,13.429339345477599,-12.1622416571249,7.063301365992326e-7,3.2138904785207016e-8,-4551.886203248572,-22.2902967123611,-1216.0,86.2538593528727,0.0009300606918416235,-96.231561512633,10.178396237228235,-9.147668425256203,6.794940113804736e-7,3.1992541896765954e-8,951.886340820515,-21.940297052846574,-921.0,3127.3011679311207,8.838385896480403e-5,-0.04357151052074075,18.16159676350759,-27.183035712658935,7.66609175186052e-7,3.200285765382733e-8,-1217.0478001098759,-77.18844633778546,-1824.0,600.2487110950477,9.905825989122741e-5,-16.065503875188558,2.1560205659991047,-2.9115463446580905,5.91477921698428e-7,3.197053746949427e-8,-372.91062577982154,-2.5171551768809985,-208.0,6417.2725774232085,0.00014395628987465153,-1202.9116358570943,11.080356652543735,-16.608038247005464,7.263500508099519e-7,3.201232595613691e-8,-4038.189888468259,-42.64351595144086,-1128.0,812.0770076610479,7.80043000984195e-5,-0.050165941924001825,20.73184150656806,-30.568448774799613,7.724509710649273e-7,3.2281977225171295e-8,1278.7364070995172,-77.92672000258734,-2003.0,3034.141911755616,6.991196690968895e-5,-24.813803664120417,76.44720609139608,-96.92977174981482,7.976056140845097e-7,3.202683116267367e-8,4716.7195897974725,-15.5652024434752,-7690.0,353.2083359858769,7.255862495377709e-5,-0.06478338964552757,25.20048963400228,-37.67407140246587,7.788519042575934e-7,3.2029026050154095e-8,2045.7085495170454,-11.378593519906007,-2375.0,19320.12155114695,0.00010910166238978924,-1746.2446339350556,223.92469294702946,-378.323184865553,7.932306027992368e-7,3.1807178565222523e-8,26.546352756706803,-14.024887231890142,-17432.0,77437.80796894534,9.722524481224817e-5,-8419.904451238817,756.735638120144,-1047.9681936886511,7.414350897246611e-7,3.1599054606756284e-8,-1109.9995655160196,-50.67149390114911,-67566.0
t37,10851.271893588748,0.00010839729749256665,-13.72843117923559,203.47327554296143,-216.07277303938923,6.281482250968511e-7,2.9180359577414723e-8,2801.4852729055374,-29.429345887526285,-13597.0,7840.66864735077,0.0007938811313119447,-2053.9440783977366,14.193243305029142,-12.911924786301187,5.791809022905545e-7,3.0297415617965784e-8,-4542.7410603871185,-22.26562121592457,-1223.0,69.1198753751901,0.0007843900548117053,-63.71615596850646,10.776281703722542,-10.00635330316112,5.766974982772315e-7,3.0175315616690816e-8,942.7411889579363,-21.915621489779763,-927.0,3118.2945276995147,7.744675567442671e-5,-0.04665837986156409,19.61669220691125,-27.08048274960647,6.080814557097845e-7,3.0248206351687954e-8,-1197.397213587312,-78.38694289819888,-1835.0,706.6396132908023,9.032681553382549e-5,-8.590377825189009,2.16722274905457,-4.0691001420366995,5.877737442141436e-7,3.026771484524984e-8,-482.8879472749273,-3.2595014419824073,-210.0,7019.3783297175,0.00011561191994874303,-1177.7874309428141,11.787212802799559,-17.925229028546013,6.025257106135666e-7,3.032932733379405e-8,-4653.40231655703,-47.05068190481601,-1135.0,795.1602204086388,6.67121808391657e-5,-0.048709678914734565,22.48380588638052,-30.247963545565582,6.110027990148731e-7,3.066807446477695e-8,1311.6480201515699,-83.99544016922448,-2015.0000000000002,2246.4397248999203,5.787478853023095e-5,-8.12819997139533,83.2942871570197,-92.6644982268978,6.305369351549643e-7,3.0428123128633086e-8,5525.292118334038,-18.233490127841815,-7736.0,306.2705039289863,5.985222266808249e-5,-0.06796511595783157,27.43911485482296,-35.42275868087405,6.147202683944637e-7,3.034969410009943e-8,2113.91646088446,-23.135416124758404,-2389.0,19609.49996272549,9.088716766481767e-5,-1523.6685101528367,284.6692866877716,-92.41729099502521,6.595505870606023e-7,3.046544459915763e-8,-708.6549219454664,-19.4286171203227,-17550.0,78213.74174111921,8.979371950149668e-5,-7999.902987967538,791.7269135547217,-1069.894660123022,6.398846082909123e-7,3.059074995888294e-8,-1109.9996014816873,-50.67149491925604,-68775.0
t38,10800.456330994164,9.776293661990525e-5,-0.0017561992621443565,207.21615316687507,-207.21756981133655,6.286118886705088e-7,2.9215129129035926e-8,2909.378695431949,-30.83195105048727,-13679.0,7455.288646686162,0.0009382308504744887,-1657.5289877867658,13.695133957618038,-14.58563827573565,7.059414721152888e-7,3.2153540855904364e-8,-4540.610236930476,-22.259856339091954,-1234.0,88.51687131829561,0.0009548376791290477,-72.54806386161648,10.372077783912104,-11.042353927955569,6.791157237261625e-7,3.201500480843397e-8,940.6103700122554,-21.909856662582065,-934.0,3193.939539353399,9.770018934479653e-5,-0.0015400449705686528,19.968765085364033,-19.96767396118414,7.668403553428803e-7,3.203510277829648e-8,-1263.1435654898219,-79.7956231497901,-1851.0,789.0061846200957,0.00010640455453338798,-0.001604536917953663,2.3375555493018236,-2.3365601776343454,5.913009927486267e-7,3.2032108377437186e-8,-574.1302942627568,-3.8753879740757946,-211.0,7129.5830671376925,0.00015759989647709066,-878.0128943900977,12.18005537930546,-12.178976702529779,7.263146759946238e-7,3.2017557120381405e-8,-5056.590941157354,-50.98046836403689,-1144.0,834.2302103495787,8.524175540324516e-5,-0.0014428712095917405,22.737065474626654,-22.735745371057188,7.728293273517571e-7,3.228767944116327e-8,1286.8766363945215,-89.10680969593436,-2032.0,1768.437672506939,7.834296771667801e-5,-0.0012919229784001582,82.85999676352192,-82.85969827982528,7.980099777932771e-7,3.2025154621677985e-8,6051.533329071478,-19.970086783497745,-7800.0,358.78510558978894,8.393115066980464e-5,-0.0014128670136208496,27.707827342989024,-27.70653801672686,7.793550530877033e-7,3.202601502184683e-8,2076.0740499885965,-24.859116586076897,-2410.0,20349.707093522804,0.00012076354850754708,-1693.9196232567238,220.56549660500926,-520.8426890137063,7.931395577031976e-7,3.1713470657694195e-8,-719.9984096424392,-19.51198907711271,-17616.0,78094.97421296281,0.00010580017900270842,-6598.932015793232,759.340674641933,-1327.711849300561,7.402725025655509e-7,3.150889479599046e-8,-1109.9996334159518,-50.67149483913773,-69767.0
t39,10182.20448234818,544.7969017039588,-0.00010017376149759522,248.81832072788686,-128.3292662217953,6.353357200646373e-7,2.9198350903002975e-8,2959.999660063755,-31.489998175320824,-13776.0,7085.826934633238,0.0007983804620525607,-1267.9248944125216,14.890405721027326,-16.82280774431157,5.850333339126765e-7,3.0957887451328554e-8,-4556.6672104663585,-22.303226376733075,-1237.0,68.70167035838354,0.0008083740404909405,-65.9405175003236,11.275232263480603,-12.751304032745107,5.788785111237111e-7,3.078207440366491e-8,956.6673367943656,-21.953226650678495,-936.0,3142.49043020377,8.165571916979207e-5,-0.001115294001147543,22.13278465263455,-22.134591323248276,6.189901202907407e-7,3.08578390612765e-8,-1207.4327614206488,-79.05482884281439,-1856.0,750.8088896071273,9.366983408426962e-5,-0.0012212544722801537,2.586215644133723,-2.587856767230437,5.741947866076952e-7,3.081079751543255e-8,-535.1935560612761,-3.6125651743830023,-212.0,6815.0898087405785,0.0001295076605400503,-0.0029806792477050192,13.507369175345808,-13.509139199084816,6.074600007025585e-7,3.084947883416813e-8,-5614.9856951041,-53.09949280539833,-1147.0,790.6101938027052,6.167831950929711e-5,-0.0013435945735901865,25.27400932695382,-25.27657400097418,6.228746740490243e-7,3.1203689541098705e-8,1340.5607427696903,-93.1670903234198,-2037.9999999999998,1493.0159967381342,6.166053070717206e-5,-0.0010289895690985629,92.00128340225874,-92.00285900482446,6.529917811501786e-7,3.101026439770402e-8,6347.904871308405,-20.91832532210251,-7820.0,305.0518004972749,5.8117815475921774e-5,-0.0013240745430215983,30.775658787689736,-30.77814953731023,6.286607236559639e-7,3.098196803253004e-8,2139.142862449727,-26.190906695587255,-2418.0,19406.548155487566,0.00012173555569023333,-1134.5537770225794,283.9005442612566,-200.38625519825953,7.378919528408478e-7,3.135840916539899e-8,-719.9968138895304,-19.511975421006824,-17616.0,75381.83911288335,9.096056263192424e-5,-3791.8109876220083,861.3659158714815,-994.7232039168731,6.66922333483685e-7,3.116953776124674e-8,-1109.999436444028,-50.67149148031504,-70296.0
t40,9667.5846204443,1070.5217059482075,-0.00011721011815919499,315.8195542554094,-208.43513349430697,6.343726366445521e-7,2.9662312412713483e-8,2959.999366338435,-31.489996138902008,-13774.0,6981.779465913841,0.0008048584083004051,-1136.177246103218,18.64093229050915,-23.4117406986101,5.843176275165918e-7,3.0944197680226295e-8,-4579.467424351231,-22.36479216423228,-1239.0,63.418066195953124,0.0008023261902450452,-78.2791306928577,14.124844145273435,-17.71731338007412,5.782035912276257e-7,3.079700811380106e-8,979.4675233146646,-22.014792301364903,-939.0,3133.7363996396193,8.969820943418292e-5,-0.0005593927805807846,28.685373426384448,-28.685731815578755,6.194582600017364e-7,3.0860792420630024e-8,-1212.7212752008209,-61.01429669364111,-1860.0,754.9293833350845,0.00010254253557226522,-0.0006054920716782061,3.345847336462092,-3.346119995712694,5.745768970136332e-7,3.083200623303336e-8,-539.28840302,-3.640205033774462,-212.0,7650.800331806487,0.0001444786082560521,-0.0009051367314532947,17.514370852522017,-17.514704027007383,6.07854636031502e-7,3.083310835265565e-8,-6451.058402960121,-49.74083537794877,-1150.0,1050.252556035358,0.00015664396673181532,-0.00010949637072730439,33.04184093398191,-30.531799971909287,6.276847509571868e-7,3.118213769697849e-8,1085.2210289200566,-94.98367346702054,-2043.0000000000002,1132.4870020139101,0.00026958063041734783,-6.0242786613662394e-5,129.31682127319726,-70.95605037121936,6.621034103183672e-7,3.0999927634706516e-8,6664.830960613451,-21.67894311222342,-7834.0,291.12386984131786,0.0001489442596332701,-0.00010342570173645229,40.18963249189422,-37.645692479706206,6.337155663887735e-7,3.0845598415093295e-8,2158.646163796067,-28.314019626023658,-2424.0,19248.92969865005,9.961852756149383e-5,-178.71272072112308,341.32666378139726,-424.84201599741436,6.303788804133157e-7,2.907380570320979e-8,-1319.9997034456956,-9.702021620300657,-17657.0,71073.11357997073,0.00019355428035632087,-506.8784524108581,1107.6408672206471,-1107.6403248078914,6.468179676713583e-7,2.951739838039842e-8,254.37016599519484,-26.606029225305523,-70794.0
t41,9712.755979430596,1032.7457981844886,-0.00014563189649147764,395.91946770100486,-325.93031931065644,7.532150564239931e-7,3.1610982882262085e-8,2959.9992146598233,-31.489995026235402,-13744.0,6990.291500014997,0.0008295965117359491,-1081.3747131197217,19.671820211766654,-35.233716449190894,5.851163657945264e-7,3.0957896941428666e-8,-4624.868339078115,-22.487381388038706,-1246.0,54.73809077784531,0.0008191751754240514,-101.85389235111242,15.025529260899702,-26.641595487280664,5.788650651269771e-7,3.08216998131583e-8,1024.8684297690743,-22.137381505139835,-944.0,3124.0158677901654,0.00010711416593425224,-0.00027867548245184777,36.99694453372198,-36.99707376389042,6.230539236099954e-7,3.0913287731714496e-8,-1185.5452175009523,-69.47034981677344,-1869.0,751.9865172721169,0.00012232346899633824,-0.0003077835579052815,4.3052377884649,-4.305350401268388,5.777994868801286e-7,3.085562387021162e-8,-534.3791527150353,-3.6070668127715653,-214.0,7325.534961064202,0.00019023651599792566,-0.00040544384508618355,22.60971812071549,-22.60984329852454,6.11493201066514e-7,3.0988675890768216e-8,-6118.112413484615,-51.422207567057974,-1156.0,1109.0324165026186,9.524714017960522e-5,-0.0001915690440086241,41.46807692707711,-43.97796874264012,6.29319584971156e-7,3.124633436810968e-8,1042.6337179680222,-95.15614670163704,-2054.0,1210.3282393755458,0.00011103364853424935,-8.299502450458213e-5,156.64586670255667,-138.12601684190003,6.632714898200111e-7,3.1025826858834274e-8,6664.830825349002,-21.678942906466443,-7872.0,267.7997111485013,8.805449641867631e-5,-0.00018643013626358471,50.64479887299827,-53.18859407624111,6.353546044538703e-7,3.089572464906994e-8,2201.2306772225793,-28.48649525041588,-2438.0,18595.724317980574,0.00016787658197090066,-0.0004133112559141157,453.9658300365751,-453.9658980884844,6.319103251545327e-7,2.907042820684639e-8,-801.5453013942131,-18.178702798212765,-17776.0,71107.93558311161,0.00020392536495089926,-0.00025965729241485464,1533.7211812957112,-954.6537384397188,6.495181847906847e-7,2.950237048951401e-8,-629.1124407955703,-41.89052927550374,-71016.0
t42,9866.222828502023,1039.8168087260901,-0.00018624040346762412,456.78406719954984,-448.3311531929111,8.11846049372585e-7,3.1772773205099896e-8,2959.997615300303,-31.489980406349947,-13843.0,5968.468949747288,0.00026439351778681063,-186.70732862928946,29.334577690640753,-29.334543936042582,7.346165980533798e-7,3.2165034895356417e-8,-4516.567181588086,-22.194738066757473,-1243.0,47.27701906481604,0.00022015502008650343,-0.00023811173164902955,22.25018116409629,-22.250147467696365,7.063172679471041e-7,3.210642098927619e-8,916.5677057785922,-21.844741067056944,-942.0,3118.990630361696,0.00015928757194337277,-0.0001766331928603529,43.612760889124985,-43.61258684130738,7.788619110562173e-7,3.2105100915944465e-8,-1175.282250072744,-78.70853749531959,-1865.0,736.1137306508878,0.00017036662830817638,-0.0001857072728617308,5.087389338151515,-5.087227704121591,6.01492044290577e-7,3.2097368923910555e-8,-519.6065268906522,-3.5073504255838133,-213.0,6402.418525166178,547.6999397683803,-0.00023592492774468542,26.726107795712934,-26.725940536986773,7.401163049479522e-7,3.221584204803957e-8,-5743.805963704835,-53.31243309065367,-1153.0,1030.457456826827,0.0001289505105706373,-0.00017098222122763495,49.44787222951138,-49.44771385877873,7.852140686959669e-7,3.244383021869788e-8,1115.4038312295925,-94.86140494706358,-2051.0,1286.7303952605293,8.663961911059854e-5,-0.0001966014121880965,142.61075864902023,-219.49056289839396,8.108040700075889e-7,3.213659658134801e-8,6664.828457462614,-21.678938930577047,-7853.0,332.7293696868666,0.00012754124637508733,-0.0001653164195119816,60.21286638644066,-60.21271784442704,7.916907143772166e-7,3.2121240587965377e-8,2128.462271829692,-28.19175290360982,-2433.0,18349.950520088347,93.91051154515935,-0.00011093033568741268,569.5332438478092,-451.8841316530543,6.397022507074887e-7,2.912740598648236e-8,-719.9980451117264,-19.51198751386439,-17822.0,72231.73967241035,0.00010455812919839784,-0.0004336843742856238,1416.245997128373,-1995.3139342378743,6.496475309876613e-7,2.9579382837109442e-8,-1109.9999142327501,-50.67149161947864,-70492.0
t43,10794.491996785242,1429.877043144955,-0.00029781208214225025,415.1409317660383,-461.42673589905934,8.124961121279399e-7,3.17765587626518e-8,1599.9970618893735,-14.079999958830586,-13764.0,3497.426218920782,239.99947168172642,-0.00021978236718885662,26.149621229184273,-24.160751041007106,7.453553484472865e-7,3.219881314851437e-8,-2514.577280675036,-14.837060732485151,-1210.0,41.88204203964086,0.00014642645679938506,-0.0001815662588788894,19.895698009593627,-17.932124630789318,7.166118484181473e-7,3.2130936773581914e-8,890.5511133408526,-18.396694112394943,-916.0,3105.2849667588152,0.00010225391024942142,-0.000246734702319534,39.031789890474116,-37.04880690237072,7.810115555827326e-7,3.2115921795932627e-8,-1214.8243501423458,-77.44345563359192,-1815.0,983.0746806173762,0.00011388131247431085,-0.0002601242766352285,4.697836751198677,-3.516184660356838,6.029896045557242e-7,3.2095379260885965e-8,-772.0448777560148,-5.2113090573706575,-207.0,3671.357905812065,1166.6992687970285,-0.0002852773512322402,24.07580520387358,-21.557882423638596,7.412508480045779e-7,3.2223731579886744e-8,-3678.547020985496,-40.02779165291155,-1122.0,878.2741207567335,8.331392344272709e-5,-0.00025090258959919483,44.32313524757059,-41.789827284573086,7.868925550403596e-7,3.2459225632975455e-8,1182.4229681908785,-68.23022986952142,-1995.0,1648.1940642381546,6.250272101599977e-5,-0.00034265544699752496,158.92549236585714,-156.48855555623658,8.121842200407663e-7,3.214689770286289e-8,6011.206280419993,-19.83700169452072,-7642.0,528.8486591315539,8.188407459186684e-5,-0.0002509080556632988,53.94559680800884,-51.33328530727941,7.935541647521158e-7,3.214812955997648e-8,1848.381166920003,-11.841969149297624,-2368.0,18307.070983050467,489.2926599330195,-0.00028699240173196217,463.8202274447614,-514.4819858292468,6.691143722227173e-7,3.050649722173417e-8,-1319.9995829924023,-9.702014562798823,-17416.0,66391.46710392188,3692.9826779363734,-0.0001871016046584562,1634.4258357370766,-1000.511903254883,6.556887999173545e-7,3.0765175134470865e-8,-2032.5654782098059,-34.79804893099045,-68651.0
t44,11956.846108937669,1830.0003818400278,-4.265040881588664e-5,302.35482480818627,-0.0030059995444625394,6.554980656700701e-7,2.9915728010778925e-8,-561.8936282370854,-7.304638634775167,-13520.0,1981.1830152153475,2764.3064571434484,-7.76731112645203e-5,20.040867959465952,-1.8066960680998125,7.62149348433971e-7,3.243378775308885e-8,-3569.6408062585765,-12.082760778457775,-1182.0,41.652384955249694,135.66394658596164,-6.625741321831952e-5,15.215861508116511,-1.373384555752842,7.331005706280985e-7,3.223847871028134e-8,725.1692153130764,-21.327958148594842,-895.0,3088.5063786330325,0.05010812927088663,-6.176146965356107e-5,30.349394840970547,-2.134297850991305,8.03803595830955e-7,3.221859555606056e-8,-1276.4949153752402,-66.27660724789905,-1774.0,923.5115864828696,15.94566435517338,-6.415972597738485e-5,3.5067568199520345,-0.238117073539872,6.195289672864154e-7,3.213903797470011e-8,-735.7594465743247,-4.966380333077675,-202.0,2060.5856901427305,1250.6091493096985,-7.298511935576702e-5,18.553047391904386,-1.2978211234596932,7.614960928106057e-7,3.2151855495051456e-8,-2207.642463449343,-24.807529923758814,-1096.0,756.0127591592226,0.059808541052356966,-5.8293447842605406e-5,34.367151710979,-2.398063225448298,8.10703585621945e-7,3.246187318485426e-8,1227.8232135883723,-67.86481217048245,-1948.0,1665.1942709405298,46.106286057698895,-5.582424210128014e-5,122.97377261953265,-8.826071866715012,8.374632760231705e-7,3.218364129899195e-8,5663.240505270124,-18.68870756530246,-7470.0,527.8979296675861,0.08485938772639678,-5.740370156588673e-5,41.88678436888354,-2.9295735843265316,8.180236476286863e-7,3.218989172576912e-8,1757.5620453005936,-13.501988398245699,-2311.0,15012.947172968654,1565.6953175291133,-5.8383536233704386e-5,358.52102932731805,-27.758102365582182,8.334948538841541e-7,3.195221370071588e-8,189.42237262095253,-12.827731967467939,-17086.0,56359.04293822534,10344.929839417382,-4.7977203378189545e-5,1205.730736689413,-114.03334721224182,7.88324758144375e-7,3.4045558710317645e-8,-1211.7860921985503,-28.884027384884334,-66555.0
t45,11902.119208744818,1830.0004431371447,-4.0168209315131124e-5,258.98774895877943,-0.0027812159496458998,6.556285100595033e-7,2.981818705670296e-8,-552.9166430265195,-7.187936502671179,-13431.0,1969.2372311104389,3139.8427624788596,-7.157095130369387e-5,17.046888633610443,-2.486308479026448,6.836754183639614e-7,3.214949004812869e-8,-3927.5632215501228,-17.0772810699206,-1179.0,41.65108599458914,180.22288897443443,-6.195482516139841e-5,12.93902022750275,-1.8845823737273382,6.695800491295715e-7,3.201969832305238e-8,680.2784021308663,-21.206753555152773,-892.0,3072.064196775756,0.06481299372597066,-5.846163849209792e-5,27.023720381558814,-2.3577461964846473,7.10409978869561e-7,3.200755614215113e-8,-1253.830349037372,-74.96457698997722,-1768.0,837.0852591496309,24.62558443439896,-6.059342853616169e-5,3.105350206873432,-0.26981456890435357,6.110661357995349e-7,3.195797048638046e-8,-658.1041123977561,-4.4422067548607265,-202.0,2083.377470331158,1376.9481737632962,-6.930093508146682e-5,16.502134537733546,-1.4360906511596736,6.86636172258319e-7,3.198421954213e-8,-2353.468575718267,-28.923043519582297,-1093.0,756.0127870018974,0.07534253914813943,-5.167628924673316e-5,30.588406128310858,-2.708872114068042,7.189459071398588e-7,3.232704165192648e-8,1231.200889378669,-72.1685018592211,-1943.0,1513.5735147067414,88.68835159098516,-4.534615085206951e-5,109.47575260017393,-9.256571876967957,7.7619172688848e-7,3.206649415239743e-8,5768.55524437826,-19.036246433787884,-7452.0,527.8979631856513,0.09620817803289808,-4.889040081552728e-5,37.28751529811018,-3.24560178468727,7.292034725077981e-7,3.204885935207693e-8,1754.2461266761625,-12.282163233751227,-2304.0,13884.863503720515,2547.120350694981,-5.1822245957842234e-5,319.1903477807721,-20.50405101955676,7.795522258166687e-7,3.1633096655553526e-8,530.6496162086099,-10.319715743815848,-17251.0,55224.32474166362,10984.68966294531,-4.3389812791169636e-5,1055.6950724042385,-86.01441808106811,7.052966821521591e-7,3.1522951288856596e-8,-1219.047377042531,-41.6476384520631,-65918.0
t46,12265.427041486535,1830.0004982230143,-4.594099479003852e-5,225.6002318580804,-66.20093913134257,7.809651655248207e-7,3.175693923278059e-8,-790.5632140196254,-10.263572782663017,-13454.0,2077.925733913632,2728.4237735847946,-7.075371797354514e-5,15.290015941704812,-2.506201414576332,6.84510176422023e-7,3.230824445388974e-8,-3655.2675680813245,-13.865683633805574,-1150.0,41.65136954610707,184.16119162052527,-6.102874162998834e-5,11.600732807235937,-1.895791648788846,6.70480019996092e-7,3.216780466339786e-8,655.6227412165337,-21.140183072487517,-870.0,3075.47700656245,0.1156555024580915,-5.458922975079674e-5,22.96403023256541,-1.9211275702279458,7.112099999408509e-7,3.2194272050604783e-8,-1310.5853538267154,-62.05015684245917,-1724.0,850.4507230728276,38.29589310282956,-5.6695365947079936e-5,2.632772870146956,-0.2174071156932667,6.120913377130765e-7,3.209362215941178e-8,-689.5077444574276,-4.654181275515523,-197.0,2078.5629662955093,1346.9664994038271,-6.489793218719923e-5,14.018501311600755,-1.1792984158853752,6.872136180097012e-7,3.22272950795384e-8,-2347.637928742673,-23.730675507934247,-1067.0,756.0786827619776,0.133331886681177,-4.7630691119829514e-5,25.995114641731405,-2.176370810042179,7.197698526662253e-7,3.254515670804971e-8,1182.2406420233685,-68.27135346665375,-1894.0,1509.4537156544318,96.93991448022686,-4.119988829355394e-5,93.02491286713791,-7.901138693656468,7.778894114083718e-7,3.221497102207441e-8,5596.952593997508,-18.469957527339517,-7270.0,527.8979711731738,0.17188407318504453,-4.564133962455807e-5,31.681441240691424,-2.6619315976285183,7.298208627948108e-7,3.229375525437204e-8,1702.7738330117588,-13.863152831395062,-2246.0,13988.583134384502,1937.183704342771,-5.4545846658177026e-5,267.0067791753517,-18.614486817643325,8.339326158825424e-7,3.169684791580507e-8,550.0182810781376,-10.177357883268726,-16714.0,56574.25754819487,8248.445876634643,-4.275423418659449e-5,912.5478490396159,-81.38209374439448,7.851037087796758e-7,3.1508142425200804e-8,-894.0462821995403,-27.82285521680207,-64732.0
t47,11926.12480233549,1830.0001277258268,-7.104894936068361e-5,159.04235002499385,-71.16840471255406,8.319945240078566e-7,3.168140095144135e-8,-1230.217578224901,-15.781226408303294,-12598.0,1874.2572480315741,591.873559896815,-8.120642198564067e-5,10.528934661161049,-1.7037883615387228,6.816244606834766e-7,3.249379590033871e-8,-1410.1484275787518,-3.8074458875785706,-1061.0,41.6512487074644,174.78593463799282,-7.107582566166543e-5,7.988113495095768,-1.3003444946439586,6.676897786718668e-7,3.2384965286726966e-8,587.5896991918751,-7.714581017646318,-803.0,3007.7494579988547,0.0006618563732186711,-7.012650090318724e-5,15.81470686532857,-8.08269956739422,7.058199430213699e-7,3.243186962705375e-8,-1385.1343913794963,-37.34766619695025,-1593.0,871.513829840929,0.0006993626398841174,-7.213853227467145e-5,1.811469222242222,-0.9042108884249416,6.084354005269186e-7,3.230966643857641e-8,-686.7859068827615,-4.635808990602158,-181.0,2055.771196795814,1166.7004123982704,-8.32545032805691e-5,9.652931262278829,-4.917415040937753,6.808418938453224e-7,3.2516159032638455e-8,-2229.7205549437094,-12.486487769970534,-985.0,756.6705866506012,0.0004950646278504638,-6.652317004981441e-5,17.902653552846512,-9.15669507311866,7.136552299128939e-7,3.282911720192243e-8,1037.3114973737024,-55.728471604109195,-1747.0,1487.522896974176,0.00047850348728046497,-6.199420236487374e-5,64.06263013885696,-32.727195543765426,7.744519591878781e-7,3.2440858627594034e-8,5214.137866532706,-16.996615249632494,-6716.0,527.897928448186,0.0004246081374461607,-6.519394103221173e-5,21.81697590149631,-11.135063506668184,7.233903616119923e-7,3.256620463678537e-8,1551.3919507396802,-17.97215156211797,-2072.0,14175.55664205307,1490.0002961847895,-6.859987858009756e-5,181.73745637120564,-86.15129424419884,8.307943752498507e-7,3.16411227394536e-8,-424.800828385776,-17.34220364628664,-15319.0,56990.478315161316,3693.000385840955,-7.096454794137009e-5,644.3648211652907,-360.5095426953483,7.895629695398759e-7,3.154391420379567e-8,-1023.6233264425674,-17.71058217979062,-59926.0
t48,8982.784501593409,1069.2149891478455,-0.0005283114541952999,100.84659624433954,-501.72534016487833,7.577678519408134e-7,3.2043028255165684e-8,1599.959450546736,-14.079669202134385,-11237.0,1672.0787522911612,239.99947383219973,-0.0011026871919752358,7.249608238250303,-9.724205236615903,7.174324137769553e-7,3.000593687508998e-8,-927.7469732959204,-17.85555362199657,-964.0,41.65065373862639,5.099207598901101e-5,-0.0010654948997796617,5.4995054330126205,-8.141369715772296,6.90483135515137e-7,2.986593171927898e-8,701.0003138458525,-11.008089374806218,-729.0,2959.2962588224373,4.604017497710666e-5,-0.0010686204640757947,10.890517693713827,-12.71349566740805,7.612279598290008e-7,2.9825741919452516e-8,-1443.3505491186763,-68.12170974880245,-1446.0,822.0209439737441,5.0691567996327245e-5,-0.0011071845102009058,1.2453295997765699,-3.0055892440708973,5.888732968756766e-7,2.9731346355463032e-8,-650.8662750216721,-4.393353321759131,-165.0,2032.9790861966005,1166.699276801477,-0.001009434861252866,6.648269305071173,-7.562642090796325,7.122020842647923e-7,2.9820924238089125e-8,-2281.2474968807537,-23.51548447954916,-894.0,756.1486778241358,3.716112032190374e-5,-0.00091836432463612,12.330837663304836,-11.925353740951408,7.716105443886004e-7,3.020899572459596e-8,878.6169895493091,-49.17027072843979,-1586.0,1514.5703890300322,3.3029121276320493e-5,-0.0008894088523034973,44.127736503356715,-35.998987351003684,8.090190090725148e-7,2.99093472786285e-8,4591.453536072313,-15.151818358806617,-6099.0,527.8974102786194,3.520360165272847e-5,-0.000860844755009429,15.027625477721601,-14.032041233402968,7.823914193590834e-7,2.976757847795653e-8,1358.9676729278628,-9.859842432214288,-1878.0,14035.96426835194,1410.242261875264,-0.0011391965675138518,111.0917295829793,-222.59560140489683,6.306733460192409e-7,2.8934262927591594e-8,-1319.999512087741,-9.702006951966846,-14005.0,54390.9249125483,3692.9899947617996,-0.0010013928480979986,417.36984574275994,-1411.6759096323888,6.426554126476438e-7,2.9315155127923582e-8,-2506.7871565373107,-40.82068522758316,-54542.0
t49,7633.067225679237,974.480811388019,-0.00025126112856704424,52.447364267119255,-228.9172070294501,8.133687374352686e-7,3.167520925860239e-8,1600.002108851757,-14.080052044330175,-10017.0,1554.1904472639224,239.9995026573868,-0.0003465258847407263,3.6308542848827754,-17.778568579671763,6.551851264456859e-7,3.2444005009836316e-8,-886.4750833502127,-6.566806172759356,-887.0,41.650637716572724,9.180967947333047e-5,-0.0003130511166935843,2.754395636535111,-13.180618138286734,6.419806620111893e-7,3.232479782938851e-8,646.328901951595,-5.55309645461574,-672.0,2954.388534374508,8.766493412100335e-5,-0.0002989082534393958,5.453988184834856,-27.58813409483356,6.784085913268629e-7,3.237545338838794e-8,-1539.276328167221,-60.97784957049444,-1332.0,767.8694313146266,9.364251610717677e-5,-0.0003137807402716839,0.6240696057465099,-2.5709984064031475,5.889634322004913e-7,3.225448863932845e-8,-609.8060858051149,-4.116197055923268,-152.0,2032.9759549682396,1166.6991768536743,-0.0003735523051021475,3.3288733946249405,-18.347090827009836,6.53927965716358e-7,3.24581763793372e-8,-2343.413395811867,-18.243145546416294,-823.0,756.011390562217,7.194393882248031e-5,-0.0002946263792027479,6.174079529455175,-33.98418196134849,6.854238291456234e-7,3.277757757741862e-8,775.8890128245151,-44.090078836188525,-1460.0,1526.5403298271765,6.082707749479232e-5,-0.00027169242035384887,22.100827311668958,-121.64214340626567,7.472628143834002e-7,3.2425607001578e-8,4212.835979021696,-13.834782233393225,-5626.0,527.8972774897769,6.314074177788289e-5,-0.0003178830254071176,7.525443203130348,-41.4406263207388,6.946098361393362e-7,3.253968026403387e-8,1244.9004333635075,-9.88227352996212,-1729.0,13919.898635825915,593.0774907368684,-0.0003890922342069746,52.24887328724068,-442.5232205033961,8.090926533576882e-7,3.1531056508606e-8,-1319.999383889107,-9.702006548854431,-12793.0,49159.986397540386,3692.9855429955983,-0.00027875817337042716,232.9608517392538,-989.3433523318395,7.775979105394534e-7,3.157573851029832e-8,-1780.9861589895484,-31.603002322142533,-50284.0
t50,7319.5096869959,428.0947852743929,-0.00016397369647331797,28.93387071987415,-116.48306781829429,6.340325922257867e-7,2.991833903007715e-8,1600.0252271918612,-14.080338396834117,-9246.0,1553.841545237898,239.99942172337126,-0.0002626828624549864,2.0593872348622386,-15.398504263031734,7.087555462728105e-7,3.222310456042427e-8,-934.9770665976946,-2.524521134376819,-843.0,41.65068942714746,0.00011244349143644202,-0.0002257914600831236,1.5625495009700725,-11.68651880338788,6.826157745844607e-7,3.2143644928231946e-8,609.5436851781851,-4.070292527039245,-637.0,2951.3721152831667,0.00010874649056178101,-0.00022179106043621234,3.0924094843725594,-23.11255068413017,7.525763302634044e-7,3.211128800210223e-8,-1625.3442435676639,-43.00761806850738,-1263.0,741.9676517620038,0.00011507228834733955,-0.00022624115175235424,0.3551530105908634,-2.667983786341815,5.859700672476106e-7,3.211710854364927e-8,-591.660992908487,-3.9937173990064676,-144.0,2032.977393437765,1166.6990557546294,-0.00028175199433858316,1.8883523142707226,-14.124495122456223,7.035676271934004e-7,3.214239523429803e-8,-2387.9474986906057,-18.492526517899435,-781.0,756.0113740580116,8.841208905837144e-5,-0.00022118298311340326,3.500319420356717,-26.159969774613796,7.637709783758904e-7,3.24492921891747e-8,689.0485440702521,-37.400135640847886,-1385.0,1759.8726359263374,7.421876492963167e-5,-0.00020626165995115032,12.5300839208486,-93.64432981869534,8.083322098632316e-7,3.2190338066296806e-8,3673.208412708274,-11.966670996174868,-5340.0,527.897219564993,8.456380495304501e-5,-0.00022267041858074231,4.267385499887259,-31.902216556032233,7.772247425426797e-7,3.210951762543274e-8,1147.852964100213,-10.115215123205,-1638.0,13384.049055053612,366.79203887684514,-0.00019711861101865194,34.357954734377884,-235.497500625784,6.35348884775001e-7,2.9408811030824113e-8,-1319.9993447843485,-9.702006043080502,-12220.0,45645.89990365452,3692.98675599378,-0.00021052151647734372,128.45830510957097,-668.560733721531,6.439173674976809e-7,2.983290242100724e-8,-859.749686699986,-16.034333667354367,-47923.0
t51,7256.32816255464,0.006653774325305245,-0.0001204959610815744,12.57862348060291,-167.29915999151893,6.340085042351347e-7,2.9310145952857008e-8,1733.136729896116,-15.750889049225915,-8819.0,1556.9355905367743,239.9995355346822,-0.0001735760138610686,0.9083468547393898,-11.042349248970263,6.087001283642757e-7,3.101382594141961e-8,-971.1786902467481,-2.622260216493464,-813.0,41.65061807201985,0.00012469616985255144,-0.00014383424869015456,0.6891670474004348,-8.37989350007818,6.026977630731209e-7,3.0839167923036664e-8,585.4943538589029,-4.454226825220439,-615.0,2946.2296386305693,0.00011505871178078143,-0.0001290931187847723,1.364017364538184,-16.57387163853383,6.205964896917595e-7,3.084056411273357e-8,-1685.57746892761,-26.44230184444804,-1219.0,734.6370688556398,0.00013449665113897275,-0.00014980466756076723,0.15657303644747,-1.912087855943633,5.822137906739514e-7,3.084083308723266e-8,-589.8997103108208,-3.981828890387895,-139.0,2032.9822539634756,1166.6992045970046,-0.0001732831643920934,0.8329359119387395,-10.128175541091935,6.097312451684538e-7,3.0912628882801204e-8,-2416.7323234035566,-18.653722724453903,-755.0,756.2246669191776,9.301210255067671e-5,-0.00011107541846840385,1.5439146075695163,-18.75673059690891,6.240925559816967e-7,3.1223792818961166e-8,630.4417446404809,-33.45357795454016,-1336.0,2119.902296764389,7.894248922876924e-5,-0.00010529047173432053,5.528134832694955,-67.17444051231375,6.566659465097634e-7,3.102894846795341e-8,3105.7801597044445,-10.036124584904913,-5154.0,527.8971950660707,8.63774790338196e-5,-0.00011049500276064134,1.882557013415027,-22.88111678207159,6.297232060331036e-7,3.086981316131988e-8,1083.3713625334883,-10.269974179368905,-1580.0,13087.417434625479,239.0607522666893,-0.00015185050743715157,15.344083077415739,-152.120740235739,6.359719183456904e-7,2.9446496791371898e-8,-1319.9993712102448,-9.702006560326847,-11860.0,44619.18610908869,2809.9495931768756,-0.00015626397754722756,55.7784133689587,-852.189464323683,6.437780109743085e-7,2.97958080716088e-8,-154.8367865344519,-2.8877083265537347,-46475.0
t52,7438.632629583872,0.0006265258799696225,-0.0001675483647314292,14.286073056019319,-141.61807400717325,8.121765164850478e-7,3.165846883019196e-8,1308.2112026293087,-11.512290289472388,-8608.0,1462.592622483543,239.99950470776088,-0.00014168873018976665,1.0413990992729019,-9.828780965482228,6.091412248484016e-7,3.044642647340987e-8,-892.3951147357911,-2.409489223573942,-799.0,41.6506466938067,0.0001474809446172939,-0.00010927609574086495,0.7903884042881274,-7.384396049641441,6.070308491147661e-7,3.033656766168614e-8,573.8658192393201,-3.92249694154973,-605.0,2949.8153611805315,0.0001346832304806795,-9.591451181008099e-5,1.562866834863915,-14.612773200026634,6.158815048105599e-7,3.02974795547805e-8,-1716.9964814515056,-21.76901249915993,-1198.0,710.8323764885521,0.00016076144782283785,-0.00011187526924161107,0.18085521440355995,-1.659183545356585,5.996557371784472e-7,3.0311358216259166e-8,-569.509900347093,-3.8441971245595314,-136.0,2023.2444111936543,1166.6992382665642,-0.00013522388418714162,0.9541706473795066,-9.008156492129109,6.09984837515085e-7,3.032002688027326e-8,-2423.1336786843353,-17.75585013065443,-741.0,756.2489663161068,0.00010988867961581752,-8.569454462382334e-5,1.76600567724617,-16.71983882079441,6.17533170644922e-7,3.0693867540932555e-8,604.6407437824184,-32.93590151930765,-1313.0,1750.133202693907,9.495064196176236e-5,-8.400523028295832e-5,6.324037051589921,-58.27618240212164,6.372820121582958e-7,3.049423482065127e-8,3380.7364971416437,-10.917565482054462,-5068.0,527.8969913190463,0.00010308350948034625,-8.262703096921704e-5,2.1551397324360364,-20.295298184971077,6.212992319453282e-7,3.040407448988954e-8,1054.5821724471793,-10.339026187819101,-1554.0,12930.97789644354,181.57631348349688,-0.00010194664936444018,18.83199059625158,-87.68490145906493,6.3484311831115e-7,2.895596270025996e-8,-1319.9991914229397,-9.702005508904762,-11714.0,43293.577103350355,2843.5483881681876,-0.00011670242167647943,60.41954272989949,-393.5427857544507,6.493839504575489e-7,2.9443216344980274e-8,-0.002068598204897138,-6.30021664024717e-5,-45804.0
t53,7823.125306663923,0.0005013884298072332,-0.0001098268314383576,19.829905901247965,-59.94939659140332,6.233369147278053e-7,2.9134865020724176e-8,761.6967505255705,-6.702957983435648,-8538.0,1553.304038738064,239.99944812938847,-0.00015313767720019454,1.5706949049635768,-3.189937755648784,7.047972689393531e-7,3.3234613415635036e-8,-985.0244976440681,-2.6595938126317087,-804.0,42.330482557966455,0.00027884521540813084,-0.00011376377339350602,1.1909860895016426,-2.508899491523353,6.792943704895071e-7,3.2582989976090594e-8,572.6058393735698,-4.618574142268914,-609.0,2930.795169551991,0.0002552606358605135,-0.00011122673164966415,2.361972008202032,-4.947540101309834,7.48359759492887e-7,3.2660830386094256e-8,-1698.0316417378988,-23.178104342304437,-1207.0,748.5776106108278,0.00027929484571352604,-0.0001165646888733266,0.26712085149207937,-0.6053011209595734,5.84432362910391e-7,3.296960887761751e-8,-607.1413828835891,-4.098210712566207,-137.0,2033.832014483151,1166.6989594061108,-0.00016162373046885932,1.4391394170284482,-2.93259063472944,6.998832630886505e-7,3.28185085684393e-8,-2435.9585362031457,-16.07882546457,-747.0,757.5363203080766,0.00021624791878907028,-0.00010618945459702491,2.6748860202732594,-5.417952855552947,7.593445955983703e-7,3.307757807898938e-8,607.1927810265825,-38.98614523563473,-1323.0,1071.1040412927132,0.00019904571177882887,-0.00010326202673938266,9.565724720723228,-21.132789384822402,8.076149698710912e-7,3.3079389611891356e-8,4054.600176123155,-13.137249007407954,-5101.0,529.7619366087378,0.00021581227143707108,-0.0001058675693511781,3.2560034734354066,-6.729920692626088,7.748417132967655e-7,3.3159828515004005e-8,1050.0617458793831,-10.34987591135538,-1566.0,12986.470604438837,274.66773193688175,-0.00016508036568492249,26.595909839419278,-57.032930882637906,8.099027160568393e-7,3.278537393858779e-8,-1319.9991449086883,-9.702005588657345,-11901.0,43130.3999903173,3346.0380723982726,-0.0001466662228832623,104.59691158003882,-215.03267459708456,7.812139797626924e-7,3.297817801778351e-8,-0.0020895508698644655,-6.374545686650903e-5,-46366.0
t54,7908.237384550565,0.000569126464047278,-9.298729838375864e-5,44.17583657138488,-18.422118924641357,6.324395097457656e-7,2.9332298638908177e-8,848.4750291476698,-7.466607268080541,-8775.0,1648.9896710616192,240.0000930835868,-0.00011097609140961252,3.5553119668366056,-1.2797567507018892,7.102480994604718e-7,3.2273591154817645e-8,-1042.4505716535596,-2.8146372174664935,-846.0,44.23455472585545,0.0009329919425493449,-7.209300010140505e-5,2.696806343094221,-0.9596036614952517,6.84263480971163e-7,3.208074563914615e-8,598.9486471416865,-4.9212660223864715,-640.0,2950.352514549636,0.0008606853811710988,-7.577171289345437e-5,5.34239178086777,-1.8944804077193442,7.541245890724049e-7,3.2085939968173525e-8,-1660.097755293109,-23.703456120958958,-1270.0,788.3190688039361,0.0008650718614806555,-8.016580994224922e-5,0.6091607921579063,-0.219775184879192,5.869602566350503e-7,3.210244768131599e-8,-639.3933287244087,-4.315910969700987,-145.0,2488.3804713502795,1166.6995100430497,-0.00012670165748379278,3.2588012230748182,-1.1745988751420111,7.050991294761738e-7,3.212035163711603e-8,-2853.4694835426785,-18.694574001889148,-785.0,762.7646029478036,0.0008202511638651086,-7.193221786747049e-5,6.048600790930859,-2.138283705028486,7.652250590529058e-7,3.2345823076608535e-8,667.2994845188991,-41.97515346977927,-1392.0,1079.5762950090857,0.0008192388118109811,-6.915204317244151e-5,21.63919506384652,-7.527333066215072,8.084084741363104e-7,3.2162116935253226e-8,4282.261150671705,-13.950058219938706,-5362.0,534.9838644609729,0.0008118174373560476,-7.128161064936939e-5,7.368039385112202,-2.5936755447160205,7.780135989755966e-7,3.215218033576061e-8,1118.4268290309055,-10.185798490258506,-1648.0,13403.112571858115,579.7019567704976,-0.00013061677673464122,63.1087817309197,-19.222095259023654,8.095384100937243e-7,3.2034292278117645e-8,-1319.9990804639488,-9.702004242179854,-12697.0,45268.90915197195,3692.995271491995,-0.00010731751389541727,230.10073402144977,-0.004083585542768117,7.795546728502679e-7,3.1929471575105046e-8,-0.0009208331608809006,-4.587382516824001e-5,-49192.0
t55,8556.240363020966,0.00011179280901453518,-0.00029187763200024615,132.75522115444866,-35.2554376093126,6.269463254119269e-7,2.9330941084147245e-8,895.1372766760252,-7.87724280168875,-9541.0,4995.098852100003,0.0003427013494174629,-0.0002099871356675538,11.204487522467721,-2.6124191809320876,7.110813078621579e-7,3.2272997762071846e-8,-4048.9863424693854,-18.704711066415957,-936.0,51.92363508495352,0.00026802901105246974,-4.177899516399406e-5,8.49786714013336,-1.9818158397543733,6.8474486975703e-7,3.2124758279015644e-8,671.7437987463906,-21.18371184539436,-709.0,3019.393409654112,0.00024936129649945593,-6.949383648071859e-5,16.84081223828493,-3.924605826869836,7.554029358413019e-7,3.2094305780458736e-8,-1577.9880158935744,-49.32178054783146,-1405.0,762.2741018834859,0.0002584637037446854,-7.375814360490009e-5,1.9148920681560577,-0.44863218293153817,5.847040739412202e-7,3.2085478550295176e-8,-599.6926143433354,-4.047932479282342,-160.0,4396.977281648068,0.00037297979915752895,-0.00020726005940315301,10.268693728285129,-2.394839890020026,7.070716915335908e-7,3.2104314200076264e-8,-3507.7187189391975,-29.13258273881622,-868.0,534.4013879020255,0.00024664389481688173,-6.169036194630352e-5,19.068700917659825,-4.443007611263117,7.654115182533594e-7,3.2342417184918995e-8,1061.5313524127205,-67.55861904317453,-1543.0,737.1389940121559,0.0002390014968568123,-5.5251910467680446e-5,68.20927176542816,-15.897791538103371,8.017407216866794e-7,3.21059588622084e-8,5148.5395477378115,-16.990206307835606,-5921.0,260.25701953434776,0.0002560991967239006,-5.67985409689566e-5,23.222356472038044,-5.413612194226787,7.755418859957541e-7,3.21076270915655e-8,1559.0218356947137,-7.0877994128017825,-1830.0,13665.932119525065,0.00041653787441077385,-0.00018063144143156865,198.42139485172834,-45.35687202475196,7.998973243685585e-7,3.0312555661664024e-8,365.53640584041545,-11.533284263912478,-14173.0,53301.42655630427,0.0003168347791771136,-0.00022371976806195455,713.3454038258709,-162.2740527035996,7.615965004334679e-7,3.021371529758293e-8,32.87547453741657,-22.373475014715975,-53863.0
t56,10163.31455601376,3.8024017638729555e-5,-1830.0009000463301,113.48653254420363,-318.30982090068784,6.198822705632187e-7,2.999821002641278e-8,2959.9995922634585,-31.489997633115934,-11057.0,6299.805580596811,3.5910438561947236e-5,-821.6232145953295,17.695766350070294,-2.479478455194457,6.819694916511146e-7,3.214680737169389e-8,-4420.357617472545,-23.041072738418876,-1050.0,88.60904825599971,3.12020496996608e-5,-103.81889149910093,13.423210138378563,-1.8801869799412683,6.563947130646485e-7,3.200984234534227e-8,820.357862140662,-22.691073735167574,-794.0,3148.020161075489,4.93519198405715e-5,-0.1231742259194588,22.238054708393463,-16.10845054056351,7.425057074871652e-7,3.203348275052294e-8,-1500.5622647636021,-80.46437609231702,-1573.0,711.2506833700263,5.255708864103575e-5,-0.2656851337219175,2.5829216536263684,-1.8006264405326227,5.722932704707725e-7,3.201190156169449e-8,-529.1952599385113,-3.5720864446530363,-179.0,7584.713672798979,6.266006638530699e-5,-1289.0159949711808,13.654206359120165,-9.777039539683734,6.964130799575286e-7,3.2033505475234054e-8,-5273.330710656299,-54.24419715195225,-972.0,861.5345745254641,4.634542313513174e-5,-0.210355806025265,20.596214888269536,-32.95083348883751,7.501545789813697e-7,3.2282708474503924e-8,975.4247267741905,-94.39437371974478,-1730.0,1030.6733175137213,4.3952311571904645e-5,-231.72897081181563,48.31855489870508,-150.30375481330856,7.81176224642035e-7,3.202252096405393e-8,5948.671484841925,-19.630676206300766,-6626.0,361.94870894852045,4.5003909968276114e-5,-0.2828170975786372,25.1491835436105,-39.820184719201514,7.583223013203958e-7,3.203414307773021e-8,1726.608006127946,-20.60294240357497,-2053.0,17807.549042095237,4.896881608017156e-5,-2487.254900440191,223.88272889291238,-353.29849697984,7.790067868020162e-7,3.1907005636462794e-8,402.3840679387589,-11.26249065035425,-15582.0,63158.117145451644,2.7393803448952006e-5,-4591.526631664026,975.3660467625512,-342.2852058327347,7.264148100958439e-7,3.166619642319431e-8,-1109.9998872559836,-50.67149480710742,-58039.0
t57,9978.690507425672,0.00010517890925225506,-690.383627839554,190.14778304622178,-90.96445728453075,6.556841480682661e-7,3.0907372009905534e-8,2959.999687733177,-31.48999819970797,-12316.0,8079.471759286294,492.28491462573714,-2999.061689617739,16.829456343541995,-7.342312749713165,6.863307355001716e-7,3.212834990480625e-8,-4435.14105275008,-23.04107556893371,-1124.0,86.8717008644192,87.87129953416617,-143.3954425913107,12.768184860549502,-5.565922507844276,6.605078195595076e-7,3.198236458818854e-8,835.1412556340216,-22.691076329452198,-851.0,3143.567666277384,0.10287199437130967,-0.00017784349268530817,25.278877837417866,-0.00030259195367258383,7.485894003163317e-7,3.2020059939930095e-8,-1402.417991491433,-80.53094474828801,-1686.0,770.6135847193781,0.22346844028005736,-0.00018599401028337708,2.896543748034189,-0.00025124262395581214,5.767908183680551e-7,3.199429515238135e-8,-576.8394785346911,-3.8936815589801785,-193.0,6578.2907034257105,103.52698881557723,-1166.7000319242588,15.430415777415922,-0.00029426269771982435,7.038877812242066e-7,3.202311923240321e-8,-4438.516347215554,-49.03143519939472,-1043.0,843.1850568182108,0.07014143334694464,-0.0001893629857526793,28.615869763360926,-0.0002955769974237825,7.552318752126023e-7,3.229013018904342e-8,1065.583427174788,-85.45401079148904,-1852.0,1032.104874966132,0.004109246140361366,-0.000168923014634782,102.401225691125,-0.0003002324268843398,7.840165999235528e-7,3.2006743876717956e-8,5991.261465825859,-19.771207198992684,-7106.0,356.26671340037126,0.13266488347043603,-0.00019990625404830604,34.87382109602969,-0.00029302862062864844,7.62257580108512e-7,3.203403088843126e-8,1830.4531057462116,-24.72581279083335,-2197.0,18091.46886281286,112.14728665180664,-1490.0000535568556,291.41688521650076,-0.0003336067915565563,7.808893380431454e-7,3.179874394259019e-8,-719.5241362660968,-19.50851155604146,-16265.999999999998,66697.98845792531,0.0008542761949862736,-4687.0439090602395,724.6003099521341,-1219.8742805045852,7.224188208849724e-7,3.157370536149828e-8,-1109.9999358562027,-50.67149671433326,-60355.0
t58,11096.237398946216,0.00013801799644695462,-1249.7950663745191,148.28787454698036,-94.24010213525682,7.445465549503238e-7,3.176796680603553e-8,2959.999755628274,-31.48999862115419,-12829.0,7652.354992556859,1683.7633202303498,-3509.1865456851997,9.810707825715436,-21.91432370143401,6.890413627742352e-7,3.211497482222912e-8,-4620.787074955055,-23.04107673489614,-1171.0,77.03770779418132,40.57213334166081,-220.59121835334162,7.4447596220365675,-16.55956279192445,6.6287005899543e-7,3.200003905651881e-8,1020.7872571854604,-22.69107733941564,-886.0,3145.781644930859,0.00030931304672727946,-0.00038313587630335713,20.194130808359663,-7.771117088506155,7.484070697074675e-7,3.2068099928804696e-8,-1322.5535467609204,-79.65103861963001,-1756.0,738.6670014704171,0.00034436574831239866,-0.00039563885699750017,2.3234300107339925,-0.9193155807616468,5.763459509417029e-7,3.203954270730132e-8,-536.4500098285663,-3.6210551949385823,-200.0,7635.4370055174,0.00032041034740515865,-1166.7002548343153,12.333787841849352,-4.840956818838039,7.052673085020299e-7,3.209624856377205e-8,-5337.4451288478485,-52.78477384657487,-1086.0,898.9230940938903,0.00015846971743751142,-0.04758426949385613,17.042142909983745,-24.743570163180387,7.541630772970299e-7,3.23547717692704e-8,1128.2973324405473,-92.47157404351051,-1927.0,975.6364228512988,0.00014233030879119007,-7.511517129656211,63.69920582312819,-60.2966743274619,7.813263395331116e-7,3.204770698097086e-8,6453.644525534173,-21.17210568455454,-7404.0,330.3951983498751,0.000143966039499811,-0.08286918593002339,20.714998529984875,-29.770482353394744,7.605892681791662e-7,3.2096276893001565e-8,1988.6905043995898,-25.94749430200785,-2284.0,18946.63459591936,0.00012131262862795041,-1574.8089544224845,192.50923131839878,-187.34344075747376,7.778656914664112e-7,3.190732285017858e-8,-624.1837913649612,-18.80776222413867,-16734.0,69840.32040545497,0.0009926436641965952,-6497.56995358239,628.9005263001219,-815.980651227384,7.249626989013567e-7,3.1665275054421845e-8,-1109.999823430693,-50.67149612942729,-61995.0
t59,11107.204237400792,9.608070433306823e-5,-739.242585837236,157.0601450385071,-236.5316528681991,6.268969582210497e-7,3.001937799661451e-8,2959.9997589609156,-31.489998616600193,-13217.0,7034.936236586229,1979.6218211625483,-3213.3283590117944,11.623609857328018,-16.721229270234588,6.914937939284739e-7,3.211190394676922e-8,-4568.091002693601,-23.041077032034764,-1205.0,89.61490741706527,71.0111341251602,-190.15256802636287,8.807246540974873,-12.680827364916707,6.652018973704529e-7,3.2016192374493696e-8,968.0911844530855,-22.691077598143178,-912.0,3198.192863277984,0.0001780698716473528,-0.10151225872865492,18.938510267451505,-27.090049157086177,7.474628805469044e-7,3.2017883215644664e-8,-1304.1537297620162,-78.78626096003337,-1807.0,706.2013171876787,0.0001924860896248202,-23.80050593303971,1.994757907821487,-4.178719937049798,5.755372010546075e-7,3.201396754861609e-8,-471.03751805732895,-3.179524059951112,-206.0,8044.570909930508,0.00018789326962501333,-1203.310090529139,11.144617217890948,-18.18116937050644,7.054631627254386e-7,3.202469450303547e-8,-5663.506466000533,-53.717989682352645,-1117.0,941.7486590172051,0.00015704681187917114,-0.04001582349282388,19.18970191208119,-26.443146170658217,7.551608893698465e-7,3.229358846246655e-8,1145.2850944131965,-94.74045094564842,-1985.0,1066.7757231725127,0.00014230235467958238,-8.749845070721118,72.20965213112397,-67.74290958336314,7.81310659022562e-7,3.1998306412003e-8,6578.98014702503,-21.47291057183879,-7620.0,364.7626833717082,0.00013704051699937035,-0.06367383342217195,23.20717081514726,-32.8112515621988,7.611850293078603e-7,3.1980525697786064e-8,2024.5949841908732,-26.690050622749393,-2353.0,19417.11026041186,9.750493424528265e-5,-1615.5674031886979,206.7960136042843,-239.83907695192224,7.24713605162329e-7,3.046083077463708e-8,-560.162682936053,-18.337208486081842,-17190.0,71794.05621341424,0.0006899362446843465,-6776.49599793897,691.1002324824716,-695.9898723149203,6.54502256847861e-7,3.0351357881223534e-8,-1109.9997695935695,-50.671495901561855,-63852.0
t60,10719.475502288446,0.00013417327152472948,-42.810646826084366,183.7971136875376,-209.97185295115335,6.595324205042364e-7,3.089172411570153e-8,2959.9997483363263,-31.4899986408834,-13579.0,7043.250195490854,1962.4996274408159,-3230.4509771764074,13.461078598764606,-13.128740411431776,6.241907631762336e-7,3.199884457642595e-8,-4531.590106988652,-23.041077269475764,-1221.0,94.39747280226068,91.32728101416569,-169.83683187611197,10.200176136591248,-9.987313680952182,6.114312965005127e-7,3.1862216340206615e-8,931.5902930177873,-22.691077812130505,-925.0,3227.523668866646,0.0002314128734954734,-0.028602913826067257,22.85967354300734,-9.56533401161829,6.639976075427111e-7,3.188493936565168e-8,-1330.1182792055722,-78.67135807992737,-1832.0,666.9481089036652,0.0002516246312466854,-4.773454602888235,2.3731299760150435,-2.3212118243385076,5.709003812076597e-7,3.1812085603935575e-8,-450.18803442835576,-3.038790069599594,-209.0,8010.79997507651,0.000238570846755695,-1171.8687169281634,13.516648848009602,-7.312912545557175,6.410620077595372e-7,3.187363774247828e-8,-5658.391412675367,-53.7438207998576,-1133.0,951.4992903835126,0.0001662149464664457,-0.028508016946718014,20.911113508720177,-32.673519624877606,6.728583107015834e-7,3.217056049028083e-8,1165.9482203610426,-94.65676329184136,-2011.0000000000002,1325.9152907768653,0.0001375460879647659,-10.286423489445053,73.53804286825596,-153.27162082457568,7.269593560347644e-7,3.191251175993336e-8,6506.403299887192,-21.29872701862685,-7721.0,377.7030317946627,0.00015257677081462255,-0.0433957249597381,25.29321793696471,-41.06789154284,6.804812347290792e-7,3.1920981888765674e-8,2049.3474271199275,-26.23254267832626,-2385.0,20010.201130491645,0.00013684918613072596,-1878.6256689035238,218.8046134083015,-362.24126858946727,7.265779707728725e-7,3.183976667729233e-8,-533.0013693138153,-18.137574051308984,-17437.0,72767.77593129834,0.0006912895821796862,-6537.5314769202005,773.3166487958563,-664.8905122729215,6.543025265534876e-7,3.1581145999384416e-8,-1109.999786110514,-50.67149601598727,-65178.0
t61,10828.660703656155,0.00014481570064099576,-19.44700921365542,202.49697349643154,-185.22055462085197,7.999255840883954e-7,3.1752115958009105e-8,2959.999740250379,-31.48999850559281,-13755.0,7044.8168797498165,1956.3201226110825,-3236.6302103628154,14.097224443518023,-13.71321198180527,6.949049812885367e-7,3.205965094820773e-8,-4511.849727509389,-23.04107733923723,-1230.0,90.73630897988824,106.02393117647517,-155.1399397357875,10.674132681255593,-10.453261970954138,6.683969910196323e-7,3.2000065465829045e-8,911.8499063152555,-22.69107790221248,-931.0,3066.3771225348482,0.0002100416509575704,-0.03028456455397856,19.80696777002959,-39.582320759664974,7.494043719367005e-7,3.2029214128597234e-8,-1125.6925876217947,-76.87910790646302,-1844.0,617.2390243950172,0.00023061922795935977,-16.918244946176614,2.3619869909001596,-3.289100544182985,5.777604270741362e-7,3.202462280399743e-8,-385.7897952937913,-2.604101578926117,-211.0,8464.863726885727,0.00021936837678814133,-1335.2563907627464,12.137631400019798,-22.14351067940836,7.088955401831815e-7,3.212913531103794e-8,-5927.215417068777,-52.386259625770535,-1140.0,918.1831975915433,0.00015464933358307273,-0.034162226176212146,21.200519181080537,-39.08311485000228,7.567592912406341e-7,3.236958249966988e-8,1220.1705667288977,-94.4371616304972,-2025.9999999999998,1281.8803109729824,0.0001415354518513065,-15.517578511021359,80.62757835469152,-111.17388855800371,7.819927995015227e-7,3.205719618959338e-8,6561.614670295786,-21.431234414065486,-7776.0,367.39573976256526,0.00015651684557744413,-0.051394898151157886,25.921050273979066,-46.248716155034856,7.627920815451077e-7,3.2033713747559613e-8,2083.181634174971,-27.19847027840907,-2403.0,20489.60926397513,0.00011003906348230879,-1892.3762858559678,216.20857231162077,-504.9818367889499,6.499577674411375e-7,2.9655433293811773e-8,-676.2692268457001,-19.19059679649486,-17613.0,74113.42241546325,0.000679302322178447,-6705.2554882808945,801.9709338131447,-789.4672811223604,6.245173731833689e-7,2.9854320432912326e-8,-1109.9997634258375,-50.67149555109281,-66260.0
t62,10903.051376679978,0.00013851822802755527,-18.523252737284785,198.43858272348967,-256.47659537751804,7.992112067984432e-7,3.1666509067747595e-8,2959.999748481456,-31.489998597031292,-13755.0,6877.27187950158,2029.9338370490582,-3163.016817329325,13.903434695378182,-14.32212938217511,6.260472500691662e-7,3.201234701923822e-8,-4482.729127384926,-23.041077465605955,-1238.0,106.51877099374127,115.99666184564227,-145.16750216345335,10.537649409442126,-10.923823887869888,6.134190045574113e-7,3.186814800910349e-8,882.7293214793289,-22.691078078216854,-937.0,2972.3104186318856,0.00020600962967105732,-0.025402486256670628,19.380730790735498,-33.85693939262659,6.656371247794861e-7,3.192722970912665e-8,-1024.7805026210992,-76.02851134277316,-1857.0,585.6393221011168,0.0002281738397867258,-13.477839337955603,2.325000278148058,-3.18540689494378,5.721010326612129e-7,3.1850720311929487e-8,-356.89226081708415,-2.4090438633440385,-212.0,8559.615750074992,0.00021058751046837428,-1295.3515294388587,11.911713447849593,-19.420195742505513,6.423576238953216e-7,3.1989653072119954e-8,-6057.025228471968,-51.7307208938934,-1148.0,948.9112426150359,0.00016139428176639706,-0.040725918202927584,22.83211616394875,-23.00223719467817,6.748204987897031e-7,3.2228182546634546e-8,1185.8754778921705,-94.57603525552243,-2040.0,1181.8474953168638,0.00015242112109275363,-0.00010556846425090824,83.97081129557434,-83.97075072168865,7.491667335538123e-7,3.19242734521879e-8,6664.831340336438,-21.67894366664559,-7825.0,410.69871393486414,0.00015070855591018463,-0.05072543486394315,27.78901442431877,-27.958900695711268,6.825834035549404e-7,3.1989063753009563e-8,2036.2684849125499,-27.746738374749018,-2419.0,19931.86371854179,0.00014446115389198813,-1490.2167297804865,235.48984994431765,-221.50713125304026,7.779332984691558e-7,3.1762647219418996e-8,-698.277498311076,-19.352353856541505,-17738.0,75260.02844490756,0.0007759597368002635,-6700.4378378959955,786.1640672974144,-911.0841994489264,7.222511500020233e-7,3.143551356536948e-8,-1109.9997554957915,-50.6714953051949,-67274.0
t63,10993.89797741479,0.00012507139271129275,-6.142031263919699,224.0571753420279,-230.88041142803775,8.002162282028129e-7,3.18378941001647e-8,2838.98397398061,-29.916809369312848,-13790.0,6889.980653167626,2055.162954755977,-3137.7874296208456,14.911655723952546,-16.329242946535654,6.980747594450943e-7,3.2146144303515425e-8,-4540.897514568907,-23.041076872790093,-1242.0,76.2969366525474,103.87133927637792,-157.29259021302838,11.30084208106938,-12.383147811086966,6.713928242858114e-7,3.203011090767775e-8,940.8976970258731,-22.691077468608988,-940.0,2896.0967840232815,0.00019661406755614407,-0.033675127764698415,20.23826364531609,-37.51989199790068,7.511514195377511e-7,3.2073830584067173e-8,-938.3734595719127,-76.40821809230167,-1864.0,658.1341419057395,0.0002181108304085921,-14.84042215492569,2.436066017936705,-3.804016287308407,5.80107961030551e-7,3.203608168760644e-8,-426.0501283179325,-2.875859607511387,-213.0,8592.763445760733,0.0002071841166284895,-1305.460361508156,12.482734305426408,-21.867283936727652,7.124851404538708e-7,3.2131972598624624e-8,-6074.2751304900485,-51.6436118023119,-1152.0,901.6200893737365,0.00021528074664379991,-0.00018310253819146252,25.089515123479757,-25.089399542252156,7.743596094415598e-7,3.2410364547353326e-8,1239.7376212750728,-94.35785883722824,-2047.0000000000002,1145.6247346774016,0.00035890192560145915,-8.196249629311573e-5,102.30692952921783,-42.08423703476754,8.108154201459571e-7,3.2088059435956745e-8,6664.831238679173,-21.678943520788827,-7849.0,327.96965964707,0.00021372447482356815,-0.00018076062418066679,30.511287539614116,-30.511176552555558,7.802273041934257e-7,3.213893470579201e-8,2125.145301886379,-26.115106099723313,-2427.0,20039.168829648068,0.000144650710125567,-1490.3787604389977,251.9692750185895,-266.24764119375266,7.783159686711725e-7,3.1700901719132056e-8,-719.9998501676736,-19.511997838700804,-17795.0,74835.1307352183,0.0007813898933597338,-5936.961192044436,845.4380303452463,-954.9371097618164,7.212004067875961e-7,3.145887646351209e-8,-1109.9997497306333,-50.671495335467874,-67628.0
t64,11275.728127724948,0.00026475457988920677,-0.00024004275659886872,289.9566370372085,-289.956557088886,8.035882776040702e-7,3.090045483649879e-8,2508.8974552181826,-25.625687691622772,-13759.0,7235.738613245571,1896.36401497,-3296.5863841654245,19.192373156463894,-20.709915539128446,6.979111020793351e-7,3.2157456700428095e-8,-4563.957625235448,-23.0410767964173,-1247.0,76.11894664209015,94.44588254262969,-166.71806617860983,14.559509987964425,-15.673003270784042,6.712452487374291e-7,3.2036477684077843e-8,963.9578072092822,-22.691077388721666,-944.0,3150.260295838461,0.00020795672400332656,-0.053280026742718235,24.40182010004229,-47.02338565690507,7.51262671017681e-7,3.208003589132209e-8,-1179.3102260325045,-78.27543267723158,-1870.0,720.460580045834,0.0002256802894770393,-19.36956323166081,2.8071069592644715,-5.474599427623692,5.803140336576227e-7,3.204539589923442e-8,-481.17579229735435,-3.2479580700904704,-214.0,8251.252915901214,0.00022132340375690708,-1249.4724652287368,14.729913276471208,-29.159128315695856,7.125708153971042e-7,3.212919165360534e-8,-5778.21273000583,-53.138727424543156,-1156.0,1191.731616125343,0.0001855067935513797,-0.0001469442646165224,32.679586670575574,-32.67953862976477,7.803485472226127e-7,3.2437796669577636e-8,958.7640901825449,-95.49579339544533,-2055.0,1205.7786977985363,0.00015085042185203175,-0.00011020267990278055,124.52115819017291,-95.45192559449781,8.107321543302554e-7,3.2144191755480946e-8,6664.830971447133,-21.678943121550656,-7878.0,327.44893658713795,0.0001837026992664296,-0.00014924324058791813,39.777754522170376,-39.77771153321567,7.863882047746998e-7,3.217191307010138e-8,2129.050340201294,-18.499354858642228,-2438.0,18118.893514119696,0.0003677171943307553,-0.00020759863020286762,328.3095627605698,-328.30937425946183,8.00404941035156e-7,3.173446895965123e-8,-112.84445059630588,-15.049412500117246,-17991.0,75436.56337858351,0.0007595559331637614,-5775.653407472895,1026.3931685806626,-1345.6325628160087,7.202113426970705e-7,3.1422390957856965e-8,-1109.9998400909938,-50.67149633280693,-68181.0
t65,10830.307541656903,0.0005756777097122325,-0.00015417802034998988,373.6876246791588,-373.6873200944674,8.091959271888906e-7,3.179841179822546e-8,2945.9997451082972,-31.3080130689823,-13745.0,7409.217288435557,1828.618313525535,-3364.332372621195,23.904226673108457,-28.098467544669084,6.26519834428207e-7,3.2048151650800495e-8,-4592.26791262814,-23.04107612083865,-1254.0,55.78227672793056,93.85788120045085,-167.3063390402862,18.20137620779391,-21.1122029551566,6.134834556139835e-7,3.188314497833848e-8,992.2680842722293,-22.691076803487043,-949.0,3173.093369041656,0.00028943099461322563,-0.00016399437095065188,36.99542083565605,-36.994072684667124,6.815227004943231e-7,3.198907941606297e-8,-1213.130575392098,-78.96426763953696,-1881.0,743.6230410335077,0.0003138942984661701,-0.00017905133174696942,4.288893893841655,-4.287692502948161,5.857037904427301e-7,3.190966268256723e-8,-525.0800781121726,-3.5442995000553172,-215.0,7406.346992054281,0.0003407977051750492,-490.32974342094417,22.58340928034434,-22.582050625402186,6.581711246451455e-7,3.2065316496647086e-8,-5700.487729116317,-53.53121939019867,-1162.0,1135.4702596283705,0.00018143768588051095,-0.0001110851688240862,42.79750852713621,-42.79636342575777,6.990267262388624e-7,3.2333143732799614e-8,1026.7489909290832,-95.22046641786615,-2067.0,1267.8102934303251,9.845500149282601e-5,-0.00012346439663636603,158.17351516927238,-151.13449909213827,7.560220481843049e-7,3.197802107378629e-8,6664.82965585444,-21.67894098504649,-7918.0,271.64910014593784,0.00017084868319130887,-0.0001069706629746933,52.16315863691978,-52.162077537889026,7.08040099254897e-7,3.208656545276343e-8,2209.560199917727,-28.21044557701402,-2453.0,18354.75243958063,489.04060963550353,-0.00016386325240441813,420.97224731627756,-420.97116449319896,8.039079271642495e-7,3.1676452567849317e-8,-698.4404265100356,-19.353541955509463,-18126.0,74971.2053239945,0.000698534357007446,-4577.706236969259,1204.030710291909,-1777.8590439813506,7.155523444951124e-7,3.131413808996678e-8,-1109.9999543230133,-50.67149746945576,-68659.0
t66,10240.730136434584,499.75925728198393,-0.00012752237153241025,480.46995623572445,-325.46691675302435,6.413356206921376e-7,2.995103135385297e-8,2959.9976737958928,-31.489979525251385,-13824.0,7448.350141147576,1832.289833909889,-3360.660825028153,22.610071096985383,-36.52249687836223,6.25741253040705e-7,3.198299779061465e-8,-4629.025647171976,-23.04107735429734,-1254.0,89.2528997377438,62.27156524870739,-198.89261867916676,17.483272758162588,-27.449776037385742,6.130440034578572e-7,3.18072932181898e-8,1029.0257340112219,-22.691077444355063,-949.0,3215.9133002339117,0.00014222310818505716,-0.0002994181781140526,43.82487955911778,-43.826172358220916,6.81364003736118e-7,3.18507452734913e-8,-1262.392698528003,-71.51915211480275,-1882.0,759.8049924481611,0.00015630375547185537,-0.0003312908881010324,5.000283604983905,-5.001434184921119,5.853799863305363e-7,3.182892070347313e-8,-541.1508902354858,-3.6527770031665088,-215.0,7182.976915927249,0.000198178462296806,-0.0011450055936127997,26.753774253993676,-26.755077868146007,6.58389954872263e-7,3.1828671344005985e-8,-5967.793339868156,-52.181326031078555,-1163.0,1135.6742375005074,0.0001067962327893889,-0.00016515112817371865,52.34584441985407,-52.34654712377403,6.984209284687608e-7,3.214970323955309e-8,1028.5397572180539,-95.21323407054038,-2069.0,1372.1794421654708,8.038966727885966e-5,-0.00018367028637380911,142.22730334344817,-238.55613008982016,7.54919633791389e-7,3.184733562659595e-8,6664.828425982699,-21.67893876307324,-7919.0,596.4831740758129,0.00010017361414365278,-0.00015818429240959972,63.83481010547617,-63.835468638680894,7.078325873784402e-7,3.18512271523413e-8,1884.630465694966,-26.11292377115012,-2455.0,17078.382994418982,1489.9976735219223,-0.00020960827944360228,510.1191322785775,-510.1200112833455,7.537373843347222e-7,3.156068578461513e-8,-389.2982337963653,-17.081345720029542,-18162.0,71152.49744701084,0.0002171333791278095,-1790.6688802669908,1563.8604992454561,-1563.860238080098,6.765796516779873e-7,3.13954351504705e-8,-777.3612471028488,-44.46779771148157,-68540.0
t67,10176.087576119011,1450.893562774993,-0.0002802090362065199,412.2798179750282,-299.3698922245981,8.120397315385497e-7,3.2912652430070087e-8,2037.6821449238719,-19.572929606603154,-13758.0,6436.706114794646,2268.816969347172,-2924.1337330372676,25.349458976241127,-28.86571604155404,6.232303644491366e-7,3.246617939646933e-8,-4533.83202016861,-23.04107424203826,-1221.0,42.34682959013838,118.05980379496017,-143.10452225597712,19.076713003116947,-22.519842052057466,6.100298711628459e-7,3.204781544087717e-8,933.8320918897884,-22.691074322920496,-925.0,3042.4286463686944,0.00012457030420865334,-0.00021369566878964074,38.7278754117838,-38.7278095960212,6.876287599921753e-7,3.214206133463234e-8,-1129.5591881527566,-79.86943530196129,-1833.0,850.8591370366095,0.00013891643275285067,-0.00022893151146327568,4.449534797368309,-4.449457214210736,5.908374959335488e-7,3.20271654232222e-8,-637.5556174896952,-4.303507439597725,-209.0,6858.259725937893,0.0006564975165889908,-0.00027720048912042994,23.63557366850657,-23.635494496378197,6.646057066810774e-7,3.2297307503414984e-8,-5671.583004032868,-53.67718078634991,-1133.0,941.6332137364584,7.121825143067261e-5,-0.00031329022643803415,55.505395485296425,-5.931450274675295,6.982834770871733e-7,3.2650811940947575e-8,1116.4589913660957,-93.66590868658308,-2013.9999999999998,1491.8979334474745,5.6578887389899375e-5,-0.0004633946519157485,198.85744561443792,-21.319837145421506,7.555033221948662e-7,3.24922643400666e-8,6063.574683542878,-20.009819333759964,-7713.0,530.4606948128676,6.748309876146831e-5,-0.00029530608992281795,67.68882959517784,-7.1941998763406705,7.094517719775678e-7,3.23560068011826e-8,1814.2831448867262,-13.238242110876676,-2392.0,14725.952106806448,1489.9994200034846,-0.0002623233008216188,515.6964430783396,-49.73826039675597,7.568836805989456e-7,3.166311827483957e-8,1116.698290108483,-13.607737433299471,-17785.0,68264.67142276223,0.00017295903279988865,-0.0003698533543569579,1465.3380596722948,-1465.3382741208168,6.796690850339479e-7,3.1527643649234665e-8,-1109.9995168739129,-50.671494410927224,-67104.0
t68,12051.144612308059,1830.000582850342,-4.6619997242723054e-5,296.91685227343845,-0.00020814019422428357,8.474152160492702e-7,3.2009026932478316e-8,-708.8467706476206,-9.215022513881019,-13460.0,3939.212132407949,1549.30886176487,-6.478565785845996e-5,19.919672733655243,-1.7380926934992529,7.772914484377982e-7,3.2446764555364335e-8,-4296.103029372312,-21.59948048726096,-1189.0,41.91170654223053,169.4631504858402,-5.781351823197251e-5,15.113985918172734,-1.343183705531971,7.476307450505788e-7,3.2272522062873635e-8,696.1038785387466,-21.24948049107757,-900.0,2959.9220553880996,0.08938260721951967,-5.520139369083322e-5,31.28063066670464,-0.00028977794279637674,8.153484335630992e-7,3.223815154452209e-8,-1151.4356583434947,-56.8560658942186,-1783.0,945.9011265700907,76.34543095356898,-5.721574392684944e-5,3.6024331034093366,-0.0002494056101495213,6.292288938931596e-7,3.2195501866266394e-8,-817.3316918657116,-5.516992514515437,-203.0,4271.310453964008,1638.5417182256642,-6.41958460685664e-5,19.107529078663593,-0.00028438003881875933,7.74186224986834e-7,3.230175453079071e-8,-4799.084456862215,-26.874896441221114,-1103.0,757.5763765709929,0.10612449636335006,-5.265757589407252e-5,35.4043034047633,-0.0002939637923608049,8.216332103002739e-7,3.254123758273211e-8,1242.663777781854,-75.75023627212566,-1960.0,1492.144110134647,229.427251992886,-5.128984655372623e-5,126.72651482934383,-0.0002786944119404798,8.490064765836419e-7,3.223633097600272e-8,5682.454564305455,-18.752111970919522,-7512.0,527.8981898530259,0.14231067710120968,-5.1840090240209014e-5,43.16690721751846,-0.0002853068939444646,8.28943230301168e-7,3.229426920393664e-8,1774.6010349480814,-19.80810622106858,-2326.0,14408.408688634432,2232.286638179157,-5.233909213008345e-5,332.7565291262117,-0.0002777880335189013,8.481135570380569e-7,3.1856711352082085e-8,550.5953584998825,-4.046884674511599,-17520.0,54439.78863635102,7920.845510826029,-3.539132548581329e-5,1147.677901819786,-170.5829526530366,8.053464522059666e-7,3.25681471320764e-8,1826.382993017334,-28.11205404039136,-65135.99999999999
t69,13734.32400856213,1830.0004838847779,-4.6588451710414355e-5,253.25302731543482,-0.00027410181721193274,8.471903596953295e-7,3.1974984365602424e-8,-2459.4916834734368,-27.085515801069285,-13331.0,1962.5754687158449,3578.5643611512883,-5.939181700802351e-5,16.92882628696035,-2.5461812105513624,7.804879245485598e-7,3.217149987078326e-8,-4346.786091188369,-21.73632491230775,-1187.0,41.650775574040644,121.1072515784011,-5.875657359828936e-5,12.825118543977686,-1.9895122705147197,7.505556451138268e-7,3.2041879318402e-8,746.7927294785972,-21.386304789196757,-899.0,2959.0959566134848,0.14008487145740808,-5.299793695761278e-5,26.84560839289659,-0.00027905425916959533,8.157148280611434e-7,3.199573994293691e-8,-1135.8854572075827,-69.19586128506953,-1781.0,1328.4526218375001,2.5205387380233266,-5.507258569722813e-5,3.084791707303737,-0.0002504745394882586,6.299065171009542e-7,3.199167577426676e-8,-1123.4741930106613,-7.583454213010439,-203.0,4293.424969902361,1169.281110234612,-6.180034036875137e-5,16.393289940309753,-0.0002786652214283136,7.748944383089139e-7,3.21208461813313e-8,-4337.973605758988,-40.1254245057997,-1101.0,757.6568680446028,0.1612666934556036,-5.032297590577834e-5,30.386797917547074,-0.0002795207199572156,8.219193699272232e-7,3.237298166253664e-8,1256.465324526165,-87.66992795067013,-1957.0,1627.0381865350744,2.3062711307191557,-4.894090192138669e-5,108.7542870326862,-0.00025417527049112075,8.491742484772245e-7,3.2098297675848667e-8,5784.9920436027915,-19.090485752521904,-7504.0,527.8982117712069,0.20946860672571585,-4.9674278944490125e-5,37.04169678887985,-0.0002710387113811575,8.292202527435257e-7,3.211024842007284e-8,1785.927498716573,-29.076555842587712,-2322.0,14533.50177286656,2327.711896857454,-4.4627424826076686e-5,295.85927908763136,-0.00027758660884809956,7.953296989590624e-7,3.157866696411282e-8,719.4352030146919,-19.507829745232968,-17857.0,49297.319088866774,11516.851679744628,-2.3895138097564008e-5,1016.5025943818282,-9.634350384540403e-5,7.291449224901833e-7,3.169238516614097e-8,3109.9982313002215,-50.67147400388175,-64890.0
t70,13546.626952348006,1830.0001777414068,-5.032948141436452e-5,221.0484694599032,-76.1969536503673,8.431865592597133e-7,3.171152581093137e-8,-2120.3772871777096,-24.101308594274098,-13377.0,2094.3437450832275,3124.1461861941684,-4.565364163243072e-5,15.339540929596943,-2.379325752711677,6.488291366213708e-7,2.9615277037223938e-8,-4041.5379460930235,-20.912155042452273,-1169.0,41.65126645738343,191.7102864992209,-4.161324482542598e-5,11.638302988069192,-1.7520198255936177,6.445286961432116e-7,2.943472212541675e-8,661.2706374700368,-19.51843244553786,-885.0,3028.991522749208,0.00032001556847777526,-4.4426669445566105e-5,23.038438976214536,-10.64435992555756,6.48155063523697e-7,2.9392351104871955e-8,-1219.4548912755345,-68.93098650514241,-1753.0,1455.848620160121,0.00036328403261176156,-5.3320504099247016e-5,2.64126088847493,-1.1744931118873434,6.375899312834284e-7,2.9396810220991178e-8,-1248.8857169120438,-8.429981405769443,-200.0,4288.610892618438,1166.7002270906087,-5.1032053951303727e-5,14.063889543826924,-6.421949507893994,6.47139906908562e-7,2.9484627907865142e-8,-4343.678880294777,-35.27412886249597,-1084.0,756.7833484934898,0.00025806422892474224,-3.679706609911402e-5,26.079357809132656,-12.115165243458504,6.555337923468418e-7,2.982155223747132e-8,1239.892409150216,-84.6401718353299,-1926.0,1874.714036759007,0.00023583618801977765,-3.279710798038553e-5,93.32625871517251,-38.98465091698942,6.643949204608665e-7,2.9609915411421973e-8,5476.015014192249,-18.07086184396572,-7387.0,527.8982047053352,0.0002545701757629223,-3.3435503690700356e-5,31.784051646448894,-14.548218246518353,6.541547938713216e-7,2.946755090574706e-8,1766.870280658081,-29.00454033253878,-2283.0,14472.387611969501,1490.0001927362277,-3.120013067750796e-5,256.28311012918647,-71.83423756874743,6.667286808380328e-7,2.8674344670490492e-8,1319.8648996736888,-9.701545606892571,-17457.0,50828.52767270911,10075.955985772976,-2.7271126975840832e-5,886.5363995754163,-124.17965813711623,6.850499905333165e-7,2.9280448608689753e-8,2510.0214806088165,-40.86185298969564,-64135.99999999999
t71,12636.203801908434,1830.000477007907,-5.1265256623473046e-5,157.0141729007159,-59.794666369648006,7.857468880370889e-7,3.167657058820177e-8,-1927.0239338832396,-22.399800291251438,-12614.0,1890.0520137695712,972.4274029300153,-5.4329010803599356e-5,10.612714059645695,-1.8091983814070385,6.442152860164134e-7,2.9586653091866173e-8,-1773.4944407317244,-14.788437650737878,-1083.0,41.65160714662147,192.55343490778486,-4.7997395821801796e-5,8.051672932606325,-1.3123077393651073,6.397376518502444e-7,2.9396181216230616e-8,582.0534275443828,-2.9977872598139412,-820.0,3169.489112017072,0.0015721764775269821,-4.217766681054916e-5,15.94056780488732,-4.917719973079021,6.453974790875075e-7,2.9354050964018387e-8,-1508.9990071656878,-46.51448305166563,-1625.0,1436.8809826703477,0.0016369658608069856,-4.6703551926089884e-5,1.8258615975336032,-0.5660812019392089,6.356539032846841e-7,2.9367480667174565e-8,-1244.7403534598623,-8.402000283614159,-185.0,4265.819150593178,1166.7014465348752,-5.0907614464723114e-5,9.72973297537523,-3.0455698512488807,6.436347179353351e-7,2.9415720255185494e-8,-4401.391680504122,-32.81302928081351,-1004.9999999999999,756.8507761546972,0.0014494548800180935,-3.828895162917376e-5,18.045139706403543,-5.514713049533011,6.535651540696646e-7,2.981686453271045e-8,1078.4247831145942,-64.80739745778503,-1783.0,2047.1238938628408,0.0014000229754070066,-3.564746483366838e-5,64.57239416770165,-24.028142504542885,6.634782796670546e-7,2.9638158442544812e-8,4779.101537044445,-15.771047005511576,-6851.0,527.8981589651211,0.001468300175281979,-3.626173715365853e-5,21.9905707598864,-6.890793389822193,6.527264195669872e-7,2.9474871617003366e-8,1587.8610735234292,-16.860442329426828,-2114.0,14482.766044593396,1490.0012309522579,-3.453306274980849e-5,176.9517398554256,-80.01446331303252,6.645686739902673e-7,2.8683683522351834e-8,-119.21377856013405,-9.490738825695843,-15941.0,52540.88148062546,3757.4130711535786,-2.4576609740465437e-5,628.6914625723361,-314.39500195377127,6.80501844072619e-7,2.92708402726968e-8,2947.422373077919,-48.013360797844655,-59512.0
t72,8202.762506025554,1046.6314007204592,-0.0005618436051643038,100.10054727015826,-524.2168962223027,7.590250762051313e-7,3.1601617481152607e-8,2545.8288006547496,-26.10579680135205,-11345.0,1700.0684783723543,239.99933951526748,-0.0010538707911753216,7.349975518349771,-5.534613232083134,6.183486115459882e-7,2.9480263496764675e-8,-953.3081428456702,-2.5739837659779865,-986.0,41.651238055398906,2.8504426398624265e-5,-0.0010388729360741322,5.576227965710447,-4.195158061774589,6.15969448559068e-7,2.9352247319311883e-8,706.7139873144035,-3.7452853458627717,-746.0,3427.392501966774,2.7589865838701686e-5,-0.0009981156649343306,11.039981150103726,-8.329928086563552,6.211180083911463e-7,2.9316443562657052e-8,-1918.494726457735,-33.60685838114589,-1478.0,1565.386642418344,3.3194166151274957e-5,-0.0010556567125082732,1.2643264755886832,-0.9338007384418732,6.121286802095971e-7,2.932769547965318e-8,-1387.3515177581012,-9.364628325674886,-169.0,4243.026922176836,1166.6992443316326,-0.0010751457864382641,6.738460092211121,-5.075572215529937,6.179712139273901e-7,2.933232529980099e-8,-4467.251345212568,-30.136634440289768,-914.0,756.9181367540328,2.2671628178059222e-5,-0.0009680188067872108,12.497558693176272,-59.014859380955464,6.264799208782446e-7,2.9708600782179105e-8,974.1926065819113,-62.5924976459072,-1622.0,2038.6915092703357,1.9680975115831835e-5,-0.0009614331804056783,44.72235640223138,-211.2635121487757,6.352347171994658e-7,2.951819337477626e-8,4380.305617317618,-14.455029121549483,-6238.0,527.8971394097034,2.0903797563045436e-5,-0.0009778254549727588,15.2302562283517,-71.97346374995126,6.253050258327296e-7,2.9371267776033935e-8,1467.0410045771607,-16.19397994871289,-1922.0,14902.228900550099,1364.9329268662095,-0.0012390492902362687,115.81071973767543,-617.2702086761299,6.33591355260619e-7,2.8582559952883515e-8,-1319.9990947134675,-9.702004507876774,-14436.0,50566.77808661139,3692.998999336805,-0.0009464947741080873,435.69906259106705,-361.2818304373692,6.445746905614633e-7,2.9159238110560838e-8,-27.67718945830055,-0.5161819544969519,-54306.0
t73,5956.161275491047,1357.3169148634843,-0.00023795521160962846,49.476965456419485,-217.45329923575915,8.154426841601684e-7,3.1895745448932675e-8,2959.9882477290366,-31.489866533270558,-10074.0,1592.7845459895764,239.99899977459071,-0.0003662105983971373,3.59198452747776,-19.920995011726713,7.210330831908004e-7,3.193269687366061e-8,-913.9863228887461,-2.4678466660135574,-900.0,41.65106237137272,8.095813035455775e-5,-0.00032202389662906424,2.7252578744981526,-15.117994820203682,6.939084219558958e-7,3.184727880750627e-8,655.4378298718013,-3.695914814855051,-681.0,3523.8232709563904,7.518077612486875e-5,-0.0003231829612609665,5.394754341620372,-29.903794057066925,7.641104051199642e-7,3.179671940631728e-8,-2100.2468907855255,-50.06709304203261,-1349.0,1774.78770409539,8.68861031462864e-5,-0.0003253191231291044,0.6184864579525357,-3.4475764585029145,5.921405509135353e-7,3.1799009924462484e-8,-1607.1103747545549,-10.84800135509841,-154.0,4243.026029909098,1166.6987811245854,-0.00033516344476870725,3.293348599114436,-18.26228167754654,7.156365148795713e-7,3.1943144994495265e-8,-4527.184606903617,-32.57093647647362,-835.0,756.4369281806047,6.737952215560787e-5,-0.000277100428210807,6.106810895195574,-33.840274601566584,7.735976380064533e-7,3.219963382194344e-8,824.7526150573648,-72.45587038918548,-1481.0,533.6486038095661,6.0979111144303125e-5,-0.0002710925312661379,21.85509555686754,-121.15092292119509,8.101642687918283e-7,3.194851273648139e-8,5277.061759367487,-17.414326018267516,-5694.0,527.8964747978423,6.587386536694135e-5,-0.00027542249901924324,7.443051721711089,-41.266375612559045,7.838084605729617e-7,3.188784231983663e-8,1282.4347888599225,-22.507730845195848,-1754.0,14189.790094739268,691.907173068245,-0.0002896695259210317,60.16462344033468,-380.1609858023858,6.329654320329881e-7,2.8553128890232116e-8,-1319.9986047374664,-9.702010832278951,-13232.0,48028.65987088344,3692.9983097171194,-0.0002475536564133865,230.2206952567606,-1159.8242740425962,6.4263025914529e-7,2.9106124607916882e-8,-531.1484408157022,-9.905913225596501,-50251.0
t74,5481.774439527582,960.8553172410968,-0.00017563440701260258,29.316133840628254,-160.45316726979212,8.133216415472389e-7,3.1642033473523466e-8,2959.9974322281737,-31.489980280687785,-9240.0,1591.0644555982753,239.9986735852453,-0.00023628428113249835,2.0627771970947006,-15.348227149930436,6.138929296359624e-7,2.9374110846270926e-8,-963.1767947375755,-2.6006485113135764,-852.0,41.65095151796631,8.75758323077356e-5,-0.00019618288789298417,1.5652301789781724,-11.64827204744444,6.113732167738082e-7,2.923657628854859e-8,617.6739549488707,-4.241756427332277,-645.0,3637.319324603532,8.047408128388903e-5,-0.00018529460527061907,3.0972753285936525,-23.03735203693723,6.152208829970316e-7,2.91738539890267e-8,-2298.1405518580536,-40.238591547489335,-1279.0,1671.6835984801135,9.651197694640622e-5,-0.0002157693577422281,0.35606279855199924,-2.658467628704721,6.076956644639723e-7,2.9212376658188968e-8,-1513.1671904659588,-10.213884313198845,-146.0,4243.025676060675,1166.6980535413636,-0.000234971934994886,1.8914993607429047,-14.077307003666595,6.14769368617719e-7,2.927276916390206e-8,-4575.793207905309,-30.744479492149335,-791.0,756.0779203523206,6.485458175604988e-5,-0.00016660443086720213,3.505764958253712,-26.073731823074514,6.22451394025529e-7,2.9627074716442412e-8,739.554374833863,-71.06422699534326,-1402.0,577.917620299361,5.7030856980885264e-5,-0.00015575406491077592,12.54813741455905,-93.336911618312,6.28819883231088e-7,2.936784766753646e-8,4921.110939919765,-16.239687317438268,-5402.0,190.0498265729213,5.973594173122934e-5,-0.00016222305177930518,4.273915883121558,-31.796563150502237,6.198958055149506e-7,2.926150793734228e-8,1519.9426846794195,-23.46976189690567,-1659.0,12814.293887180216,719.2281052661333,-0.0001896080156548017,36.94038526278528,-137.379528681607,6.290285066699816e-7,2.8402446655067298e-8,-784.6273522024135,-18.455306990970836,-12630.0,48142.6877770988,946.378775771709,-0.00022511175718774483,127.50302482176909,-858.8004903879671,6.394938327777638e-7,2.900446191409772e-8,-623.3742894407812,-10.39457249880342,-47724.0
t75,5493.759548096369,466.1146813293669,-0.0001257913494075555,12.81320549581065,-102.19549367251024,6.338111586133367e-7,2.9711639994819384e-8,2959.9981706382573,-31.489985978339533,-8799.0,1596.945187465329,239.97247556355927,-0.0002704514612150462,0.915325755278283,-11.057485494277643,7.107099585544526e-7,3.199764987131693e-8,-999.0775866065217,-2.6976467097087857,-825.0,41.6507363812786,0.00011188562548951498,-0.0002181576395070181,0.694527736030988,-8.39291331392253,6.846393020445675e-7,3.191781112653537e-8,594.6662908271541,-4.618535932423259,-624.0,3617.994346441637,0.00010549585085536128,-0.00021612438780612602,1.3743372534337928,-16.59292665137108,7.544937592933493e-7,3.1853512132205166e-8,-2287.202452922754,-77.5731940805943,-1238.0,1925.957024153129,0.00011995206011324197,-0.0002240829298176738,0.15799430014633853,-1.9199029975259487,5.875116510989356e-7,3.186014114128434e-8,-1771.2391411338592,-11.955870636588497,-141.0,4243.015280171957,3.4258171498310426,-0.00025621482411496214,0.8394621697089354,-10.14150124986979,7.060079811893383e-7,3.1873028200215745e-8,-3429.001750560385,-42.13705204625232,-766.0,757.2249659661893,9.486876416668403e-5,-0.0001878765844226209,1.555684748658195,-18.776447876863678,7.654952189921897e-7,3.2186603415836854e-8,693.4285913329252,-77.43270176410257,-1356.0,1099.0342426455331,8.543514531759265e-5,-0.00018234636642427572,5.56906923391003,-67.22847840620221,8.075781354836403e-7,3.198326133017266e-8,4207.510069077766,-13.884805940402941,-5231.0,96.49665915999509,9.425780927721264e-5,-0.00018527314527515417,1.8968142268141892,-22.90369071753167,7.780330278065043e-7,3.185911717638983e-8,1548.7671364186137,-19.25682869402663,-1605.0,11821.223374402052,5.335177742013293,-0.00014300492965543894,16.563693989513315,-179.27884489153138,6.305175414856659e-7,2.8498705259005418e-8,592.0253399091183,-9.868597955030257,-12246.0,48952.06835891491,0.0005175357801996074,-0.00033004671520964006,58.828197591883985,-618.0529410136672,6.380063816672792e-7,2.9061156329249738e-8,-2109.874666980315,-37.969135851805106,-46245.0
t76,6623.222043135106,0.00029811240357004837,-0.00022423921491258119,14.34522831882656,-217.76900947033525,8.122126238827123e-7,3.317926199739387e-8,2189.6822008712384,-21.480537111636856,-8588.0,1401.9581138123447,0.0010508922295814594,-0.0002722830045016688,1.0420101496109437,-8.394488761118602,7.104222270906973e-7,3.2021647514978526e-8,-581.0375377581141,-1.5688765290777706,-812.0,41.6507107494096,0.00011624860908067046,-0.00021427352647247986,0.7904804813293937,-6.557796925049648,6.843424110353489e-7,3.195907177482643e-8,579.6919389828308,-1.5752358371842046,-614.0,3521.654651368769,0.00010948680617640111,-0.00021067398237220678,1.5618320299492405,-15.869826131306542,7.539198105290771e-7,3.195986025546036e-8,-2249.0129667869764,-40.33358987696576,-1218.0,1833.7228227231637,0.00012393468135707273,-0.00021998956171610055,0.18089521937285702,-1.8251292909210453,5.873441010005964e-7,3.1902279407203456e-8,-1682.720125481977,-11.358367559718964,-138.0,4012.313844303634,0.0006289218041188391,-0.0002796384595063782,0.9539767601315268,-9.398884364710014,7.051409302190155e-7,3.212184898088392e-8,-3226.679845940893,-23.189440621802706,-754.0,756.1868923192455,9.368891006695669e-5,-0.00020085127053601874,1.7679722143449397,-17.309104668528185,7.645277047807033e-7,3.2387928101836954e-8,652.2729622169983,-57.91861553671575,-1335.0,1756.7506991217003,8.511420699351308e-5,-0.00019499727451611373,6.31875229305763,-62.88378805624896,8.065163305007595e-7,3.209534672407144e-8,3460.2332393771853,-11.418793152891782,-5149.0,96.49555936328724,9.516537082010761e-5,-0.0001969676787999589,2.155001518026907,-21.17674790260155,7.769240254914945e-7,3.206949165028059e-8,1509.2349885517165,-7.708700348413524,-1579.0,12123.91916519107,0.0005104724593639766,-0.00017425648967476067,19.096974575683344,-177.93882134716245,6.28465961312692e-7,2.8778582653906555e-8,116.28760082666284,-13.365255261387079,-12068.0,47159.72590355856,0.00039398739305867035,-0.0002697857202407305,58.88187102254656,-809.7131300586065,6.295533661844697e-7,2.930470581668499e-8,-767.9524548586718,-12.942313577923349,-45628.0
t77,6043.64726742208,0.00031733685365152077,-0.0001221606676146974,20.36097977892238,-0.003366058335810905,6.299233535157577e-7,2.910586903672342e-8,2458.9715730050893,-24.97664901665409,-8498.0,1590.4216721123116,0.001172554364029825,-0.00015808741945428444,1.588751254734325,-5.976072012466571,6.14299573664435e-7,2.9304947895722975e-8,-764.969921335523,-2.0654447883101628,-819.0,43.146759297202145,0.0001673200258504809,-0.00010813775166885145,1.2046819440066268,-4.349858771240577,6.12379546388428e-7,2.9177528027199823e-8,581.9332068440002,-2.934848933622225,-619.0,3451.023076014589,0.0001510863562426237,-0.00010220126377184914,2.3891082223020006,-5.690204242773696,6.153093182916273e-7,2.910873688675984e-8,-2183.2448933961978,-36.47713584599537,-1228.0,1737.3240102800862,0.00017905326754940573,-0.00011993664618616462,0.2702271993959307,-0.6728611334992916,6.089258134298633e-7,2.916126902788496e-8,-1586.2144821551735,-10.706953695468485,-140.0,3854.1448577075075,0.0005774658900330476,-0.0001478753291401539,1.4556964380131492,-3.782078152759375,6.140618731290184e-7,2.9152499208198682e-8,-3069.5096289669655,-22.309277027223157,-760.0,759.5397818758664,0.00012654542880538992,-8.573165757047197e-5,2.705616090607111,-7.089111574081984,6.23278359112003e-7,2.957263261480402e-8,646.3138836942883,-55.47021132449918,-1346.0,2411.266921665903,0.00011239608151087798,-8.474129017300293e-5,9.675502076254805,-24.471419883515967,6.30812977154566e-7,2.9340685326050854e-8,2801.7748472248163,-9.245878766205003,-5189.0,100.59838765614357,0.00011731479160947855,-8.194073429148556e-5,3.293403762247112,-8.588038335775428,6.194470383750624e-7,2.9170542000559055e-8,1509.527463578043,-11.831252433797435,-1593.0,12644.873397210325,0.000756577068379382,-0.0001847637307107076,27.101756555360957,-75.49385053740023,8.087209035719288e-7,3.1527240563369454e-8,-394.5816630280529,-2.900212188894878,-12199.0,46201.99573578819,121.3239465191372,-0.00014570011797322295,104.68181188259553,-0.0009000308170247472,7.758172182862955e-7,3.234324256643409e-8,-0.0003854643252218389,-6.303945275481895e-5,-46428.0
t78,6279.945317878352,0.001730428484096634,-0.0001017616950544832,45.356114762438274,-0.0006112913575252844,6.64109775304021e-7,3.092712345741242e-8,2443.472715656481,-24.77516553422609,-8744.0,1781.149732283395,239.99783099211763,-8.120410815167044e-5,3.592455348002536,-0.0006597008234542711,7.15400088071181e-7,3.2019622739678486e-8,-1161.6029277338455,-3.1363504667498616,-860.0,43.66202816014099,0.0012761821228319053,-3.54411500769775e-5,2.72498292068695,-0.0006316076222272002,6.890786154981531e-7,3.1971430173645904e-8,610.3670936749526,-5.7547144680108895,-651.0,3457.991545230476,0.0012119492067786677,-5.126167175954545e-5,5.39820000317469,-0.0006684431628881281,7.588438706643343e-7,3.198403838696137e-8,-2137.519193900246,-35.871044052586896,-1290.0,1404.8942446724598,0.001235731199714159,-5.395129393941911e-5,0.6155389794184434,-0.0005519780391366955,5.896275505224766e-7,3.1974203848005885e-8,-1250.0724185095526,-8.437995279421457,-147.0,3512.6711087844897,77.90852213792216,-0.00011294004661112479,3.29285381011701,-0.0006363826920240162,7.100534423795876e-7,3.202582865945832e-8,-2775.210532054352,-20.661203840327513,-798.0,575.2692765207755,0.0011580316854980697,-4.8620776360436915e-5,6.111783508554694,-0.0006782893018991143,7.692071631702942e-7,3.2299606139913595e-8,884.1606544454752,-51.54214618505041,-1414.0,2654.7293908681463,0.0011724265154805728,-4.706681206337756e-5,21.865241958918492,-0.0007560076174600891,8.079385494106684e-7,3.205975421352295e-8,2779.577625960695,-9.172628442360327,-5447.0,102.09053749509063,0.0011769397274573237,-4.697696482758224e-5,7.44501311473904,-0.0006742988737990022,7.80190836111941e-7,3.1952472748800285e-8,1579.2200231391407,-13.756030036802647,-1675.0,12781.909341597364,582.421405064583,-6.80213835969642e-5,64.33966106779012,-0.0007711179141214764,6.308377862345312e-7,2.8410765177304493e-8,-443.88133792677775,-15.788230444120328,-12969.0,46302.17734242873,3103.373553508038,-8.467820407287635e-5,229.60287260053107,-0.00079136799683359,6.40977950624516e-7,2.9006967609190628e-8,-528.5117027519705,-8.64118956601136,-49098.0
t79,9085.353970793833,1.8655440249183958e-5,-1830.0012489582048,102.81660129063336,-172.8916121504625,6.066079656080038e-7,2.891115181560338e-8,2307.732869809726,-23.01059900003562,-9470.0,5515.7971480826345,3.34795687281193e-5,-256.5454806074093,11.355495416228308,-2.6281512597787584,6.826727695939358e-7,3.2001616675513256e-8,-4289.937971621877,-23.041073827416255,-955.0,63.25645300157742,2.7685546687112182e-5,-15.12199888259319,8.612321640435416,-1.9938862958162789,6.568928174008014e-7,3.194820737401613e-8,689.9381562505976,-22.691073837011135,-722.0,2877.9988812556453,4.4776521185579536e-5,-0.0008382309125120395,17.068305588838204,-3.9530186034311323,7.404427656603886e-7,3.195450118771321e-8,-1390.164493608602,-68.94888163820534,-1432.0,1149.9247462864867,4.698631325586355e-5,-0.000899850217849096,1.9407662121304023,-0.45563850412775725,5.729221123046886e-7,3.194523600949369e-8,-981.7819695665329,-6.627051886990569,-163.0,3981.038498496972,5.6813062101585545e-5,-1166.7007522590513,10.407420153975643,-2.425833797505996,6.947839943193004e-7,3.196236078841954e-8,-1921.439247695377,-15.880142178880337,-885.0,312.629095264578,3.935815709166626e-5,-0.0007969061283066512,19.326285615236277,-4.489126495437397,7.473146714815487e-7,3.225203743600054e-8,1283.414271809589,-37.879769130213056,-1573.0,4712.085680399834,3.484240274716644e-5,-0.0007660240723773291,69.13081324624714,-16.014957160442698,7.789632558808709e-7,3.200543043669065e-8,1274.003490579507,-4.204296161588749,-6035.0,155.26791700201986,3.7678632148128013e-5,-0.009541379464517523,23.533399174589633,-8.15856761734419,7.554974075134646e-7,3.1896293504359363e-8,1707.0404892555996,-12.673734701732158,-1865.0,17785.531960269764,3.432818079237612e-5,-1576.3003349289788,174.4615800021178,-114.34020779170159,6.067816971387954e-7,2.8241326665813983e-8,-1788.8052842817358,-18.547747267566862,-14462.0,53616.301898088306,6.351046409599199e-5,-3692.9994778475407,708.9518727884478,-161.582519192065,6.263253896565945e-7,2.8875343907430607e-8,3109.999689069107,-50.67149675571718,-53530.0
t80,9601.612958618018,0.0002491531595183325,-1671.427163277966,209.73683809400862,-28.43265583307902,6.217797714079245e-7,2.8952646944921154e-8,2959.9997723608817,-31.48999878430267,-11040.0,7466.414687729596,14.003044279334661,-1881.8001877734118,17.831987026176137,-2.501574914991833,6.171328831094783e-7,3.176807308038225e-8,-4518.906882538614,-23.041074087220114,-1072.0,75.20289272789671,12.798171888892561,-184.8465648997671,13.526403406342997,-1.8969196080410011,6.046561385780354e-7,3.169766179866102e-8,918.90709084793,-22.691074749978434,-811.0,2257.563580159535,0.0005248453640307692,-0.00012842962051643828,26.79456281405246,-3.755564943421429,6.548441061938672e-7,3.17045140412516e-8,-591.0131675398611,-81.58980728347152,-1608.0,1201.0315548409026,0.0005820975805617699,-0.00013966718351097684,3.0580791328356054,-0.4210135635346806,5.651477355756549e-7,3.169048211112579e-8,-1013.8257161808841,-6.843346973385598,-183.0,6321.133894760481,0.0005477480133322621,-1166.7000372607251,16.3465171049734,-2.2745816209664977,6.320471303623447e-7,3.1684460785999e-8,-4132.177895104922,-43.3284460349512,-993.0,440.63724042882956,0.0004865784322876735,-0.00011254994323279991,30.335636202247624,-4.239191914017985,6.617971374806331e-7,3.200204850575477e-8,1380.603448760442,-79.33750788673551,-1768.0,3015.429530548888,0.0004523632028600915,-0.00010186420913892497,108.53238898680665,-15.206665609715293,7.172022948579379e-7,3.175960996984778e-8,3671.4457871990935,-12.201391840892876,-6768.0,188.9260785822276,0.00019632011544967723,-0.002436782955865673,36.953512385733646,-2.473909932136501,6.711215441901704e-7,3.159910346350105e-8,1896.4131142040274,-20.816555280434866,-2099.0,17818.815896554865,0.00014273883505122164,-2488.464318709011,248.56604900641565,-230.21035579734894,6.068399685400358e-7,2.8260715351537466e-8,538.5542376121725,-10.261651085395288,-15877.0,65369.76228811167,4.017810755134719e-5,-6532.226922413959,884.181424577378,-810.0455605527388,6.07804914513354e-7,2.881240417332727e-8,-1109.999789620265,-50.67149612095039,-57751.0
t81,10853.26453304494,0.00041562035892003156,-1618.0125409135183,227.5450967127492,-30.30732936531068,6.181070871619785e-7,2.892834484002429e-8,2959.9998241196913,-31.48999902456343,-12361.0,8228.279725569388,1336.288307027743,-3856.6615879076016,12.712629893466103,-18.14041847858513,6.956150674304931e-7,3.201010822500786e-8,-4529.43758043492,-23.041076025995306,-1150.0,86.74537631166118,71.41347413142759,-189.74994399356055,9.625684111347297,-13.781349606367247,6.692161826975266e-7,3.196147596013644e-8,929.4378351281854,-22.691076538823516,-871.0,2128.6001760279873,0.00011685241443309143,-0.14987983487692144,13.944562277775109,-33.35353735357978,7.381401759768604e-7,3.193556947045718e-8,-299.2566714007772,-84.7847670304885,-1725.0,819.6690125790756,0.00012245926409447513,-47.993160269850556,1.6296166025087109,-4.04210866472746,5.706008500964237e-7,3.1945478936161936e-8,-563.768295299067,-8.495187733632966,-197.0,7257.329720598143,0.0001249054331060538,-1379.9618328332776,8.475533343300174,-20.59654209039959,6.98706129004957e-7,3.1960709255457666e-8,-4744.459287372388,-53.78771701540253,-1067.0,511.1261444260624,0.00010561727346755938,-0.17594218369915074,15.98952933108501,-37.74460476881479,7.43383922873517e-7,3.22388539301779e-8,1492.8902591790668,-86.0854920793055,-1896.0,4448.181537645469,9.681881244591489e-5,-131.36740623762194,58.157021665777954,-121.63998451078243,7.685438626198621e-7,3.197043636899387e-8,3027.894553401938,-16.22581905638858,-7265.0,221.63773218774335,0.0001956212799782519,-0.1516346947057825,19.576111242956625,-57.503992631262406,7.595854943214076e-7,3.190373984758467e-8,2088.211735092318,-21.77014741603297,-2250.0,17686.962989804917,0.00014361178865090026,-1640.6937288963697,239.8701859758027,-202.5154059094174,6.076664536385104e-7,2.8210265720825334e-8,681.7869666999634,-10.4111509614663,-16755.0,69416.87601617764,0.0006643965121138991,-7852.2232547053045,842.2485699005038,-637.4909889148774,6.103534876336388e-7,2.8790542934133143e-8,-1043.2993391140108,-50.11163724427433,-60676.0
t82,11562.163786060264,0.0007424133256885437,-1702.127925421854,186.482820347431,-28.029261105396724,6.220212482861352e-7,2.891890886810433e-8,2959.999837031915,-31.48999910123268,-12947.0,7612.397836899756,1693.2730526635567,-3499.677157202487,10.16644338234896,-15.328154423986398,6.995024503832533e-7,3.200936086567638e-8,-4573.79094499357,-23.041076690444466,-1204.0,88.46976377032418,68.69480594023821,-192.4689332713831,7.727315616979804,-11.523082798546676,6.729270609177165e-7,3.1958782031266446e-8,973.7912074952887,-22.69107721260779,-912.0,2020.4203582486628,0.0011955387251026967,-0.1244781762817322,13.009064429205983,-42.127840765993895,7.399709247207092e-7,3.1924503414438656e-8,-100.78910606678582,-83.38919367324743,-1807.0,661.1319111871956,0.001251272203002268,-45.188404942540366,1.53184924452298,-4.660166732978627,5.721537687407856e-7,3.194292048047999e-8,-398.4636543652722,-8.352785991057402,-206.0,8011.382205163601,0.0012448444128275893,-1513.9598581053585,7.9235640474011,-25.409570598983144,7.024149807433317e-7,3.195187475794348e-8,-5309.239174719746,-53.69841111272396,-1117.0,487.7495637355139,0.0011156478692191574,-0.1429151312595862,14.138900762113195,-47.32407690022415,7.448070402918795e-7,3.222954448581004e-8,1617.5781635457804,-87.00075214350501,-1985.0,4845.97013254068,0.0010286405215417043,-142.4225919227101,47.46511493418104,-180.54796677201986,7.686243456922563e-7,3.19576765161454e-8,3059.022285146157,-16.48800284011596,-7613.0,225.95343036101121,0.00016942348826586007,-0.09171297089252865,19.785803416538272,-29.85374444786338,7.599051160598913e-7,3.188619027908526e-8,2160.445285691165,-21.239232071834888,-2355.0,18416.07844193622,0.00012721283778144762,-1555.2855886339623,194.6401868588336,-143.10627631013895,6.083958715483668e-7,2.8265983468244245e-8,609.5533447658296,-9.880235483718161,-17512.0,71306.45538714883,0.0006941060703126379,-7052.829976493992,629.7615603416613,-822.7522434897553,6.130227451508944e-7,2.8856139537810873e-8,-998.1072435307613,-49.5281339713336,-63013.0
t83,12271.300873289014,3.940604780294978e-5,-1830.000778996749,211.8105302104322,-161.9525145485739,6.01571402188837e-7,2.8715567017618733e-8,2901.5723982391555,-30.73054727709364,-13362.0,7356.044423077126,1818.5858446703612,-3374.3644826316877,11.685002315269024,-12.475079958016698,7.013071681995152e-7,3.2021192677729684e-8,-4537.434630769652,-23.041077073908014,-1239.0,105.52931308439913,89.71475710043883,-171.44909151318154,8.87660756490255,-9.415349164046946,6.747411526678943e-7,3.1977203152184124e-8,937.4348401819059,-22.691077719463298,-938.0,2240.5448511907935,0.00203918784933423,-0.0003649477637261941,21.78064820096682,-2.6130569654968414,7.502629175753991e-7,3.1962734380003955e-8,-327.02068596815883,-74.69343118400903,-1858.0,755.8066497479389,0.002053476561738546,-0.0003854764359449268,2.5153787507665193,-0.29569592764555525,5.802517277010161e-7,3.199266812927703e-8,-542.3670003943012,-3.661000516740657,-212.0,7707.669700304707,0.0021430250066545183,-1166.7002576326126,13.317849332293745,-1.5792325906699836,7.132392549907774e-7,3.199094039620765e-8,-5361.331070349617,-42.379132579312184,-1149.0,541.1534413857779,0.001640255386803513,-0.00032600076828056683,24.665430763229374,-3.0121783910319495,7.552074986468477e-7,3.2276175375441276e-8,1562.1294229555951,-82.93743146060763,-2041.9999999999998,3577.5116670786006,0.0006214978699852976,-0.00033358843751481415,68.78112225825345,-68.77645370368708,7.786563437322585e-7,3.199198059313145e-8,4258.536626516992,-14.053250347262017,-7822.0,272.89580052410065,0.00020838942764075344,-0.0018439479843267554,30.041058145588497,-3.5789904142470084,7.604784581897e-7,3.190130552563662e-8,2147.045864700962,-22.402098000443978,-2424.0,19917.319341823266,0.000139190282845367,-1669.877581164057,203.9598294471988,-342.14077832255055,6.068761756946161e-7,2.8214159171282974e-8,71.43403031017004,-13.694980969280605,-18167.0,72333.7476497597,0.0006811005130985894,-5661.323141207764,685.8017850715513,-796.5556738095983,6.113440320619692e-7,2.8795551072356924e-8,-1109.9997954230507,-50.67149598276203,-65400.99999999999
t84,12518.266744199072,9.939416277135262e-5,-1830.0003337269259,242.95059457343245,-2.7194308589036655,7.221935789682907e-7,3.1548255298008324e-8,2841.4513081729992,-29.948981777076327,-13740.0,6952.841207640387,2031.9917717671117,-3160.958783224538,13.283739850277913,-11.537091914855562,6.240520258217934e-7,3.182306428739629e-8,-4542.579767372705,-23.041077032865815,-1260.0,100.2068065957748,96.85109781999786,-164.31298306898597,10.088123685459461,-8.721943519356808,6.115408043202165e-7,3.177201946299513e-8,942.5799757426794,-22.691077655169014,-954.0,2408.3015413506873,0.0014258901472214247,-0.00033030424352639806,25.479681362706856,-0.003168477746072551,6.624833663743297e-7,3.1779455700334556e-8,-463.7132577098859,-80.06589249953355,-1890.0,1158.5633831865282,0.0016797010824370056,-0.0003518796675461748,2.9376802357196343,-0.0025937463916400044,5.697025747427197e-7,3.1785389948252794e-8,-939.1604413251623,-6.339356496761415,-216.0,7748.878693281292,0.0015310562229529031,-1166.700221130711,15.566718393017338,-0.0030390428714917846,6.390851857117174e-7,3.186857922676217e-8,-5381.569608095204,-48.17407487481241,-1168.0,574.0868664850229,0.0010496036522114934,-0.00027150480558016296,28.83683946319973,-0.0034051490173540133,6.694554897871642e-7,3.213244899059066e-8,1563.3406259523524,-87.26170524875245,-2079.0,2361.6536121152194,0.00023789687598810462,-0.0006769694914009109,77.74777640911465,-77.75244011709765,7.219176679037673e-7,3.1810927704375135e-8,5610.867429732065,-18.515939293952712,-7954.0,258.26195377561345,0.00023529986095242384,-0.0008860756406075382,35.16430346910268,-0.003213427691860608,6.783945502612515e-7,3.169723386994463e-8,2198.7758577040445,-24.198251262434407,-2468.0,20743.103146109817,0.00014461699900687118,-1512.3616600751977,272.40687908549666,-52.64423482350145,6.101525960465573e-7,2.8274256628335275e-8,-719.9923174382877,-19.51195714006793,-18711.0,74125.61050997654,0.0006549390620354668,-5836.871017898684,781.8645513532471,-666.9334197868534,6.12376525853236e-7,2.8828270629134028e-8,-1109.9998053628958,-50.671496355543525,-67243.0
t85,14317.179234452502,9.502644473442081e-5,-1830.000267577563,261.3154217014566,-173.50711469004642,6.066407885321954e-7,2.8806393852261582e-8,1420.513270893125,-12.500639544191914,-13983.0,6692.985827250939,2150.5705806104643,-3042.3800809004315,13.752286407069754,-12.223398645379412,5.723045032139352e-7,3.035765075348401e-8,-4515.664137973557,-23.04107697320591,-1264.0,95.18615308147312,114.44454369671182,-146.71963059965196,10.435438908978337,-9.319775424842808,5.665534414695741e-7,3.02374424283212e-8,915.6643475511812,-22.691077561446797,-957.0,2202.0957821664397,0.0005793903053875496,-0.00037989262949400955,26.537694143718912,-2.329636783866881,5.994206120451509e-7,3.026842299138599e-8,-251.50054256467104,-77.80349677382857,-1897.0,1058.106545535544,0.0007009561557150159,-0.0004052178567879111,3.0661292685622548,-0.2633172553140803,5.563496203107389e-7,3.025286380958289e-8,-838.2514317918693,-5.658221795407646,-217.0,7862.74444185835,0.0006113102489944986,-1166.7002893450262,16.21796839824082,-1.440212325819569,5.87378108309231e-7,3.029542217967088e-8,-5493.928275012819,-44.89424523590018,-1172.0,570.476681221735,0.00039868607776972055,-0.0003849026769908089,30.0314853802869,-2.6039583412401206,6.016864064804895e-7,3.066865557008294e-8,1570.4953140633322,-81.39953645243227,-2087.0,1068.912819387058,156.411623767241,-9.578266866031337e-5,107.52352496722963,-0.0002119970015099596,6.413117002665429e-7,3.045338749329634e-8,6664.831283106123,-21.6789435810308,-7976.0,244.35003144670898,0.0001311529028914559,-0.0015558209670856302,36.62842696507251,-3.217544712650671,6.06817203875168e-7,3.0235947628914426e-8,2217.3709044450807,-15.13039391529322,-2480.0,21134.296556296686,0.00011172042933430187,-1542.7693175372233,258.33740978644937,-150.85426483376085,6.062845779033553e-7,2.8206791787441587e-8,-579.530926726683,-18.47956836441346,-19101.0,75221.24210889474,0.000739149514333382,-5255.963926766437,803.5520500789494,-876.1596208254336,6.118919428539702e-7,2.8770973019523065e-8,-1109.9998059892423,-50.671496654336785,-68732.0
t86,15700.531537015831,0.00012063125944155891,-1830.0002264404172,262.8655247384393,-193.49859991565734,6.089541507573737e-7,2.8901106900802942e-8,153.07370029010315,-15.972056075302707,-14077.0,6668.768958166534,2165.46018405952,-3027.4905189634433,13.221315921824768,-13.465184471098025,5.772461751476332e-7,2.896997720748236e-8,-4510.453677003159,-23.041077883023153,-1273.0,107.16288668860686,115.18830528456628,-145.97590056570144,10.063618093038498,-10.201686366763864,5.741459426102362e-7,2.8807133886346625e-8,910.4538548740369,-22.69107829909508,-964.0,2518.4350273359028,0.00028185658164250806,-0.0005567725249805834,26.24268086427889,-5.211158999583992,5.933654560346308e-7,2.8789171429656892e-8,-551.3358569013865,-80.13041760971541,-1908.0,1129.8153785471168,0.0003816303449379823,-0.0005979523839356316,3.027211503572685,-0.5902390741841793,5.846688568822459e-7,2.879964490674366e-8,-907.1289942426823,-6.123140678479609,-219.0,7582.296263478314,0.0003214249766140492,-1166.7005174540227,16.035361875615184,-3.173957403973922,5.902298738558596e-7,2.8849069687086906e-8,-5204.168224362071,-45.28924785095424,-1179.0,585.1140256053889,0.00028443042168864625,-0.0004081105571029663,21.316903508360397,-37.88185960270533,6.004250594269154e-7,2.928620300426465e-8,1620.1683025320724,-87.71724854773443,-2101.0,1523.8377497204128,8.582163755095737e-5,-107.80145445833313,75.37750216013563,-116.56616461044341,6.1946067207574e-7,2.9092487201822798e-8,6664.831224805075,-21.67894348852686,-8018.000000000001,277.2122977970002,0.00016393226511158347,-0.026010451162705412,25.408038757515293,-56.57493343254477,5.988104501342261e-7,2.890204378691089e-8,2271.1631295072903,-18.182686489374,-2499.0,20533.241493412956,0.00015983799467305578,-1554.4700165318256,237.29394629194823,-346.1858947351985,6.090902286888193e-7,2.8246983772936344e-8,663.3962903437941,-10.27597828607273,-19523.0,76380.31734871712,0.0006555196609758626,-5279.5898234826045,816.9199888943833,-679.9769244561684,6.129639101889059e-7,2.8826607046425566e-8,-1109.9997498430737,-50.67149647009092,-70077.0
t87,16895.153612361923,0.00011089741812000996,-1830.0003191776652,53.310839161409504,-749.6577949310387,6.096635319581806e-7,2.887934602582635e-8,-103.96477788871405,-23.841670059452195,-14241.0,6776.327483033086,2118.4950177574433,-3074.4557221833256,13.895838283731463,-15.08710665795775,5.781012047408894e-7,2.90140006161885e-8,-4528.134432596174,-23.041077800259046,-1268.0,96.39375355459732,110.1237090923217,-151.04055212081838,10.581064385166583,-11.501495739435997,5.750427985465586e-7,2.885230366506519e-8,928.134598804855,-22.69107827904235,-960.0,2777.664315620824,0.00025454658375210153,-0.00044386345708411986,13.321078429824883,-61.956817759936015,5.963242920261884e-7,2.8859538423496843e-8,-741.222444554859,-84.80594264390444,-1903.0,1453.7206560654301,0.00028253688522525617,-0.00037887920111486986,1.5818715264808203,-6.95780201449263,5.880266311205456e-7,2.8885872280772963e-8,-1222.0954659540166,-8.249163548660967,-218.0,7335.654306471009,0.0002609652829375978,-1166.700724973018,8.308638309917546,-37.57951313750199,5.921229682272818e-7,2.8904074148480444e-8,-4914.946679960921,-49.73628796419844,-1175.0,552.3780923933622,0.00021484008770205362,-0.0007243436153486713,20.29731784899222,-51.5620665654252,6.016875664296913e-7,2.93506368327207e-8,1668.774295439435,-93.88712981444694,-2096.0,1483.1772500145926,8.314097667022036e-5,-76.99495817126463,77.92228746659406,-144.256948328329,6.212049749298984e-7,2.917172402616473e-8,6664.831229316308,-21.678943500066573,-7983.0,247.87337069921287,0.00016039422546768216,-0.03468591505617073,24.610347958377695,-63.89167895140059,6.000972521039543e-7,2.8959252034614057e-8,2308.979267401555,-23.536781964433672,-2494.0,20424.828315437993,0.00014392610343060577,-1624.6773609594495,236.46622179240993,-505.146488194263,6.073422450790986e-7,2.821350565414398e-8,1049.644069463233,-13.114901141080974,-19568.0,77468.30607796635,0.0009173525460224344,-5254.710595545927,871.8779148884192,-886.8031651595132,6.108377472198596e-7,2.879370315813706e-8,-1109.9996594707018,-50.67149397129787,-71038.0
t88,16555.98540168565,8.995623433647202e-5,-1830.0005565602983,240.56001815034261,-568.2292876610794,6.095674998984574e-7,2.8888018365480955e-8,-103.90862495288056,-20.40704027030777,-14274.0,7211.988651530859,1916.2756890293654,-3276.6750637356813,17.62481372604255,-18.985422525832206,5.77920028133859e-7,2.901136669698725e-8,-4557.187590403428,-23.04107778827168,-1270.0,95.11153146595034,97.33670339339236,-163.82757212381645,13.438579181936653,-14.555920573930885,5.745928491163002e-7,2.884448037809708e-8,957.187756616539,-22.691078272387742,-962.0,2827.6314748483587,0.00022798041023317308,-0.0011174447501698188,17.781299186822466,-59.028155670562924,5.934019284374906e-7,2.884423537427495e-8,-794.3906804287715,-86.99304873571107,-1905.0,1617.055231392739,0.0001737060932976067,-0.0014377218116536678,1.8148453778201776,-6.832562590393911,5.855030961717873e-7,2.887198550151351e-8,-1384.6895737895147,-9.34667663913862,-218.0,6957.128357399613,0.00019882344676345562,-1166.7024326459125,10.33003685946977,-35.99945088950755,5.9009097723337e-7,2.889328957551013e-8,-4538.346221392739,-49.410488439295065,-1177.0,532.3133644752038,0.0001782942536442491,-0.002373288018202262,25.300474119789474,-55.38503009022889,6.007736614994152e-7,2.9338643262316794e-8,1689.9041161952616,-91.13072998969258,-2101.0,1304.4671320976806,0.00025646366431696137,-7.045232608912602e-5,114.46407078435325,-74.08380048132592,6.292082692857838e-7,2.9186963290356277e-8,6664.831355287321,-21.67894368849669,-7988.0,243.82301095154963,0.00013464879384363172,-0.09910163660985773,29.22024187654103,-72.73545158637026,5.993249918757691e-7,2.8948501048453967e-8,2323.1487218335465,-21.357556464152367,-2502.0,20556.365952683485,0.00012231498255670516,-1601.8305396504254,320.3717507153188,-447.6849194612882,6.06640819243954e-7,2.8186882621587576e-8,853.4505167254806,-11.672882998550072,-19669.0,78841.62465438919,0.00045881187803469014,-5432.482388479989,1048.5944557806765,-1342.0659142381282,6.08970222511588e-7,2.875233608761608e-8,-1109.9997756908156,-50.67149532383952,-71955.0
t89,14678.43001967255,0.00021430921084866024,-1625.8686927128647,371.5375225876815,-355.38331721136586,6.278099554879844e-7,2.8908272320417735e-8,1193.6468652349824,-19.36261151971668,-14243.0,7312.056447912092,1884.393206839505,-3308.5575588048177,21.493641755589096,-26.497990699710027,5.774348429559266e-7,2.8957314479466944e-8,-4585.846669603104,-23.041077569049595,-1274.0,86.42697613120895,90.24700900124996,-170.91728016568223,16.364666555283886,-20.277118145501227,5.743782200361093e-7,2.880278032016583e-8,985.8468243615616,-22.691078037346927,-965.0,3557.7316098673173,0.0002884411835011679,-0.0009299497722572565,33.60017617212207,-33.59051663895475,5.952089479813078e-7,2.8806188062144693e-8,-1552.5430275600447,-94.19760061294501,-1911.0,1901.054431051641,0.00032245081314017895,-0.0009632892204004569,4.043395150611251,-4.039464214765921,5.877401591097522e-7,2.8838054329675957e-8,-1670.7799326435868,-11.277788771730247,-219.0,6622.108899434586,0.0002358841298849763,-1166.7011661852744,20.49378875374671,-20.494987625603237,5.932104004234838e-7,2.8856461559072905e-8,-4215.3757061348015,-61.03106440372534,-1179.0,499.8294655863437,0.0002365012780607137,-8.637905275892994e-5,38.233099900272734,-38.2295897692693,6.183326480720718e-7,2.934936400006258e-8,1697.6022735429544,-87.43539957778164,-2110.0,1790.6679444818726,0.00010437637692753965,-0.00011322600396912332,130.48304560033066,-170.8599816073875,6.291851311478765e-7,2.9137676654919782e-8,6272.40797139132,-20.698971055218646,-8002.000000000001,220.58288689575568,0.00014569932732582237,-9.866854491049433e-5,46.61340547398145,-46.613304185478995,6.169207556382693e-7,2.8957464534514654e-8,2307.2847720486816,-13.867807656468697,-2514.0,19112.62522335797,0.00016935455538496125,-0.0003881995306213847,429.72458089231594,-429.7245126191662,6.264784205650303e-7,2.8310310843372044e-8,677.7564437954613,-10.381516283722842,-19780.0,79417.01290337574,0.0004766415731513039,-4627.9600887064325,1107.542332070791,-2008.924299370507,6.118761036448764e-7,2.8805772287686022e-8,-1109.9998144334259,-50.67149641195068,-72727.0
t90,13913.061804814035,0.00010668915003771403,-11.841885362490581,431.86637054143705,-448.02051893472714,6.263746376565924e-7,2.8865549747364652e-8,475.4689231444966,-28.534800476984874,-14332.0,7430.311962308112,1865.8988165509572,-3327.051978795924,20.574630836696944,-36.96686334720406,5.755818501186052e-7,2.8931127463460804e-8,-4664.725490381987,-23.04107731412941,-1265.0,64.68167685996156,62.425074824960866,-198.73924344408434,15.58998442473202,-27.992017423913452,5.729015867720095e-7,2.8791337646855885e-8,1064.7256019392132,-22.691077472517243,-958.0,4041.5508778949693,0.0002154686491522505,-0.0021862138811063704,39.05404996651055,-39.06484157496558,5.959267298718382e-7,2.8797415560013957e-8,-2055.713045499224,-87.82507027609607,-1898.0,2078.721476973743,0.00020380363369053496,-0.0023569734806051113,4.754302723764923,-4.759093359414187,5.891525005474401e-7,2.883583627504473e-8,-1849.2321913591356,-12.482342069129428,-217.0,6041.935203450857,0.0001953428436536947,-810.1134562798783,24.1424135969683,-24.14238082381524,6.068857439635783e-7,2.8889019612486382e-8,-3998.69677883097,-62.12519674718135,-1171.0,380.79312454174107,8.665551553274508e-5,-0.00024747726754518806,45.89937752441958,-45.902839428438476,6.179968359575333e-7,2.9333543099956442e-8,1807.511895230709,-93.30139726859626,-2095.0,2382.6842170666077,6.666017454059662e-5,-0.0003367045420755632,167.56890929506014,-167.57223446855986,6.279917397994521e-7,2.911946413663872e-8,5575.714241771156,-20.394863650023602,-7938.0,160.87204382876226,0.00010483836431855357,-9.897118632008016e-5,55.871649206689725,-55.87158288392733,6.205660627934567e-7,2.8945495042642793e-8,2369.9988747297843,-30.870991141511027,-2500.0,16847.086611863415,836.4244067623374,-0.00010441948624269908,514.6220185231768,-514.6203178094062,6.323124748480186e-7,2.8292424168592186e-8,1919.9993820867455,-19.51199668039976,-19584.0,77034.05149672834,0.0002426194588282766,-3693.000076858426,1599.6703206973452,-1599.6703373684036,6.222298228256287e-7,2.8795621782062063e-8,-645.0514128307886,-42.00024805816505,-72654.0
t91,11065.653329699708,1564.4247774823032,-0.00017212564834857589,358.75774058413737,-358.7526932797051,6.300618266901105e-7,2.881316184294989e-8,1599.9970214978475,-14.080003684996587,-14216.0,6178.5325843606715,900.3396662585835,-1303.7283464558714,22.3308100072343,-22.330889387241243,5.781308708735852e-7,2.8917186658112198e-8,-4525.102814744771,-23.041010191530205,-1227.0,41.872571529747056,89.73327532317586,-106.01764751367124,16.980389019862937,-16.980469854372036,5.758089039455793e-7,2.8793464076534877e-8,925.1028914858383,-22.691010277877197,-928.0,4033.381581215398,0.00012813650793836863,-0.0001671617729932472,33.618748652837944,-33.61866778607826,6.104293156823091e-7,2.8828940961170452e-8,-2105.1931364122524,-88.18848687914901,-1840.0,1929.0153089267753,29.852357876845666,-8.848949270431313e-5,5.026920923066136,-7.488620808421526e-5,6.033995910687623e-7,2.8875315277459148e-8,-1741.1417109082613,-11.752713713039302,-211.0,4471.863523207521,723.9573328532673,-0.00021510691913719353,20.54914269874764,-20.54776250133678,6.13115497755611e-7,2.8885531596518156e-8,-3998.6968215476672,-62.12519991321854,-1135.0,634.3113899827753,7.477197856057742e-5,-0.00014465057807701515,42.06796189268405,-21.13382954310465,6.23836132857501e-7,2.933059921473122e-8,1465.1749167923751,-88.42036946813946,-2032.0,1398.4342272578222,6.0961028523251755e-5,-0.00013206088790023273,156.79346128239862,-53.869170760723925,6.334767614985884e-7,2.911649000580822e-8,6214.1482636001465,-20.506710308820118,-7695.0,116.0917215070497,5.957865814858389e-5,-0.0001747416698026134,51.42294856592329,-25.009708723845545,6.213436824817631e-7,2.8912884049487564e-8,2291.8513618768366,-9.356208447581114,-2425.0,16449.84032155327,1489.9978331810428,-0.00027383883895871065,511.04428089919077,-49.42834213107393,6.239424773077736e-7,2.8144748388579843e-8,577.5214045903487,-9.97522394476403,-18969.0,71645.7546603565,0.00015409219386039593,-0.00027545264027939204,1485.992594733329,-1485.9925338432058,6.284994933694634e-7,2.8673115835850814e-8,-703.6613762304406,-43.09329255152625,-70899.0
t92,11775.80917961396,1830.0006496946278,-3.266400616365157e-5,285.1970476945428,-0.000165326625786114,6.657178988465878e-7,2.8941192858490798e-8,-0.006577620928631384,-0.00010110401574260951,-13891.0,3569.1045803971015,1951.6471443321282,-6.337228043210675e-5,17.255637001737497,-1.5396857537334072,7.910575324239233e-7,3.237948177962765e-8,-4320.801459937382,-21.66615311253212,-1194.0,41.810356285469155,150.8164494022368,-5.609796236326176e-5,13.092600478131944,-1.2067167329531676,7.61492075200782e-7,3.2165357898246705e-8,720.8035376988539,-21.316171572130425,-904.0,4036.105889449688,0.10146963753238837,-5.216175781396396e-5,27.089366663694076,-0.00015742687356876478,8.248179842109674e-7,3.205555930327893e-8,-2189.498348952281,-83.79816774787332,-1790.0,2188.0886219410017,0.00010624673534140365,-35.2698501588554,2.848179246252126,-1.1241834954060084,6.014850525671195e-7,3.1951779544381874e-8,-1937.4649853646365,-13.077888769449785,-204.0,1810.5314034688486,1592.0211322599425,-6.16396106525876e-5,16.547379687607542,-0.00016190183924657766,7.906386431486453e-7,3.2027366641857795e-8,-2268.002844719591,-47.096847818886,-1104.0,758.9320160012832,0.09454204026171265,-5.1153089260465396e-5,30.660488044393087,-0.0001647167790457982,8.30753542216236e-7,3.2365720795869845e-8,1273.1334747233923,-87.82030554974834,-1975.0,1101.4986070757136,193.8490239402265,-4.9688762454811285e-5,109.74635461459265,-0.00016934000327937393,8.557353384090694e-7,3.2067399096372236e-8,6108.0628525924385,-20.156619541846396,-7493.0,219.8043486366271,0.11794045053536979,-5.0160345525137874e-5,37.38301059075985,-0.00016117746767974585,8.370645519830429e-7,3.208819443453149e-8,2109.736304320915,-12.041393341503882,-2355.0,14237.216599112375,3030.103232172556,-5.110679563742933e-5,328.0003242846595,-0.00011943881085793242,8.523593366468268e-7,3.189132976011287e-8,906.7445890093995,-12.064574239996233,-18490.0,60944.26292397964,7298.776387594872,-3.9961489132212224e-5,1160.0315184860647,-132.883823161191,8.037628108191047e-7,3.4054220539237055e-8,-402.70654175018075,-37.48043261801651,-68830.0
t93,12294.844261280476,1830.000702235845,-3.139486719110531e-5,243.58816202462427,-0.00017404280445953432,6.667738586643811e-7,2.8943877996036477e-8,-655.9061333876872,-8.526786494381835,-13704.0,1994.4253770613275,3503.3646996827606,-5.306264784555428e-5,15.215192658477552,-2.209221615749865,6.40687095400259e-7,2.9046773371191148e-8,-4295.198971437685,-21.597023614696685,-1194.0,41.56681512828528,178.65310806264227,-4.66690003316978e-5,11.549619428079273,-1.7237102603153178,6.374265756853297e-7,2.8894219384189105e-8,695.2012590262027,-21.24704517756259,-904.0,4060.845371090326,0.12909792557159291,-4.129030405603339e-5,24.052893311089715,-0.00014839004920030782,6.443953601249663e-7,2.8809298687714933e-8,-2232.2376999202666,-62.789473087642364,-1790.0,1835.3939474463505,78.86783222783092,-2.7233683565133586e-5,2.7640491329735775,-1.329251095268807e-5,6.328296437947293e-7,2.884410473822005e-8,-1701.5403883762724,-11.485400316540577,-204.0,1833.3231464892156,1215.802783445609,-4.654613689834475e-5,14.687993937037675,-0.00013655989114957388,6.449890544431781e-7,2.8892448121380717e-8,-1923.9874116899575,-34.82632951680375,-1105.0,758.7939932988405,0.17386252549262055,-3.228659311950901e-5,27.22567358298273,-0.00015425770045019387,6.555650804062592e-7,2.9329090477226134e-8,1262.3310957322933,-75.52443897736973,-1973.0,1752.7317177484692,37.88547784728238,-2.8058822371457866e-5,97.44040458539217,-0.0001596908342423023,6.635002374691078e-7,2.907100101827202e-8,5637.546501967535,-18.603914458679352,-7507.0,219.8043749336606,0.23487393820167785,-2.9684014676087767e-5,33.18828457814175,-0.00015380518788737164,6.521074421395393e-7,2.889997233066143e-8,2112.6330772022184,-15.860427595053686,-2350.0,16081.379945523458,1529.8965091141972,-4.0005441543145424e-5,288.6777788394635,-0.0001125675138601341,7.918149888928961e-7,3.136602189282986e-8,725.7804074834376,-10.734488544434093,-18615.0,56933.587036661964,9941.714759695507,-3.601584077763513e-5,968.3950408040791,-169.10587250781052,7.087781888473843e-7,3.131352528733866e-8,375.37826340018165,-22.969140481155538,-68027.0
t94,12243.84668835305,1830.0001669965905,-3.653390000742845e-5,217.8473531316919,-62.9320253438399,6.638175523210813e-7,2.8948040739484845e-8,-295.91524131050755,-3.84690501867632,-13929.0,1958.2411388827354,2850.9671435513915,-5.385621482388815e-5,14.427904999003973,-2.2394014471803896,6.430503640290516e-7,2.9133799679215537e-8,-3616.6318329428773,-19.764899518301554,-1185.0,41.567008159635016,164.0104444375813,-4.5419982885722444e-5,10.946641607336533,-1.6521478531804028,6.398120573372489e-7,2.8976986685439897e-8,698.3050710976493,-16.176972493884566,-897.0,4084.8583609813327,0.00020984911101479015,-4.50371198561804e-5,21.66922307617771,-6.503213853053026,6.446331322193162e-7,2.891732421489117e-8,-2263.5568650717128,-58.46767034540692,-1778.0,2189.110823729522,2.654444294158399e-5,-37.24693720991992,2.484328911986574,-0.8053633892605829,5.987767807864077e-7,2.8852650492200567e-8,-1937.4649902277226,-13.077888777808049,-203.0,1810.5204617116638,1166.7001605761202,-5.015632855055841e-5,13.228078214305786,-3.9563818852702775,6.440782788055591e-7,2.8972224169469516e-8,-1858.707369505482,-29.78489939640412,-1098.0,759.8262285248969,0.00019547368382735844,-3.5941711158810565e-5,24.5294020047954,-7.367198124133119,6.545316852473069e-7,2.9417041732737866e-8,1251.2412632337018,-71.22985554985729,-1957.0,2489.3147610821875,0.00017671771411835165,-3.132323063160853e-5,87.77973215551141,-26.331398403154846,6.631198900213811e-7,2.91800975556161e-8,4934.520689544152,-16.283929832148452,-7469.0,219.80436459371168,0.00019249150023622255,-3.307779073315322e-5,29.895096321104873,-8.958908815374699,6.523594041066352e-7,2.901392849720691e-8,2096.425365745333,-11.166077691715106,-2326.0,16413.71196508138,1490.0001652790768,-2.67734937453452e-5,250.67338454941185,-71.10990985652957,6.630465859061502e-7,2.8439479734326182e-8,-8.21518931813423,-0.06038877218563037,-18075.0,55479.34104766997,9695.261914496117,-2.8747915046792757e-5,895.606905091513,-159.50897490009342,6.752214275382819e-7,2.899501107999066e-8,999.9990987555996,-12.699998591951491,-66898.0
t95,11552.795203914231,1830.0003737528423,-2.6743396873965953e-5,158.6320400147389,-67.43296002260101,6.620060465139642e-7,2.8941512277500665e-8,-153.00555058470363,-1.9890801392499078,-13319.0,1754.6673122818145,918.4678751027752,-3.305796456207757e-5,10.223049596461022,-1.520831099880586,6.435273589246865e-7,2.9142255284164554e-8,-1567.604848313274,-14.23252484369279,-1100.0,41.538469989667234,181.3541116043857,-2.546199693188913e-5,7.756048158048553,-1.1093890106906645,6.402210302129175e-7,2.898295105149782e-8,605.1717661102457,-1.7109818549362545,-833.0,4063.888571259701,0.0005884600409542194,-2.531494050852028e-5,15.355256584424673,-7.196163785935136,6.434291361465006e-7,2.8916252973294795e-8,-2375.71818465475,-45.33004289481543,-1651.0,2105.2582665289397,31.525864318577298,-3.3068023695128964e-5,1.7588527063137405,-7.346362921319328e-5,6.03005503971847e-7,2.887026572549089e-8,-1937.4649886064974,-13.077888773069882,-188.0,1787.7287400805856,1166.7004675479054,-3.295939956001868e-5,9.372495892245324,-4.378069246634949,6.424442806358601e-7,2.8971098934091682e-8,-1928.6232932760524,-10.800308479101906,-1020.0,758.5132247884584,0.0004950646219225828,-2.1623329823318603e-5,17.382542517289288,-8.152417755097607,6.525620541935362e-7,2.941699925047737e-8,1098.1978204894272,-50.94164385458566,-1815.0,2700.306874683273,0.0004749950050980421,-1.9451553747975565e-5,62.201416130696934,-29.13790316495262,6.609761078906481e-7,2.918177609782468e-8,4225.573561641733,-13.944404890590395,-6945.0,219.8043354129664,0.0004908314488558858,-2.034159504891945e-5,21.183133679103268,-9.913801496880172,6.503112271255896e-7,2.9014924549208263e-8,1937.4981297400523,-13.572268252255054,-2155.0,16871.107095479794,1490.0000019126674,-3.393824614703382e-5,175.8432968048445,-78.43867768872279,6.509587152889549e-7,2.8432883721687446e-8,-1919.9996845462845,-19.51199783791172,-16519.0,53294.62021501481,6335.31316069752,-1.827169147963183e-5,638.0464764305982,-92.68703479289235,6.757636823272363e-7,2.9012906849913514e-8,2015.9752720001043,-30.267949682902238,-62161.0
t96,9358.171907763564,1829.99428832899,-0.00029321691933600224,109.98947670822032,-73.28863500042308,6.340782508416402e-7,2.888459713047072e-8,724.5089590904996,-6.375703434850492,-11943.0,1550.6052328510061,239.99968647703423,-0.00047133765763160526,7.184894548966294,-5.197501029968827,6.142258838639621e-7,2.9064407210282608e-8,-790.4575728573961,-2.1342689581704626,-1000.0,41.53827357364057,2.4122771552915525e-5,-0.0004311335321128028,5.451060048849846,-3.9392079915954326,6.110691783371411e-7,2.8906462444200978e-8,716.4361396393928,-2.4858586954445894,-757.0,4111.117402358033,2.4305109469836037e-5,-0.0004137941925128344,10.791852956301176,-7.823550010844822,6.14810016174933e-7,2.8839146729214282e-8,-2572.1333451561736,-41.95197099753327,-1500.0,2206.293742898042,2.78951452001846e-5,-78.86764997209013,0.94128019079812,-6.824520753319494,5.707774891473494e-7,2.8770053850628628e-8,-1937.464991824841,-13.077888784986303,-171.0,1655.595332722098,1166.6982312451755,-0.0004570213061614768,6.587142181935393,-4.761161218461777,6.143133018610426e-7,2.889823761448859e-8,-1881.2449585741383,-15.874129747785403,-927.0,759.1357918730969,2.0305973527418608e-5,-0.00038030391873117194,12.216631873644538,-29.79702817288532,6.233423503961742e-7,2.9341759649838464e-8,956.8140991504595,-51.36913506975067,-1647.0,2210.035187889803,1.8091210260483585e-5,-0.0003625970657112921,43.716161124403285,-134.60046376284117,6.309826957740681e-7,2.910667012811674e-8,4213.75487135901,-13.905412132114382,-6319.0,98.51989758694104,1.9328970583043998e-5,-0.00037053164489345754,14.88784270603705,-37.191031974471436,6.207853954981085e-7,2.893765470172447e-8,1889.7933224899637,-12.009680007427658,-1954.0,14760.559231034638,1393.046157974195,-0.00040298720289974393,123.70674879907847,-544.3647498964252,6.29530971310497e-7,2.8376398257148893e-8,-763.1403752087547,-18.806609502337917,-14951.0,54302.08895062083,2845.2064946136934,-0.0004587113372706801,443.19100891961847,-364.5150515618106,6.390848290308506e-7,2.8917477207753313e-8,-556.866148108022,-9.104788728753736,-56660.0
t97,11893.309868949229,0.00013676454184314188,-0.00028609902974427524,59.575095675516486,-474.3283736047453,7.87572694850021e-7,3.62213085620038e-8,1117.2756152287168,-9.83205658644794,-12586.0,1936.2638168922845,0.00015277611313734338,-2.6271254719245474,3.455268175633125,-32.555569647479025,7.528369555002067e-7,3.578022455414687e-8,-812.3357354734264,-2.2008076593222285,-1090.0,48.58994258036803,7.370703913155575e-5,-0.0029102145162368865,3.108614358919936,-23.792672362351325,7.73180396533702e-7,3.486572222944122e-8,799.346394378619,-2.249442954909066,-825.0,3848.907780237939,7.341256708444063e-5,-0.0008086621686319715,6.159631193230242,-47.043676556150324,7.769158493947226e-7,3.4975627934700015e-8,-2135.1921647848712,-37.830835279865624,-1635.0,2062.038203632184,8.683604100427745e-5,-0.0008741707937376776,0.7031253246875337,-5.436727542223686,7.711123910064202e-7,3.506577012259791e-8,-1857.763901422226,-12.53991314650129,-187.0,4679.149509585281,0.0001455469817340426,-0.0009098234015283717,3.7580227751573845,-28.750272569034923,7.797262942376318e-7,3.5147283765842005e-8,-3621.3018916968913,-23.85460432733913,-1008.9999999999999,760.3710867426627,6.457352410843964e-5,-0.0007327643799729195,6.973506304965297,-53.23947875840422,7.633019389197954e-7,3.657884638779663e-8,1146.27180067346,-58.37624721460112,-1802.0,3562.7039673257523,6.077463925155624e-5,-0.0006920003267742121,24.952392612522363,-190.5973694199354,7.771550417967072e-7,3.6240324815419245e-8,3465.3774128197733,-11.435772206542554,-6851.0,62.3668318052429,6.126532772455799e-5,-0.0007634425218498595,8.496293155927022,-64.93263853713145,7.624591154930479e-7,3.5813367892479414e-8,2150.615278748238,-9.545063415741806,-2147.0,17363.843255631095,0.00010085148478029374,-0.41143716998749746,69.19799926651538,-582.728363275141,7.845975948234635e-7,3.440882093321003e-8,-253.04167135505506,-1.859883260351335,-16595.0,68363.57098876062,0.00011405636967968493,-2548.091813157439,197.42684314055293,-2396.645447210114,7.958035596237801e-7,3.5662476387162936e-8,0.7488628836637962,-0.009547701282556291,-63617.0
t98,12343.211699762942,0.00011518626462968475,-0.0005034469001956371,40.09662273680957,-400.5825428509692,7.855218357548828e-7,3.625754348542748e-8,-212.95692279074407,-2.768468367995569,-11767.0,1706.1714598310741,0.0001518780900635763,-193.79546265402155,2.014096925872758,-36.40223005087577,7.526160678705713e-7,3.578691642554812e-8,-460.14342120692964,-5.844595126941891,-1012.0,48.561194572625155,7.28776224808892e-5,-134.8896309148728,1.5308620677029747,-27.289909660471118,7.727841804125827e-7,3.486761892980508e-8,882.2786151261071,-4.191204575819844,-766.0,3650.1811818755655,7.119533846323713e-5,-0.11123826080848678,3.027107707387941,-52.71914955216609,7.758538234177657e-7,3.497543407677669e-8,-2028.1511427167666,-54.226830685332914,-1518.0,2075.863596659662,8.257156834300174e-5,-31.357475562241678,0.34648153324693587,-6.346962142459064,7.699530152365386e-7,3.506366153006143e-8,-1852.0046851566422,-12.501038394410902,-174.0,4633.963524240639,0.0001346053657655123,-73.74167858065609,1.845184410259507,-32.85677685247098,7.785456410177403e-7,3.514552907559171e-8,-3572.205990752978,-20.004397571928006,-937.0,759.4969049043129,6.23458672574431e-5,-0.1316461902678583,3.452794677374755,-59.56863343416424,7.617281378113438e-7,3.6576565919951507e-8,1015.8356755881161,-44.08515835848879,-1675.0,4376.239816909401,5.7737065645146924e-5,-59.46519281240831,12.748067596296913,-189.06410337999446,7.754428163802478e-7,3.624158248556143e-8,2228.8967402605053,-7.355386412892661,-6362.0,62.365433186551954,5.935272376521542e-5,-0.18117320016268132,4.2009580534582485,-71.44587635967726,7.611234444131254e-7,3.581633146836808e-8,2010.3130225301577,-10.252423983314014,-1995.0,17384.053289477662,0.00010717917870533444,-638.6524825471683,35.82251053484838,-771.0455145952557,7.855432177083292e-7,3.4434296555523565e-8,17.95407413955904,-0.13198348474662228,-16027.999999999998,65536.85669204,0.00012454944423331886,-3766.4639488145685,140.61231268425803,-1767.1834134705416,7.961792443299406e-7,3.56850445495362e-8,1970.1840349796146,-34.00580138305191,-62080.0
t99,12581.700388542396,0.00011593944724334308,-0.0005146627151161709,11.354022221359344,-360.91802927381957,7.845495152506669e-7,3.626258338065531e-8,-873.8274409572468,-11.308541679821875,-11347.0,1541.0057068784622,0.00015039501051836005,-49.7161757923404,0.7478627539388432,-20.024447110135032,7.523944831568398e-7,3.579069504418357e-8,-497.6915532369758,-6.321544290990036,-968.0,48.5324419563691,7.250327778313686e-5,-212.94887848545494,0.5703156100249351,-16.07717882814529,7.727093845756547e-7,3.487251987573214e-8,917.2807336401997,-4.357506903370791,-733.0,3546.983084156827,7.224104193238737e-5,-0.05046813951047861,1.1187947097093545,-32.183830297959744,7.756149715030655e-7,3.4978404280857286e-8,-2009.9727055901408,-53.89494752376904,-1452.0,2040.0548891586413,8.309673094544292e-5,-18.613023511484613,0.13019644992073745,-3.6500754569245824,7.697040250816949e-7,3.50658149413044e-8,-1839.5054019765957,-12.416668251034753,-166.0,4439.521913184259,0.00013550061850594632,-96.0092168836335,0.6874771737005314,-19.49744820850829,7.781250211577901e-7,3.514458948777982e-8,-3409.6089760706723,-19.093885197433575,-896.0,760.4299601051792,6.303103794426558e-5,-0.05846464676514156,1.2730455510056626,-36.56127406857505,7.612018236550186e-7,3.6572920536360645e-8,920.8597643800176,-43.94309481789634,-1602.0,3827.3681530690033,5.869171396373824e-5,-53.74630492713812,4.6610566547160195,-135.2186270558907,7.749695699006965e-7,3.6244193127565804e-8,2452.0273808301317,-8.091717365355708,-6087.0,62.365428403809084,6.085503160082664e-5,-0.07384610417500868,1.554549212558632,-45.530777992586245,7.607204203747367e-7,3.5815416208523504e-8,1909.047843138105,-19.363257932709313,-1908.0,15618.915605067994,0.00010579736970893446,-67.40937314552951,14.021640467080399,-199.06504351736461,7.859652409621208e-7,3.4451444146598736e-8,423.65092108978547,-3.1138550761104034,-15787.0,63455.42313888892,0.00012535508801825524,-3209.68706390157,59.57364313467826,-1106.5665137613123,7.966007191689113e-7,3.570305568431985e-8,2007.7394347533923,-34.482763882253984,-61172.0
t100,12692.289322618597,0.0001181565430109118,-0.000481080711761078,15.872826735153833,-450.5548372704683,7.84974057307407e-7,3.630414143259721e-8,-1107.3674815904076,-14.239467179345427,-11136.0,1744.0528082115236,0.00015186954487054688,-34.307207916614054,1.112234026272328,-12.160092820367005,7.523368930663516e-7,3.5799310330064786e-8,-745.2326405190292,-9.465253254199311,-944.0,48.50361089952554,7.370792425514208e-5,-241.27833858271885,0.8462806087875516,-10.33220944952459,7.726844033543055e-7,3.488084032188524e-8,920.6339867650476,-4.373404456067369,-714.0,3627.336275485098,7.458784434786137e-5,-0.04484017430168956,1.6707897741513358,-21.646216170049193,7.755683681587894e-7,3.498566614168856e-8,-2137.2845368153667,-55.03154712497895,-1415.0,2064.0742817709947,8.472613987295256e-5,-22.890529983540592,0.19168043457687428,-2.245075173100802,7.695659196974772e-7,3.5071839413640754e-8,-1865.538053658377,-12.592388607379485,-161.0,3257.73191208155,0.00013977544735736282,-316.30974920990053,1.0211116679581018,-12.569058157459576,7.781082782925284e-7,3.515200445976942e-8,-2045.4199284159076,-11.45442824296253,-873.0,761.9144808022165,6.544476490251185e-5,-0.053161610995619744,1.8963823186269693,-24.65468432763822,7.610658257779989e-7,3.657533001974325e-8,859.4841209780122,-37.5872040715263,-1561.0,5215.773020928739,6.026308025353291e-5,-115.93442160117596,6.780839072655622,-118.86492970917186,7.746912451353678e-7,3.624481851180314e-8,944.3618516798517,-3.1164207362765084,-5929.0,62.36542987114791,6.224324966108892e-5,-0.06507406141410664,2.3082877372183566,-30.71069583294699,7.605797129738748e-7,3.581937472934765e-8,1852.5878465917172,-26.48585696917153,-1860.0,16092.901879015737,0.00010904299715813593,-1055.5022095276088,20.439181729046407,-390.48390944390854,7.861794944190387e-7,3.446599454626674e-8,1068.4984335775534,-7.853483752658564,-15728.0,61694.289590034714,0.0001264443671988905,-2085.290280494608,74.2619522856012,-740.9113053913948,7.974593143924639e-7,3.572048746381516e-8,2255.276401406906,-37.626483868490446,-61160.0
t101,10832.702463859187,0.00013001118841136198,-0.00034814102590652416,17.37605511797914,-17.376348121519005,7.869486617736416e-7,3.6309883955866594e-8,251.5113799208315,-2.2133325572591755,-11082.0,1949.85336374582,0.00014700831422050455,-62.07677344566265,1.2515812741358334,-9.633388554397904,7.521965791720346e-7,3.575286352765343e-8,-937.4880458238392,-11.906884607614792,-930.0,48.503785122951925,6.989825092892575e-5,-208.15645160466755,0.9513369000292774,-7.088120233289741,7.732713931832247e-7,3.4846659669846044e-8,873.9409862699836,-4.151606860831299,-704.0,3639.9202713860877,7.16578950093551e-5,-0.061022589434358405,1.872551759418663,-13.592954516694597,7.759600425474583e-7,3.494964873170153e-8,-2176.8998004370633,-55.23911770824598,-1396.0,2050.0763330147443,8.209012457567995e-5,-20.313444097536586,0.21551758583257083,-1.671715402418078,7.702522251625186e-7,3.503737470662861e-8,-1856.7735454415556,-12.533228240601897,-159.0,4570.055077214115,0.0001341090274965622,-74.45500954990933,1.145570357557658,-8.526611686537104,7.78290842741483e-7,3.511396313855956e-8,-3605.2250339101065,-20.99412703564787,-862.0,762.6274053586303,6.249205831581048e-5,-0.0692888842457576,2.12935662853756,-15.219019035410419,7.610631035626676e-7,3.654183589227916e-8,835.0217950952024,-44.49031212122633,-1540.0,3848.84246789651,5.77573185239761e-5,-44.6380027383134,7.525656956258585,-44.20617997697581,7.74678640357241e-7,3.620641453634429e-8,2087.364329284728,-6.88832927598139,-5848.0,62.36543473334148,6.0087374446303814e-5,-0.09280011011317894,2.5871603905925418,-18.205896422277203,7.605315960201625e-7,3.577604635206139e-8,1798.848141168731,-10.50210026728604,-1835.0,15911.2195007525,0.0001066796986138458,-104.75328917099493,22.49280902527089,-101.05433147806639,7.86050779513463e-7,3.440992404426959e-8,282.1691694322287,-2.073964544328112,-16008.0,61607.6716341557,0.00012025024624572788,-1033.063226194265,90.87501248225658,-580.946052342961,7.982969627551139e-7,3.566089377605006e-8,2447.53062444086,-40.068112155026114,-62492.0
t102,10265.576725941517,0.0002093078908222796,-0.00017089133324435174,45.91730335193113,-21.5881337799318,7.899112694777191e-7,3.629394889003229e-8,1061.434724858065,-9.34065856837943,-11342.0,2150.2366265837045,0.0002915215591746921,-0.0002460342502034931,3.1034176462526597,-1.5868320023101516,7.557312461384538e-7,3.5775784462394465e-8,-1198.5172842840939,-13.235973837331077,-940.0,48.475639701049005,0.00014004854552878972,-0.00015459801704931534,2.3535216508134,-1.2021688501018988,7.770519684865454e-7,3.486850586789433e-8,664.1206468371485,-2.747625300890165,-711.0,3643.7903750799082,0.00012767713682832038,-0.00014771210787185575,4.656162650024127,-2.3811987558830032,7.794774488715948e-7,3.497007348255679e-8,-2189.7644274557315,-47.300891919714246,-1409.0,1998.0436956511746,0.00014512095522604666,-0.0001648529126714061,0.5330222653197145,-0.2687651976623546,7.736913603351599e-7,3.505695157797893e-8,-1824.9892498470758,-12.31868363469023,-161.0,4712.961273661343,0.00023888209881858992,-0.0002245009676874984,2.8407925295985907,-1.449427316740859,7.81513204926102e-7,3.512841844794498e-8,-3820.560888340149,-24.791765419957215,-869.0,759.4029494014426,0.00010954019835338404,-0.0001315471270971439,5.245731664636627,-2.6716025450098013,7.647029432957406e-7,3.655136022565552e-8,842.0954687247817,-49.072525709683504,-1555.0,3032.6983977619684,0.00010039521510803076,-0.00012757501189672278,18.62378215320906,-9.405239614952652,7.787964160509372e-7,3.622471197626109e-8,2868.549324224888,-9.466237451189562,-5901.0,142.05896651665768,0.00010187156014498515,-0.0001301707481008399,6.530964130457777,-3.38980206415275,7.642582467949212e-7,3.578949904744152e-8,1717.181626457805,-7.38172716490146,-1855.0,16953.99851603854,0.0001818227175426217,-0.00020608116791907724,61.6242126609197,-29.81217767541646,7.910308282138889e-7,3.443766886405606e-8,37.46487364808148,-0.27539972675007585,-17023.0,64323.75953400199,0.0002572553479047096,-0.00015895783035256645,221.72122841200726,-131.0443337103434,8.027285967419242e-7,3.568920418852788e-8,1842.985185176281,-28.42171162028709,-66229.0
t103,11034.125850450084,1015.3868346554766,-0.00010784153808481213,118.59789000889157,-35.19727116107243,7.894007195346623e-7,3.618728827035432e-8,47.50489188599556,-0.41808811396338846,-12180.0,2350.5586736651844,239.99937616149398,-0.00012614830614116285,7.780918439445466,-2.1290140923796392,7.595211520187483e-7,3.5798732308179255e-8,-1594.9036138788265,-14.306214557124928,-987.0,48.44729830228254,201.7131920941228,-7.59019388653629e-5,5.939325723263745,-1.5808043478083227,7.80531703173565e-7,3.489148196280143e-8,494.56395667475465,-2.0828930595961084,-747.0,3671.5945614863344,0.004839723956966449,-7.386037551144971e-5,11.727793662536564,-3.2048045032335692,7.832532780870967e-7,3.4991030410472975e-8,-2164.4000720832937,-35.722244876548274,-1480.0,1786.3377116795605,0.005331527074983148,-8.49808264594763e-5,1.3404612184822222,-0.3471072182862897,7.776151797931869e-7,3.5080091174088934e-8,-1607.4857780295124,-10.850534694919299,-169.0,4735.775263047243,459.89419373310164,-0.00012560723839918857,7.173589075416995,-1.9208691684408097,7.84011114320413e-7,3.512773224053092e-8,-4264.886638162046,-24.035413423891264,-912.0,758.0421051331031,0.0014278577132097214,-6.587810843245381e-5,13.213396145701745,-3.654616567967546,7.685972791900321e-7,3.655770688203086e-8,941.9324924579806,-73.53473961839069,-1636.0,1942.695287564983,0.0013158463168485258,-6.214147935793232e-5,46.97933100017088,-13.444772337270821,7.837956568389729e-7,3.624789486300185e-8,4217.682246394493,-15.913346434713398,-6178.0,142.05918860867166,0.03294974850082218,-5.812058596818027e-5,17.643422734456514,-0.0011571742512991694,7.696681757674143e-7,3.5817988179334166e-8,1814.7517073060337,-19.486053531377948,-1955.0,16559.93130744106,895.7731028813824,-9.31187280503662e-5,165.90836399327554,-0.0004519556975556201,7.98359306692024e-7,3.446974562852002e-8,1325.0145744905901,-11.626803105674169,-18935.0,64546.1450994846,6927.351002578931,-9.687156094044008e-5,613.4087705097539,-0.0012778973842230788,8.062987206508481e-7,3.57152316564659e-8,790.2262329438331,-16.129730212404418,-72861.0
t104,10106.839886338097,1829.9994648933389,-9.715209632429855e-5,235.61032764100116,-0.00037036333399506453,7.92797455102301e-7,3.630771145093492e-8,1787.9900871332284,-16.43929855741278,-13944.0,2396.113526784506,529.899385856691,-0.00012526567991951118,14.599012254234035,-0.0015711822034721282,7.597775054791236e-7,3.5800893445391675e-8,-1836.6502456519931,-4.959983206616155,-1099.0,51.2747300977311,261.15849143595403,-7.526231519491177e-5,11.074255673819696,-0.0013706435991482995,7.802291839119647e-7,3.4900855232888254e-8,519.7076579535229,-11.213689770472723,-832.0,3809.544128290466,0.21166617301836885,-7.807567126146788e-5,21.935285982872255,-0.0015232287612410866,7.827496707039425e-7,3.5000815964566346e-8,-2136.5724728164423,-46.11700676892303,-1649.0,1562.0838090843238,78.8473572407163,-8.826830955480101e-5,2.503627529133442,-0.0011897531599276577,7.772645859301517e-7,3.5088989236890165e-8,-1444.6819075960043,-9.751608735832987,-189.0,4744.999568209545,1641.1144913574246,-0.00012337542755223315,13.382128878070551,-0.0006541663620174537,7.836740060530866e-7,3.5139917734433085e-8,-5342.089912949922,-41.40549846002047,-1016.0,764.3023730511787,0.2610739495271772,-6.514586211512925e-5,24.834128440649778,-0.0007710441881433757,7.695664721756939e-7,3.655792178838224e-8,1113.0801983169647,-79.47693804515498,-1823.0,1248.5875782711073,231.72714963698508,-5.9661314150225944e-5,88.84973895973746,-0.0008392458534481139,7.851247387913541e-7,3.623892327606787e-8,5334.440106734828,-17.603674799481,-6886.0,149.89217980408404,0.3151574418586915,-6.30400161717162e-5,30.254102372698085,-0.0011172291837833362,7.682152051529001e-7,3.580781839170274e-8,2004.6588312784527,-8.119091119098291,-2177.0,17043.63682450207,2547.090046240411,-9.677281908242728e-5,292.7463495760837,-0.0004687325397154048,7.949114480987507e-7,3.526888769672928e-8,289.2565595066147,-4.7292137035110295,-20168.0,64784.71284316595,11159.333776920135,-9.57841016394831e-5,1038.8240186930852,-0.0012416707880188828,8.042761395763491e-7,3.572515424587862e-8,-289.13890190924883,-4.730399005190098,-76689.0
t105,11730.786835197023,1739.2051275581175,-0.0001302253829410454,252.84921664955922,-21.558351233533077,1.040002847603279e-6,3.991357154844789e-8,1313.274152571618,-11.556850557708833,-15003.0,2214.0712839774296,240.00805449167143,-0.0001206438727021174,15.951398690484162,-1.9106514084714417,9.723232275406934e-7,4.046072732228726e-8,-1257.7240806939192,-3.3958851204890017,-1207.0,65.1560836695943,211.94667222387807,-7.096066480466279e-5,12.101406583457845,-1.5181335024723657,9.34083043106715e-7,4.0414900706022875e-8,632.6788638708664,-6.36482267165489,-914.0,3642.1876272156464,0.013482330214256714,-7.057675970101321e-5,23.96199105167896,-2.9117282166380365,9.98188847850343e-7,4.035229260643754e-8,-1818.2335291789857,-35.017773362255525,-1810.0,1489.5315949176686,0.013866698844820318,-7.363642124562857e-5,2.7414613660604035,-0.3404968061062673,7.624065569809283e-7,4.045909255770337e-8,-1276.331111483992,-8.615241591455833,-207.0,6157.333044042969,877.7241192066288,-0.00013633666835612734,14.623429270524314,-1.8211339643122855,9.61712455129301e-7,4.059399215782866e-8,-5893.652359981695,-37.20696296172693,-1117.0,907.8981435696371,0.005439580092984419,-6.75869449669228e-5,27.126611795100153,-3.2105774506198235,1.0034505249550547e-6,4.090894486756113e-8,1141.3922750065776,-74.21182561804943,-1999.0,2351.5021862845306,0.0056196341192324,-6.475550226614935e-5,97.0634853000217,-10.802235605302624,1.0387899698470006e-6,4.039770242795797e-8,5152.2334019547725,-17.002393339004293,-7573.0,188.85731887771783,0.0044050191564472384,-7.109081479247944e-5,33.054104018761976,-9.895487421469765,1.0108242185852368e-6,4.045866867334518e-8,2181.39200891011,-9.41227916403491,-2384.0,20136.633089802,0.0017551855776584606,-0.00010020850696486597,303.2385305406722,-87.55581899920801,7.823397966133062e-7,3.501883329634656e-8,-175.03094931350577,-1.2865061623730867,-20176.0,73268.82629777899,1989.6494329153652,-9.155783819041666e-5,1059.9059702392694,-377.38287689438727,7.951125742047326e-7,3.5474196602986675e-8,0.0013283381535327632,-6.01460217392477e-5,-75941.0
t106,12131.521813211953,0.000257322051563993,-0.0001664407018947897,194.16030955309117,-105.19138206293516,8.019742408308917e-7,3.714619170489348e-8,2959.99916349284,-31.489995077316923,-15149.0,4713.062529862593,0.0002254392236012253,-239.99907997483007,12.228717301601353,-7.373288316915806,7.484122893254145e-7,3.576663079302103e-8,-3228.202886183297,-8.716218426152157,-1241.0,96.42707803475997,0.00018477226422317883,-4.686087320362371e-5,9.279790758628753,-5.588633089541093,7.683900185267198e-7,3.484748045110466e-8,859.8475033054971,-19.965877321871304,-940.0,3563.6451074819374,0.00017765585394170286,-4.89300025521801e-5,18.35926901437937,-11.096727987704657,7.703287297771254e-7,3.4945799847577265e-8,-1639.5574936728146,-68.35028389664514,-1863.0,1427.2690109532741,0.00018760765102095463,-5.825629484198214e-5,2.113486185918863,-1.2439631837471832,7.646482495711798e-7,3.5024718746338855e-8,-1206.9914637841114,-8.147199907014562,-213.0,7270.843201171965,0.00022074984666878362,-1166.6991668785247,11.213962129147461,-6.752969181578328,7.701610080784066e-7,3.508740791091407e-8,-4908.505279869596,-50.09996851328749,-1150.0,750.425063634955,0.00016956844814274387,-4.0112037798867556e-5,20.779817400221027,-12.57031642391712,7.579022936338448e-7,3.6503250814163866e-8,1382.6312642473767,-88.26595867658486,-2053.0,3458.5261253923954,0.00016565686060787644,-3.524104375743011e-5,74.3775968749083,-44.932521479355444,7.755470663212173e-7,3.61999884101526e-8,4338.340196697174,-16.31152801093355,-7810.0,194.55533869962034,0.00021227507172209175,-3.639690189521872e-5,25.334886946429677,-15.288661068035248,7.608142369575307e-7,3.5782964699853355e-8,2263.2526791747637,-21.854420043688766,-2446.0,20413.81727125841,0.0002155636953255278,-986.8690188260666,232.7648228521294,-137.96276848429105,7.841666127249409e-7,3.441237199245996e-8,506.7449025358093,-10.495424029186324,-20018.0,78814.92212976639,0.00017914049439138815,-3692.998342048476,778.3003979084192,-587.2868039818724,7.937145858703477e-7,3.5674117998442925e-8,-1327.558585943642,-23.37897401257227,-73962.0
t107,12503.743737561805,8.795155919258796e-5,-229.55556163654575,226.64260589065344,-170.34067382152983,7.928960881857877e-7,3.711171974246552e-8,2959.9998032044828,-31.4899990215866,-15259.0,4943.08579840075,4.682150887490848e-5,-1136.8900879966634,10.726171644621928,-22.985649200266742,7.201460430600051e-7,3.5570877284116594e-8,-2515.7437441090883,-22.192535833893057,-1256.0,109.69448541896895,4.0327303273057846e-5,-197.26511255147526,8.201202213172436,-17.64303888475153,7.366134393414776e-7,3.465283262002562e-8,1068.1311776297223,-21.118754525523155,-950.0,3095.9654289673376,3.800259313084518e-5,-0.1386015849065071,15.051272042512862,-44.69264223852955,7.383721534071283e-7,3.4752961425072114e-8,-1101.3950769467003,-81.79041855156055,-1883.0,1208.898261044645,4.1673699022514865e-5,-44.751934868407474,1.775234718252474,-4.62970376206053,7.329238214312826e-7,3.482563698291588e-8,-938.9539307421343,-6.3379684194666845,-216.0,8135.7765466349965,4.521773442757305e-5,-1419.5737463401915,9.254556406732505,-26.302197067508228,7.374464963463392e-7,3.4895312354581553e-8,-5483.24544778761,-53.90975742188564,-1162.0,872.0152518226502,3.382970693799318e-5,-0.20869841397924108,13.015301931446945,-63.74359405906663,7.283898919838386e-7,3.628463179207067e-8,1348.9081258913034,-93.98642133868555,-2076.0,3207.466611721054,3.280889816242684e-5,-134.52059446686786,52.20913495359676,-212.95394982688688,7.458248261487859e-7,3.598268769294239e-8,5002.301386521166,-18.502621792615642,-7896.0,230.72225302839945,3.335526067689392e-5,-0.17823476015712067,21.230414887424462,-54.277000172772205,7.294820440760686e-7,3.556872278748688e-8,2295.5946916992116,-22.092158486797373,-2471.0,21380.80141544317,3.74699459495762e-5,-1886.6482740712588,218.05875221871554,-366.8809226925468,7.58471214070148e-7,3.434825337593028e-8,474.40215779293624,-10.733165188290489,-19809.0,80375.36989079758,2.6882362512135434e-5,-4608.792550302392,703.5884822989967,-1162.4952129939593,7.571909195765348e-7,3.5574551275031543e-8,-3109.9991431532903,-50.67149270367756,-72147.0
t108,12316.675316073437,8.837232331401063e-5,-268.01710263675454,272.35808158537105,-57.52617363208796,7.759612248054441e-7,3.618918195039057e-8,2959.999789337073,-31.489998914686527,-15192.0,5315.275219205524,0.00030472959811598876,-1410.2966397637329,13.31193352302098,-16.33937033391103,7.223298424752999e-7,3.571777037338497e-8,-2619.4788350213594,-22.472612613512716,-1260.0,100.48635657623501,0.00026687140626544063,-155.7021588751445,10.2026017197299,-12.30112164949339,7.417826296389781e-7,3.4807673903326586e-8,1033.3706969493699,-22.056641968273507,-954.0,2541.167417457581,0.00024669330103859057,-0.06861938362221567,20.045128171264118,-28.724959282297082,7.456914563753326e-7,3.491164847444626e-8,-557.8607420825119,-84.55847189293857,-1890.0,1530.6385982700583,0.0002895422109627933,-13.403124933086414,2.2939213441663475,-3.683382129293037,7.403523795163391e-7,3.49893958669668e-8,-1291.1311395817145,-8.715162873181741,-216.0,8019.819972635984,0.0002511368499236161,-1188.807920200162,12.174369592618364,-18.569253791607018,7.447573923550019e-7,3.5054688809960305e-8,-5603.596885545357,-54.02053419984617,-1167.0,914.8251956898154,0.004977855806292936,-0.0002217127050162733,29.7787516291582,-0.34232295048679157,7.353282304181132e-7,3.649127005962631e-8,1233.4047969520561,-94.67117780343364,-2083.0,1917.850712227422,0.006969499170816919,-0.00017476320209553706,106.58822305951449,-1.22055454384316,7.531095049882544e-7,3.6186579159799965e-8,5931.34836037966,-19.573535948095873,-7935.0,207.09260456572164,0.000189174393818651,-0.06614339502671045,27.744783193395257,-38.2236169078388,7.347282432401564e-7,3.5774631637238304e-8,2306.6652461419844,-25.21306316114693,-2478.0,21231.710646111445,0.00017096401835541562,-1603.3092250215911,270.18938754747813,-231.57101673314725,7.580799239197503e-7,3.4381142316287655e-8,-282.72193280849336,-16.298029156031777,-19368.0,82776.9596080162,0.0005005620739699821,-8408.382140444199,729.5504802603956,-1373.457598276487,7.564011469957531e-7,3.560495871725716e-8,-3109.999354720709,-50.67149467509138,-70564.0
t109,13878.634704323478,0.00010143901635699932,-1829.99880626978,257.866864398566,-250.01265757862,7.85564693167059e-7,3.628828598987238e-8,2959.9997928293346,-31.48999889226748,-14985.0,5613.282446563378,0.0003573245477075163,-1755.2518056199237,14.086901325513102,-15.283701964813405,7.237732469517094e-7,3.569700817269513e-8,-2577.4749927616062,-22.359205138904297,-1257.0,86.86541903578002,0.00031615721331438055,-90.62819329260486,10.783651441132573,-11.487275886020669,7.43637011931905e-7,3.4793265800435985e-8,977.4752880543365,-22.00920588274817,-951.0,2453.7601448177643,0.04020586890624564,-0.0002293105759455066,28.02360476050557,-0.0004810295171304085,7.499211655866167e-7,3.4906455843766224e-8,-514.0226491644364,-82.8005962619095,-1885.0,1369.8657838189554,0.0449243029219789,-0.0002571391374801322,3.2327521722917236,-0.00039907886744353543,7.440835524296999e-7,3.4980189765526226e-8,-1149.3844374570688,-7.758366980376859,-216.0,7621.927348400062,0.11942832157593558,-1166.7001601274746,17.12210396613329,-0.0004581059440447639,7.497741082755556e-7,3.506628443340966e-8,-5258.210221002206,-50.25804181879012,-1164.0,897.365090089826,0.03351748254834863,-0.0002088525161458908,31.716145511104646,-0.0007448226189778621,7.377732659780767e-7,3.649961698512656e-8,1235.6045694141321,-89.71836916654406,-2075.0,1926.3824018127318,23.27371256770394,-0.0001827719587050564,113.5362098992372,-0.0007245502725024544,7.544034333749995e-7,3.616739336656637e-8,5870.180256884927,-19.37167393133074,-7914.0,170.1392007488606,0.00021327812286665222,-0.005067669169259071,38.66424462445648,-0.016616824030181564,7.35813364850484e-7,3.576146687000116e-8,2285.789426114172,-26.57140065993403,-2468.0,21055.83267076343,0.0001721839521432351,-1517.2008807012255,305.43623250072693,-87.59879013911595,7.570567182828019e-7,3.432560958142024e-8,-719.95770132197,-19.511702423118756,-19017.0,81196.59437574666,0.0007986506739666812,-8552.229573288565,795.2073823731711,-1142.9021562489738,7.578259248044859e-7,3.555678666777448e-8,-3109.9993315896136,-50.67149495479593,-69136.0
t110,14241.869022854153,0.00010355653436275902,-1829.9992923803086,144.18434845912347,-688.5639802637487,7.853595537564904e-7,3.6307070514983556e-8,2959.999796911236,-31.489998915645536,-14796.0,6130.62984686574,0.0003454095170740878,-2333.4525157844446,13.74870795612836,-16.49606697230486,7.242317692894113e-7,3.573297296474062e-8,-2525.2122230645855,-22.218094685543928,-1247.0,105.37655015683644,0.000333541115024016,-77.55065487976714,10.52489735949801,-12.39349765567344,7.444456453266377e-7,3.482519727903254e-8,939.8410117386779,-21.798640640012316,-944.0,2466.0425382533695,0.0002746763990729662,-0.027417870252413427,22.852775097064022,-14.233917963953287,7.486252422062285e-7,3.4933046373288294e-8,-517.6967944476778,-86.93745806497103,-1870.0,1740.24508872993,0.00030836896619543394,-4.4693287445869,2.3772580773952385,-3.4181053032291073,7.427168372201497e-7,3.500490591318041e-8,-1510.5390568265057,-10.19616466650085,-214.0,7639.564167693621,0.0002780793091163087,-1172.4304973296912,13.433576304626444,-11.207908712325981,7.484093410282683e-7,3.509188306569189e-8,-5259.3654384127885,-53.994177991872895,-1156.0,824.4552692782453,0.0002369149095901532,-0.041841734292926,26.22533799120849,-20.358557682568694,7.365574064602266e-7,3.652638826213347e-8,1321.920749785137,-93.20119489496176,-2059.0,2882.5929696944986,0.00022484979026104963,-3.6393127430139316,105.60970013195565,-41.35088539630333,7.53286868736289e-7,3.6194634657934526e-8,4931.054811044442,-18.267507671151364,-7856.0,220.4413993756156,0.00019691416436495165,-0.037781890256987534,26.886789267405426,-52.917880933824456,7.361174693787499e-7,3.580617443359546e-8,2275.57227492316,-21.9449980490647,-2448.0,21205.728555288562,0.00017186337396673732,-2326.4070195556988,220.87751786059147,-688.0373440500937,7.578808308973769e-7,3.434951387452873e-8,494.42412434987637,-10.586004834801862,-18896.0,78921.73360762793,0.0007743133291135585,-7660.025938276961,827.6876112522025,-1067.72530361626,7.586794180968605e-7,3.559457303933116e-8,-3109.9992560009728,-50.67149453823738,-67861.0
t111,13466.991682352389,0.00010041254711357274,-1829.9990880572009,275.6097327891633,-108.11222338255507,7.842903482378912e-7,3.629414634003141e-8,2959.9997950097118,-31.489998907258983,-14733.0,5684.844516461382,0.0003493195112976687,-2103.41679011852,14.826593353060899,-20.42330328321116,7.214429178493804e-7,3.561854895332573e-8,-2309.1965119493593,-21.634854048028007,-1245.0,73.19927877210817,0.0003230727399426126,-105.65487856210382,11.289018620739625,-15.955984699582544,7.192461285595689e-7,3.547920837075182e-8,1000.0257109853385,-19.903468568239145,-943.0,2091.3593666477864,0.000277361230288189,-0.029628175170116004,20.523917591291344,-47.025282252308386,7.26677623275331e-7,3.560044944392053e-8,-118.514573409501,-78.31407807872134,-1868.0,1414.5923937518164,0.00030450170762768734,-10.696765896615418,2.4886074132125735,-4.454236498830829,7.1320291797816e-7,3.563303183206829e-8,-1179.965507371594,-7.964796259098385,-214.0,7271.436328152175,0.0002851797873699186,-1249.433768801767,12.705963048441925,-27.25110233195873,7.246045225882801e-7,3.5775134690313916e-8,-4812.678430051498,-40.779275563594496,-1154.0,732.3484010459919,0.0002355619339310812,-0.03826325217355093,21.563927104655708,-62.647389799417056,7.344843326749468e-7,3.639855899392104e-8,1444.6407768762017,-79.86768787422201,-2056.0,4731.624721954924,0.00021491144501094956,-53.79664239103932,71.30251505582503,-242.75351182280923,7.493832207491959e-7,3.6039682510672447e-8,3355.691510405062,-13.068808191544262,-7849.0,131.84188311839458,0.00019392292258654204,-0.04431052948807982,29.591834203457374,-50.09381815553796,7.326830381275233e-7,3.568609025866703e-8,2356.242136207726,-22.537919212645736,-2445.0,20395.088639524583,0.00017586550355587247,-1789.6470048004887,259.9202258871785,-529.9374833817292,7.58901280896511e-7,3.435936914321438e-8,413.75437367688147,-11.178925819819408,-18738.0,77000.02143305303,0.0008051938665007628,-7037.839807041658,972.4803267053906,-980.9919820784443,7.583078423044599e-7,3.56041506903862e-8,-3109.9992803789696,-50.67149470157317,-66793.0
t112,14157.194379191813,9.916513377748151e-5,-1829.999358377352,128.3212216709385,-694.0261566002955,7.847764974641738e-7,3.631355799377602e-8,2959.9998140571934,-31.48999901469175,-14690.0,5674.350495322828,0.0003301629014624283,-2464.926832063482,16.928567344079347,-33.15549287466195,7.225393960080893e-7,3.575152704119299e-8,-1929.5871542187176,-20.609913934805515,-1243.0,53.20167858451446,0.0003027275759103262,-170.49991343569098,12.800053971582338,-25.17574197983884,7.419368072240408e-7,3.486255966069894e-8,1087.3342995617943,-16.660679794681304,-941.0,2898.2650271749176,0.0002503246167504517,-0.05741461148351819,22.669423450880547,-56.122043594372855,7.479086642955942e-7,3.497576202172032e-8,-922.9852654882231,-77.76997756349635,-1864.0,1421.2895445828392,0.0002827150531639698,-19.91337208673261,2.82536212019117,-5.906373839501195,7.41831217919396e-7,3.504697827348223e-8,-1177.3483155951735,-7.947128247924479,-213.0,6127.830546046158,0.00025999963584112754,-1363.9164255427634,14.276697729851278,-33.28528664639488,7.489438222972089e-7,3.5131450214216945e-8,-3555.5991272235083,-37.306664726160456,-1152.0,682.0358687511557,0.0002225003289132764,-0.0748392246210311,22.482051500954938,-67.44678235590132,7.36417296589972e-7,3.654729611904422e-8,1486.5258633981541,-71.52238490199049,-2052.0,5763.22277310109,0.00020249068304682304,-109.3384023533277,59.768722031180886,-260.4280846258299,7.510063783023572e-7,3.619506701902174e-8,2391.6623013953704,-9.887512116129994,-7835.0,76.58898352320836,0.00019151637561507355,-0.0871410427923688,34.45523074331383,-68.09806183017962,7.341619262010789e-7,3.5838739542032616e-8,2420.148425217713,-23.00762857097713,-2440.0,20366.51344463984,0.00017222995227107347,-1683.5179752793952,343.9927353690464,-523.1880881173082,7.58528682683853e-7,3.438175012553814e-8,349.84834648242634,-11.648634366719834,-18842.0,78236.03838139337,0.0006876099007895667,-7746.908655296182,1000.8160713622206,-1944.275804348084,7.558118252573064e-7,3.562550650350076e-8,-3109.99918758703,-50.671492415138175,-66385.0
t113,13460.195861711394,0.00010371634682264167,-659.986082953704,387.6503276926102,-387.6513981496604,7.826595960185353e-7,3.622842195858219e-8,2074.0385414387715,-23.2473533207304,-14851.0,4373.088891720906,0.00023960345229300222,-239.99914717242726,24.88289317913163,-24.882851557595057,7.432052622819451e-7,3.5669390491934275e-8,-2868.112525879268,-14.977500175435067,-1250.0,48.51740485659768,0.00020352256448229682,-0.0001843324079684334,18.884901033032527,-18.884860639592073,7.40822325902745e-7,3.5556357233606766e-8,918.9841768248818,-20.5016416602714,-947.0,3250.2235041100207,0.00018495819218157538,-0.00017375089185076934,37.418197529713396,-37.418157343007906,7.48762505719992e-7,3.567428678130004e-8,-1288.59703529626,-86.62652054261534,-1875.0,1515.3308315128857,0.00020767209476388183,-0.00019987315744663937,4.370838226038212,-4.37080237372861,7.353710182652692e-7,3.57146869476849e-8,-1292.605778907644,-8.725096633089082,-214.0,5330.432089790963,0.00022000520663961935,-1166.6989822778462,22.814712285319434,-22.814673558784747,7.469663720876752e-7,3.5830881782323644e-8,-2960.497654693808,-45.23571194123471,-1158.0,537.2870321682152,0.00015537711794484343,-0.00013847465397417066,41.85541792493294,-41.85537693951503,7.572810383534725e-7,3.645818291141875e-8,1601.969105613779,-75.25619602051894,-2064.0,5147.463467296631,0.00014774886339773998,-0.00013042070809635026,150.01964750467317,-150.01960438148123,7.718728790005842e-7,3.6103240432385074e-8,2738.568753413178,-11.032281256023982,-7875.0,191.31336216732993,0.0001514317615143655,-0.00012040891614111321,50.62431929156143,-50.62427078709576,7.584624454128315e-7,3.5776634114893097e-8,2281.3066211071077,-18.620063267449222,-2454.0,18382.860420841407,0.00017786949661505495,-0.0019058092926423436,486.44386016491416,-486.44380314233723,7.863849467468244e-7,3.4417195235518016e-8,1374.6448975553087,-15.503646534435555,-19742.0,74349.6338168242,0.00017673378045079426,-3692.998358063444,1530.7236785909442,-1530.7235939711964,7.904805390895193e-7,3.56674311036847e-8,-2579.699101176048,-43.93661819733601,-68033.0
t114,14574.775033225593,66.338456142932,-0.00010665024880844747,494.4941012599152,-366.5553662351706,7.984549392428151e-7,3.6339331476362987e-8,1109.7134003790836,-9.765517788417508,-15869.0,2142.507731793311,198.6919406324145,-0.00013377480704761894,34.678451915459625,-9.207602429372608,7.552317322444801e-7,3.5753530378557466e-8,-1066.0387490509206,-3.631639491356309,-1297.0,48.218457703220444,76.394301311923,-8.335285771777079e-5,26.32814563219841,-7.027429128086195,7.538203032586256e-7,3.566444077991868e-8,842.3916800587132,-4.305072746361987,-982.0,3204.738049074271,0.00037757572587306516,-9.138310049909742e-5,51.62396272507626,-15.872992719935343,7.618353053084477e-7,3.578285032793283e-8,-1229.04931753966,-66.4399881929732,-1945.0,1616.5949566146796,0.0004032770179545837,-0.00010551676089297346,6.120892703820241,-1.471719112365361,7.480505639245993e-7,3.583019725371997e-8,-1389.8628487106328,-9.381579757934414,-222.0,5015.7524384939325,41.707697776722696,-0.0001410903200987158,31.622636081380577,-9.313011863815902,7.603803116012196e-7,3.5948077362657626e-8,-3852.563481020356,-26.206138894956226,-1201.0,764.2933010284534,0.0003467081709125756,-7.347917631260362e-5,56.18501423946643,-22.53366124603408,7.709211281992562e-7,3.657647153582454e-8,1407.9383112701717,-63.8832389986905,-2142.0,5295.616925053723,0.00033295220682388383,-7.009775859539035e-5,190.9642752909834,-117.70820114326585,7.843276639043031e-7,3.6178445437644534e-8,2806.382794722442,-11.256056886084496,-8164.0,527.8959029305854,0.00030347266564317214,-6.920823784876925e-5,60.0134681222259,-60.011279898640666,7.705224322562013e-7,3.5857887249606636e-8,2038.9399384138508,-17.8382643260958,-2549.0,18641.373238132874,1322.9291691283074,-9.810594055629555e-5,581.7177885426942,-581.7155688385735,7.938285241514383e-7,3.517916371720557e-8,1491.054727666639,-16.35925588811582,-21439.0,68824.38389349896,4250.726372532291,-0.0001017334004494226,2322.9956393646685,-125.60678208777549,8.014931939966131e-7,3.565090365856425e-8,-2158.9064561893306,-38.59256462848977,-73075.0
t115,14924.933004244152,615.365655019175,-0.0001277572965694771,486.72777007762085,-186.80753117376753,7.987947968822096e-7,3.6367572421918626e-8,903.902833871669,-8.121603855153126,-16736.0,2218.896289160861,780.4737654438522,-0.0001343618004512306,31.099797268469136,-11.878229882310896,7.548775593455317e-7,3.572943231388457e-8,-1629.1539738172048,-7.437514217149476,-1382.0,48.189511584417716,70.17164283272935,-8.348454477308334e-5,23.579826992121163,-9.071697987959627,7.536627448050461e-7,3.5640935082094556e-8,922.356876499318,-9.226076956675163,-1046.0,3186.5949974625737,0.00015531472158867584,-0.00012016700510861891,46.477208523098184,-18.75638218140682,7.619174865602982e-7,3.576937025765215e-8,-1076.0856759030296,-66.23018350956255,-2072.0,1153.0290593793409,0.0001705468325450728,-0.0001447934574773908,5.397618017964519,-2.2279726889089546,7.472150456056821e-7,3.581341334907293e-8,-913.0357337137241,-6.162997248444464,-237.0,5002.246209446833,499.4639187868489,-0.00017423894329023922,28.27416612486422,-11.936350973901595,7.598057049779761e-7,3.591588227933799e-8,-4210.452704587956,-27.59506507177184,-1280.0,762.6645561430366,0.0001293827069844837,-9.906421026248303e-5,49.96396105446949,-30.049701185944215,7.709696429624952e-7,3.656116818231233e-8,1566.7446913756767,-68.32353818542174,-2281.0,5448.1546475085315,0.00011824200188993356,-9.288764241227718e-5,177.31709366726753,-117.26726950655788,7.843596122589646e-7,3.616720096797357e-8,3205.368216969728,-12.572714099293473,-8701.0,527.8961683420969,0.00013189518132199294,-8.843865623138807e-5,65.31978998125638,-21.887957696931128,7.717794558854758e-7,3.5875264091554005e-8,2159.778172230878,-17.106216809655546,-2714.0,18295.358717832267,1501.1876868078994,-9.233591306687184e-5,578.1773693037483,-362.0852286214546,8.027483550018584e-7,3.4521750203031696e-8,1377.8890356619015,-15.527487915450745,-21375.0,69418.85290847626,6564.714711169739,-9.817065422413689e-5,2092.163278863785,-216.9417592731101,8.039612077112998e-7,3.575426254545288e-8,-2307.3117385872574,-40.4773019248278,-75511.0
t116,13730.719096488341,1658.924606834274,-0.00015325796154626997,326.9037599578029,-129.6087870514587,7.975140944265035e-7,3.631487295005277e-8,934.4277224047923,-9.366245195146652,-16512.0,2210.4767985570984,1084.8093357640532,-0.00014649991522427613,18.877092001492574,-12.993773789558547,7.770258063408808e-7,3.8071774994736156e-8,-1924.940481616014,-10.228824974430596,-1366.0,48.16142006572669,58.05500040053675,-9.754530883589694e-5,14.27047503149193,-10.074894702508209,7.665957099604384e-7,3.789865247680561e-8,935.9173649808992,-12.329268886644908,-1034.0,3244.734005261433,0.00010339176520003345,-0.00022179150502723487,27.958024745772608,-21.362003858622693,7.943666051856416e-7,3.799453318743287e-8,-1133.3412087264107,-67.9886996399703,-2050.0,933.9210906387831,0.00011524309688157863,-0.0002368130182291498,3.176331204600288,-2.6969551382690664,7.243970471601553e-7,3.793196305302752e-8,-695.7043347135444,-4.696011013799826,-234.0,5015.9774405798,942.1386280509877,-0.0002759100598469252,16.98587237887664,-13.050810133642296,7.765724304377126e-7,3.808582682304321e-8,-4663.0016105275145,-33.049245068164915,-1266.0,758.7516327259837,8.860980256521523e-5,-0.0001845715236007103,31.139486144606778,-34.26871736388508,7.992643010955395e-7,3.856596636682635e-8,1575.269405214033,-73.89171134281158,-2257.0,4796.567936195349,8.193762304075295e-5,-0.00017181115960018237,110.80472487033931,-112.39426555073776,8.431956787703412e-7,3.8321939961681015e-8,3825.641310186974,-14.619616149156947,-8606.0,527.8962385973002,8.692826148589112e-5,-0.0001682825921504985,44.570085747230614,-14.299430077233364,8.113273871447918e-7,3.80812400572899e-8,2143.9667176517733,-18.133531218844915,-2684.0,17725.92269738551,1508.914327797084,-9.424919575583522e-5,399.8215537551187,-70.15747384685632,8.02318281708811e-7,3.4553342382145725e-8,1438.4717612950828,-15.972771413650348,-20987.0,68332.62408529429,7942.025060406342,-0.00010037344511392004,1360.0917306748704,-278.9135100830634,8.021475455786969e-7,3.574800764285542e-8,-2436.7066461500704,-42.12061916461556,-74877.0
t117,14095.431765522539,1679.803028658728,-0.00021269536168599837,273.59200879707447,-140.98226881949728,8.001279164729242e-7,3.6368305732485836e-8,185.33093919998672,-5.1752606270621895,-16088.000000000002,2214.1772447927424,1312.2104601149456,-0.00015536480658621658,17.69179520312474,-14.160145850880715,9.769484564559088e-7,4.0446952515197086e-8,-2181.3491557953244,-12.570043852003288,-1336.0,48.13268705074274,79.20751584755864,-0.00010172684140506759,13.414611019837409,-10.949372480459735,9.425034122013972e-7,4.0445307307782456e-8,896.4194775319405,-15.224818083952304,-1010.9999999999999,3125.1886764745855,9.349435424766043e-5,-0.0004908826886619604,26.825808654242742,-24.406621731885977,1.0012829763453905e-6,4.029732916961284e-8,-1052.4576430216212,-72.14982383108298,-2003.0,982.4256847410775,0.00010073912215210981,-0.0005103038166971381,3.0444604718600505,-3.1406634845990093,7.673615700047688e-7,4.041139183336256e-8,-748.2781884359746,-5.0508843611929795,-229.0,5038.802704342969,986.3200404709644,-0.0005521344429062902,16.307013709098456,-14.814096837911125,9.725901689862993e-7,4.031358481514507e-8,-4753.115649077348,-35.49946131447995,-1238.0,759.3078304023777,8.099076010501682e-5,-0.0004678808118970717,28.51290558360349,-43.29473860727967,1.006938653242298e-6,4.073180264113782e-8,1545.2883279874566,-83.81393928837608,-2206.0,3480.084377045925,7.86215486870037e-5,-0.0004480293324393915,102.52264289230357,-114.60831807757114,1.0391786527340438e-6,4.0338742088354594e-8,4959.362563696429,-18.36089667730651,-8409.0,527.8963006264785,7.93336014698666e-5,-0.00045063015231051884,37.31700905868005,-16.795597616615595,1.0154024730897495e-6,4.026282531024392e-8,2097.3005508543006,-20.717892493659004,-2625.0,17176.475640283286,1525.2340562340644,-0.00010362216490026371,331.97976776603923,-64.84273199284638,7.956331427414007e-7,3.525105835074996e-8,1595.2786748100748,-17.1253028563345,-20547.0,69186.33378612083,6210.009899872456,-0.00010769101831747144,1187.9153686144057,-341.99859287340735,7.996263095338435e-7,3.5654200487449866e-8,-2543.7798977499187,-43.48045577287437,-73655.0
t118,10597.060229863542,1830.0013348710966,-7.905416429358073e-6,236.2690563284207,-1.3543516611978191e-5,9.004477943153772e-7,3.662125962538023e-8,2902.4107467736026,-30.741346233792225,-15535.0,2135.369461207047,3657.4480602617773,-0.00016101684013277259,14.586944964845143,-15.216825397563325,9.715026429791876e-7,4.0677097551134437e-8,-4476.101997947021,-22.085482849666384,-1294.0,48.13141110870371,77.72227285808546,-0.00010540725036778762,11.068565454605361,-11.288750954359514,9.334993817455179e-7,4.046047435688833e-8,876.1020889725945,-21.735482903160946,-980.0,2945.6948857583043,0.23128762756598306,-1.7736475479994327e-5,23.925344641754457,-1.580330553773783e-5,1.112058707610027e-6,4.0577202022785985e-8,-967.6297587670255,-61.22172676742718,-1941.0,833.2282966487246,78.8678955810987,-2.1108620578311837e-5,2.7434099084498675,-1.2930662488388825e-5,8.469932437516965e-7,4.05583651394912e-8,-689.1875503525927,-4.652018565844783,-221.0,5061.617053620856,1641.124656292864,-2.3377999965385123e-5,14.605652734200243,-1.5249564813094528e-5,1.075144001246001e-6,4.052589449225843e-8,-5482.525174603387,-35.82215041802448,-1199.0,757.5203160727029,0.2690316504199025,-1.725211692938614e-5,27.08318241745474,-1.60570586646766e-5,1.1194710688531057e-6,4.100048885421547e-8,1414.9397092163383,-63.812207038680334,-2136.0,4509.576582131486,231.73507606202995,-1.4969539365895974e-5,96.91930714817279,-1.6336840624968364e-5,1.1566632815923924e-6,4.0622577602352995e-8,3330.7605842370203,-10.991518916175067,-8157.999999999999,527.8967419985889,0.35342471078269483,-1.5090836464423096e-5,33.007963943438845,-1.6147834663162946e-5,1.128184251220395e-6,4.073789802170136e-8,2002.1828717892358,-24.44097218473431,-2539.0,18346.723839052524,2931.2622630562782,-0.0001317460401504357,278.75498287175424,-16.229117233039748,1.0405387624846564e-6,3.927062892767886e-8,-1919.999837278705,-19.51199880407812,-19601.0,55619.37604783701,11516.851994492512,-8.650388945409209e-6,966.5124222845134,-1.765618082245069e-5,1.1142508017628118e-6,3.912433861118355e-8,3009.048317959941,-48.78875656658781,-71063.0
t119,12592.467405401741,1720.5618737923423,-0.000422622095456896,168.29067245471114,-133.19530462985273,8.047351750763096e-7,3.720499818369606e-8,214.0293150692908,-14.15353938958927,-14548.0,2166.4766545388966,1308.5840368377415,-0.00013099142708160959,10.609589182934728,-14.235829850612134,7.540822263245521e-7,3.568388608857494e-8,-2223.0321302793272,-21.40218984360366,-1227.0,48.104382772872334,100.81105308406795,-7.96307386378556e-5,8.060985680347143,-10.675008967532516,7.535871314139467e-7,3.559593519660372e-8,802.8965130120316,-20.19784647227994,-929.0,3219.191761160219,1.786296384270938e-5,-0.0015379148444321423,15.42302617523807,-35.29936653860967,7.56178524244007e-7,3.568159251708546e-8,-1279.9504619577112,-78.36343924155135,-1841.0,811.1974792613836,1.8978376149271355e-5,-0.0016048692787461612,1.8051300519202076,-4.040295835600898,7.444326547610784e-7,3.574803963176053e-8,-594.9448438043896,-4.015884279777819,-210.0,5038.85845042662,1077.3296894117611,-0.0016104145667698313,9.481171101252832,-22.055866459863903,7.538524735585604e-7,3.58068672486615e-8,-4920.542165081956,-46.06966949190698,-1137.0,758.8398188621485,1.582709316320819e-5,-0.001246904095015154,19.526028362372315,-6.210760772697634,7.664348999099518e-7,3.6468041565947144e-8,1342.6870998758145,-88.84095578035091,-2025.9999999999998,1142.4879792365834,1.6730524609689197e-5,-84.92411077637708,69.86987733495971,-34.58366015268456,7.839580082891605e-7,3.6124745138894625e-8,6664.828836686615,-21.678939191777676,-7736.0,527.8962530051448,1.6804696689691276e-5,-0.0012786304470709612,23.793112518193272,-22.022876731066155,7.648142728942141e-7,3.576072205916402e-8,1900.2091209919452,-21.874348445286184,-2408.0,15385.917469601634,1542.9984930401238,-9.676297881347335e-5,197.67855953408335,-66.16406863476762,7.883067561615827e-7,3.51095011400693e-8,1203.8177163026319,-14.248072507893651,-18250.0,72401.36896920095,0.0001765544763825056,-0.00021288426428814363,678.8408925357389,-2612.5393338202816,7.872594238252249e-7,3.549420038986986e-8,-3109.9990008149443,-50.671490276245535,-67307.0
t120,12642.629133436489,489.3338536466092,-0.00019837967113473572,110.8898071378471,-238.03234373645552,8.057214432387292e-7,3.718422336001747e-8,227.42459731404665,-2.244849779547559,-13230.0,2137.6879736989526,466.93125641481606,-0.0001334077751654968,7.656564079652211,-12.47586323292069,7.46235962065491e-7,3.549004574864477e-8,-1439.5131093499506,-19.286688597734198,-1141.0,48.07582370169091,87.42964758694342,-8.29339584698082e-5,5.8088192173089706,-9.38721728597546,7.450166889812035e-7,3.5358536164805225e-8,746.7005654636849,-14.627556261763996,-864.0,3311.0139370635006,8.793373806764456e-5,-0.00017027753687996435,11.500618724123765,-19.70841914112018,7.504209502746331e-7,3.547412510909468e-8,-1518.120012802684,-72.68604195081913,-1712.0,817.1341704073707,9.931242112997486e-5,-0.00019186934169599545,1.3169618863705448,-2.3642903002514566,7.388994879984657e-7,3.552925549023122e-8,-615.9292214144456,-4.157528521932475,-196.0,5016.089079820187,935.1309856880587,-0.00021885768807610725,7.019469656934083,-11.842041488179419,7.490099054909044e-7,3.561873333320785e-8,-4850.428741757531,-38.9685335725581,-1057.0,759.64172984195,7.151867655478068e-5,-0.00012845443214224691,13.019122223287507,-3.467497929918403,7.592618240656661e-7,3.6210427060015406e-8,1205.2044561254386,-89.39775379899899,-1885.0,430.3817988085139,71.87904019809136,-4.9210910721088026e-5,46.587301803458196,-0.0001551020916870241,7.814130405767504e-7,3.5883657232017424e-8,6664.831006596663,-21.6789431838453,-7192.0,527.8962674784399,6.899156443141554e-5,-0.00012790649094259748,15.865400291054591,-22.791479324148074,7.588555357687765e-7,3.558896844092758e-8,1732.4776914575605,-13.447821468148874,-2240.0,14506.389315352119,1510.3656153307486,-0.0001486745704913161,129.84982200410627,-257.5199090003345,1.0393880877696908e-6,3.9295112361802174e-8,957.3518507480301,-12.436545874654701,-16834.0,68107.74035969538,0.0002605921360095173,-0.00025555839885190617,463.6776609579315,-2291.747452130181,9.879864581844706e-7,3.872166325261955e-8,-3109.9990823808116,-50.671491167975546,-63119.0
t121,12425.771995503304,0.000846369656549668,-0.00021975026457295483,60.65414134031194,-325.58519095995655,1.041031280402022e-6,3.945874042257086e-8,-61.04792935201933,-0.7936432602292471,-12099.0,2096.8772404931983,211.26931861352907,-0.00012844945351015788,4.324919860602093,-7.46640600866144,7.591618323310069e-7,3.586303720289867e-8,-1240.2562497065671,-18.748695210860465,-1046.0,48.04744883486941,125.035212553359,-7.45799614039091e-5,3.280762727954893,-5.542224850654224,7.580010764353259e-7,3.5729118700152094e-8,634.853242314412,-13.67436752475892,-792.0,3591.005685741311,0.0001237593076221519,-0.00011931038506440195,6.498058206044837,-11.963717432149682,7.619409975289157e-7,3.5811297398714966e-8,-1940.5008726936096,-75.03915872733312,-1570.0,891.339938365949,0.00014239586969046282,-0.00013289090665474627,0.7419251200133374,-1.1327571841001722,7.510914216268855e-7,3.584438127699387e-8,-707.175674803883,-4.77344150797927,-179.0,5009.554260647875,45.09658950866056,-0.00016648390247271704,3.9645058299938967,-6.824826186698666,7.60568833081287e-7,3.598610764506591e-8,-4044.558942242084,-38.23142159132949,-969.0,758.5313750680983,8.995315861833317e-5,-0.00011236995649732643,7.356704771652925,-21.8220130540663,7.693895075052157e-7,3.660154039375642e-8,1072.6273053561401,-88.69335020191266,-1728.0,762.5845479212894,6.550235404629e-5,-0.00012686868362265467,26.321224152310677,-70.04662317214641,7.846205348849149e-7,3.624176324337194e-8,5893.081151858334,-20.940239503387804,-6591.0,527.89618582961,8.55280386756229e-5,-0.00010985543605898076,8.962683313952176,-44.26749319920509,7.687853967639858e-7,3.5945612260042925e-8,1582.981855914598,-21.57320802108363,-2054.0,14119.457089442205,169.42138568464858,-0.000147956948435051,75.19375415565962,-392.555368369356,1.040454934064967e-6,3.930187622493254e-8,1919.9952562603962,-19.511969339405816,-15872.0,64009.54932931745,0.00027262362232480415,-0.00023185227720054068,282.7225468952732,-1062.601282416295,9.905859113553194e-7,3.8745059038986964e-8,-3109.999142905717,-50.67149159488436,-60069.0
t122,10484.97177183095,0.0001614916844418954,-0.00036821115307945966,32.10610564000514,-364.2543062799391,7.925573393879678e-7,3.640060518803091e-8,1201.7520821642572,-10.57544665024516,-11344.0,2062.3091063667252,0.00024268125664953817,-0.0002716421513722922,2.9363546353264507,-15.868091432203503,7.532927787008677e-7,3.5837024884987355e-8,-1057.1231050644353,-18.25423594837465,-974.0,48.01901466953365,0.0001233514349308755,-0.00017429176792620318,2.227138797566069,-12.042995792980722,7.763791747656114e-7,3.4953550477264213e-8,711.7416989499441,-11.944806194387212,-738.0,3580.4238611031374,7.350971225120175e-5,-0.00046659668784700695,4.412948226016993,-23.81747943647578,7.796624593288684e-7,3.50633449589125e-8,-2024.4659889308077,-75.55294831925117,-1461.0,1106.262442810261,8.159317059092809e-5,-0.0005091389482099041,0.502407265477199,-2.748892912178769,7.742728242917686e-7,3.512600776766961e-8,-930.733075459575,-6.282454653764117,-167.0,5009.656966231037,0.00017062354865780662,-0.0005412660615820269,2.691357595744801,-14.553000953573942,7.827500020000477e-7,3.52290923677074e-8,-4052.169428354037,-42.62552438274692,-903.0,760.1716368668093,5.882676210120447e-5,-0.0005027535915200895,4.996474205314308,-26.955545097662355,7.650426261741629e-7,3.6629650906612105e-8,949.5204693494159,-78.7325918682305,-1609.0,883.9241852480669,4.919946589403119e-5,-0.0006371612907131212,17.875498988881453,-96.49273669350521,7.794302943709257e-7,3.626610482757428e-8,5347.339893027515,-17.64625271096948,-6135.0,527.8958430182337,5.618381694156893e-5,-0.0006706594172410135,6.085905290127751,-32.87139810028052,7.63772526118302e-7,3.594205429096006e-8,1429.3358326239384,-16.44556884344815,-1914.0,14078.345015751913,0.0001545829895244055,-0.000320325709008146,52.19059010998031,-290.6552027236277,7.856102787370708e-7,3.520659049508556e-8,1534.8005523932222,-16.680789191555796,-15358.0,63134.2212922012,0.00010872978280739851,-438.21273428629183,163.7922527938725,-1121.1304984530473,7.876282228884269e-7,3.561556850932906e-8,-3109.9989306994376,-50.67148990806132,-58578.0
t123,9355.855155994645,0.00016215819618421173,-0.00029307393323116273,12.323117710181405,-144.11067324680693,7.914541077209532e-7,3.638678314700446e-8,1754.9572717421022,-16.024741297553394,-10963.0,1892.9537620181031,0.00021568792624029003,-0.00031452793160593616,1.1816715099123771,-12.272498818039322,7.517210590237742e-7,3.580380074566179e-8,-933.9411922170428,-17.921644053635355,-930.0,48.0191643295608,0.00011276413986474115,-0.00020484201835074356,0.8963388682110836,-9.314539293916233,7.736958503606405e-7,3.492418551154779e-8,675.5979113379376,-11.198783607379456,-704.0,3872.595280332268,7.684846756181295e-5,-0.00043542275421656933,1.7755457481169272,-18.418946444889947,7.762118842103372e-7,3.50275519418027e-8,-2382.629567513968,-77.32195392311871,-1396.0,1167.326515128503,8.70443514634571e-5,-0.0004631663472684608,0.20254457284567204,-2.1280554635112696,7.712482043531177e-7,3.5094646899977956e-8,-999.6529644634036,-6.747664080562197,-159.0,4986.8895384511325,0.0001587879123846785,-0.0005241198308324185,1.0831906335316046,-11.255951909787973,7.794968877731331e-7,3.519862934621214e-8,-4067.1113475931415,-47.60506468802901,-862.0,763.3595489993533,6.249613701143308e-5,-0.00042280783581028034,2.010198316644664,-20.845128833645365,7.629518016281639e-7,3.660314855270278e-8,872.3370863078848,-79.86134494584437,-1537.0,488.70215647534724,5.512367439685724e-5,-0.00044245612674835317,7.192795227583207,-74.62106994045612,7.773444765864742e-7,3.6250143490929834e-8,5458.740373947169,-18.013868477565723,-5862.0,527.8956268623748,5.8150647522117404e-5,-0.000563383627930256,2.448731258476705,-25.42189126080933,7.608530036687791e-7,3.588837627215992e-8,1337.5484991898695,-14.470461300205333,-1828.0,13889.463893726535,0.000160780078711673,-0.0005492916037387588,21.632943199703572,-222.6020793120476,8.580841975178622e-7,3.8291661009316956e-8,1394.1526638393298,-15.647032719756998,-15067.0,63368.850778096705,0.00014045090949942187,-1640.6944786494757,67.15692146369838,-822.6431386921913,8.244480774457905e-7,3.8356302238516755e-8,-3109.998734576739,-50.671487705442594,-57812.0
t124,8229.926313353375,0.00016586319647751967,-0.0002600603581915078,17.72831159456519,-100.51860443643805,7.891438701181159e-7,3.63367976265707e-8,2640.196651042461,-27.332577174529447,-10760.0,1811.1404313269736,0.00020269712710038238,-0.00032463148007717336,1.5511015378706647,-8.31677545414856,7.488990853567397e-7,3.5714001469930115e-8,-879.5997144098276,-17.774921464821983,-907.0,47.990692505867784,0.00011214248136093963,-0.00022488691424212996,1.1765391623124715,-6.311436121718511,7.477230879760065e-7,3.5599726566441544e-8,655.0359254160976,-10.891608668531848,-687.0,3996.31505524886,8.668344477483585e-5,-0.00032435897392829805,2.3307972391815466,-12.484548777856201,7.517168501923361e-7,3.5718845424481976e-8,-2544.2544771365397,-80.9065892798121,-1361.0,1428.014222750901,9.85210369234392e-5,-0.00034621415482147147,0.26571053887919016,-1.4390455332253353,7.41800465256901e-7,3.57490832334973e-8,-1262.3199740239295,-8.520666470802103,-156.0,4975.741970857289,0.00016304956769230732,-0.00042012878276290384,1.4217676598583946,-7.6274765469956405,7.511137077156048e-7,3.5881991776914075e-8,-4076.718180980639,-51.817824353576746,-841.0,764.3603135927733,6.914864374833464e-5,-0.0002854051450861625,2.6389024480472116,-14.12963066624427,7.598599860097445e-7,3.6496917886171265e-8,833.9784699853179,-87.84783956748096,-1499.0,562.1833792535571,6.182119549529637e-5,-0.0002799213029064725,9.441528396069733,-50.58701005968236,7.737712713065407e-7,3.613913831511687e-8,5209.152549097002,-17.190228683836246,-5713.0,527.8953914726187,6.228955639570925e-5,-0.000410747667868803,3.2144289317653096,-17.23221559310234,7.582213550319452e-7,3.580392643510431e-8,1289.2061494244222,-20.08340625805804,-1783.0,13953.859130250808,0.0001742307943089818,-0.0007868737872414469,28.907139324423145,-148.53373038318196,9.821470896077166e-7,3.9307109321176465e-8,1245.3211959178877,-14.553122463285309,-15065.0,63105.166041031596,0.00014833240396929488,-1802.3363923550808,89.25555685937145,-478.41527353281776,8.9425900412702e-7,3.8949344050995987e-8,-3109.998594332253,-50.67148571300376,-57753.0
t125,7842.688732922502,0.00021381266675627106,-0.00024783856010508764,18.56677440923027,-97.76203070745825,8.551590231676962e-7,3.861505859212104e-8,2959.996524646891,-31.489967370590474,-10692.0,2016.5024206752564,0.00013597424651759117,-0.005204907711931786,1.264018980438954,-11.179134938090307,7.49846664319401e-7,3.580994315682077e-8,-1093.2305804069213,-18.351655777069347,-895.0,47.96210110911364,6.766135914909695e-5,-0.004990713826606323,0.9588439437442309,-8.484217722734911,7.728160254279479e-7,3.49343466207326e-8,649.0796119785438,-12.51141669888044,-677.0,3997.853232984629,6.362072229691074e-5,-0.007775359706439683,1.8691001657515103,-16.749315580758047,7.743613156753197e-7,3.503005273633998e-8,-2554.249392985657,-85.7159132182719,-1343.0,1648.9938532044307,7.15991003080127e-5,-0.008476563075072848,0.22208188886127686,-1.941778260840017,7.696372328571035e-7,3.5099477699093493e-8,-1483.2537820269995,-10.011970267941981,-154.0,4903.858724050597,0.00011751016021818254,-0.0083819335108444,1.151778239824322,-10.245984525345875,7.765305400868556e-7,3.5190348301064445e-8,-4009.5168474512902,-56.23940632582971,-829.0,764.3665299886708,5.32722777649389e-5,-0.007620665789086406,2.1647741105098817,-19.004542800497408,7.591719433225661e-7,3.658397269842211e-8,822.9304939808997,-91.44968835030701,-1479.0,665.717786020279,4.859315500213666e-5,-0.007829464086566257,7.632844453007849,-67.92504712087796,7.74113169713705e-7,3.6255083132899866e-8,5048.236376703713,-18.654179282261808,-5635.0,413.5469246628546,5.965317717602421e-5,-0.0004755504783692551,2.7777536548083326,-23.315733025821295,7.588201478516299e-7,3.5860512618790856e-8,1393.865035668501,-26.873565542682748,-1760.0,14159.421187027747,0.00012094467247555429,-0.003811247658773709,25.142039497126678,-204.17779213145926,7.769795217317666e-7,3.5047552750619455e-8,1376.1328560788063,-15.514599593106038,-15341.0,63415.55873905273,0.00012997149310956118,-925.6708635592786,100.29286809725929,-349.51920943242726,7.800744634952366e-7,3.541483877039709e-8,-3109.990296186488,-50.671367562645216,-59080.0
t126,7852.1234330680045,106.84053578191426,-0.00014386457522689075,50.097167816217755,-9.569702171951793,1.0395617876497636e-6,3.954223622063764e-8,2959.9987008809762,-31.489991684153757,-10928.0,2204.2773168104504,0.0002489351955390881,-0.00024028375038671955,3.3073526847925065,-1.7588053590103743,7.53487905748436e-7,3.582783009581766e-8,-1298.3203206523006,-3.5055525396114557,-904.0,47.93356737389731,0.0001301025811915721,-0.00015210749805942062,2.5179167761785313,-1.3421771490349754,7.743709674811666e-7,3.4920186397372534e-8,641.5160503411315,-6.625335717208937,-684.0,4050.8402633898886,0.00012188282419877373,-0.0001542095638676336,4.96751979006908,-2.6432827935896532,7.759671820644106e-7,3.5018263899368497e-8,-2630.526276482757,-67.63819189622919,-1355.0,1736.3181311762994,0.00014009800258606115,-0.00016969008382251396,0.5728538175728739,-0.3012326992736177,7.707574772382292e-7,3.507770096605536e-8,-1570.9855639412508,-10.604159124585866,-155.0,5021.3802510441665,0.00021934367239864524,-0.000249165256317795,3.052344316435947,-1.5397392322605705,7.785218665256044e-7,3.519354005791815e-8,-4140.850954923487,-45.041871756066485,-837.0,764.3148403365892,0.00010505335147161532,-0.00014114325040223745,5.605637327419411,-2.8821917573959492,7.634040977556195e-7,3.662673266397206e-8,809.6519464666608,-82.69019675048368,-1494.0,1342.7760647042076,9.61538457770378e-5,-0.00013203981492154667,19.903864918284032,-10.385498790903505,7.782697571484899e-7,3.628989030790491e-8,4345.484079353227,-14.778474401118226,-5683.0,527.895469891387,9.169603149260999e-5,-0.00014684465536879624,7.836116427908598,-0.00797097026085101,7.625899092429233e-7,3.5943371167586324e-8,1268.4093207575424,-25.132881441929612,-1779.0,15071.004839672323,0.000145727509331226,-0.0003034867563133794,75.9447088124171,-0.0017661307973706056,7.860771607643705e-7,3.5170850195923654e-8,1228.481725341696,-14.429349293062103,-16361.0,64079.2203614227,0.00019590951023738633,-0.00018144463812063465,242.1516695310624,-145.81353440504617,7.919760296736495e-7,3.556025076165831e-8,-1612.858707141438,-28.699803450092134,-62534.0
t127,8149.940645211405,1331.018286312334,-0.00014496365505401693,134.1801826312768,-9.555435643547675,1.039371740519574e-6,4.142344491153242e-8,2200.0268416238887,-21.61037572370568,-11784.0,2397.466237658609,0.011395773430956825,-0.00013554200781879083,9.003280313645702,-0.00022204613828986705,7.548308334142641e-7,3.575005979837196e-8,-1451.5612768126637,-3.919279813576956,-951.0,48.20559717644517,0.011033740497154363,-8.312443012956295e-5,6.8284714571190355,-0.00021998934471724232,7.52008368001969e-7,3.5618965221528486e-8,672.57464207155,-7.619441914408848,-720.0,4156.137675455302,0.00780702117500035,-8.049491739564265e-5,13.531997882694576,-0.00020213846285709687,7.529245354415349e-7,3.563834363750819e-8,-2684.8690491182965,-57.80814913184457,-1427.0,1780.056901856414,0.008471129707338525,-8.631671798825127e-5,1.5390661566483297,-0.00019610417418419314,7.437173578118116e-7,3.572202038694012e-8,-1607.7518251180995,-10.852332145408784,-163.0,5044.524512460024,0.00859656103459382,-0.00013587936950427732,8.251450630116487,-0.00019380113677431188,7.540175879728792e-7,3.592480218333428e-8,-4129.806301016289,-41.977929523098304,-881.0,764.7792033804604,0.0075849605609840205,-7.585127886093363e-5,15.32202983291504,-0.0002006059055767095,7.613645944702433e-7,3.792573932590484e-8,875.7564086838712,-79.86495101475468,-1576.0,1960.5803159495447,0.00765639809388939,-6.289542319164778e-5,54.808170575616515,-0.0002108902414531803,7.733283805478852e-7,3.5993692169376135e-8,3969.2390786497613,-13.634947960253177,-5971.0,528.6416107851431,0.00204084895006905,-6.47853120724453e-5,18.660034032498235,-0.00021041012015520156,7.612209273302583e-7,3.5763026283396216e-8,1354.073842769151,-20.377253786738255,-1881.0,16033.987033591995,160.3832375774305,-9.459151547999364e-5,192.1437263460261,-0.00015391870926827143,7.922376266802291e-7,3.521958965365428e-8,1919.9982403805107,-19.511988750970907,-18287.0,67757.86899633032,1235.166857576324,-0.00011124562909757423,700.1099173962242,-0.00031716216768447184,7.965752728050612e-7,3.5603938679215814e-8,-1117.6806021133855,-19.46474016093362,-68556.0
t128,9619.080123855214,694.2548212374667,-0.00010777038787674824,240.1356760861195,-6.979372476972039,7.920049207879753e-7,3.6282770484189484e-8,2959.9988516141148,-31.48999252523084,-13475.0,2366.3144534164308,0.001014885058529364,-0.00014288339352409537,15.640013373729028,-0.0008388425030417339,7.563380727248853e-7,3.583874587936074e-8,-1303.435265416104,-13.519234948305238,-1065.0,80.27301633197484,0.0008693228139776686,-6.890699359418538e-5,11.863716590645417,-0.0008136314495978241,7.749978114366701e-7,3.489916971517945e-8,716.6453065144767,-2.7820266096461768,-806.0,4063.90100784985,0.0005316927326734655,-7.337416488563763e-5,23.500244024903978,-0.0025691128794793116,7.753136840483473e-7,3.4993971748078425e-8,-2450.5351638472544,-39.86397755122138,-1597.0,1562.6303666884914,0.0005513214925324264,-8.336787353433578e-5,2.681218331925304,-0.002055246574535748,7.695594086958694e-7,3.50433323126767e-8,-1374.03525382244,-9.274744274508501,-182.0,5071.974394484749,0.0005709908196918391,-0.00015036508578244805,14.336092053817428,-0.09275967834020718,7.757178874788102e-7,3.51400601157241e-8,-4072.2932827600184,-27.924865103225486,-986.0,836.9757242673976,0.00043557312319609484,-6.21103887143736e-5,26.606233341618697,-0.09647815017947312,7.653591375998008e-7,3.662736276695111e-8,952.9470508843159,-53.432904281609595,-1763.0,5272.598161208655,0.0004150323146625579,-6.067566714332928e-5,95.18784666673221,-0.11002928099088959,7.811485147404012e-7,3.630568970962521e-8,1324.6951854948743,-4.371518558093945,-6688.0,426.6287650045796,0.00034524457741432163,-6.170164039882946e-5,32.41179848643352,-4.622826957931375,7.651663326596326e-7,3.592706664571508e-8,1668.2966065113415,-19.714627018229628,-2103.0,19002.969304589566,0.0002228859492565866,-0.000163126302216945,322.47982937253823,-42.44663981159979,7.900961372198993e-7,3.451678267936346e-8,-0.002511131882962938,-4.2135315512968625e-5,-19283.0,66695.0556334581,2833.4116066838837,-9.598451782170775e-5,1136.289195452708,-0.0003227233374906939,8.000491570470295e-7,3.571947769642175e-8,1577.7184759585755,-23.47449209164221,-72219.0
t129,11402.303633226613,0.0002852792103563938,-0.00017478449701120656,256.4291575909335,-77.24197821450848,8.590015800058561e-7,3.872987109831673e-8,2959.999071085662,-31.489994334997412,-14510.0,2691.1503538694847,0.0004611005460757648,-239.9949537505451,16.81989774759972,-5.923285659195167,7.418472757141652e-7,3.627531297301209e-8,-1300.5408994259647,-3.5115742968569603,-1158.0,113.70216283159021,0.0004223858310494838,-4.0987473674997946e-5,12.760071133068545,-4.490175423915161,7.380109716423538e-7,3.607553423994686e-8,761.1014233056445,-6.0738636688407075,-877.0,4022.8278649178496,0.00041879483768730185,-4.688786404199211e-5,25.26753127067854,-8.912120002743718,7.476802763864343e-7,3.6175880252645246e-8,-2241.7278915457423,-58.45575691166224,-1739.0,1528.119025331868,0.00043039141587886056,-5.310889900559936e-5,2.889728295957128,-1.002013925155373,7.194483282105091e-7,3.621441575999762e-8,-1323.0763442974219,-8.930773132026166,-198.0,5387.300488153854,0.00047417987614430845,-1166.694487723906,15.419347425550509,-5.425756638655152,7.394542281148628e-7,3.6404506834185e-8,-3127.67541654324,-29.924649267248146,-1073.0,511.2150207009716,0.00040901237526515906,-3.890184716998928e-5,28.60492250972596,-10.094675204867748,7.492430428277925e-7,3.6848104601475985e-8,1449.9426340629932,-63.668272554463044,-1916.0,5696.582756867753,0.0004077657879864505,-3.5996404957221014e-5,102.35109536568768,-36.08925679526405,7.786298663163368e-7,3.6488800173176024e-8,1532.2063082180334,-7.051275558781512,-7288.0,181.40910375029466,0.000376550326137602,-4.548634126637437e-5,34.85421173809669,-12.28134653641982,7.567277190225168e-7,3.621530598018468e-8,2098.7106218513245,-21.69292236034912,-2281.0,18367.870190247802,0.0003946770348850613,-102.14689310705197,320.42998789866596,-119.10240102160466,7.709501305844051e-7,3.49896835160113e-8,671.2826556907966,-10.333933580892241,-19128.0,73847.14785523844,0.0003303832237813573,-1670.0140978502732,1115.9648446068106,-486.6506428507159,7.769168125440721e-7,3.536582633207396e-8,-1480.2221624020863,-26.226126456308847,-71300.0
t130,12613.825122764983,0.00010012992939218001,-973.9504660631179,196.28697685824156,-115.67155096515651,7.947969849284002e-7,3.7136086721558155e-8,2959.9998165453594,-31.489999081419217,-14649.0,4824.79940874471,4.6750753809498706e-5,-240.0013999478764,12.655114065981808,-8.04353942227821,7.164965823642951e-7,3.566960241390799e-8,-3390.75650509387,-19.65312536779349,-1179.0,115.38736518017883,3.798890179766833e-5,-0.0014190362889471297,9.603180430982986,-6.096748149228539,7.343855267480109e-7,3.473530830506845e-8,793.7730355411808,-19.665452262996183,-893.0,3247.5843675174947,3.9003079547486856e-5,-0.0015359499710993472,19.00014555663124,-12.105357782836666,7.353051103547141e-7,3.483151289800887e-8,-1408.6510804192817,-76.8265781643789,-1769.0,1194.3518868276283,4.2831536107071046e-5,-0.001609341140621726,2.1863699898631537,-1.3573456076272197,7.306103148574433e-7,3.488482599736753e-8,-982.8628527183704,-10.316492272092583,-202.0,6591.470752777728,4.5687453702701464e-5,-1166.7014765297881,11.604805003357297,-7.366880694979528,7.348099565284079e-7,3.4979385205925256e-8,-4283.828069079334,-52.17917747784293,-1093.0,440.62565564672684,3.296076879239169e-5,-0.0014564183954271783,21.505422162098572,-13.71291306759878,7.246950731272982e-7,3.64205077754989e-8,1580.8699461012498,-82.28668772104,-1947.0,6268.847974967684,3.077390895872668e-5,-0.0014288365514270854,76.97463329376062,-49.01467063157987,7.413763183676493e-7,3.61205549554822e-8,1156.073098537608,-15.879638184514086,-7437.0,185.93755767488392,3.065360789982606e-5,-0.17114291047183997,21.1399112091882,-42.39504394083531,7.337681263269173e-7,3.573047308249295e-8,2171.6699899250775,-21.181303000841286,-2315.0,19890.722035892974,3.12224745469887e-5,-1710.995082108406,194.56947690799768,-283.80274206213926,7.564853014236673e-7,3.4374421411716635e-8,598.3285881226933,-9.822307062086672,-18679.0,76190.44342093226,3.471066563270485e-5,-6819.659809289469,565.6118957886359,-1439.3094445746026,7.457957775802877e-7,3.552569638060491e-8,805.3840325376867,-41.47012932479693,-69261.0
t131,13489.001060783505,0.0001049801925871348,-1829.9995844070388,227.5934321765971,-125.1048393766315,7.822065558786339e-7,3.622642047058458e-8,2959.9998254411585,-31.489999053447015,-14690.0,6295.823824860363,0.00033011125933028913,-523.0114686316155,11.099226235164494,-22.591618538937798,7.153614296879933e-7,3.566524996507753e-8,-4548.279310003108,-23.040984298513848,-1190.0,98.07612057157434,0.0003019183195577356,-143.92767320661264,8.456049320323945,-17.20182885330015,7.326178850257381e-7,3.472652564072075e-8,978.2878840732105,-22.690854124876807,-901.0,2555.8393983420942,0.0003398825509957453,-0.15252502959081166,17.62797606592232,-24.59623600120018,7.344689307624699e-7,3.482750430630965e-8,-666.627583809386,-97.09136968798327,-1785.0,1010.496410025711,0.0003807688593827401,-30.788795597301707,1.8897685745568367,-4.341555506465591,7.295560259371386e-7,3.488009530280132e-8,-760.1784285121809,-13.077780038217076,-204.0,8029.7701054092895,0.00034333885604213133,-1206.317696326482,10.478528850885583,-17.067017083685023,7.346524815709422e-7,3.498754220360667e-8,-5651.739291960195,-62.12497251867281,-1103.0,477.1426779889582,0.0002883787800462724,-0.17037129029602294,20.14583107290526,-27.815918475378894,7.247548774820812e-7,3.64237938148969e-8,1593.2377453701636,-97.54025337277155,-1965.0,6135.122004135252,0.00026509145923584685,-34.24389616982731,80.42216201664112,-70.92313055370448,7.410218959899336e-7,3.611857873853651e-8,1415.3014010734646,-21.678805668243466,-7504.0,138.1076643858735,0.00020436948267477323,-0.043163916838044,28.546812614699096,-16.314407157801007,7.356970930292649e-7,3.572897017896425e-8,2207.144935135761,-21.442045826601756,-2336.0,19900.26669613924,0.0001865848069156371,-1940.8141068092825,215.01407352153495,-373.23742881473123,7.590016667337156e-7,3.439447622314823e-8,562.8536286872895,-10.083048436398304,-18354.0,72999.91612479542,0.0017396721147070477,-7113.293932135567,769.2852936465813,-975.2369308810848,7.628558458851879e-7,3.558076188801634e-8,1909.9991945038228,-50.67148864347936,-67540.0
t132,13596.623737107642,7.024916997404391e-5,-1830.0003847136718,214.12360577050066,-291.25682474241336,7.787754276757832e-7,3.628672122673011e-8,2959.99979550733,-31.489998880170095,-14618.0,7532.1081196840605,179.88671288761003,-2697.177982784534,13.52384900979561,-16.973675182434306,7.15453218872543e-7,3.568150934266814e-8,-3791.3260451356246,-23.040978746075297,-1197.0,98.33845049822371,23.30269317664561,-194.51445978718567,10.31686295550891,-12.880731113762192,7.339788755232133e-7,3.476487891113677e-8,1004.1280253602238,-22.69084145736122,-906.0,2733.300571497523,0.03555351786815984,-0.08701987006045607,19.42390395187796,-33.533354624227265,7.359873797573613e-7,3.486580387626711e-8,-827.048298561426,-97.09135620483552,-1795.0,1048.6567013387653,8.778833659036264,-42.00625212674321,2.278786216531126,-3.216220931053869,7.313040813574633e-7,3.4924936695448304e-8,-796.4140691890107,-13.07777931892928,-205.0,9076.44634641288,14.466165564165431,-1462.2109826342448,11.921329216101574,-19.543946054258083,7.362735196732465e-7,3.502890513782915e-8,-6449.95394236169,-62.12497050317939,-1109.0,487.7093555331716,0.0344916734343621,-0.09805659136022057,22.085231241569627,-38.24480091162633,7.251985325708215e-7,3.644343839738311e-8,1600.0540306084247,-97.54025188393877,-1974.0,6136.116378833006,9.417002745519886,-139.78127658028816,80.93728620219248,-136.5736401661743,7.414301199477579e-7,3.6130742307965905e-8,1620.5630542562637,-21.678805367965275,-7549.0,138.44617519031087,0.00019922352575855816,-0.034123617293668924,35.412520316089854,-6.387698595847253,7.358935983379788e-7,3.573931912355903e-8,2198.9447002905704,-21.38177320076436,-2345.0,18995.69543804508,0.00018483696436224416,-1623.183688928675,263.08012877732,-226.62324520089754,7.58805390208703e-7,3.440286557964129e-8,571.0539600554076,-10.022776722132086,-17970.0,70130.56765628343,0.0006470681206541196,-6295.586822643991,877.8704623585205,-688.1792449264098,7.546890546977926e-7,3.557577178671688e-8,1909.9987891695296,-50.671486594040594,-65884.0
t133,13681.874572367204,7.931971945667485e-5,-1830.0001598667168,190.36784719665528,-557.7521345604948,7.792781752376307e-7,3.619359415617099e-8,2959.999794857765,-31.489998875473656,-14413.0,7804.68829494777,818.7887273619597,-4260.217854224151,14.238324596957366,-16.249453179734985,7.155370168763567e-7,3.562698364351012e-8,-3144.207060581792,-23.04097918910382,-1194.0,104.49172717169525,27.181595854607927,-176.5989659167692,10.883017124958428,-12.38097673284732,7.347983338385197e-7,3.472006878381214e-8,973.1144426809615,-22.690840552228863,-904.0,2881.9993100115444,0.04379826710870854,-0.05808333082932849,19.834948308891818,-34.607968710694344,7.367239736280961e-7,3.482103888247776e-8,-980.1206544693464,-97.09135038410221,-1790.0,1183.174149046393,16.472098858912382,-26.018598881048856,2.35689745293507,-3.4431136756411176,7.322537991539361e-7,3.4884275467532397e-8,-955.4636544357518,-13.077778719486824,-204.0,9226.647379417638,115.98885271263286,-1414.1131669297386,12.228228723574098,-20.265192908056395,7.372087436464171e-7,3.4987538243491896e-8,-6751.361133947814,-62.124967432974934,-1107.0,525.0411597398426,0.04289281718315563,-0.06034787816731277,22.485989890028506,-39.49450181094053,7.257975326544976e-7,3.640889102698161e-8,1557.525054871749,-97.54024796121512,-1968.0,6039.840423065578,41.11163981847786,-90.17182832022452,78.72702618297028,-174.34427491768804,7.41945718577096e-7,3.6090607192329815e-8,1660.515818604118,-21.678804509585216,-7534.0,154.45194996567582,0.00019601444534734697,-0.025949365663305107,37.64534049389657,-6.874822711719325,7.365524842379938e-7,3.568652948089713e-8,2174.001727647419,-21.19844243859449,-2338.0,18386.31011181463,0.0001846765651771862,-1557.078201141666,284.8833057576487,-158.27288815349476,7.583768676630753e-7,3.434064418908452e-8,595.9969338924462,-9.83944598391223,-17542.0,69534.67688893403,0.0006389910078592171,-6687.996414881216,842.8492927964069,-1204.8576497129545,7.53566406227867e-7,3.550521810382097e-8,1909.9987308802456,-50.67148617550819,-64343.99999999999
t134,13399.70561882287,7.972737712162102e-5,-1830.000189930106,188.65793441999446,-515.8732424031505,7.791412850531448e-7,3.620075237510096e-8,2959.9997983526277,-31.489998901987207,-14171.0,7785.415184852308,1165.4647515713827,-3912.3922000913944,13.94141299754223,-17.17296688141275,7.157304199759264e-7,3.56518922186489e-8,-3830.215198554362,-23.040984168624767,-1182.0,136.89976588741882,37.75643681643502,-157.6127874407464,10.700133155309828,-13.173543475796926,7.354278863543339e-7,3.473367885446936e-8,903.1208294624888,-22.690834783396465,-895.0,3101.4525914332385,0.028858336594627877,-0.10192764142600327,18.301156597609793,-46.83456189965795,7.36562287165827e-7,3.4832879728728454e-8,-1201.7547792619093,-97.09133787543165,-1774.0,1147.9043260625579,12.02232059873334,-38.40257174258995,2.1599336688929096,-5.0976211831644545,7.323111188316445e-7,3.489703757535884e-8,-903.5086086303169,-13.077779135460315,-202.0,9204.576645563326,112.74727008596702,-1432.0143227234503,11.21579166349824,-28.29519374251581,7.36687515926645e-7,3.499881625050148e-8,-6710.105225108433,-62.124966108649694,-1096.0,578.6414698830423,0.027931215341150763,-0.11197329897077844,20.793921354598957,-52.82791710549804,7.253735004367777e-7,3.642577545524716e-8,1501.0168152518975,-97.54024764178342,-1950.0,5081.11805047464,35.892829195568154,-111.69533184778278,74.61748805292132,-193.70317961704663,7.423916433075826e-7,3.6121099819893626e-8,2601.448949189829,-21.678805538746865,-7466.0,243.94125717177272,0.0001967197467878091,-0.03213859310872393,16.37037925938643,-94.69819748750217,7.367167295417751e-7,3.5703022441217026e-8,2170.5918857613437,-21.17338323687524,-2315.0,19201.993539560593,0.00018823709326090164,-2113.0132241220604,233.28932065540275,-608.862207282638,7.585378980057266e-7,3.435481273633608e-8,599.4067706050706,-9.814386713945142,-17303.0,67276.17378236263,0.0007232914641995054,-6007.077419514933,856.6589882939293,-852.083350280765,7.543464257620919e-7,3.553128159568815e-8,1909.9987629317638,-50.67148645043383,-63133.0
t135,12785.67798080323,0.00014079936105359373,-1829.999112201649,267.65494102689047,-101.84377894619564,7.84083823889424e-7,3.62061819354606e-8,2959.9998279197243,-31.489999077451316,-14050.0,7779.367979316854,1504.0042923337546,-3573.5862439209664,14.842088973350105,-21.08625071382263,7.151508954368901e-7,3.565135417278386e-8,-4506.500883756062,-23.04098250440681,-1174.0,119.35999922524769,40.77069040183135,-151.25456365485823,11.416529714023195,-16.104246097536198,7.344904458943384e-7,3.473444343559419e-8,906.5025749645104,-22.690984926363036,-888.0,2980.5988087040505,0.004394275972666004,-0.0018203147019764825,24.92059289809391,-13.390975658667477,7.374214901484334e-7,3.483907875045491e-8,-1151.833813848623,-80.29718635660954,-1760.0,1413.0587301769995,0.004794205828977907,-0.002005211408443284,2.9413683339501953,-1.4533911646278148,7.331055462622889e-7,3.4904520252857625e-8,-1202.7204418476683,-10.829054851240354,-201.0,8093.536513068061,0.004515478677648465,-1166.70177844144,15.277341281399043,-7.957413487197534,7.377598977563457e-7,3.500226361948818e-8,-5789.587366906425,-56.57181135868061,-1088.0,535.8414963335414,0.00404848163433267,-0.0015367192570337987,28.16766491235561,-15.24712796585091,7.263618508122545e-7,3.643549724061717e-8,1477.793181723285,-92.55772710330587,-1934.0,3183.2182633297057,0.004049026381600962,-0.001372596896836577,99.60410509786438,-62.77897776364098,7.432352449148419e-7,3.6135354320506824e-8,4207.766034305959,-18.81210147726842,-7409.0,196.84083332610467,0.0001891036148063356,-0.044548413766290054,25.679889600879797,-75.9426983692476,7.360813403298409e-7,3.570436123917274e-8,2170.6400695718385,-21.173735210776886,-2296.0,18475.757119466252,0.00018051872014394015,-1741.5738217496175,267.236145173657,-475.9633971518596,7.577166850406834e-7,3.436389246921106e-8,599.3585132378054,-9.814738601619325,-17115.0,68282.06317357626,0.0007175053535579638,-6389.979423620766,881.3308519117231,-1115.3214193366834,7.539786997300274e-7,3.554849551464442e-8,328.58230463565627,-41.676204185826776,-61945.0
t136,12994.299391010243,0.00011557265363306809,-1829.9991777605499,282.4457409758367,-448.255915511119,7.824341400938926e-7,3.615770760857059e-8,2959.999845019196,-31.489999177790704,-13927.0,6741.973263594502,2065.70475299325,-3012.2421751294355,16.792561646134192,-33.24921158800657,7.126424604366041e-7,3.5611842177839065e-8,-4587.938214875776,-23.04097689611276,-1168.0,63.21353308914403,33.46983638281406,-165.35672326339204,12.774550865118087,-25.349920128366737,7.310014570540094e-7,3.471532117115847e-8,987.9397021185698,-22.69097942110419,-884.0,2998.933787829776,0.0015246513898900763,-0.00553358214102336,27.514611844759536,-39.04466662531203,7.364086501943809e-7,3.4824275080914324e-8,-1144.0971851532756,-91.30253925306909,-1752.0,1623.5694232732121,0.0017018567873155106,-0.006028150127345089,3.2408557160986575,-4.7291651829036,7.318371742562656e-7,3.489469424847635e-8,-1410.757571286748,-11.319216569883368,-200.0,5456.702135160944,0.0015485456515104772,-1166.7056312141865,16.580431674265043,-23.900793526943403,7.371131832939641e-7,3.497920655684597e-8,-3144.254793181185,-56.42289780211102,-1082.0,305.10712826924987,0.0013079083902660293,-0.005167393630714894,30.88214093540067,-43.8031512607533,7.261212737380893e-7,3.641775965850892e-8,1720.2079740920917,-86.39023287411982,-1926.0,4603.426667095374,0.001212357594148978,-0.005219426072605774,112.58561181744322,-149.4112173294104,7.413451988408311e-7,3.61093249689211e-8,2822.5826700153757,-16.179724601210207,-7373.0,42.433414002692416,0.00017765028176638242,-0.0677765327347432,40.01670439089085,-41.50750435944899,7.34216615234724e-7,3.568206484521397e-8,2265.999609394315,-21.874624920271263,-2285.0,18350.154765120245,0.00016430365488984258,-1610.0723797593105,359.7092376052281,-464.2751621353868,7.552088727951247e-7,3.4361845046456125e-8,503.9990040702168,-10.515628301723462,-17129.0,70171.07679893682,0.0007276156715503453,-7413.549849267747,1054.408639085353,-1531.831321018943,7.523459503581727e-7,3.554191048997073e-8,-973.6810402127812,-49.42395449703556,-61257.0
t137,12542.77280869472,0.00014553173141580229,-27.347542840054377,388.1770593959892,-388.17815302180304,1.0257749584419231e-6,3.9463476331674154e-8,1565.3508318471236,-13.775149747410794,-14067.0,4209.038247910847,0.002325625429468313,-240.0030690305471,24.667859135032398,-24.668296300430157,7.062830197981058e-7,3.597682337959105e-8,-2775.63112000099,-20.40594759856667,-1173.0,48.02635488687034,0.0023341245693269345,-0.00311414422174701,18.783726628530317,-18.7841683344203,7.020600333605625e-7,3.5831613794561055e-8,862.22321449738,-22.24834802751462,-888.0,3552.5446310170214,0.0002571969888041591,-0.0003037604149530351,37.03168936428487,-37.031695356130705,7.336977215944971e-7,3.5997743708813174e-8,-1696.763766633723,-95.78081215752924,-1760.0,1955.999791520455,0.0002800883187376477,-0.00033092623695141703,4.433351131279502,-4.433355781262439,7.058539660353945e-7,3.601335727319862e-8,-1743.2329013948474,-11.76683506073925,-201.0,3711.690617382905,0.00025391370703783906,-887.294525083842,22.229788227659743,-22.22973047118219,7.386987304792375e-7,3.629011108340987e-8,-1687.3257401399362,-49.07066423639161,-1088.0,69.06874810096448,0.00018213997178940863,-0.00014694627050863363,41.2833928880406,-41.28333495494589,7.485788369341344e-7,3.6768090633296006e-8,1932.778569008838,-66.84741057989761,-1935.0,4607.0662125629815,0.00017265387894365862,-0.00013592193205204148,148.30690044727265,-148.30684063450784,7.773685300786741e-7,3.6416118182043525e-8,2809.1990399149354,-11.265349141477705,-7405.0,0.062165792511486025,0.00016836286889688502,-0.00014630790604535767,51.50093889130283,-51.5009018474058,7.573007449780406e-7,3.616018928658864e-8,2313.75613958855,-15.81836496662213,-2298.0,16912.188678419418,0.00018014842356069816,-414.08710909768195,506.47300458982505,-506.47296176900846,7.79783694352495e-7,3.4339231973320496e-8,1216.2375629922437,-14.339354280914698,-17700.0,70103.71503766745,0.000686495338214477,-4673.03752431415,1308.681735587454,-1985.2890073972312,7.485133889923301e-7,3.543042944828742e-8,-2796.5918296795753,-48.479097413140536,-61909.0
t138,13878.9705427327,278.6077029706952,-0.00010029653474678157,551.6641153223512,-131.24363597559747,7.965740157942146e-7,3.617986782807976e-8,395.04573370489527,-20.044358485107132,-14953.0,2261.492063854073,1084.8948914990067,-0.0001384735733294335,34.780427985267636,-8.486465015133644,7.580848001837185e-7,3.57711905019338e-8,-2152.1423975521698,-7.538382706603077,-1213.0,47.67639819314121,103.52126297714877,-8.077782773244943e-5,26.42895494556525,-6.4255892521479945,7.774462216058752e-7,3.484800017065807e-8,760.0579990650724,-13.258945662787873,-918.0,4154.208175250501,0.040462589828083956,-7.752321568030276e-5,52.26657745202272,-12.71102891201905,7.817110248023964e-7,3.494611095461854e-8,-2285.1065987977017,-89.697510516001,-1819.0,2082.599198260881,18.24887198616391,-8.567175322182284e-5,6.488529405752762,-0.6622463470091156,7.759340780189182e-7,3.5019285454336905e-8,-1885.9441389853328,-12.730129146221346,-208.0,1518.4247987698016,573.5964440678998,-0.00012990236652467781,30.754990146285554,-10.704862489595977,7.852740834598979e-7,3.51250684042477e-8,-948.3358266340525,-39.73541446257695,-1124.0,17.955246837516647,0.001442602198074017,-6.723986847746271e-5,56.88265031247125,-20.165367424372654,7.707753446025154e-7,3.6554153167209105e-8,2006.758348380257,-60.43225394795396,-2001.0,5491.992515494935,0.0014381315161825993,-6.508190667537034e-5,202.75553798362682,-76.85981736421542,7.849369076594597e-7,3.6205017667064976e-8,2041.8434760536948,-8.733085325965838,-7651.0,0.004433606325711985,0.06529481661271475,-6.131658347119719e-5,68.17613280436355,-38.292297232871285,7.70098635808005e-7,3.5740783576252544e-8,2376.8669478272786,-30.820450997638645,-2376.0,14818.423509323708,1796.2858878583263,-9.811342242873093e-5,780.6335411512097,-43.00831343020377,7.906390310891751e-7,3.511761834224351e-8,1913.1269618208364,-19.461487983294585,-19246.0,59861.267732574706,6597.981497928749,-0.00010462432420325843,2114.1052489117005,-361.7878513386061,7.953408739524101e-7,3.554424608992292e-8,-2222.170504882779,-39.39601737002368,-65950.0
t139,14010.000803529874,1032.3616388527164,-0.00010933211269085307,525.0207083334235,-155.36636867983785,7.972030797118307e-7,3.6210748018021365e-8,193.25191225033112,-18.2685845145734,-15587.0,2334.320289296546,1471.718884280748,-0.0001353413437286332,30.9545059289486,-11.447756643245064,7.588411613961879e-7,3.5772837773288204e-8,-2534.098274604602,-8.44751332638804,-1283.0,47.64802719674837,73.05565161108417,-7.889504903228275e-5,23.538554292255398,-8.732701935980959,7.776044035092745e-7,3.4844224284674535e-8,851.1035061924348,-15.612958975598229,-971.0,4024.0653201910704,0.02091345574665538,-7.65923646167689e-5,46.57997751232637,-17.147556474683345,7.818248497818743e-7,3.494507105515665e-8,-2036.7128040339733,-91.8057745154752,-1925.0,2163.2081695554434,0.8357307563854188,-7.843121050743805e-5,5.552511205447276,-1.6318194807563053,7.762304863359223e-7,3.501815410789913e-8,-1935.897200383709,-13.067313723447924,-219.0,1504.578087063277,833.7837363088314,-0.00013677835617546903,27.47292799084071,-16.9404951164105,7.848959854474182e-7,3.5118930185156845e-8,-1117.9542475087967,-40.939872463477926,-1190.0,17.96165036080138,0.0005279683570011003,-7.025483873694175e-5,51.003052798972135,-31.420629725815747,7.712871125741562e-7,3.6563820717369916e-8,2143.494449077744,-64.03898070182112,-2117.0,5675.289352588295,0.0004941198452964621,-6.663784488683029e-5,184.07551292430736,-112.63612737087831,7.856646054916376e-7,3.6225283310073466e-8,2361.0573255085565,-9.786491240060267,-8098.000000000001,0.004459666159791018,0.03486378641035575,-5.9610140241915174e-5,72.35628995030368,-9.380646070886257,7.728699706996441e-7,3.5765824811544094e-8,2481.0398831290745,-30.05479128220392,-2514.0,14848.141373879771,1921.962417528334,-9.500143058847023e-5,659.671427094648,-64.03397117270326,7.949920581762066e-7,3.4432042094054956e-8,1808.9546695852287,-18.695821232206278,-19156.0,59121.77818218584,9208.18508352634,-9.962755673223285e-5,1888.403169322011,-444.83182049541904,7.986312041989652e-7,3.564427410862074e-8,-2214.2392192122884,-39.29529545754779,-67520.0
t140,14263.811827157411,1029.764119397865,-0.00010992939086855699,312.6373648498251,-188.47649002523605,7.970020488629406e-7,3.62305592546288e-8,-236.24773198397696,-14.48897950640082,-15167.0,2313.410068267101,1400.395620793123,-0.00013345631274504197,21.672874975599637,-12.707368827157621,7.588645762148451e-7,3.577243719326618e-8,-2446.1399424609876,-8.631119701303671,-1268.0,47.64805991580242,63.99367014930246,-7.742654037618863e-5,16.474672508578806,-9.725067854994565,7.776528354836013e-7,3.484452395432799e-8,856.7433332844143,-15.13459108880945,-960.0,4183.069016393427,0.01860691638549751,-7.428857522924999e-5,32.585644178411485,-19.189961708689438,7.817488922046724e-7,3.494583328155438e-8,-2202.8682223550563,-91.61500959112317,-1902.0,2124.223308726152,7.465091988580655,-8.315654130872549e-5,3.8029812930095224,-0.995094712257011,7.755637047670164e-7,3.5018268639713344e-8,-1903.6465841792815,-12.849620456098938,-218.0,1518.1528908608273,910.417825927544,-0.00013775435349716646,18.82174423206228,-22.50109003842246,7.848570907838032e-7,3.5119735339459866e-8,-1208.100463486143,-40.79077024751912,-1176.0,17.968092939700302,0.0003776929149734286,-7.163121437666477e-5,34.89673184697331,-41.06901860374003,7.709592740820727e-7,3.65597793670797e-8,2149.45015593516,-69.24626865800171,-2092.0,5082.2359390344845,0.00035048931895610935,-6.721642525560417e-5,125.19603185810216,-135.1258257259306,7.854176934085739e-7,3.622646156841256e-8,2942.398488612462,-11.704917161171807,-8003.0,0.004467431336742789,0.03007352441535044,-5.782151672136645e-5,45.19896905966502,-11.237225622872229,7.726814732702017e-7,3.576462131070021e-8,2480.0657160985807,-30.06194310278531,-2484.0,14769.68300156535,1679.37797621048,-9.36751060317961e-5,402.0317467699295,-77.31805257190345,7.955032245286193e-7,3.445397820839982e-8,1809.9284004534359,-18.70297807730064,-18565.0,60510.4194791407,7180.515086408299,-9.83990416991172e-5,1311.583833993498,-515.2925883241616,7.986486815742578e-7,3.566643348472546e-8,-2241.5831499186065,-39.64256254118222,-66206.0
t141,13659.043563145553,1819.900107875595,-0.00010979117371723732,280.041569828376,-26.369857599162675,7.966701878566939e-7,3.619249250268669e-8,-1026.3920462963956,-13.223227100795167,-14693.0,2280.7848438228248,1659.426325643233,-0.00013300848523174974,17.83251022033155,-13.317758372514746,7.588604883388296e-7,3.5714773998080696e-8,-2702.2590195142234,-9.46676920072753,-1233.0,47.61952813601193,79.98037477057142,-7.749323169076787e-5,13.561576141998799,-10.148071895181381,7.786702233946077e-7,3.48008484539369e-8,819.2770371928261,-17.29036736639491,-933.0,4147.684892484024,0.020738607053711305,-7.68599053547273e-5,26.820276323909813,-19.90602217035815,7.823442662088063e-7,3.490092652868099e-8,-2213.172751891543,-93.44705694869384,-1848.0,2012.2147975102323,11.612330981182641,-8.658578432967305e-5,3.227049640316848,-0.9863074981689489,7.764725895817978e-7,3.497787868494465e-8,-1802.8982157949595,-12.169568750086386,-211.0,1540.9666079284632,1195.1225424478753,-0.00011942394605357188,16.927149733190905,-1.5581783571315109,7.869004026027875e-7,3.507738859501526e-8,-1566.0754454913067,-43.38255734980464,-1142.0,17.97456032423108,0.09494567733226288,-6.314209444699321e-5,31.424071773247956,-2.7335126771979903,7.722422010045481e-7,3.6520898134263365e-8,2069.7103381138054,-83.47034055445108,-2033.0,3068.7213938715986,25.803246235910084,-5.779211256142656e-5,114.21390390682262,-6.438508098941531,7.867799982148798e-7,3.618950217430761e-8,4591.656818855581,-15.956797096904879,-7778.0,0.004468336049639084,0.03831799677657829,-5.950550061420742e-5,37.98843337938821,-11.447615417389228,7.723434679405765e-7,3.571043284430596e-8,2415.913146444064,-28.496691665006924,-2414.0,14542.955924107457,1660.4283234594975,-9.54559225797952e-5,339.71533203862106,-83.64219380042815,7.947890470172442e-7,3.439832914485598e-8,1665.181800606594,-17.639090363845497,-18107.0,60660.60640117699,6054.6298789011935,-9.974943387515666e-5,1074.5613445729045,-557.0944491718105,7.977083590092407e-7,3.56087678378676e-8,-2250.9416622244416,-39.76141297354073,-64941.99999999999
t142,13226.314429121847,1824.2280894312023,-0.00010988658397022607,230.54726036167068,-10.729510463662407,7.959982828154217e-7,3.6211139872044514e-8,-1121.9378312198223,-14.422327351858222,-14134.0,2270.246962408611,1463.1248871760026,-0.00012614866139325204,14.636141717562204,-13.150331687745068,7.588218212266661e-7,3.572112701335429e-8,-2536.6018083769086,-9.25572549827,-1189.0,47.59097757334028,85.9459514658366,-7.278284440030244e-5,11.132762754161853,-10.062803057103922,7.78752023733972e-7,3.480574182226505e-8,782.7372491413366,-16.344065607887018,-901.0,4080.5484549202997,0.02195758646300198,-7.39431687035523e-5,22.010263168047235,-19.857043587526718,7.821608870815594e-7,3.490556580552196e-8,-2204.993735050132,-93.7298235613756,-1784.0,2134.3895842572124,4.755123592810352,-9.667738033397218e-5,2.614847281531784,-0.9117668015968586,7.763121230554203e-7,3.4982753368360785e-8,-1924.854916262383,-12.992775887753194,-203.0,1563.7788740051733,1598.9062351579366,-0.0001222890815401595,14.435767616801591,-1.584110751273693,7.865038660938652e-7,3.5082436158958083e-8,-2026.5752898557494,-45.961354387993104,-1103.0,17.980929199877718,0.057531966192281764,-6.566310318277822e-5,26.770039121538158,-2.457517192560647,7.714432029507708e-7,3.6522075737435786e-8,2007.936028204067,-89.28694610751731,-1961.0,1898.4203325866113,193.3528730008348,-5.9374169572001776e-5,95.79785617567471,-3.829350916313149,7.861051634596068e-7,3.619660876034485e-8,5344.929693276009,-17.671344866498476,-7511.0,0.004461436576404892,0.04944923214864583,-6.0831593484841025e-5,32.62512858901777,-9.87022370715818,7.715992664403535e-7,3.571285600465402e-8,2330.9912044872567,-27.799959635781306,-2326.0,13638.05420172677,1934.1051177616887,-9.829565031769669e-5,281.4659332488209,-64.00827823131195,7.943006429654527e-7,3.441241603026098e-8,1614.6508120298377,-17.26768759806556,-17387.0,61060.58212803993,3956.097407365979,-9.193987135268546e-5,876.6398609365731,-548.0816674182439,7.97308857947115e-7,3.5627125737699366e-8,-2266.28140637351,-39.95623016768936,-63039.0
t143,14144.142781572284,127.50171196726495,-0.00010304323294739618,166.41880519043906,-247.44032705555614,7.954712089765001e-7,3.623263165251184e-8,-813.0767475156488,-10.546120930462024,-13367.0,2256.4904588888744,1216.6226342118255,-0.00013029473847781407,11.470481840970043,-12.395430428679562,7.581380796196149e-7,3.573103454965879e-8,-2325.4211660184665,-9.76684860823418,-1137.0,47.56242132971222,107.40181682832882,-7.491757487232894e-5,8.701908509871359,-9.424927695279028,7.783412067925479e-7,3.4815906720719796e-8,723.3348884136051,-15.576032980220225,-862.0,4075.9333397117243,0.02892810679382918,-7.342353081710322e-5,17.23116476212571,-18.819517398695623,7.818157599927704e-7,3.491572782295177e-8,-2273.9463155910544,-93.42752662653663,-1707.0,2160.043242594828,7.578619525096844e-5,-7.271369848310111,1.97062748200544,-9.199874712962274,7.687512209025742e-7,3.4972066904278754e-8,-1937.4648136251728,-13.077888165748035,-195.0,1541.022320041698,1180.488485190703,-0.0001156580297455861,10.515469960856114,-2.08965083460517,7.865242721739835e-7,3.5093017717227574e-8,-1631.1893176922379,-43.74719151944193,-1055.0,17.987312524227068,0.11232829757974476,-6.089744351446952e-5,19.506996237657837,-4.595507311612026,7.710650151885895e-7,3.652838820343017e-8,1924.1381542552083,-81.14922358265532,-1876.0,2575.934494367449,12.574847673444753,-5.556342247335505e-5,69.7987054959322,-26.45559862505894,7.856127267866106e-7,3.620460482838571e-8,4570.141050910726,-15.993444379942868,-7186.0,0.004451579244178002,0.13271592280113573,-5.7275624987224716e-5,23.769099868190636,-21.570938546727895,7.712124725654061e-7,3.5720035493801454e-8,2254.5317053442213,-29.866977323864916,-2227.0,13497.789587985311,1527.8300073023695,-9.37487483449066e-5,198.79776678901177,-725.903147481325,7.940113321745457e-7,3.442793268101494e-8,1845.4499408099778,-18.96406102435344,-16325.0,61022.90451934727,1979.660226106748,-9.174436150178927e-5,695.7191778544212,-1109.938475058039,7.956307485935081e-7,3.564508348098386e-8,-2336.4973792911605,-40.847976691348016,-60211.0
t144,13305.283202082273,0.0014688061736656448,-0.0001018582010815259,111.98300347061426,-536.3928555633819,7.942268650871159e-7,3.6257349538073465e-8,-515.1773729977531,-6.697343667239534,-12359.0,2176.932693192605,1083.6855148758477,-0.0001256658353266323,7.761934217626611,-9.138692183958703,7.579573141580642e-7,3.57435163144678e-8,-2176.4055701521647,-10.835754693747264,-1072.0,47.56239841095296,160.93416916179146,-7.071301557775982e-5,5.888682598306067,-6.832986675017929,7.784844202574134e-7,3.4828805859959287e-8,620.115705016522,-15.667898312097382,-812.0,3752.62627807969,0.07853837203938759,-6.902118774874637e-5,11.659259005003985,-13.782504327989674,7.81866051123861e-7,3.492857038468896e-8,-2050.4432758270896,-91.13822672920955,-1609.0,1949.9626254761495,42.10392697146507,-7.910001438626297e-5,1.3346861624669355,-0.46027854945961677,7.764020607964742e-7,3.5007002108145134e-8,-1797.8056870418877,-12.135194416073148,-183.0,1518.2532407164576,477.680562552211,-0.00012468131206468943,7.11595177020182,-17.040994779159305,7.850793380732297e-7,3.510185790868166e-8,-955.3839379262353,-36.624698155937615,-994.0,17.99365492950905,0.000959270280583667,-6.23446363714474e-5,13.198826481167426,-31.947319988454794,7.690073058562704e-7,3.6530525636552614e-8,1840.533575423121,-71.77963424217222,-1768.0,3436.8690970539715,0.0009313149531442466,-5.7387599729566814e-5,47.229233867612926,-122.23687940817452,7.832165537429272e-7,3.6205550337971713e-8,3421.423367319925,-13.285692839424025,-6770.0,0.004402639517858089,0.0016517667494332332,-5.741182375181714e-5,16.083840297810625,-73.29094861771581,7.695834299307655e-7,3.57246525618454e-8,2183.4610057626014,-27.25989486594972,-2099.0,13012.51018149764,861.9147749126656,-9.901088018492747e-5,132.83431652186957,-663.8870361865537,7.923420807576328e-7,3.443997686619573e-8,1861.7114457448936,-19.083582837319796,-15186.0,59654.241439011654,749.6597234720716,-0.00012190401494593077,470.89310770148415,-1531.7036814719063,7.953181558624595e-7,3.566547950621521e-8,-2432.029255321933,-42.06121047047715,-56869.0
t145,10772.057558189932,0.0001201424046328675,-0.00036102787055728656,121.54627895795136,-318.91128688119574,7.84889670283705e-7,3.6209934383331586e-8,786.2265209310069,-6.918830289424582,-11354.0,2042.6037038081329,0.00014960785882596738,-0.0005851394138644716,8.265640353401855,-21.32087542758944,7.491253861632021e-7,3.5678406018565117e-8,-1018.3983540188419,-18.149679582113965,-993.0,47.53375929307487,8.695784687097467e-5,-0.000364570510421056,6.271290562683856,-16.180110693531685,7.707488719035894e-7,3.478138902239582e-8,725.9640891680594,-11.588751222487566,-752.0,3866.777125674158,8.508633266170853e-5,-0.0003549732108798426,12.413940209724379,-32.00667006124464,7.738417134699101e-7,3.4879424349269325e-8,-2271.1688153893833,-87.01531098049117,-1489.0,2025.2005364092395,9.637220865078033e-5,-0.0003876451681900793,1.423465192250233,-3.687847271063559,7.689654462318849e-7,3.496111950045065e-8,-1840.5123975443048,-12.423466003352393,-170.0,1506.2686487155302,0.00013591220667311365,-0.0005747864500050088,7.5783798305346926,-19.5525321310328,7.769731972811454e-7,3.505035250491582e-8,-540.908626422626,-33.38543161494623,-920.0,18.00306072757152,7.094710865504641e-5,-0.00033643951348643654,14.05237124291172,-36.225435934930026,7.599275818884516e-7,3.6476273163542706e-8,1700.8547684211753,-58.68449942912253,-1638.0,4312.1446900090305,6.54573757115636e-5,-0.0003217483976424166,50.28874831834423,-129.66828561405273,7.733599931507027e-7,3.6144808299441475e-8,2037.955323060501,-8.720219561104868,-6262.0,0.0033410490701860085,6.446894283167202e-5,-0.00040991907492728694,17.126791082131867,-44.17015931068362,7.595771627059674e-7,3.565906204876417e-8,1992.2219311619863,-18.181558950986666,-1947.0,13039.210872053496,0.00011072830079894234,-0.0005924820201950103,145.95578196425288,-389.2279345663933,7.81269943931276e-7,3.435561265803498e-8,1537.764337163954,-16.7025741616021,-14317.0,59283.53290787649,8.70483728685261e-5,-966.2379117619477,495.05184116667414,-1476.6766599728423,7.80931966734588e-7,3.557183139366866e-8,-3109.9987765315277,-50.67148794985917,-54175.0
t146,10756.401167974478,0.0001023175680194797,-787.6309608105422,43.72634548737793,-292.51413801953987,7.800754790641042e-7,3.613910456732219e-8,822.9296550486135,-8.912171855685665,-10534.0,1851.1445105394168,0.00012312486780909749,-72.87020855805407,2.7924167331737175,-24.35444563109743,7.461418679352419e-7,3.5690907324850336e-8,-817.9634088610288,-14.748987744107417,-924.0,47.50512614591062,7.563596579897818e-5,-151.5870866365784,2.1120846698491422,-18.72568803745349,7.683124755335321e-7,3.480024915481769e-8,826.9280803326651,-8.232592613028944,-698.0,4060.309005824089,7.621931275943814e-5,-0.09947438799463493,4.166356765194478,-36.91253887141068,7.713760834619287e-7,3.4897227691061036e-8,-2560.7587920253063,-81.70463396379111,-1385.0,1879.05211229596,8.50394169224405e-5,-35.11406006505134,0.48119268296698525,-4.074646710663987,7.665813673773097e-7,3.497924336134075e-8,-1671.0649874148578,-11.279696315403228,-158.0,1483.4994037299005,0.00011853260459644292,-376.64756586124435,2.5467732605212845,-22.602070635805404,7.742356191577884e-7,3.5062625797409314e-8,-202.84972224569066,-27.94693727500942,-856.0,17.25218564130309,6.427296270316938e-5,-0.12182502910794646,4.800116536161613,-40.61840139552149,7.566000792125508e-7,3.647913791312809e-8,1594.4403660902506,-51.75250658142083,-1524.0,4685.665996156107,5.918980096738492e-5,-71.5268843939841,17.677804925852072,-129.47339620887686,7.698316707183797e-7,3.615205504817261e-8,1326.0273108360705,-6.370890597896933,-5822.0,0.0030960523437490303,6.228731617616913e-5,-0.004356478337917292,7.866101343078666,-32.83675521216961,7.56773201600586e-7,3.566473731641853e-8,1856.7087751404413,-20.73692354988091,-1811.0,12168.236626999833,0.00010184253896911598,-0.005372079923698559,67.50607837821993,-290.384127646051,7.78882883253712e-7,3.436453644332563e-8,1749.908526600402,-18.26183347238408,-13677.0,59152.92315641135,8.518326862777757e-5,-3474.803065649616,266.96048805005466,-721.461721671312,7.790764107586352e-7,3.5589120125073924e-8,-2924.305803501561,-48.313138120739744,-52251.0
t147,11059.006966642362,0.00011296502961959127,-1790.3118503021608,27.01530910522157,-224.158456061985,7.78915526103653e-7,3.621524221684307e-8,1046.658562517052,-9.210644783868867,-10109.0,1653.8863982222572,0.00012970636647573495,-116.71181577848655,1.7688926354074934,-11.995313109866034,7.457364706302762e-7,3.5688008565752375e-8,-631.842327829671,-17.105964241760656,-878.0,47.476568943099906,8.088012896669142e-5,-189.4940250444528,1.3353455671895644,-9.091835821287445,7.661474361674961e-7,3.4773520838427883e-8,823.0217430876764,-8.247878048308056,-665.0,3893.646390241348,8.263878025667113e-5,-0.040081583432266595,2.624830590762052,-18.069078924066332,7.691642722209687e-7,3.4870009582780744e-8,-2480.641709157755,-80.52043417657572,-1317.0,1785.1461660941877,9.14568286596718e-5,-19.467866578704854,0.3078738647680793,-2.0728574072927994,7.641802830309634e-7,3.4945377788865544e-8,-1602.0992304345111,-10.814177416334083,-151.0,1460.7416070747133,0.0001268678118817957,-1279.3838071434807,1.6110436550426508,-10.987534783230553,7.718239763639683e-7,3.503087090094972e-8,664.0310020790386,-22.012438180770186,-814.0,15.867247537264786,7.105954692422157e-5,-0.05115671302885129,3.026128694187916,-20.90337933757868,7.55651115389841e-7,3.6458598127765537e-8,1492.828519397051,-41.7674310981173,-1449.0,5415.784416184749,6.542591869700466e-5,-70.67067335385869,11.02251127473313,-85.30364218425913,7.69098205353233e-7,3.614874413235215e-8,268.0468699845267,-2.8795474347290666,-5536.0,0.0030575032920795026,6.607784498033517e-5,-0.15766690320179438,3.7186019252129694,-38.41178692336691,7.556709265110462e-7,3.565651598310802e-8,1776.614081028522,-19.76635312259587,-1722.0,12318.83356436064,0.00010638938610155298,-358.4828773663664,34.86232878065528,-310.30511854019164,7.785111456837637e-7,3.4378446132824555e-8,1753.3793413678054,-18.287344330414655,-13420.0,59578.364053581456,9.058304797543562e-5,-4387.179877874249,127.38350169415847,-977.8994524833471,7.788249994157949e-7,3.560380831621728e-8,-3109.9968520397347,-50.671462656834024,-51180.0
t148,10758.21937285849,0.00011582754706927358,-1800.1121992402739,23.703760124931833,-194.92895423276423,7.785942765974189e-7,3.6237091802848845e-8,1094.751770233653,-9.633865244194912,-9872.0,1827.6392809355166,0.00012884022630442157,-154.30024599200624,1.7622637558549763,-7.732217514904193,7.456971652492641e-7,3.5710103379441217e-8,-799.8097339681296,-17.559476452831365,-850.0,47.44801293377549,7.952546104094528e-5,-197.24990113273148,1.344945408281532,-5.744502246542156,7.663584094759113e-7,3.480093575853767e-8,807.7730318240959,-9.571666748412373,-644.0,3837.4433265040875,8.241201038484851e-5,-0.03156922119678134,2.638519499838137,-11.592168391843114,7.691873149193412e-7,3.489673977603671e-8,-2473.073298693631,-79.38489244994408,-1276.0,1531.1048589558777,9.075938046340918e-5,-18.003646822803677,0.3097536415010098,-1.3083677558118614,7.642113700188315e-7,3.497109784937135e-8,-1356.943314220311,-9.159374978723475,-146.0,1482.568795226527,0.00012656584583168681,-1350.3358898570334,1.620159318880547,-6.9673461700285095,7.716557658637188e-7,3.505328503047892e-8,682.4371542398295,-21.322999753162943,-788.0,14.220409094774404,7.029737586960497e-5,-0.04316289359889762,2.999499761498351,-13.69824423424595,7.55334129300482e-7,3.647544083662193e-8,1441.2486052737102,-40.72717776226059,-1404.0,5318.1373242270365,6.49152150908476e-5,-88.64578173102491,10.651108495996768,-61.16098802282607,7.687863020137875e-7,3.616824567178342e-8,183.6192082178606,-2.600936230443449,-5360.0,0.00303806156840443,6.715779264063006e-5,-0.061478847267370275,3.695966193131743,-16.561355624433208,7.553147836127224e-7,3.567463699263645e-8,1702.2367891378628,-20.313026492500878,-1669.0,12738.935076539243,0.00010884575599045336,-1053.1942950127677,33.60768229300493,-177.27122561583494,7.786658665795393e-7,3.439494361094088e-8,1827.756671159226,-18.834017553036947,-13351.0,59464.894101676735,9.334029006063921e-5,-4867.263055513296,110.44708733320587,-642.4098800375982,7.789428645676722e-7,3.562400212404437e-8,-3109.996883204165,-50.67146317988786,-50905.0
t149,9281.705285524251,0.0001167929842349583,-839.2225064557383,8.953756856486073,-63.07142955642095,7.78388918163993e-7,3.620087096805667e-8,1397.9366731333903,-12.301896317207625,-9774.0,2008.39482394407,0.00012766032626233,-52.88442863061009,0.6200181281433695,-6.461736790327396,7.457523037865869e-7,3.5681922777227284e-8,-1097.3060885348586,-18.362716173575286,-834.0,47.448017188732955,7.737562154974735e-5,-76.93172148847763,0.47572448064968287,-4.716061384534699,7.673464454931002e-7,3.479439755490851e-8,678.1277927918443,-12.403829401447803,-632.0,3832.5188497502318,8.164338106016148e-5,-0.02475562628722253,0.9154897608877292,-9.421278536957272,7.697346412913415e-7,3.4888215298442973e-8,-2489.4687581598164,-83.51962920478547,-1251.0,1515.3344827350181,9.010444159547209e-5,-16.691474488262337,0.11267251643005821,-1.0897287183565718,7.650130419228787e-7,3.4963554994924706e-8,-1345.5833473624916,-9.082695208375238,-143.0,1505.3935575433466,0.00012438334858659784,-1087.4412325619269,0.5688224674864871,-5.762135127672708,7.717560408735645e-7,3.503744310841567e-8,388.7812128419699,-28.540349977910175,-773.0,11.933935978811,6.851562436833402e-5,-0.031952773990662986,1.0584493454474015,-10.992339639650561,7.553447238754809e-7,3.64605770721951e-8,1419.5920574048628,-44.56021929395375,-1377.0,4706.162457620272,6.354770050107635e-5,-42.29144937917082,3.746492999011133,-34.47437074223438,7.688669612783534e-7,3.61532640324352e-8,627.9239470040729,-4.0671411218566025,-5257.0,0.0030190301797352,6.504131597874588e-5,-0.03781673806034855,1.3311442190615577,-11.262267495762972,7.551319288990969e-7,3.565416651439089e-8,1667.5339479525403,-20.568092423786954,-1637.0,12865.805263163755,0.00010775049193623734,-1144.9760588483387,11.826098561211104,-126.02573521794596,7.782832546835315e-7,3.433944449246888e-8,1862.4594077979275,-19.089082528823248,-13450.0,59045.81585107756,9.200458125136709e-5,-4076.5941626279546,53.323249165250814,-539.876721574588,7.786537245156668e-7,3.556772591217784e-8,-3109.9968448694412,-50.671462542863196,-51322.0
t150,8270.188675382564,0.00011273419399961997,-0.32124402518442924,19.437529256137474,-9.944851220261478,7.774074539684075e-7,3.617507203363285e-8,1582.5664141619861,-13.926636179372435,-9848.0,2211.223578845537,0.00013425566945137883,-0.662435432663787,1.2921391026277582,-1.1193979390034838,7.453461400900913e-7,3.5668390295928414e-8,-1358.6754632922791,-19.058555936470242,-833.0,47.41947748256155,8.212732569890469e-5,-0.32349678847696806,0.9818169475501671,-0.9330842478490962,7.649679888196233e-7,3.4765587516477465e-8,598.5793209180749,-14.724116810067086,-631.0,3859.797100863717,8.267871410564142e-5,-0.03313262372717049,1.9348755037960672,-1.4577320726758842,7.668631595888764e-7,3.485849529998931e-8,-2524.8870263336385,-86.35416833373377,-1249.0,1439.3196559086703,9.261130494496155e-5,-0.37035767435671507,0.2240684906442265,-0.42433952363241906,7.622182696009129e-7,3.493052746354169e-8,-1288.0547430156225,-8.694377151616154,-142.0,1528.2074488780015,0.00012173127181276218,-1.0833028403365368,1.1828396114134103,-1.0423277079273927,7.683866577680679e-7,3.499884248317896e-8,-716.5553442006665,-38.70943583175818,-772.0,11.95310280460693,6.763154768078282e-5,-0.06653133369873368,2.2061707008389013,-1.6332446584506612,7.547604891063459e-7,3.644412142631303e-8,1419.1280825546446,-55.58764813814388,-1376.0,3384.28800227342,6.294869306570184e-5,-0.6513086437666308,7.865732565895326,-4.603090284518564,7.688782723951963e-7,3.6158860020279605e-8,1867.2575213706225,-8.1569203011487,-5246.0,0.0030308120621699093,6.480513495960138e-5,-0.040580677028992124,2.653942577832509,-10.151152513391045,7.548830924562853e-7,3.566135513850246e-8,1664.1277797017767,-20.593085119209643,-1636.0,12121.199858792495,0.00010336877526996817,-65.047901148485,25.012981864837727,-58.912045923620646,7.786378125293938e-7,3.435457161350153e-8,1865.861088510812,-19.114084767700955,-13869.0,59327.64086567614,8.880755483290456e-5,-3327.619113601518,96.77159544866353,-27.782635125094334,7.789103992452353e-7,3.557898364487275e-8,-3109.3476303757097,-50.66317032488514,-52909.0
t151,8774.006132005863,0.0006621103454028334,-0.00013915947834602344,51.96526626405374,-0.0002269476396122675,7.945529702305852e-7,3.690413786293639e-8,1397.3248004671061,-12.296494828811234,-10211.0,2412.804095816715,14.042567982840877,-0.00017899251575471405,3.5021557103222376,-0.00018989688089476926,7.478461351800711e-7,3.554693854997274e-8,-1559.7371547115442,-19.6112963816544,-851.0,47.79901074300337,260.51672634065227,-9.578402178488522e-5,2.655896382367349,-0.0001906524995280348,7.451957576256756e-7,3.5415548864025116e-8,350.43414748417814,-17.405495103013973,-644.0,3823.7034281282317,0.08087253316817962,-9.302476735976346e-5,5.26493523367904,-0.00018540760425665988,7.462479082992705e-7,3.5478468951835175e-8,-2460.642981781417,-91.40597619161355,-1277.0,1486.9157705166424,37.78130660723163,-9.985296928132607e-5,0.5973589416771639,-0.00018830610682404037,7.381994529480684e-7,3.55692672535244e-8,-1370.0463279340752,-9.247820508141047,-146.0,1551.5279990309064,0.016651476951607895,-0.0001678301531094904,3.2093453851909386,-0.0001761076979301728,7.443923097973896e-7,3.5551934761899e-8,-723.6174696607967,-43.136182852488865,-788.0,13.93804295473146,0.014261144441938342,-7.664184093679293e-5,5.961846376654113,-0.0001804094744619032,7.514946889353628e-7,3.6070324404124986e-8,1448.4501873156885,-61.36408123413801,-1407.0,2550.570690946227,0.01460020153025575,-7.496046205622293e-5,21.323535124531336,-0.00019454681469945151,7.66345728229828e-7,3.5841756290818584e-8,2793.6194817915525,-9.52803875182888,-5356.0,1.12296233828139,0.09285233166990602,-7.62738159295679e-5,7.259119443411629,-0.0001814146025158153,7.533317550290336e-7,3.545431390972493e-8,1685.0805929835872,-17.555269959886232,-1676.0,12613.53888000517,390.47182227523723,-0.0001475836137759403,68.64173598424904,-0.00021270728936749437,7.868873156701621e-7,3.4371546664144676e-8,1549.13406518199,-16.78614241966487,-14605.0,58557.00004256923,0.00010953787987336055,-209.3621295727769,256.4314632851986,-30.39865027500387,7.8161136614767e-7,3.5587983646876883e-8,-3109.9993411362707,-50.671493806922044,-55413.0
t152,9570.995803873891,0.000846816958274369,-0.00015721837800080913,108.44783165358629,-0.00021317561698383438,9.837997169494617e-7,3.955620089344928e-8,1153.7085625293544,-10.152674771883673,-10823.0,2527.7186378628294,38.624297173177844,-0.00015131575529030066,7.312481277940952,-0.00020111740988357677,7.489353789547878e-7,3.553680973562891e-8,-1667.7521452653866,-19.90291902202942,-886.0,80.81843677206223,260.5164588132136,-6.799265124316638e-5,5.545028851286082,-0.0001899324689738805,7.635511720235348e-7,3.459720975173274e-8,342.3688389096795,-18.24850580171042,-671.0,3725.3833265078706,0.11398678645108215,-7.547535999548025e-5,10.995119550023706,-0.00020192180640555107,7.640395591570976e-7,3.4693439329725544e-8,-2315.3375239454376,-92.15463181484594,-1329.0,1521.3775256183849,38.097326470349515,-8.262113599784896e-5,1.2450974659504699,-0.00016059723199776449,7.584324580925863e-7,3.4731288708259424e-8,-1399.274596832708,-9.445109861751012,-152.0,1599.0304468509228,474.40623049748325,-0.0001518543470230171,6.700461976286891,-0.00017477719381645996,7.667934539947323e-7,3.487689724853831e-8,-1214.0338618747037,-45.10295118645245,-821.0,86.57473406600226,0.25285227241059455,-5.970336617164209e-5,12.451294457612526,-0.00019018103634057415,7.571954356306023e-7,3.6262711338632525e-8,1433.2883608135442,-67.56699219134093,-1465.0,1209.5659097781095,231.71873835757262,-5.4677603718184275e-5,44.529233024754646,-0.00020142795188774257,7.727259159269355e-7,3.597633739394381e-8,4103.728703441356,-13.542328600784185,-5576.0,91.76191431048802,0.16369723783881843,-5.825139630254274e-5,15.157854913054967,-0.0001988874487695951,7.564996209724778e-7,3.5504370027091466e-8,1648.436450342404,-11.519660150710273,-1744.0,13736.860052129525,334.4328313082866,-0.00012958016726338144,143.7759213093002,-0.00021241333337216996,7.883886484003523e-7,3.439716253375902e-8,1024.8642961687615,-12.932758214033308,-15227.0,58838.486940126146,1906.1324166817785,-0.00015002416713368635,556.0495359637898,-0.000192079533104844,7.879202487687376e-7,3.562119895347988e-8,-3109.9970842868634,-50.671466017522825,-58140.0
t153,10818.660327893898,0.00023831563237360553,-1630.1314849212747,181.18482578656958,-41.1115081797206,7.729899995599067e-7,3.5974146667487124e-8,2200.007731170286,-21.61012985624008,-11507.0,2370.54128779379,0.0005714796901362285,-239.99836437962333,12.172438029903473,-3.358003397057388,8.266458569792009e-7,4.0179177961459626e-8,-1202.968292877566,-9.389637193759178,-927.0,113.75360145209466,0.0005384504672574116,-4.5075850506007464e-5,9.230942937726212,-2.546248880914661,8.069966520966069e-7,4.013979846461679e-8,589.6934010511359,-9.132190570291243,-701.0,4016.7693969234283,0.00047104713469177617,-5.652449730141957e-5,18.300018427546426,-5.049290891495357,8.55143431567463e-7,4.004077582524616e-8,-2563.7209407712635,-76.29959882181848,-1390.0,1203.5719050190953,0.0004790744497615299,-5.897123001899054e-5,2.075490094830888,-0.5715464988227481,7.233063109083007e-7,4.008553211660653e-8,-1040.0558833404366,-7.020385953462519,-158.0,4167.628335873933,0.0004659422877682261,-1166.6985011046709,11.154465555765578,-3.0771070624083907,8.181437927160902e-7,3.996486260038449e-8,-2114.6005389043435,-36.407120875602274,-858.0,278.1338660701081,0.0003985923509305033,-5.238256333220485e-5,20.72263579308769,-5.717974625938269,8.652723880656404e-7,4.045097099253155e-8,1302.6350074908714,-63.773881479851966,-1532.0,1603.4688015004824,0.0004053512721822328,-4.792312257773654e-5,74.11562325242288,-20.453042710678307,9.597155078042198e-7,4.009793372257202e-8,4187.687660923221,-13.819400882865216,-5831.0,183.39128967825314,0.00039383726103391775,-5.096137385337297e-5,25.23066347604807,-6.962186583762538,8.813302300578627e-7,3.988696649872933e-8,1632.5238250641419,-10.183935240751964,-1824.0,17549.203096033296,0.0003681250180228098,-1489.9995631503984,237.89237002472512,-63.92105428093275,7.660697407949893e-7,3.4961361937501675e-8,-482.4095258290025,-17.76569012682004,-15733.0,65417.27745994874,0.0005188514871737574,-3692.998206950974,907.9761976862078,-214.42741207408966,7.68952128432402e-7,3.532991116655994e-8,-2508.7924439770445,-43.03611259934162,-59866.0
t154,11009.876545737901,0.0004112251265229246,-1829.9994167127475,241.2593186582156,-74.64670842589395,7.770327604369855e-7,3.6160766541593284e-8,2959.9998489827835,-31.489999224700046,-12275.0,6044.375880498471,3.9487471135486516e-5,-738.5786210257887,15.771423277766186,-5.226611566164721,7.051661867674538e-7,3.549818123071853e-8,-4317.301042170218,-23.041068761124446,-976.0,114.88373282335077,3.264144770117504e-5,-78.49555437764603,11.963052356600528,-3.9616338873610397,7.225964699029936e-7,3.457280453444526e-8,717.301439438749,-22.691069284741445,-739.0,3236.791602218773,3.916220745268875e-5,-0.1020417587460334,17.803381320054307,-19.46621463337413,7.316239128551211e-7,3.469675636140001e-8,-1689.9336821561128,-80.09308439551147,-1465.0,1523.2096342585041,4.26131775957421e-5,-22.70098010007839,1.901127980957797,-2.712324239497431,7.272800089381555e-7,3.474785600550654e-8,-1321.5340211135356,-11.163479686511323,-167.0,6722.697685922915,4.467948987986707e-5,-1199.368718833849,10.521096718932647,-12.61818056610983,7.322986822602466e-7,3.4856248184825445e-8,-4560.252188331777,-55.979739888560474,-905.0,442.89487322268064,3.3792786383027934e-5,-0.11958234748306001,20.469156681587016,-22.140653649383495,7.21435015970901e-7,3.6285595414600424e-8,1261.488160716171,-88.59198874566471,-1614.0,1999.0544991243435,3.2303562180181936e-5,-30.08213170163117,82.60785036471822,-63.02360340123778,7.37342567616583e-7,3.599496663298804e-8,4176.6345607847925,-18.191207543277002,-6147.0,186.24422147914248,3.3192208474716314e-5,-0.16820401342821012,22.938908618662868,-31.592019956227826,7.216694299467302e-7,3.550621007565417e-8,1769.3215415894142,-26.74448129002349,-1920.0,18029.841145723345,3.638361223548918e-5,-1977.9913806578606,221.1201964027386,-284.8187987216991,7.448783703293194e-7,3.4259676357715725e-8,-52.69695466324398,-15.454243577978326,-15920.0,68316.74820318515,3.141608825271098e-5,-8288.516844077585,702.5472835269886,-1161.8274030504933,7.503656798034102e-7,3.5499239899674244e-8,1056.9723369229773,-39.92360711815785,-60586.0
t155,11568.205872956245,2.825215106537789e-5,-1830.0009937465322,275.00235801007375,-130.76808886204134,7.443686963533767e-7,3.606050827840119e-8,2925.8629260571247,-31.30210236062428,-12777.0,7798.867531198861,421.9956305124221,-2803.6932984403734,18.29592749283914,-8.488989729697275,7.04549733081366e-7,3.5501731141019266e-8,-4379.935730205652,-23.041071081928457,-1024.0,106.86165924788897,66.43729388125371,-162.98957504152102,13.880302237874991,-6.434693651895498,7.214094286650277e-7,3.457318304810781e-8,779.9360845378152,-22.691071497175,-775.0,2549.206918830678,0.0012368546108262478,-0.03581440077906515,22.716391516025926,-15.84556970555643,7.31783674129404e-7,3.470062527704866e-8,-937.0526131386314,-82.99055017994655,-1536.0,1386.9694997060171,0.0013464716025657366,-7.534286917419549,2.4203945157592344,-2.4348999428453353,7.272473911532884e-7,3.4752831631323794e-8,-1192.6134382848402,-10.80861583310527,-176.0,7931.906458310684,0.001232234550407285,-1175.3744570030028,13.434677455023046,-10.618630579645489,7.321881891321293e-7,3.485795558784967e-8,-5757.488989739006,-53.86029097063869,-948.0,471.20342968076676,0.0010951462247548943,-0.03941874316882318,25.99777010988445,-17.941137277907256,7.222746404344128e-7,3.629256537893304e-8,1299.596012880179,-86.81775212501992,-1692.0,2840.347305032755,0.0010459949087994725,-6.631403028709573,103.21708391345553,-49.25579365531556,7.385094212048142e-7,3.601000737886777e-8,3578.8059942566106,-17.48423259803758,-6449.0,164.21711685130865,0.0009404325368984251,-0.04604062283993678,28.87180692129326,-28.81802582302779,7.226735633092656e-7,3.552234020297674e-8,1873.6733339327857,-26.899132071565294,-2011.0000000000002,17409.328373944645,0.0008091144109198617,-1596.0217223676968,281.74246929376955,-212.4204045652236,7.460688195188214e-7,3.4285992956230136e-8,-16.61290058100856,-14.016623956733227,-15852.0,65472.223789807715,0.0008043906345074242,-6933.865539136166,1018.4173223707215,-872.2284265810763,7.529655202761631e-7,3.551964584221309e-8,1825.8293202846216,-44.377270924002204,-60466.0
t156,12136.714873126615,0.00010204067719159305,-1830.0005650978997,239.0841372549791,-273.0900418301588,7.443358805624814e-7,3.6077825576790726e-8,2670.1591054724977,-29.867610752008847,-12913.0,8027.271674524569,1388.0868272827656,-3804.862784710658,14.938227641320106,-25.14566907023511,7.041162580401901e-7,3.552233519224998e-8,-4524.247203226681,-23.041072692557506,-1053.0,103.56719292248484,30.737038541610197,-230.426068959835,11.408351182090222,-18.84297472011678,7.219939222138015e-7,3.461335476112132e-8,924.2475337609193,-22.691073086472592,-798.0,2598.9916305913393,0.0012543449605554576,-0.027121365450641827,26.522982920116963,-14.361626561787975,7.333774763452627e-7,3.47413818352918e-8,-942.523571085838,-88.60354914719613,-1580.0,1577.1304375849168,0.0013610239704048286,-6.818348459153524,2.8589842157735665,-2.233115672306364,7.2895967177251e-7,3.4801084268523965e-8,-1379.4292903609414,-11.510028682543902,-180.0,7795.398378684741,0.001227141441716198,-1174.7402143573047,15.739603500407137,-9.83421157677476,7.333236001748806e-7,3.4891795207425494e-8,-5595.312250957672,-55.25253279307316,-976.0,501.63962128121744,0.0011071376230539286,-0.02956230539734921,30.304581164027496,-15.730545264507342,7.226440347259418e-7,3.630666290333198e-8,1310.6031919925067,-87.78839433454078,-1739.0,3760.9169456648187,0.0010418052665012293,-6.052599294561503,119.1846413412411,-41.74533905341317,7.38977352197709e-7,3.6023370681771284e-8,2827.666666162416,-17.971356679819895,-6642.0,156.83106617885005,0.0010987883080311618,-0.03483746709752684,33.773803057237416,-29.544797642749717,7.225526146684078e-7,3.55325410866761e-8,1932.5005636637586,-26.526896956930447,-2067.0,17040.112242374325,0.00114196903646855,-1757.2946291897533,307.50607663377787,-271.6950312091675,7.460129877670203e-7,3.430212571289068e-8,346.6743864465052,-13.30418613767286,-15652.0,63429.89905153471,0.0007938743811087114,-6285.702887487924,1100.6314007203848,-848.3993293085122,7.537093936708249e-7,3.5538267887075026e-8,2429.6608681325292,-47.08989597423185,-59779.0
t157,12422.4259861984,0.0001595249223579179,-1830.000335519432,256.32417449503095,-468.8965046268032,7.466522727901101e-7,3.601615402399006e-8,2492.065561632453,-28.919041298960355,-12843.0,7462.748380158787,1631.224691209815,-3561.7253895921817,18.31644062992768,-21.28087442827354,7.043332038715485e-7,3.547689902287364e-8,-4443.242175124829,-23.0410731093453,-1063.0,109.23794361600179,68.73223313971855,-192.4313501361599,14.03238873104644,-16.122648344373196,7.22733725133149e-7,3.457471918540219e-8,843.242506185753,-22.691073547360162,-804.0,3056.6762676202075,0.0013004292533611674,-0.023627824616177438,25.008092022103703,-45.25950539010718,7.345559404079067e-7,3.470453238672609e-8,-1349.484306605844,-92.91822056060953,-1594.0,1592.2260617887139,0.001369354992661047,-25.245375066977246,3.2453663483133246,-3.091562894652727,7.30210546780755e-7,3.476750867551133e-8,-1373.0838305118891,-12.052029371456802,-182.0,7612.578800462548,0.001248640924955765,-1569.3796440673516,15.932209259999778,-23.771886161989283,7.348557436806789e-7,3.4860028030670254e-8,-4991.457583229569,-58.90314526398784,-985.0,522.3141839336989,0.0011351104227772944,-0.03106592624090297,28.222291798370964,-52.875667165046494,7.23863357223252e-7,3.628703994080854e-8,1349.0211220614344,-92.65200014610654,-1754.0,4680.614547744719,0.0010439432175220708,-158.742451100374,75.13950763808337,-263.393564064935,7.396999035892837e-7,3.598826783937106e-8,2387.3282745740994,-19.947358814974002,-6701.0,172.21370357519066,0.0010370104055079546,-0.03242643271671508,39.11870780588962,-33.633221842744916,7.229948248381875e-7,3.549952798470501e-8,1932.4830157130166,-26.15081620947413,-2084.0,16426.73608455399,0.0008592932928266871,-1787.2663697906953,340.67223372995466,-354.7623908191458,7.451929043978775e-7,3.425194400302723e-8,747.15548601892,-14.535902093174066,-15358.0,62758.83947842398,0.000637771326882709,-6289.567429988398,1145.845054846343,-1271.2604914957456,7.526328847519459e-7,3.547630642382129e-8,2405.9719292864547,-47.829176776093846,-58702.0
t158,12346.54045235665,0.00017020588223442062,-1830.0003367568356,239.6421154128193,-579.1497272375965,7.470039280513497e-7,3.604042972386005e-8,2453.7443191225216,-28.77699273004061,-12602.0,7578.614319411788,1549.2910297404446,-3643.6592021446572,18.88441334187234,-20.72896740663087,7.04418306164628e-7,3.549436634754903e-8,-4404.360520085274,-23.04107311726389,-1055.0,114.84142453363404,82.51811321628433,-178.64561354708837,14.494025028071233,-15.87772334281155,7.225048326521529e-7,3.458105644893369e-8,804.3608473006944,-22.691073547246607,-799.0,3099.86074424244,0.001249687747022584,-0.022705808242931357,25.880858616668366,-44.88723650214495,7.345777794824203e-7,3.471187719708981e-8,-1405.3711066098315,-92.4618039424981,-1583.0,1485.461600693411,0.0012936370906040605,-17.121414382668505,3.292548519262137,-3.6513845994211884,7.301799521817325e-7,3.47755291423894e-8,-1276.058326417969,-11.924317804002424,-180.0,6026.554488315867,0.001193972794494388,-1257.2566566892683,16.246891673670895,-25.714142602120234,7.350859602227789e-7,3.486966198563148e-8,-3723.3524979108147,-58.47927711858911,-978.0,497.45609455854515,0.0010987658441466795,-0.025167315311940976,29.271210614603714,-51.39461931210234,7.239924869933361e-7,3.6299052810950604e-8,1357.5868289387336,-91.89544658581026,-1741.0,5736.453506213535,0.0010175988792587097,-55.44515858589699,100.58354668005852,-183.62322028044284,7.397344024300607e-7,3.600286948272611e-8,1074.7721735215925,-19.7418652536258,-6653.0,187.3732508048251,0.0011118805487192295,-0.031112466191713702,39.54732175193054,-39.99250081399926,7.233261851339253e-7,3.551677667161603e-8,1909.2902193897103,-26.188290928771313,-2070.0,16315.139556254924,0.0009194054740362647,-1776.379702040801,337.460651900816,-456.96478906741214,7.459338411197651e-7,3.427531469456113e-8,651.9919609935978,-14.24859654553464,-15057.0,60632.34157978549,0.0007240987258629846,-5793.890232706779,1234.060041205396,-1118.5441934082926,7.537671974400182e-7,3.550355523886991e-8,2557.396101757039,-47.36402072811254,-57464.0
t159,11481.300696574615,0.0001229817323754678,-1830.0005624538644,275.6102786016508,-324.00499631593425,7.460046797987842e-7,3.602636695600149e-8,2784.6307903318534,-30.536329453743594,-12357.0,7724.011437442223,1497.1616642288802,-3695.788665094879,16.995727111344955,-24.474508166500563,7.040776204800001e-7,3.549595755227659e-8,-4450.864583565603,-23.04107220357704,-1044.0,83.92695359222103,72.97704378339662,-188.18679320899713,13.033760493560354,-18.924798582513073,7.213082326541054e-7,3.4577289071552707e-8,850.8649062094058,-22.691072635620756,-791.0,2950.2147951516326,0.0012148056781668048,-0.023513721609553614,28.189759149190827,-19.86163258321623,7.341149762469351e-7,3.471040296337408e-8,-1310.3828159227642,-81.13780717718832,-1567.0,1097.5997556277016,0.001293774042721245,-4.523042872162103,3.1187346893161183,-3.500298330212726,7.295960739652854e-7,3.47755056685324e-8,-904.6323347487889,-10.064108486119276,-178.0,5168.171728549184,0.0011928428342297857,-1171.826555645417,17.048916642904352,-13.560154613338412,7.353759198198398e-7,3.4867805069431257e-8,-2981.8281737142775,-50.0069544133879,-968.0,333.1285136206744,0.001069414950855093,-0.025423972523314936,31.95553152507649,-22.139038292805793,7.239959087256512e-7,3.6299092220964707e-8,1458.014695841435,-77.93534846204855,-1723.0,5642.823039059381,0.0009714365215813023,-4.22924198547286,116.6754619602865,-69.99398246339753,7.388834017951338e-7,3.5999185171524436e-8,919.9299640980805,-15.206212160363798,-6590.0,102.33428917318373,0.0010837437623545671,-0.039828652640261995,35.649233106231556,-48.661327654336475,7.229304584445957e-7,3.5516972511629537e-8,1984.4501622604096,-26.73361235105232,-2047.0000000000002,17275.22375004117,0.0009428656932917382,-1782.1464441820417,311.16805097369576,-523.1169370617222,7.457747897327905e-7,3.429392262382121e-8,-380.4088178522313,-13.720543884678056,-14887.0,60969.82552716793,0.0007152972949217749,-6262.904859374862,1100.036696020025,-1375.5253158683515,7.538572872829914e-7,3.5525413850910384e-8,2030.2262070624804,-43.65897069283156,-56418.0
t160,10765.057098197696,0.00016942960366133267,-1506.5671885478512,288.96795749271473,-288.96789414387626,7.806391216588247e-7,3.6090223895380446e-8,2959.9998570419684,-31.489999267142494,-12187.0,6813.681026819887,1985.7682972356197,-3207.1820954115524,15.522377946503694,-34.989985938267644,7.035492303214505e-7,3.549669289067529e-8,-4514.758549683074,-23.041071213572906,-1035.0,62.414426282054585,52.85957962108978,-208.30433045724124,11.807964185172185,-26.845428385117504,7.201128978205462e-7,3.45754230824492e-8,914.7588600716551,-22.691071663520823,-784.0,3071.114029796566,0.0011678999468044326,-0.047123613866876454,25.37536192907631,-44.299474555845435,7.337239184068585e-7,3.4709459188754464e-8,-1420.4238459080334,-78.72011582473398,-1553.0,1240.4697402077727,0.0012873179658667287,-9.24626195274656,2.854074788949137,-5.758752757073277,7.292002612090316e-7,3.477703262667522e-8,-1040.9630945743481,-10.356993371825538,-177.0,4086.155559650238,0.00118236191254641,-1179.4825216999836,15.435204234577283,-28.04691223908793,7.353697500739542e-7,3.4864275447007455e-8,-1882.821558301633,-51.240954349471025,-960.0,238.19600664389208,0.001043742434930326,-0.055291579543210866,28.82796619955477,-49.60947727173919,7.236947964943764e-7,3.6294694715084944e-8,1569.7883179947394,-79.1485660497786,-1708.0,5510.058932243333,0.0009712532339458662,-12.613233741988067,105.72896333417967,-163.66982204001104,7.379885979077277e-7,3.599787803666882e-8,1109.4619633756884,-14.967774495105246,-6534.0,43.11342918048124,0.0010894552376243792,-0.07260271173500905,34.177565791845765,-66.6276407477103,7.235566048024607e-7,3.5515987781221966e-8,2045.654748779565,-27.246590119109737,-2029.0,16694.14135627701,0.0009621783072492907,-1619.6358199922663,333.95804804153227,-456.23180835087135,7.460251168689964e-7,3.4308700356924785e-8,-31.83854102269357,-15.394196206924994,-14905.0,63029.324853953796,0.0007368211231379632,-6906.503681201533,1084.2425346946109,-1555.915424318155,7.536435038284385e-7,3.553632716373518e-8,291.14184222616666,-39.290861705171416,-55903.0
t161,9148.76653807887,157.40170049514506,-0.00013272201574249273,338.65164514317087,-255.3294602062452,9.92120501904165e-7,3.9514818301221825e-8,2959.999707387837,-31.48999837320932,-12318.0,5413.94970756029,0.002612872961183733,-240.0030952156128,20.384214202873885,-20.38428473810959,7.09946370110659e-7,3.54687832832012e-8,-4116.0488242411175,-20.900330689366232,-1037.0,47.63311181276109,0.0025024493058064283,-0.0030129756107866584,15.58607216445903,-15.586142856765559,7.268713934962998e-7,3.455876383821193e-8,759.4981386317929,-22.13066958153193,-785.0,3506.1178032651264,0.0003288664168393925,-0.0004195801186842061,31.657330897904714,-31.657375399236244,7.456799526070621e-7,3.4703488021841797e-8,-1860.3467833986315,-90.77088494409105,-1555.0,1434.0812195366987,0.0003633702528487306,-0.00046051060613420145,3.712189784167156,-3.7122242908534098,7.413078854752738e-7,3.4778882945637276e-8,-1248.6526643122095,-8.42842392700091,-177.0,2517.072326629481,0.00033372384122862286,-1166.7003466568747,19.427536549520994,-19.427578682831335,7.481791836018061e-7,3.487976488807847e-8,-351.19803329782104,-38.17423862688951,-961.0,141.06301998033624,0.00028309355316472154,-0.00036570052417744667,35.8480494134897,-35.84809466811354,7.346001463974158e-7,3.6276762494081165e-8,1628.1938709782619,-58.25676342380905,-1711.0,5735.670216694136,0.0002660061140300837,-0.00034604194045142274,128.89576888894774,-128.89581258185498,7.490700600495891e-7,3.598579708215755e-8,812.0045428190934,-4.674635843629073,-6543.0,1.2886456684012326,0.00016422468594282926,-0.00012689833536734863,43.64731225952779,-43.64725197645553,7.561416308699862e-7,3.5579391244076236e-8,2052.7420968007586,-22.030840475092756,-2032.0,15674.77332817989,0.00019667664079423138,-883.3586873324414,416.7982585743098,-416.7981934422681,7.789934994982841e-7,3.435257231234803e-8,717.2569434286888,-10.671845208837729,-15498.0,63583.48486475292,0.0007677191340343925,-4639.228886672195,1188.665194865602,-1973.38178745923,7.483174108700399e-7,3.54581846710957e-8,-1353.4489947966536,-49.09115803621959,-56757.0
t162,9322.94119535904,1829.9992885650772,-9.906170125983719e-5,383.33370487456637,-31.36102863371961,7.959232239683369e-7,3.611340078617525e-8,1691.3129350407112,-15.225996038551802,-13181.0,2242.4194489333,806.6636019917878,-0.00013318497127845974,22.570068995282615,-4.931263412060757,7.561171732261899e-7,3.5652404900078985e-8,-1983.5976178175229,-15.124105913154928,-1068.0,47.16239838348618,82.76606653505479,-7.974446150490654e-5,17.16474494995965,-3.719147988603337,7.7481048534512e-7,3.473974355302141e-8,668.9488812010111,-4.322863845244278,-808.0,4217.81492057816,0.0012725892156709355,-8.07387645264838e-5,36.564251099878675,-3.4427064221395955,7.789184788594706e-7,3.483657125872458e-8,-2607.9866379152663,-40.95101962059468,-1602.0,1808.3153562426478,0.0014012477833513946,-8.977873458065669e-5,4.221319485323297,-0.3845313899936277,7.73865559763071e-7,3.49144752305031e-8,-1618.230395259753,-10.923061042144452,-183.0,1497.0584468578786,1166.6990687179573,-0.000128573216896945,22.531765847530494,-1.729742550420232,7.821147540924476e-7,3.5000126122930636e-8,-1678.2293591340394,-17.330051667345302,-989.0,495.8737789427579,0.0012516853946077597,-6.85729780940856e-5,41.67303432506866,-3.2215401695611665,7.683689244530624e-7,3.643706818124373e-8,1270.4576823234324,-42.78413900849908,-1762.0,5730.168591609207,0.0012386909109959364,-6.69549608213829e-5,148.87903935956498,-11.80991580010917,7.81915545759824e-7,3.610698389083701e-8,872.6408494328296,-2.8797364482444396,-6737.0,0.004343165644833587,0.0012263856861139126,-6.761409359506167e-5,50.80054082737434,-3.932856977634904,7.660121466839057e-7,3.562131374927105e-8,2059.439412448737,-12.312598724755624,-2094.0,14836.679170081281,709.8429600893369,-0.00010852974187363752,511.4178056340013,-27.95185586716331,7.877092484563468e-7,3.510727011301379e-8,948.3824384190493,-12.37040920132086,-16966.0,55944.501891345295,3764.7595969510453,-9.958594883994625e-5,1450.6652904451635,-677.5730097537746,7.988264651694251e-7,3.554493206003989e-8,376.86181126081107,-22.21547934198178,-60837.0
t163,10073.648338372419,1829.999195904447,-0.00010390794467622596,495.396759646559,-31.400580857418877,7.971917533561648e-7,3.614669014407028e-8,1777.6661196035645,-16.30972859697591,-14129.0,2343.9150431235435,1912.4276509809733,-0.00012436956922716685,30.543155931617818,-6.510075598397765,7.583107404002618e-7,3.567944207628145e-8,-3099.1937884955605,-18.181861981861662,-1163.0,47.13407421760904,62.497367654506604,-7.426119091155933e-5,23.20683615716468,-4.986920796631905,7.762100208162172e-7,3.475342392671664e-8,765.2911392859063,-12.14242276765191,-881.0,4180.873924432198,0.0005686777804291503,-8.01098823748274e-5,45.91429889973183,-6.942330821835645,7.802989489561597e-7,3.4853339889389544e-8,-2429.628556539329,-46.217824978052704,-1744.0,1501.4353093506516,0.0006242441553243286,-9.12632404933543e-5,5.305857709257998,-0.7858802410009756,7.746126253431106e-7,3.492702757970896e-8,-1298.1930117174004,-8.762808577923982,-199.0,1542.7638039699775,1166.6986285012997,-0.00012722335660047662,29.208638263899612,-2.4938224899400208,7.831679627959124e-7,3.5014837768640945e-8,-1635.5873322815557,-22.589789247671874,-1078.0,764.6190605656235,0.0004960764795194418,-6.886425837085155e-5,54.106175562818535,-4.572617829786711,7.699823095811089e-7,3.6462096157412335e-8,1152.9721106836469,-48.12515667093519,-1919.0,5708.111525934999,0.0004659359289022345,-6.569649435113917e-5,193.7173642592543,-15.710346630443084,7.837281336407219e-7,3.613758659621131e-8,1458.6947705366997,-4.813714429603569,-7340.0,0.004428094758118778,0.00047038948680106315,-6.884706479545497e-5,65.98339692060604,-5.5249307627604365,7.693629350581714e-7,3.566419412198288e-8,2228.6789167775983,-10.142213000815328,-2279.0,15117.301538118134,865.0340170412418,-0.00010335690798934451,612.0159471139642,-32.695196027397834,7.925391584361413e-7,3.4427325998950525e-8,697.872960943723,-10.529163162900298,-17249.0,54327.52254713787,7074.922359099843,-9.15643780128489e-5,1879.594764961756,-213.19280220373747,8.034142612672982e-7,3.5657162969027197e-8,381.42667120270636,-22.273447996755976,-63428.0
t164,9834.852536620603,1829.9996184124952,-9.105634729728679e-5,501.8733659151805,-0.0005428456264818132,7.98373760575276e-7,3.616998697808889e-8,1812.015931186638,-16.740818089063975,-13962.0,2333.1459148439994,3206.865772371681,-0.00012586485013533756,31.192129796321755,-7.356650924116751,7.58689136163111e-7,3.56946698539544e-8,-4368.262370613142,-21.584670020020035,-1174.0,47.10563667470606,55.079731435334146,-7.583466663229291e-5,23.70148548179151,-5.6141163895819854,7.763931910862635e-7,3.476401080702791e-8,789.2282561046269,-21.50091798275379,-888.0,4317.117448652939,0.2129910999359426,-7.529781107354397e-5,49.07636627390652,-0.0006953602798510832,7.814563116128105e-7,3.486810937250512e-8,-2540.1450646942935,-65.26097113345308,-1761.0,1957.4936115154453,78.85550292441853,-8.162586513460635e-5,5.658060113960427,-0.0005575155838769769,7.75822001515225e-7,3.4941268866445355e-8,-1828.6630545936107,-12.343481315563341,-201.0,1565.5879309445024,1641.105643165446,-0.0001173830223338282,29.982572189849233,-0.0006092017406326712,7.844037613441748e-7,3.503027688801656e-8,-2103.353760949273,-45.32165927192321,-1088.0,759.957421286268,0.25156005037673984,-6.500382105411077e-5,55.54405596346927,-0.0006487724639657412,7.70991025984408e-7,3.6475190076768695e-8,1190.4551875792672,-69.20751158054269,-1937.0,3133.278448692461,231.7171220010961,-5.958136471468041e-5,198.8266712915988,-0.0006316434599653387,7.850163568907833e-7,3.615886047643079e-8,3852.89301772439,-12.714568572233233,-7404.0,0.004496625475120613,0.33573519888381753,-6.0850362647215394e-5,67.72934812893942,-0.0006451990730236192,7.707924419033677e-7,3.568429035396032e-8,2242.095135357462,-9.164009691268346,-2301.0,14527.681732152449,1279.4496531206928,-0.00010629350722389988,609.0647413059535,-26.882227018755106,7.930093606232692e-7,3.4455261315369034e-8,574.6818285661208,-9.995621173286425,-16954.0,54074.95215951627,6887.298671348652,-9.140900962349343e-5,1916.4393277872166,-301.5015233637362,8.040842503967986e-7,3.5685277636287825e-8,379.05489433181293,-22.243437733016535,-62934.0
t165,10849.31476325687,1829.9977894257866,-0.00011769893331599183,432.9345038772897,-81.20055541329091,7.954638250562651e-7,3.611887247926014e-8,449.91287682867767,-3.959260085783687,-13477.0,2265.575776407415,828.8056052461205,-0.00012279632572542213,27.055915675275386,-7.277804063526727,7.593957527057003e-7,3.566066146028222e-8,-1950.0709888307495,-15.088382048505506,-1149.0,47.07678144866043,46.60210778384278,-7.395363791981382e-5,20.56054335230008,-5.58289363169736,7.782086646292892e-7,3.4741526359759055e-8,764.9199378242304,-3.576403336104173,-870.0,4042.0949782017956,0.0004351153516650631,-8.11387276511717e-5,42.43710925144423,-8.169245550118294,7.819567330326796e-7,3.48409903384428e-8,-2313.268468339865,-40.09472798573651,-1723.0,1988.9596641096925,0.0005398376763780749,-9.002555193901792e-5,4.889394981794231,-0.9155553917627158,7.76294361111522e-7,3.4917276802658674e-8,-1783.8926727881833,-12.041281221269136,-197.0,1542.8194712638974,1166.6978854658262,-0.00013155488654571649,25.92493809893704,-8.697859725702578,7.844509808079467e-7,3.4998634100811754e-8,-1651.0586056402242,-10.68569841582109,-1065.0,764.631995874037,0.00032874637518107424,-7.193744158756576e-5,48.03127213681012,-16.19814492110289,7.702069833675728e-7,3.64430425635843e-8,1149.645953593124,-50.11133396465126,-1896.0,5397.370409715394,0.0003081677498408823,-6.789268990721895e-5,171.93151841331294,-57.898370036558326,7.837789633226167e-7,3.612078238258694e-8,1742.5117521265622,-5.915550572940062,-7248.0,0.004501995563476426,0.0003543411453583046,-6.912465891874258e-5,58.56635123346467,-15.931347466815383,7.698971705735734e-7,3.5649734539633606e-8,2223.710521810846,-13.350313218140265,-2253.0,15299.356846131754,0.023588113680544764,-0.00010018479314795552,523.6233480996024,-127.49391315456582,7.931466616259689e-7,3.441271294243169e-8,872.2846519515429,-10.794420277846983,-16557.0,53617.418110028186,6543.694419664286,-8.994530375685958e-5,1749.6260627273173,-272.60542020068345,8.042430250437877e-7,3.563898348302724e-8,495.3050414640386,-20.438123044686574,-62113.0
t166,11651.428947545328,1341.9118097845421,-0.00011888306707869193,377.1639253195984,-345.50443159426084,7.944567861791642e-7,3.612998619362178e-8,-9.381968938969705e-5,-3.820481462359024e-5,-13025.0,2244.5301345167964,887.0060093148588,-0.00012177340532192983,24.47897081405977,-6.63643932060833,7.596189425380738e-7,3.5678228025682314e-8,-2017.0992718786672,-15.279282082815076,-1117.0,47.07683665874894,46.55682574615398,-7.354630482073161e-5,18.576301318963854,-5.061930739442143,7.786085741504204e-7,3.475834930875305e-8,743.0244148182974,-4.172374769280181,-846.0,3941.138167583563,0.00045004557820748346,-8.177518767507722e-5,36.74957878232504,-5.251528029212067,7.821383093458855e-7,3.485788902492232e-8,-2256.333267053085,-40.303320006243275,-1676.0,1953.095482476428,0.0006300726990300001,-8.931332702938277e-5,4.232509702670662,-0.5879744361830876,7.765120266405652e-7,3.493412889300337e-8,-1752.908421429172,-11.832137570395686,-192.0,1520.0631610333223,1166.698364310024,-0.0001297930723921884,22.4484914613771,-2.8980894478590895,7.84746862955603e-7,3.501495239565121e-8,-1662.0044157548236,-9.307382315659252,-1035.0,764.6384224629048,0.00038235448648595005,-7.12814553197836e-5,41.5941357180208,-5.405492667687627,7.700583364847832e-7,3.6453510570693464e-8,1097.4189786471013,-54.2463557097801,-1844.0,4456.600001984264,0.0003687499482790976,-6.662703605967583e-5,148.88330227599067,-19.36266253974418,7.836970790521925e-7,3.6137408052314216e-8,2470.030177995378,-8.151121939904858,-7048.0,0.004522329147443838,0.0003870827851933563,-6.730118055742047e-5,50.714327084339494,-10.34038261089681,7.69796429443642e-7,3.5666331644602865e-8,2163.021035903087,-11.399822915767876,-2192.0,15197.533030724282,0.02210918582070101,-9.796028621984347e-5,451.02459945836785,-87.64947119502551,7.933693505187573e-7,3.443660066580249e-8,481.8644605762195,-5.794630128860257,-16036.999999999998,53564.38843184816,4812.703028986218,-9.01270176251831e-5,1536.9538130514677,-208.45072476783167,8.03928734582311e-7,3.566387357559991e-8,732.9864019953548,-16.580860541428585,-60422.0
t167,12026.759125620327,297.28001802238134,-0.00011159200138315689,304.0234368476952,-240.93129735427902,7.938688432236034e-7,3.614436714916587e-8,22.063006841651337,-0.19417821017991313,-12409.0,2204.002931595473,562.4451096017234,-0.00012014482272611752,19.84699831137716,-4.797719441278018,7.597564082124302e-7,3.569864100927549e-8,-1690.175904083096,-14.321296249298468,-1077.0,47.04779828490705,45.03210062894236,-7.229667943489329e-5,15.061127236915105,-3.602936219077077,7.790853808919314e-7,3.4779051457162604e-8,714.3908822179301,-1.9289003662066273,-816.0,3845.915822737796,0.0004166377882016909,-8.042226843924591e-5,29.79611382200184,-39.40700594892751,7.823185198808576e-7,3.487786267824848e-8,-2183.473344399332,-37.83192286516328,-1615.0,2042.4502420448541,0.0006374146257575889,-8.711624983829377e-5,3.4309942231442148,-4.527923089164453,7.765589956752219e-7,3.495282209291897e-8,-1844.9007780142679,-12.453085960533217,-184.0,1514.1536636205012,855.7334200399172,-0.00013489663042344033,18.200350716519836,-24.073678001966965,7.844621818183974e-7,3.5031440750132516e-8,-1358.3363102222156,-7.677311763221714,-998.0,764.6447989177416,0.00027565718476790617,-7.451448918205597e-5,33.72423922814628,-44.61015431140617,7.693085928512904e-7,3.6464243313290504e-8,1072.9424845987078,-48.70157004897329,-1778.0,4785.034356068043,0.000262933504737419,-7.024251718392155e-5,120.71190018262267,-159.6960858017371,7.828797619043339e-7,3.6152120377333435e-8,2055.733580143606,-6.7839433771758015,-6795.0,0.004523223714732385,0.00027730474553886667,-7.025330398602623e-5,41.117909048703176,-54.39336931898898,7.690297554101918e-7,3.568374844234139e-8,2135.068129733339,-9.79740016623399,-2112.0,15311.36062178967,0.0013704025004385857,-0.00010232402520212876,358.4156628005035,-528.9433679833519,7.925826947578016e-7,3.445965685908029e-8,100.90750960460372,-0.7416936370497413,-15241.0,53271.142743606666,3712.5762431442913,-9.704647715020636e-5,1232.4248200826871,-968.5320019075925,8.028417124335065e-7,3.568959839614359e-8,975.7807435790733,-12.392450950691991,-58211.0
t168,11728.461239386697,0.00043587385261883386,-0.00013173120026716313,215.29427650443893,-495.3949375131859,7.913624519865235e-7,3.615649821447063e-8,152.98541440876357,-1.3462967047029981,-11600.0,2082.7159114950846,0.0021517832432156134,-0.00013262134884982682,14.243398796162154,-31.865736794922174,7.589075199193779e-7,3.571666659143367e-8,-1030.3137614192526,-12.78183164863208,-1022.0,47.01927591345456,0.0005252582535041832,-7.978810091102634e-5,10.808163219066905,-24.183856623554455,7.786032712125261e-7,3.47985918867046e-8,743.8270131949824,-3.4710416869270415,-774.0,4060.6494093623223,0.00019197883674390725,-9.957384084590145e-5,21.38602152189281,-47.83080577044009,7.810549214648631e-7,3.489616976329286e-8,-2454.528975410851,-46.675742546741816,-1533.0,2123.798960995944,0.00035549248479222167,-0.00013272877748522576,2.459449802359409,-5.519580253871928,7.761984067929619e-7,3.497154069765722e-8,-1932.6933622178103,-13.045691586686377,-175.0,1509.5177031071023,0.0004740058733177902,-0.0001628636829493359,13.060884888758364,-29.225856468959364,7.831903256708149e-7,3.504831877320122e-8,-541.8292205538683,-3.5238226226677223,-948.0,764.6511102252632,0.00014706367826093828,-9.490194638081641e-5,24.206394889835856,-54.132655291459756,7.673467806147379e-7,3.6472528868247477e-8,983.5041767713764,-31.22907922983368,-1687.0,5734.802859374989,0.00013776522868983455,-9.233179993268977e-5,86.63855441277101,-193.7859357004803,7.806914391393549e-7,3.6161404427508763e-8,821.0539773701147,-2.7095009848148397,-6446.0,0.004481145689023821,0.00014220042795624245,-9.340415556311528e-5,29.510007274455006,-66.01481567883931,7.668881603328431e-7,3.569865437074488e-8,2051.020134970543,-9.519856933269752,-2005.0,15045.765573122051,0.00025259980009391435,-0.00016483034237616069,252.4669325033479,-608.887811056966,7.891933446247866e-7,3.4477010444860614e-8,-367.64253406781256,-2.702247624026768,-14319.0,52568.01864879014,2334.102336614063,-0.00010585541182525713,883.5784456585876,-1955.899839691485,8.017922322320625e-7,3.571512626056764e-8,1574.617136953815,-23.416621871137323,-55381.0
t169,11296.61657639118,0.00015450664129311171,-0.0002579452928951286,87.02037088075149,-646.6367036310799,7.862989110273756e-7,3.6108748108102946e-8,-8.268654993450942e-5,-5.730333087790005e-5,-10737.0,1849.6716508851657,0.00027809561151741116,-0.00023663870679363827,8.105399178403399,-30.65450386433731,7.558629476710953e-7,3.5680828948352426e-8,-855.03118147123,-13.091406591898828,-959.0,46.99031698006495,0.00011489807834959883,-0.00019076507768286797,6.149555233696582,-23.26633284335918,7.765036681506917e-7,3.477928431529121e-8,700.5340934914071,-4.407557505883635,-726.0,4088.4399972060173,8.57020369001256e-5,-0.0003486519083598314,12.173636363144062,-46.00667728959393,7.787828022799097e-7,3.4876855039625557e-8,-2556.8764726154486,-58.730221335341895,-1439.0,2202.4887130456477,6.87292153967449e-5,-78.86791979737009,0.07117384246984026,-9.149641726177123,7.704903145017672e-7,3.4942203809592084e-8,-1937.4645076466638,-13.077887013768809,-164.0,1486.7485362082414,0.00018036797826791184,-0.0005361355071442093,7.431519225912238,-28.115736032681145,7.806858903703105e-7,3.502402013656043e-8,-574.8447947725232,-3.2191693669846146,-888.0,764.6574712378829,7.09842526171753e-5,-0.00040525632448483543,13.780289265132573,-52.066259082292866,7.637386135611545e-7,3.6443439529275646e-8,881.4014548713758,-23.77262248225306,-1584.0,5729.593587579343,6.656722657079034e-5,-0.00039266565752809913,49.32065193415891,-186.39113087875987,7.767340117382749e-7,3.6128817304434524e-8,455.9819829296529,-1.5047655571972454,-6047.0,0.004245841043519413,6.851753403139144e-5,-0.00039956948918276315,16.796192453948134,-63.4996350249014,7.63122684700578e-7,3.566871624999435e-8,1939.4124482913128,-9.71292093248442,-1883.0,15093.07799058229,0.0001365216951253973,-0.0014564697258232773,139.76731724417195,-572.7858050805316,7.853448754004031e-7,3.4430158645162386e-8,-1163.1093301170604,-13.948851997120846,-13483.0,51794.783619165966,0.00030809753098819196,-0.0001460247084527559,392.4118363261878,-2406.520553214564,7.985524470810371e-7,3.566553754298593e-8,3109.996389725727,-50.6714534954103,-52840.0
t170,10263.311642309098,0.00015791285232609877,-0.00023297284553828806,37.65925051791828,-519.5757853523626,7.855567700057017e-7,3.6129860888634674e-8,223.57243407576712,-1.9674662867129622,-10003.0,1658.7409914227458,0.00024011499603579097,-0.00027179478823442733,2.425541951060687,-42.73927541693963,7.551962670307244e-7,3.57072997677075e-8,-703.9278346622532,-13.49939202038411,-901.0,46.99014635444569,0.00010081719263290074,-0.00023383385062553442,1.8258533360507165,-32.56584454938883,7.765332722731063e-7,3.4812594003061844e-8,670.1388810348135,-5.388903670044317,-681.0,3883.824879952154,7.894641327732566e-5,-0.0004869423955468284,3.59592458870734,-64.56737985187496,7.787510670505905e-7,3.491166675860406e-8,-2415.7913583220106,-56.06165880943225,-1351.0,1986.627584396657,9.624607654883705e-5,-0.0003602983257145815,0.4708661330382341,-4.4206543874237445,7.731567392139933e-7,3.498296547798123e-8,-1815.423418130628,-12.254114453320083,-155.0,1463.9904837712747,0.00016638348603575403,-0.0007990611351845671,2.1918224589785535,-39.36219330417769,7.80562896102956e-7,3.505502119246559e-8,-588.8067007467499,-4.0127800042985085,-834.0,764.6670289898673,6.579879017997306e-5,-0.0006490059049986176,4.181244116388597,-73.10206578139338,7.627413026417531e-7,3.6465285505944596e-8,809.5680447452231,-18.313669331250622,-1487.0,5738.002755974265,6.164533368865315e-5,-0.0006456849558824076,17.584457748280865,-208.74876446492522,7.755561327693306e-7,3.614970673980887e-8,128.58649556740585,-0.42436086542022533,-5675.0,0.004143818268255142,6.373815381163708e-5,-0.0006506422347355599,5.068409765308994,-89.1525697486824,7.620382594768528e-7,3.569464871789114e-8,1861.8644576010959,-9.78385495315189,-1768.0,15122.357033606104,0.00012882442002957602,-80.93197957729932,43.77325812889487,-838.6135295515033,7.852064823077783e-7,3.4459897359063734e-8,-1279.778536785311,-14.806373954397285,-12952.0,50449.541603374164,0.00031225766266319995,-0.0001472317682592126,187.50838813984092,-2236.3762218489805,7.987555961902016e-7,3.569624874906707e-8,3109.9975356226473,-50.671470001721794,-51460.0
t171,9932.859473822089,0.0001617452931222869,-0.0002277157373607929,25.143123022202918,-551.1512984729021,7.848805114156155e-7,3.614412287820822e-8,195.87247474625988,-1.7237070085964692,-9601.0,1819.7385841138798,0.00024114342414411307,-0.0002747036763047686,1.603167430441171,-39.29375904845665,7.548968799210253e-7,3.5710120316289056e-8,-910.1052462414398,-12.942713099501152,-859.0,46.9615516936627,0.00010025971326983448,-0.00024390444631618808,1.2072882685252933,-29.676877927163893,7.745173793096961e-7,3.4791814814513485e-8,636.199852485082,-3.6916713197119404,-651.0,3738.904081042282,7.981922229654656e-5,-0.00045991629746606436,2.373326507860289,-58.447219526591255,7.768718453853335e-7,3.4894461083704735e-8,-2338.4603753908673,-55.36943292339304,-1289.0,1934.594000206692,9.639435872241223e-5,-0.0003543301177586866,0.29013442707599507,-4.736493952802545,7.708470393985079e-7,3.4955018092216156e-8,-1771.1918319835765,-11.955551189244302,-147.0,1483.9910826785028,0.00016799993659901802,-0.0007293123689296689,1.4541975366222197,-35.836602091152265,7.787884071563028e-7,3.503752140942386e-8,-649.3449628896718,-4.263154357353919,-796.0,764.67348576269,6.679357685171971e-5,-0.0005933861737112157,2.750745472151983,-66.28091376655237,7.621481151506529e-7,3.645972888259654e-8,738.6311622933663,-20.773953636756897,-1419.0,5694.459599943021,6.239736795855426e-5,-0.0005906807170746143,6.610361093795454,-289.6988625046698,7.751657101075103e-7,3.6155458066020477e-8,2.638166943782869,-0.008737300761883265,-5414.0,0.004155991239392508,6.44715828675697e-5,-0.0005843054963008662,3.3611527430630703,-80.85608018713543,7.616412953627693e-7,3.570551361136769e-8,1773.2920014693018,-7.800710603339773,-1688.0,14210.109982033038,0.00012874803217816465,-48.72738470202393,30.818882543641823,-680.4843314099985,7.857016120413623e-7,3.4492556130045055e-8,-787.5289368262103,-11.188339713995784,-12713.0,48847.25764591397,0.0003154796038902446,-0.00014282334449554246,112.35242667856556,-1168.9364676060973,7.990539199154394e-7,3.57225851981234e-8,3109.9976953939727,-50.67147269151604,-50850.0
t172,10334.429955363557,0.0001702408767031451,-0.00021641295177691526,25.225237770179163,-7.8908493023633355,7.846484132682976e-7,3.616381394820208e-8,-979.1341568307256,-12.63014066908048,-9360.0,2016.6458192920343,0.00031997669474035116,-0.00020806970053696943,1.7168709533603121,-0.5834970071246879,7.558736482966349e-7,3.574170594166412e-8,-1172.613262574474,-13.166042977120537,-832.0,46.93301472392277,0.00013950296778917823,-0.0001422386310520187,1.3062865953159002,-0.4457107322678867,7.763196789604642e-7,3.482894094344422e-8,584.6295528359777,-2.4231411335047235,-630.0,3623.278374504519,0.00010319939794325674,-0.0001896879410072461,2.570549707431026,-0.8696171089123094,7.786787727623388e-7,3.4934077863209326e-8,-2322.3231894705887,-53.656031525761385,-1249.0,1763.0695221883007,0.00012640166326023758,-0.00018275828201669782,0.2990785567961879,-0.10201941541782246,7.72468782303296e-7,3.499047374453633e-8,-1610.3963439390402,-10.87018146334958,-142.0,1506.8161844680537,0.00021924644431823388,-0.00028728709831434186,1.57475812182885,-0.534711396294824,7.804546472094486e-7,3.507272658259309e-8,-732.752681707906,-4.103481884205541,-771.0,764.6799327399996,8.405030683524978e-5,-0.0001935130284642347,2.9242710716116567,-0.9996166281433982,7.633721003389007e-7,3.6487485273614466e-8,636.9925852619834,-27.597063451515954,-1376.0,3451.548374407264,7.975943559650286e-5,-0.00018686001101527196,10.435213429852853,-3.5408102158574333,7.768065853534992e-7,3.618962813555016e-8,1790.4658915818584,-5.908562203471329,-5243.0,0.00434636745773192,8.29806801100166e-5,-0.00018893147475391076,3.5623234521568765,-1.2135294081133576,7.629724318397455e-7,3.5739654178392554e-8,1648.2898918991464,-14.642926782060066,-1636.0,13154.155649623572,0.00015719535966564327,-0.0003919235636305344,31.02094737686145,-9.684540802924388,7.876422831574295e-7,3.452807604357237e-8,-506.3905886192903,-5.101232188394247,-12664.0,49113.09956009615,0.0003204336646599246,-0.00014235748935410112,95.94989925813601,-1027.9151032021844,7.996149814084801e-7,3.575328900815866e-8,2663.2323015630586,-43.36683537210249,-50801.0
t173,11016.845737706886,0.00043020889661823063,-0.00011884063864189984,8.915415612727315,-5.672482397314741,7.881921072344265e-7,3.6143447876013374e-8,-1711.5850493329306,-20.503932732665742,-9288.0,2208.715861084417,60.951738286659136,-0.00012777171160424005,0.6265214724567889,-0.40876056366989916,7.587951735636884e-7,3.5734599532401795e-8,-1440.5369318797875,-10.34830103848717,-819.0,46.90436286096711,0.0007272833102515428,-7.856400380565498e-5,0.47721958383418916,-0.3097467401136521,7.803593357848107e-7,3.4838917531242476e-8,575.1158924796695,-3.1883773538545332,-619.0,3569.5506454854262,0.0004843651380689781,-7.862514079655768e-5,0.9288061878078603,-0.6054179191926694,7.835230131815976e-7,3.494832026584125e-8,-2304.72568406312,-37.14875582702204,-1228.0,1698.5315977296632,0.000825900154395152,-8.452714085777557e-5,0.11067557198462362,-0.06587795047036224,7.773541454815363e-7,3.5002608966197413e-8,-1548.127272368675,-10.449864789494475,-140.0,1529.630101883881,0.001748364879861364,-0.0001323824161887596,0.5703623737100404,-0.3768368546249359,7.850495863564993e-7,3.508054502801765e-8,-761.4978871998446,-9.327356629861061,-759.0,764.6863704024466,0.00030439240140465806,-7.5122490388997e-5,1.0669292272508377,-0.7096507700885872,7.673254665684578e-7,3.6492864500955644e-8,644.193167610561,-57.237046213634514,-1352.0,1159.9834859332393,0.0002930831467201027,-7.024609816917005e-5,3.80842553224833,-2.530912348763944,7.814115086766222e-7,3.619994039301242e-8,4005.9584636951477,-13.219685750700359,-5154.0,0.004518584539748317,0.00030447876396602576,-7.161210798769883e-5,1.296915676761567,-0.861099323413302,7.67066189894394e-7,3.5747754099489265e-8,1625.0241672748946,-16.464735505987218,-1609.0,12473.681392378483,0.0008357878513353843,-0.00011329642814667378,11.036309664562523,-7.029455305168007,7.928511341108404e-7,3.451604850499302e-8,270.29773951289155,-1.9867081179218946,-12746.0,49370.051601353945,1280.4633857941528,-0.00010322562829490001,51.49813289575238,-33.69364899686661,8.026936864746399e-7,3.5722121460330116e-8,645.8833942711924,-8.202761687824792,-51306.0
t174,11206.14847231045,0.0005250134423465463,-0.0001081614281373167,18.78526321634853,-8.870576578683222,7.883373157052019e-7,3.615367807073667e-8,-1839.4345666782042,-21.62900885116889,-9355.0,2413.400606397669,239.9281816669747,-0.00012812037728159788,1.2807745793196887,-0.6519551678535583,7.583022829170982e-7,3.573873503281871e-8,-1825.2456035827863,-13.711876181780026,-815.0,46.87572487088106,0.000854391055180699,-7.984158340659824e-5,0.9746035817369699,-0.4989405727623894,7.77725832746671e-7,3.4814226441129276e-8,573.9756881599791,-4.327850972577398,-617.0,3614.6781681446,0.0005854530869113623,-7.790408069821617e-5,1.9170571359278854,-0.9713569548656233,7.809420841988818e-7,3.492462943333336e-8,-2353.138776008346,-39.48560017897084,-1223.0,1723.4860600396041,0.0009591166874897963,-8.494368228251203e-5,0.22341502818409809,-0.11943234034391807,7.747347649937282e-7,3.497354320840444e-8,-1573.9666368478418,-10.624280419362488,-139.0,1552.4548817243349,1000.9999263383355,-0.00012629730936349008,1.1735206206419864,-0.5903186903683818,7.82763359873196e-7,3.5055467175243684e-8,-1782.153708080453,-16.884175991978424,-755.0,764.6927511694621,0.00048656435019015485,-7.076836165123704e-5,2.1811825799355806,-1.1028055839037574,7.671414634233333e-7,3.648685783280129e-8,651.4176733262842,-70.18921776172219,-1347.0,528.4778458730564,0.0004640751664667351,-6.532662752711909e-5,7.769059755860301,-3.9091916386315204,7.823661682567512e-7,3.622217856194856e-8,4615.894361262607,-15.232474129639217,-5133.0,0.004524066843742302,0.0005023560817714266,-6.554610075648769e-5,2.6542619549572013,-1.3385445347859624,7.675646363772371e-7,3.5765112436800014e-8,1626.7832714509975,-25.103950175041184,-1603.0,11690.19140741611,0.0014412547768542906,-0.0001105145947804896,23.592018331609314,-11.17804466391852,7.913059526511184e-7,3.4527987876701007e-8,1378.687355577171,-13.294066802559513,-13068.0,48453.40971930617,3692.9219979657996,-0.00010571170913358534,87.3396563409993,-50.954939877108735,8.025478727501196e-7,3.572765059623678e-8,527.1809414205926,-16.89726911760754,-52693.0
t175,11366.397854540211,0.0008872728026862251,-9.9473063528363e-5,50.31539195460592,-0.0014001639518216498,7.872503041073702e-7,3.610734145917314e-8,-1766.7234852561955,-20.98914885644059,-9629.0,2503.7263787986535,708.3787741672729,-0.0001541401430397147,3.470849685895808,-0.0011043293112812638,9.297471844739531e-7,4.449527986377303e-8,-2371.4070399958923,-16.16770505745112,-828.0,47.011571820738425,147.4242334704905,-0.0001048795587581002,2.6321993902325977,-0.0011510813114542773,8.887366677500561e-7,4.4463151333705125e-8,438.24374679386904,-8.310496384704484,-627.0,3520.696031884839,0.003967788354116054,-0.00010500979770551454,5.217685724158429,-0.0010276059659688683,9.788616739869285e-7,4.392473047668873e-8,-2237.5974050136992,-46.31914871643551,-1242.0,1842.9669459847048,27.73458513857493,-0.00010648884558165903,0.5922333786563356,-0.001153409630294003,7.454820569341013e-7,4.440957345487977e-8,-1717.6980357810764,-11.594469533493077,-142.0,1560.8112577985853,1166.7009410428698,-0.00016450897731392088,3.180715124903597,-0.0010199287150619576,9.130812671193916e-7,4.32159990255413e-8,-1940.450679207917,-23.24105120406614,-767.0,765.0040552362625,0.003763732100323294,-0.00010065879404745792,5.90826669224138,-0.0009891951924596721,9.846764943215315e-7,4.280727111277927e-8,674.523506100209,-76.43850283402914,-1369.0,73.92034517267909,0.003493435702596806,-9.919955193501349e-5,21.13229128702597,-0.0010616048408496012,1.035440547177868e-6,4.359276021380077e-8,5133.886881737978,-16.941851687034532,-5212.0,0.377522973061865,0.003777272341997923,-9.99613115054411e-5,7.19413336251754,-0.0009569671695148894,9.986648028819666e-7,4.343819752891285e-8,1650.1414366699053,-26.71581432077216,-1631.0,11040.892700305258,790.6760437170961,-0.00015491068323781593,64.20642509555799,-0.001247942661950757,9.945275296195463e-7,3.953650710038073e-8,1760.5661794915459,-18.339945729635765,-13638.0,47701.413516511064,6502.964503480413,-0.0001261820049669463,241.32053070100253,-0.0022867826600449794,9.299911726341386e-7,3.946623143537041e-8,376.51489446127374,-22.211032006710187,-54800.0
t176,10014.677361731283,0.0018538140353028694,-7.959405183941205e-5,102.57463661838193,-0.0006876649683953847,7.89569800748822e-7,3.617827588597386e-8,-20.980322457197687,-0.2727623783209094,-10096.0,2329.3040481502107,1271.834885907454,-0.00010247348030063427,7.047671884895325,-0.001173793728482565,7.553202781758582e-7,3.560865392145063e-8,-2734.01832159942,-17.167008485676913,-857.0,69.15120880161041,188.87404168458238,-5.984551081572088e-5,5.344310399536719,-0.0011016781764811683,7.553889178106764e-7,3.5560173378992856e-8,396.82519643463434,-11.193596323893756,-649.0,3562.398305885348,0.011212540795922545,-6.025948545406819e-5,10.596587392455396,-0.0011378193471923426,7.578724631558003e-7,3.563150161021307e-8,-2239.3239790337025,-47.680929158074434,-1286.0,1615.385382109677,39.02646639936237,-6.862631032589338e-5,1.2003990633321728,-0.000831787995880453,7.487983118615344e-7,3.571174911607801e-8,-1498.4964904267372,-10.114857238526863,-147.0,1564.948340089608,1166.7099984875306,-0.00010313152064774323,6.457919061511703,-0.0009988727665987919,7.574719833113074e-7,3.580606261895997e-8,-1924.8531759089192,-19.261980244295113,-794.0,814.7254341775783,0.01164840031226483,-5.076810900543526e-5,11.999844194044236,-0.001088282713904738,7.646590340926656e-7,3.636208413172469e-8,656.41366916714,-65.1494573624882,-1418.0,1416.884585929609,0.012514300499147415,-4.7163127156657446e-5,42.915539647538964,-0.0011507487323456184,7.792502226627642e-7,3.604217192474056e-8,3944.2044547716705,-13.015896837247835,-5391.0,61.1764835518872,0.01179476232832905,-4.859778975876853e-5,14.608755923615872,-0.0010860001571168312,7.622166971049713e-7,3.5584375286072884e-8,1628.259712926438,-16.05561305622863,-1688.0,11356.905446377257,1249.001236443864,-0.00010869046615522133,130.4548169339926,-0.0012010372892349319,8.077519957284154e-7,3.6286097172590844e-8,1413.4282889053634,-15.788478495786553,-14134.0,47683.417110387025,8744.124522278737,-0.0001057969744434508,513.1562423276328,-0.0019873221334253525,8.144688661169703e-7,3.652238259230659e-8,378.54096722072927,-22.236748917206555,-57297.0
t177,13211.68695972224,0.00024104696713775882,-668.9287120817586,167.4024783834634,-47.23183390580856,7.780144647168872e-7,3.6091232936336554e-8,-2006.8270732701947,-23.102059664314673,-10633.0,2159.314450500209,0.0004558977127143962,-0.00030342170967643183,11.502149881395145,-3.2963900995572826,9.183770041559204e-7,4.0505556237421525e-8,-1263.1099590767524,-13.410404344117556,-891.0,95.09827055860973,0.0003935992670456447,-4.221600270177817e-5,8.722779466308692,-2.4997144235295883,8.786995145107292e-7,4.047175685901727e-8,575.8743551817907,-2.196042947902165,-675.0,3491.00548952431,0.00028077884948295823,-7.617674287448596e-5,17.29169914304822,-4.9561233032389405,9.671304691108706e-7,4.035724146422341e-8,-2119.4591058515725,-46.882164840907485,-1337.0,1337.004749085406,0.0002828947245421144,-8.087697488588998e-5,1.9618836154939363,-0.5617500977801821,7.326045561644791e-7,4.0388283914830277e-8,-1177.4572406706845,-7.947844447304449,-153.0,3739.2458038469877,0.00033907992532778184,-0.0006429278558007374,10.540423476833157,-3.0206960512792396,9.04520112380577e-7,4.031703060697318e-8,-2897.226245921703,-25.53898217185105,-824.0,1007.397094208875,0.0002493993227959496,-7.058850325352198e-5,19.58059352182188,-5.612327800946152,9.752202065047199e-7,4.07007383295484e-8,507.80890624130893,-55.17444563421421,-1474.0,2644.275526747621,0.0002460084620671177,-6.444015937689308e-5,70.03242820520731,-20.07284503414004,1.0202137871245364e-6,4.0343749636431e-8,2915.3855088599553,-9.620800858980457,-5600.0,133.45141238915667,0.00024527814797883744,-7.104616665379414e-5,23.841011240974048,-6.83303765885269,9.8506261683232e-7,4.0279165583873994e-8,1635.0122257535133,-28.471786789262012,-1757.0,13860.339042689164,0.0003346478190153861,-0.0002735680088298726,215.5789370341066,-59.405287075645404,7.975629922439031e-7,3.643572217317609e-8,719.9992403970126,-19.511993609341054,-14717.0,55008.413810410464,560.4810409455597,-8.821102349002712e-5,844.4797586173887,-163.7024157490371,8.13289542949041e-7,3.665533584269497e-8,3109.999388357326,-50.671493959221436,-59309.0
t178,12472.086577032824,0.00010131145167904317,-1829.9999372192187,221.58460599049593,-69.83536955411658,7.643420840287878e-7,3.608097063481221e-8,658.9629603858069,-5.798937748181114,-11447.0,5567.812915771967,3.669670107217519e-5,-342.17037700966233,14.777622749133984,-4.9766324744318196,7.046083202636318e-7,3.550091259143194e-8,-4276.402496700766,-23.041069289957626,-936.0,103.0316620066779,3.0714456575765244e-5,-55.18050101521231,11.209429890848055,-3.772174070346965,7.214670003594975e-7,3.457377459353029e-8,676.4026215872781,-22.691069412868263,-709.0,2901.6901115485634,0.00010596073519490044,-6.433090536286625e-5,22.20534290606931,-7.488855821353459,7.519322554773919e-7,3.477136365234875e-8,-1439.66397890323,-71.74266162672467,-1405.0,1631.0700054656925,0.00011725464307830934,-7.313767510145646e-5,2.5332065612110872,-0.839237019374727,7.461206133689424e-7,3.481433927009787e-8,-1462.8895030540932,-9.874516373691437,-160.0,4815.563632505087,0.00012018203752827418,-1166.6999550186654,13.545951608680605,-4.557157775077652,7.528519115181867e-7,3.491922317793904e-8,-2773.21384642013,-17.638745394451878,-867.0,752.4485840292674,9.590152075815206e-5,-5.494363358997232e-5,25.14027035983326,-8.483454838737318,7.408985721940493e-7,3.6319294333945456e-8,838.6848260602379,-58.79026691510868,-1549.0,2213.324489173666,9.141202337151421e-5,-4.948488244951436e-5,89.94273948291662,-30.32310667438435,7.570559708245369e-7,3.603716622156924e-8,3627.025066929375,-11.969230916164758,-5888.0,154.7876418906172,9.211721154995819e-5,-5.721912587184076e-5,30.62568882657094,-10.317813383135247,7.397947290403699e-7,3.563951295306935e-8,1678.7784285384216,-9.873981230622608,-1844.0,16200.251789651993,7.786495598171019e-5,-1489.999972995822,278.76272118824573,-88.75743607010746,7.609167462434413e-7,3.5165949075602964e-8,269.72536500113824,-1.9825437594018684,-15168.0,60957.30205911277,7.157816647216801e-5,-3692.9998471970225,1040.3718597901616,-390.1363002875897,7.80093369087156e-7,3.560275030361725e-8,2202.59055657596,-35.12839915386094,-60082.0
t179,11194.924217217505,3.968673954211932e-5,-1830.0010001759006,164.1642619899806,-201.57118733472345,7.435658021554827e-7,3.602379628022053e-8,2808.1271396818797,-30.643470637218922,-12105.0,7682.036138557776,86.47577043498082,-2372.873650624426,17.25903584552832,-7.9449200496745815,7.038674883059764e-7,3.551210815800115e-8,-4391.911303988597,-23.041070427851842,-990.0,97.37002180550832,46.70350886231298,-170.36563230488898,13.093879820475946,-6.022344482867429,7.207403924352942e-7,3.4594911167114414e-8,791.9116368868422,-22.69107088171811,-750.0,2483.796859922699,5.1637457947664755e-5,-0.10890652840434421,18.305538352215876,-29.012375704537796,7.314971122463193e-7,3.472827039415467e-8,-903.4447480920196,-83.5364198083825,-1486.0,1522.6213945482007,5.828214618000518e-5,-36.30812018099407,2.1188298710931783,-3.6117839457024976,7.262791012584456e-7,3.477974642437665e-8,-1303.7016062906812,-11.118772565724559,-170.0,6805.836984067093,5.8738872600010944e-5,-1407.784073190137,11.179271007217181,-17.870098821991416,7.319163719708894e-7,3.487354367393504e-8,-4417.99403995065,-56.36810214100181,-917.0,971.1956077210044,4.526557996364156e-5,-0.13017383492178675,20.912254472839965,-33.9515929028031,7.21035390880042e-7,3.627173772874683e-8,768.7548366259426,-89.78097767289572,-1637.0,1683.6803969721898,4.277608305287158e-5,-122.24424540048511,75.57132709211939,-126.18852638420597,7.372365316809442e-7,3.5999052718182256e-8,4737.272057120835,-19.09105225389335,-6229.0,138.68023465867236,4.451488786399788e-5,-0.17812552207516627,25.417678118717742,-41.37512898222471,7.208218787510509e-7,3.560639337868905e-8,1853.2217726399872,-26.766475867472938,-1949.0,17564.715057902715,4.921390808099847e-5,-2244.765202256698,233.9323535553487,-382.626040679724,7.411640841427088e-7,3.512263194286214e-8,147.1730098932239,-15.429226742353602,-15303.0,69546.63392122374,3.465765416119247e-5,-9396.444152873995,839.567391304274,-1224.720577404213,7.536433503613046e-7,3.553739704301541e-8,-89.4087545267635,-42.62786149970433,-59633.0
t180,11686.269205570048,0.00011203186776883003,-1830.000506965246,235.25834945227487,-276.0347505257829,7.446062470823465e-7,3.6048228358143324e-8,2727.675315480055,-30.167724790331828,-12513.0,7527.964709362579,1610.6043542619882,-3582.3453906970108,14.562650294957454,-24.072458449786538,7.034321614437518e-7,3.5541432955575355e-8,-4496.672792797799,-23.04107222514457,-1027.0,97.66321550222627,37.26732169004135,-223.89598187040198,11.112088661012313,-18.128679147858364,7.216499304904211e-7,3.4646446540839584e-8,896.6731074944403,-22.691072682733044,-778.0,2486.052783887132,0.001254127089032071,-0.044576782380854704,22.657726253947455,-25.983717999443442,7.330053542289244e-7,3.4780129156631244e-8,-856.3517114410671,-85.33175834220879,-1541.0,1650.441285827016,0.0014159625650131747,-15.363626271463469,2.62058327780408,-2.9059358711563426,7.280231578483322e-7,3.484146333699203e-8,-1447.2751943073702,-11.518528965468418,-176.0,6656.118474995013,0.001273405498684696,-1243.1684683173812,13.834927456542554,-15.768029149069475,7.331800202308211e-7,3.4925002286863415e-8,-4402.694005181489,-57.32417356540889,-951.0,921.26568875019,0.001115165785776371,-0.05174531888051712,25.88133481204097,-28.851121678926916,7.215686330921747e-7,3.630870925992941e-8,869.8832529107809,-91.12852496713327,-1697.0,1578.9506021073728,0.0010646407197571156,-34.82172894921558,94.98074489779151,-95.45169895166147,7.378168705301294e-7,3.602531558556277e-8,4943.773121582313,-19.432105394774243,-6468.0,141.64524409879385,0.0010652825337553002,-0.07064045363775874,31.436771691787193,-35.08637333064669,7.214089314225717e-7,3.563705221194054e-8,1907.5233786502786,-26.449446379500674,-2019.0000000000002,16572.22712781939,0.0009371351777127663,-1590.8067156330424,298.69013995037994,-228.4284028559056,7.414674192204768e-7,3.513253672262642e-8,268.8391789501961,-15.522264467596429,-15305.0,67881.1189518134,0.0014237315755004948,-8132.393542306884,888.5344762440715,-1351.4384019319953,7.528440159347944e-7,3.5552611732829585e-8,-411.37365134033854,-43.449255292760185,-58831.0
t181,11356.075451881288,0.00012177551074457292,-1830.0004135767958,352.83592706597955,-6.86358562593967,7.43506024429034e-7,3.601530444507893e-8,2934.29977459337,-31.347275772982837,-12775.0,7628.06932057754,1540.6672729668762,-3652.2828866115574,17.562987128001417,-20.324000230860097,7.035685082278433e-7,3.5511616365741584e-8,-4446.651621325774,-23.041072755350008,-1044.0,94.94786215746637,67.1293646839512,-194.03433994835157,13.423181947213465,-15.426927093998469,7.224280578552252e-7,3.4624117719909356e-8,846.6519310779321,-22.691073183737988,-790.0,2271.8478353907917,0.0012063165348989253,-0.03160079689303437,26.316434504421686,-26.521218756557015,7.336292578279702e-7,3.47574387718142e-8,-623.4185446066354,-82.19411234860787,-1566.0,1283.9228688007356,0.0013098481181342712,-11.311861479655168,3.066388187898563,-2.9619120541930135,7.289008632197269e-7,3.4827990700275446e-8,-1084.1890573423473,-10.527736308786752,-178.0,6973.583465787958,0.0012166772753352108,-1243.3082936994326,16.099001544850044,-16.114375621526545,7.339151392659255e-7,3.490598803956688e-8,-4708.015568299942,-55.2454467439123,-967.0,898.6856029832888,0.0011001490189429689,-0.0337769570883791,29.905212887821047,-30.15291409487573,7.220648775216894e-7,3.6295071719867965e-8,914.736982642487,-88.14220793645231,-1725.0,2361.1890274891684,0.001021399721710433,-32.21666786284611,106.72754384672673,-115.77604520308563,7.380535017328423e-7,3.599965301382341e-8,4271.509283078286,-18.434162810279066,-6573.0,133.84248565692576,0.0011441351268023168,-0.034281357231497354,36.249044466597546,-37.11078760365361,7.222357401838493e-7,3.5615004325718856e-8,1946.4627353221035,-27.410341060467566,-2052.0,17882.08414725245,0.0010538780079060322,-2069.6127875795846,304.54965701520973,-508.57222524419285,7.413435948536249e-7,3.5058058889572875e-8,-171.903691994564,-15.546152421154275,-15421.0,65245.05881445575,0.0007121177315492206,-6977.617686709245,1126.4072784701627,-1044.592452350238,7.533541285726518e-7,3.5488700833678697e-8,120.51777685508303,-42.774442278062864,-58427.0
t182,12339.046535236082,0.00017857126035677697,-1830.0003237107142,232.76040460093978,-577.0039583070121,7.455083189528807e-7,3.6053556653673176e-8,2690.1554228489413,-29.958258877878645,-12825.0,7682.25125474674,1495.8696331286974,-3697.0806549199892,18.28538526944551,-19.758756846220386,7.04294243937586e-7,3.555878291069531e-8,-4404.525788445519,-23.04107319272415,-1052.0,113.88502162410882,81.79410478362315,-179.36971518500488,14.001738599582183,-15.146171973256294,7.230767940698061e-7,3.465134752145406e-8,804.5260954218664,-22.691073621959593,-797.0,2555.83142657061,0.0012566629922551374,-0.031272576286078345,26.350858136111746,-32.859098831473766,7.343209977310823e-7,3.478796808402836e-8,-889.4113333214087,-80.88183695325917,-1579.0,1467.118836732005,0.001355604021408113,-11.902464857789907,3.071466299773998,-3.6648629748635533,7.294833468026515e-7,3.485806022656414e-8,-1263.6092062121968,-11.015124944505427,-180.0,6804.869916021193,0.0012545211027950014,-1265.1708285566351,16.140483608020855,-19.936106461221165,7.342285914600949e-7,3.493598720380032e-8,-4506.26712388715,-54.637595607821986,-975.0,920.2399743259692,0.0011331653948891357,-0.03423230298481059,29.86818397490334,-37.68443889243425,7.225988053058915e-7,3.6340660078405676e-8,914.7399421624605,-87.13056276429016,-1740.0,2801.9332214534406,0.0010707499822130069,-39.38923180690122,104.61684438661278,-160.7046330411321,7.391658882235098e-7,3.605299283599512e-8,3941.6041619138828,-18.061433735545215,-6630.0,185.5210557712748,0.0011757946214382181,-0.03817303675205344,36.32455921090694,-45.578950513453066,7.239593275442517e-7,3.567055050829232e-8,1921.2912761559471,-26.520943765335407,-2071.0,17217.280282775067,0.0009762395379495619,-1823.5537201326326,314.5898693647869,-493.37721831431924,7.467521158823952e-7,3.435556192788762e-8,211.475395576333,-15.415584588049539,-15411.0,64016.28371262696,0.000709355975277387,-6691.23709304286,1165.614004357572,-1206.1733948627177,7.564382253892789e-7,3.559689923179051e-8,580.0211577868424,-41.50909529486432,-57823.0
t183,12503.579876179338,0.00013212006141163498,-1830.0005481643661,226.31406666650895,-605.1671622154246,7.450018283110114e-7,3.605718683823692e-8,2503.2021592286915,-28.928523508464025,-12769.0,7804.277070300288,1465.375233000028,-3727.575141056024,16.777273609962098,-23.569655100966312,7.036388119296251e-7,3.5573503156296354e-8,-4453.2437083567465,-23.041072646224638,-1059.0,90.2281994360788,73.8631122211383,-187.30079886386775,12.825227836412365,-18.168677021006932,7.221717821679652e-7,3.466832753924383e-8,853.2440091211159,-22.691073084831945,-802.0,2430.759667038674,0.001336765432988304,-0.06279524479178238,22.98401272233381,-48.073370440717426,7.340596680788099e-7,3.480426619563528e-8,-725.7093675929751,-89.89948354433555,-1590.0,1399.5268167097481,0.0014859691321227944,-18.3008236967881,2.631157238852086,-5.595474823611717,7.292878121725998e-7,3.488133473293665e-8,-1186.4926459414362,-10.770515803625957,-181.0,5830.918700131292,0.0013497626756008678,-1234.5946841269524,14.11739799713218,-29.6453612098811,7.344995705901422e-7,3.4955861482437956e-8,-3543.275668064803,-55.52173484256855,-982.0,867.1204557150265,0.0011846088021077218,-0.0732052561697471,26.1897794002947,-54.00920392826272,7.223379552754536e-7,3.6349068259018737e-8,997.8779175048005,-87.10692836901285,-1750.0,2446.4490393256547,0.0011263836823473346,-45.12221000316088,98.12860031763698,-167.56187989750248,7.382422351084622e-7,3.6054657459044054e-8,4361.495749673451,-18.390425867476765,-6675.0,120.54216944950565,0.0010477770988427486,-0.10150889519653072,31.811368154303075,-65.30624965737191,7.204779812946518e-7,3.566124055078623e-8,2019.5873968692179,-25.534224135057244,-2081.0,17109.3862117361,0.0009361678917707131,-1587.9956385966723,312.67328114422156,-430.02741601701035,7.384303029889974e-7,3.508342363108155e-8,17.624836205134276,-15.66220978058959,-15406.0,65906.81622650438,0.0007144189861917157,-7532.288731342682,1052.9222106389004,-1407.919217736533,7.541010546785023e-7,3.554986661845881e-8,-844.3106786464498,-49.220523228905506,-57126.0
t184,11639.48880464043,0.00020473267609262292,-1829.9990271553677,281.4668650461475,-281.4664732887102,7.804546463389627e-7,3.6148008760166664e-8,2959.999624179141,-31.4899978716265,-12738.0,7351.318933805247,1741.5260281754097,-3451.424416685227,15.434942904688707,-34.71685852154489,7.025608262347306e-7,3.558261424222673e-8,-4538.097558236587,-23.041071688064996,-1061.0,61.15676897612519,51.15155290706633,-210.01243246261168,11.72160497530907,-26.424161924868393,7.206330304531085e-7,3.468240512227793e-8,938.0977395099226,-22.69107234137695,-803.0,2918.288293682132,0.00023582436605722396,-0.00024390552950395047,26.848411354284696,-26.84837326856059,7.565544931322532e-7,3.488873319368535e-8,-1242.438911907695,-83.84941208109466,-1592.0,1113.7859094844903,0.0002622889095946681,-0.0002747530238124191,3.148255193197828,-3.1482282377406245,7.512831701512117e-7,3.497079854693415e-8,-926.531823029939,-6.25410130882114,-181.0,5238.55568742047,0.00025105162164494274,-1166.7001252211855,16.664606796589318,-16.664572511695667,7.579423626424652e-7,3.504282456960683e-8,-3045.6042837323844,-43.25156417765667,-983.0,736.3780411806406,0.00020731598367803596,-0.00020979974378655813,30.377638697920727,-30.37760038105675,7.45203275111625e-7,3.6438090663215847e-8,1091.0966286262124,-75.47470598196749,-1752.0,3019.0731070257416,0.00019135818020751778,-0.00019063060778024633,108.94918225982364,-108.94913776584102,7.608799983899313e-7,3.613953401046247e-8,3678.064500407097,-12.137652746865713,-6685.0,40.682986819509836,0.00021109297427195152,-0.00022971902358444568,36.874182921907014,-36.87415969781592,7.413234251431123e-7,3.57377687367448e-8,2065.1893447951625,-22.87233666413537,-2083.0,16940.038453335845,0.00021301165040778534,-1490.000129957568,342.83566723832377,-342.8356481449437,7.59717061948666e-7,3.5152305289483314e-8,130.2243071502235,-13.262861743615735,-15567.0,64778.7459228513,0.0007312946666614906,-5284.198282019259,985.218650022311,-1963.0959562273254,7.538282577692976e-7,3.5535788259720544e-8,-1109.999567761153,-50.67149739085966,-57356.0
t185,10622.761791322839,0.00014780229644810155,-0.00046231363959722615,321.77527757762664,-321.775586408979,7.938943384151044e-7,3.703401281696506e-8,2321.4274063241915,-23.18857426098415,-12921.0,6021.603026996788,1617.7706354459124,-2151.3547471715656,20.20595584331874,-20.20604915471691,7.090116136899797e-7,3.558672574298854e-8,-4397.977840421542,-23.040981773029422,-1067.0,47.23718268244031,85.54353751700332,-101.06758383757578,15.358310645706727,-15.358402591506765,7.276272770009609e-7,3.4696995316927646e-8,797.9779371300704,-22.69098189211525,-807.0,3248.91401263745,0.0001657781386969158,-0.0001800715918122348,30.208605348470712,-30.208613078992496,7.678725325088006e-7,3.4913893845389213e-8,-1564.891884570776,-85.0221063709396,-1599.0,1075.9100992890474,0.00018659174626019888,-0.0002027574682736129,3.554849906166227,-3.5548532909432318,7.626086907070527e-7,3.5006141848022544e-8,-887.9166352948374,-5.993444814763712,-182.0,5123.013942141833,0.0002097305688711347,-269.85022242243525,19.216753908135647,-19.216756711384043,7.683497112288317e-7,3.504484547767562e-8,-3814.5832658599984,-50.58066116495522,-988.0,555.5955244787059,0.0001442160273870238,-0.00015267126138113383,34.24046937294421,-34.24047370705302,7.555122130251011e-7,3.645506114314087e-8,1289.7620702790236,-84.35758231698934,-1761.0,2776.4200630809996,0.0001321142072256455,-0.00013916000708353153,122.68579026543763,-122.68579598823325,7.7159951058899e-7,3.6174958726155414e-8,3957.6351442650616,-15.055194668247848,-6719.0,52.258756960882685,0.00014163623552601186,-0.00013782806321705333,41.64900029724716,-41.64899271474454,7.567052943162994e-7,3.578436052831326e-8,2060.109960201347,-18.36872895150395,-2094.0,15062.857671327307,0.00015546577859123473,-0.0019667130749725014,417.37743623848974,-417.37743386060225,7.805677746427779e-7,3.440945725405981e-8,1348.4552907405073,-15.311152302838714,-16396.0,64288.66910631378,0.00014453236736784402,-3692.999602463868,1327.9421028412303,-1327.9420913112353,7.898446310417742e-7,3.5649009178003805e-8,-1109.998182793047,-50.671476359823565,-59435.0
t186,12549.494266468917,1829.9977850430437,-0.00010401473321611045,392.8769654073845,-0.002741859247700392,7.917603785264404e-7,3.613284600297949e-8,-778.257037843472,-10.109133124278094,-13984.0,2238.286300314666,1588.0460139551312,-0.00011713600406143288,22.508235409758342,-4.81229885464058,7.542984876451108e-7,3.563220720663845e-8,-2717.6903643855953,-17.337769707248516,-1109.0,46.732741345467076,118.27448360471051,-7.990015587113175e-5,17.0921923694593,-3.6495577505509265,7.53135736412053e-7,3.5539057854168736e-8,671.1590213700209,-9.608801558530148,-840.0,3206.410306357343,0.04001405944327636,-7.689196793521751e-5,34.72653847266679,-4.945602970180162,7.588976877080114e-7,3.56212745929091e-8,-1522.561501193388,-50.6696782837516,-1663.0,1008.8851622715526,16.173794682633705,-8.774398846645382e-5,3.9311076057964276,-0.8153691852356736,7.469599601333848e-7,3.572113764217142e-8,-832.5548570343748,-5.619751096472825,-190.0,4725.4970758419695,1273.90502733711,-0.00011988765965466928,23.06255422978867,-0.3178860763204377,7.574582594737437e-7,3.57987755518665e-8,-4966.335120470797,-27.811531486357975,-1028.0,761.5962779095631,0.04983573051687382,-6.464120245292589e-5,39.52271706931902,-5.278930861134847,7.669776712302391e-7,3.641132081754354e-8,1097.0744443540439,-60.96428003426042,-1832.0,3611.4364001801478,52.33055494554343,-6.216769091697991e-5,147.89989919333578,-8.01166015742092,7.811058972636097e-7,3.6077456830811174e-8,3191.9195749657342,-10.574707054622655,-6985.0,142.05894955752998,0.0018979001646854438,-6.35876615387055e-5,47.14397045042586,-8.403438751847332,7.65141395336736e-7,3.565427769933928e-8,2027.24704559697,-30.048361653505168,-2178.0,14558.049236483985,2298.459233118715,-8.121829078033288e-5,513.0506793125286,-22.04687199731329,7.889883186289745e-7,3.5029711355686784e-8,719.9997932385706,-19.511988337260895,-18048.0,54771.64175110181,5113.0033393983595,-5.668814537900184e-5,1611.2091609632748,-160.18170757161707,8.095235316091526e-7,3.551290616296666e-8,3109.9990014022865,-50.67148801047638,-64394.99999999999
t187,15299.064272373147,1829.9856721803556,-0.00011180447538689986,447.1492871106687,-106.73111350409428,7.938927193912606e-7,3.614198414974275e-8,-2277.9797890893997,-25.48821718044114,-15166.0,2290.0897504596937,707.7476688553254,-0.00011793049209836137,30.91917740004098,-6.485678473076357,7.493276897095928e-7,3.545218035136092e-8,-1790.4366161487321,-14.834184569500353,-1217.0,46.73262043882183,74.51136236893782,-8.285560901669689e-5,23.473661005881954,-4.948782162294781,7.460837249637227e-7,3.5324147918884327e-8,784.3941147673331,-2.1628940754808013,-922.0,3097.8963676508333,0.02630626259954923,-7.742293116717918e-5,45.806208651636226,-21.16524457048782,7.535866479105489e-7,3.5433102490412565e-8,-1257.8819855489176,-39.68157546728646,-1825.0,1207.7560000100511,3.257694519545048,-8.937642842718521e-5,5.355924602591822,-1.2665095666913846,7.404453718943434e-7,3.5517360027252486e-8,-999.357352772327,-6.74566791028428,-209.0,4708.472729396373,1167.0348109631288,-0.00012398130745064906,27.157542671116946,-6.4910274436254864,7.534133996651029e-7,3.5684271309574674e-8,-4728.475467972924,-39.6984641451469,-1128.0,764.7378183933063,0.028045522141600294,-6.604023514445299e-5,51.799263181335945,-25.516076665851735,7.616386904577397e-7,3.623750621325597e-8,1283.6449574456142,-64.69394230050402,-2009.9999999999998,4730.544106973536,2.6966575314239623,-6.297133222248504e-5,181.47941862894368,-139.7469005293791,7.742945468407075e-7,3.5853835869145326e-8,2906.925957098894,-10.899176832412158,-7671.0,142.0590966567985,0.0007678919146945804,-6.782324705468723e-5,63.38808191802142,-35.03434148995059,7.619797965166712e-7,3.5554287213773756e-8,2249.1674409342563,-30.580978571534313,-2389.0,15546.660354357553,1673.8492733179069,-7.162025344867545e-5,604.5786233691572,-28.57589107937759,8.027453851529008e-7,3.447768821508017e-8,719.999700864919,-19.511988493736524,-18497.0,53624.23297615607,9031.213026303534,-5.187276210817774e-5,1889.0982041728876,-229.87170619259587,8.193035360756161e-7,3.575770540236195e-8,3109.999040421286,-50.671488676744026,-67374.0
t188,13333.413782905891,1829.999275016913,-0.00010521224073133199,503.4849493634129,-0.0006375198544615148,7.872449060182631e-7,3.6039765169288447e-8,-514.681699244686,-9.215565292407083,-15143.0,2283.480594571196,3109.2724767763953,-0.000118796999019901,31.98097771060075,-7.309722287645187,7.496528731540585e-7,3.5482862781151026e-8,-4162.186299575819,-21.23790880528235,-1234.0,46.7327102564728,89.09548097190671,-8.420715915739522e-5,24.280219488725034,-5.536214222948027,7.462919885971159e-7,3.535241851690023e-8,799.1900362869,-19.762149086448023,-934.0,3083.596508515721,0.01922822656012154,-8.085809393867859e-5,48.168335872324114,-7.835714672850653,7.532465758675513e-7,3.545011045840741e-8,-1204.4830051527772,-68.46527237612334,-1851.0,1442.8157214124274,8.25944840847419,-9.245931916885061e-5,5.545624571231959,-1.234917547739673,7.403374804662868e-7,3.554573084787006e-8,-1235.0491968794363,-8.33658799901924,-212.0,4730.55257037575,1278.8695780410105,-0.00012599570682884635,29.730956485873698,-2.0972291411886617,7.517470561590582e-7,3.564319048330042e-8,-4866.433103123482,-27.62264714856891,-1143.0,764.3120706864689,0.021954892875386867,-6.894777763205965e-5,54.54904667650038,-8.516437973019475,7.607838919376494e-7,3.6239508503333534e-8,1298.1733078596403,-71.53987365992734,-2037.0,3768.084345545956,30.189647943527994,-6.384904393362497e-5,196.09273237823749,-18.764421299983876,7.741832344789149e-7,3.58863049709739e-8,3814.9821972633235,-14.584438078286205,-7776.0,142.05916116677653,0.34262664409929366,-6.344413677222503e-5,69.29607841269403,-0.0010441087927001973,7.621766874223273e-7,3.556472126531178e-8,2240.4906251369516,-29.18738429201144,-2423.0,15658.729750279355,1509.5541398279736,-7.294906065386128e-5,590.5331092455264,-124.30310197683694,8.027757295131381e-7,3.4497054284194766e-8,719.9981528105377,-19.511976530043487,-18335.0,54390.651155928455,8187.86158876305,-5.215087798328438e-5,1954.48209256851,-278.32228201256083,8.196127292128733e-7,3.5784611860933735e-8,3109.9989846188487,-50.67148766049478,-67314.0
t189,14115.769971442303,1829.9955393356477,-0.00011177585452791553,435.3520352761043,-93.2460333180766,7.945612788869043e-7,3.614685305959007e-8,-1544.8348694419244,-19.036531363048677,-14724.0,2253.7972134285897,1204.0471024327692,-0.00011203130645868457,27.795102510644927,-7.239277389933839,7.557194601205227e-7,3.563946234456872e-8,-2247.3322265493093,-16.067802823437443,-1215.0,46.73269270653908,98.96509648927996,-7.78339727259971e-5,21.101431167908732,-5.495900400215498,7.545468468585757e-7,3.5552213959966095e-8,764.3586922166319,-5.661934867399799,-920.0,3078.118695372576,0.02550943161018558,-7.325330635106569e-5,41.79679886266241,-8.679381606224672,7.613041257543963e-7,3.5674385968236135e-8,-1241.246190174584,-48.015359092868565,-1822.0,1445.205875068685,9.652104567008115,-8.471115953697309e-5,4.827321134957175,-1.145615577372191,7.483254050949462e-7,3.57463512947495e-8,-1242.1550491067496,-8.384551877906935,-208.0,4746.6590898435725,1236.3054841918265,-0.00011735962773270932,26.58261257414024,-2.1002701261985974,7.590803485238881e-7,3.582361478106451e-8,-4851.615992605075,-29.83080703452602,-1126.0,764.7379366761049,0.02837725884190098,-6.160261351332238e-5,47.25019761050782,-9.528439347214661,7.692136046665994e-7,3.646324535984964e-8,1270.5697194809752,-66.05773055144068,-2007.0000000000002,4471.1666469097,23.408605588519137,-5.7933612097821724e-5,169.00541103408594,-25.670389516364438,7.828907421692778e-7,3.611712094202656e-8,3031.295608637982,-11.205824826687822,-7658.0,142.05917372140485,0.0007041748375096286,-6.276036630625235e-5,57.32476234446165,-14.808811531917488,7.681706785135794e-7,3.5730778727431756e-8,2230.961514303598,-30.53728074413488,-2385.0,14940.767606014284,1993.6188292563993,-7.470050379613216e-5,535.6501412410943,-25.52421863234221,7.960030287188161e-7,3.5156565690588886e-8,719.9997054716996,-19.511988038598368,-18145.0,53760.74061447181,8465.27274367714,-5.60112697343472e-5,1803.4856115373827,-249.82651212480843,8.158066907871575e-7,3.563274032975158e-8,3109.999087766756,-50.6714888933847,-66839.0
t190,13334.421170924097,1829.997649636123,-0.00010624764184278029,375.7693096067353,-0.00450757854043753,7.945193220623626e-7,3.6156986834563755e-8,-1310.3960410840398,-16.78747505545886,-14213.0,2240.759889430574,1574.1817646787897,-0.00011620917319803268,25.066891223388197,-6.621489069374661,7.496682865277308e-7,3.543885145142296e-8,-2632.2797792605534,-17.107161208901168,-1184.0,46.732565164888356,120.27571452503915,-8.191637305742521e-5,19.022727915540315,-5.024215564191975,7.467554970541909e-7,3.532106756416552e-8,724.7114082819502,-8.71811892799334,-897.0,3014.8519972049958,0.03239342672414004,-7.775999092688452e-5,37.630807809493156,-8.111597678702198,7.535574954363297e-7,3.5425045823271846e-8,-1215.1909783600095,-52.21254509045072,-1777.0,1412.6930120296313,12.153765838220188,-9.005832857891983e-5,4.335443245714968,-1.134604605979626,7.408087810261202e-7,3.5517226902763386e-8,-1216.8338922728733,-8.213634670214429,-203.0,4725.525143214705,1351.7966433550253,-0.00012145577485875228,22.98774679050502,-1.7682083763433605,7.536695608858041e-7,3.567938161209866e-8,-4973.688484036137,-27.852720001504785,-1097.0,762.9729418090728,0.03686903612477635,-6.621285427733527e-5,42.591078763234044,-9.007577486075583,7.61765007179153e-7,3.624869589183367e-8,1227.8436176842922,-68.43686406015932,-1956.0,3923.4779395457763,33.56025391545199,-6.157845540543501e-5,152.45386067300603,-24.700442992927194,7.74442901735648e-7,3.586981484165114e-8,3390.283103302876,-12.074652965922331,-7463.0,142.05919517817713,0.0011046157100276183,-6.550388395311905e-5,51.931262054250666,-13.139659371387623,7.613744348953451e-7,3.553458005670145e-8,2175.5524528730534,-30.40429032952658,-2326.0,14809.93510949546,1554.5151336716974,-7.18828459425935e-5,453.7115473003404,-53.64920464013769,7.953020870613442e-7,3.5158847073603535e-8,719.9994746660777,-19.51198798044281,-17465.0,54344.76296450869,6166.714061750336,-5.219848289500967e-5,1543.498734511962,-172.30333625990497,8.153738132718494e-7,3.5641642629475765e-8,3109.999118205364,-50.67148974535573,-64941.99999999999
t191,14921.147971797904,795.7490407099554,-0.00010656064636778618,296.4934852945101,-403.3505899291081,7.934077336913535e-7,3.617666992001046e-8,-2235.92169008842,-25.11811107370822,-13349.0,2211.420137182413,1521.143105457945,-0.0001109913920894811,19.90344150280616,-4.792004944850358,7.488516214849228e-7,3.541684324950554e-8,-2594.6689575769906,-17.005611028458652,-1136.0,46.73249694673639,173.70784739002343,-7.679128906815204e-5,15.104158435992,-3.639010885988522,7.464136812360243e-7,3.531380928519797e-8,636.9493744722763,-8.854790088722917,-860.0,2950.3978072051277,0.08478007432285666,-7.354021777379904e-5,29.879916870616157,-5.845286849921413,7.532191188728763e-7,3.542385563814224e-8,-1219.250548879323,-51.2665953612727,-1704.0,1270.3625329281508,29.36792447999264,-8.657105583735214e-5,3.4417018119673815,-0.8256157860187682,7.407476027509273e-7,3.552098110489645e-8,-1099.9219781205015,-7.424479236251576,-195.0,4703.243288149816,1166.704600698893,-0.00012282978882767427,18.25233280539446,-24.086511525992776,7.527690283167497e-7,3.567014402798087e-8,-4772.772717173902,-39.34087063199895,-1052.0,764.3694496937682,0.10095539264483687,-6.336652419102761e-5,33.818758872648935,-6.378974072529871,7.614181088677474e-7,3.625552617793329e-8,1159.9426445255751,-74.85277151172981,-1877.0,2739.5889809852865,89.54637010594593,-5.8578410197661666e-5,121.0519111923831,-15.999286410264626,7.742234277169459e-7,3.5883212744143166e-8,4236.016916794562,-14.204834182898654,-7156.0,142.05920856828013,0.003715549224934138,-6.0783203096044726e-5,41.234276742800844,-8.478942975108737,7.609899757457522e-7,3.553669044332761e-8,2088.0986489013003,-29.916846486299317,-2233.0,14265.674830595019,1489.9992300370648,-9.706188038348767e-5,350.0253139924681,-530.5555961837217,7.909286692545287e-7,3.516670103489223e-8,859.4141853763143,-16.557866132182596,-16418.0,55726.611317258335,3692.999848463951,-7.622693403729262e-5,1202.6193970147374,-1735.4180380592509,8.078044165969204e-7,3.5636636866191357e-8,2942.114121769108,-47.92656970292851,-61781.0
t192,14234.740235989138,0.0002785577436826379,-0.00014637628371353686,205.011129890192,-493.3155056568058,7.889151249507203e-7,3.616712328913955e-8,-1694.0860520494682,-20.3499403125244,-12232.0,2089.426869964649,118.77238852333143,-0.0001503331712861763,13.961854450841585,-32.28790329062737,7.461632975273406e-7,3.6115739392994975e-8,-1120.3363815660093,-9.53667816932112,-1060.0,46.7324977179582,0.00033604205630787714,-0.00010436093649916462,10.594668575640165,-24.50463321512492,7.4180351046109e-7,3.5998407647869154e-8,771.8819072319241,-2.7046725244906455,-802.0,2948.8244136661147,0.0002380226471923389,-0.00011040478408631083,20.962566291918645,-48.46274062873351,7.535201266892301e-7,3.610595466331928e-8,-1309.0048897873457,-21.31947766123149,-1591.0,1228.8806585374418,0.00026022711946674837,-0.0001301074662989254,2.411568868923389,-5.5940056839201215,7.254994038582233e-7,3.618346294708181e-8,-1037.6939121199164,-7.004440217407588,-181.0,4703.237820245281,0.0006434177311418332,-0.0001723742331510336,12.8028902679684,-29.612646682849647,7.460558101175572e-7,3.6388352483506736e-8,-3679.0150593992835,-25.41347599177562,-982.0,760.8147799955474,0.00020725930265031028,-9.5487741675095e-5,23.726842218487175,-54.84742611058471,7.544825133292234e-7,3.686074104591293e-8,1085.135496683443,-62.82980502944157,-1752.0,3307.627646986829,0.00019414158443668427,-8.871809387917891e-5,84.9233510941029,-196.3454441697,7.827681177262141e-7,3.652888087015975e-8,3489.3090837126074,-11.514743173030332,-6674.0,142.05911230761038,0.00018419028387545744,-9.44565997451238e-5,28.92623464082318,-66.88738996510762,7.627464248742319e-7,3.626100774389635e-8,2005.3704911966986,-24.46853841339681,-2085.0,14903.59535206919,0.0003652046118563099,-0.00014298484239926528,242.326825302923,-615.0301658850279,7.780363057466774e-7,3.502935573581106e-8,837.2616604713594,-6.1538935328114475,-15362.0,56270.76197110349,2782.223312460467,-0.0001450235425525424,847.5294646331051,-1970.422270136936,7.92492071722264e-7,3.547743979421224e-8,651.1776556259906,-8.269988023015888,-58573.0
t193,10741.30236325283,0.0004048812565219024,-0.00019941018448088333,57.20735242002036,-126.43880454048029,1.0752337055871726e-6,4.0790982830146166e-8,1600.0090294151846,-14.08014646396583,-12258.0,1536.887772162485,239.99897311749453,-0.00015334589064583268,3.817459685358939,-0.001032763761247937,7.878892678609436e-7,3.81110568340048e-8,-662.2918587592455,-8.41116053408819,-1110.0,37.42547961517648,0.00041414707376880857,-0.00011074304912540885,2.8964137587296506,-0.0014439838922579923,7.856821671521189e-7,3.795120234618664e-8,803.495888186266,-3.816641535039599,-840.0,3048.5428704018427,0.0001046829847757835,-0.00018997476060669656,5.732869648641332,-0.0016413365094798793,7.915508264831107e-7,3.8069153364638956e-8,-1365.803460986615,-24.4705529241797,-1664.0,1320.3323067698805,78.85157863328736,-9.757795856479779e-5,0.6578332609681778,-0.00043564445897915715,7.784850405968636e-7,3.815606911311277e-8,-1201.7295045928158,-8.111681383070085,-190.0,4920.948214916762,960.6021293515097,-0.00024110770412461423,3.5001429685084386,-0.0015858066077188713,7.893693439232247e-7,3.820942726484169e-8,-4823.914715109636,-32.13394578260312,-1029.0,756.8699068125608,8.493165102928356e-5,-0.00015852438222711354,6.489345194862575,-5.0311339445455845,8.020261603896028e-7,3.887319847972006e-8,1111.7702312544786,-41.098276245939765,-1829.0,3584.998445865961,7.754729015888368e-5,-0.00014292135385624558,23.224981885665027,-18.012346556693622,8.205437937989269e-7,3.8506171029666316e-8,3427.0984347536646,-11.309451107455192,-7006.0,527.9022613042982,7.097878679871254e-5,-0.00020288154252207574,7.909859434053775,-6.138959100755257,8.003248360950357e-7,3.8128373835704555e-8,1653.3791962539406,-11.052226512100065,-2172.0,18673.361407707936,0.00019192729808276284,-0.000690223931837278,53.5847926752963,-399.4355288130489,1.0683923272728196e-6,4.077182507399447e-8,-1919.9981880368168,-19.511985665118505,-16388.0,63011.50264471049,0.0038523156148079886,-0.0001977205659861889,247.88816397897128,-0.0006126750200521689,1.032510507984611e-6,4.0087352771324315e-8,1377.9849476215943,-20.378798190940177,-64617.00000000001
t194,10040.438317320468,0.00030907923151534246,-0.00022963798377598544,34.08821330344808,-254.7198100752219,1.0735471340544634e-6,4.091502274765046e-8,1381.3491141164823,-12.15591429266427,-11189.0,1728.5774846243964,79.53641469752212,-0.00017151590391103547,2.362196632401185,-9.787069093602671,7.786603217608693e-7,3.792396713560202e-8,-749.4412237801769,-2.247631994646505,-1049.0,37.425336017058804,0.0003999144184816803,-0.00011696718579044713,1.7923401032446225,-7.152325643225852,7.765700839667929e-7,3.775810213620982e-8,763.9971787271435,-2.0628126969148086,-794.0,3068.1425053575226,0.0001300173104538768,-0.00016627691195152493,3.547242798492172,-0.007549420261451544,7.826870977917435e-7,3.786772440220676e-8,-1475.5876995165422,-24.094463438267876,-1572.0,1320.2042765884023,0.004030820369304659,-0.00010481171613776047,0.40734899834111754,-0.0005896534019089616,7.709568918436248e-7,3.801074145655309e-8,-1133.960720420059,-7.6542420487600475,-179.0,4943.739387305027,0.001225840550074697,-0.0002246172985593308,2.1659707094253395,-0.007162293673778244,7.8228804605988e-7,3.809178971798215e-8,-3947.3735557815994,-26.5256417254495,-972.0,757.4691693158798,0.00010559398571445383,-0.00014026623252200634,4.0152164690739145,-22.176891589649852,7.93533274306452e-7,3.86810143368521e-8,1032.3497878546793,-44.65724789050809,-1727.0,2795.6284983810137,9.336924162877349e-5,-0.00013585546492088515,14.370959642453325,-79.40650895636122,8.055467543036348e-7,3.8087261604483404e-8,3910.3111470752483,-12.90405381891272,-6628.0,527.9019568923394,8.27261730912859e-5,-0.00019116014323150866,4.894540193770327,-27.060771703244882,7.909969761676429e-7,3.793596864452767e-8,1552.909695777256,-10.645313239961018,-2048.0,16930.901564733897,0.00019351650297581057,-0.0004891800903386074,37.537065194908294,-255.73722153766676,1.0192071531742498e-6,4.0904351834039676e-8,-1319.9991047419514,-9.70200843674888,-15383.0,61319.12733330909,0.00031447800391723067,-0.00025523796528223404,139.28062626716797,-979.6685138600503,9.48761834725041e-7,4.050329252828862e-8,-14.554619310480085,-0.18488569626940277,-60464.0
t195,10563.040491356373,0.0001807920437524502,-0.00018752236451438233,15.347501976453275,-188.67852220830432,8.440426283025842e-7,3.745586773514033e-8,144.5627244590074,-1.272188771100449,-10533.0,1527.774680351305,0.0007381104294458682,-0.0002465494674467506,1.0888149302656593,-11.614740486117881,9.682108433387545e-7,4.204246448643045e-8,-509.87256602631936,-1.3766810755576249,-1006.0,37.4253376903242,0.0003024323432896025,-0.00017271483776712892,0.8260805327520041,-8.816178599840917,9.249365566055694e-7,4.187450744866573e-8,734.0059365335862,-2.441306698518498,-761.0,3032.102881034281,0.00014360712137425466,-0.0002562741304764362,1.635141338461303,-17.428344614576094,1.014872089008092e-6,4.179829171232033e-8,-1484.712700725521,-22.59686522068977,-1509.0,1220.472064432839,0.0005183707724104281,-0.00015446223520515528,0.18750671615201334,-0.21071775654984384,7.651258756463034e-7,4.17503222149111e-8,-1041.4196273135929,-7.029590619794113,-172.0,4954.289548012026,0.0005470202639935547,-0.00035110328047488774,0.9983103058720918,-10.65376801220667,9.583697935011161e-7,4.17193496728558e-8,-3988.8341806070325,-22.800106466513178,-933.0,758.9661616998068,0.0001206312592185336,-0.00024528364218827256,1.850892133709016,-19.722724588728877,1.0219903913363245e-6,4.232329981735386e-8,968.4011829150104,-53.49538831908301,-1656.0,1769.3527971369986,0.00010859180797352046,-0.0002392925645372567,6.625922709648674,-70.61107277252168,1.0654002483159626e-6,4.188502804414686e-8,4674.056900936036,-15.42441807382113,-6364.0,231.75235530037247,9.410527031212385e-5,-0.00038503808678310336,2.2563987644469004,-24.057775217780385,1.0306405393935194e-6,4.196668412941234e-8,1764.3547809888646,-11.305469787020925,-1963.0,16142.065969294976,0.00020393931916206046,-0.00047233183772691886,17.398434109831054,-157.6556204829759,1.0698793513284077e-6,4.1245851921680915e-8,-1260.5435004182123,-9.265014719462673,-14732.0,58432.1179331135,0.0003346584202646752,-0.000254789575182773,67.71828103284105,-677.8372924060095,1.0360834995253875e-6,4.054042496553978e-8,0.0010492581736352249,-5.095380434222287e-5,-57822.0
t196,11370.33865936994,0.00015574857993231285,-0.00029174790303141226,15.630510657508912,-233.69602957301387,8.101898656634272e-7,3.8094795477876417e-8,-1011.239927526478,-13.03307686815477,-10128.0,1325.7772875566775,0.0006578734202268076,-0.00024649652682868253,1.1695590805331308,-7.7159895518866355,9.641224850509293e-7,4.2028561553451335e-8,-331.3366178603666,-0.8946513425591159,-987.0,37.42533188151116,0.00031324383487340386,-0.00017011544717403186,0.887414130246749,-5.856998242423051,9.210185082316665e-7,4.189564548705177e-8,716.2671586463338,-2.7230503642872184,-746.0,3063.997527475656,0.00017281377122834314,-0.00021895306554872322,1.7558830499680784,-11.577582402440802,1.012760001391343e-6,4.181845934147029e-8,-1552.3631238262176,-22.812659010675766,-1479.0,1220.3653895265275,0.00048221656295069164,-0.00015937747478214816,0.2018849392157475,-0.12282380122444414,7.633093171717069e-7,4.173978584949178e-8,-1044.3950990700364,-7.049675064330667,-169.0,4931.499064160936,0.0004980318152495759,-0.00031907027676769336,1.0725878608267003,-7.077780184530796,9.542310957612416e-7,4.1724794841150375e-8,-3988.1602737637986,-22.333777884910443,-915.0,756.7181073249176,0.00014718792571231305,-0.0002075328409797748,1.9873163430266187,-13.10150544119418,1.0200842015839163e-6,4.2350729941375447e-8,935.7375304023226,-58.34138909688776,-1623.0,1741.9096512437804,0.00012985646939755796,-0.0002025794231324026,7.117539311834884,-46.90725114938325,1.064337366805063e-6,4.1866904452780406e-8,4556.9179920267015,-15.0378595397007,-6244.0,231.75113830172236,0.00010370975500155852,-0.0003342821505330707,2.4238724833654124,-15.981994533311884,1.0289840641637495e-6,4.195961172210975e-8,1718.5694133483341,-13.762199909729706,-1923.0,14517.344591429724,0.0002179561632351865,-0.00043040466126790004,19.72618605637313,-101.06948627218237,1.0699666747136136e-6,4.0957257387962934e-8,-0.0010476896286827847,-3.138800481598045e-5,-14436.0,56566.33924414112,0.0003534929871921707,-0.0002431759715777025,65.31203164227192,-365.65529845830946,1.0368966634546172e-6,4.027676147624673e-8,0.003995312834246039,-8.290177688607295e-5,-56266.0
t197,10376.611508359812,0.0002122363970423869,-0.0003283755030302744,15.988184158514475,-23.005508593134397,1.069002472826061e-6,4.167817626920662e-8,-421.11948504069267,-5.47458292486316,-9943.0,1249.2266254816248,0.0006253794354176804,-0.00018924612547479522,1.225104649579171,-8.102876817551019,7.823541483474882e-7,3.808593754760831e-8,-255.56264752758477,-0.7866424304170725,-986.0,37.69729162922512,0.00034895094684284154,-0.00012447202251147653,0.929133572163043,-6.1496527278439705,7.78536005222554e-7,3.791793586963861e-8,716.4219233544525,-2.8989209183523066,-746.0,3047.881827332441,0.00021495200756327636,-0.00012661882839202753,1.8414351889844707,-12.159628014020644,7.845077197699283e-7,3.8061907236817e-8,-1537.549852793349,-21.013870602478946,-1479.0,1099.4287520425507,0.0005049100309486296,-0.00012446076839921566,0.20925581414424685,-0.5294129128495695,7.72766054638183e-7,3.814107109562655e-8,-923.8728262042613,-6.236149761606818,-169.0,4915.534715231206,0.000430301271087079,-0.0001944595407917655,1.1227476483329253,-7.432605505126561,7.827742917668396e-7,3.820099091900311e-8,-3971.981939819548,-22.243153997337007,-915.0,761.2230230524308,0.0001898853193279687,-0.00011490649052962934,2.085056615209926,-13.760179993243256,7.885493432523667e-7,4.0047346664890945e-8,925.8301698700182,-52.378145176579444,-1623.0,2556.474998498703,0.0001623290154838326,-0.0001014504493841844,7.458558759265562,-49.2861150709798,8.060688735469017e-7,3.8176507769497844e-8,3743.7067592720337,-12.354262544235246,-6246.0,232.49701654752545,9.638720132227599e-5,-0.00016684786286174074,2.5391612113428277,-16.78897945423666,7.914581845388405e-7,3.8048317072208516e-8,1714.4654939076727,-10.712622342949258,-1922.0,14543.751944135727,0.00024401403296996812,-0.000368403766288531,20.44678274348857,-60.19821495164849,1.0686123118214222e-6,4.314598298930634e-8,-0.0003541908840689245,-3.393776609983889e-5,-14504.0,56418.408927135184,0.000443313934377785,-0.00023056726479978392,79.46668678769164,-225.41583138300263,1.0363705343375945e-6,4.472276454486282e-8,9.662759172143284,-0.12275520457576881,-56282.0
t198,10074.327811263494,0.0002509800307698611,-0.00028369919747977954,37.23488511731404,-0.0014222409830888774,1.0702668882772994e-6,4.094974942951569e-8,-39.05351517717539,-0.5077264711903351,-10072.0,1457.877132469389,0.002644817029422603,-0.00014885756750278035,2.885908328232698,-0.001149155606850116,7.85504680396376e-7,3.82723334041914e-8,-431.599048766446,-1.1653392737699062,-1028.0,40.96130598945871,0.002298289236000945,-9.139853799209988e-5,2.1898245355492256,-0.001081715765771329,7.834646187645701e-7,3.812518868083222e-8,737.4659448451316,-2.618201098461399,-778.0,3051.152609064916,0.0008294667533336243,-8.933545166311117e-5,4.333259185403882,-0.0012103074330558506,7.865789962143746e-7,3.812396084040581e-8,-1493.0158709255725,-21.46952750429242,-1541.0,1142.7181585348208,0.0035198954392366187,-0.0001005464127266769,0.49804436661713497,-0.0009182055794154973,7.727975783741768e-7,3.813342598719592e-8,-960.7337452863769,-6.484959159691943,-176.0,4942.296127481235,0.0011009265038736903,-0.00015360098772539184,2.646200961175199,-0.0011150189830353174,7.84332584375998e-7,3.826086131815966e-8,-3969.711724071398,-22.23043709112986,-953.0,765.4043443431078,0.0007717268975897774,-7.356558236990778e-5,4.904807243863957,-0.0012710402750717297,7.991924483116181e-7,3.898138333759727e-8,973.3342743418683,-53.642853568818595,-1690.0,2563.412413411725,0.0007772640054156204,-7.326598365594889e-5,17.554726000492373,-0.0014810783737332146,8.146038422816964e-7,3.8511000915241394e-8,3938.0291605207212,-12.99552299396265,-6506.0,241.44945636949487,0.00014444563439954412,-0.00010817407641673066,5.979116029967847,-0.0012485145064933924,7.959868003680592e-7,3.824374760061605e-8,1763.7764916806575,-9.20385235757815,-2001.9999999999998,15725.838874125231,0.00019904546599309133,-0.000239415111149109,50.72953782099464,-18.264471412957427,8.379086507348466e-7,3.7840018035306576e-8,-518.4929578484162,-3.810941907321724,-15236.0,58219.34453385811,0.00039661951404546756,-0.00018062449752915684,173.28180451079822,-65.62750206472786,8.47090132368829e-7,3.809192936446005e-8,0.0009906870054556326,-4.271432817437141e-5,-58327.0
t199,12396.1499681423,0.0001118713151469268,-1489.9113804942112,107.75342684580116,-111.72871566036139,8.316805217987249e-7,3.748528403105172e-8,-209.53937090608042,-2.724039638073246,-10690.0,4001.7125885278906,0.0004461529944443636,-0.0002797361335373751,10.635301192859815,-2.3572949354239747,8.665883222306586e-7,4.1952275620576825e-8,-2896.813647517824,-11.177114226621862,-1102.0,102.70369557837788,0.00037091435001607994,-0.00012185162394375433,8.067370900957028,-1.7886585001446687,8.450047763439619e-7,4.181527426570685e-8,740.5808656310772,-15.563523317915294,-834.0,3140.0269331793784,0.0002325785244162828,-0.00016567298387693363,15.980384897432115,-3.540301127862725,9.017038515071453e-7,4.17304420162223e-8,-1460.3947328224642,-38.07235168522692,-1654.0,862.8760573966289,0.0002812758069582495,-0.00017338134259775378,1.8231125671608366,-0.4071157631943503,7.528430636972715e-7,4.1687836838104495e-8,-670.7644937257458,-4.527668888411673,-189.0,4924.860231338595,0.00033513526648413133,-0.0003725154497505277,9.748575944085903,-2.1622723944406097,8.622384482267593e-7,4.1593054413484326e-8,-3888.669893401851,-21.77660475965025,-1022.0,624.6681187552178,0.0001961747389302052,-0.00014634723067017877,18.092528844769106,-4.0075870439636745,9.135458761314322e-7,4.21890931831356e-8,1247.4015488678658,-70.15465987774391,-1816.0,2635.8186551481986,0.00018605917783866426,-0.0001268492420526982,64.72862072440932,-14.341234168665816,1.0043465097869865e-6,4.173183242837526e-8,4293.964010448175,-14.170111867497747,-6966.0,411.02005124503637,7.913665091790009e-5,-0.0011374654139786346,22.039690028733997,-4.885071378282966,9.30377987105146e-7,4.17602698282675e-8,1744.47863648222,-17.652248829810972,-2155.0,15420.332587527657,0.00014231621049474102,-0.001574792911388794,182.03004179214616,-39.93284871267345,1.0149873985315225e-6,4.110842389789963e-8,764.1884754852211,-5.616823631784872,-16321.000000000002,61131.89624919489,0.00016811562725083733,-0.0004967567521713837,636.2755580418569,-143.47826313597866,9.473413964298448e-7,4.062052863140789e-8,335.5686014594071,-4.261816959869629,-61956.0
t200,11898.565351071273,0.00011075276657065018,-1333.4162005544536,167.74160686532124,-82.1977562313259,8.110410523195361e-7,3.823340270472553e-8,1180.697066824132,-10.390178481399793,-11821.0,5888.316877320921,0.00048182755949040284,-239.9982694714286,15.629808238325952,-1.604240830062952,7.57776442845483e-7,3.847508025944715e-8,-4432.377234836559,-21.967422594919345,-1208.0,93.59630315958165,0.0004383871880295066,-5.8539956605895086e-5,11.858740188229318,-1.2167640464246565,7.537109840594413e-7,3.8311191496234884e-8,832.378769075894,-21.61742867224901,-915.0,3113.618666875091,0.0006176677151082046,-7.609367241150498e-5,23.47351171546997,-2.4102590668991746,7.752851759888463e-7,3.852581849213147e-8,-1278.1113701805482,-43.57109133723756,-1813.0,738.7969849665315,0.0006992366255238272,-8.793664083272894e-5,2.69218787388548,-0.2738807051075568,7.425205649395041e-7,3.847498730649827e-8,-530.6341153710769,-3.581788479227998,-207.0,6283.3342503626955,0.0007304860296255884,-0.00029388627037462973,14.330268581699695,-1.4694796994131403,7.670866258737888e-7,3.8693422676251865e-8,-5142.461158670786,-33.734317639893334,-1120.0,651.1321156225475,0.0006270992348289485,-6.050234414744801e-5,26.571525657396116,-2.7287063113083665,7.796148491140047e-7,3.9162050970287305e-8,1392.4075487308232,-74.38305076901177,-1993.0,2539.6262066131007,0.0006357565364782912,-5.3597879351919685e-5,95.08950608455208,-9.764783297609986,8.113779052620313e-7,3.86801815553786e-8,5017.606618680967,-16.558130405986347,-7626.0,385.3850969258113,6.812003491026023e-5,-0.0014793464221571331,32.3839414713097,-3.325068326190256,7.868579888227695e-7,3.868911652452038e-8,1960.4975302285993,-7.940089597163528,-2367.0,17957.25187983688,0.00013681850497293053,-1137.8899138201864,266.3183744337767,-26.871757538976336,1.0586989439709736e-6,4.06574610296736e-8,600.0012959356367,-9.810015560410081,-17649.0,68952.66351159524,0.0001308630864390264,-3376.439916500421,762.9889119547206,-768.6975995302388,1.0198054476852568e-6,4.006676316519491e-8,399.9950495829173,-22.510087902157643,-65948.0
t201,12131.773963173178,0.0001448610224341712,-1702.500886483279,163.91255054888464,-227.82759133403218,1.0108344988889737e-6,4.14036751640135e-8,2863.8823006654184,-30.240481636180565,-13199.0,7753.181915419174,5.597089379286894e-5,-1838.460910375617,15.97139074423948,-6.191526467338834,9.377252957097647e-7,4.207095442356309e-8,-4596.4598644192,-23.04106158580759,-1305.0,87.66203524093093,4.9447287415838216e-5,-79.85590923736763,12.118811122520862,-4.6939280133022185,9.013160327282927e-7,4.194056260256187e-8,996.4600023341403,-22.69106168057394,-989.0,2949.315582378433,7.449028851213186e-5,-0.1544931582269155,15.470341247293396,-38.27423546348824,9.90794936964955e-7,4.193915581558564e-8,-912.1017718672666,-56.255498434058985,-1958.0,522.9167961153149,8.089556086921666e-5,-56.0763757315148,1.84658425775467,-4.171185183681584,7.533726004720099e-7,4.1850410940640966e-8,-239.89657423176877,-1.6193267498156148,-223.0,8757.730878913299,8.987386453195327e-5,-1581.4867045104356,9.499683782475174,-22.70391075988875,9.57616416899103e-7,4.195453158682095e-8,-5914.797080657725,-38.24295745498204,-1210.0,826.8733915311484,6.2747393871583e-5,-0.1806895617561694,17.535728654582456,-43.68558687381234,9.957767472476575e-7,4.23861537264921e-8,1417.190326815312,-62.73323408998953,-2155.0,6942.595491787003,5.7476918754278063e-5,-190.51846974667168,61.02338367174676,-183.40019602910417,1.0296094773173928e-6,4.188807405411348e-8,1609.6064609981106,-7.3067286872136386,-8232.0,369.777180393598,8.77312448579497e-5,-0.17698016256827245,23.520005723283248,-47.66195295094125,1.0300626954734577e-6,4.2104019135891726e-8,2234.692112453106,-20.1504540694327,-2560.0,21564.306466991584,0.00013643738241216625,-2969.204358479574,185.64495552748778,-555.1282767103203,1.056646181682871e-6,4.0760094138548126e-8,631.4220217932113,-10.040945427679715,-18847.0,76824.42339765998,0.00014784808898326684,-8010.527945336943,762.146793922683,-834.372992544557,1.0180028606993608e-6,4.0459866119692965e-8,1910.0020661166627,-50.67146780855601,-70601.0
t202,12490.184433562421,0.0001467031962024407,-1048.773345823516,150.72945325928367,-159.26244169468166,1.0586927183369262e-6,3.962554731404545e-8,2752.9197225334483,-28.79796878859268,-14157.0,8075.931519079013,1352.935806200649,-3350.8801762066696,14.391024220265184,-5.984959957539519,9.402307116958327e-7,4.1973869624663655e-8,-4677.3521437459885,-23.041070308279856,-1386.0,97.10098092252966,67.5886394039251,-175.73383632652326,10.919788264393622,-4.536776908704287,9.064458593434176e-7,4.1840715131377995e-8,1077.3522742505456,-22.69107041005374,-1050.0,3117.4678243170188,0.0002757013573101411,-0.11885398244247429,13.647340815504593,-35.60018414103639,9.924798015606106e-7,4.1889668408728847e-8,-960.6286259569181,-55.76777755849542,-2079.0,458.2161011461232,0.0003025265072812712,-37.10414419394791,1.5922782968237488,-4.399104613425982,7.565260929933079e-7,4.182173838287147e-8,-179.09650748623972,-1.2089262795189564,-238.0,9031.009480038925,0.0002922585409913043,-1312.4337885208995,8.405138341470124,-22.523032580015276,9.626161964912835e-7,4.196396950852323e-8,-6379.612168894974,-40.845921460693965,-1284.0,909.1154161145005,0.0002375301342136494,-0.13721694930765965,15.44356108471485,-39.95793163318977,9.974522955467566e-7,4.236488092742316e-8,1470.1135526818096,-66.57761959917995,-2288.0,6879.599595399359,0.00022037306520548988,-83.27066203442098,58.81074883295469,-117.73957522406369,1.02963425931752e-6,4.184370040646352e-8,2009.2251422772933,-8.625470155420977,-8738.0,395.81755546459965,8.065738807696135e-5,-0.10681302735850609,20.862984094201273,-33.61259846063006,1.0313402259690869e-6,4.208739218169035e-8,2354.680393184322,-18.641602793828522,-2719.0,21226.37951286325,0.00012750350420624772,-1842.4745397857953,175.93230995028867,-287.2584815137598,1.0556540164682125e-6,4.066835516458645e-8,622.3956689010979,-9.974597762488937,-19885.0,81035.256213158,0.00014667832910936522,-7277.52646502545,674.5678824756795,-813.6290110069059,1.0155163032022435e-6,4.025839886023752e-8,1910.0026922556058,-50.671458603524755,-75478.0
t203,12782.859470913674,0.0001330046165805811,-248.68662108560886,152.34916110698023,-263.9820624350154,1.0098117307290091e-6,4.13227081097042e-8,2459.44269352632,-24.982775351758065,-14857.0,7853.54062796002,1802.2974080386318,-3390.6518764708026,11.096003156032324,-24.66419750158272,9.417316369033367e-7,4.185331883046763e-8,-4784.576893231941,-23.041072584889243,-1444.0,94.86167080769233,53.74449048306694,-207.4183129248365,8.411375701007174,-18.485139894419955,9.092803491514069e-7,4.181697576812445e-8,1184.576987778608,-22.691072709232714,-1093.0,3154.130661019902,0.0007705436535833074,-0.00017569319502593536,16.560394189677183,-16.54653943302097,1.0183649994513951e-6,4.183598576656207e-8,-946.5467904883044,-41.598320966330824,-2166.0,525.0985623756425,0.0008061852680274544,-0.00018529332548036665,1.9493899863174615,-1.9399934166142598,7.768364421096797e-7,4.185494744928337e-8,-276.24392438868347,-1.8646560776122376,-247.0,8825.574148298594,0.0008743265509570216,-200.62764901763188,11.45140560509268,-3.980722009921157,9.890296983467756e-7,4.1934300160454186e-8,-7248.7052939932055,-45.712764008248335,-1338.0,948.3970809859113,0.00029363427459153113,-0.00019821117757193296,18.622870799053267,-18.622676970682942,1.02361579592179e-6,4.233086549363188e-8,1522.4706367130882,-86.86800771947017,-2384.0,4958.867913602752,0.00026278266658788334,-0.00017330317469027576,67.92594278140214,-67.92575941995405,1.0559022697593451e-6,4.1824863799952757e-8,4151.827849976847,-15.696036977002635,-9095.0,389.9425960026308,7.960139474079878e-5,-0.12788431066462835,20.67517929865634,-45.527509335640076,1.0324310217594693e-6,4.182110688983352e-8,2487.048079482096,-16.010541621694475,-2836.0,21683.07526812999,0.00010129563763007103,-1525.0383469998853,191.96286515487907,-223.34204291781322,8.146541963720591e-7,3.727411854294304e-8,783.5008740731496,-11.158718192483333,-20899.0,84892.1548420197,0.0001304203800436064,-5467.856017426206,716.9675071715571,-547.9789529907771,8.328725953945622e-7,3.773543447050281e-8,667.2057805520229,-27.493289257431094,-80233.0
t204,13889.64351913922,0.00011364506971107528,-0.0009661208863612243,192.2952151298465,-192.29621546165674,8.124892063919709e-7,3.8414625744942667e-8,1579.7022304691534,-14.343896617161871,-15455.0,7745.469208101682,1869.7793895294967,-3323.170320905149,13.169843604940224,-17.488925943547887,9.426042452295675e-7,4.201074304624162e-8,-4778.718122883894,-23.04107211622649,-1486.0,87.67322014163823,72.91095957589494,-188.25228006121358,9.958193326457907,-13.317239011649026,9.108594258571456e-7,4.195288243046324e-8,1178.718217551137,-22.691072239424606,-1125.0,3181.430676735478,0.00033593357369829667,-0.00022118056862128628,21.785166777402598,-7.009792700243179,1.0188484452846443e-6,4.19608065864567e-8,-924.2659639048226,-43.94020242945204,-2228.0,598.4294481328395,0.0003682809089175403,-0.0002325555762316536,2.4959403468431485,-0.9601650723722542,7.776012569026903e-7,4.2022298097465566e-8,-342.6524460289222,-2.3129136873298175,-255.0,9919.38474013624,0.00040579524505496387,-819.787579419144,12.697470649817657,-6.605847769903343,9.9007353995278e-7,4.1950647293748895e-8,-7681.789356969013,-47.89983323465412,-1376.0,1004.5034180848877,0.00024029619905959908,-0.00018926573042470822,21.58266274988427,-21.58264449428465,1.0296952198713093e-6,4.239437162286482e-8,1538.5443062696825,-88.04779442264731,-2455.0,2908.6814542539378,0.00023492671528800195,-0.0001578631740377676,78.82375109269618,-78.82371371238104,1.0619244078912797e-6,4.189844665829851e-8,6465.519030729484,-21.20059998833362,-9353.0,370.987430440234,0.00011427741245641454,-0.00040590988766119534,26.360576155087976,-26.360701647778143,1.0364101773475661e-6,4.1928023686217695e-8,2563.5242763456463,-13.51129054624298,-2921.0,21728.80447476778,0.00013925039593949766,-0.0011831230974799945,227.60526863903323,-227.6055935030627,8.958850701891001e-7,3.989546608937755e-8,1.406551704256187,-14.20965732161248,-21716.0,90067.69914507201,0.00013089020912646928,-5939.773566465044,805.8442660952461,-784.2710569532403,8.572530298459471e-7,3.9960760368997885e-8,400.0112767172906,-22.510194989188502,-84527.0
t205,13482.083067872623,0.00027773230630714435,-0.00016649047750195458,206.41347286660354,-206.4126399383185,8.325877017352729e-7,3.895113554485179e-8,2367.7061874457218,-23.79019933810643,-15826.0,7939.5713587018545,1778.7894724800462,-3414.160822829548,13.95607614433741,-15.27984565777929,7.514030697726047e-7,4.003381456286352e-8,-4773.835166905929,-23.041072356362363,-1506.0,98.86200219179231,76.30426314356605,-184.85953503511303,10.523828894582628,-11.97475005416495,7.416900104684498e-7,3.9868828966391506e-8,1173.8352627618815,-22.691072467981904,-1140.0,3259.814127275182,0.0001986938546243457,-0.00022300619186451173,20.607094110848905,-17.420198876894656,8.134923756058581e-7,4.007115468428491e-8,-960.1404809015091,-43.86051782510543,-2259.0,663.2949184392137,0.00022422221140571154,-0.0002612114879845444,2.4775186575961277,-1.717029951982039,7.374251385468224e-7,4.001255762696961e-8,-402.3395685931295,-2.7158020834807695,-259.0,10161.73552495067,0.0002648846658979199,-1133.3024174339798,12.422207098759973,-12.209364021296551,7.936118755602706e-7,4.005509274236699e-8,-7586.228963261283,-47.41725279598044,-1395.0,1299.795991838515,0.00034748675424852555,-9.699434113660487e-5,22.74811465043909,-22.747554738619336,8.295087361822961e-7,4.063680609888136e-8,1284.3802632345332,-94.1770660807658,-2490.0,2965.023809647645,0.0003615220710420655,-8.17867036612352e-5,83.28898670700691,-83.2884569369558,8.790324825827108e-7,4.0271676823902344e-8,6532.3363419557945,-21.360961481293145,-9476.0,401.0887072412259,0.00021639879453625992,-0.000110479548998396,27.817129051807658,-27.8166014201248,8.398265703885606e-7,4.007505606121783e-8,2581.646092760728,-18.735434236730484,-2964.0,22848.918817291913,0.0002469541771050929,-0.0002058698488771121,267.67272434797985,-99.4627300322625,8.226196110263052e-7,3.722935513321953e-8,-617.3711686855165,-18.757683363962247,-22381.0,91435.95293498102,0.00012337342573369008,-3847.144261340555,862.7389033074612,-827.0486894516939,8.302539809029163e-7,3.760626269091783e-8,400.0112001887082,-22.51021049157162,-88002.0
t206,13250.697000493697,0.00030462586930461705,-0.00013790712591851918,208.1232918852151,-208.12118015285844,8.29850555020693e-7,3.840428841818152e-8,2812.8781532411526,-29.57743195122041,-16033.999999999998,7828.386520248229,1846.7728722716276,-3346.17742737316,13.766238831653132,-15.890357655640473,7.351521732355804e-7,3.825364480843743e-8,-4777.816773443816,-23.041073162509058,-1526.0,85.41287538543737,89.28419966416092,-171.87959661920962,10.368960248343859,-12.312228165222262,7.331535883557781e-7,3.811976556018572e-8,1177.8168623163485,-22.691073247460267,-1156.0,3275.0270072716366,0.00015384007060011083,-0.00029634978237584575,20.305163281165722,-20.357177878266693,7.848461332204931e-7,3.839007906496114e-8,-942.8406944717888,-44.13415606908769,-2288.0,776.3726278443884,0.00017926054734142583,-0.0003360933089451313,2.3574974106711446,-2.3645161061944022,7.662208271118664e-7,3.840268302865419e-8,-511.91005081494166,-3.4554019217224514,-261.0,9568.4149381351,0.00021088992812706914,-613.5666062957209,12.241614230222675,-13.180221619858862,7.801493640030378e-7,3.8512622936718305e-8,-7493.9586482419645,-46.951287576933204,-1413.0,1259.88908761053,0.000308825337699036,-9.229717681686905e-5,23.080917567488697,-23.077501791380882,8.05567809289517e-7,3.9186761276852354e-8,1357.9862420838065,-93.87896243201122,-2524.0,3229.7929773805718,0.00031871107074670494,-7.68892144866555e-5,93.04923449218721,-37.158423475217,8.243365243149271e-7,3.868008861020072e-8,6327.184566088656,-20.868596468340044,-9592.0,659.8353185749173,0.00023667065095060898,-9.111564852867842e-5,28.13145025168201,-28.128203627868913,8.060429881767013e-7,3.857171823473143e-8,2370.6477823556897,-24.48649363547778,-3006.0,23676.677001845634,0.00021151663976235805,-0.00021721033088791065,259.2628785541085,-161.42893444069065,8.263168953223355e-7,3.730043033762697e-8,-719.9989483421332,-19.511991303222757,-23035.0,92183.87007083805,0.00012590197538432017,-1827.7813204882252,902.4466709050445,-645.0368420451198,8.351448444814618e-7,3.773659575658444e-8,400.0115092289902,-22.510213756567133,-90991.0
t207,13200.750315860048,0.00030769220552395076,-0.00014698071658654773,251.3315093873433,-108.5707754526543,8.258750023089604e-7,3.838360908061128e-8,2959.9785253972896,-31.48973571123674,-16271.999999999998,7849.420288965179,1843.2179373675071,-3349.7324013167545,14.50112677755306,-17.168063722083087,7.343780035059632e-7,3.825282954075371e-8,-4781.197814952011,-23.041073404308936,-1536.0,88.95177671237487,89.55763287017864,-171.60620276635836,10.9218449756473,-13.331890467380635,7.339738245535519e-7,3.8178523314292916e-8,1181.19791180741,-22.691073523451717,-1163.0,3213.847068210833,0.00012082498710928134,-0.0005395708887531546,19.52697655260869,-37.45071753268811,7.849254376088415e-7,3.843450013187463e-8,-847.4516764948778,-44.471232385288396,-2304.0,695.027583677648,0.0001415453129651171,-0.0005984090556023285,2.219539246551613,-4.517838862718362,7.673353938651686e-7,3.849728446985113e-8,-426.84759719996936,-2.8812304365289876,-263.0,9590.744713137628,0.00017256227178387825,-432.6374738332361,11.651517727023071,-24.48768784834763,7.793706711159412e-7,3.852399173587965e-8,-7674.4086817756315,-47.86256041338445,-1423.0,1273.7491564128156,0.00021385978651169212,-0.00010222203044905656,27.19149650994208,-12.711682895937619,8.054303321340625e-7,3.921991058382261e-8,1347.784306035575,-94.01338818174727,-2542.0,3453.5292132563304,0.00019055660967483846,-8.804847514749758e-5,94.61413254646867,-65.40461453915115,8.248455583183841e-7,3.8745186851209727e-8,6190.69046991413,-20.429303849099558,-9653.0,669.4987564132525,0.0001794337862925598,-0.00010081069041651142,33.05794643384185,-15.887192891753832,8.060528931437411e-7,3.8607916846817176e-8,2370.243603020546,-26.91319212513592,-3030.0,24284.438924683185,0.00023491999195165354,-0.0003427416593040856,267.557947537933,-255.4857075078046,1.0139066277244666e-6,4.054325273002374e-8,-719.9990653174013,-19.511991462312277,-23557.0,94123.60486108571,0.00014193383724769496,-1340.760907829742,908.7609204154852,-1012.1048461301472,9.040016683166866e-7,3.978977156905827e-8,400.01001956494076,-22.51018868746352,-93057.0
t208,13300.111499975443,0.00030988701712389026,-0.00015759590619318758,320.3447381334801,-226.94392921302924,8.388442112463514e-7,3.902997049650348e-8,2959.9772592330237,-31.489720320314905,-16322.0,7735.263759470316,1906.8708867114944,-3286.0795127440147,19.16233901816884,-21.389915773375396,7.260660648348161e-7,3.86886295413224e-8,-4785.786484040539,-23.041072927369857,-1545.0,56.512149012732074,106.53131907076337,-154.6325927844324,14.510415892589654,-16.016788423563195,7.21274892861603e-7,3.855061963207343e-8,1185.7865698530104,-22.691073026494408,-1170.0,3136.8477498550533,0.0001325688569903066,-0.0003293359404584404,28.633013977408744,-28.63320066288951,7.827622540879429e-7,3.883842913318323e-8,-773.8762324440884,-44.97113434376335,-2318.0,673.8943394480067,0.00015540008812139572,-0.00037134898488148525,3.311176200120524,-3.311345365557115,7.457046600081687e-7,3.88500443464396e-8,-406.1524173781892,-2.7415373896448068,-265.0,9233.90709546025,0.000197852077864545,-0.0005996455083770144,17.543580267497646,-17.54380704764095,7.729949163869084e-7,3.895181674681943e-8,-7756.628688788321,-48.27777856675621,-1429.0,1114.2990389148513,0.00015555214345934625,-0.00013072649409532106,34.07905636832113,-27.488062619953503,7.95374851334894e-7,3.955490196857809e-8,1530.6094631255755,-93.49952103628318,-2558.0,3825.479873152114,0.0001367486483234961,-0.00011350001960321739,120.59418743234257,-117.23199412964743,8.260773748038206e-7,3.903213228200598e-8,5888.5902849496615,-19.43237482452401,-9698.0,580.5611969721596,0.00014174145339751075,-0.00012282210396922244,41.642515525981565,-33.32725915919158,8.039089978718393e-7,3.898330007529385e-8,2489.519765005021,-27.396237796183517,-3051.0,24835.993956084338,0.00016613736181016675,-0.0002538273742185167,353.8992444319997,-401.38200679751475,8.349587719019348e-7,3.750883616790103e-8,-719.9991146865158,-19.511990569991454,-24049.0,95438.51502353093,0.0001003707010860193,-1419.0680370459017,1131.3685905177708,-1461.0407079682839,8.415265430638526e-7,3.792681285451661e-8,387.959595171361,-22.734563914219443,-94055.0
t209,13310.939269106755,0.0002749281859646806,-0.00014607169143375395,380.69704605171563,-402.124507334733,8.318677721738379e-7,3.834849504685244e-8,2959.9777913001894,-31.489727779522998,-16218.0,7800.239301505888,1876.0339343305664,-3316.916465209279,23.0086965794549,-28.00838928152727,7.368618415521712e-7,3.8373012798122253e-8,-4791.316004276308,-23.041073926978626,-1540.0,75.60863913625765,93.32472345591424,-167.8391804871087,17.418290531184635,-21.13748424720424,7.350600301031744e-7,3.824073442131602e-8,1191.3160852203725,-22.691074017417204,-1166.0,3227.06169301129,0.00019677160759635403,-0.00016215644040801675,35.86413316573332,-35.863988526230465,7.947977548204232e-7,3.853889478225944e-8,-841.3969608648908,-75.66491178408859,-2310.0,671.2943076847815,0.00022111375908449046,-0.00019439902808955634,4.125690795153062,-4.1255439330946135,7.763459895543285e-7,3.858322279691231e-8,-404.5636694028211,-2.7308123115391223,-264.0,7669.781929084843,0.0003854156559677421,-0.0002277238764526332,22.171259844950104,-22.171084358840144,7.906898094039753e-7,3.864717801065206e-8,-6192.736909659013,-51.04535307209469,-1426.0,1049.503955769278,0.00012880576486892816,-0.0001417662350904834,35.425942479434475,-56.483727475839835,8.095261029506967e-7,3.9346761693637836e-8,1615.7538192884467,-93.19997753064982,-2551.0,3940.4824130585675,0.00011466229307313852,-0.00012208842664061247,121.00136011403265,-209.44534453186338,8.272038434115128e-7,3.882340006577257e-8,5828.194647243876,-19.23306862856119,-9661.0,632.9991181539455,0.0001166051211631384,-0.00013641566578662185,43.552503516949905,-69.02523825351341,8.107869372812242e-7,3.8743592394170437e-8,2464.769646344997,-27.296010480349228,-3045.0,25344.144279379976,0.00014839873071750235,-0.00036321013665595444,391.0900102316335,-621.7229285584351,8.301236776204373e-7,3.736326056209471e-8,-719.999153416752,-19.511992086735827,-24374.0,98059.02569685465,0.000120461121518645,-1886.2674948405154,1130.4501139791894,-1885.537652094589,8.381890416682208e-7,3.7813607042331035e-8,-1109.999291778095,-50.67149192152703,-94257.0
t210,13854.005437857302,0.00032241120250862303,-0.00018942150670448387,387.56724737588746,-590.3362130858108,9.003971282051458e-7,4.060652927681654e-8,2491.1584805683956,-25.395085699918244,-16117.0,7157.666402694525,2189.983770895831,-3002.9667139572366,20.481713078184228,-37.23863729560021,8.359461035976638e-7,4.1616566890202e-8,-4791.885464381612,-23.041071549988995,-1513.0,67.59447426227348,91.16514905257166,-169.9988444600716,16.053644837890314,-28.008899960771487,8.148581700104195e-7,4.1595903445573916e-8,1191.8855473403828,-22.691071676333955,-1146.0,3117.9988321374653,0.00023241866635971418,-0.0001785858691072631,41.55353257770119,-41.55302102136278,9.327245651506251e-7,4.170639082855428e-8,-768.5208441998615,-79.47855399290877,-2270.0,1024.064722409993,0.00025229954350790377,-0.0001910271546503988,4.833604211887157,-4.8331213611298125,7.7100752626018e-7,4.175545248238555e-8,-758.9423978614129,-5.12286919637258,-260.0,7239.032748952595,0.0021991948851616864,-0.0002436222069488539,26.37347547331963,-26.372983794502964,8.93299525474556e-7,4.172372650404039e-8,-5787.262453098256,-51.772743778893194,-1400.0,884.3453207255467,0.00011804909198830377,-0.00024039277649297254,49.360545815910356,-49.37693393472793,9.462632199677003e-7,4.226600545686837e-8,1716.7407149920364,-92.06952588332342,-2509.0,4308.111226221437,0.00010553308549646587,-0.00020740938704731686,179.3001062351937,-179.31850208162848,1.0178248662015759e-6,4.169152394848484e-8,5195.05096591693,-17.14369493346856,-9486.0,610.622307612968,0.00011008448318471117,-0.00023046742382699145,61.04954251645086,-61.066293142310066,9.650797452947035e-7,4.152742216757512e-8,2400.32948850851,-15.934925919464334,-2995.0,24213.14778643384,0.00016936742551563913,-0.00028543438770649434,555.8032632702657,-555.8036696766268,8.298855822079956e-7,3.738806370126634e-8,221.44511912569982,-12.592382478889217,-24422.0,94488.04745626103,0.00012049262993378733,-32.95263657266054,1613.1341666022342,-1634.5584601180792,8.355270802727042e-7,3.7789936992491396e-8,-1109.9991569108122,-50.671489125709094,-93273.0
t211,15311.552920064709,0.0002093492036887402,-0.00018742091998849686,462.0053341905021,-45.84558609590673,8.24894168981194e-7,3.836214592868799e-8,143.2598910340076,-16.972580928471224,-15854.0,5953.687762703737,0.0005985883400658839,-0.00026772201265088416,23.764434595818116,-23.7641869383434,1.0074048383931078e-6,4.4171432270757686e-8,-4473.774821655924,-19.91352031689572,-1460.0,37.96940087317008,0.00026839251737664874,-0.00019065439926292438,18.023983927657362,-18.02373996121414,9.74103933958683e-7,4.41083818678641e-8,1090.344211744804,-22.313935088284907,-1106.0,3084.6486414716887,0.00016313486484257543,-0.00022182829496854935,35.63307828731646,-35.63055031083402,1.0340332937195267e-6,4.411603529238145e-8,-815.527210548806,-79.12390103461237,-2190.0,964.5584352742304,0.00018448183880134052,-0.00023457574260802327,4.115401062645575,-4.11314185592056,7.918582792529511e-7,4.410770727703061e-8,-708.7763955201792,-4.784249414869338,-251.0,5330.771518852209,1166.696881969612,-0.0002646235250892134,25.441021551994098,-7.771671317415939,1.0074454457696024e-6,4.409692858320607e-8,-5118.498745232337,-45.63874198170487,-1351.0,760.4006382886523,0.00011701318820871475,-0.000246856671416206,48.54154760077167,-9.949358637330482,1.0391767148976459e-6,4.4343688802382575e-8,1708.325277150824,-87.31797552516518,-2420.0,3762.9580792356346,0.00010655738343775932,-0.0002379034246451775,180.5187095225857,-19.644087716217104,1.072072201566119e-6,4.4225714610113726e-8,5250.489044574423,-19.32161487016641,-9155.0,528.6478923394143,0.00014402505446922055,-0.00018951482942635404,62.83011345824914,-3.8427763198966693,1.0492534510033342e-6,4.441285304714759e-8,2330.7252653060154,-30.360450252673328,-2888.0,21161.001983175276,198.8441936279327,-0.00013204133073115118,565.6990863787254,-31.031169718855068,9.124503646742763e-7,4.010157569859385e-8,1919.9980254490056,-19.51198673723295,-23795.0,91855.48536494229,0.00028398649188275644,-0.00027320473413298756,1506.4307895855563,-1506.4306051418655,8.672986839291852e-7,4.00870491730774e-8,-1326.5645423018332,-47.92101750809023,-90481.0
t212,17613.9660190316,565.9062097525365,-0.00011738791294936722,275.01982913170673,-15.411451934951298,8.552301816022245e-7,3.7663767237448575e-8,-2959.990564102806,-31.48992437806069,-15448.0,3321.937047387851,2097.6962869916797,-0.0001443504448970123,17.75503180204279,-1.0671328542830687,1.0138213929807712e-6,4.242815967237025e-8,-4010.4927526826755,-20.82833697184333,-1405.0,37.49673823348257,148.76685886345095,-0.00010966695380159032,13.481568802282968,-0.8160048843288357,9.77288918544859e-7,4.22710746116102e-8,882.3081696367674,-18.237221749177294,-1063.0,2948.4277650892504,0.05546542537688374,-0.00010685350140262363,26.78284084641684,-1.2163996816511062,1.0400923704042243e-6,4.213248152133394e-8,-802.1623422688158,-65.88722342528216,-2106.0,893.3894395016548,18.308437506977228,-0.00011161386109734533,3.102283163711316,-0.14345046665735298,7.931924052833296e-7,4.208150307780539e-8,-670.1331927432432,-4.523406017491897,-240.0,4965.079955252312,1292.4454915639683,-0.00014910243714933512,16.37595319144056,-0.7606414860103721,1.0099767428606403e-6,4.2013489059489983e-8,-4923.012679084268,-50.127931236849356,-1300.0,754.9798001594355,0.0679948159405782,-0.00010151834978914028,30.309701986245155,-1.3487289188771887,1.0459861838133104e-6,4.254596725096488e-8,1626.7551445718675,-84.76381193306662,-2326.0,3586.996669542289,64.91363412127984,-9.809574053114777e-5,108.52799299741051,-4.811288561937211,1.0796451541441636e-6,4.197956293953442e-8,5071.107769345106,-16.73468014732487,-8810.0,527.9022281064285,0.09304354630865211,-0.00010021066531256492,36.96928692252889,-1.6300390238444535,1.0536584117555146e-6,4.2103315854677546e-8,2239.350441854805,-27.684862102709335,-2775.0,19609.161231480124,2443.310982418564,-0.00012742381456102891,333.2390217209844,-11.555007183344843,1.0771884069294348e-6,4.117131408662316e-8,436.27048944610823,-17.426591000800066,-22793.0,76755.6067777702,5949.857942755524,-6.84349056228613e-5,1199.5848602323852,-112.37753120172225,1.0513735250911594e-6,4.003148510140155e-8,3109.9995160271537,-50.6714951271843,-86852.0
t213,16506.7401015772,1507.4919481161778,-0.0001539225684912504,230.10842626569485,-24.86663651024338,1.079387999220788e-6,4.094086236366002e-8,-2959.983823726694,-31.489861982139328,-15228.0,1740.8107642556877,3322.5921354014804,-0.00013475483555343444,14.934183715974424,-1.494527484515727,8.99800154558721e-7,4.204885615181871e-8,-3666.941672088881,-19.90074971267361,-1390.0,37.396691747970856,175.17862720702698,-0.00010429958284077194,11.339326735474222,-1.1370253749430816,8.771517408585739e-7,4.18788545070688e-8,845.0770962355348,-15.85461302579201,-1052.0,2952.2906943563116,0.0700731324200326,-0.00010279182605023302,23.21686586733851,-1.393987476763861,9.390178005037878e-7,4.190565732677904e-8,-824.4152074602235,-64.76833640303234,-2085.0,992.8099255258244,25.343450833457574,-0.00010624485696738724,2.676773932212424,-0.15781343096778963,7.775320359330314e-7,4.1747174068202443e-8,-776.4313128938109,-5.2409183627658615,-239.0,4987.871411969491,1323.3441356959222,-0.0001435877292788786,14.183140294346243,-0.8519445323389475,8.977318242296996e-7,4.200629260903256e-8,-4988.090111019861,-50.45648960558941,-1286.0,755.0697433368304,0.0804482353562909,-9.795162890280344e-5,26.276510091403146,-1.5951095628989675,9.520379016624027e-7,4.243758426418962e-8,1604.9082789924207,-83.7397738994137,-2301.0,3584.9990319352646,71.92025801242504,-8.485801285260404e-5,94.06187373441698,-5.708239244167273,1.0272579980898556e-6,4.180233209770704e-8,4999.224624841943,-16.497465251905023,-8728.0,527.9022418875213,0.09984522024915332,-9.46169037409709e-5,32.041599286696446,-1.9171545994771664,9.706727145456773e-7,4.2110003040425305e-8,2212.5392428657533,-27.665680866242482,-2743.0,19659.666570750112,2008.0971700506311,-0.0001252877217437263,285.15909406680595,-14.551436360042091,1.0770831289019988e-6,4.101102979945008e-8,444.1129619216312,-17.484235628687625,-22365.0,68316.42084713579,11516.852041814656,-3.629155451592477e-6,991.398697998036,-7.014234785636685e-6,1.4426076964259141e-6,4.074452398157664e-8,3109.999922332187,-50.671498880627084,-83884.0
t214,16350.075516584675,1760.9332464178149,-0.0001376228517651884,202.4383024204446,-13.968470082791837,9.060421667644749e-7,4.0648578380428444e-8,-2959.9885531939894,-31.489904643050014,-15308.0,1929.13549393333,2510.4293526745305,-0.00014210680346261767,13.011256345715532,-1.48847230865044,1.012964060848427e-6,4.2313916167160063e-8,-3065.8097961342623,-18.277693193817946,-1367.0,37.39678863221617,160.9250341953066,-0.00010864382914146027,9.87355836286651,-1.1283159195471713,9.760112440990418e-7,4.2204289380038975e-8,839.3364911955812,-11.403448698325036,-1035.0,3059.987175593442,0.10125746680185498,-0.00010423683279202993,19.534321712518597,-1.1251679711602265,1.039663661795455e-6,4.2094682051683845e-8,-968.8598898109848,-58.63759363632204,-2051.0,910.8074999308963,35.21118501613836,-0.00010864511956379073,2.2485217792044536,-0.1235623022073206,7.929850468669844e-7,4.206211928288925e-8,-708.3620855593574,-4.781450888419188,-235.0,4972.33463621384,1358.7240582231514,-0.0001474867697171355,11.931518986298416,-0.6688802095233024,1.0084615347998028e-6,4.20186347804075e-8,-5025.674841264738,-50.64634536366419,-1266.0,756.2722729493576,0.1159582758694423,-9.911823028221591e-5,22.109859372027557,-1.2878303566004408,1.0454925380356637e-6,4.2464261931657127e-8,1563.819467433817,-79.02962939205149,-2262.0,3584.999015245521,94.89663422814056,-9.643702032866617e-5,79.13837024135287,-4.618277066785806,1.079884725302889e-6,4.19093891101034e-8,4857.614505184587,-16.030152336280494,-8596.0,527.902220538537,0.15568888464918806,-9.814939388689749e-5,26.956364454651794,-1.5996326663653129,1.0529988207579114e-6,4.208130411445993e-8,2165.193638320281,-24.608182288748537,-2694.0,19605.34860437692,1598.5864916052997,-0.00012476713709909547,235.090548433961,-16.120393256250633,1.0788370934735936e-6,4.106987653533807e-8,192.73145199466757,-15.63657902093353,-21600.0,66608.12514828362,10619.507985292597,-5.682762800481357e-5,824.652392332131,-190.61358599871326,1.0540583348122388e-6,4.020546726872034e-8,3109.9996118343975,-50.67149613125153,-80921.0
t215,16426.790806654888,135.9178653036034,-0.00011322617937799644,152.3878610177081,-17.27318901501688,8.243305126373355e-7,3.824947301086686e-8,-2069.1725679889632,-23.650662661524738,-14605.0,1727.1610785883902,1293.7246768204466,-0.00011791758548196341,9.728020763108656,-1.0012476847590162,8.080069048569155e-7,4.034069461806788e-8,-1733.9307912005543,-14.68161995890602,-1281.0,37.39671522457518,189.96063559819473,-8.874754114128803e-5,7.381065327381949,-0.7577875728944438,7.974847584373567e-7,4.015241755080512e-8,737.0157392283706,-1.9962797470503857,-969.0,3012.061785109083,0.0014216049288832714,-8.599409277258272e-5,14.609218066078874,-4.8070402256373175,8.276713562431204e-7,4.024962829402604e-8,-1066.9402660253752,-32.92503318852181,-1922.0,801.0118048294885,0.0016109576261631594,-0.00010136064385778236,1.6764250136144359,-0.5372049570203875,7.535125292302806e-7,4.013055030650712e-8,-579.2426402976637,-3.909894800865034,-219.0,4949.54320106572,1166.7055462512405,-0.000122152189382661,8.919423784934144,-2.921965483395755,8.08766734501671e-7,4.0229462062723515e-8,-4898.601500747406,-37.64458340537438,-1186.0,755.5029558313784,0.0013025937864329388,-6.867745762468837e-5,16.53703571287515,-5.4458032518837935,8.350865867084936e-7,4.0774972829801065e-8,1406.8205520518711,-56.415974917526285,-2117.0,3584.998992637022,0.0012334182472554247,-6.208458764045469e-5,59.18208720635831,-19.466000342395702,8.86082109050889e-7,4.0288199268144397e-8,4451.975291739811,-14.6915433275719,-8061.999999999999,527.9021525038726,0.0013621985055786805,-6.861980850576817e-5,20.156280553213477,-6.622590894194449,8.460736677385341e-7,4.044046521327896e-8,1995.9361258436297,-17.37326227705921,-2520.0,19558.471331443434,1489.9955756641095,-0.00014385430723430493,170.7296003290487,-52.985920254153534,1.0762137788834085e-6,4.092317898343213e-8,-1353.8595699262066,-15.350873923064743,-19797.0,66454.69527128621,5184.847565749642,-4.913378577821976e-5,620.850881399653,-107.72180044732214,1.055642596044298e-6,4.010476547910932e-8,3109.9996273224865,-50.67149627860656,-75212.0
t216,13318.939949118012,0.00025640540400695357,-0.00017390732207291676,100.77644661400767,-612.3781207009025,8.238621123519975e-7,3.8404674488090786e-8,524.2752972727362,-4.613654768923479,-13327.0,1523.695795849441,239.99876715067822,-0.00024530312049285164,6.981961879984396,-3.2909469423437585,9.938757018151273e-7,4.237540794691926e-8,-579.8194851369403,-1.5658482769217847,-1186.0,37.36802149409111,0.0001871955725200421,-0.0001939225781247873,5.297360454919333,-2.494376638934369,9.514131554891409e-7,4.2285061824478075e-8,860.7289137871719,-2.899913221381417,-898.0,3164.8942899135895,0.0001615301058200795,-0.00021029941903642156,10.485325791467387,-4.956839343221279,1.0272728649305198e-6,4.217148871194218e-8,-1373.651421946155,-16.77130651385951,-1780.0,862.1579468622182,0.00017590010182354877,-0.00022052550646257254,1.2024231276586126,-0.5579158791611588,7.784972554890265e-7,4.2104542784412726e-8,-655.3785971056286,-4.4238130259373065,-203.0,4926.751533558481,1166.6967511994073,-0.00027328047223712444,6.401209170093897,-20.68385132255816,9.862552545057124e-7,4.2047434505149187e-8,-4950.763383773488,-29.401986430139992,-1099.0,756.6234531550881,0.00013777128535186862,-0.00019689147315776832,11.869124558309462,-44.204333433813595,1.0330119432366031e-6,4.253830312692535e-8,1288.2723148481882,-52.560500831041374,-1960.0,3586.311507521874,0.00012460126803282557,-0.00018696909204292677,42.47900315716559,-180.928939536347,1.0712591427937597e-6,4.2055929660774766e-8,4040.4720762526363,-13.333585923430755,-7475.0,527.9017355367815,0.00014083303569428657,-0.00019426072104484335,14.46681640670381,-65.81122759436789,1.0409972787789359e-6,4.2167750767023106e-8,1864.35453360586,-10.911805421813506,-2330.0,19511.208178931807,0.0003049367216057851,-0.0002537672193766593,121.22747223616199,-588.4236596354077,1.0722485063067507e-6,4.1162962322965375e-8,-1018.5258507516332,-7.486192510186311,-18018.0,65820.92260928701,2615.5231638400946,-0.00040644460904909095,438.4392383685597,-235.91971666186797,1.035998667391461e-6,4.033957834152415e-8,0.035602947253425644,-0.0004912293855746439,-68639.0
t217,10749.331759433293,0.0003731794511246738,-0.00020954403866269063,52.69833343171726,-314.9705756681565,1.0737889413570238e-6,4.096533864588654e-8,1600.0206093395286,-14.080290445252336,-12073.0,1328.5017759560583,168.8176952205425,-0.00023755685907407814,3.029291242067739,-28.1271507716997,7.987036063916304e-7,4.037080736188724e-8,-364.2688207881494,-7.952553882707443,-1100.0,37.36791299364133,0.0001632934743528063,-0.00018237570378969875,2.2991455502930087,-21.2601925744015,7.885242132288526e-7,4.0195300074495337e-8,816.7985518145989,-2.205399381997378,-833.0,3005.547048066071,0.0001593216572103369,-0.0001610317037299759,5.643136661438612,-27.9785468683767,8.182811585966517e-7,4.029582333008209e-8,-1299.3180249192874,-33.89361187576843,-1650.0,873.0617011987036,0.0001858162597886672,-0.00018756522966535786,0.6390173899949917,-3.2502606581307516,7.485506144620711e-7,4.0175031305850965e-8,-677.8747941789344,-4.575662604919386,-188.0,4926.728528992765,0.02551592618910009,-0.00022695948522354545,3.441031011021404,-17.10671972714758,7.990034972861508e-7,4.038097070917337e-8,-3866.3167293516167,-26.771400570061548,-1020.0,756.2132249849168,0.00013019828328522532,-0.00013266539444965235,6.3892793481457515,-31.662278993337566,8.247677662016731e-7,4.08566901482347e-8,1126.2443110330526,-42.18453453893037,-1815.0,3600.683270985138,0.00011587823895065953,-0.0001267615615769763,22.904726460824346,-113.25718598492745,8.767827134157803e-7,4.044352840514404e-8,3444.0345412054394,-11.365342311406032,-6943.0,527.9015682932854,0.0001283424335688841,-0.00013462392179768734,7.791593016869683,-38.603987906466664,8.35237832212687e-7,4.051851136887409e-8,1669.0264327827883,-11.11560058600402,-2155.0,18283.132082881013,0.00020112347831461536,-0.00043171438511598574,55.87172079891768,-495.30229855198473,1.0682240147828375e-6,4.105797555026572e-8,-1319.9992656048948,-9.702009398447787,-16514.0,65474.87973568269,0.00028433758157069835,-0.0007056152843604085,211.18381832102705,-1370.365190445994,1.0326080853068867e-6,4.021531396132349e-8,-1128.346811332525,-18.351130893723557,-63169.0
t218,9652.952998940676,0.0003763500160776516,-0.00020790832229003014,30.228610867078686,-170.74651451854413,1.0737958579096286e-6,4.089232609693647e-8,1649.263018274468,-14.698282486181618,-11147.0,1213.8785635176484,138.4571309275253,-0.0002156747262906381,2.045742799556804,-13.18427748500924,7.958225118060935e-7,4.0362174158884253e-8,-294.22737305617085,-7.9695716070304865,-1039.0,37.36792714038029,0.00019476922521297554,-0.0001606987338065128,1.5522211088376507,-10.010651754638614,7.857059173653162e-7,4.019211452015358e-8,760.142892776027,-2.05242401829707,-787.0,2976.7170526554014,0.0001899064357895281,-0.00014307648102465366,3.213079592748171,-28.533388720401984,8.149797057000351e-7,4.0285591421487876e-8,-1375.023838180817,-17.372952805054194,-1559.0,851.8474220853634,0.00022233309641164078,-0.00016553432166529553,0.3695285616591509,-3.3110123847355495,7.469742851922899e-7,4.0173228133009853e-8,-667.4010310204022,-4.50496463327727,-177.0,4926.74997685935,0.013269492306238079,-0.0002081244720945244,1.962488566947087,-17.511068507567597,7.959593715265995e-7,4.036776414290549e-8,-3920.141638902375,-27.072820050869197,-964.0,755.8106883726964,0.00015613879450751344,-0.00011800914505149135,3.636710379829952,-32.32794088134151,8.213222789986708e-7,4.085158126565121e-8,1023.3877969945997,-37.50729362545724,-1713.0,3609.557307783569,0.00013831070391330869,-0.00011541826309008239,13.020473244312697,-107.19997968621111,8.739835837127341e-7,4.046682080529225e-8,3060.722588109023,-10.100412826090023,-6566.0,527.901541949785,0.0001531785031220904,-0.0001197094876664424,4.434551621804659,-38.926282606089096,8.316332089383344e-7,4.051595632054074e-8,1549.220542743069,-10.630387855065704,-2032.0,17027.994830877848,0.00021475037808884185,-0.000384913245147357,36.48664380047541,-247.78003208872667,1.068442817083887e-6,4.0956726895853074e-8,-1319.9992636192517,-9.702009175929499,-15487.0,60767.38851331139,0.00029634599404792,-0.00037290847165320816,126.963012200392,-1155.490083733527,1.0340273752304212e-6,4.026836693844248e-8,-465.9436941181703,-5.917671041326456,-59267.0
t219,8531.556706016383,0.0003691704891851938,-0.0002004675303149302,13.098879621645153,-107.84351603161679,1.024347777786188e-6,4.1572845509324416e-8,2128.9055539042847,-20.717792551658324,-10545.0,1277.452286233208,127.21229229275227,-0.00023706674018946235,0.8773174785510031,-7.798879896187103,9.676467860596226e-7,4.217466067177024e-8,-388.43534472638976,-6.307435071949382,-1002.9999999999999,37.36791613384608,0.00024196091758121397,-0.00017423631614378078,0.6659548804492508,-5.966177568550255,9.247770673846582e-7,4.205544663396687e-8,729.9030137132874,-1.9707757078319463,-760.0,2976.021055534675,0.0002503227885995797,-0.00016553719300966706,1.3669372811347242,-9.695422721505233,1.0167412398717705e-6,4.2004071157714533e-8,-1445.6640519918071,-17.0286037443269,-1505.0,783.9393154360155,0.0002754116215430051,-0.00017219606121862035,0.1573811770071139,-1.079911853625038,7.665249402876525e-7,4.1914218117409147e-8,-606.9201699355771,-4.0967186735187955,-172.0,4926.778913561406,0.01570854225581037,-0.00023969357337206895,0.8351295315115685,-5.838728479819173,9.589285646488818e-7,4.198855871776123e-8,-3964.469728002463,-27.32105631107245,-930.0,756.6991898310533,0.00021447828474246205,-0.00015631329589998392,1.5470497802082257,-10.939113502740359,1.0240824191441103e-6,4.2479600991485144e-8,947.3079356637771,-42.61512075138861,-1652.0,3584.997119083296,0.00019309202464008887,-0.00015326801834469962,5.540624165181864,-47.824994810389754,1.0678518337976465e-6,4.197611930603755e-8,2807.55216110619,-9.264950216432162,-6341.0,527.901513621513,0.00021613279689278734,-0.0001547066700892214,1.8870629766692735,-13.858031341853806,1.0328506207425755e-6,4.2143036062184236e-8,1453.3113541166172,-10.241961685524947,-1959.0,16308.817143512155,0.00023460198283334,-0.00036094377178086243,15.81516264601297,-149.93091077010902,1.0701094503820145e-6,4.1055737841565667e-8,-1319.9992607093693,-9.702008678401452,-14845.0,57720.578644475274,0.00031079196195387787,-0.00032545985317602576,56.296825840744596,-588.0468896749478,1.0365906634237304e-6,4.046453257316991e-8,-341.4914631385502,-4.337102773883875,-56843.0
t220,8000.833608151094,0.00036182935257804655,-0.00016898057950476557,16.137089906037005,-56.079302431113746,8.948921681538886e-7,4.041542003332745e-8,2265.5708584679915,-22.462447034223718,-10204.0,1342.2395745654158,138.2762970391485,-0.00016980352890106273,1.1213763163725252,-4.819027352798014,7.909674563272046e-7,3.856934307796794e-8,-486.00421195614996,-4.813839251428813,-986.0,37.367963639704264,0.0003234390252514792,-0.0001184051604799618,0.8510444734488903,-3.67586370255091,7.893430685277839e-7,3.8449694541120916e-8,713.3828031823593,-1.9261531856411174,-746.0,2960.483961217986,0.00026541550100329605,-0.00011231232226637173,1.717042444319878,-10.443827000612751,7.956553609449601e-7,3.8558861061614077e-8,-1457.2809952402858,-16.476335025472416,-1478.0,732.8268282975899,0.00031556938721949846,-0.00013010160323951388,0.1961932841266365,-1.2168712172763054,7.831816712769032e-7,3.863392506306205e-8,-559.0328577343765,-3.7734786372438864,-169.0,4904.006407025605,0.0016358387230973534,-0.00016658951408595463,1.0476177800454782,-6.388363821639698,7.912463820427996e-7,3.859565686588229e-8,-3957.385746228622,-27.2813845778512,-914.0,759.3122552366864,0.0002235638472954257,-9.353818928702906e-5,1.94367376173838,-11.817653978123266,8.037143804928441e-7,3.921206351289743e-8,915.5505962007624,-42.989001770130514,-1622.0,3584.9902369903325,0.00019654675615789048,-9.092243081353928e-5,6.972213356423972,-42.289588429358666,8.195850193883219e-7,3.883036230166912e-8,2694.2179774568885,-8.890945530529953,-6235.0,527.9013616449998,0.0002128350343711375,-9.159341866164837e-5,2.3720249761988494,-14.414617481311847,8.030083238370529e-7,3.866583082495695e-8,1418.3595452236916,-11.21843613190121,-1923.0,15977.319089499832,0.00027858094137020705,-0.0003250382983444214,20.31141618938239,-89.92928689031744,1.0695699982718928e-6,4.0769878816618086e-8,-1319.999164916705,-9.702007657663614,-14578.0,55768.125198974885,0.0003389832013142517,-0.00024674679390471584,62.50202375741948,-314.3607560230491,1.0367871646475016e-6,4.028027663603761e-8,-227.3788044555545,-2.8877544446834067,-55286.0
t221,8239.657177673265,0.0003580604570956954,-0.00016962228330586179,15.791784367125299,-117.05552293868487,8.941820727653248e-7,4.0396449866255044e-8,1930.8384239621448,-18.232051666349793,-10051.0,1413.6534323143442,134.2834959989105,-0.00016365783368917729,1.2001734539120448,-2.66779442294863,7.833848122067449e-7,3.8185293696979094e-8,-554.5292240238418,-3.939920174875291,-988.0,37.911913442000966,0.0005478342936445378,-0.00011196407140802636,0.9102644546577603,-2.0441239933737747,7.816280283519694e-7,3.8102534564599576e-8,713.1470293896631,-1.9255197908682236,-748.0,2945.7004578653614,0.0003937509888771847,-0.00010615708075161828,1.8038412538357693,-11.259417678388191,7.917444814269218e-7,3.838539954563437e-8,-1437.5810265106456,-16.664142999102044,-1482.0,756.957015439248,0.0004601089727347278,-0.00012217849289223914,0.2051816119297811,-1.29252157891608,7.798262677858571e-7,3.851211393288891e-8,-582.9351944413254,-3.9348194779443766,-169.0,4927.445007122368,0.0015787469691203831,-0.00016085117727833445,1.0999599825542037,-6.877680493659014,7.878442577765e-7,3.843647275551265e-8,-3977.275934929727,-27.39277011908165,-917.0,759.029664418267,0.0003392230490166576,-8.738777701076199e-5,2.0424357593772493,-12.742581358458201,7.958074926555456e-7,3.8787714252022634e-8,918.3295902943138,-40.65936150103605,-1626.0,3253.598413986271,0.0003037355604038027,-8.292191966035189e-5,7.306222274696848,-45.68727321569071,8.104671675164342e-7,3.840924420513104e-8,3048.843627514398,-10.061212005076088,-6254.0,529.3932955681904,0.00032682516180237536,-8.39865399695287e-5,2.487475555965447,-15.553129587737063,7.946727797240076e-7,3.826641254843108e-8,1419.7782644570018,-10.106149427046496,-1926.0,15993.778391461245,0.0004501917800714802,-0.00029518535301976815,20.594621116753085,-59.67202425641193,1.0697868910610633e-6,4.2892796991414716e-8,-1319.9991354849637,-9.702008537543986,-14625.0,55549.26149981898,0.0004268987008800819,-0.00022151662018296718,76.70026445905384,-187.3310782823626,1.0369298871085463e-6,4.053510740372779e-8,-158.61642022701818,-2.014471159307242,-55278.0
t222,8168.552632251172,0.0005121999730972279,-0.0001634916730958365,40.47001402263735,-0.0024243911868093485,1.0214912422720978e-6,4.112046916807894e-8,2041.6015605882524,-19.62213132713671,-10231.0,1473.4329817858475,154.2015756985234,-0.00013228409907363602,3.12242392470769,-1.105037946907737,7.891892756068986e-7,3.850782747135724e-8,-595.8189136438909,-3.8328979839882296,-1030.0,40.22390447317066,0.001944385481296615,-8.142205036584509e-5,2.369137753331359,-0.8395006612402994,7.882423991662986e-7,3.842410707340421e-8,740.2432860784357,-1.9986911655075994,-780.0,2957.7183919692434,0.0021023683392798545,-7.280439533687103e-5,4.689079119371131,-0.0021525862213738734,7.939994950584166e-7,3.848170388269362e-8,-1399.5311635311284,-17.87618503161036,-1545.0,875.2831198971545,0.0021180201878997842,-8.665978867117052e-5,0.5381738645438532,-0.0016393800296745234,7.81402423071897e-7,3.8597034521415624e-8,-694.1362596741801,-4.685426606048007,-177.0,4953.038469736901,0.01301418112923997,-0.00012793868464590363,2.8629095299732645,-0.0019899886811685567,7.910346527743038e-7,3.8612987734881585e-8,-3973.540425814608,-27.371850254369846,-955.0,763.0273006462845,0.002084795116135038,-5.905512140597194e-5,5.307814488543342,-0.002089496291860375,8.029527008650225e-7,3.917628834339734e-8,968.8942875923985,-42.2293394941788,-1695.0,3607.971004679181,0.0021199718512112118,-5.792841854325382e-5,18.995444898109607,-0.002344701395620832,8.194090902026052e-7,3.8787153629080115e-8,2899.6025463850774,-9.568713836842532,-6517.0,535.7344502190075,0.0021385074485570327,-5.5347914014928696e-5,6.469541252509522,-0.0021233461502873545,8.009181862513691e-7,3.853721669931656e-8,1477.1344891580275,-10.338440968077522,-2009.0,16621.062638106272,0.0014938410339864695,-0.00020840562454573744,56.079271297208756,-19.4419520410226,9.055287256740565e-7,4.004865567639819e-8,-1319.9992339356663,-9.702009119211624,-15328.0,57405.31358274121,0.0012166883698728776,-0.00015483296203172448,185.6103776413982,-71.64015915282737,8.847977200785144e-7,4.011597375449202e-8,-144.45017320271768,-1.8346897524145538,-57373.0
t223,9383.179353480436,0.00012954688297110785,-1224.1213303554373,115.7826475545946,-79.4161746541923,1.0614793776346267e-6,4.084061717020139e-8,2731.089572934181,-28.514198796840667,-10898.0,4478.348515762202,0.00037503774313435195,-0.0003909269323200515,10.844349993725746,-2.336607610049722,7.804512949835453e-7,3.852595253155227e-8,-3370.75517045425,-9.101072139609817,-1107.0,74.32621001899908,0.00031375551630486353,-5.058493248273912e-5,8.225962787785718,-1.772992950337167,7.785717275298786e-7,3.83615558505427e-8,778.634180606748,-21.413624078675344,-838.0,3179.86108447839,0.0002651257219830126,-5.531144089015191e-5,16.294439631436507,-3.5085476658682784,7.851286528133353e-7,3.845863113478748e-8,-1488.2474980298316,-44.39968860438067,-1660.0,709.5128376370764,0.0002853377155414573,-6.591714944711816e-5,1.859051603189943,-0.4031941117875918,7.706849807498233e-7,3.851366470368083e-8,-517.4759439310612,-3.4929710404619723,-190.0,7150.517701231661,0.0003425456546299898,-0.00034442340703205027,9.940240901278505,-2.1425513447781563,7.81671602659265e-7,3.8566426757922315e-8,-6088.9252699112785,-42.39011945830053,-1027.0,710.5806540847714,0.00024359835036713196,-4.4976336264540326e-5,18.448050514198254,-3.971320915019165,7.950063673176412e-7,3.919596698091945e-8,1186.2207417506495,-87.27832446790238,-1824.0,2003.4738785741029,0.00023264923805474015,-4.0664856254915233e-5,66.00072853293904,-14.213999190819356,8.141356487790995e-7,3.8844080325668835e-8,4953.084409534135,-16.34520997025269,-6992.0,333.83518977477917,0.00023730651995801372,-4.2709532791378406e-5,22.47346177409653,-4.841263811065406,7.963169927481836e-7,3.8700615363456176e-8,1830.0444281495497,-16.512010996638487,-2165.0,17811.365303309423,0.0003599456774459248,-1489.9989829405938,190.60269447734896,-41.199029743981015,1.0578710192212646e-6,4.087448079526054e-8,-13.669836719908764,-0.10050861433168339,-16457.0,61088.47064583428,0.0003282228597754815,-618.6772872245069,642.2508910759947,-141.04489266256562,1.0223999135433042e-6,4.010269503552863e-8,0.00038607106708251834,-7.109509936497745e-5,-60971.0
t224,11018.282880983726,0.0001285999181089964,-1777.0029345954479,150.31857217559684,-240.10841133230775,1.0624992476779488e-6,4.1099250615278397e-8,2959.999762248045,-31.48999864232002,-12080.0,6662.7183346203765,5.5970277179426e-5,-831.5614151684276,12.306613149463974,-13.047403425439173,9.420359383970115e-7,4.213785387904803e-8,-4594.578911016285,-21.837274794567012,-1214.0,73.60204298779591,4.6069989382821054e-5,-183.18991832794023,9.31630051180302,-9.93216028581551,9.019589866133516e-7,4.203236339930832e-8,1051.4126387502042,-22.208950399158223,-919.0,2465.7851026312305,7.100377540890555e-5,-0.00033062623568511665,23.177461547449038,-2.7247414743997145,9.853087795355255e-7,4.2008785059589684e-8,-589.518195707552,-74.71936812514211,-1822.0,640.7917152349605,7.725531675498633e-5,-0.00034368473264959043,2.6605896171670116,-0.3099554149977074,7.458612119004888e-7,4.194356700717068e-8,-432.22453951419584,-2.917544037088327,-208.0,8720.588122783809,8.556429097942555e-5,-1166.700191321157,14.151310319410731,-1.6615034415637124,9.440685715844858e-7,4.207183405435138e-8,-6391.606408267353,-49.77141641456901,-1125.0,831.1589243825392,4.5817699510620155e-5,-0.19144900986155136,19.189729261507136,-27.941084219408026,9.871349015604778e-7,4.245969787542179e-8,1276.0565707331884,-94.27273771062306,-2004.0,1995.8151811723035,4.251746101485597e-5,-183.4075280970463,68.51212839223867,-109.66746803615426,1.0246705262289027e-6,4.1852380159386374e-8,5906.238331442392,-19.49068823276611,-7658.0,332.3551042200471,4.483514124500687e-5,-0.251849599008952,23.304992137990475,-33.746247851188514,9.941107048354328e-7,4.2096953243651096e-8,2083.048999329309,-23.71104391186257,-2381.0,20016.984061926065,4.778850889605465e-5,-2050.966892729685,224.16366621512256,-216.21568469463577,1.0240905814763469e-6,4.114625462957256e-8,-101.99550883036824,-14.969690161858153,-17857.0,70185.98071873642,3.932415035341712e-5,-4458.28294865734,813.5559891837083,-404.4712450470903,9.81472252741025e-7,4.0246063858181355e-8,-1166.8327391673865,-49.949814562466095,-64920.0
t225,11761.414429501321,0.00013978984444626638,-1234.5282682679085,166.9190731686244,-113.3151766185345,1.0617097859642811e-6,4.108888747393806e-8,2959.9998007750273,-31.48999885361669,-13509.0,7516.623727893454,0.0009132784631805783,-1614.2801007299315,12.111344115791345,-10.639722760505787,9.491634406932601e-7,4.24010408143226e-8,-4574.082630211853,-21.733532198499564,-1308.0,104.79768556427211,0.0009017652962133447,-129.4444025927325,9.170929969637385,-8.127603447733085,9.112996012134134e-7,4.232679115573227e-8,1035.7690945339405,-22.166606505682175,-990.0,1845.1093617252404,0.00010692636190199009,-0.0846123587101955,17.873914211027206,-26.233040056849724,9.754395990188562e-7,4.224919762425839e-8,192.9593326488597,-66.62506389900777,-1963.0,579.3196906285827,0.00011298932475081669,-26.125098283527738,2.0425801422499963,-3.2143506501427264,7.39846638403478e-7,4.2149636842821215e-8,-325.8234850834942,-2.199450358356051,-224.0,10093.846257486426,0.00011381859336738019,-1267.3505418885331,10.787182409964815,-16.381234540880087,9.394778309684728e-7,4.2289344977129796e-8,-7560.613727221447,-47.28805092835882,-1213.0,976.2965117661564,0.0002707104711575894,-0.1265907988453193,17.684176856549357,-36.59830442608122,9.892766550621967e-7,4.2748027274186516e-8,1296.9912456894888,-94.24731058202696,-2160.0,2264.3541191985064,0.00025988372617055753,-90.38175019937005,65.98448377742491,-123.82631172321442,1.024901455379683e-6,4.217437616481092e-8,6153.174775737308,-20.305577478279922,-8249.0,417.58773429168673,0.0002548306620821634,-0.16589659846129148,21.44309987789032,-44.71566963564171,9.958391790871463e-7,4.237708703190266e-8,2198.2082535849763,-25.35777720059558,-2567.0,22398.52575887055,0.00019264768272357342,-2653.4886330925833,199.02330717261816,-398.7857788700776,1.0230249808040805e-6,4.08583065093241e-8,-459.67620247919973,-17.59864455989382,-19068.0,81714.25228096225,0.00045457611091456035,-11076.498868725457,711.6571698490994,-955.3673423864901,9.787170940537726e-7,4.03519255225334e-8,-916.9064579736072,-45.13723678590695,-69432.0
t226,12266.422407060387,0.00013991024709578912,-472.7068404456157,136.55404973159284,-243.41927084529638,1.0586786246406363e-6,4.0829476177030244e-8,2874.5284095391285,-30.378895505989178,-14531.0,8012.131478624832,0.0008489215038831582,-2032.5177112895578,10.287406749285337,-9.770588443724877,8.485706263762932e-7,3.8749994853728244e-8,-4571.427153232947,-21.70428187683006,-1387.0,118.61827900360204,0.0008324989934041573,-81.02997006525197,7.784273629106984,-7.531191412085948,8.280381871243121e-7,3.854512715578375e-8,1035.3231706946665,-22.16539502944523,-1051.0,1944.4976912945417,0.0007804495570355488,-0.021377335862999506,15.203985266573797,-18.855765854308668,8.817529383927289e-7,3.863297975410041e-8,195.99378325059735,-55.81909770030054,-2081.0,577.1849310559192,0.0008703046590765464,-8.97053063808378,1.7454692327702197,-2.3874309193353933,7.307999916514764e-7,3.861414028477172e-8,-327.3634672125302,-2.2098423166465637,-238.0,10906.722410682209,0.0007605541618728845,-1209.4561594582515,9.139803826910757,-12.106659840739288,8.429777216627264e-7,3.87373718068258e-8,-8357.985398526424,-51.31475795797749,-1285.0,1061.6787813501692,0.0004214742332161686,-0.00013102312033543237,16.641996089559715,-16.640333127068878,9.310325342056748e-7,3.927723873705948e-8,1323.3385382299625,-94.01927370468599,-2291.0,2386.647354005541,0.00017939324904483092,-0.00012133510911286329,62.11766318551442,-62.117577039823956,1.0081527827875007e-6,3.854241499354075e-8,6376.339068588022,-20.98656763086147,-8742.0,455.05215539453735,0.00042619574578424554,-0.00013662118792136891,20.21518945788394,-20.213555070909603,9.460960906218411e-7,3.8711198579475295e-8,2294.4922317679893,-25.546311920960466,-2724.0,22740.955218548967,0.0002006362477421786,-1632.2743477826093,175.10513482163088,-272.27420762512793,1.022910218259477e-6,4.089163337893559e-8,-720.0000018720395,-19.511997168441166,-20272.0,85616.60176362233,0.0005165296180278578,-11023.478907476298,575.0114831910463,-1282.6295422841292,9.779017666012581e-7,4.033148167481181e-8,-123.23918122642819,-30.26613280946326,-73732.0
t227,13387.889098871352,0.00014094572513397648,-0.002817093108730871,164.95777808629163,-164.96051024681947,1.0605846874440586e-6,4.1114821776225096e-8,2010.3461789253286,-19.22986986210753,-15379.0,7872.21239576823,0.0009216163642087265,-1761.093643116115,11.654211336801215,-10.024944017961722,9.5750284467724e-7,4.2363389432751034e-8,-4632.814859520851,-21.934082703780035,-1458.0,122.9854747561881,0.0009135949350808683,-88.0456261330444,8.814329786961375,-7.743569165654783,9.2605795710106e-7,4.232783899858458e-8,1090.302313814742,-22.31383743593049,-1104.0,1968.6104428984488,0.0009756355611398089,-0.020526621219661575,17.532789654444393,-14.17011119653261,9.796659479277107e-7,4.2232294982556166e-8,270.6888860890361,-56.64245719778805,-2186.0,502.5070566871519,0.0010084811037707748,-7.674374164966247,1.9729470156548352,-2.168722461087493,7.473763600150878e-7,4.216852034583772e-8,-242.99754681180013,-1.640369276540595,-250.0,11072.374084484069,0.0009436267813912223,-1197.3442864652654,10.457412109926452,-9.89575372986302,9.510985212098382e-7,4.2276101109320914e-8,-8473.693324640995,-51.89907616542483,-1350.0,1080.2781950891012,0.000233731157441415,-0.00020246594672928525,18.977682978329344,-18.978831340949178,1.0265107384223417e-6,4.2819488576134444e-8,1420.735706495082,-92.01278529433378,-2409.0,2528.304274993943,0.0010604725816673536,-0.00010104426133480567,73.43234503611241,-71.88963898503486,1.06942850079336e-6,4.225451728911817e-8,6664.831001788932,-21.67894316305815,-9173.0,466.6227403111915,0.00022227876843245367,-0.0002084216612682111,23.065510939224854,-23.066647945807045,1.0329444225677652e-6,4.242933131953374e-8,2415.596389583703,-15.218007635890519,-2867.0,23249.694933869512,0.0004813211554948373,-1489.9987510124868,204.91332027709174,-204.91244931648052,1.0554108862753086e-6,4.121811044518277e-8,-362.8108677873927,-16.88666782923219,-21380.0,87277.46759342037,0.0005057889529724461,-8707.713716013453,671.9589127058872,-725.3734118358179,9.755976335447402e-7,4.03589901664304e-8,-160.18387793578347,-31.156006706186023,-78325.0
t228,13875.41260120339,0.00019809157400692422,-0.00045347662025847763,200.19594392211488,-140.650417871574,1.063819308160315e-6,4.1202328632369036e-8,2245.2402731355282,-22.19814546573346,-16158.000000000002,7498.903366785987,0.000802495725392684,-1326.4634546046357,13.2596458050339,-11.085670927630954,9.600961601468558e-7,4.215010107136899e-8,-4643.980164403987,-21.63452582229051,-1509.0,98.51747146308205,0.0007682601192591623,-70.09523363756989,10.032109483552555,-8.480349365554602,9.304253143544536e-7,4.2058322562967374e-8,1134.458264549533,-22.433031514352233,-1142.0,1987.8833026598925,0.000355031341687706,-0.02971901269885517,19.385529742934555,-17.839341372113118,9.779050406072524e-7,4.196606308206838e-8,330.902483653312,-57.30261140485147,-2263.0,641.5353896375495,0.0004803860223873933,-9.938413278834084,2.198922341296385,-2.639038079940435,7.477954114709367e-7,4.192631769945488e-8,-369.6619476754471,-2.4953938477675583,-259.0,11046.891543586164,0.0003492328429369357,-1200.577311647037,11.563498104887167,-12.435047648038081,9.510201760905685e-7,4.2026279149821733e-8,-8396.931560808562,-51.51147158957509,-1397.0,1188.2267724126975,0.0002239181071197079,-0.0001960974647286834,23.567370695695885,-10.815209545585168,1.0301055224600808e-6,4.2559323229725835e-8,1386.78335275599,-93.76231493836394,-2494.0,2748.7230186469315,0.0005542393961173897,-0.00011030334727579398,102.2145052397179,-4.089889512911819,1.069999066076515e-6,4.2000261878401826e-8,6664.830863858494,-21.678942958043304,-9490.0,399.5341451047537,0.00022571098591936045,-0.00019290833672224822,28.682300025825064,-13.257709332635113,1.0366645361550967e-6,4.216963484497674e-8,2571.8421529595716,-17.800922448279845,-2969.0,23574.009389032795,0.0003067288656926948,-663.0074284753908,252.0483444900471,-127.54037809653177,1.0562790310632956e-6,4.1128492035114036e-8,-719.9982442918504,-19.511989913618617,-22296.0,88221.66894108208,0.00037207464474729984,-5045.69259452546,750.8123676676122,-932.373623223725,9.472849917459816e-7,3.99772255837294e-8,-203.4854737325844,-30.929989638571183,-82760.0
t229,14564.192942718377,0.00016979156383500993,-0.0005103845861893587,207.78875939450776,-267.3344001374957,1.0614175656982846e-6,3.950599101906382e-8,2241.5025932333474,-22.149554847246886,-16724.0,7975.550172514873,0.0008536723399213291,-1679.480725081352,14.03060074881071,-12.732073616312904,9.605030147051478e-7,4.211895861282891e-8,-4743.599361309819,-22.769467569584187,-1531.0,96.94171569767673,0.0007997765446460998,-63.74301697468312,10.60580482700307,-9.826324824880809,9.312143806763424e-7,4.200669430510266e-8,1147.4892021346648,-22.468181413860496,-1159.0,2738.580777989249,0.0008051322492310161,-0.12016191100313633,16.31993267271564,-54.109392101547215,9.789615854854017e-7,4.1910329478427375e-8,-356.3485248661691,-47.32343764348473,-2297.0,907.6039455025923,0.0009597620955530292,-40.47559723705909,2.142600062648181,-4.842281412281704,7.49098019524408e-7,4.189552264111578e-8,-598.390331874049,-4.039295320816872,-262.0,10993.36647530608,0.0008193955309644525,-1519.2950465127528,10.707011768803792,-29.242438707280627,9.525389511752228e-7,4.1969575583483647e-8,-7988.090019628267,-49.446802354674695,-1418.0,1332.5296298306978,0.00012574998668325084,-0.000319256310039832,22.245671725782056,-34.998207286456655,1.0301120623961702e-6,4.247865287425144e-8,1307.3072941968603,-94.08419577510998,-2533.0,2875.5166960552947,0.0003621329383876537,-0.00011921677712552439,112.54621260753112,-5.215082674083345,1.0697232348945345e-6,4.191823723905433e-8,6664.830873265548,-21.67894297125477,-9626.0,395.4435971927741,0.00012613200109583785,-0.0003112660101984083,27.10720303437477,-42.532156217341466,1.0367406970623909e-6,4.208204941215672e-8,2655.0557433909576,-18.074203154612327,-3017.0,23904.70499854002,0.0001953639432735713,-222.6864014906561,244.20966917614626,-368.71833782260137,1.0555429799157714e-6,4.098790720096391e-8,-719.9981351292464,-19.51198904826809,-22818.0,89494.14158287388,0.0009041625865477233,-3702.509182287393,825.3697180719038,-1009.6723140505177,9.795658072943408e-7,3.997290870417244e-8,390.2406665861741,-22.571375344367954,-85975.0
t230,13919.498278621593,0.0004841408562140605,-0.0001805992021311146,280.0199892351184,-0.0028709970847424476,1.072544058532278e-6,4.1328927469537526e-8,2959.973979050374,-31.489679752601578,-17128.0,7269.367083292569,0.000817347839380578,-932.5451003066019,13.160668133532317,-14.804723655769832,9.62017571046484e-7,4.21876537200929e-8,-4767.306886573427,-22.8718588784071,-1545.0,79.08634511331461,0.0007679980454768193,-52.79407284224715,9.994242652937235,-11.072452069139226,9.339304840728367e-7,4.2067934685206524e-8,1167.3070275023822,-22.521859079830808,-1170.0,3358.8424941450776,0.0006508099863359174,-0.00019326722348195064,22.333960270607985,-8.393160728739357,1.0190269552711297e-6,4.212107460071758e-8,-989.2620921933488,-66.52165978696878,-2317.0,971.2323693671856,0.0006908496721254637,-0.0002034222540011282,2.592117470779536,-1.0680115795344425,7.811801178843275e-7,4.210817630564507e-8,-703.0116240761137,-4.7453391556217515,-265.0,10835.88766213942,0.0007255989358847626,-1166.6781912773793,13.652457428847413,-5.120009668346758,9.923212567020497e-7,4.222567920539598e-8,-8197.239787076735,-50.5028579267859,-1430.0,1325.924659104695,0.0008239131490306901,-0.00012533903272723913,30.99896790817155,-0.0037207959909398756,1.0389990925609541e-6,4.267655871045118e-8,1293.2900973527596,-94.2107029562492,-2556.0,3394.9163977665444,0.0002695275934895417,-0.0001308214430673352,110.99850223490742,-4.253928603592804,1.0700607733643665e-6,4.2048384631295016e-8,6221.871090201285,-20.53220095006655,-9703.0,642.6335297461251,0.0008345490135388511,-0.00012379000838021203,37.81532046153992,-0.0036962480387725785,1.0457453619582741e-6,4.2284516104059264e-8,2393.5617015096695,-27.007567121236754,-3047.0,23526.979925123895,0.0006100403467469276,-0.00027193077784879057,271.5448738573415,-109.01408602750101,1.0620613580777244e-6,4.102667856114689e-8,-719.9990599292914,-19.511991410476785,-22950.0,89670.4667110283,0.00044317133578820363,-2646.7888707444536,886.7351714587553,-453.1727995285675,1.0124645417088855e-6,4.023597622123913e-8,1340.8155542324441,-40.05620965863165,-88758.0
t231,14616.584911251095,0.00028369836884013046,-0.00015382098557019245,256.59005532651463,-129.86499881963576,8.178732345067693e-7,3.779983655781798e-8,2796.0485507194294,-29.35864813805542,-17510.0,7504.483212013088,0.0008019424609139481,-1159.426871911931,13.605324526556736,-19.408100820143318,7.373332762156237e-7,3.8460271827370214e-8,-4772.368855818861,-22.88551024190649,-1544.0,86.39757885741564,0.0007939390679253468,-62.733474126252894,10.290156115653568,-14.788540862684531,7.327373374447531e-7,3.829839843330333e-8,1172.3689961421924,-22.535510457940624,-1169.0,3596.877599243394,0.0002413698559114742,-0.00020673073391956075,22.514131286658973,-16.6501395493932,7.768819719515749e-7,3.854973841811966e-8,-1219.5519834919114,-67.18964251619339,-2316.0,931.643519465977,0.0002647318993770343,-0.0002475013736956568,2.6447740374145874,-1.8601908828136902,7.401951772198125e-7,3.8540484053611225e-8,-662.9531769065698,-4.474943355541362,-265.0,10727.96457475412,0.00029284345180754064,-1166.687768147466,13.748640778453469,-9.941977623266846,7.674259299184714e-7,3.8651073080960944e-8,-8087.136925777106,-49.94683734269846,-1428.0,1339.4059601924407,0.00030379394846186716,-9.540152019653489e-5,30.8538245016872,-4.828320474393406,7.924933530600807e-7,3.923566998656103e-8,1284.7439206070187,-94.17559365006747,-2556.0,3194.900219635517,0.000194812895243874,-8.928897334968133e-5,120.74906712859456,-12.493778052954815,8.239776771457774e-7,3.8738922039952084e-8,6409.9115267231555,-21.06714114822541,-9692.0,662.6149374432839,0.00027842092090807027,-9.373343115882496e-5,38.131652696336744,-4.976596357212997,8.00180800992048e-7,3.872554579396884e-8,2377.9927082072713,-24.76288721232149,-3049.0,23668.857967053955,0.0003425001733827631,-0.000294143148982594,274.10103730249944,-209.4482083905842,1.0615538950197103e-6,4.061540212148602e-8,-719.9988539748158,-19.51199024668622,-22994.0,90196.65556162361,0.00025526467277362354,-846.3980972139975,946.0815179063864,-611.7327221816947,1.01092706904741e-6,3.985183480497414e-8,1420.944093570196,-41.550608976782854,-91064.0
t232,14893.522812048617,0.00026938674699000743,-0.00014730542246423222,295.36243853983973,-417.11822508406505,8.271760026505094e-7,3.794576715250471e-8,2953.640190777329,-31.407338198086705,-17694.0,6951.488143948558,0.0007923274402522937,-586.8714069933125,15.740728725843534,-30.913575781659784,7.412829672147818e-7,3.822583804818663e-8,-4787.51826418024,-22.92641832363816,-1539.0,78.13813294881128,0.0007809720889630636,-66.23113286173196,12.08790794396119,-22.937690479293668,7.36341978965345e-7,3.804928959080206e-8,1187.5184196460316,-22.57641855632451,-1166.0,3415.2580149942714,0.00016485819118201001,-0.0002831520861342507,28.186016441422087,-29.309212582066046,7.814874276741114e-7,3.8275791095242106e-8,-1041.6158621099876,-63.51883885104104,-2309.0,1142.6400246107712,0.00018727531199650525,-0.0003293106662896619,3.2907448119292266,-3.4267987985729493,7.447256650993221e-7,3.828950893516397e-8,-872.6136770985801,-5.890151903385675,-264.0,10488.411705789158,0.00021919912469436911,-1166.6901087253852,17.0866553636841,-17.498765762075188,7.729642530144291e-7,3.845956396237036e-8,-7847.572668445365,-48.737037873206766,-1425.0,1308.2731224585311,0.00022332475481506327,-9.907635599896192e-5,15.815456440817838,-68.43957876550995,7.970579686987994e-7,3.904661285879536e-8,1389.317901311251,-93.96702613086777,-2551.0,3926.170708978712,0.00015470727655165757,-9.4166759747774e-5,9.431201914085422,-287.9272530031879,8.275812433969485e-7,3.851208584109387e-8,6028.218426755646,-19.893145362190875,-9656.0,640.3723323713347,0.00020358566049403349,-9.815350705870879e-5,17.985531229633736,-84.55751911061738,8.046020782391335e-7,3.8448750689822384e-8,2497.520156082216,-27.320606542840768,-3044.0,23727.04453314389,0.0002720450975341432,-0.00031200068588045784,353.67274009513426,-320.206302115517,1.060655506120201e-6,4.053866279355515e-8,-719.9989436069071,-19.51198734552902,-23021.0,92631.86364425962,0.0001585645265701214,-752.1070490253749,1132.0773876550218,-1276.2640686121863,1.006691339532588e-6,3.976041464210567e-8,1213.1043208686058,-37.674393600596474,-92911.0
t233,15146.327556187263,0.0002491443830724809,-0.00015074346941685988,297.9247749971912,-582.9082856472369,8.51175163943735e-7,3.7229394670054984e-8,2778.790143062362,-29.1342866787467,-17611.0,6375.524208349953,0.0003120943657807801,-92.64401843424196,23.36153452207082,-23.361431877802133,7.769301608395536e-7,3.820040042633413e-8,-4723.1281557851435,-22.75244919201662,-1537.0,62.26687471716627,0.00026035424104052735,-0.00020006774832724078,17.713569476057003,-17.713466629035786,7.76044956633363e-7,3.811808727697827e-8,1123.1353955954057,-22.402433883878462,-1163.0,3384.762985432152,0.00012129408193274612,-0.0005416661180896593,30.770394478361688,-49.451884111902366,7.862516570495157e-7,3.8215184105994845e-8,-994.9018553628408,-66.17922043682078,-2305.0,1372.7513276111863,0.00013991508671305224,-0.0005724637780168188,3.53273664761585,-5.705274992112803,7.690062382259104e-7,3.8300771090207364e-8,-1100.1523191046995,-7.426038031123594,-263.0,10401.605900577162,0.00017187908602119074,-1166.6897764047467,17.86757985543934,-29.794473924277256,7.816085258824756e-7,3.8279261665377754e-8,-7752.731313304212,-48.25808914836117,-1422.0,1238.2433283497417,0.0001725995143325719,-0.00010389121200661437,40.34724409407889,-44.740268036068976,8.074348661381025e-7,3.9042885408488634e-8,1407.9060668178215,-93.75644031256012,-2548.0,3586.3612325559966,0.00012941750378527042,-9.879991109472737e-5,89.94691146749551,-233.44537870078602,8.253435266211274e-7,3.859028608714193e-8,6208.625694109319,-20.488490203717618,-9631.0,597.2579592679283,0.00015927415000992204,-9.822834658138994e-5,49.33778884946099,-53.72905937387637,8.067226279717305e-7,3.830955705188602e-8,2473.374867974635,-24.241618286113088,-3042.0,23656.39508638283,0.00017243999312173202,-0.00023183012615445657,456.2590096450037,-410.1431276173044,8.21987022087448e-7,3.6936342778790603e-8,-719.9989170340795,-19.511991212576866,-22963.0,94157.23506744766,0.00011941236171182679,-723.3131628564364,1187.8798693330414,-1811.604429962216,8.363265664365872e-7,3.750540801971614e-8,1299.0803930314323,-39.27785578381428,-94070.0
t234,14211.873410025493,0.00027268727117372597,-0.0001394449499218071,550.3502840063612,-179.71294569852333,8.524926503605871e-7,3.721418958324656e-8,2959.9788606759034,-31.489741940900963,-17511.0,4999.448288964807,0.0005311849839907835,-0.00021524564682909173,27.517406570377982,-27.51724882111936,7.759295013495368e-7,3.795003550154943e-8,-3455.1199380731605,-19.328824897587808,-1525.0,50.05089363413512,0.00035824171208765417,-0.00014525618624225975,20.878219916642152,-20.87806218442534,7.740578699917025e-7,3.78792031694644e-8,1117.9292373933813,-12.980502202362729,-1155.0,3214.855307987443,0.00024489960551161245,-0.0001404886974723799,43.9312100065122,-43.93104601316811,7.84244529127254e-7,3.794199313422067e-8,-871.8361972110052,-57.019379551450136,-2286.0,1413.6284089997457,0.0002701311089258889,-0.00016683956746258038,5.088324134011877,-5.088167127496804,7.680183076006949e-7,3.807638563013443e-8,-1144.9005828235224,-7.728086887993784,-261.0,10124.790454991771,0.0003866580399780592,-0.0002291427350395082,25.297440618317804,-25.297285977039934,7.828661350995105e-7,3.8134384252599385e-8,-8661.941169923668,-52.84959769276773,-1410.0,1145.6140238661571,0.00015803216068629276,-0.00012429198124559837,49.96101428628343,-49.9629670126808,7.989986945171525e-7,3.878687985701083e-8,1478.0577906139276,-93.66989589462426,-2530.0,3581.3313141906588,0.00012815203141343856,-0.00011206299061851292,195.9023636689542,-156.80931782818246,8.147648675360731e-7,3.8285696947923576e-8,5945.194793895529,-19.619170158709014,-9546.0,563.9171982290716,0.00015027686098629674,-0.00011086080600174766,60.87464819430749,-60.87648077644603,7.958804989525535e-7,3.7934059653235207e-8,2485.464437261933,-27.37984283183549,-3022.0,24032.165293537815,0.00017086593349865514,-0.000291066262992136,552.481946661629,-582.9457815428264,9.039728881143371e-7,3.874708081442933e-8,-1319.999328245749,-9.702009836820562,-22672.0,92356.24027948173,0.0003360540296263754,-0.0001940258324689338,1706.3842814596528,-1706.3840177805928,8.679316894096546e-7,3.866692356762758e-8,1467.1720964364322,-21.412781139786226,-93802.0
t235,15407.048921917347,0.00023389641906038672,-0.00015232822047921921,428.11480744827406,-209.08367142910282,8.510030082627454e-7,3.718778202056745e-8,1599.999891404537,-14.080030624955878,-17212.0,3674.821696555737,239.9958047624438,-0.0001877295035100833,23.231633760244634,-23.22874036212968,8.883557771991822e-7,4.177939593937949e-8,-2419.2881283286038,-16.532079241691893,-1479.0,37.54582717223471,0.001064158096091192,-0.00013169789341456649,17.657884677102057,-17.6542490741937,8.653853695698571e-7,4.172542558637547e-8,1087.8560080805523,-5.406403989752542,-1120.0,3005.6243350858394,0.00032888515026419714,-0.0001503997512150129,45.011442291010376,-2.3767272039347516,9.258429439112549e-7,4.162080829721646e-8,-788.9804405926219,-41.27878872964486,-2218.0,940.7722221366903,0.00034561608815036605,-0.00015957621042631974,5.222980551026996,-0.27631947954595387,7.656955389294649e-7,4.171780443919544e-8,-687.081263393142,-4.637806371296101,-254.0,9472.06075081454,0.008024078157912498,-0.00023381205568089763,21.40219505508517,-21.36880000528102,8.858526905737028e-7,4.1578068784910835e-8,-8054.3208209078475,-49.781115881969015,-1368.0,974.3236159196375,0.00016995592644228192,-0.00017279637255020452,50.94696713751395,-2.6984244658890066,9.388058071796848e-7,4.211645648724547e-8,1490.346889640884,-59.91904608033542,-2453.0,4548.370324769613,0.0001442917738076979,-0.00015394967923440766,182.34691731469002,-9.556673585214165,1.015423216353958e-6,4.163144032010051e-8,4558.883784886698,-15.044344228366393,-9265.0,529.4239418876209,0.00016798568880060314,-0.0001572700788931245,62.141125535468554,-3.2642037647734568,9.577507782070336e-7,4.1467365906388606e-8,2355.59526668198,-13.896141848452135,-2930.0,23203.46975704623,0.00020092860625170228,-0.00018646047020423772,528.5750417772587,-25.25998260934631,8.285417255686076e-7,3.725932157754585e-8,-1637.885227014487,-14.89960292851523,-22054.0,87402.75455449952,409.3990263265633,-0.00031095829320441806,1714.2126559519106,-860.3917226443593,8.508796778144034e-7,3.778803876523917e-8,2494.874039542051,-39.84824211534469,-91121.0
t236,15864.343537746217,466.45670614337115,-0.00010340615818989442,288.99502209926874,-0.0004487535370153189,8.57334825682528e-7,3.72675496120128e-8,78.89964076713754,-0.6943543953524552,-16698.0,1539.6621562814094,4343.322702232538,-0.00017951930679270214,17.483211920807992,-0.8632710324686127,1.0102657081141796e-6,4.206480862844393e-8,-4440.614952096079,-21.989668506871084,-1437.0,37.339326181232785,218.85741009174413,-0.00012163959120177592,13.336366135268896,-0.5095690622879268,9.755652776803898e-7,4.1955478831804904e-8,840.6162512675799,-21.639663798584465,-1088.0,3016.352169580829,0.2226119240803411,-0.0001064434831389232,26.84106119836615,-0.0004428912887098639,1.0382306547645018e-6,4.1818423124497574e-8,-824.3322665811985,-64.0830276500573,-2155.0,1052.077373286005,78.85850409069634,-0.00011089702010404059,3.1045083501614834,-0.00042486469974321623,7.922302067194885e-7,4.189872624053498e-8,-882.0857644000871,-5.954086220891175,-246.0,4972.356478391304,1641.115203666925,-0.0001538014958753035,16.405663147011374,-0.00041035291359090915,1.0091923958673703e-6,4.1841281927389286e-8,-5271.106079077951,-29.7707028740423,-1329.0,754.6945888061443,0.2597812126904061,-0.00010205231414805141,30.375228082177408,-0.00043262496381668125,1.0439072957236886e-6,4.234584991036209e-8,1666.9415416889528,-69.27060603341519,-2383.0,4648.128456044669,231.72543284998127,-9.826346435745131e-5,108.75029366215135,-0.0004325046909874638,1.0764718241917266e-6,4.183632698062108e-8,4034.7109194790355,-13.31457183131934,-9010.0,527.9018992542856,0.3409095116820327,-0.00010105726749183647,37.0500598084417,-0.00042853465546701503,1.051439130832757e-6,4.186006564826039e-8,2286.96994374605,-9.262283633082033,-2843.0,19867.016822387093,1768.5263997988825,-0.00012178193062320794,313.26636024837296,-0.0003393681759647761,9.081518754450561e-7,3.965321014401927e-8,-599.9990998793975,-9.810020998070241,-21339.0,74094.54287708619,8953.580673555547,-2.8795687701486348e-5,1169.4167551163061,-93.86864325692935,9.301161826436318e-7,3.988081028499554e-8,3109.999865085958,-50.67149834409503,-87183.0
t237,16076.409145235517,0.000625109959315054,-0.00011959345253111137,243.21814829614945,-0.0011467993378190715,8.567682870024293e-7,3.721994986638712e-8,-1.6057433940028984,-0.020908644174727462,-16318.000000000002,1744.7535883079092,4096.235393203289,-0.00015247207042574866,14.986962153945626,-1.2813309395155792,7.940731724801876e-7,3.827651258974289e-8,-4407.793411342425,-21.901049357178838,-1425.0,37.33938421653815,243.18076022327637,-9.640558794441926e-5,11.715429623378768,-0.4792541930861846,8.267341113108507e-7,3.736259786304845e-8,807.7948208972656,-21.551044925827608,-1078.0,3081.1468077337004,0.0038344195011268344,-8.71093294265569e-5,23.172930321887442,-0.0005683999852525216,8.352014195540009e-7,3.747762205269817e-8,-897.177857274555,-71.14506019375807,-2136.0,1638.7636248616661,0.004338179295941975,-0.00010287903127256436,2.6733007764604486,-0.000427038443325007,8.26626220161568e-7,3.759258923258075e-8,-1388.0712475225391,-9.36948692770204,-244.0,4987.945047295591,1166.70340979286,-0.00012504873566082756,14.158466772694409,-0.0004887051778029127,8.352485914702702e-7,3.755525300043349e-8,-4823.793036451613,-27.013274240068352,-1318.0,754.658057396305,0.0036186312828636446,-7.103479330153454e-5,26.226318056804512,-0.0005746584777649976,8.116517744596122e-7,3.904489035103977e-8,1649.9370279837558,-71.82437698738578,-2359.0,5204.318794449054,0.0034931633001101295,-6.216807638621757e-5,93.88357299409644,-0.0005922532719633297,8.265723566641393e-7,3.8540834715652566e-8,3652.6523909875045,-13.85759732489699,-8937.0,527.9018827550556,0.006992404465905975,-6.509902530064782e-5,31.981779624039206,-0.0005276381894958666,8.443523561718401e-7,3.7507441585332336e-8,2269.9558509827607,-15.845913565319437,-2814.0,20599.282170026097,376.59924848560104,-0.0001486149484207935,271.44428702109605,-0.0003526090797117207,1.073378683857325e-6,4.051202520432852e-8,28.101350207263565,-14.426554467818809,-21261.0,68744.07769751057,11432.185475924469,-2.751264229121339e-5,932.8247592334438,-28.416261831410917,1.1205697635279747e-6,4.013429311222446e-8,3109.999854926586,-50.671498326168425,-84140.0
t238,15312.770260875932,0.00026816002092127576,-0.000141878133340567,202.4042553547994,-315.8409562646373,8.517796766974284e-7,3.715601388275187e-8,1190.1395771560733,-10.473263235076987,-16379.000000000002,1941.652893768165,489.3482894681982,-0.00016497832028066758,13.29328630561627,-1.3053085977015628,8.927746077239725e-7,4.1489452294728397e-8,-1026.21820100375,-12.770795649140853,-1404.0,37.33955375961841,212.78257653077566,-0.00011589597458866056,10.097900258815052,-0.4585336382308859,8.695424856399326e-7,4.1387421309998425e-8,807.018220986457,-3.77960276774745,-1063.0,3124.644407466212,0.00029249574368543174,-0.00015379722875657968,19.979037063893138,-3.34539040417356,9.283958714287074e-7,4.132649585643106e-8,-989.8004032568722,-45.477790314008445,-2106.0,1920.1400038798226,0.0003253220511997307,-0.00016177532089119327,2.298991889982013,-0.37579756476431936,7.684056690504868e-7,4.144227173077548e-8,-1670.7855520168225,-11.27781036258733,-240.0,4965.153595555715,1166.6969691930724,-0.00021946270327206596,12.203183891608841,-2.035015178255484,8.884011267976338e-7,4.133360843906569e-8,-4811.26694071204,-30.751574059733205,-1300.0,758.9022976149124,0.00025557799111611246,-0.00014005661351744177,22.613741710225003,-3.788819113780524,9.402048380904692e-7,4.193909950941413e-8,1576.9266154379277,-31.653951912394653,-2323.0,7778.529594277322,0.00022660548139221364,-0.00012802313594469943,80.9436864577886,-13.539072138767423,1.0167960107889772e-6,4.1514542465600364e-8,974.2808466103747,-3.2151542914773903,-8817.0,527.9016604239249,0.00024429794606804843,-0.0001309806861070758,27.570798879652127,-4.607201627456541,9.590718561322854e-7,4.132365331028098e-8,2229.7724657328304,-11.637837536073924,-2769.0,21885.7487428154,0.00027854840651249727,-0.0001451162242940095,229.8886802927189,-34.95404975923459,8.384054750920657e-7,3.632904721277344e-8,-1390.0665085184198,-15.616997624745684,-20675.0,68716.11465803884,8906.990166667374,-3.404723814878446e-5,837.9073732019456,-170.3405446043356,9.336517469907464e-7,3.7934530948185e-8,3109.9998795842425,-50.6714984846855,-81350.0
t239,13949.198990385808,0.0002933913086417728,-0.00013452475474066985,157.96714699584777,-235.28333223344038,8.545815754733386e-7,3.7242264131840706e-8,1802.74146460942,-16.624428494096314,-15658.0,1743.8488772692397,295.4600149637337,-0.00013119359811150384,9.727649174739492,-0.9200281766415206,7.951747867177178e-7,3.824767436920898e-8,-714.6459200824434,-13.47046239713523,-1320.0,37.33969362133692,0.002522434514906125,-8.444497612507254e-5,7.381033623257071,-2.274733161580228,8.282709042222513e-7,3.7334775841617026e-8,963.252919377791,-6.701352015364608,-999.0,3217.604888170798,0.0002805620929866513,-9.932165636834243e-5,14.607499328043113,-4.546020538958755,8.325043278588285e-7,3.741319636712809e-8,-1204.0810742989531,-44.58547439541198,-1979.0,1789.8807010850999,0.00033062707936271996,-0.0001249747746815313,1.6776235280372402,-0.5413309263386145,8.249122384350866e-7,3.7556484999737785e-8,-1554.5241555909909,-10.49304429658219,-226.0,4942.362250601927,0.0110332574252078,-0.00016107190317331906,8.91939886565533,-4.113535068625735,8.333265481419226e-7,3.752099744923556e-8,-3700.337086108861,-25.84190105875171,-1221.0,761.4549731637593,0.00021227049532586022,-9.041418494767471e-5,16.53454753794894,-37.78988510841816,8.071232831730868e-7,3.898196179787662e-8,1457.8874242960171,-16.087182273726295,-2182.0,8837.285113479904,0.00015437374217946236,-9.591637000780511e-5,59.17644294787664,-250.62188876376135,8.210643320939646e-7,3.849523131358044e-8,-349.9997088646542,-0.8400174031597494,-8295.0,527.9015235629604,0.0001938958406378948,-8.624012400732901e-5,20.15496982056376,-46.43907287101727,8.384623676239762e-7,3.738208614945857e-8,2109.7053226091302,-12.322851308346074,-2599.0,21618.09052039574,0.0001723423237487828,-0.00027972725950490835,136.55728174426557,-649.1366096162659,8.152234063385091e-7,3.666126870407106e-8,-1919.9990887744052,-19.511995807777815,-19166.0,67604.06260672929,3978.3100075108155,-1.4770574628630861e-5,613.1738626705237,-9.87486599538002,9.44889435760603e-7,3.7620510980960806e-8,3109.9999028279494,-50.67149869700428,-75245.0
t240,12541.15856974852,0.0003016092505733477,-0.00013496895242328186,116.95840151103675,-156.52011442883156,8.529060845450256e-7,3.7251347578619775e-8,1780.7514309979972,-16.34845428830088,-14266.0,1541.5200379426312,240.06808559501187,-0.00012673612005390612,7.328081425583967,-3.3421124601843983,7.956229217781602e-7,3.8278186674064876e-8,-556.3182907095455,-12.255675505955109,-1217.0,37.33962866102659,0.004834218573801371,-8.391253832419878e-5,5.559950537253371,-2.5417022218221783,7.92477851879679e-7,3.8126489129007334e-8,888.3680842380276,-6.730712082162398,-922.0,3218.533840919836,0.0003780881285009843,-9.372475285086766e-5,11.005596956168876,-47.652950182444634,7.981463977621354e-7,3.818916433170883e-8,-1313.305517578374,-43.58125497496269,-1825.0,1644.9041632266947,0.00043598665875933384,-0.00011669082524843687,1.2621759023679033,-5.4728866848938615,7.837991912217864e-7,3.831062832247761e-8,-1422.0946264542063,-9.599145825303047,-209.0,4926.812415041689,0.013976372889475185,-0.00015677993403783794,6.718746132599603,-1.738952478744041,7.93835240720651e-7,3.826838619638891e-8,-3778.5262674129035,-26.279761451822164,-1127.0,760.508975547312,0.000268902459920718,-8.439046261111978e-5,12.458033323973709,-21.296985713788146,8.059057559816336e-7,3.8978047043086864e-8,1276.603529600459,-17.273737796746023,-2011.0000000000002,7463.288926249447,0.00023652742195156504,-7.964478179545753e-5,44.58392753750943,-0.0023701310264218297,8.207601317582312e-7,3.851489229228623e-8,153.63638546408134,-0.5070261492228851,-7661.0,527.9015367520137,0.00024623348113549516,-8.121128148917998e-5,15.18397682870252,-25.617881277180047,8.040241484455336e-7,3.815148541481788e-8,1887.532750286475,-12.000548141603408,-2393.0,19806.746447340975,0.00017409347342199616,-0.00025716938039581437,116.03286059750701,-467.26855272494987,8.332459000425404e-7,3.632138305639111e-8,-1919.9986803288823,-19.5119911149779,-17516.0,65875.08169083379,269.8225077259456,-0.0006645342849350058,451.6089109993783,-1096.5466190059524,8.451036556456572e-7,3.778931368079665e-8,3003.3512018968718,-49.31702745758132,-68454.0
t241,10507.556492247682,0.0002212340156934403,-0.0001624737283138796,58.37926360364898,-301.9493801610961,8.499030681881617e-7,3.7200198623006106e-8,2631.2295709852197,-27.21600526318955,-12868.0,1351.5581164743228,0.0007018727809664985,-0.00017933745868974776,3.783272322443504,-25.713689103012022,7.922902934019933e-7,3.81991048706033e-8,-201.085270983378,-0.5429516911896016,-1128.0,37.339754241729715,0.0003342945968651213,-0.00010709117709421094,2.8709090792695897,-19.538201806767567,8.273471482627529e-7,3.7288487502813385e-8,836.8903306692489,-3.563019951061036,-854.0,3274.752745176554,0.00018139184000266312,-0.00012500919822423247,5.682010611253631,-38.71854315241387,8.309302588590279e-7,3.7367850709821815e-8,-1523.1307303329886,-26.58553918421985,-1692.0,1583.5106892545382,0.00021475701049934753,-0.00015340759805334132,0.6522936959219268,-4.45032456876172,8.239167587378122e-7,3.751936455693009e-8,-1377.4151613031966,-9.297558975598815,-193.0,4922.93429546566,0.00045876410992041756,-0.0001905671350287156,3.469397045987265,-23.59929270934662,8.308963698771866e-7,3.745605534969621e-8,-3831.22975752186,-26.57491105838329,-1045.0,760.8656151507106,0.00016121652825019998,-0.00010811685568117984,6.431605913043822,-44.02125969408455,8.037239971296456e-7,3.894479539086642e-8,1183.2946732661494,-44.57068825972371,-1862.0,6304.934524801005,0.0001426064603959761,-0.00010735433109897768,23.020509160838657,-159.39129982772909,8.184880158460558e-7,3.848537579672673e-8,944.5532834716876,-3.1170530020256058,-7110.0,231.75120061246926,0.00014974463776404144,-0.00010392365995691463,7.8402355537139625,-53.54747291059002,8.392361541065452e-7,3.7331809213503894e-8,2043.9196142284115,-17.963623772676026,-2212.0,16983.699426204006,0.0001891673410243583,-0.00022995793417657166,60.35486303407396,-284.82983282735825,8.315024813519851e-7,3.6266904848083624e-8,-707.0277414445546,-5.196673539889845,-16047.0,64273.03822580399,0.00022112164226125434,-0.0010076005579438552,205.08709577223286,-1654.1256795618754,8.393819564513216e-7,3.7707359406287466e-8,0.001188965260634938,-4.405291700967475e-5,-62824.0
t242,10868.541101749717,0.00018847399758691304,-0.00018542517291415695,32.65055500097184,-237.66584762855447,8.467935388823568e-7,3.7205571686024896e-8,1197.0078900943568,-10.53370199721452,-11850.0,1356.565480728316,0.0007894070468416673,-0.00017280924364149747,2.193754948204543,-7.966733948927391,7.916711837790644e-7,3.821082059407346e-8,-281.0343052718521,-0.758813498255546,-1069.0,37.31120969091006,0.0004290728786539099,-0.00010292155702933273,1.6648986151983725,-6.023477386758464,8.268580368924828e-7,3.729789104187693e-8,779.1720045080859,-3.124962142436143,-809.0,3329.100187883523,0.0002131625108976875,-0.00011605358703124894,3.2936725165827925,-11.831085585036915,8.301555989625748e-7,3.737642867704477e-8,-1688.4663169207429,-30.096555501342703,-1602.0,1744.762773473151,0.0002554936205988934,-0.00013852390776694735,0.37931918273383514,-1.387617321403551,8.234057710324156e-7,3.753164301909429e-8,-1550.2901277373849,-10.464465113735761,-183.0,4930.74445929004,0.0004942151334786723,-0.0001811999728122208,2.011979439934003,-7.290670059995799,8.301959985911065e-7,3.746515448274199e-8,-3909.7410779226875,-25.725004342190893,-990.0,759.058906443849,0.00018949563330250508,-0.00010109591765308708,3.7278211863284976,-13.186908845691931,8.028840324444761e-7,3.895278332892309e-8,1059.3386356692017,-47.938543377107415,-1761.0,3703.3061277518445,0.00017148884980791227,-9.395162193149485e-5,13.344871187703593,-45.41006445632596,8.180290836690093e-7,3.850556453295419e-8,3085.942626168873,-10.18363833288542,-6747.0,231.7512600883843,0.00018117178099445356,-9.478529751527169e-5,4.545546337696598,-16.221994382909823,8.381018757911008e-7,3.732948163349181e-8,1880.4296646072253,-9.504563503464796,-2091.0,15770.970611328177,0.00020870284312868558,-0.00021313686359176264,35.64063645870535,-182.0443484826755,8.307256006328204e-7,3.6275692660015346e-8,-572.3600290318938,-4.206865206217198,-15048.0,59427.51889140205,0.00022777106180975662,-0.0004072156112550838,125.38564938748911,-898.9053552522703,8.374700070355814e-7,3.773179846466422e-8,0.0010358368176434797,-4.1494329519284376e-5,-58654.0
t243,12114.028862605623,0.00014921880212148822,-0.0002818554948682665,13.630089968427049,-178.29290969539005,8.434606480611158e-7,3.720935013146527e-8,-725.9288155399607,-9.437094670997867,-11214.0,1254.16820828366,0.0006025697360812263,-0.000175551015501922,0.8972676889213409,-15.77748840362361,7.909342589448325e-7,3.8233000571677236e-8,-210.61285813556225,-2.675556896892885,-1026.0,37.31124318907576,0.00029702899179370236,-0.00011095102439883331,0.6811778902090615,-12.101609403101419,8.258622190170944e-7,3.7316751890953636e-8,754.694180700919,-3.5851790176952885,-777.0,3510.829806386476,0.0001836698100448721,-0.00012537048759792764,1.3431334331459777,-23.772138375490563,8.290243912714335e-7,3.739582128043049e-8,-1896.7466646422968,-52.65419559759737,-1539.0,1970.3896463256697,0.00022167644758669164,-0.00014868255481698413,0.15630019372817558,-2.751998087068352,8.222800415937977e-7,3.755279490349503e-8,-1779.7804968173607,-12.013525154776605,-176.0,4795.393626824762,0.00037115528346407173,-0.00019540097176787632,0.822524698677607,-14.594100532961209,8.290279886227845e-7,3.7484136739296164e-8,-3809.2901592700064,-21.33206805348454,-951.0,761.451665446814,0.00016090035505662297,-0.00010957018961569471,1.5187273207754528,-26.930813952313926,8.01686457700617e-7,3.8968895746863466e-8,999.9354256189334,-44.975056287057036,-1691.0,3455.238715234552,0.0001450996343409552,-0.00010412083283716716,5.440727872219307,-92.67924467273846,8.169475369858589e-7,3.852718393496331e-8,3129.3265664653727,-10.326806020848933,-6487.0,231.75067479344622,0.00015377214918260395,-0.00010440486549362786,1.8537230794161805,-32.470574841456305,8.367611947413617e-7,3.73412353895643e-8,1817.7252775904378,-13.859150454490937,-2005.0,14526.596167018133,0.00024422941642985186,-0.00017424903678395117,15.9752485539702,-115.59667321643622,8.306287241575275e-7,3.628929147985694e-8,0.025396476038728966,-0.0002081780075287725,-14427.0,54900.014690425196,0.0002398999941907446,-0.00023969589765739327,55.704454266648064,-553.5345546731851,8.375697256049376e-7,3.7772599997323e-8,1720.652147553485,-30.83673730290931,-56092.0
t244,12627.996205831358,0.00015360543925269584,-0.00031527059013611346,16.388451455694188,-149.31600729091414,8.416703829317972e-7,3.720877723286273e-8,-1629.2887643537717,-19.77972393871104,-10846.0,1310.012514806969,0.0006980827638904193,-0.00016588510560398752,1.1409070301314617,-5.807918057674669,7.906449172630235e-7,3.8260571146136444e-8,-301.5158771829203,-3.8301592389377324,-1000.0,37.31130720300228,0.00037668330824602034,-0.0001033056838140479,0.863356640537653,-4.687107828030519,8.256657427159967e-7,3.734411990574755e-8,727.9704760949031,-3.458306050571459,-758.0,3596.8066545111865,0.0002272391618512351,-0.0001100912223587503,1.7042314493763016,-9.419965902601172,8.288462670393686e-7,3.742542756888777e-8,-2034.365334360258,-53.72570334244953,-1501.0,1976.215864874252,0.0002723507011571525,-0.00013121866333773977,0.19796503228065432,-1.038885749998447,8.220135441206114e-7,3.758338451213373e-8,-1792.2772079351028,-12.097877899071186,-171.0,3780.0080781060274,0.00042017257184309963,-0.00017508574565113638,1.042906037927363,-5.68745204030422,8.290176154641526e-7,3.751713726756047e-8,-2827.6509996778827,-19.71277809186572,-928.0,759.6708331046189,0.00019967930237886551,-9.599749307587342e-5,1.9275406002519138,-10.624010051472672,8.01652723686942e-7,3.899367659745096e-8,946.9633700197653,-49.93783787738984,-1648.0,3018.4282350417875,0.0001805874970567048,-9.16913145985294e-5,6.898947610261444,-38.179666164289856,8.172029452949869e-7,3.8560884846468486e-8,3352.9170487611023,-11.064654287786936,-6329.0,231.75068025965174,0.00019140157151760462,-9.206768369290955e-5,2.351598995488769,-12.884620944722553,8.363311849092415e-7,3.736068641068329e-8,1745.654462094045,-13.872220203361568,-1953.0,14134.40041747084,0.0002939908638143645,-0.0001684073699581691,20.1716006472089,-48.599299106024176,8.294703141431421e-7,3.6295797742139426e-8,0.02737883389108236,-0.00022277087631361017,-14106.0,53107.491035141495,0.00024142891895534497,-0.00019888296659570262,61.760412410814894,-318.82559117363064,8.37770186644892e-7,3.782568735802212e-8,1811.565447706229,-31.99134610700264,-54630.0
t245,12681.252025756663,0.00018282186417892433,-0.0004007652390854298,16.430542235060315,-92.78877961948145,8.178220950145707e-7,3.7849950878892e-8,-1884.8647773742484,-22.028792883169388,-10698.0,1402.5167337762975,0.001048993536678207,-0.00015610011314311928,1.205861058082026,-3.0250147717372498,7.900452967293467e-7,3.819170296559554e-8,-397.64743926565296,-5.051034133023918,-998.0,38.263231937794,0.0006711379369479879,-9.846698373113324e-5,0.9145809864448741,-2.8778188636601127,7.883019449078876e-7,3.807500850582914e-8,723.1347703033954,-3.4353375925073886,-756.0,3502.2763929196844,0.0003593439388565849,-9.833639950790374e-5,1.8123173878266972,-5.681881262200591,7.921329907113523e-7,3.810380460169732e-8,-1949.646770064776,-52.76032047629983,-1496.0,1942.0003049003658,0.0004224930145521505,-0.00011365621211381493,0.20612755775519154,-0.7099453076183597,7.8069907704191e-7,3.830530792135417e-8,-1758.6260632050794,-11.870733318808002,-171.0,3365.4776386069257,0.0005690064827747727,-0.00015927903585848216,1.105130907502306,-3.485103330471279,7.888262437081374e-7,3.8201238054643587e-8,-2416.0101863529712,-21.087890121577278,-926.0,758.5845795755804,0.00032083699991907925,-8.483739675867843e-5,2.05203327664736,-6.433277850318222,7.987573790826312e-7,3.885235100242159e-8,935.2838466716514,-47.487418229045836,-1642.0,3234.1671834068843,0.00028408247434221244,-7.746727304443219e-5,7.340765537723558,-26.671096493032575,8.170542269997062e-7,3.8496138485542665e-8,3108.42075810005,-10.257817309490807,-6313.0,234.36169819609677,0.0002958663145603213,-8.01260581419062e-5,2.4992126534666554,-8.312653073721957,7.976754473455783e-7,3.803689102581141e-8,1732.2692533077432,-13.817727346946464,-1947.0,14296.341393344916,0.00028756919671498235,-0.00020275018387040498,19.84912763784918,-134.95199609232796,8.146110793718564e-7,3.683329033646189e-8,-47.46266788753638,-0.7759412354244977,-14133.0,52869.80513353453,0.00030279247615962857,-0.00015848965172452414,75.48936502792544,-219.45585823464734,8.508129971588183e-7,3.924611529297705e-8,1955.1492757674248,-33.98806066089357,-54647.0
t246,11663.25934128316,0.0002555676829784249,-0.00033051905286571776,42.328484003939195,-0.004521642120283464,1.0691787400422907e-6,4.091069415132505e-8,-825.8764762400011,-10.706752766354137,-10869.0,1471.9701949066466,0.0030111913639211956,-0.0001479117300458556,3.142204211113822,-1.3098298420157264,7.90733482564622e-7,3.8286336809093485e-8,-434.28988521919996,-5.515547781238994,-1034.0,43.70336734740669,0.0027216868601547374,-8.596279705515082e-5,2.3841500897471914,-0.00702089983216161,8.268446367439229e-7,3.7388178061094337e-8,739.4291965082125,-3.5123293347072515,-782.0,3360.425247332549,0.0006921859104186148,-9.204357708145516e-5,4.718691734759034,-0.007879329323640792,8.295095246913311e-7,3.746562344248401e-8,-1769.6212069983694,-44.51545338062272,-1551.0,1761.7357175322497,0.000783820787140402,-0.00010861373102767788,0.5415631570544335,-0.005599213547004904,8.226500417468738e-7,3.762747616412482e-8,-1574.6435069659437,-10.628850264854922,-177.0,4957.4117772266845,0.0009192701271584221,-0.0001589230298847152,2.881002176469666,-0.0072057023365011295,8.286234965963671e-7,3.756469511408036e-8,-3979.0038187396985,-22.282515887860765,-959.0,771.1000862864723,0.0006459724796648759,-7.931128802511542e-5,5.341326127253261,-0.008349645685936803,8.018438554825132e-7,3.9014573724669815e-8,974.7212391033555,-48.1548690547592,-1703.0,3007.4339408628516,0.0006128616136189705,-7.657575887693557e-5,19.11574752127819,-0.009368198261820877,8.19020443683167e-7,3.8592252145807034e-8,3528.1019070313864,-11.642763649107819,-6543.0,249.28171911953126,0.0006342312646282239,-7.432467437070183e-5,6.510480364096758,-0.008449640215027561,8.381941636868172e-7,3.743675433665005e-8,1776.211376185216,-13.995686402006221,-2017.9999999999998,14768.663479201185,0.0022248482249541237,-0.00015623822703690894,54.331565215932144,-0.0009659152642419476,8.297140608914047e-7,3.624721490893855e-8,0.00390348113984621,-4.994163714929956e-5,-14823.0,55207.4756134504,0.0003425506194590077,-0.00016422796984817242,183.1599546274906,-67.00040261000196,8.382342582913645e-7,3.775032848666686e-8,1564.9672718539025,-26.60261518999678,-56862.0
t247,12888.117760996143,9.484125414047778e-5,-1829.9997549617926,140.15826791228614,-34.73856543240897,8.285974440585135e-7,3.708169262481404e-8,380.81339666513065,-3.3511997806881664,-11541.0,2764.2182272170608,0.00023028825676864133,-0.0007643350257858985,10.759177197639286,-2.3835052828060324,7.821445682366844e-7,3.82542417750128e-8,-1654.127248703355,-14.466116721068904,-1104.0,111.10382697717806,0.00017276169277302182,-0.00013794147128040916,8.161404273715702,-1.8088060623474453,8.20157053776813e-7,3.739747112225149e-8,720.6255564482965,-2.0820169188431112,-836.0,3513.4594695463243,8.459161370082542e-5,-0.013182186840974516,16.159201187397823,-3.5845340402330907,8.213958623146373e-7,3.7479891666829147e-8,-1828.077577948705,-41.943461542381236,-1656.0,1496.3758946196228,9.877978431771964e-5,-0.013806494512900076,1.839561990830991,-0.41647498672431765,8.146838132092168e-7,3.763596555043701e-8,-1300.010197873159,-8.775076478943394,-189.0,5327.2273055522355,0.0001478210962722708,-0.011734705811082683,9.85782765689437,-2.191025725859769,8.180500505487553e-7,3.7543174167360644e-8,-4285.664161947272,-25.218359124240113,-1024.0,646.8492891968134,7.401122381543008e-5,-0.013418184087391401,18.29539430858474,-4.056689557975832,7.949335266947527e-7,3.902495392771015e-8,1210.9392306852596,-50.013880880341446,-1822.0,2824.419163834713,6.641353132942135e-5,-0.014028191152253322,65.47424099521801,-14.499904771947126,8.147447292834777e-7,3.8640477977679736e-8,4111.187412308004,-13.566950746321513,-6973.0,435.3669311936711,6.947496174245665e-5,-0.012708459702844859,22.289405461583502,-4.943326159273285,8.246566663750046e-7,3.7397687095383227e-8,1720.140971251199,-10.841343280666914,-2162.0,18416.020671860075,0.00029369505521620526,-1489.9995712907314,182.9084753315193,-40.12180548597019,8.022929267791358e-7,3.675494630165669e-8,-1174.1776801496874,-8.630383134506216,-15886.0,59098.83688588758,0.00011792866501065684,-867.4114996089563,548.1537571881163,-407.74532356729134,8.211971624522009e-7,3.741360501390594e-8,2098.3502992642884,-33.18423662812339,-60437.0
t248,13334.705415238424,9.472684769613461e-5,-1829.9997512792654,131.770920657382,-348.5475843691924,8.263119512915161e-7,3.705126125771871e-8,1470.0070127674942,-12.936107511830867,-12745.0,5437.666073721846,0.000645386328191096,-0.008300065225295458,15.20527372431979,-1.8279379977207633,7.720050269311646e-7,3.7953480074045526e-8,-4212.661570447862,-21.37418466172392,-1217.0,124.28852578728136,0.0006204405555843533,-4.42007725087956e-5,11.537162538206177,-1.3861620239697392,7.701390599728511e-7,3.7807999944540144e-8,806.6626086775343,-20.102711665521227,-921.0,3476.467125209295,9.270454944693661e-5,-0.14578972520777447,15.324289060197799,-35.73098579653514,7.757756001179064e-7,3.789222393338398e-8,-1569.076794526971,-62.83793730507703,-1824.0,880.6313906167928,0.00010507510277342338,-75.93479458264916,1.9104933952729068,-3.198809812071889,7.619110440145846e-7,3.805570225068649e-8,-591.4163165252871,-3.9920685925434394,-208.0,6802.495081372505,0.00014989719204024654,-0.02424914610855848,13.935379159404626,-5.699250830735433,7.731888760269182e-7,3.8057475962965305e-8,-5647.3777315385405,-36.329379378740626,-1127.0,724.7002198383877,7.965236487964878e-5,-0.19872792839078568,17.189711895871465,-40.383071165030174,7.857353093351784e-7,3.872676045275325e-8,1370.1693040111006,-62.47751671833087,-2009.0,2781.50167277293,7.148281480796436e-5,-229.67868885228447,59.49241269686709,-154.4257702430954,8.047683109769973e-7,3.828040381177332e-8,5226.3573131105695,-17.247011118893326,-7666.0,471.656206601661,7.497437191496576e-5,-0.25338897260784804,20.49551974261185,-49.9602858067596,7.837411919424817e-7,3.789890851312576e-8,1957.3451574144256,-12.283284467363972,-2387.0,22038.602153645632,5.594848491926102e-5,-2631.1311125619854,209.3507933006635,-252.3101448802152,9.775754370576365e-7,4.0554223962562546e-8,-1919.999746904146,-19.51199828012484,-17425.0,66516.3584680947,0.00013759214713977199,-4955.795320038556,743.1563973149415,-566.0390936799517,9.324283176035546e-7,4.0423838327749784e-8,3109.9907639616827,-50.67135338596913,-64797.0
t249,13170.425648361832,0.00011000836681420517,-1829.9996065949433,162.50608923314658,-162.49897907117324,7.967993969463814e-7,3.743991176490872e-8,2893.188227335761,-30.621489047244072,-14203.0,6429.552247427788,6.307742591252823e-5,-371.3283664430521,12.152254364850783,-16.42531231236405,8.416359880699344e-7,4.1788092259351343e-8,-4699.909894885288,-23.040991801949275,-1331.0,129.09553696187908,5.3962000326669324e-5,-193.26747363587066,8.905674855801047,-13.9528310211702,8.207859038038795e-7,4.158081877437075e-8,1099.9100302125648,-22.690991991170527,-1008.0,3260.622122856134,9.660310641162751e-5,-0.06176330333506126,17.068629035841553,-21.047180810279617,9.118827264350323e-7,4.1613278629172254e-8,-1198.690108921196,-61.891796096750035,-1996.0,783.7085147196378,0.00010806873120711418,-17.16185317988653,1.916933596229604,-3.4069375305346488,7.555411463954727e-7,4.1593849075531916e-8,-533.4559292992407,-3.600836902700011,-228.0,8456.50162481816,0.00017469354157383725,-0.010539210422151732,13.81094287984786,-1.6929552184652845,8.718490689879237e-7,4.145987806255192e-8,-7190.223958454092,-45.38529017743572,-1233.0,946.2018351772389,8.553500174343572e-5,-0.09244974359993237,18.697562375595908,-23.11034635123182,9.243359469497422e-7,4.201373013773109e-8,1335.4409014423672,-79.13758911078925,-2198.0,3501.1856603913784,7.74845046099838e-5,-44.083992953407396,69.22291360172994,-73.13653701138236,1.004123840343203e-6,4.160559040703089e-8,4945.130843145181,-16.318965168292078,-8382.0,484.6210380805051,7.954791036531768e-5,-0.13838648849344562,22.84886082755701,-27.032155939387813,9.40514006809055e-7,4.167765257907837e-8,2158.6180108478325,-24.917447672301204,-2614.0,23049.111379855887,0.0002551019143663973,-1998.4046578423072,200.1183775651494,-276.31360521076687,1.0248611001754974e-6,4.071276190563544e-8,-1919.9997511747017,-19.51199831397394,-19035.0,76490.93510507136,0.000149147450895128,-9459.557691277649,717.572433305072,-748.2702715355794,1.0185397623945737e-6,4.049935014463053e-8,3109.99162975081,-50.67135465047639,-70060.0
t250,14451.787133986683,0.00010440315329214494,-1829.9995494244224,145.91018709816447,-145.9183283125076,8.320985743605066e-7,3.709294558675872e-8,2774.296344240236,-29.075891896799327,-15367.0,6851.152810735993,55.228892932317045,-701.1433692944205,10.560016770785811,-12.545515487257186,9.519008937015584e-7,4.198612405825307e-8,-4748.211839563632,-23.040996833248602,-1432.0,123.75591555712454,22.24402149028101,-185.01477200751256,7.613543330648215,-10.119676408074957,9.229323379227605e-7,4.187086812224424e-8,1148.211964255999,-22.690996995985632,-1084.0,3226.6912002848935,0.00011041365058458852,-0.005542750473295037,15.911780634062758,-10.276794749082633,1.018425392894047e-6,4.187606206030178e-8,-1037.1964881671347,-47.12426646382882,-2148.0,784.7617645393154,0.00012366265105983495,-0.006649172719419176,1.8794071875722316,-1.1245514066952345,7.764213070585082e-7,4.1879483061475003e-8,-536.8861048672005,-3.6239904944895263,-245.0,8757.73976720809,0.00018598282762364695,-142.15492819271574,12.229307736633427,-7.398091992860185,9.888335385423436e-7,4.180968646825092e-8,-7248.703487520497,-45.712754010036235,-1326.0,1003.438395377966,9.289968368636649e-5,-0.009399900607820868,16.625181437816373,-16.633069810855535,1.0237003156297135e-6,4.2256580294175235e-8,1451.1305343417037,-88.55173512078568,-2366.0,3280.0061703473243,8.524895358281802e-5,-0.008904751862859647,60.76119636186077,-60.76949811644503,1.0565946811422165e-6,4.1782422136123123e-8,5753.999179785461,-18.988229439148583,-9015.0,469.39461989193677,8.769236687958962e-5,-0.009180242046822005,20.166947393781303,-20.17452712698854,1.0303082528880333e-6,4.186100382986657e-8,2370.3699846762856,-23.74793317295242,-2816.0,24463.08445901277,0.00022015947671705943,-1707.1940891896656,167.58774440040781,-326.9666358286788,1.0257159176051233e-6,4.0744211734917286e-8,-1919.9997007988518,-19.511997815746884,-20657.0,82270.63464766757,0.0001464980900774131,-8579.620420397856,623.1481639582317,-736.3128849373711,1.0162962010346659e-6,4.036696750553832e-8,1992.9896136176324,-29.839266520494235,-75541.0
t251,14257.178299577263,0.00012021266438169821,-443.32239075959035,180.88791057583154,-92.21901179482869,8.343506157714263e-7,3.7103158609879963e-8,2560.775176587796,-26.300104136986462,-16437.0,7654.91520285578,228.7307005238243,-1558.4107029518757,12.636584029038124,-9.70895383175194,9.567725230453587e-7,4.195392234250359e-8,-4786.12181779848,-23.04101357274175,-1519.0,130.38391883515655,28.694716958350135,-171.41461433139054,8.747690966421136,-8.842645197317083,9.312643532492884e-7,4.183310804017357e-8,1186.1219456742717,-22.69101374800328,-1151.0,3355.920741603524,0.00011364859050689254,-0.003360241615738243,22.788132349649786,-0.011412717934304777,1.020678489358108e-6,4.1869992232581504e-8,-1056.06274212646,-43.63147327922219,-2279.0,813.6188629554761,0.00012504790442191628,-0.0038093513661257316,2.6202902461383335,-0.010113188480088596,7.806730066929318e-7,4.18742829855724e-8,-552.4959990945521,-3.729357172410961,-260.0,9177.735944015969,0.00018750613011042812,-396.42418058640885,13.916331552410544,-2.9012848346912987,9.934658781079973e-7,4.179926717755664e-8,-7340.152430374486,-46.17456807344882,-1406.0,1025.3959898087326,0.00011227733746809327,-0.0006319845586965187,18.932460711211373,-18.93250440324537,1.0278620634579378e-6,4.225375420049555e-8,1580.6667983007765,-93.06222547288183,-2513.0,3372.154655593957,9.735349838255532e-5,-0.000659561706464774,69.90746475331036,-69.90800376310193,1.0591629790199451e-6,4.176914705879606e-8,6201.31079958733,-20.464354530741783,-9553.0,486.7959550559135,0.00010238289218027571,-0.0006700995191167792,22.974134633713614,-22.9741778396426,1.0343141013124806e-6,4.1846645698238614e-8,2525.942066469596,-20.737411496159243,-2992.0,25279.580499944885,0.0002939963110314924,-1489.9996318189953,205.98573440925134,-205.98552576180802,1.0509351829064721e-6,4.054022040169861e-8,-1425.159988774341,-11.421381737016755,-22353.0,84554.43211561325,0.00014967031419781804,-4767.23648376412,702.8610822435111,-650.8133737305612,1.0138161660300372e-6,4.0171294014448136e-8,1105.17619154855,-14.419681622716283,-80930.0
t252,16774.562862520717,0.00012096890581274714,-809.7956901836628,191.33933556443228,-280.0072176554092,8.35041266475184e-7,3.7108515648101746e-8,1599.9808553624619,-14.080266084116555,-17462.0,8237.653914922104,549.9307220284707,-2388.250753075635,15.990735194359763,-8.965267596976398,9.588419636598873e-7,4.1769768977417855e-8,-4797.3183372816575,-23.041014946301868,-1586.0,130.5481302790929,38.57206564096969,-144.64390803318457,10.10175586726582,-9.205493272797767,9.352862584263663e-7,4.1808927485559546e-8,1197.3184637980526,-22.691015118872283,-1200.0,3275.1417270744137,0.00011138177142347421,-0.006159392706049977,24.585259646174716,-7.072575777876215,1.021577627503963e-6,4.181859070923683e-8,-869.6535742686331,-44.99478944403772,-2378.0,1056.4740828686474,0.00012662855787500687,-0.007889129106511643,2.4683929845740216,-1.9166954747243279,7.829688717765581e-7,4.191065070451636e-8,-779.7546651221205,-5.2633533154561505,-272.0,9994.901006233746,0.00018453560891463355,-1173.2041650669712,14.671975589679526,-21.586669865024792,9.95745888633057e-7,4.1823081894616425e-8,-7300.806462909893,-45.975869288665415,-1468.0,1062.875406358654,0.00012206680820236488,-0.0003847200334765576,21.924405352175633,-21.924004267463935,1.0310011137342391e-6,4.225204005229433e-8,1647.7300172085218,-87.60556282464903,-2623.0,3266.3096471406143,0.00049869612208538,-0.00010324968257381992,89.22866970538051,-33.690727670309926,1.0701965923368602e-6,4.1774201578124016e-8,6664.8309578925855,-21.67894309326659,-9965.0,487.29896187238046,0.00012033114212891061,-0.00039406700812808393,26.649378657500556,-26.64901230699114,1.0377037669988032e-6,4.168495704407867e-8,2654.0667033129953,-16.365758696464116,-3125.0,25354.625929174526,0.0002159338680294821,-1098.421907893452,243.58190317647086,-243.58169467896846,8.124079498351667e-7,3.664872200422773e-8,-417.91279581621745,-17.291649118840283,-23821.0,88114.42474081757,0.00012170316606317273,-2835.07349365809,825.2172263526625,-524.5491305743417,8.264511761910418e-7,3.723363819745115e-8,401.5188378239052,-22.538302058376328,-85959.0
t253,15512.129826211221,0.0005709850789811508,-0.0001319208654225422,292.88124330788656,-0.00014817922493577006,8.408604541557158e-7,3.7114751161161334e-8,2472.136432330277,-25.147792351513626,-18252.0,8078.357751095963,779.1053954975515,-2415.846066228749,17.571199693226013,-8.223689815309749,9.60264156482725e-7,4.242879820553763e-8,-4801.923575912223,-23.04101499709773,-1626.0,131.0985396664668,44.3349046028459,-123.86549045521355,10.755431940484277,-10.556078327635554,9.386757238881003e-7,4.237970577112118e-8,1201.9237069811718,-22.691015203243676,-1231.0,3342.382400677203,0.00010458670634270148,-0.004355894510345778,28.36039012343001,-0.014244345494186874,1.0225297196458322e-6,4.231758352834087e-8,-887.3248710536905,-44.39942485632376,-2439.0,782.1875115742237,0.00011518383008251085,-0.005302022525445925,3.274388234050318,-0.011033750425781821,7.851528215052295e-7,4.229598149993562e-8,-503.0500823830709,-3.395597398387495,-279.0,10004.31528878704,0.0001795446288100654,-910.022252612655,17.331210474659397,-0.014793816950266749,9.97803089654533e-7,4.221083024253512e-8,-7558.333254040853,-47.276379165908395,-1506.0,1419.9754756365746,0.0013456265072237497,-0.00012093929013107016,32.108307695983584,-0.00021560652934261834,1.0396664493901662e-6,4.270566642877586e-8,1333.891748819068,-93.97654210778524,-2692.0,3529.457866774492,0.00020993489554392886,-0.00013818265192253707,94.91096610641736,-46.02888283374878,1.0700873443967693e-6,4.2141115100692776e-8,6656.318494792099,-21.65851743248125,-10213.0,784.4289170800212,0.0007915042094086919,-0.00012690818075274864,39.16590251512008,-0.00021780375871692875,1.0462080604750977e-6,4.2301134995555634e-8,2406.3490895694667,-20.944356863410952,-3209.0,25363.322679454443,0.0015660055115443315,-0.00026081773208658595,351.1864400296619,-0.0004245130531989072,1.0593819548658266e-6,4.078420670857457e-8,-719.9980149080645,-19.511985317637105,-24975.0,91701.23096969893,0.00015347129310782064,-2087.6250847807696,887.8526778879997,-660.9588466176795,1.0081082799402218e-6,4.007397900813678e-8,400.01032580582086,-22.5101954127557,-90218.0
t254,18718.606265473412,0.0001101584742779465,-0.001073651950768675,191.53560640093696,-436.01377980274367,8.294558945737951e-7,3.6948579863414356e-8,323.31725276398294,-30.444381017710146,-18767.0,8157.378596581195,839.07963550749,-2524.266877157223,17.49094614463647,-7.014344832803734,8.592230469971229e-7,3.836754424639157e-8,-4806.626941338865,-23.04101552071306,-1653.0,139.1287500480182,43.969589738718234,-113.8790396159309,10.14170780642613,-12.297067153931167,8.39877654644071e-7,3.827407658756272e-8,1206.6270742094498,-22.691015726246174,-1251.0,3425.165961146527,9.48621967084809e-5,-0.00648015713201969,15.774201113994371,-54.157097437322975,9.318364558751761e-7,3.846917951203935e-8,-855.9934434748047,-52.783236724366546,-2478.0,1107.8562403127912,0.00011206800477665375,-0.010100124575354736,2.023147551074907,-5.3622362445541905,7.672181524716556e-7,3.8479549939867655e-8,-815.9991600701502,-5.508004026905051,-283.0,10761.042675999726,0.00015854488070028878,-1550.8685134016616,7.056514557592605,-38.39900626264229,8.909579449276234e-7,3.856588337016299e-8,-7601.338275251932,-47.49355486897617,-1530.0,1122.9852612562463,8.506671064577134e-5,-0.0004476364427759181,21.693612644148793,-34.14984152557862,9.505030717715858e-7,3.91059584126222e-8,1722.3516709174187,-95.8803413969314,-2737.0,3707.519979350483,0.00013645920421360673,-9.831853321221177e-5,88.98840755801297,-68.66033240708263,1.0217492545357223e-6,3.859339196618573e-8,6664.83084977113,-21.678942933768024,-10371.0,510.4390443280938,7.357605092837952e-5,-0.0006597128162005883,23.67478722589285,-62.84106605578313,9.663872686144842e-7,3.82983665432821e-8,2812.471075926538,-20.743256109815473,-3263.0,25723.459475966043,0.00021580626197382474,-0.0005518538290356245,226.34516525406474,-577.5312786402391,8.838800197369718e-7,3.982130950686984e-8,625.7260678848008,-9.999093984614984,-25988.0,95879.65150181773,0.0001255733627544679,-2368.0787935900744,797.9360019184999,-1275.578241454165,8.38390329298897e-7,3.978251869763553e-8,724.6338286624319,-28.56442268222012,-93730.0
t255,19083.067710161406,0.00010441154156022122,-0.0011150664859326891,235.8162429624301,-284.2204320891616,8.348256922984648e-7,3.7059156591073035e-8,293.1603393069806,-30.822849343117035,-19297.0,8207.829075301825,942.9653511178319,-2665.1916390056645,19.408287673257743,-5.2248448384890365,8.523718117522e-7,4.1866741988988027e-8,-4813.745215587627,-23.04101528441732,-1663.0,137.19254179452324,48.66846489625904,-112.68274610091309,10.583150918142673,-14.815741480654918,8.335295551550496e-7,4.1939671411514025e-8,1213.7453447397625,-22.691015469995893,-1260.0,3416.9404259427047,9.461278005915005e-5,-0.012490933689038943,16.49406290254471,-52.37632164713383,9.242766306692832e-7,4.191580557656063e-8,-840.4928822583718,-46.55288928698575,-2494.0,886.2188174278352,0.00010573616951508203,-0.019476697751041726,1.9777034113443752,-5.814859819050107,7.616102433299234e-7,4.1987057211922474e-8,-593.35712049065,-4.0051701038185685,-285.0,10542.214879730862,0.00016817817233323796,-1336.3848696515226,7.122809854358904,-37.256115580996976,8.840619509163204e-7,4.179033773930288e-8,-7589.2642918290585,-47.43258139308897,-1539.0,1271.8192722973138,8.437807076281207e-5,-0.001258431346046926,22.37105980105989,-42.02368337705698,9.427290991385038e-7,4.236295330120773e-8,1600.7080289009705,-96.87350424715763,-2756.0,3778.529762815463,0.00011188429153131173,-0.00018086150543868634,93.70519391511944,-85.38649364405663,1.0183554487340583e-6,4.184935934526781e-8,6664.83054792714,-21.67894256849052,-10430.0,505.35526643796493,0.00011486663896559016,-0.0002516770011947756,30.10776675126519,-30.107305306885262,9.63648572466412e-7,4.166947933331942e-8,2804.1791742204673,-22.534766114912408,-3287.0,25735.860469347906,0.00028992925874659053,-0.00017051855252157275,322.1602092914688,-138.66384155989698,8.27680744211076e-7,3.605182327940736e-8,785.818819225181,-11.175774890599882,-26694.0,98642.10714865892,0.00010873819164353539,-2660.0023976432008,892.4629999385535,-1160.0872326193885,8.288758110200999e-7,3.749539696302026e-8,474.4172558452051,-23.89788224594415,-96165.0
t256,19144.21561744168,0.00014107024103722802,-0.00028376218299587123,322.0679649161026,-322.0680222655685,8.415340499710162e-7,3.7129695789437064e-8,544.45370132003,-27.669118427545893,-19661.0,8340.696808300741,855.7437217210334,-2660.7433051575617,26.666565623917656,-3.386691413633439,9.634255598165131e-7,4.196518703611396e-8,-4821.936086414919,-23.041013385027078,-1714.0,128.34559772052557,45.0335877352866,-73.31966480455996,14.564817603195591,-15.869565312724044,9.448561239935208e-7,4.199118452901585e-8,1221.9362399370307,-22.691013718254577,-1298.0,3356.7572986171085,0.0001088632303981755,-0.009804480665696922,29.086666310584196,-29.09113173604771,1.0245498388277801e-6,4.195752222451476e-8,-741.4975735626865,-45.245564784857436,-2570.0,865.4330045465545,0.00011855224936417277,-0.012400293932497631,3.394160353452148,-3.3989890504964975,7.902192685711946e-7,4.2068790850236e-8,-567.5846886392079,-3.831206035366144,-294.0,10125.72209329168,0.000186469461662667,-853.4048988681366,17.839952432880683,-17.844636585028105,1.0017487162158178e-6,4.1957954040303134e-8,-7639.625791405141,-47.68690613207067,-1585.0,1367.5495955740369,0.00012659885129301013,-0.0002792048626975749,33.114390186835614,-33.1139639197558,1.040182251496322e-6,4.242894134560145e-8,1566.291616146745,-92.84148621647063,-2841.0,4070.992031198667,9.973329542214018e-5,-0.00030550126553932904,127.19845785677344,-104.34057523524615,1.0700342824441633e-6,4.185620216915645e-8,6664.829231640002,-21.67894026948633,-10737.0,480.8319849890902,0.00011494073442920902,-0.00031454735638471046,40.70036173369519,-40.70048330716334,1.047408560818599e-6,4.185561149903032e-8,2931.6239440164877,-21.455608731221947,-3391.0,27033.97241211109,0.00014308864472325434,-0.00034466152704027786,355.4030374306174,-538.8991730269867,7.663011421561088e-7,3.660159854038304e-8,441.49890835974327,-10.974982470028085,-27281.0,99728.48680388548,0.00011101254083588,-2031.53815520636,1090.7742503738007,-1553.2233113694942,7.714980966036046e-7,3.724480639282381e-8,400.01049860191574,-22.510196611045384,-97612.0
t257,17780.71786601096,0.00026043786457495083,-0.0001584047808848877,411.95958356807154,-403.59375329427326,8.476644991734142e-7,3.706987903794305e-8,2161.0372354050096,-21.12103346041698,-19929.0,8041.5937215510685,938.7190305593481,-2360.8620983913293,1.7562260337376978,-45.13333829326447,7.450234705608629e-7,3.82032951739447e-8,-4830.03245089807,-23.041090867541907,-1723.0,104.89647575248907,0.015944889228975807,-0.021046356271215417,16.12425595089599,-24.357122339741537,7.446855651917702e-7,3.8126054138558514e-8,1230.0325828077061,-22.691091153179784,-1304.0,3249.768768973569,0.0001140988192460711,-0.002511811631587545,37.101499522975274,-37.10994069063446,7.88763652006517e-7,3.834044967950907e-8,-613.2069236844607,-52.55100676789475,-2584.0,1012.4956944976684,0.00013494448485449056,-0.0027678320740431492,4.280198457558448,-4.285674245285891,7.690759380229027e-7,3.8411210276103326e-8,-711.6837126615048,-4.803873588923757,-296.0,9536.37736925991,0.00018063181842233305,-0.004171861797310307,22.747666783519563,-22.755748150044276,7.829151789729914e-7,3.840242926534397e-8,-7894.3918248628215,-48.973472302136784,-1593.0,1268.4236183862247,0.00010009309076502807,-0.0001954668906220196,47.760715898604424,-24.034915486250203,8.067475343568435e-7,3.9139391566102075e-8,1658.2575569509859,-92.4068807998807,-2858.0,4554.00632711895,6.848765943615429e-5,-0.000343344630295756,165.5604098492299,-126.64485440375695,8.282096648444225e-7,3.870716878068209e-8,6214.586548958474,-20.50815683518221,-10787.0,713.3712574372917,8.227191623278991e-5,-0.00021289221241424042,57.56749692074364,-36.21940409183151,8.068761400017226e-7,3.8322471933935674e-8,2695.090861187699,-14.810081364647745,-3415.0,28201.760136787674,0.00022277999239125204,-0.0003753432183402587,493.6007216331317,-493.6010144651492,7.852085586998057e-7,3.598581399429596e-8,-580.2746726739633,-18.48501775454904,-27603.0,97139.97652948409,0.00011518109235944119,-0.0026428995523376524,1449.5598573487919,-1449.5622517731276,7.866071280463008e-7,3.746998182004468e-8,670.584799470947,-27.556406080374472,-97783.0
t258,19321.228734813572,0.00022767873323066126,-0.00030844426830559503,559.0703940434514,-312.1173789505479,8.485127747462769e-7,3.7075009224623263e-8,525.72250848571,-27.90417723315469,-20066.0,7421.311933966666,956.3313723464603,-1779.3363692381513,1.349112223092988,-48.57987451481058,7.44038572772771e-7,3.8203790461961177e-8,-4830.0350804155705,-23.041094603567693,-1698.0,78.65587328492859,0.00023050965537007933,-0.00031178120379741293,21.888807763117892,-21.88879094200172,7.751094828391936e-7,3.82404073193912e-8,1230.035285125607,-22.69109447531858,-1286.0,3159.9037256843103,0.00011620407727385916,-0.0002633059816755963,43.02412626374889,-43.02387673244156,7.960898365741802e-7,3.8377052861703945e-8,-565.4057646575858,-46.498063849507474,-2548.0,1078.4541961225702,0.0001386852685195186,-0.0002924462014553791,4.954984964088619,-4.954702874610652,7.764033947503168e-7,3.845550678199318e-8,-781.1813434229438,-5.272981457434802,-292.0,9220.57928003498,0.0007561428339707226,-0.00032684091833118893,26.31357008876056,-26.31330452241654,7.912965858823849e-7,3.8450645920403623e-8,-7602.082656082983,-47.497319282040046,-1571.0,1162.0084801774785,7.726205710289585e-5,-0.00034100273077420924,48.933390138418616,-48.747523272196254,8.080808955284629e-7,3.9127420537019344e-8,1750.34007751192,-92.53416124878612,-2820.0,4608.6346130384845,6.167032752177692e-5,-0.0004248065574168124,117.22074258441751,-222.88127149748453,8.289500589890517e-7,3.8726475196464105e-8,6145.305820178435,-20.279541331589694,-10628.0,720.1245923368148,6.869573000449845e-5,-0.00035454651556907297,54.597515405708315,-75.9460064811152,8.081914468560161e-7,3.834709011058816e-8,2694.870418291833,-22.646234228054798,-3371.0,25794.523758645373,0.000749539108984573,-0.001988285387580961,800.520569966766,-0.5116532781849701,7.271105228635806e-7,3.6005010789631345e-8,1032.4571315679534,-12.988567130089594,-27614.0,96440.53911704794,0.00020855795544770715,-0.002364427712668108,1677.4356263717366,-1677.4356851762038,7.307866560054687e-7,3.7485418308255925e-8,399.9736034176237,-22.51050499476519,-96818.0
t259,19969.364476575785,1450.418407696173,-5.518079650255156e-6,471.3335406802187,-234.95176879140186,2.3067735501934023e-6,3.701614673050508e-8,-1763.2064316517487,-20.958220178051143,-19872.0,5625.442129629944,239.99999813664581,-9.401570969610803e-6,26.484951092712784,-26.484478879094258,2.124829250210085e-6,3.842909672130073e-8,-4188.134620168139,-21.30797226382799,-1656.0,37.6666527396034,0.00023683312129871265,-8.796673152721742e-6,18.728634553631696,-18.728141616135684,2.102966597603935e-6,3.817612973893744e-8,1235.2169646646603,-17.884340263011755,-1255.0,3159.843177438988,0.00023485268203378207,-7.999050042337364e-6,36.96052367745597,-36.95997329189054,2.156499494758642e-6,3.836663412646833e-8,-602.2086594356675,-72.6352971613109,-2485.0,867.1771018023848,0.00025904641839601973,-8.768573425048233e-6,4.2973499063043645,-4.296749562427633,2.0489521629259265e-6,3.83178166121527e-8,-579.2678869911138,-3.9100672532988887,-284.0,7510.285216493205,1166.699920393347,-8.675282615967544e-6,22.64149091596152,-22.641322774719328,2.1367907036541744e-6,3.866799162754552e-8,-7100.43683232645,-44.54846594005655,-1532.0,918.9462335031022,0.0002136269546049887,-6.724331648313715e-6,36.89191999232408,-60.803249546537714,2.1658037347818303e-6,3.880817028975282e-8,1943.6708554219879,-88.70596813855558,-2750.0,5622.82537292838,0.00020480154527418497,-5.823934187317684e-6,132.16933158278982,-221.34820881463966,2.2547225218566777e-6,3.8531202932044126e-8,4854.367725931979,-18.014422378570107,-10370.0,879.0387228370901,0.35327124427873874,-3.812683272722481e-6,67.47987058229495,-1.255563179467234e-5,4.033742126124979e-6,3.898604659439164e-8,2369.9991428641515,-30.870995183894685,-3286.0,22631.91632017939,1714.395885540426,-4.4572094102462015e-6,632.1999607290333,-9.785404403414897e-6,7.826199125266568e-6,3.7040323386410825e-8,1919.9998404945525,-19.51199885828518,-26879.0,88031.99952429273,3692.9995974754256,-6.677204116509477e-6,1613.5640011211754,-1248.8915204370091,2.8958008818389323e-6,3.733755431383783e-8,1909.9999011957877,-50.67149832605195,-93949.0
t260,19293.75805859062,1736.0640551943472,-5.07287282286872e-6,269.40467106042934,-158.76040334145515,2.3704484234004744e-6,3.710823479343894e-8,-1828.929817256357,-21.536560528763403,-19290.0,2444.872624799216,3336.1674498270113,-1.0190345434906822e-5,18.33797841708285,-1.784012639155953,2.512067223475678e-6,4.222069561133372e-8,-4183.299117052479,-21.294915316480445,-1593.0,37.2895071662057,152.52120534249337,-9.527977079155266e-6,13.926739798053232,-1.3594698666298324,2.4501108845906968e-6,4.2234862348795e-8,1022.4808343780953,-18.85880960122912,-1206.0,3290.8078845289715,0.0018024726282732549,-9.093945524914667e-6,27.501653701503972,-2.670470863696744,2.6230802203261002e-6,4.202120160428632e-8,-871.9840345923537,-55.656828614708495,-2388.0,860.3101619492469,0.02350216165894047,-9.626652806432741e-6,3.192467388239504,-0.3071382233005027,2.161501537880375e-6,4.20678214183823e-8,-585.2684168465086,-3.950568856010134,-274.0,4972.647597295829,1166.7026773530813,-9.78280550104961e-6,16.827493192279224,-1.6403331062702848,2.512681571026985e-6,4.1864212450143806e-8,-4648.751624175141,-32.785803304568375,-1473.0,759.9835917546008,0.0009183704277220389,-8.296913882319256e-6,31.10987088419363,-3.0133786050459346,2.6630300442038955e-6,4.241833512790552e-8,1923.8003239686318,-70.88132055988129,-2641.0,6877.371900407473,0.000688147404907304,-7.791206953721233e-6,111.35880350465288,-10.742185149011803,2.851192920517011e-6,4.196096751905062e-8,3009.7228838985793,-11.712085354777194,-9976.0,823.7849688710086,0.00016859651068179112,-3.049594338602701e-5,37.76434155678879,-7.998329267130274,2.6053441912300467e-6,4.173758589750237e-8,2332.229153240121,-30.78027495577694,-3155.0,22791.349214226488,2650.9411474481576,-3.1115741078973943e-6,353.7815970618668,-865.5598824247662,7.682156188435373e-6,3.6387433147652364e-8,719.9999193492895,-19.511998739346595,-25631.0,74948.91841677198,10996.70556629491,-2.3014508341502413e-6,1210.0068366597995,-142.95938905444248,0.00017626837289973858,3.706813861889483e-8,3109.9998950881227,-50.671498629732284,-90072.0
t261,19782.926793652907,1785.263199320931,-1.0369988542821608e-5,227.70794117868536,-130.408187311664,1.998646063057283e-6,3.712529914164332e-8,-2959.999739055455,-31.48999833716313,-18674.0,1931.0526401098953,2475.0324240508808,-1.0672099671505679e-5,16.220523531155877,-4.9349008836312315e-5,2.8176621422643203e-6,4.236529215797053e-8,-2833.654658483132,-17.650871850755628,-1571.0,37.28365469420217,261.14490055584815,-9.948237951840173e-6,12.310231025292321,-4.7690483837799773e-5,2.7559022105712237e-6,4.2420398825506306e-8,887.7054035115476,-9.444134725786837,-1189.0,3342.969812822275,0.005557706728045453,-9.672108186771246e-6,24.34712128263463,-4.8463486155644665e-5,2.8822460079342043e-6,4.22727728956309e-8,-961.47358630969,-49.848850302977944,-2356.0,858.2093985657818,0.08326344748946236,-1.0316488860848506e-5,2.809145143729339,-4.356278279198632e-5,2.222785965146419e-6,4.239116573523037e-8,-587.1385662684835,-3.9631891110759088,-270.0,4988.1833419274335,1166.7006904589507,-1.0637061289585684e-5,14.876122357733685,-4.781070942023197e-5,2.8128068369655907e-6,4.227330967096526e-8,-4667.920310781161,-48.83978761947004,-1453.0,760.6858871228961,0.0025903751745175486,-8.83169945759066e-6,27.555123084449313,-4.970667365660599e-5,2.9061454021346513e-6,4.274148005992425e-8,1885.6485573982393,-70.89210233649055,-2603.0,6579.674515517727,0.001994460953192259,-8.127234804818972e-6,98.64015013076596,-5.333764889096089e-5,2.9989469896904207e-6,4.2207395869876253e-8,3181.353152193597,-11.669752231522388,-9848.0,878.4419706417418,2.211965158809723e-5,-1.4959804704454366e-5,33.60238397124051,-0.00014545179044350492,2.925097867240207e-6,4.218050705731906e-8,2225.479927729013,-30.524147129043346,-3107.0,22386.10253729461,1684.6536662938188,-5.167624877951923e-6,310.75608266240494,-0.00021544466922149004,7.443771850358394e-6,3.60363697698566e-8,719.9999271985467,-19.511998700639424,-25082.0,71521.50347291006,11513.762121651156,-2.9971275143743404e-6,1008.1263058869043,-5.720305937623018,1.607522541293999e-5,3.771870053219829e-8,3109.9998928669766,-50.671498609993286,-87097.0
t262,18356.96381598091,1830.0006584804837,-5.10341738453546e-6,227.78333152033105,-1.1755324165740258e-5,2.3033210976197687e-6,3.7370366465219056e-8,-1857.9557871805816,-21.79200320368535,-18535.0,1735.3653327647057,2716.3295776655264,-1.0653123022453611e-5,13.994927997113408,-1.6981597862946665e-5,2.2054531915833296e-6,4.034320862101505e-8,-2897.8655729573597,-17.824239767460178,-1550.0,37.28403406245946,261.1587609830857,-9.532400352354771e-6,10.620097012110323,-1.657823972590418e-5,2.1793467756105274e-6,4.0209478682741596e-8,873.9250916422305,-9.987959661197959,-1173.0,3396.3257576203996,0.2209339433474977,-8.847277809498877e-6,21.010867441510168,-1.6669920801133766e-5,2.272400155921415e-6,4.027093355836511e-8,-1050.23761367763,-44.31992191950704,-2323.0,781.9591236235327,78.75753808132812,-9.919761917550776e-6,2.4188031967856034,-1.5134399299149151e-5,2.0496022743668286e-6,4.021673560761337e-8,-593.1317994510484,-4.003642322718205,-266.0,4965.391523783672,1641.1182297276682,-9.85952916373697e-6,12.833622104468034,-1.6262275107589586e-5,2.2214399594718175e-6,4.0278502907125514e-8,-5149.336435398079,-36.006916211389544,-1434.0,759.0046450591823,0.2630616489448598,-7.413168822441066e-6,23.780995444328163,-1.6651006075200137e-5,2.3008323897108827e-6,4.088559545554777e-8,1849.501385249183,-66.55006551152836,-2566.0,6224.707655241085,231.73011851771642,-6.363959745708304e-6,85.11977873025133,-1.6927292094764296e-5,2.4341474401463083e-6,4.052491721075633e-8,3191.9760016511286,-10.53353274462682,-9723.0,878.4420335487666,3.871290986570337e-5,-7.506885644032494e-6,28.993987693308256,-1.4713967601907731e-5,2.3414977605747e-6,4.027676544832695e-8,2178.954271678405,-26.39031159964881,-3060.0,22040.279331906917,1489.999987224876,-6.462847529790367e-6,260.29992825958567,-0.00014415123631770704,2.3536080306681755e-6,3.608045511533654e-8,344.17056118530496,-16.749658657350103,-24118.0,73030.65771368716,7067.598663159602,-3.4161143817171305e-6,859.4152615940905,-3.6597289275302424e-5,4.333601000625436e-6,3.79391437243962e-8,3109.9998972584453,-50.6714988222584,-84017.0
t263,17923.115443065217,1640.1440143613618,-0.00013304467847796524,168.51883262021755,-0.000715325764686913,8.533618381240204e-7,3.712414586547507e-8,-2005.6854254821283,-23.09201601894549,-17703.0,1529.2027656361458,696.9143021688382,-0.00011932121279348733,10.21775979086199,-3.1010358563398346,8.125254924364793e-7,4.0073813870313954e-8,-763.8961880676425,-13.337484938326785,-1456.0,37.28356345248582,0.006173399609373199,-9.390253450200233e-5,7.753005129670817,-2.3502987967817663,8.009610302970353e-7,3.981453953955553e-8,1066.130754482607,-6.823104360038068,-1102.0,3368.368570975503,0.0005297849726488826,-9.670968630650781e-5,15.343239385328916,-4.667834386737183,8.311610823419901e-7,3.9860013695462974e-8,-1151.5313116206887,-43.513097980702064,-2184.0,710.3282418149066,0.0008561119549660047,-0.00010788629495055045,1.7624638966043893,-0.5223823356798217,7.538405493667681e-7,3.986450195410976e-8,-458.4743642004317,-3.0947079596193205,-250.0,4942.5993514861275,1166.6999421719038,-0.00013777205050450865,9.368899566539206,-2.8399407472576006,8.109390246547346e-7,3.989293935516547e-8,-4732.688272501815,-35.13984282487394,-1348.0,757.9117690415779,0.0002484786853700497,-8.915813340895957e-5,17.367331483917553,-5.288043337729415,8.375452679528068e-7,4.044176705024283e-8,1681.1754052875444,-41.16662244260244,-2410.0,6069.882373134181,0.0002015293572898933,-8.025752187133582e-5,62.15671179133446,-18.899434254484298,8.850132141313264e-7,4.006386746426567e-8,3045.9117602816928,-10.051532460608128,-9149.0,747.9860660752837,1.885743679479063e-5,-0.0004814774027954563,21.17025385379939,-6.430535576286102,8.482687419464565e-7,3.982564124714946e-8,2129.0553435346374,-19.78066586513818,-2872.0,22522.204450793088,1370.4150805164022,-9.539364026251113e-5,183.7682462841363,-52.878333383436626,8.398507520494957e-7,3.6037133009602554e-8,-1919.9973626546805,-19.511985457998204,-22084.0,70883.80734213501,3692.999899858572,-6.800866379127202e-5,631.6356218701419,-221.7709599293754,8.64087014884417e-7,3.752561424715513e-8,3109.999660940906,-50.67149643655679,-78046.0
t264,14861.01212193277,0.0002480825741168539,-0.00019692618821060367,116.4045251375983,-498.3343515977806,8.519570465474099e-7,3.722581025223084e-8,1599.9976595958135,-14.080006126420495,-16065.000000000002,1339.2157718109854,239.99901936609868,-0.00027115929885595104,7.706410562392591,-3.510126216856446,7.924209878334745e-7,3.83170972414315e-8,-234.43343194592978,-2.977372863518592,-1346.0,37.2835461057126,0.00014568499039571974,-0.0002299431011241999,5.846794592857016,-2.660916429729611,7.894499311571712e-7,3.8211025211067834e-8,983.2009055016176,-4.670246071274137,-1018.9999999999999,3260.139520414536,0.00011187715328579664,-0.0002501808568488344,11.573549713360226,-5.284267096957386,7.983428538003676e-7,3.829232605673507e-8,-1230.9921947958883,-16.43647044204915,-2019.0000000000002,748.2256836834893,0.00013994659401975928,-0.00028196140357528843,1.3270448236128876,-0.5930888727505541,7.808813252044881e-7,3.8357331474717194e-8,-514.4867061174715,-3.4727920386605415,-231.0,4927.101888373664,1166.6962868665944,-0.00029596301590919524,7.06542313387983,-3.215488769527164,7.951972778509874e-7,3.837494550153148e-8,-4819.538381923079,-32.109432296549386,-1246.0,757.3174183531237,8.75136837113783e-5,-0.00022973131482568614,13.10100918055,-5.98609602654552,8.079043940425547e-7,3.9070918295038556e-8,1490.4699538959478,-28.902143778619735,-2226.0,6985.808438242252,7.229053061734608e-5,-0.00022524929424333918,46.88682629548814,-21.38888132064431,8.231513676745566e-7,3.858949590869208e-8,1458.506868149805,-4.8130985569067954,-8465.0,647.8536792678748,3.941843358260269e-5,-0.0010682758029348209,15.9679526161327,-70.23811260040269,8.061545615921903e-7,3.81984315475885e-8,2070.1576757247517,-12.74016668331895,-2651.0,22630.253288117103,0.0001573976452593478,-0.0003086084034492526,120.799609571535,-697.5419991939581,8.324659255882364e-7,3.6071860796738806e-8,-1919.9987549380558,-19.511991638123586,-20114.0,69109.11257041099,1331.7383881654935,-0.0006140758474773829,468.1607183776283,-612.0681353850359,8.400842427699203e-7,3.755383902894137e-8,1117.1164068524897,-18.059333884596622,-71396.0
t265,11838.049224386092,0.00025771579721902283,-0.00016523706478033503,60.39396131841959,-225.80620926958784,8.537051366021376e-7,3.7246528083615596e-8,2815.980700840317,-29.6177696133016,-14459.0,1250.6680410905096,197.87707786267217,-0.0002548415871439007,3.625780109450319,-29.925009123688593,7.925355838093438e-7,3.8291661620264556e-8,-171.20150099600016,-12.044134548446186,-1239.0,37.28327800812707,0.00014609828486613683,-0.00018118778797915702,2.749368991409317,-22.812245163245898,8.275860166900365e-7,3.742436961882731e-8,923.2724878831244,-2.4928551943223356,-938.0,3377.1847165071576,0.0001157850506944266,-0.00017724749454382926,5.814089127915996,-29.57670000267421,8.330386204448817e-7,3.75017475553931e-8,-1477.134159356017,-18.287885349915385,-1858.0,907.6709198401259,0.00015017327892096553,-0.00020687618877754052,0.6661737498892312,-3.4246927212087503,8.244869408626596e-7,3.762421571109134e-8,-688.2665393767304,-4.645805337600668,-212.0,4927.094088952903,0.001448205509313217,-0.0002275881580083871,3.5492971352166345,-18.078625149932883,8.324624750569365e-7,3.758793624987099e-8,-3739.5047321811235,-26.06124995604657,-1147.0,756.4712992386309,9.607103881642822e-5,-0.0001611571657981055,6.581324305153858,-33.47151263004555,8.082295722095442e-7,3.908755615694796e-8,1359.1668431071869,-41.747889528389045,-2047.0000000000002,6689.719376683635,7.97918173450177e-5,-0.000160238007343743,23.562405882523397,-119.78975296625359,8.247984024496484e-7,3.8663393615407615e-8,1207.4928032582197,-3.984752562539407,-7797.0,647.851335117072,6.157028577358524e-5,-0.00032791474807512946,8.023313376134224,-40.81827463515593,8.463104094264714e-7,3.751315646987041e-8,1842.26361457294,-22.319722561486824,-2435.0,20156.84501207849,0.00016584823262144607,-0.00025231380688450896,59.536221448166955,-513.6799796344278,8.294679954314061e-7,3.606354702380834e-8,-1319.9991578278962,-9.70200888629217,-18373.0,67841.19026043738,0.00021375435892242507,-0.0010662827752547749,211.13913339915817,-1667.706849210485,8.357595492984384e-7,3.750953725519159e-8,-752.0703599240198,-9.551331701760619,-65623.0
t266,10350.881423576157,0.0002629916542026759,-0.00015599500971079318,33.515150264498885,-109.88680162411326,8.509895973551384e-7,3.72577041502559e-8,2959.9798794743315,-31.489758501695913,-13203.0,1308.7029215888028,194.68853033705798,-0.0002093159363269188,2.1325076305648607,-14.293289129265098,7.891476494553382e-7,3.819661988871669e-8,-312.97454409689,-9.255917456959088,-1169.0,37.283229927727085,0.00017272979514125809,-0.00015092766549322845,1.6210856350285707,-10.721691479852186,7.870287730874798e-7,3.809190057282333e-8,859.137044037663,-2.3196904791112996,-885.0,3514.204966761623,0.0001408731448089139,-0.0001469156158728922,3.345446111577002,-23.653130895359734,7.950666143762184e-7,3.818226547166222e-8,-1718.660078179965,-21.237198290143606,-1754.0,1005.393579278016,0.0001759041599640141,-0.00017543241314918923,0.3843172085544628,-2.7246660450002715,7.795673361143855e-7,3.82710552330199e-8,-797.6689589961109,-5.384272452522177,-200.0,4927.108736088477,0.0011992559390146512,-0.00020228434081003615,2.043133276996106,-14.450075170666075,7.920316583191354e-7,3.825711187945777e-8,-3805.2732366861505,-26.42955505445109,-1083.0,757.6515850812672,0.00011204132429792247,-0.00013035807021242248,3.7865427161630096,-26.769869805963257,8.048265895036812e-7,3.8963893827591536e-8,1241.4225320027722,-46.09077225909457,-1930.0,5715.230438162502,9.460125724121791e-5,-0.0001283789396268431,13.55889490326927,-95.86465052735849,8.197718348500311e-7,3.8490938719659386e-8,1741.8233947955669,-5.748043701718435,-7369.0,647.8511976144969,7.235473951138264e-5,-0.00019475198919928575,4.617532461705336,-32.650513322433945,8.027987133420918e-7,3.811866263791321e-8,1698.3740567347647,-24.19215161920745,-2294.0,18676.84259208314,0.00018007356551445706,-0.00022943351238545606,38.738097021589006,-260.8794733475666,8.31271792929857e-7,3.612015901680935e-8,-1319.999156933879,-9.70200868631505,-17125.0,62755.032373538445,0.00022614108305176812,-0.00038876820001788756,129.9532715232415,-1032.888268705948,8.34598150626238e-7,3.754092562960734e-8,-546.1609321521032,-6.936281092640687,-61299.0
t267,10032.784442648188,0.00025968914657915855,-0.00014988581411694947,13.941157072474,-200.39791172483723,8.503293182889051e-7,3.729559560189862e-8,2561.98807140921,-26.315869049615426,-12382.0,1407.5192550451998,181.6857992420107,-0.00023945121597891022,0.920052620665201,-7.908957734482044,9.898363172390909e-7,4.1941750552194025e-8,-456.5249653900072,-6.690945100602394,-1119.0,37.283072699770976,0.0002576845536830571,-0.00017303524074874368,0.6986293630915218,-6.037675231967904,9.466220598988043e-7,4.187318235699538e-8,817.2754925394041,-2.219604865547315,-847.0,3528.2438983650586,0.00020135754911187364,-0.0001919129561561187,1.3802690567681832,-21.370119226890075,1.0242167458235915e-6,4.175313822685316e-8,-1804.8530702599376,-24.40098827339436,-1679.0,1200.526360447004,0.00023427138578628994,-0.00019536133765620114,0.15958007870416885,-2.6966564819036583,7.764418468359668e-7,4.1814290785926044e-8,-999.2444161077444,-6.744907491206091,-192.0,4922.385921705788,0.0014049835911347155,-0.0002694273908457541,0.8438566876464123,-13.475197396542681,9.806738377621556e-7,4.177539872128898e-8,-3845.1031124322444,-26.652604994047802,-1038.0,756.7010179707926,0.0001652871690605542,-0.00018764280970492498,1.56072453723931,-24.181162022805115,1.0298277633720847e-6,4.2281998666532893e-8,1161.949169339672,-49.02972832432158,-1847.0,4497.744167604078,0.00014434695476999685,-0.00017810447347109762,5.589638609783049,-78.52668852035357,1.069253023827211e-6,4.18858996475212e-8,2648.934427623239,-8.741512115986383,-7065.0,647.8509460553119,0.00011575281337732728,-0.00024319829638961925,1.9051384143335357,-28.801659500547586,1.0379894854876088e-6,4.177004260279738e-8,1590.013250237622,-16.967548652368965,-2194.0,17732.063176706306,0.00019801256490730362,-0.00020937642182729266,16.722674398995768,-161.0848953458202,8.341422712467228e-7,3.62330321401666e-8,-1319.9989359612275,-9.702007660459367,-16258.0,59338.0381478988,0.00023966103898976745,-0.00027332879702874664,57.580332316977724,-543.681157691502,8.351565551081411e-7,3.762128916711037e-8,-354.43591099798635,-4.50137739896133,-58493.0
t268,9573.144586930512,0.0002810936078060108,-0.00013780892328005376,17.215718805737655,-118.06793604850803,8.474235299369107e-7,3.727956735352481e-8,2436.3905898229737,-24.68310259850001,-11884.0,1467.7877545159415,188.99819789739416,-0.00020783580146970906,1.1928386454081499,-4.399234716985752,8.712939959284847e-7,4.1695257848715555e-8,-557.5486288147713,-4.030720352389253,-1092.0,37.28278639351097,0.00032090956129919834,-0.0001495669936712243,0.9045322240993071,-3.377877146191991,8.484137217041073e-7,4.1547770773715855e-8,793.4802960486965,-2.289909608032664,-826.0,3497.954900081756,0.0002509327379117394,-0.00015883350157964524,1.7920180611794436,-9.785773285120676,9.062791445690915e-7,4.146271675693802e-8,-1825.9960858625864,-26.965151798897942,-1637.0,1389.2260620723,0.0002941782764456827,-0.00016430999193229378,0.2049926296390839,-1.055387322661088,7.572874709928211e-7,4.147364047995742e-8,-1193.320874125526,-8.05492373774223,-187.0,4927.957091615466,0.001472069716939814,-0.00023299563347507185,1.0938007826149458,-5.840303441453224,8.669853792236908e-7,4.140710571299491e-8,-3885.3339317329746,-26.877897048549247,-1010.9999999999999,756.1472800314314,0.00020563285564133388,-0.0001439785290868751,2.0284598074019096,-11.129917652269762,9.177112082990054e-7,4.202442234682061e-8,1103.8177328038469,-50.863617363987856,-1800.0,3838.812600020184,0.00017586735568154196,-0.00013472938203163795,7.273411081180987,-42.418017252997885,1.0104301388383461e-6,4.169863969865634e-8,3099.5605428891045,-10.228578371413994,-6893.0,647.8509253440852,0.00014263646139052273,-0.0001561648597125411,2.475224268055308,-13.743590590134504,9.355449246019509e-7,4.1413626369021844e-8,1512.9313864144522,-14.51393269458974,-2135.0,17182.813835806617,0.0002250650433604923,-0.0001803156929479134,21.3651999359286,-97.4780066179319,8.312163778585822e-7,3.6268903860913505e-8,-1319.9990654830103,-9.702007547056548,-15777.0,57287.33169550497,0.0002581581863554907,-0.0001945110541183655,63.99659265520981,-322.26377736915856,8.33728727594369e-7,3.760748358139694e-8,-163.98196196020615,-2.0826119983254223,-56863.0
t269,9591.520336292971,0.00029727779624702755,-0.00013449741867150385,16.805405728682178,-85.91796737375044,8.227583774929105e-7,3.789104340175437e-8,2119.187899897935,-20.595837193291196,-11621.0,1357.1937324299377,5.161974223775301,-0.0001876300241163442,1.244633283286604,-2.9929846253987877,8.712883564160023e-7,4.2614923921956254e-8,-273.81245277385386,-0.7947156442076195,-1086.0,37.797998156598084,0.0005776155172226312,-0.0001302888432543529,0.9439974250313812,-2.2299225367120696,8.475724140143634e-7,4.1938611615158546e-8,788.6649629421878,-3.177484020801304,-822.0,3570.9129327631454,0.0004198729602000454,-0.00013500248037791256,1.8705902889756265,-5.43455419538574,9.047087348192421e-7,4.178969937044338e-8,-1908.5682861002947,-30.780968372044693,-1628.0,1694.4261119783698,0.0004935273816291469,-0.00014076929390208017,0.2127919373882838,-0.49127901918539996,7.563355854694903e-7,4.173904915048118e-8,-1498.0362258696118,-10.111752380500533,-186.0,4931.707031361271,0.0016050306322361392,-0.0002107379323358381,1.1406841633247065,-3.056193017633887,8.655487661719114e-7,4.174534140340836e-8,-3895.85609663904,-26.936820885535766,-1006.9999999999999,757.0708384965651,0.00034798287486538656,-0.00013003437122102783,2.118006386186026,-6.0931986422978515,9.151340516353604e-7,4.2620763208949385e-8,1085.479401725248,-49.57526670200279,-1789.0,3473.8991544982505,0.00030882439967601654,-0.00012500397839000022,7.576710948876139,-27.304563800947626,1.009964226874955e-6,4.237660950381357e-8,3418.108301014047,-11.279787050339479,-6861.0,649.3428532376581,0.00024678617746854055,-0.00012522149194632332,2.5795691254244835,-7.9675613079603895,9.345176449160496e-7,4.189607379437112e-8,1488.429210164294,-10.384193550524094,-2122.0,17086.175755345823,0.0003609622256304448,-0.0001881696462034429,21.3893302721538,-60.864164717149855,8.417704475237613e-7,3.864001883460387e-8,-1319.9990851004366,-9.70200884639201,-15717.0,56788.2238649788,0.00030216079184940635,-0.00016994915882802053,77.95832321253316,-179.53895845606877,8.285253709431249e-7,3.743308143499869e-8,-3.5976292604738034,-0.045732210628983326,-56683.0
t270,9900.294575851945,0.0004267617594127235,-0.00014962608019792266,43.07242511184296,-45.18570683846927,8.941081947326739e-7,4.0245191557446344e-8,1807.5026183523946,-16.684189600794976,-11689.0,1351.4113420577069,0.00936196087469046,-0.00012562079478654713,3.250886884981139,-2.83801527959196,7.882351663527176e-7,3.8118874975190334e-8,-234.20101471002585,-0.6324357350662213,-1117.0,42.149890444484896,0.0018613691841826221,-7.591197556956609e-5,2.4666277758693247,-2.1505217272499157,7.858254854442808e-7,3.79890075772596e-8,806.8848124616109,-3.3525949678243427,-846.0,3535.2876687505354,0.0009925472999429029,-8.858464025036979e-5,4.881847840960262,-4.2715717372562745,7.916995569029778e-7,3.804422729196374e-8,-1832.406988893827,-27.491860353668205,-1676.0,1490.6915107085636,0.0010944014170789125,-0.00010774208129640297,0.5603400085440722,-0.4839708112309521,7.771894212857973e-7,3.815207919093697e-8,-1290.0609486165488,-8.707918484348626,-192.0,4933.0896186789805,0.0018643713337155783,-0.00014037881152919568,2.9806479581725145,-2.606579635479163,7.883994975555019e-7,3.812087071732889e-8,-3870.6696378700585,-26.79577369684789,-1036.0,766.9000381734124,0.000890060454497804,-7.376933205278214e-5,5.525999965219481,-4.834934794658599,8.001819595815864e-7,3.874884450138222e-8,1117.4861106671076,-43.07803082259919,-1842.0,3789.3907561411943,0.0008567036220391457,-7.234830851814402e-5,19.776618798471056,-17.352983288541175,8.169191353175314e-7,3.833187554230092e-8,3283.0188117163266,-10.833987866235079,-7064.0,661.2787251567846,0.0005685574237220471,-6.882611120262008e-5,6.735596715657966,-5.902690546828254,7.987548585503425e-7,3.796996312682335e-8,1532.4503408615144,-10.562472442221612,-2184.0,17600.558051079264,0.0005893858095178873,-0.0001764095126896606,58.24900445056954,-21.10646118951459,8.226142734166068e-7,3.7164875911052484e-8,-1319.998999334758,-9.702007361683258,-16308.0,58697.46007786286,0.00034777216777757703,-0.0001667900703099644,189.11432847566658,-72.56938181615061,8.353733719766448e-7,3.766111753868374e-8,-0.005104633735011065,-0.00010039265201466362,-58814.0
t271,12114.594964393591,8.155943308998453e-5,-1829.9998333629508,123.8164265145103,-91.60522743237165,8.346848360004311e-7,3.732995707259462e-8,1971.9414878170921,-18.74789923834664,-12270.0,3779.8151595457207,0.0003522043168760367,-0.0021551808397564853,11.073211048458587,-2.432027845609703,7.788964247317414e-7,3.809001303929236e-8,-2584.4764785925813,-16.97806151233526,-1187.0,100.66848965983694,0.0002910356098070437,-3.877229748546426e-5,8.399634928739747,-1.845419137020313,8.144279459153002e-7,3.725806528885691e-8,799.7824723995614,-8.005430567685368,-899.0,3628.9717599390365,7.83591065208718e-5,-0.006769526174017045,16.636121536873258,-3.654786077552114,8.171824160914701e-7,3.733315107612904e-8,-1826.487403639872,-34.45900100875819,-1781.0,1303.3183931505653,9.488262473173503e-5,-0.11507150396384791,1.8970497905632044,-0.4224768899315079,8.098931709604605e-7,3.746313928392053e-8,-1094.2915143103703,-7.386475555317154,-203.0,6900.282427682621,0.0001401816629570931,-0.006182294516888815,10.1487503757281,-2.232872968228741,8.14894399231267e-7,3.743748667298388e-8,-5770.75600192583,-37.43626151919386,-1100.0,759.9895122455741,6.725975569666803e-5,-0.024882778286519372,18.833645085513908,-4.1363837226094935,7.9407115456139e-7,3.8872546482870614e-8,1257.056674300617,-73.71863289888245,-1958.0,3513.154555547481,5.82217828487005e-5,-0.1533410819698538,67.38969782888654,-14.797028749795281,8.137462205317001e-7,3.849366264738141e-8,3934.389576102242,-12.983518021931078,-7487.0,526.3624369685873,6.058362010107737e-5,-0.03156814879700847,22.944387287129345,-5.041647817731807,8.216177035621247e-7,3.727448095351971e-8,1794.9394100924658,-13.173079477040353,-2326.0,18112.350104046487,0.00010782783210888884,-1490.0007179181746,193.1874063248444,-43.5828036762492,8.284426750844335e-7,3.7872835199489476e-8,517.8521434908295,-3.8062394311570897,-17286.0,60986.74861865961,0.00012241153010650375,-86.0482762279539,622.2791855032051,-187.32830650189604,8.321738057171727e-7,3.817010063642745e-8,1000.0496342658456,-12.700977622052694,-62323.0
t272,13013.847272076046,9.211188862058632e-5,-1829.999759804711,147.93196161242255,-293.8340517468925,8.226189624109552e-7,3.885792167367938e-8,2393.175806896144,-24.12132094150574,-13407.0,6431.7283809509345,4.667552134966746e-5,-342.84647075723166,15.65113474111298,-1.8781040830870177,7.289815703055622e-7,3.764246425098825e-8,-4779.613955057435,-23.04103275050425,-1300.0,100.92926407338511,4.0988404776935373e-5,-261.15869932362716,7.362151007782895,-20.0558030231213,7.299393194490339e-7,3.750234061663171e-8,1179.6140787769898,-22.691032899671796,-984.0,3541.638904018865,9.463226939662014e-5,-0.22193611699934104,18.841721393438217,-19.470582034331347,7.730152748301016e-7,3.770786233032439e-8,-1525.9231272172115,-65.86507502117142,-1949.0,985.4187380654448,0.00010629388040329783,-78.86252911400118,2.150765033692054,-2.1734559668625444,7.574506884134237e-7,3.7797277562746584e-8,-679.9439938670586,-4.589630861221035,-222.0,8820.354245939512,0.0001541577680880241,-399.1027166221102,14.345480060045952,-1.7292571889344368,7.690766123540128e-7,3.780005646088774e-8,-7184.5145934906095,-45.353313316373715,-1204.0,908.0619579981843,7.58217986910523e-5,-0.26523575803444643,16.178214308896113,-44.61948388408113,7.821896767493658e-7,3.844883341663632e-8,1351.775983404298,-84.1315123908357,-2147.0,3872.7112378502015,6.593132325852946e-5,-231.73137775575404,58.411324162059834,-160.2127687069385,8.008779591061209e-7,3.8026951444081297e-8,4662.206830675986,-15.385312297511952,-8186.0,527.4732154132498,7.055038021095513e-5,-0.3498356903728408,19.60441535752643,-54.2669271150657,7.815035943448999e-7,3.7715764383916e-8,2073.229452339068,-11.690391358231995,-2554.0,21779.815683619818,0.00012423138184236546,-2789.652731724505,210.62435088861827,-329.764627345039,1.0528681353871915e-6,4.064733935299552e-8,-0.02242992003912755,-0.00036957741490809985,-18871.0,68069.49197560252,0.00014790282112829383,-4158.926913455041,752.9808952892146,-689.7002853919738,1.0180005494284134e-6,4.0190543442227434e-8,2510.015947459869,-40.861767380589605,-66443.0
t273,14028.603534294334,0.0001065980728448219,-1829.9994592181868,162.07515434468834,-162.08150026075663,8.854694328895679e-7,4.0534681829889265e-8,2718.75602690785,-28.353862562169763,-14889.0,8027.453163973118,87.04712373102753,-1855.3414669398048,15.319627647701877,-6.402908131386331,9.474224680899786e-7,4.195423665684919e-8,-4830.034447238633,-23.041093673892558,-1415.0,122.20150346837099,0.018245749769908278,-261.14074395794506,7.665473797579716,-4.087948294327623,9.165227466566944e-7,4.183376859202626e-8,1230.0345623934086,-22.691093846847775,-1072.0,3469.038392093289,0.0001264407802840791,-0.003643468146102534,22.187892854945883,-1.5333061689245044,1.0178331828491485e-6,4.1878672320970875e-8,-1303.736710351177,-62.952752211815245,-2123.0,832.274837941269,0.000128788203533663,-3.839213160977839,2.5644260711884512,-0.19115473909826028,7.759615690565458e-7,4.1936158498366614e-8,-584.861202889294,-3.9478225605099935,-242.0,9962.373842435463,0.00019678705954489278,-1345.103145234783,13.306943824068378,-8.688283259209548,9.880266724427531e-7,4.1931258717059225e-8,-7265.094031001389,-45.795524338532346,-1311.0,1031.4614592447247,0.0001051209827064286,-0.025932102328330674,19.327300096443892,-19.331002720390437,1.023234283428958e-6,4.237689744701485e-8,1390.2913639167691,-81.72329436397666,-2340.0,4112.386331631306,9.656441239540787e-5,-41.90268099194904,69.99734543417347,-70.00173931894913,1.056276797787387e-6,4.1832843320330934e-8,4850.527418182463,-16.00677206627695,-8905.0,585.5088404309366,9.40922015329571e-5,-0.03445091750008881,23.499725361601904,-23.50348352931969,1.0299209104687234e-6,4.193404116081832e-8,2220.333756010022,-20.804482335284597,-2785.0,23676.84790474133,0.00010977262483494571,-2057.071449810009,199.9371855482902,-376.9426311009843,1.0047820391757065e-6,4.073826800127392e-8,-899.1620711131118,-6.609047763037406,-20537.0,78462.14516669692,0.0001383231783425081,-8910.418680826435,723.5955695708535,-846.0971308285488,9.234846606724835e-7,4.0482188957287856e-8,2472.945335183092,-40.17039795151027,-71862.0
t274,14193.117153718222,0.0001325321877265372,-0.0064236805102513336,145.25631316379904,-145.2518707355712,8.895517363947591e-7,4.0108680870199916e-8,2022.2641398504343,-19.37944483046113,-16196.000000000002,8617.069273560759,1367.2247798429037,-3623.078642050358,13.448009138825405,-5.5875942848673015,7.380057954602902e-7,3.776739105183549e-8,-4830.0347324019895,-23.041094101782942,-1516.0,115.77952803392164,37.920624373926195,-223.23602799832625,10.200296140753423,-0.008168435813971031,7.392468042751331e-7,3.7681222634216776e-8,1230.0348416838585,-22.69109421379673,-1148.0,3513.3230276790678,9.494167233369519e-5,-0.002722875495684936,20.186993443603868,-1.7469748114362529,7.817949513239821e-7,3.7840961240084916e-8,-1199.3525626751755,-57.407856114332404,-2275.0,848.9725426822819,0.00010632026297279767,-2.9599979352505708,2.3270472077182203,-0.18457898687020427,7.654293424153021e-7,3.7979788621535424e-8,-584.2116821236602,-3.943437592731449,-260.0,10548.862726373456,0.00014688495001141628,-1328.2400741339763,12.332788792929438,-4.899686586535557,7.767456340894477e-7,3.7942794089384215e-8,-7774.686936586003,-48.368965208623756,-1405.0,1044.5206976966429,9.340710980307295e-5,-0.0003501494566421648,16.877609866472266,-16.87750683736266,7.941326013540093e-7,3.863204084490382e-8,1556.1770422802358,-91.69758678241031,-2509.0,3417.472617018673,7.820769711021757e-5,-0.000339127378938187,61.6451109315122,-61.645058118395504,8.155245928324586e-7,3.823442679608007e-8,6138.785610248106,-20.25801931949438,-9536.0,567.4144576139632,8.156225269564643e-5,-0.0003630123157916717,20.457642269781424,-20.457544076367824,7.909075212320445e-7,3.7776570713016437e-8,2432.420237461494,-11.834512335030867,-2988.0,24253.114509964103,0.00012674938191641988,-1489.9995065809903,188.62355848887506,-188.62343490110527,8.333141787989888e-7,3.785148293992991e-8,-483.78255011651504,-6.332702884513011,-22273.0,85142.90413409246,0.00013238961616650398,-9208.84567781133,649.3512034205452,-627.8124751288988,8.340190820033858e-7,3.810118619859753e-8,1492.386592379213,-25.98390903820423,-77422.0
t275,15854.304662170862,0.00011450815993463958,-0.002434977460775931,169.68918135197168,-169.69404441085464,8.289222562037861e-7,3.8815070506732474e-8,1559.3114926953467,-14.608971211259647,-17399.0,8875.910289137919,1384.4211845769369,-3808.5286905012026,15.193262861337864,-5.92017655373251,8.472510294884448e-7,4.175021996696265e-8,-4830.034775929181,-23.041094134098675,-1608.0,109.416837479314,75.4415675923288,-185.71806312446705,11.524305385748391,-0.008446194498291489,8.295917504426882e-7,4.159584473722799e-8,1230.0348925235478,-22.691094298346613,-1218.0,3657.4113669415215,0.00010230189332503192,-0.004231945805708522,22.80655613408965,-1.534721531044337,9.266849330539353e-7,4.165677758896305e-8,-1209.517778118069,-58.16129445496458,-2411.0,826.9847433916316,0.00011019769209826839,-7.324310895968071,2.6296605429510955,-0.17579007092443358,7.638324992895594e-7,4.167820164547951e-8,-542.4528472614016,-3.6615664360157836,-276.0,10756.149686068218,0.00017280978003378908,-1387.0732934970497,13.933590415984833,-2.0621092229863165,8.866346696473231e-7,4.157449626840662e-8,-7843.232924213697,-48.71512303707894,-1489.0,1041.1861815798438,0.00010749286621480036,-0.00039879035128600625,18.999367598258857,-18.999589855653248,9.446679412334944e-7,4.210471155503243e-8,1708.1751150289738,-87.36078377123066,-2662.0,3456.0611423365676,9.45694735852186e-5,-0.0003656820586260439,70.26632665910739,-70.26670756475083,1.0122708098084094e-6,4.161568968421129e-8,6661.610729614343,-21.67122044702528,-10096.0,549.6446998545855,0.00010177784108128143,-0.00039569774295133205,23.137803353026122,-23.138019140412677,9.606805231856429e-7,4.173010760007695e-8,2640.016192938731,-16.660383898606845,-3173.0,24530.730310647086,0.00018816191166685199,-0.002572275583902479,213.88533642016483,-213.88573550781405,1.055058552372432e-6,4.052673130579816e-8,-420.41746900112486,-17.310058244480434,-24093.0,88100.56119793605,0.00017191394731408565,-6143.72319792226,718.4894129721368,-661.2676152370532,1.0121949861629694e-6,4.007821294723671e-8,1046.5073717225314,-34.56734146093315,-83026.0
t276,16410.981107136642,0.0004305083553121178,-0.00015091717719451628,221.5970809160723,-84.71635483395295,9.028042761622332e-7,4.013710428427637e-8,2036.6984746284716,-19.560587443451524,-18565.0,9039.354063896924,1343.3390788673266,-3849.6109351107657,17.550019667683813,-8.55624258874014,7.383338777705791e-7,3.7775720199876466e-8,-4830.0348906444515,-23.041094351043444,-1689.0,118.33269525104303,119.7105446530281,-141.43609513333521,6.523297737195561,-31.47433915472011,7.403669137195079e-7,3.7652408747669606e-8,1230.0349906379893,-22.69109442578678,-1279.0,3900.466069667149,9.277998471882386e-5,-0.0031221592353765783,26.33898270415929,-12.848851700935636,7.828206610463219e-7,3.784166046598267e-8,-1315.2751172327016,-66.67805439764781,-2532.0,951.5634133971835,0.00010604483002868436,-0.012914837049775944,3.043483842521925,-1.4738752860061977,7.649572046745192e-7,3.7946683433804804e-8,-658.6741539545843,-4.446059633887678,-290.0,10765.74850994357,0.00013945325457546698,-1166.7094491106457,16.09660863602512,-7.844685111069623,7.768443477114153e-7,3.791920249117943e-8,-7994.810535350158,-49.48058892651962,-1563.0,1410.9620079593715,0.0003024151043832387,-8.332481586301573e-5,29.80765142005455,-0.001426116957432355,8.032469009768986e-7,3.8638507396099994e-8,1448.3564650829005,-92.12491789143908,-2797.0,3955.85092896718,9.434938635784719e-5,-0.00011320781940295456,86.05483265576444,-86.0546005852457,8.264494512787189e-7,3.823899202599343e-8,6664.827795167477,-21.678937514647092,-10599.0,596.4566978986534,0.00030056579404432214,-7.513984666917768e-5,36.35478552644363,-0.0013872140814053238,8.036342385372248e-7,3.787706823675243e-8,2718.8144061203634,-17.624728288408214,-3334.0,26364.789638667848,0.00031319494065457857,-0.00015242980811184,281.3656115718249,-99.6441129876747,8.304758221629368e-7,3.715082958290902e-8,-719.999303677699,-19.511993632304762,-25807.0,91500.75624479463,0.0001115807368705991,-4717.756448348593,819.3384412973775,-770.8660646539756,8.333977420328286e-7,3.762647856481806e-8,1420.0618692223918,-41.53415331724631,-88210.0
t277,17664.346013618233,0.0004141134748329259,-0.00018956861286973438,248.26599454657415,-135.31204978616213,1.070942989355709e-6,4.107738857433892e-8,1659.5269143379091,-14.827097344232184,-19422.0,8454.148820076944,1677.6690470839012,-3515.276886161564,13.522989965528064,-32.98792864946289,9.611615604120658e-7,4.193093916124363e-8,-4830.034948605742,-23.041094352066388,-1744.0,113.99554061651756,0.016608137711012293,-0.020141395460058786,10.606456706212219,-10.942438647217813,9.510394639084366e-7,4.1824853491162975e-8,1230.0350683992617,-22.6910945291628,-1321.0,3936.933051211205,0.00011536225272216572,-0.004082016363573817,20.325408904667388,-49.62876382445443,1.0272419521772938e-6,4.185696359316837e-8,-1229.5770887471233,-62.04864170874252,-2616.0,998.5637225292546,0.00012780279620917955,-0.008038208874572498,2.3395456437717628,-5.820275981370287,7.995489349063497e-7,4.192033861130232e-8,-690.4147715391226,-4.66031081773153,-300.0,10479.62909312195,0.0001894223385092397,-968.6780566023115,12.899035521963862,-28.29093826031326,1.006411337075262e-6,4.1994287962642755e-8,-7832.896399287603,-48.662924722169045,-1614.0,1403.5580053639246,0.00014932844095419943,-0.00022194968875344765,20.721495425423203,-50.52630275596685,1.0446207119985697e-6,4.2377943346328746e-8,1604.5333072755952,-88.28643336105836,-2890.0,4198.499241574388,0.00010280959907770755,-0.0002362168456990629,111.36875442708346,-12.019850471452992,1.0797290787214616e-6,4.170858580276365e-8,6664.830930298217,-21.678943050095505,-10941.0,562.0663346443188,0.00014455833233057927,-0.00021856591651337433,25.187748547301435,-61.53984312882719,1.0511404609534148e-6,4.1979915762928305e-8,2939.805618629764,-18.51978559135372,-3447.0,27697.792532467814,0.0003341441679472538,-0.00030426305704955885,289.11694188413264,-221.39849386493373,1.058037693108282e-6,4.071530311601964e-8,-719.9990183730937,-19.511992085340818,-27026.0,93504.7998221062,0.00014849106918255609,-2492.5391741966796,902.5128546930177,-735.4558851545931,1.0060666304042273e-6,3.989117165175955e-8,1204.1903876119381,-37.5081534421092,-92346.0
t278,18339.32760322404,0.0003714524335211221,-0.00021015248760486235,241.082064299557,-185.32380828110212,1.0704940669442804e-6,4.105189005748351e-8,1599.9940706202187,-14.080091484032906,-19981.0,8000.032529638343,1918.0889177930476,-3274.8587609830083,13.1448498919939,-24.33134089509427,9.616670984277016e-7,4.193324273208285e-8,-4830.035101524973,-23.041094570367793,-1779.0,114.38765823114505,0.0013176355440113275,-0.0002473785914971679,11.983000179752318,-3.783932812803029,9.923950949058854e-7,4.191786803686661e-8,1246.0273506391327,-22.61514728527323,-1346.0,3936.619151445137,0.00011679139605998312,-0.0045719977734153105,19.927492797366224,-35.057381917078466,1.0278613863000695e-6,4.184919819008908e-8,-1200.716983790572,-52.767824122757204,-2668.0,787.9522806085272,0.0001279080588606015,-0.009217534750183838,2.2788541578291177,-4.507185602882942,8.001764879864055e-7,4.1921473732371755e-8,-477.4917795232009,-3.223080585777107,-305.0,10223.715913677961,0.00019167246786246157,-810.4548928632768,11.992529265568237,-23.225171004103153,1.0072889543928213e-6,4.199742280345595e-8,-7707.996391924322,-48.03217963252951,-1646.0,1396.4103721019808,0.00017937889610961582,-0.00017495772523795208,23.521882996421088,-20.804805827756724,1.0487224798516304e-6,4.2422588186926285e-8,1636.523482893917,-87.65093743521503,-2948.0,4200.962762242103,192.0760585709434,-4.73054803725515e-5,115.8088337301297,-4.6030133996936503e-5,1.1461096571338224e-6,4.193681183752562e-8,6664.831381924915,-21.678943730849117,-11152.0,566.4022603419814,0.0001577089219220859,-0.0001747490556435779,28.492999579106474,-25.612533258209112,1.0551134599655626e-6,4.203444213841857e-8,2967.3486053029815,-18.63131583744778,-3518.0,28742.20470854064,0.00026618310147030045,-0.0003686341000462572,268.350935287711,-388.04382528851914,1.0562803733047e-6,4.071224504772339e-8,-719.9997210090183,-19.511995047706407,-27883.0,96621.46784160954,0.00015692692416920782,-1921.2756562514212,876.4895275155766,-903.825697607406,1.0035181434198235e-6,3.988981262005439e-8,821.5150863909206,-30.37125840023601,-95464.0
t279,18861.48427758618,0.00030297109436248524,-0.00018722802012670055,263.6571068703284,-232.0537620959216,9.015568246618377e-7,4.003896445823522e-8,1599.9923802172734,-14.08011824161232,-20479.0,7371.064197601778,2242.578602573411,-2950.370405848532,14.16114550219652,-23.35733505055773,7.417985260605616e-7,3.7820229108075476e-8,-4830.035110388072,-23.041094638196785,-1801.0,115.3075256306968,0.00031981819800114183,-0.0002780283199492722,12.433049399824831,-6.899511116659709,8.10291452080524e-7,3.704929619940839e-8,1265.680688504634,-22.521794712052962,-1364.0,3995.3478392369775,9.554733652269494e-5,-0.003964460972410949,21.356227893648622,-35.20672523164407,8.141843083482928e-7,3.7128853804194875e-8,-1229.2190872783415,-51.274386074023774,-2701.0,929.5300450530549,0.00010904315222709396,-0.008569018094740503,2.517005493930367,-3.937773051481854,8.065646190060522e-7,3.725105044946378e-8,-614.9498972398533,-4.150920715903484,-309.0,10148.477041848733,0.0001500463640959576,-930.9840417958748,12.799509215660906,-22.69790434666428,8.124270330521123e-7,3.727203941923911e-8,-7494.640027227378,-46.954728244631596,-1666.0,1395.9091555207156,0.00010030403020768784,-0.00015038376517192346,25.628260079079322,-28.346831247468508,8.080553630159028e-7,3.8700581061581266e-8,1681.2791420554393,-87.46967685692185,-2987.0,4474.01100206258,39.65891936328253,-2.077421861669114e-5,127.17770193639508,-4.535761902325403e-5,8.859694621625602e-7,3.844750627281439e-8,6664.831386573134,-21.678943735058343,-11284.0,665.7372329185546,8.819302249192708e-5,-0.0001430074039121861,31.141286251545367,-34.02312743678772,8.291301540895342e-7,3.704309779991609e-8,2922.5947414358975,-18.450078877116805,-3567.0,29289.259359325504,0.00020912093361847095,-0.0006459728435613569,294.4689399575546,-424.21606786323264,9.002741123024053e-7,3.867283493239326e-8,-719.9997987335213,-19.51199553916365,-28420.0,98280.53507293387,0.00013757923957639643,-1842.4850383875255,955.6428729109762,-888.037842278045,8.481327176176064e-7,3.8538883812001654e-8,754.4655820807869,-29.120784263682175,-97231.0
t280,19520.893476241392,152.66994670083292,-0.00011615904745961124,356.82699875094517,-288.5823547986377,8.368353505973228e-7,3.81060199039253e-8,1142.2231621832411,-20.031112825675365,-20864.0,7425.63623086999,2221.466387889978,-2971.482905142707,18.09709235826792,-27.640594975801005,7.421570376973421e-7,3.7867790181557493e-8,-4830.035116562111,-23.04109466688307,-1813.0,102.2352199706372,0.00018815465018987956,-0.00037350368764205177,15.276077641943871,-14.692172919215896,8.119086282759102e-7,3.706572181297584e-8,1292.575106522547,-22.394046307086697,-1373.0,4142.320347520574,9.77812649957452e-5,-0.005317195762642292,26.916406707028347,-42.74117040212498,8.151366367389681e-7,3.7166023325438424e-8,-1356.6869469357723,-50.80341781183153,-2719.0,922.1067573798767,0.00010983678967098501,-0.011803352474673729,3.2474813382482215,-4.739972013433607,8.060994394056413e-7,3.725935945036355e-8,-605.5153361650009,-4.087237456988957,-311.0,9607.762952095136,0.00014963486386365422,-464.26121736781903,16.289988426898848,-26.13251786700062,8.128246898239359e-7,3.728897134105794e-8,-7411.126370405709,-46.53298498930601,-1676.0,1346.908153099144,0.00014228447185306252,-9.25394532054555e-5,37.35032099140264,-21.86092653027593,8.132381966517211e-7,3.8792831614535464e-8,1732.8631603593585,-87.26075874290007,-3008.0,4547.305054321361,3.917787775889417e-5,-0.00012142565038193503,168.5043422805153,-10.961618733996241,8.514342711409294e-7,3.841799966584661e-8,6664.831247101738,-21.678943525446282,-11348.0,826.3965192953417,0.00012843927278373768,-8.332845974648559e-5,45.15874149039211,-28.40128479694416,8.442171327592473e-7,3.725002375290689e-8,2770.9380065244914,-20.092028095144695,-3594.0,28640.916067678852,25.856382518041812,-0.00015561560340496164,447.4322678604821,-313.635268363381,8.452598976528545e-7,3.6594554737809e-8,-162.15743009137373,-15.411863111400796,-28623.0,100410.60598096476,9.340035122371726e-5,-2437.3947485093845,1073.4735813359293,-1662.5124313683677,8.240711423770251e-7,3.775006739121001e-8,762.0905174685922,-29.262992613771424,-98117.0
t281,19890.745791002897,157.63707133217181,-0.0001232038795881868,470.28663184313433,-328.57585065219865,8.604523865576214e-7,3.732066625441001e-8,876.3933794227476,-23.486899457477605,-21043.0,7511.192688191707,2180.4959399197323,-3012.4534671779484,18.87018387995539,-35.02915597608189,7.40023655074985e-7,3.780420157650728e-8,-4830.035094462082,-23.04109469261751,-1810.0,84.20554405822564,0.00011390492892054246,-0.0011187337855663605,13.174426093110807,-27.49064291107954,8.075188498871987e-7,3.7019526100638464e-8,1323.3594913102897,-22.247814153035797,-1371.0,4247.929471115012,8.925007679699221e-5,-0.012372829437847097,28.42211732496814,-52.6694528563303,8.153928960926439e-7,3.7133318068264286e-8,-1457.0466857067875,-50.62316671490218,-2716.0,1003.0482509863325,9.99710452367892e-5,-0.028313449076336816,3.3617523168060255,-6.130038241513169,8.063507294040368e-7,3.722851090405356e-8,-684.630486962031,-4.6212650492025755,-311.0,9028.851667826859,0.00013454481063129912,-25.121429669293857,17.477945170864164,-31.24020927628129,8.1419058678559e-7,3.726263247296399e-8,-7270.146980178149,-45.82112896414717,-1674.0,1275.8466943070973,9.300171804201736e-5,-0.00012965806810516772,48.65369895102873,-31.927932391260523,8.137054012844285e-7,3.878285335011459e-8,1801.410798630857,-86.98322310025652,-3007.0,5034.173736324216,2.5078616170704028e-5,-27.840281333987853,177.24241197439264,-154.55413970951935,8.336124013064633e-7,3.8327109819549615e-8,6314.817147238003,-20.838899354825735,-11323.0,777.1315933140347,7.887249686665366e-5,-0.00011600270468982307,58.91748994049232,-41.17396871748986,8.46087361731238e-7,3.72307682011246e-8,2817.8776124982764,-18.752690374362857,-3594.0,27121.913103130406,443.6111596945716,-0.00014695305553994332,661.0174079000101,-46.0065041412098,8.3969228821419e-7,3.65778659824569e-8,338.1992217254184,-11.734240435230802,-28507.0,100554.37120854635,8.076156011916365e-5,-2326.924382762641,1329.06567911939,-1920.9073793284854,8.181905339961849e-7,3.7691257807981296e-8,769.8015964834582,-29.40680211410325,-98376.0
t282,19817.453225418263,249.62473271414885,-0.00011895558554053468,552.0084355364764,-417.40544000412694,8.619520999769625e-7,3.7337036515477455e-8,882.7237657697685,-23.404600234187757,-21061.0,6900.085684856513,137.8117495516904,-402.8211200567382,28.59735705812671,-28.597517119006397,7.440921307561484e-7,3.78179132571914e-8,-4830.035059949587,-23.04109462417897,-1782.0,65.95169875080667,0.0001369589665043457,-0.0003408365226490368,21.722096649990814,-21.72230409304892,8.122378148396448e-7,3.704716725194473e-8,1305.3819231524337,-22.333211001592954,-1349.0,4233.539935572444,0.00010458610543727626,-0.0005726135826828229,43.06134813428624,-43.061671112991164,8.174563721171179e-7,3.715586760934235e-8,-1508.9695569874866,-51.569587961131475,-2673.0,1176.661529603455,0.00012218391947395465,-0.0006207752137674346,5.109068348968516,-5.109179454743958,8.085063254324883e-7,3.725366617042376e-8,-864.8233540410882,-5.837566291170217,-306.0,8611.386369249723,0.00016734873622677537,-0.0006659491972170159,26.308694850088543,-26.308922495703165,8.173338039810917e-7,3.728474960644436e-8,-6916.997799382725,-47.38784408383566,-1647.0,1148.7063740746235,7.736930323493049e-5,-0.00019928949376978042,68.91513455284732,-34.70243982702282,8.140712653978699e-7,3.879844597163537e-8,1865.8034653266502,-86.72241265081254,-2962.0,5085.821920367406,4.6386087555970984e-5,-216.23340216275176,246.85028959663802,-276.4115290606452,8.327275470541776e-7,3.8330472106839864e-8,6314.8115601491345,-20.838884943961304,-11134.0,725.7230254522101,6.806202212162093e-5,-0.000170923976076487,84.08539362120193,-37.531568866490126,8.459461584749921e-7,3.7231665370940776e-8,2790.4510521849625,-18.727799994909233,-3544.0,26027.210108766267,853.9121904354381,-0.00021473987409084702,782.4651867748655,-41.44309443926793,8.365112103118004e-7,3.6580105816819425e-8,294.9082530021884,-12.052428806307562,-27905.0,96555.73975261064,0.00019176686349621082,-0.0007119580986745067,1628.2813949959,-1628.2815677490123,8.222991649848991e-7,3.772207168361082e-8,666.7457507757497,-27.484809756709716,-97195.0
t283,19132.165354529418,590.8093175050641,-0.0001397274406135302,465.819790288597,-293.84696976430433,8.616707609816629e-7,3.7325559665327255e-8,840.0124839695143,-23.95983656037775,-20711.0,4452.328337456082,239.95547193817114,-0.0001731065881199511,24.552003545256166,-24.55174279148465,7.846861247316764e-7,3.779215460070312e-8,-2969.266803002546,-8.017094363675392,-1715.0,37.49787929610445,0.0002789317680982687,-0.00013881100661500403,18.618180706245287,-18.618036100220436,8.098717820182612e-7,3.687550174496168e-8,1277.5545316325292,-16.052696088132226,-1299.0,3895.7544670456114,0.0001162180607317575,-0.00023026714901260663,36.968027254556965,-36.967779145635916,8.185902804711058e-7,3.7004490337566044e-8,-1275.987560145331,-47.767041225677104,-2572.0,1162.0340879263065,0.00014203689178522,-0.00025990374405607844,5.528402936275617,-0.283050198293179,8.091437273581405e-7,3.709960958367342e-8,-866.4309079263539,-5.848415290137257,-295.0,8698.246161372836,321.2357191664553,-0.00028705418066455923,22.57658633254588,-22.57641057844497,8.205149951653644e-7,3.7166480607511966e-8,-7388.0652458865525,-46.41652387323758,-1585.0,952.7787052653408,5.645163947693447e-5,-0.0005310115530622406,53.89543557220668,-2.8396503578557355,8.107867434075617e-7,3.8650143608871523e-8,1930.8129747783394,-86.6469908981268,-2848.0,4774.552042037046,4.310020479498946e-5,-29.715284120324355,192.50220465267492,-264.78719000969375,8.265108966632008e-7,3.8131320669399605e-8,6064.460929347089,-20.012744709713452,-10717.0,648.0713478034141,5.3414494965790495e-5,-0.000503722781020396,65.74232210309019,-3.4352649025597777,8.362076998126609e-7,3.7045680899515225e-8,2713.4131919071647,-17.791147091312396,-3406.0,24645.785216230033,1489.9967031511542,-0.0005020980938054858,601.0197392575186,-760.98864323546,7.984495103084315e-7,3.734198600183057e-8,599.9975053108383,-9.810017984169942,-26566.0,94004.26843958991,0.00032639177504392654,-0.00020786401064672418,1740.0297579480932,-891.8979714815791,8.007835309931075e-7,3.765872427377754e-8,-926.5010999846932,-15.899243857987997,-93910.0
t284,18532.10914686701,1741.8436316862453,-7.396816818047073e-6,269.93416763095655,-161.6000939012907,9.653392408587071e-7,3.7369587271086364e-8,-459.31571874686665,-5.971126018895517,-19917.0,1670.6161265547653,4534.837716968633,-0.00018939016593420578,18.761514077822483,-0.000533438961400529,1.0211186137479482e-6,4.1832650374187004e-8,-4557.908274623163,-22.306360950995334,-1644.0,37.22706186839493,257.5811592762387,-0.00014432128311804188,14.240171435985493,-0.000507735316253639,1.0026592594556307e-6,4.170580766878918e-8,957.908618462747,-21.956359868971614,-1245.0,4082.488650883823,0.2312765631957789,-1.8009445238217307e-5,28.15491951709557,-1.3339295665228624e-5,1.1676462421448224e-6,4.186977161995423e-8,-1565.2181412600476,-78.65667502117404,-2467.0,1852.1415427210127,78.86787315248543,-2.227134884993218e-5,3.256920761886366,-1.2312113810382207e-5,9.090801922192269e-7,4.2084052441512196e-8,-1641.1882786501697,-11.078024187831671,-282.0,4989.514940869506,1641.1246497164886,-2.3250741318168275e-5,17.208993808412206,-1.3421022779537799e-5,1.1444459128581144e-6,4.1983228786978536e-8,-5099.290493228926,-28.558055547525406,-1520.0,758.6798629318363,0.26902570068677617,-1.721984006545609e-5,31.861969744858282,-1.3630330883845009e-5,1.1738193757492927e-6,4.252383618433407e-8,2019.3354487074027,-81.14627793949606,-2729.0,4160.656442791162,231.73508364590785,-1.4281438759705223e-5,114.07295675360751,-1.4484917837069562e-5,1.206416152228458e-6,4.2006993689889755e-8,5801.681102155104,-19.14555735888248,-10289.0,747.9930668159531,0.35342278820267115,-1.5171945724199595e-5,38.863727872547656,-1.3440951464386528e-5,1.1832647967393602e-6,4.199259089698597e-8,2490.4936377315353,-15.70382763267238,-3262.0,22994.523833997868,3069.999921675658,-9.13472818543196e-6,355.1393291403582,-1.5207861035798896e-5,9.406945343971818e-7,3.818311120798225e-8,-1056.49779915401,-13.165260807808258,-25350.0,74110.11130558526,11516.852041613287,-4.10998793116809e-6,1224.7082653666198,-8.586579090887617e-6,1.0936855442874786e-6,3.891211269532439e-8,3109.9998986063933,-50.67149864719923,-89911.0
t285,19233.925521840687,1568.5575267760216,-0.0001211488213619739,251.20410460393694,-138.8756930611157,8.636968938337584e-7,3.738614941657151e-8,-1647.8681152684283,-19.943223541195866,-19247.0,1860.501527818185,2516.0131647775343,-0.00012713869146756848,16.134183157981393,-2.1721781821280794,7.961532040191227e-7,3.806277876687412e-8,-2759.0271980868565,-17.449372792354534,-1614.0,37.22680111011881,205.82900026788124,-8.94079536215443e-5,12.244662918536235,-1.584569189744832,8.276543673384068e-7,3.715361864548186e-8,975.7541350220877,-8.46994128580504,-1221.0,4386.512214142572,1.679875356045049e-5,-0.0009258619698152014,24.217784899486517,-3.23834892527395,8.341731466783894e-7,3.726030804669303e-8,-1923.1975338729872,-63.29320768269081,-2421.0,2115.9603504532265,3.1111335078626806e-5,-0.00018156832271868395,2.7943146348814656,-0.00018127140086951355,8.25954437512205e-7,3.736741992262885e-8,-1829.405837817637,-12.348496091242914,-277.0,4966.722885415574,1166.6996586648957,-0.0009431749181798478,14.79706593685792,-2.037364449042322,8.366252282195651e-7,3.741839957095779e-8,-4624.140656844305,-30.04064613671057,-1492.0,761.4265159589321,1.4440242232746434e-5,-0.0008784710109551629,27.408730399451198,-3.6099132168083883,8.140847804650363e-7,3.885411250104014e-8,1967.8810443448783,-77.1055139925959,-2676.0,5233.21692837219,1.3672267053872526e-5,-0.0008370489270023445,98.11710869988846,-12.32129053955595,8.288347710601898e-7,3.8316535854221893e-8,4804.8440868368325,-15.856010151004224,-10108.0,638.5061809028072,1.456034434088917e-5,-0.0009101490714554638,33.42403319921739,-3.359009428226271,8.412704706048565e-7,3.7219918970290454e-8,2545.608790556165,-17.179100174484873,-3197.0,23284.408911692644,1489.9961262083655,-0.0007611627488872494,304.3996729310339,-16.135464425674332,9.059161530191982e-7,3.9711917437446515e-8,-176.95891798732964,-2.7095670326512935,-24883.0,72364.49447695594,11255.813790585808,-9.47403293774155e-5,1004.650027017522,-99.04801312777082,8.549937720643552e-7,3.980496837238257e-8,2666.5102031175807,-43.42038957352447,-87149.0
t286,19264.195716750957,1105.2546311123424,-0.00011266214311522456,213.63523698385265,-108.80261658949844,8.639607963115229e-7,3.743942268205427e-8,-1370.778010938935,-17.50484474278109,-19086.0,1649.3126399573584,1933.5902909880026,-0.00011869990574311141,13.81545415939963,-0.11882312207845377,7.973477520789996e-7,3.813470518283293e-8,-1998.2042888925912,-15.395154839843862,-1583.0,37.22707592030069,211.41939003832454,-8.318058879411004e-5,10.48388635525136,-0.15171746248940707,8.28758753371289e-7,3.7200272068848475e-8,941.983662350382,-2.9622145864205653,-1198.0,4511.86769908236,6.052295492909441e-5,-0.00018326951916728057,20.741502507238934,-0.2106681711607881,8.353798452413554e-7,3.731734230440837e-8,-2099.617407363802,-57.78100380979013,-2375.0,2309.9134090417597,2.663353190355711e-5,-78.86794297734774,0.35059671105864026,-8.853269180200577,8.059622172144312e-7,3.73498874036747e-8,-1937.4649321859767,-13.077888576005575,-272.0,4943.931115827675,1166.6997040903016,-0.00020955843533045012,12.669096857347068,-0.061183917107799045,8.364842114476158e-7,3.7455052034574446e-8,-4632.143227742951,-26.09529614497337,-1465.0,761.4232371980783,5.0208754731078786e-5,-0.000153490697622441,23.476101696211824,-0.29799447405188334,8.144088092149059e-7,3.8918953616022394e-8,1909.9934974657042,-70.59473913168178,-2624.0,5629.995312542363,4.5441397941619924e-5,-0.00013863847297785936,84.0291583909621,-1.6428789426292207,8.295123675534678e-7,3.8401303470834786e-8,4228.572815921908,-13.954314866424852,-9927.0,649.9920348220995,5.152183071489063e-5,-0.00013949639512846976,28.622407219745675,-1.392860842792257,8.481227131919372e-7,3.734837256931583e-8,2471.6699471665224,-16.891440867722913,-3132.0,22838.184665197492,1489.9974078664031,-0.00017218594761456678,255.37832696751877,-22.169443478915333,8.520710883185649e-7,3.661222780313069e-8,-563.3951602411513,-8.995623501381376,-23989.0,73945.0299939368,6805.397039068799,-7.629566841431356e-5,861.4692877365878,-69.5989731750626,8.494323835275118e-7,3.781027841632669e-8,3049.3831044608914,-49.68037528406546,-84542.0
t287,18253.544458089367,0.00028874334208180374,-0.00013152859222072778,157.24585771448068,-295.53508315740146,8.607678901991549e-7,3.747487765732076e-8,224.7222165847771,-1.9776064959269235,-18338.0,1453.2461023572664,239.99913939333084,-0.00014878472228575083,10.08683177093927,-3.0709876514431373,7.941453163222544e-7,3.817406238340318e-8,-206.70243664218,-0.5585008908484621,-1493.0,37.22723416403592,0.00028673411448025646,-0.00010029117089575296,7.653630899271296,-2.3275529487633597,8.26119345017373e-7,3.724502220567083e-8,1093.2156290612436,-4.769128181534242,-1131.0,4411.003476577074,6.751254325892346e-5,-0.0005025582043269257,15.14675195268239,-4.6226730752834495,8.317571630798161e-7,3.736283059495636e-8,-2145.103160103086,-37.42396080401934,-2239.0,2178.835911262091,25.966380564529604,-0.00010268621331272043,1.7400085678944193,-0.00013151838653379457,8.202186939555291e-7,3.7446337667430326e-8,-1937.4641816116641,-13.077885121745766,-256.0,4921.139228173693,1166.6980642611045,-0.0005525019506280061,9.248880364898985,-2.8125242357563534,8.325351361498775e-7,3.749523760325407e-8,-4685.316185120051,-26.956911525309216,-1382.0,759.5045373461373,5.537601818956589e-5,-0.0004672459941117729,17.144922317772632,-71.64625525097887,8.09801405421352e-7,3.895438662224016e-8,1834.225817925522,-66.22861099986363,-2473.0,6287.657686430803,4.7896657391962796e-5,-0.00045232280219087033,61.36173983728517,-256.5353276178792,8.246506436788318e-7,3.844027282710077e-8,3288.367946557605,-10.851640931669591,-9370.0,527.9027404997609,5.364416022141686e-5,-0.0005362671036806451,20.899307280671753,-87.40574489707436,8.444774350274726e-7,3.740992079288451e-8,2498.130708852762,-10.52652958633458,-2949.0,22897.903693064556,0.0002757501504946983,-0.0002047843746844949,182.87802861333702,-806.400407169396,8.5067683830971e-7,3.667094091122404e-8,35.882370443166856,-0.2637552226591903,-22310.0,76679.4647176658,1877.5189851553055,-0.0001304334737905635,636.8271113634535,-219.85139869381084,8.47834714665404e-7,3.785821048394e-8,0.04127405190327929,-0.0005586458142223041,-78974.0
t288,14215.873074640282,0.0002922944146758576,-0.00013506324156006933,123.68891865901702,-411.06546225212674,8.555832320714615e-7,3.745657340105857e-8,2959.9932416074207,-31.48992974336301,-16857.0,1395.368162361315,219.9157073965201,-0.0002101646475090019,7.168906178772949,-28.434020956824053,7.919142865497302e-7,3.820379250319923e-8,-194.1067817894283,-11.911763470528772,-1388.0,37.22707420289895,0.00022737643490953216,-0.00014917304224792868,5.432293155614683,-21.84480267547643,8.24856339207642e-7,3.7294745024383516e-8,1034.1839357499177,-2.998579197918445,-1052.0,4396.181172929545,7.774244412269105e-5,-0.0005139564910410652,9.733482726741013,-56.33951737492038,8.302752371558518e-7,3.741415243713583e-8,-2227.4139920950656,-39.16071046919716,-2083.0,2239.059070828808,0.00010789405291007069,-44.982822707883386,0.9309989858653291,-5.4646526934701445,8.140155199286844e-7,3.748439245308241e-8,-1937.464814684543,-13.077888157542585,-239.0,4898.358508462889,0.0009632419502249941,-0.0005611015824161318,5.9222726400790995,-34.392384123288366,8.304711052808282e-7,3.753446178351563e-8,-3559.833707102879,-25.055092597961035,-1285.0,760.4958090192425,6.468388770693329e-5,-0.0004728802472536117,11.10363191158046,-87.72754665940607,8.074375871132367e-7,3.898695735802076e-8,1672.9449674758164,-57.81645407984037,-2299.0,7022.025767016027,5.3563926262592806e-5,-0.0004999773839105636,39.92615541722064,-314.26248015804543,8.21882260317092e-7,3.847124876526995e-8,1980.847828046695,-6.536824055701241,-8722.0,527.9020484981747,5.784410746876884e-5,-0.0007339062264126105,13.50550713026356,-106.96196149476921,8.41611749799549e-7,3.7456828670453935e-8,2330.3067735165932,-26.751692058802913,-2738.0,22353.070732072298,0.00012741429971739883,-0.0018260015043941747,116.58516197972035,-775.9532277406419,8.432789191056796e-7,3.669248255348598e-8,-1319.998959202198,-9.70200795128046,-20364.0,75927.81573545623,0.00022322606078263867,-0.00043830664203504857,412.9151129332704,-2608.8809813382627,8.42528059864999e-7,3.787480641132585e-8,-739.4584915223295,-9.391159977798802,-72983.0
t289,13259.425189672664,0.0021970705599653508,-0.0038456587979337816,118.71708299368122,-325.98793196813887,2.056916338431333e-5,1.2999861390190172e-6,-1289.6257904254958,-16.526918318612314,-11746.0,1737.9201450869552,0.007543585590686834,-0.01748706312906494,8.19695216317041,-21.225019257564544,1.9280374032839235e-5,1.3931343290120384e-6,-694.9185491469927,-12.963605172072967,-1016.9999999999999,50.70969070845118,0.0019460461063763456,-0.02248067543740106,6.213763172109401,-16.114413410866067,1.9180950781446673e-5,1.3496776716387848e-6,734.703420335459,-5.4919455324712265,-770.0,3332.5263683464186,0.0019491918398961588,-0.022092105091273607,12.323844588342636,-31.860290440157673,1.9220312555349087e-5,1.3377154850729785e-6,-1745.2279614373917,-42.74183702206219,-1525.0,1306.9372924669553,0.0021957462897230907,-0.03325139649651065,1.3925435859910904,-3.6878039520287276,1.8299329396116793e-5,1.3303236173190047e-6,-1123.0303373209415,-7.580657114844222,-174.0,3217.7864939154883,0.005790015413015975,-0.033905125985103375,7.513404244697781,-19.46963785648085,1.9094116300973772e-5,1.3361411239933232e-6,-2250.1986664462615,-12.603497712612734,-943.0,759.4169355657112,0.001699633998406349,-0.024036109301490957,13.953464715442346,-36.05183008091848,1.962373391963219e-5,1.3858177306863219e-6,970.2894622804807,-29.58571622926394,-1678.0,5607.848440343,0.0016832470780231295,-0.03159765390298981,50.0235795774535,-128.9845923601212,2.071062427312116e-5,1.3952496267886692e-6,891.0838643290205,-2.941397588203325,-6417.0,0.255453808246529,0.0017668486332515655,-0.023780850447168152,17.013477494927656,-43.95394826889963,1.9611760175027654e-5,1.4034575430525379e-6,2033.746087861728,-15.039077354379948,-1992.0,15171.379328764711,0.003913096524394499,-0.041948793791307795,112.78228757320579,-535.8975447568129,2.0870621610173503e-5,1.3108520860239345e-6,-397.7245039057104,-6.501549068111157,-14344.0,53463.35961239373,0.005556543931991511,-0.0085248195904363,424.00915446967645,-1592.3737509843909,2.7409980905261115e-5,1.4161652223974136e-6,2870.902973876105,-46.89504782758806,-55119.0
t290,13106.033779735706,0.0020043270494756547,-0.0046128743809780584,36.51801345582633,-697.4189350358099,2.0447567096462264e-5,1.3038684836558257e-6,-1367.653477978504,-17.476788324077567,-11060.0,1537.009844748158,0.007779402946176005,-0.024793018124341062,3.6375844859437296,-15.815212805881318,2.2545995124173048e-5,1.3626333236482698e-6,-543.8841857477025,-13.931040388359747,-967.0,50.68068284130168,0.0027385844960359615,-0.030849379514830792,2.7163631353893196,-12.048331251726218,2.1464423874559225e-5,1.3542772186913841e-6,697.3900406905371,-6.710667105381258,-732.0,3084.75159381526,0.002844559674119126,-0.027047408664719427,5.563474979452464,-23.654230691829774,2.461198257770095e-5,1.3462925444617187e-6,-1575.6520026421426,-40.98465796013412,-1450.0,1262.5796245733181,0.003140614981794029,-0.04057465685768313,0.527763637086491,-2.8768787352065788,1.8589193804270488e-5,1.3395132436188032e-6,-1087.8498901435546,-7.343204601075978,-165.0,3194.0082166430475,0.0076244671487102735,-0.051245473512423784,2.323771265989227,-35.20948411527231,2.220383172773732e-5,1.338827659233707e-6,-2252.3499572186565,-12.728948610926988,-896.0,759.1080887854595,0.0023043694248707147,-0.03310787395133134,4.287721351921971,-70.0616295980594,2.5169654092742527e-5,1.345620778094338e-6,929.1791507081182,-27.482553553449403,-1595.0,5665.202516060893,0.0022959707797384227,-0.046609310868048155,15.075711781147032,-278.55770932700005,2.895660107077562e-5,1.3675817060586572e-6,699.6333841050638,-2.3096176780881295,-6099.0,0.09419057692869007,0.0024460475589021197,-0.03417135604459441,5.151383068775129,-87.4316567866788,2.6273339138197645e-5,1.3614667439122585e-6,1991.0860238979997,-14.868242653210892,-1894.0,14696.390169741135,0.003990891541649084,-0.020235826670913427,48.01253028499192,-568.5865591086865,2.079128987039316e-5,1.3124904299952754e-6,-489.78664897809074,-8.01326394949642,-13678.0,51022.09158961092,0.0055532475390175145,-0.006958419359976917,228.11554047992482,-699.2215944170945,2.7379092276883363e-5,1.4237580902871165e-6,2999.8875633069324,-48.87172012896236,-53502.0
t291,12360.69963926863,0.0020305674391186954,-0.004731788650346519,26.677026894590973,-59.6726594628713,2.0276829061528414e-5,1.3010504887395378e-6,-1813.3028264290074,-21.398495302470216,-10493.0,1551.0206829306628,0.006577188646526109,-0.012325658619581372,1.7023151236059808,-34.81112886003021,1.87775395224059e-5,1.3384024615980134e-6,-581.0753795181752,-13.830760607845384,-923.0,50.651894979947286,0.002348448704345142,-0.013629200713092125,1.271393230792897,-26.324276410893702,1.8786325194763986e-5,1.2839490902563504e-6,679.7621710789113,-6.349921624847222,-699.0,2979.524688998085,0.0023710707080182476,-0.014304381418407295,2.4973000651543176,-52.53620987828887,1.8903536961191702e-5,1.2868493165107861e-6,-1502.8204234633502,-41.65344200732598,-1385.0,1339.0908573078889,0.0026039752317157596,-0.019350855411170917,0.2975570013195605,-5.717479245699218,1.8956163371265954e-5,1.2712828964145267e-6,-1167.771530137088,-7.882677603270968,-158.0,3191.6638285183253,0.005741879336897128,-0.02187116743783028,1.588254518151883,-10.29402930676137,1.873960898861528e-5,1.29022966691636e-6,-2307.4873088744494,-19.454635035516755,-856.0,758.380283823701,0.002111886292595236,-0.013984227461137949,2.970222089639378,-14.317059565357486,1.9009523486903518e-5,1.3299100432127953e-6,809.7898395978107,-32.8114332108711,-1524.0,4307.524501883586,0.0021150614071667392,-0.017565287666054634,11.16824373325455,-24.278627874692837,2.100886503319842e-5,1.3536046613121347e-6,1536.673154016102,-5.07184193355505,-5826.0,0.0850583375500241,0.00217842916063997,-0.014019718575360178,3.6359944437095275,-15.46633202326844,1.9100788208085376e-5,1.3386347474826272e-6,1835.9986711177758,-14.241570564507118,-1810.0,13498.949016910306,0.004451417026787403,-0.01640894538444132,32.25313261329248,-164.9041853633923,2.7212083997473405e-5,1.362584336930779e-6,-150.81220011312604,-2.4738327380315424,-13213.0,50169.8226294125,0.007661118949383075,-0.006982026191446283,136.15581554082638,-570.6933484453574,2.9308538238330968e-5,1.4074545913131652e-6,2661.045832724596,-43.33163710251396,-52353.0
t292,11462.341852826883,0.002219113406011235,-0.003990822093105689,25.621738170765735,-8.258127859433086,2.0198017015062135e-5,1.305076258077911e-6,-1413.820705182024,-17.883002442700924,-10048.0,1754.004105912218,0.008699475310001212,-0.007639126675436099,1.9530337093269559,-0.059840804691760445,1.8792417654687367e-5,1.3505783273973106e-6,-864.8988470532206,-10.999531416110788,-880.0,50.62308346016612,0.003017429938342192,-0.006792749884400864,1.3694433251775573,-0.42983239702629705,1.8820231607348862e-5,1.3015038891286018e-6,617.3811981579313,-2.940136753217088,-666.0,2961.442805207025,0.002932454429039628,-0.007315478463473799,2.698568418454876,-0.9054762927589075,1.8905348592382664e-5,1.3074184480185106e-6,-1599.9832508098475,-43.24828317074035,-1320.0,1345.128093534061,0.003181261464511228,-0.008994024882196834,0.31486421741022186,-0.08828161140604228,1.8970591616034513e-5,1.2917675262415427e-6,-1186.3408680035625,-8.008014924110537,-151.0,4281.870581442367,0.006726878247846514,-0.010839910298567401,1.6509514218553833,-0.5276552261574436,1.8759538533493947e-5,1.3066041344099935e-6,-3446.906792536939,-20.08299153559659,-816.0,757.974753490866,0.0026047232867997708,-0.006796353630221833,3.057539963903802,-1.0350991151496527,1.89871783123965e-5,1.336667000160627e-6,738.2917899109008,-45.28481218986924,-1453.0,2512.1181261463257,0.0026152944688962254,-0.00760118243013391,10.851986764002577,-3.7970216120103593,2.0880973666757385e-5,1.3579105802959321e-6,3041.870854025013,-10.038979715236453,-5551.0,0.08185451468984778,0.002669514949984891,-0.0068779244133150355,3.720342746932591,-1.2736189751407163,1.9078632967581573e-5,1.3559585123134196e-6,1738.3246748074905,-13.849064658507654,-1727.0,12967.302181184748,0.007415001317848002,-0.010454340549778443,32.71395750564672,-4.600029926203125,3.0124601592043178e-5,1.3786774837624732e-6,0.591883539972614,-0.004982140627929319,-12996.0,49695.55571237187,0.00984930085193446,-0.0074825459771401025,119.26420121433488,-337.1605931977036,3.355933796883416e-5,1.4165156802757855e-6,2375.4900631442856,-39.151783687159835,-51814.0
t293,11331.027129171527,0.0022821957838447863,-0.0036751874347303124,9.088474612754165,-5.954575494493357,2.0144492725991002e-5,1.3014016828122524e-6,-1491.5922602020019,-18.567391320102058,-9824.0,1961.9989493666264,0.008578241816484233,-0.007148551415638485,0.6378382240093649,-0.7380239776056012,1.8787264915711914e-5,1.3409964215925857e-6,-1098.9338458615798,-12.966366763222844,-850.0,50.59420447852065,0.0035994972033432417,-0.0052958921656079214,0.5122039496651797,-0.24880135479947604,1.884124417190411e-5,1.294516148858588e-6,595.771307825912,-2.6272380452858553,-644.0,2988.9629111986274,0.0033694573294297675,-0.005802803670194431,1.0190876268442144,-0.4397077820999883,1.889591166729507e-5,1.295451173484595e-6,-1677.8808798431921,-35.65899755391494,-1276.0,1245.2792832983212,0.0035555787605665466,-0.007060267645222331,0.11524463165539593,-0.08725538100826587,1.8961057756668358e-5,1.2803652228814556e-6,-1091.933028481556,-7.370758940837646,-146.0,4714.8448694798135,0.007125751035157913,-0.009007221158104924,0.618287143254702,-0.29081035803820043,1.8769051239430077e-5,1.2979876789539106e-6,-3903.4111080925895,-23.759376204704473,-788.0,756.7988896731667,0.0029703924548738886,-0.00532682689640795,1.1576540522159557,-0.5003419204321937,1.8964272950092287e-5,1.327760916608887e-6,703.1379676816554,-56.591832686659025,-1404.0,1030.4827066718124,0.002937041160074157,-0.005923247163481756,4.151582986940886,-1.6011202529733193,2.0793301001855808e-5,1.3519026215233743e-6,4343.303502971265,-14.333706355780539,-5362.0,0.07777697705075569,0.0030453835033417156,-0.005429600121907266,1.412675151405511,-0.5847678562640511,1.9050126989476303e-5,1.34810742827551e-6,1681.7106210974691,-13.61394109077577,-1669.0,12989.077865421028,0.008062631977668626,-0.00923246834790465,11.823004947817713,-6.976388554734393,3.0109394537908785e-5,1.3792020743053575e-6,0.07789529537283803,-0.0012364346452545187,-12994.0,50082.79280478701,0.011067033387565277,-0.006669143362277558,57.31595208580506,-209.63523919373114,3.3499650561913584e-5,1.4173089611444816e-6,1939.749827609246,-30.22777651955149,-51840.0
t294,10616.136544923154,0.002332174081159499,-0.0034994526223908395,18.80613400631922,-9.23413821852892,2.0063917517861493e-5,1.309310893822268e-6,-825.0112776991306,-10.696111884260462,-9790.0,2179.724413700868,0.009363213892712717,-0.006230016323171784,1.2934073541257172,-1.154519632905424,1.9095587204029507e-5,1.378437445195952e-6,-1327.2838796215974,-13.58257460094226,-839.0,50.59392391737745,0.004042894502508284,-0.004286474772111464,0.9887897125781479,-0.6867368464026983,1.909815617616119e-5,1.3281517524011198e-6,586.2179462598166,-2.1136992301915645,-635.0,3035.3364632617054,0.0036572637197539947,-0.004729026133304161,1.9563172319065634,-1.4077605433371234,1.9118192130138017e-5,1.3321679049680381e-6,-1751.752930678954,-25.131037274380272,-1259.0,1247.2994594686193,0.0038351313821674655,-0.005629146345778826,0.22541285392323465,-0.17869074911115182,1.850591995403006e-5,1.3173094093682245e-6,-1095.9465587510795,-7.3978478870694335,-144.0,4737.635688715023,0.00727626222093438,-0.007741873049109772,1.1912890790977604,-0.8747453156200136,1.9013225444058918e-5,1.3284215609894816e-6,-3937.897524054899,-22.054262525775833,-778.0,756.756949437623,0.0031967253410792136,-0.004395568362899772,2.215738319144331,-1.5870125999991624,1.9394088471624216e-5,1.3703504417184006e-6,687.80524606459,-59.189742485771724,-1386.0,318.3531130891348,0.003119152769347711,-0.00488431649745837,7.8652342011607,-5.427250281273408,2.0259958773590394e-5,1.3875959754107406e-6,4987.670766308283,-16.46011780252259,-5292.0,0.0741721447425705,0.0032811249571012176,-0.004485212563653864,2.696338638996467,-1.9161969181681642,1.9328422188655057e-5,1.3954031005613423e-6,1660.6751887466362,-13.52831875650696,-1648.0,13190.556247463672,0.008797270870433048,-0.008514630571256373,24.40101812203818,-10.019634184806199,3.0120923610375734e-5,1.3803188330188492e-6,0.0632204956156017,-0.0011637428410461884,-13205.0,51713.14402351672,0.012462759608956315,-0.006226177828046685,96.16849205650354,-169.78862109941176,3.352432245038931e-5,1.4128840282596047e-6,1015.4598029307193,-12.989967407338522,-52642.0
t295,9334.344247389776,0.0031058436883424716,-0.0026017983395818112,50.263369010358375,-0.017851289305657374,2.1713441971769713e-5,1.3393196829003186e-6,593.6346888916522,-5.224978490239566,-9973.0,2282.503604716558,0.014984122097125546,-0.007060798742505248,3.5143914455449634,-0.08511633756845147,1.9837096217626792e-5,1.3877443290730314e-6,-1430.3449171605491,-10.595906796832969,-845.0,50.83712938985044,0.005950319844900779,-0.004931923598211329,2.6647316287446454,-0.07824349011216353,1.9301387501353186e-5,1.3787174246326637e-6,589.4157205251377,-2.8403768061697616,-640.0,3101.504444460735,0.005275877737791077,-0.004704270011249752,5.284435720865227,-0.027484292200994118,2.0840456765526336e-5,1.387152170233545e-6,-1812.7527188441356,-26.009270549364476,-1268.0,1126.9172096999578,0.005097202211465073,-0.005204341933970337,0.5980000262250791,-0.0251875876656495,1.814813684801073e-5,1.3566670245012765e-6,-975.9023702612519,-6.587563891619199,-145.0,4760.831879389733,0.015760492116710066,-0.007825558146893162,3.2204395382272555,-0.02621885365098934,1.960371022800827e-5,1.3683340851792925e-6,-3956.974380244417,-24.059675437544858,-783.0,757.372381428088,0.0049122075681339965,-0.004958980337853307,5.984113251862953,-0.028090675720271397,2.1257363096394907e-5,1.3875944746806263e-6,689.969768436976,-56.29814815760526,-1397.0,37.103629501642466,0.005316962927169794,-0.005108088855747836,21.410368838913936,-0.03330138306685966,2.7793688137669473e-5,1.4152093966385987e-6,5282.953658016582,-17.43459241204669,-5324.0,0.8240544171697883,0.004637885406027057,-0.0047907895006945745,7.28684319498244,-0.028690389688175447,2.176266696249727e-5,1.3994014123058273e-6,1665.0128842296358,-11.094961399901681,-1662.0,14944.21658577247,0.010574028599155478,-0.008138901821169739,64.67331960579097,-9.840207466137509,3.01624975367943e-5,1.3879684061917812e-6,-1318.3615518759782,-9.69061054281293,-13671.0,53436.59227470232,0.017131847230968285,-0.005843656715381081,247.2115769666043,-226.61161125203816,3.3571620797126366e-5,1.3724300878264775e-6,673.3492182863473,-8.552781390620119,-54122.0
t296,9508.110312052744,0.005517778880143923,-0.0020286754465984927,102.46308646867213,-0.00735467076095462,2.279802077271012e-5,1.3127932441307376e-6,670.3302853102988,-5.899838089365866,-10275.0,2129.7668538394164,0.08885558107614265,-0.0034351644524106143,7.182549782543871,-0.01035818494078026,1.901395716346279e-5,1.3395911961399556e-6,-1267.5989774226432,-3.425508033586823,-866.0,81.54476559077544,0.0804895595813331,-0.002081797688144802,5.446357176250861,-0.009153992292245143,1.8743517187176606e-5,1.3166212993470297e-6,574.6552722297416,-6.715668231004497,-655.0,3336.079653307242,0.07329559274582743,-0.0021341080221638628,10.80013921995859,-0.008933985523882406,1.952010626473078e-5,1.3227704897161243e-6,-1998.3848248892944,-49.55721538325293,-1299.0,1062.5123613868002,0.1050737013246679,-0.0024559038064869273,1.222452517968735,-0.006270457803276962,1.838885932837024e-5,1.306764239015004e-6,-909.6905845356441,-6.140595781006659,-148.0,3618.9346884538277,0.14647442940891328,-0.003943476016618316,6.581351628112835,-0.007291825762795646,1.879448857417027e-5,1.300154020856193e-6,-2805.791191400135,-17.860107394749274,-802.0,826.3051676406135,0.07999137389661608,-0.0016458029319734086,12.230608101573813,-0.008525503959512614,1.971998666677561e-5,1.3260413708267546e-6,651.0207407870465,-58.626357264989934,-1431.0,289.91032377893924,0.10315148133429632,-0.0017471005250150697,43.74142860224761,-0.008555552071077815,2.5383533030125142e-5,1.365863323238354e-6,5134.198951610249,-16.94357869842856,-5451.0,85.13150201742214,0.0804057884795573,-0.001807206589163964,14.889206122808792,-0.008438628311747336,2.0080875721203446e-5,1.3438675476243426e-6,1611.6094982047623,-9.700387293557734,-1702.0,14161.373369026196,0.09690400213347619,-0.004731906244411311,130.8023852869637,-0.01140652264729544,3.0270682711519763e-5,1.3873635607802336e-6,-361.38121844091796,-16.87533127977218,-13914.0,56430.93134146948,0.04470902114959706,-0.004897186743585257,521.4776621564596,-37.6354775268225,3.3708986592944456e-5,1.4210476741310815e-6,-1298.967951453465,-22.845420015343997,-55593.0
t297,10030.080459160885,0.0021304374934422938,-0.05848870520459831,62.91023225673725,-245.72299614216885,2.885083579025874e-5,1.3091740940812336e-6,741.3134519604702,-6.524815097543881,-10582.0,2421.962064266331,0.012523555414589866,-0.009683453012091617,11.548859215405258,-3.3805267798257845,2.004879375091644e-5,1.3584253009600912e-6,-1542.9643290448807,-4.168928072694268,-883.0,112.84905147683837,0.011210740789348042,-0.001674525827678395,8.75785583373863,-2.5617223023845614,1.9503976114126345e-5,1.3459725151259494e-6,557.7925106445417,-8.847251779306838,-668.0,3570.89908936678,0.0113643308847652,-0.0017222680464773132,17.36308510997066,-5.08517930366315,2.108355458372204e-5,1.3461213776312238e-6,-2222.8014022754132,-36.38525635426429,-1324.0,1001.2496726985696,0.011773324063432292,-0.0018013817388928518,1.9684660446057092,-0.5705177559583375,1.814287052415714e-5,1.3323960126699466e-6,-845.9472500315676,-5.710361310268578,-151.0,4088.748615303361,0.01360345574603861,-0.010548048356541717,10.58294929978321,-3.0963100829584063,1.9723370288661957e-5,1.3372285983548584e-6,-3257.6224005462545,-20.61592949294076,-818.0,550.342372430845,0.010706288067834318,-0.0016536054611752224,19.6618383861706,-5.759527061944963,2.140601242651623e-5,1.3481380174164524e-6,954.640687649747,-58.89444589655554,-1460.0,627.2739180600446,0.011206109059818621,-0.0015868602458722755,70.32340360770141,-20.626482452164023,2.7783555375647162e-5,1.3776573952619105e-6,4894.171154671186,-16.15164082177981,-5555.0,172.24604982831573,0.010768848649342772,-0.0016562707952409263,23.939050163165756,-7.014410755910401,2.202946193616555e-5,1.3675113111380914e-6,1557.8303898995123,-9.010214627169933,-1738.0,14615.387039879146,0.012807228530191797,-284.52759730749244,210.7441503706635,-60.564849484426155,2.9953976609214203e-5,1.3831333392062858e-6,-218.22996865052014,-15.821611041581967,-14247.0,56949.83930088263,0.011664977029276963,-120.16591970922401,833.8404110044406,-239.19350219437624,3.336590931118906e-5,1.4160008232076673e-6,-618.1828442768217,-10.149143227322476,-56796.0
t298,8131.7507501706705,0.0021877471275672973,-0.02348102065923301,185.14824121837643,-68.38321336733213,2.8914507685578782e-5,1.3186466637008765e-6,2959.995462219161,-31.489973269990536,-11177.0,6443.431363500215,0.0015064321335340137,-1230.3138435824944,10.2829425850338,-14.602433812635192,2.106954525069163e-5,1.3497953807281353e-6,-4278.857482820989,-21.942073538313295,-908.0,114.97792294718897,0.001303960071644286,-167.0321005514148,7.809212853751371,-11.031521716269278,2.011208073333218e-5,1.3370209189401603e-6,764.2995357440832,-22.024373653867222,-687.0,2633.2272974102652,0.0013041395555874657,-0.12199504539819779,17.38164324269529,-18.471449830821314,2.2823230294592798e-5,1.3381339216911277e-6,-1187.4206905290189,-82.59613251954262,-1362.0,659.3507896464079,0.0013900618857939655,-16.25866637983699,1.8342693831456176,-2.4417906821403865,1.7425927344730445e-5,1.3269311817869898e-6,-481.15755567895553,-5.328454080980674,-156.0,6066.232353793936,0.0016231170063967042,-1189.1277105136357,10.21302548895726,-11.899010985507212,2.0610300687501093e-5,1.3344274953054568e-6,-3982.4382260821744,-51.98207612001944,-841.0,460.8563062438025,0.0011562109663092938,-0.1393015399937996,19.969014336529263,-20.701032050879043,2.33005988367003e-5,1.3387909223145208e-6,1124.8616973634767,-83.84786442750897,-1501.0,611.0469101153956,0.0011913951759529356,-21.199821494390722,81.27496879758219,-62.92366533355068,2.7492247475855086e-5,1.3793403334210524e-6,5128.47486868364,-18.674479948634147,-5718.0,177.52138007547637,0.001178607789922051,-0.18662428482137952,24.59759350513855,-24.6693343357506,2.4262755798838295e-5,1.362876656614443e-6,1634.8676543199574,-26.13187303297905,-1786.0,16433.262115725116,0.001472674284383154,-1514.0649341926935,259.4693719911716,-172.08810302122703,2.872641934869801e-5,1.3823515656867485e-6,-526.1101333725926,-18.46981763603151,-14462.0,65214.77128871364,0.00134846566933767,-6526.935174483524,730.5061666592253,-1015.8399908992852,3.213676665748542e-5,1.4091351556468525e-6,-1156.5151298465878,-49.98853969497039,-57196.0
t299,8693.525110916995,0.002270233648042113,-0.0235908686126972,222.31534115728664,-64.3243661599624,2.9747316261511146e-5,1.3139939086257428e-6,2959.9951807850894,-31.48997341278962,-11780.0,7402.580898009423,0.034990634735543424,-2138.718583520017,12.616348591880913,-13.38487336405512,1.819974138740105e-5,1.3409109890001161e-6,-4296.099470113294,-22.02932858326045,-945.0,107.84395888741457,0.03553208064356873,-139.3087945829325,9.578345423772364,-10.103278180386807,1.7908680463864016e-5,1.3289508992527055e-6,770.0006799744243,-22.046461800099888,-716.0,2025.3474067785796,0.01797833395094902,-0.056081409204172206,21.653207550494148,-12.467842873918102,1.8703453418978274e-5,1.3339179371121287e-6,-539.2732584797451,-77.2214288967192,-1418.0,528.6406716481258,0.03724543229650604,-4.760747607635996,2.311707349548362,-1.9791924768343596,1.7374832364330134e-5,1.3231058213845908e-6,-358.1851506505088,-4.064551606348627,-162.0,7581.082250622524,0.03900841136202989,-1171.8642281588748,12.782718331887187,-8.5381684597081,1.789417571443057e-5,1.3299750539940861e-6,-5487.281959113823,-50.219640039513706,-876.0,533.2848604643405,0.018365192461128256,-0.05216813081598183,24.81504725149725,-13.656285047814384,1.8890840334456243e-5,1.3364754610024205e-6,1106.6481043121878,-89.05794346910518,-1562.0,620.749523896901,0.034574464022066174,-3.7929291375607965,96.53493562549384,-31.794991274528243,2.479577243882372e-5,1.368151520459374e-6,5292.310533264636,-19.041671582616562,-5955.0,157.96826737131966,0.02127353536993521,-0.07501608740980599,30.585113978497468,-15.644634617747899,1.922422777661873e-5,1.3386440016841011e-6,1709.8277602046119,-24.682784459413686,-1858.0,15890.807226131976,0.031309488293208745,-1493.7478260613427,297.83000530489784,-73.5952650541104,2.1608884657467155e-5,1.3300735604220964e-6,-1.8732463889431505,-15.45222349673262,-14604.0,66602.95859423098,0.02383548842943342,-7937.380850330092,854.9857480111305,-958.3825303895768,2.591142278907652e-5,1.4008690681848648e-6,-1156.0691737946352,-50.13564764314818,-57356.0
t300,8995.155362773328,0.0022576949024107973,-0.023735386166137986,266.2024408039784,-60.84151404170415,2.9793820037004688e-5,1.316003625101151e-6,2959.995134178036,-31.489973661616983,-12129.0,7408.526219022125,0.050379171736359606,-2168.4401877373734,14.933372791904615,-13.262850971159128,1.8065301131452602e-5,1.3125273315526082e-6,-4237.838792949636,-21.968157477149752,-982.0,105.9350452105008,0.042217927884910945,-123.30606575724894,11.354972190723517,-9.983703332319834,1.7961374565281365e-5,1.2876757165620821e-6,781.7866140415348,-21.8290984812089,-744.0,2181.979033599943,0.02503488620415338,-0.06138917588919967,22.29845679489129,-24.45860917172713,1.8289615134288505e-5,1.292867516147176e-6,-626.1834995750664,-79.59904586696085,-1474.0,556.0443152710199,0.03545777401990826,-22.093199389075654,2.769192896831107,-2.0455240012618345,1.7863506940629216e-5,1.2754378899170178e-6,-357.48400666871225,-9.226253952881587,-168.0,8453.622402457284,0.03492272493433091,-1269.6271932407146,13.581142969229122,-14.373407769582178,1.7800481842604254e-5,1.2855955529289493e-6,-6217.767727189977,-55.470158098385596,-910.0,561.6526643195263,0.023602950508002485,-0.06833609073498378,25.43898764183309,-27.84562460671222,1.8398825648803804e-5,1.304280276157564e-6,1152.9359866063885,-91.13729966913996,-1621.0,1455.767205832569,0.030072582072436998,-60.72003419355066,97.45539701858242,-90.16906183089516,2.2357265598946427e-5,1.3388011938166715e-6,4810.780067246232,-19.143668414689188,-6194.0,152.67552968784554,0.026654543604395262,-0.07192470488692955,30.235941220005788,-37.56403929515536,1.8547845590838737e-5,1.3037712864510293e-6,1808.7739510876577,-27.076131894095855,-1927.0,16547.477215189327,0.026672856486608772,-1824.106192326906,283.16974043040256,-286.991821069564,1.9888297796767856e-5,1.3051043250890292e-6,24.833097277225214,-15.408727503009096,-14729.0,64727.9808110751,0.02331805684574325,-7089.114257577571,972.0103888693725,-918.0791415835128,2.6017402943552807e-5,1.4047225929641622e-6,-99.83082405368188,-41.99031930750024,-57551.0
t301,9210.72639699933,0.0016547449490117673,-0.021074154282168838,294.81980544806976,-136.03242286417898,2.68590087148177e-5,1.293054858413049e-6,2959.9955936469464,-31.489976875461622,-12298.0,6785.5433974843645,0.048331601940373455,-1547.108770346597,17.615929166498507,-14.591316419792097,1.842361594652185e-5,1.3535929299741655e-6,-4210.582142509518,-21.925447447829388,-1008.9999999999999,111.71065627863996,0.039464286638617195,-82.37518679666653,13.413794232540003,-10.954525685124832,1.847490034274929e-5,1.296871102134571e-6,753.9247519357306,-21.758972927991206,-764.0,2396.973313085296,0.030591201911478752,-0.04143212121246459,26.76499906627898,-22.013158689113883,1.837740394077898e-5,1.299740949345143e-6,-807.0838133837799,-81.63051768521312,-1513.0,738.0129422936068,0.038410742472979174,-10.133475587984245,3.7055023815953634,-1.8408650011981837,1.7793417836373933e-5,1.2821079047370062e-6,-547.1738411222531,-9.60869160155713,-173.0,8980.808856148577,0.0370772570637047,-1202.3394618647562,16.22928163400787,-13.709867659461562,1.814045896970612e-5,1.2877675701196018e-6,-6791.095083768829,-54.93082010884408,-935.0,571.550759729842,0.029470226453074812,-0.043223758660457565,30.440613643428282,-25.10321325867696,1.8568031598554725e-5,1.3415912709525365e-6,1176.594608961254,-88.46903434254932,-1665.0,2200.6737329849752,0.03237552464666212,-21.940515568181556,116.6490620733777,-71.65601740242857,2.001725684408556e-5,1.3700583582002212e-6,4158.508336888067,-18.266993905055156,-6364.0,169.16997624607578,0.031786352574066076,-0.04940636988365201,35.89940493270823,-37.52464130443719,1.8468690824849748e-5,1.3595455333435226e-6,1837.583189318715,-27.110328461566503,-1978.0,17536.11461004884,0.02792064525509364,-2128.4835062094735,299.1519568888237,-492.8227273208089,1.9886116869490545e-5,1.2955116582055445e-6,-355.022414560067,-13.965854626721386,-14845.0,62181.22061097541,0.02323974187167894,-6080.732841196144,1114.0873337479911,-965.1151370730264,2.5950551021746515e-5,1.3968791463773128e-6,1824.3508145937335,-42.83404524627425,-58031.0
t302,10033.782333631338,0.0015129362216186625,-0.023525200062287133,137.72527442491594,-738.9914681653659,2.3466050548058525e-5,1.2998594376852875e-6,2959.9958301852053,-31.489977433850186,-12361.0,6891.287863956666,0.046150096419847256,-2560.5913778202057,18.311964394385544,-17.075110887174663,1.854797908329737e-5,1.3736146714570366e-6,-3285.035757453744,-20.943750903489157,-1026.0,117.48375953488238,0.04052779174394441,-100.24517983502925,13.968295993058211,-13.080076656673992,1.8534845951126158e-5,1.3188100592570168e-6,778.000861960429,-19.16820632436228,-777.0,2562.3346370630934,0.031167703538663046,-0.040229706837942976,26.53744063313168,-34.659995136429856,1.8343015934795994e-5,1.3124057867128252e-6,-930.0796215846805,-85.12341606274684,-1539.0,1133.37942232115,0.039664731581753335,-11.895100815433558,3.9853854273927465,-1.5902645494056118,1.743577295086053e-5,1.3053184966283146e-6,-937.2327988980298,-10.686324427553345,-176.0,8449.110804445003,0.038411641247626443,-1426.0289716605205,16.44940850829342,-19.084577730456505,1.8166297218022074e-5,1.3082393031460143e-6,-6014.503893453137,-54.98119887479724,-951.0,573.3006652741809,0.0300300346923347,-0.04389660655075419,29.905589104658453,-40.79188244576723,1.8749942419730853e-5,1.3685369017572452e-6,1216.7444020630471,-86.14492632128042,-1693.0,4937.415383757348,0.03279441956572174,-80.72075984260874,92.76002946168849,-236.82990737490672,2.0209638488473165e-5,1.3899008851957586e-6,1775.6937863578287,-17.351346396664777,-6471.0,185.03197506653126,0.032286054681487285,-0.04992733564410906,37.67711159454689,-41.25447690367122,1.868375741594452e-5,1.3861539628347133e-6,1858.2351795327052,-27.672167474496703,-2012.0,16641.12538782473,0.029774641579240136,-1918.5499963149796,306.7673954429012,-485.0277183254875,1.9945242146377944e-5,1.2998147972565462e-6,313.16988344250547,-13.514741981008756,-14844.0,61971.48607903771,0.023255882511272318,-6095.3066838034165,1161.822636737745,-1108.2833867436082,2.593732409481518e-5,1.399089520095849e-6,2265.01212784787,-46.75405338430626,-58148.0
t303,9375.208419526809,0.001471059460016225,-0.018662096064727556,281.296481961779,-318.99360562770175,2.3309052419453737e-5,1.3066012410513565e-6,2959.9958534384273,-31.489977604859735,-12266.0,6631.853009763941,0.050466116339707164,-1431.661136267978,16.665124928805387,-22.118221563149284,1.8481986399287376e-5,1.3716985699938688e-6,-4136.938365888112,-21.850895634979835,-1036.0,100.77404878619734,0.040634657929380764,-105.27436482534922,12.724897406314232,-16.766407592536577,1.8392674652785365e-5,1.3129146834900845e-6,813.9084192816904,-21.407245098162775,-784.0,2455.3070898304,0.027969656811637017,-0.0474483658972153,24.78172148970583,-36.09363477566852,1.826367863632079e-5,1.307217805441635e-6,-803.9190995073877,-86.05661532991743,-1554.0,1411.9775621369215,0.039953613296342706,-11.634907047488895,3.9131351912072208,-1.4082018983650366,1.7413477474777873e-5,1.3006834587767953e-6,-1214.785125696821,-11.10243247819289,-177.0,7021.4516729631405,0.038795658769071796,-1246.8819708493734,15.321925198553448,-21.462310418735335,1.8099480751853983e-5,1.3042957986781195e-6,-4753.695124016913,-53.773005583558955,-961.0,464.7152323107989,0.027021650760034675,-0.0511103314315189,28.21429448056881,-41.53840504878554,1.872008189269083e-5,1.3665936387754597e-6,1342.2210545532805,-84.58810647641371,-1709.0,5239.447613724163,0.03211252996302754,-43.51320579879337,99.34960539749454,-167.2399930032173,2.0106896022544434e-5,1.386976421763104e-6,1430.671460360014,-16.747612716996876,-6542.0,138.9786314893745,0.028930165259603274,-0.06011533697101082,35.24599190960378,-52.096109335475035,1.864845840311715e-5,1.3829084030240676e-6,1934.4135792487962,-27.51092756346108,-2029.0,16624.60081114536,0.0300922164174906,-1843.209832593861,286.74943267008246,-529.3961400538602,1.9882253480281826e-5,1.2997950072072628e-6,296.0953437945392,-13.869722382462554,-14821.0,62892.53292550732,0.023292096969696828,-6549.277011986331,1054.6170217129732,-1387.9947260103813,2.592991321674934e-5,1.3995122755900542e-6,2132.0320044324867,-46.93353016084467,-58095.0
t304,8259.90510976716,660.055293267221,-0.0018400411639855844,346.795627126269,-26.260919368195264,2.703415934510372e-5,1.3050221667380663e-6,2959.9966888280587,-31.489982774788427,-12169.0,5655.453039463652,0.04097875630043199,-367.70276108506596,15.600435932213792,-31.84260905195508,1.8383153074863698e-5,1.370449386002432e-6,-4211.743192317671,-21.805910133322783,-1038.0,62.68440925144084,0.03843894434330246,-80.032375598957,11.802939093829659,-24.545964618082884,1.818823343059796e-5,1.3105151481314581e-6,837.7557048071891,-21.70316904776835,-786.0,2898.530034592553,0.020970343642394758,-0.08155299454432653,23.81040198898288,-46.40746660651649,1.8183203231296502e-5,1.3062929237587411e-6,-1237.2078482399918,-81.6645559963156,-1557.0,1437.717385961524,0.03830496287872871,-16.66959442886085,4.176076809261204,-1.292641114104604,1.738195199982031e-5,1.2998858145782887e-6,-1234.9529418539153,-11.016606474903895,-178.0,5851.004334093727,0.039220164454848834,-1221.8018108086235,14.869670533066257,-29.488822800949258,1.805225017210885e-5,1.304390484485607e-6,-3600.2909412694944,-52.331666903187134,-962.0,320.11994481820693,0.020148133889504743,-0.09080379847464852,27.94686911380631,-52.58609083306554,1.8673782393904874e-5,1.3665697279919914e-6,1498.6383056822929,-82.04839192198351,-1712.0,5478.967720663966,0.031323251683209354,-42.125511227690176,104.93617415741457,-155.30914279223893,1.9941166855874164e-5,1.3857106083119462e-6,1184.1371700840605,-15.637753469276184,-6555.0,33.90401821434793,0.022134837613392452,-0.11259059392210947,36.77524744179825,-65.48480115605108,1.8588524647345403e-5,1.38210129194512e-6,2053.989220422393,-27.093248518947632,-2032.0,16302.46714146778,0.028873218079814182,-1574.7578249463586,320.61301340178215,-397.0732772011134,1.9731645245734133e-5,1.300160243691583e-6,435.01226722466123,-15.290208206408211,-15071.0,65580.32277458813,0.023497306818311383,-7428.57663313511,962.136026696608,-1984.364305008987,2.5959074295985688e-5,1.4012224581639093e-6,1314.6655666324177,-44.206951505179546,-58400.0
t305,7102.490400343148,1829.997966593803,-0.0004907708093981772,387.0073976830816,-0.0010585440519232357,2.4304009239796224e-5,1.3138020988203078e-6,2959.9957398476204,-31.48997548208061,-12248.0,4203.958488424181,0.02461011328461954,-0.05105410218815777,19.611318974190972,-19.593462944191035,1.8941156794620423e-5,1.3300454850083732e-6,-3148.266292467381,-10.683627059951244,-1045.0,50.58225817222188,0.023473368075786122,-0.004217010631970969,14.911044642578482,-14.893271165484988,1.859818001921263e-5,1.3058789223060695e-6,758.6061940621312,-18.22550091917014,-791.0,3407.7944579710315,0.01614719348147283,-0.004294226900348872,29.50344160696261,-29.485924112453727,1.9684499101841954e-5,1.3119827521876684e-6,-1788.192950118355,-52.63089825504038,-1567.0,1541.219049287481,78.86277016978423,-0.0007425446028864522,4.601365513459175,-0.000794141816384875,1.8140690043119042e-5,1.3052804782762138e-6,-1435.988489653867,-9.693177119457195,-179.0,3403.341636510546,0.008344669987289213,-0.022771752527776457,19.038417126103564,-19.028729378567007,1.879044580173645e-5,1.298049660022207e-6,-2405.078785514862,-30.258130780250898,-968.0,65.35564349287272,0.005239413496131817,-0.004281705751816976,35.18561399739975,-35.17592641145126,1.9906527336822218e-5,1.3297769307463507e-6,1717.6467300443762,-60.01303891706637,-1723.0,5648.134884152006,0.005574164574734304,-0.004610979610378442,126.25960251986487,-126.25029051367986,2.6309138076229515e-5,1.3516796116803262e-6,952.9949561757486,-5.1401412384572716,-6596.0,1.2215929033901887,0.016178369839578093,-0.002467637937675662,52.46472533455406,-6.937974572691827,2.0574954781836553e-5,1.3190412375633182e-6,2020.5058036934233,-22.267879482997476,-2045.0,15366.73918528711,26.4326926439156,-0.004632523169695471,409.6728132318383,-376.41482177071794,2.1033376690600343e-5,1.3007264509729947e-6,749.4836230691003,-10.908876275998528,-16165.0,62691.65517673028,84.42854937479058,-1983.8643362087382,1302.308404339624,-1190.2383140021152,2.7135407888979737e-5,1.4010106481100608e-6,-381.7065291379355,-12.582976761278044,-60510.0
t306,10645.507109906637,1118.5883877546205,-0.002175980079057973,366.9533850996353,-58.13749541859533,3.0387825036383056e-5,1.27586399397535e-6,1359.2980804602757,-24.20731882497888,-13408.0,2065.855338354626,1467.0454656193199,-0.01086720748237885,21.548543764410745,-6.9834277028681395,1.9145842018961273e-5,1.3762074384849002e-6,-2445.8482642853974,-6.606808193932625,-1095.0,50.306327964951045,116.13577304075892,-0.002618924590488995,16.422790376316662,-5.255428518225495,1.8887255314845502e-5,1.3125176437953985e-6,666.4507451462158,-15.057607853522478,-829.0,4408.895216504948,0.023740755142940207,-0.002866678776024602,32.52661251770125,-10.278969912752189,1.8916941306494634e-5,1.3044574225137592e-6,-2702.0383638070057,-86.1253879217479,-1643.0,2221.310215253396,0.001317857526556735,-78.84180266931686,3.1778424700766505,-7.105715476454872,1.7201191811775383e-5,1.2963118085217488e-6,-1937.4639886815285,-13.077885606509245,-188.0,1522.691371413742,1166.7199421499997,-0.0033950481615550314,22.167910062046513,-3.791245309690511,1.906172372522848e-5,1.305217639895047e-6,-1643.846397704287,-48.93820446393392,-1014.9999999999999,17.17096117253205,0.030153701535330403,-0.0019452910976539384,40.991406831548225,-7.01584875283009,1.9691425758355646e-5,1.358095858062835e-6,1824.8681530937404,-69.04290101698079,-1807.0,4236.716642265157,0.041408531050566307,-0.001985849553964592,146.54909040457886,-24.979308204472733,2.1001269710118217e-5,1.3805836149797361e-6,2565.1341902934596,-10.460057824742332,-6913.0,0.023200764252259674,0.08870974643257915,-0.0019451385793524993,51.31855727352798,-3.28240095766222,1.9635165436102305e-5,1.3566971810707034e-6,2124.534449610376,-27.68059179686344,-2145.0,12662.964850022967,2590.09327845596,-0.0016285199316304756,505.8779729765157,-4.419601186855548,2.9216197092665925e-5,1.3591941292318385e-6,1919.9970846685226,-19.511984636428068,-17655.0,62420.47816199771,2910.179989740387,-69.72509271702597,1467.4677602913475,-421.4109168325615,2.9264687208249395e-5,1.3942895248744176e-6,-1731.0856887943708,-30.904241726349017,-64545.0
t307,12569.675335128572,734.5469978408312,-0.0015588614277070297,480.6243176336063,-49.71960729142048,2.0930004330114573e-5,1.3131486995550625e-6,848.4352378089927,-22.560739266477185,-14561.0,2202.157351796468,1645.079275100751,-0.01082896516504446,27.001752177314284,-10.573258906538264,1.9156323346812817e-5,1.3726152229304163e-6,-2663.4605046355337,-7.193806226743495,-1193.0,50.30641929990893,79.35436917544682,-0.00259973021283635,20.53089594582947,-8.105434902984122,1.8872755009502866e-5,1.304480205297554e-6,777.0694499801917,-16.153118513740488,-903.0,4398.041615420776,0.015078893532336294,-0.0030306910772664266,40.83321203992613,-15.420863347943927,1.8910640104804296e-5,1.2995349799266313e-6,-2546.9346753127297,-87.53135553482319,-1789.0,2156.541139179004,39.273474407240826,-39.515152539130185,4.272525523664219,-6.030126363353347,1.7261967332619425e-5,1.2887079953264538e-6,-1937.4639914937259,-13.07788561959776,-204.0,1545.4950748406159,1485.2344644135883,-0.0031206995107513754,29.346512579280553,-0.024242115094140614,1.905764997905196e-5,1.3024143263624269e-6,-1903.8437581399078,-50.204949773523175,-1106.0,17.177728777658697,0.08221523670200652,-0.001794258171909149,54.36058597142507,-0.02847760401925793,1.9743632409026768e-5,1.370057121098693e-6,1964.2991890821868,-68.889467534146,-1967.0,4193.266879641751,136.31324603277457,-0.0018427101291417078,194.61905736897302,-0.030166530741788884,2.1120987729604397e-5,1.3822543989482621e-6,3018.7898478692546,-11.95704217843185,-7531.0,0.023527423419065524,0.07169038970518699,-0.0018424933693117398,66.29262765039468,-3.7026539081750847,1.974426396025143e-5,1.3800380146300455e-6,2302.3086169071044,-29.991986538400322,-2335.0,13363.09921211383,1959.2206505931026,-0.0012976702998108657,588.6934474923713,-4.497276409226736,2.211059328183265e-5,1.3090306976011566e-6,1919.997230256662,-19.511984701705767,-17807.0,63365.766543868645,3867.7285143094277,-49.41175414900008,1692.7149287577795,-505.79992239521346,2.731810732936719e-5,1.4080990431840485e-6,-1779.1966423224944,-31.801694339677763,-66560.0
t308,12653.020238002618,506.29451248801416,-0.001585690110372292,491.3457163684774,-29.30545251753403,2.0975921196925763e-5,1.3128178435980713e-6,864.5725404753426,-22.92598617547692,-14463.0,2240.9727418552197,1803.0570495111058,-0.010735397737420958,28.069115887731318,-12.554422956375218,1.9160659199882515e-5,1.3714513165383309e-6,-2852.828664672091,-7.705103890466962,-1199.0,50.277944198145725,73.13078792719385,-0.002557691447551766,21.32643561165026,-9.6993610723062,1.8870739064914994e-5,1.3031686780056143e-6,790.4670004803473,-17.500268195815806,-908.0,4167.491459339334,0.012941863759026888,-0.0030808346760930697,42.55194307627053,-18.031424681398693,1.8911895249105814e-5,1.2982641750718276e-6,-2303.3944812818136,-89.62737601310124,-1799.0,2167.1703971068837,33.975542837045005,-44.841004532254594,4.5214624478639465,-5.28453403715507,1.7263572572766862e-5,1.287624483477701e-6,-1937.4639951004074,-13.077885628638926,-205.0,1543.2315776625264,1322.455720881921,-0.002989001013122847,30.263186137378295,-0.023785348371033195,1.9053165619996323e-5,1.300668074411294e-6,-1734.5822395937932,-49.3414896270745,-1112.0,17.184120314113965,0.10815113843704123,-0.0016842061257591001,56.06650384332946,-0.028003607112697955,1.9749795492228964e-5,1.368446389089356e-6,1970.7977349608896,-67.12684277621989,-1977.0,4468.642049999682,95.32820472148877,-0.0017298663597938493,200.70244125889423,-0.0303929221411384,2.113097670026548e-5,1.3816763814021135e-6,2816.6493907232143,-11.289984428933598,-7570.0,0.023562027517260182,0.1302349524869835,-0.0017152673925358668,68.36671398150814,-2.9453357433285654,1.9749226887586715e-5,1.375837654246171e-6,2312.5516362344715,-30.12511675531742,-2348.0,13659.314906056163,1500.6751912812579,-0.0010568071772443248,589.8585204970666,-88.33288391407159,2.210680153861693e-5,1.3101929121743525e-6,1919.9972895147732,-19.511984954658878,-17562.0,64084.12372012342,2921.3669689364606,-51.309286499001935,1736.0311140810775,-576.38446832582,2.7326494983264435e-5,1.40839854276047e-6,-1846.7662117409322,-33.06186286491367,-66234.0
t309,13037.075563153927,0.0068824262312897865,-0.0018785798478622117,426.1580635628047,-385.14864930077357,2.091694895744891e-5,1.3021558653857512e-6,933.6524705483076,-22.742468789378286,-13989.0,2236.2629726496366,1717.0684903502247,-0.01073295909353682,27.089810934105312,-13.129296170641888,1.9201956420427636e-5,1.3640914315448666e-6,-2783.762611745872,-7.518652754865038,-1176.0,50.24945164191587,86.74844748596152,-0.0026160343904152606,20.586575728854424,-10.15685894518823,1.8937406207059795e-5,1.291913133921449e-6,760.7020984648747,-17.127117139656615,-891.0,4196.663547116109,0.013084488385137124,-0.003112869104987947,40.73529930985682,-18.785948303191176,1.8980887205365575e-5,1.2864518993642464e-6,-2364.5906416389894,-89.03224669290313,-1765.0,2156.5214254986763,37.273177674078156,-41.55081347512323,3.949338814516092,-4.651270942687217,1.7314277822980642e-5,1.275767621306046e-6,-1937.4639889020905,-13.077885612612565,-201.0,1520.4718173639176,207.62373957876645,-0.0037618311149080837,26.2249003739908,-5.381461837875555,1.9055717447863942e-5,1.2879629847279276e-6,-614.7600199837224,-43.175232540373074,-1091.0,17.18994554091004,0.01621118739966445,-0.0019842004023263465,48.58936155993717,-10.026402696782514,1.9705080450325287e-5,1.360956756846382e-6,1941.1997515071832,-56.96690317862448,-1940.0,5604.871181237508,0.018061078397884393,-0.002025617690100693,173.934303556189,-35.86426573897496,2.107982560016994e-5,1.3741631362681368e-6,1693.6267958020444,-7.584070773034879,-7429.0,0.022363082653164914,0.02360247901805404,-0.0019014508819057711,59.24717297976308,-12.194006845971524,1.9714767798657682e-5,1.3655312934162485e-6,2285.4882808964453,-29.585531666203334,-2303.0,13618.47430422792,1407.2933236654983,-0.01856253992637994,491.70823244831695,-167.78612699439788,2.122656210489339e-5,1.3003311898378859e-6,1910.7731233662976,-19.44431160895928,-17241.0,64124.3142710999,2329.3530827241393,-52.97705335239621,1531.2352959105233,-600.4069412106857,2.7285248422985545e-5,1.4023102421563447e-6,-1824.8652583144794,-32.65342312520697,-65474.00000000001
t310,13594.513082267868,0.0015578696694969248,-0.019576968425159186,370.48639242093327,-421.6014883152037,2.064376959078634e-5,1.30212777432937e-6,-72.16153847907425,-14.218445503342856,-13457.0,2195.2161806260515,1081.3070769951516,-0.010625638606820139,23.674523469544866,-13.0042586943949,1.9208088564222416e-5,1.3647385176812052e-6,-2130.428211641266,-5.754704819810389,-1151.0,50.22093235280043,94.76496096892417,-0.0025732210440420626,17.992205414728897,-10.1041295562169,1.8942656258601246e-5,1.2922875904708404e-6,730.5316939719473,-12.403108734423006,-871.0,4182.131311768693,0.013181305405501255,-0.0030787950570634174,35.61365069618684,-19.02640153659862,1.8985507690522782e-5,1.2868942396357879e-6,-2397.884868592671,-74.8438134392034,-1726.0,2158.0349727906973,34.4737050480654,-44.35360832159381,3.5131956324931926,-4.126409590473366,1.7301607118846017e-5,1.2764086417746733e-6,-1937.4639868873105,-13.077885605303363,-197.0,1498.8512538305508,0.005178329089863232,-0.030977103726717685,21.40400146155238,-29.439778494207662,1.8863240182793944e-5,1.2873048612548376e-6,-395.0032589813737,-28.78643772771866,-1067.0,17.19421870711656,0.0019618467994725586,-0.02029164550822428,39.69184360135874,-49.958100569066296,1.9509016789912236e-5,1.3603280007940378e-6,1946.5539314153882,-55.46358343984791,-1898.0,5738.013376984495,0.0020139719376861525,-0.023403289937385382,143.75976887415928,-130.15291219971272,2.0836602793242877e-5,1.3739224591699018e-6,1521.416846412128,-7.015710966511823,-7266.0,0.018336541559140423,0.0019999233063810714,-0.01687220355842855,51.705641185899154,-60.08373985362497,1.949232101316636e-5,1.36437007152249e-6,2291.222750655053,-29.848136550318046,-2253.0,13596.153815469821,958.9993887977595,-0.005906342897429446,433.64133584750573,-288.26865086260307,2.114238959791826e-5,1.301324615246879e-6,1919.9919524928707,-19.511952752992507,-16601.0,63808.46922329582,770.0866921982828,-54.220591896165814,1310.6857562698456,-635.0842860050645,2.7235860964704203e-5,1.4030510231476373e-6,-1476.7753103656912,-26.16150970016713,-63697.0
t311,13534.287287563944,0.0014830067990691362,-16.938342392310112,287.09525421405516,-414.5494267848998,2.0522972562911767e-5,1.302907037622972e-6,-664.2601287877134,-8.636143410701957,-12717.0,2116.4032589622243,419.1742001120633,-0.010542799633448993,19.120118396509437,-12.220043161258523,1.921062854013524e-5,1.3654554157724736e-6,-1427.609898823651,-3.857112392832325,-1111.0,50.22094473566952,105.94418733806594,-0.002539713652917282,14.53382679680191,-9.446631983926771,1.894699236932378e-5,1.29349082449952e-6,687.1234975990196,-7.373303580797533,-841.0,4351.882474913354,0.014021347029133324,-0.003013584758131487,28.76558593164408,-18.17920755030508,1.898634720756609e-5,1.2880534807777416e-6,-2639.728989358193,-55.75089029599634,-1667.0,2128.1636994736127,45.85307718231829,-32.97602276433643,2.8656747295860674,-3.3645827633926144,1.72718178272702e-5,1.2777395578453688e-6,-1937.4639771874715,-13.07788557497788,-190.0,1492.1704853238016,0.004622186085722007,-0.015646241567073695,17.513699920744045,-23.108324025693605,1.8861429953243487e-5,1.2881653650322961e-6,-440.1463133046819,-16.41854254212144,-1030.0,17.200340819778578,0.0024411533655387735,-0.00856491927477522,32.4258394786597,-39.77782229646702,1.950917643685848e-5,1.3609215534676722e-6,1875.7602812487,-52.60253556925201,-1833.0,5738.013101652647,0.0025271565123406343,-0.009084654036066463,116.85637539206454,-116.91080530163464,2.078620040180504e-5,1.3746479130598139e-6,1282.0610290751597,-6.013163485192187,-7014.0,0.0177551422718168,0.0023134949851759145,-0.011365844876150218,39.522189344249696,-70.57136023251407,1.946588613550527e-5,1.3643896601826317e-6,2236.576145002223,-29.535697181637403,-2176.0,13609.67935523075,187.33449513198266,-0.0037832426584598175,338.9634659729294,-282.4538299167791,2.1039694540146264e-5,1.3021854880335096e-6,1919.9922335334597,-19.51195395899692,-15754.0,62606.89403797516,176.29764610280478,-62.91387691792312,989.0832593373796,-1548.7961208737197,2.7151378522581004e-5,1.4035607496853475e-6,-892.3038789968521,-15.261092695452682,-61253.0
t312,13433.994297193634,0.0014672672966273563,-610.6625580530733,207.4949697016079,-560.2389787321716,2.0391790233838606e-5,1.3041143532172843e-6,-679.751709824079,-8.837504007230404,-11782.0,2004.3633869653074,52.12816558566579,-0.010669819844355284,14.382535558963397,-12.198252764780332,1.920454115211053e-5,1.3657195251364e-6,-1000.9603248350231,-2.704860391072474,-1055.0,50.19238570959822,46.001815758309945,-0.0025914045198883458,10.912579213542102,-9.103898621756954,1.894546645363574e-5,1.2950407759249923e-6,705.1088793463894,-4.109188810411065,-799.0,4502.6487610273525,0.015530078394424258,-0.003001610030798086,21.607511948124632,-20.135049322886296,1.8980536027341154e-5,1.2895800793808588e-6,-2875.82022427983,-46.31354643261654,-1582.0,2160.537817638286,25.589857237335398,-53.24077325693004,2.07044763973695,-3.415510894855714,1.722983013133612e-5,1.2794821746680637e-6,-1937.4639696778618,-13.077885550683893,-181.0,1501.2571798001852,0.0050889518780310745,-0.01218828951313717,13.19298654533256,-20.17169566712096,1.8853781865228706e-5,1.2894261026432124e-6,-504.5318983155531,-11.739491698727873,-978.0,17.209797880286224,0.0029026311408473222,-0.005754939989071957,24.458495623440477,-40.45856912467688,1.9498038612188766e-5,1.361417115353042e-6,1788.0466845976825,-49.25357674189968,-1740.0,5675.627135541757,0.0030301765348492555,-0.005977017318169142,87.5696422132499,-178.6085428008344,2.0699588464724587e-5,1.374895664279281e-6,1077.0897266259278,-4.6750348179603,-6657.0,0.01755937755654814,0.0028064069007787264,-0.006625421492128518,29.819594623064415,-69.31131974418092,1.944329626139837e-5,1.3641003234547364e-6,2135.936161792964,-29.458197287207756,-2067.0,13131.653001067332,0.004388603229143571,-0.008760138565120784,235.01636396679848,-585.1377847402671,2.077875871374126e-5,1.302626575535351e-6,1919.9846824304045,-19.511908178516126,-14682.0,59782.948591190645,157.86354314953454,-64.38355373225109,706.9111284447094,-1569.3764452195715,2.704182444230299e-5,1.4042495280864286e-6,-627.6380078610209,-10.325281929289831,-58376.0
t313,12807.348920916102,0.0015052496585164776,-1675.509843153805,60.41118966165813,-354.3766740764749,2.0268289973550976e-5,1.2958790891393083e-6,-111.4258417792683,-1.449273147925659,-10725.0,2006.794623002385,79.36692492650123,-0.010594323882454367,4.300479423279969,-9.633331688802171,1.923135780745154e-5,1.3603384551750861e-6,-1096.8543941561386,-2.9637269055450264,-981.0,50.16381649854168,72.50854854547833,-0.0026083988852326507,3.2611245235364534,-6.862313416906891,1.8995836555205845e-5,1.288649238894766e-6,629.1159175054466,-5.184504110054361,-743.0,4500.113052239276,0.02319120954295454,-0.002842262508911993,6.470707045897123,-16.808712834641305,1.902052774041734e-5,1.2825028356748189e-6,-2969.6189563937623,-48.17645762809142,-1472.0,2131.4134461363383,34.063014291700114,-44.76868793752779,0.5695356453068136,-2.735480479584684,1.719606329050227e-5,1.2724118468327559e-6,-1937.4639589548353,-13.077885525246614,-168.0,1509.4582179014099,0.006285535366686532,-0.01003903519166449,3.945389930158497,-13.388196789322919,1.8891123980058695e-5,1.2817938374528231e-6,-575.1797178308116,-14.831958423656681,-910.0,14.0879421184687,0.003866944715978088,-0.004077852079018899,7.327290340363307,-29.35783396492403,1.9479714854474966e-5,1.355925665382111e-6,1679.4372434589575,-52.49445109565339,-1619.0,4774.577205334821,0.004103407984496758,-0.004167702134287192,26.239189891601374,-147.84840148906105,2.0584601495433097e-5,1.3689354373837742e-6,1545.0491406554006,-6.017090054315063,-6192.0,0.017385433112092074,0.003722226937171405,-0.004444995953271144,8.929136148238623,-43.36445083605625,1.94246878582473e-5,1.3569826654995777e-6,1976.1400901909994,-18.721458394039573,-1923.0,12749.310195212365,0.0031123234946125204,-0.030980050777789807,68.14172083522303,-552.1370620404579,2.056564798228757e-5,1.2960067354425808e-6,1475.9614388013608,-16.24844185021155,-13725.0,57348.12106494006,174.1464459052294,-65.6866664135214,234.7540172878183,-1297.0810915814384,2.687435409810382e-5,1.3986058186705218e-6,-615.1609614973493,-10.092834465278907,-55769.0
t314,12378.32177776041,0.0011731007009036444,-1829.9833091089342,40.58205412121793,-392.25476847743744,2.011003772190124e-5,1.2973082325998563e-6,-286.9359460456563,-3.730997519590085,-9906.0,1959.7073426772758,0.013871191417336483,-0.0517853198864335,2.854071153222651,-26.25865400377854,1.9197883729091824e-5,1.362160848788931e-6,-1009.412938759176,-9.851926629597106,-917.0,50.13519911759529,0.011524605348329362,-0.0033191780724813142,2.1881942494542397,-19.93974183218012,1.8964436761132005e-5,1.2923212937386385e-6,664.1548420976825,-2.5467178849188277,-694.0,4478.929558462828,0.006175711429588009,-0.004168284716923963,4.368401232072628,-39.39785433488996,1.897874683099584e-5,1.2860235985821265e-6,-3025.495009413284,-43.407121959358925,-1375.0,2068.6894743470502,59.57859506809507,-19.25247462995588,0.39021084001542644,-1.8640048392318602,1.7113575313593525e-5,1.2761311318758438e-6,-1937.4639320962299,-13.077885434919063,-157.0,1500.6167085906698,0.004807618365250036,-0.05034266502436314,2.6603908959032814,-24.099851611724706,1.8844287361191738e-5,1.284927761440762e-6,-622.4954434843295,-6.636288007372299,-850.0,14.533513198131628,0.0029231202425109596,-0.0070354190692379324,4.964658471589535,-44.53142240186566,1.9431530378720507e-5,1.3570107848167893e-6,1584.1966110127573,-46.15926798471974,-1513.0,5196.786067036675,0.0030655334242753384,-0.0073981159952932595,17.834697964164377,-159.33749075384156,2.044301980502623e-5,1.369777832939915e-6,730.9759009692265,-4.2548624483355155,-5782.0,0.016821130406336267,0.0028939135955700114,-0.007646575066620551,6.056500288926134,-54.29177267501356,1.935912234318131e-5,1.3579750250433417e-6,1869.8787450038044,-24.655561248710406,-1797.0,12684.452449968849,0.0030391470204971013,-779.0923195055955,36.85524587599603,-605.5469795408077,2.0474072745566868e-5,1.297330581940226e-6,1919.8387591420078,-19.510211766775292,-13237.0,54998.62656101491,179.68645828187448,-64.87796667585222,144.8098872288785,-1019.1432303478591,2.6798937607666603e-5,1.3999569123016944e-6,112.75841157319778,-18.860146773210456,-54333.0
t315,12152.223609555173,0.0011112368672761429,-1829.9871456168776,16.331765261779903,-316.1539181082299,2.0030568877896853e-5,1.299191462633113e-6,-594.6844673139559,-7.730971111212816,-9420.0,1927.5038497433936,0.013601530278514816,-5.468977781600919,0.8892421040871717,-27.630903256734804,1.9194818210224552e-5,1.3622437842589973e-6,-1009.581880963528,-12.724951063430119,-873.0,50.135133632695734,0.011117406412218056,-0.0033723116835090287,0.8311604731153681,-15.909585450329718,1.895996770122605e-5,1.2928638524602854e-6,628.9033475777223,-2.9678200846744702,-661.0,4509.099334981171,0.006447134822865633,-0.00409750416223812,1.7007941140718443,-31.468717772170024,1.898019227131039e-5,1.2871499724701435e-6,-3118.7470532911093,-50.586726187533685,-1310.0,2144.392317459468,18.005654049561105,-60.82673540206268,0.13736860462180728,-2.1668266817577724,1.7072164472271982e-5,1.2770485860086464e-6,-1937.4639093110834,-13.077885359005123,-149.0,1500.703948036199,0.005250318603463245,-683.4739952021467,1.0397121793035808,-19.205938425897404,1.8837323596379323e-5,1.2854635146284987e-6,9.983407772301534,-0.05240327192408459,-809.0,15.93072716478914,0.0031518544873291917,-0.00648291421216498,1.934197142802168,-35.66749579595539,1.942810189723007e-5,1.356980259506244e-6,1493.0300540659891,-34.22417151735554,-1441.0,5738.011600070032,0.0032448400290647885,-0.007146524867744893,7.152979877567509,-127.59915607507078,2.037322456548745e-5,1.3702721712566031e-6,-108.30019725898555,-0.26134467464308464,-5509.0,0.016520397054273963,0.003059257404193008,-0.007407262304828068,2.3735685043299983,-43.51204293227223,1.9339209274364963e-5,1.3580631625824238e-6,1780.5275763837285,-27.401294490243423,-1712.0,12678.44041583678,0.003234785290121206,-1217.874255959496,15.015420867759776,-374.9313985878347,2.0445396316961103e-5,1.298900421334494e-6,1919.856787991995,-19.510221588253685,-13001.0,53529.85223084761,192.65692850852227,-63.89449911958143,61.580175802732676,-763.1583465309066,2.6778230273258723e-5,1.4014923304258265e-6,936.4763343469255,-32.51284952787669,-53861.0
t316,13014.331899018247,0.0010689540600579532,-1829.9893779143931,20.73722536924584,-250.06189579381834,1.9988641940442327e-5,1.301634595329038e-6,-1747.5988370084265,-20.420098665563394,-9187.0,1882.7795950886673,0.013353873745382657,-8.670103848901592,1.3675477786278387,-14.978462204247055,1.9193138375362303e-5,1.3635331927247905e-6,-999.8126423761166,-12.699307998903533,-848.0,50.10649797497249,0.009997763868927277,-0.0034153842444627673,1.053945114139887,-13.224669768088782,1.895626791709227e-5,1.2967986479901653e-6,606.9417465821678,-2.884121039794162,-642.0,4476.414967311375,0.006601619922769242,-0.004109169440117208,2.1045274654954746,-25.755116040834228,1.897850107965297e-5,1.2912246271593543e-6,-3118.1318616255,-62.63502808712365,-1272.0,2106.228051813744,34.80755551371276,-44.02578160425885,0.19091483554362834,-1.6589527597457172,1.7033451053581652e-5,1.2808178565154522e-6,-1937.463919020051,-13.077885384294463,-145.0,1477.1120050155284,0.005464296774846362,-1166.6411125916243,1.274386252711299,-15.959566236845038,1.882438764650403e-5,1.288965231899648e-6,494.56341619436586,-4.35461151896952,-786.0,16.012780157504285,0.00345893354146588,-0.005576893571504683,2.3965123909367496,-29.138073308087034,1.9430972578232623e-5,1.3584532987410393e-6,1443.4881196478639,-32.75724093145119,-1400.0,5738.011284542355,0.0035381353373576587,-0.006260103072006284,9.354010569181467,-101.17629494754345,2.032839533417069e-5,1.3712464358028232e-6,-296.47365243872287,-0.7126454613938561,-5349.0,0.016273892965823614,0.0034543194343106443,-0.006076212314945343,2.938622745879753,-35.37207469804451,1.933140307399568e-5,1.3592739709950503e-6,1724.7650147923696,-28.345234975479507,-1664.0,12763.98201942262,0.0032974760020590007,-1348.8547717130768,23.158412007510268,-244.63724454131494,2.0455085321565998e-5,1.3008101212742062e-6,1919.8584298925487,-19.510159208043046,-13094.0,52760.490218101455,208.67396038392476,-63.71708845846172,75.84297129491631,-568.488179077724,2.6819848410433594e-5,1.403754501129142e-6,1909.8641853595004,-50.66609339708909,-54272.0
t317,13480.045365090738,0.0010874426590016706,-1829.9892762497047,17.88338089215416,-207.15186201149098,2.000713681450227e-5,1.2954464388989762e-6,-2302.3418033584658,-24.446907873988323,-9134.0,1869.4287175521677,0.01972448464982272,-13.696408245142427,1.4097170112580033,-7.748263355473684,1.921599225564301e-5,1.3609613010242144e-6,-999.714302118727,-12.699205036199078,-837.0,50.077849283915015,0.013174063362693514,-0.0037533448888329565,1.032986668636561,-9.507267089848307,1.8999982398573608e-5,1.2950039065812373e-6,594.2111819915799,-2.8241903716509285,-633.0,4539.266396360694,0.00830564955368051,-0.00409847962396694,2.001607893526298,-19.637950713712844,1.9014332174092582e-5,1.2890702849836118e-6,-3203.4421732424685,-63.192106027567505,-1255.0,2096.014565107181,38.63687463153697,-40.19678605448581,0.21180279210294475,-1.1246660275871976,1.7041751378155677e-5,1.277838514146024e-6,-1937.4639216647172,-13.077885394697276,-143.0,685.797926182173,0.006676321678924536,-1166.6480138501033,1.2411934441237937,-11.493633671622847,1.8855098891248514e-5,1.2859575148715314e-6,1277.3384273159832,-11.242594355884114,-775.0,16.221186490055167,0.004492571273849398,-0.0046828858385952535,2.2895268556478503,-22.38973119983261,1.9435667308801708e-5,1.3550966865823953e-6,1415.116580926647,-30.23739276315477,-1381.0,5738.010924262397,0.004129612553097343,-0.005989736305354984,7.591049918096584,-102.26940411598407,2.0316497011380812e-5,1.3674675215219752e-6,-368.4294075205795,-0.9013221075143844,-5274.0,0.0160397279440965,0.004572477397264204,-0.004582634859560099,2.7739683675254794,-27.6755621138715,1.9340997497497458e-5,1.3556383825518607e-6,1695.0221514750071,-28.136607440819372,-1642.0,12791.372394263226,0.003350178783436572,-1144.1302712866277,23.2068884383341,-117.8050293711429,2.0515837775097155e-5,1.2962677031216723e-6,1919.86288220358,-19.510231146586484,-13453.0,53888.49398849084,266.8723785893757,-65.27275867964974,93.59768245378172,-383.8657454587707,2.6874633646847178e-5,1.4004268153617838e-6,1909.8403839921605,-50.6659551383134,-55659.0
t318,13414.411993952986,0.0010835660726369381,-1829.989624917118,45.6762275782701,-60.02055927754904,1.999005607698254e-5,1.299269722996564e-6,-2207.3192313384134,-24.75990562923327,-9338.0,1870.9951739808957,0.01943353075364849,-16.053237508460462,3.502880660781846,-2.9142534105906828,1.9217686442007866e-5,1.3624709017724922e-6,-999.8504836385148,-12.699533325498951,-843.0,50.04917714940143,0.013979357748771683,-0.003232002331350894,2.526216325789526,-3.6104663646402377,1.8994984894069774e-5,1.298906888650881e-6,591.8366608740388,-2.8123540733903134,-638.0,4514.020885439569,0.010247597619439757,-0.0034860486695798766,4.97721552476189,-6.995637197031541,1.8992887426215165e-5,1.2938980599992976e-6,-3183.9360685747397,-63.07317522164005,-1265.0,2101.2359991369817,36.12611982540484,-42.7078126158587,0.507625045097146,-0.620135469009367,1.701262948745437e-5,1.2816998851655272e-6,-1937.4639270350715,-13.077885408268257,-144.0,1081.011164242718,0.008223980374419617,-1166.6567654929104,3.043760724852791,-4.5079606228783,1.8825481831082696e-5,1.2893220167156472e-6,875.81120477389,-7.709646125914491,-781.0,17.246318539306948,0.005896403998714962,-0.0035832023167324464,5.606343550628277,-7.8266349721972786,1.9445895893585857e-5,1.3563012866369214e-6,1412.9924932252593,-35.02085356125281,-1393.0,5373.54009245256,0.006123122546660132,-0.0038566403184125833,20.09270525884541,-10.480577291321582,2.0347153973965102e-5,1.3707919275137707e-6,-68.98751264242533,-0.1669939797763028,-5314.0,0.015803804304286014,0.0059893679077384285,-0.0037380195161173455,6.815477306179785,-9.439233877494352,1.9344093349556763e-5,1.3601658877094305e-6,1687.1739748422376,-28.568293572853136,-1656.0,12383.30834315556,0.0034944700638666645,-114.31037172998766,62.32389059672819,-56.676008162903244,2.057363040117905e-5,1.2993846082775023e-6,1919.8608123261988,-19.510177437439673,-14175.0,56110.625517298715,328.3491557035399,-68.63269312581852,216.10084701005138,-197.65852725779436,2.702411617025311e-5,1.4061429058980447e-6,1909.8820771875398,-50.66640278701121,-58248.0
t319,13119.230097584734,0.0011143803275475155,-1829.9882732615624,131.20253964566535,-0.14052601548428145,2.153117404710622e-5,1.3213895478849638e-6,-1543.2627166218535,-18.042256035010272,-9859.0,1968.747621401577,0.03750020513122488,-16.648344921227135,9.462870154826446,-1.7758457475203389,1.9332534538936982e-5,1.365618473476311e-6,-1075.9197764624594,-12.904044857096986,-871.0,50.292499925687316,0.03876613963867348,-0.003342952568207063,7.176956034216777,-0.09869624994523013,1.9269192117904523e-5,1.3517577506214536e-6,604.3088466647544,-2.7150498307544684,-659.0,4433.99289851877,0.020809692331857,-0.0035033516779087587,14.222909198836513,-0.10353753329506256,1.9515529390155233e-5,1.3553286035544685e-6,-3084.801895103818,-57.3277019055882,-1306.0,2107.7286503665105,35.17626915762089,-43.65975413864465,1.3105396260272022,-1.0139839409303382,1.8056891942608532e-5,1.3318682540353238e-6,-1937.4638546092542,-13.077885442895584,-149.0,1524.0330607018143,0.015644729965020986,-1166.5206976163752,8.672677426182364,-0.09972187639068972,1.9184678777716405e-5,1.3541471614374857e-6,444.81626887771677,-3.9172524272497986,-807.0,17.86240801471625,0.012532536295606453,-0.003208288335635818,16.10434132519504,-0.10761077477073477,2.003033047644927e-5,1.3960995985652131e-6,1441.159873618331,-35.02835765828024,-1440.0,5401.975438924611,0.014449483184099193,-0.0032314577701154485,57.60891337590203,-0.07167957937357486,2.2122843959899148e-5,1.390446593954249e-6,22.551866491526074,-0.07577964775178596,-5482.0,0.7615575439035649,0.011630444450905199,-0.0031671334036738295,19.613073091318252,-0.10821289297891604,1.9706794256349835e-5,1.3709353887757832e-6,1721.5466904996997,-28.82159229358796,-1713.0,13111.180551112997,0.3316415644085398,-0.004213414604484559,176.02217019549056,-0.005134668184849005,2.0887512890018418e-5,1.2985911865953188e-6,1919.9868847011944,-19.511916517700755,-15188.0,59545.30597581909,532.710332640029,-73.60319623391366,549.0590124799313,-229.7647632058847,2.94227473807723e-5,1.3971599204531595e-6,1487.077811944163,-42.78520360983859,-61768.0
t320,13804.582366672188,0.0011389268950368124,-1829.9886659428457,214.98834735018502,-0.125926315855025,2.013068709418739e-5,1.303830373641679e-6,-1572.836599603623,-17.620677300507477,-10599.0,2038.904303977393,0.137880249964022,-17.812942826456904,15.059019067294559,-0.8627252549772473,1.931341256013946e-5,1.369289396481477e-6,-1096.4659452735505,-12.95960976130168,-926.0,85.65222878694637,0.15645615895605014,-0.001296293917395621,11.422988106818115,-0.09538611349799446,1.919815065594878e-5,1.302139865103151e-6,606.5485328244526,-2.683542417978999,-701.0,4460.637862732155,0.06460251121583102,-0.001338401720600804,22.6272861874094,-0.10372091728914992,1.9038298416050727e-5,1.2964938346110486e-6,-3036.068932821481,-58.155777826246855,-1389.0,2116.765698785116,35.39779013631667,-43.43663693475212,2.1306029696844804,-1.315638314020489,1.7092166803847378e-5,1.282917293919916e-6,-1937.4639478206195,-13.077885431979619,-159.0,1359.3672152488937,0.05411884817076921,-1166.561766241527,13.803618907465065,-0.09782333043346653,1.8835211674914625e-5,1.2910080405856802e-6,656.2116103215724,-5.776992292587965,-857.0,92.68076573407421,0.0470891841649075,-0.0011827565383570875,25.617837409379604,-0.10929036716428499,1.9509706198375472e-5,1.3608408096408379e-6,1443.5392649685305,-30.774504265833183,-1531.0,6017.706645044839,0.05246549568757923,-0.0012001751856740993,91.65413385740263,-0.09924299024287625,2.066204855799988e-5,1.377349761600286e-6,-282.6333678649403,-0.6794534183374171,-5826.0,97.7411952492772,0.04461984019254873,-0.001279604791254755,31.208052046378402,-0.10754627152137014,1.9411552159565904e-5,1.3656405421259705e-6,1722.4737265902293,-28.35878808041615,-1823.0,14356.546331958036,0.013189079934868706,-660.3610236240386,281.11693293289386,-20.664096700129942,2.0859772810006586e-5,1.3067681072722264e-6,1919.8588375983823,-19.510188327712743,-15857.0,61059.52854254851,1284.4435307791366,-60.992256587837446,974.3238775368416,-147.68523334634912,2.729499554508302e-5,1.4144990585881656e-6,1576.8368210810472,-44.45530822130171,-64641.99999999999
t321,14165.25211902204,0.0004059026205507911,-1829.9989032346937,169.07972771692693,-226.81398863838493,1.9555078674258994e-5,1.2912267976098266e-6,-1030.8929837047338,-23.62639185453329,-11223.0,1997.3401863595054,0.0020057593423256823,-240.00545604150605,14.874663552020396,-6.154939421156213,2.2032013168977565e-5,1.3496497412559317e-6,-770.2317636829911,-19.824718956996847,-976.0,108.21550538459928,0.0018284882314384882,-0.007283034498538256,11.283969386876903,-4.666051660694067,2.098044401444816e-5,1.3355410914591849e-6,639.9620248923974,-15.790014883880627,-739.0,3945.6990642721084,0.0019027184518245015,-0.007523813584209528,22.34622243673791,-9.259985133482965,2.4082245105321047e-5,1.3288238712723e-6,-2413.1513178498762,-81.62838701362799,-1464.0,2120.602078230929,37.58447933833002,-41.23600035296296,2.0730000438050795,-1.4845755899877706,1.7719360135350074e-5,1.3220518143369227e-6,-1937.4611231982215,-13.077876519730575,-167.0,3310.536395080274,0.0021862160107407706,-1166.7055120238417,13.63604213992927,-5.6379767433456704,2.1606372324234546e-5,1.3215780579352551e-6,-1203.4570729518114,-44.37408370392942,-904.0,309.69733761340245,0.001653153874771035,-0.0073986465480017196,25.297910146732182,-10.4886414066117,2.460400286172857e-5,1.3402067579289994e-6,1361.3962600133643,-72.89714565650009,-1613.0,6206.229775601856,0.001727780371837158,-0.007578815583588648,90.52566701168783,-37.49383719539183,2.7771313520918447e-5,1.3633486906118688e-6,-98.4894648924371,-14.766316703692665,-6146.0,161.1454250185083,0.0014979003955909427,-0.19187501886105507,23.75124665137638,-33.04359875512482,2.5546243295046153e-5,1.3514352193555004e-6,1795.3549839116704,-28.01770612383812,-1919.0,17385.927928346646,0.00130608922216381,-1606.680028798471,243.71098165012296,-191.08392038607747,2.431955687658854e-5,1.3364409493967841e-6,546.9749716983314,-18.851261434149343,-16360.0,60457.30967529391,2114.2694964737775,-73.71134641970417,978.0351158093159,-111.22699073308843,2.8301051970562997e-5,1.3957222563964174e-6,3109.9954857643074,-50.671463097786905,-66424.0
t322,11624.015557867657,0.00041860598064366914,-1829.9988895968793,130.37535265508203,-197.2200551479269,1.959286341841697e-5,1.290467728127154e-6,2308.249726675469,-28.42212581657731,-12007.0,5138.415314156,0.002896048580036104,-1616.960745867304,10.934275340021959,-7.7353917732191775,1.8368648533554243e-5,1.3500004073049802e-6,-2483.615972610113,-23.040393703409727,-1018.0,101.59974827612753,0.0028569387272342345,-136.29611172918945,8.292865731833892,-5.8685068875098905,1.834337931629872e-5,1.281888036689951e-6,825.9589026162995,-22.689772185612473,-771.0,3277.1393431126116,0.002857719881932372,-0.14657937370082277,16.431814974610067,-11.62796987333519,1.8175214999789275e-5,1.276809306074975e-6,-1657.70981261548,-97.08967076313108,-1527.0,2131.2134172399087,36.097193553521656,-42.73726829778249,1.463327458222001,-1.5412511301909995,1.728211987634731e-5,1.2687698786781033e-6,-1937.4176787216447,-13.077756054087304,-174.0,6525.807905177017,0.003220418208993748,-1390.5510764422042,10.026116401408583,-7.086160853584509,1.7970864773461413e-5,1.2715957464312739e-6,-4133.076246427603,-62.12377509326088,-943.0,418.97425830961413,0.002544962682519681,-0.16414003206125302,18.600545742690397,-13.170758742278005,1.8553200809563422e-5,1.3479510557498553e-6,1353.295879976938,-97.53834889319934,-1680.0,6149.173243999381,0.002649690969411309,-121.76588949596196,66.66755631046678,-46.989926222240804,1.994830220923282e-5,1.3686103575527935e-6,392.59047244828395,-21.67812606287274,-6418.0,142.93187338240838,0.021520935231360023,-0.07596575358831972,17.13446263012458,-27.854806463414885,1.8712843159067643e-5,1.350652573266444e-6,1891.3228618357757,-26.47996602274888,-1997.0,17899.432120243706,0.029248685255981653,-1960.290428124516,162.2592387267735,-295.9115903812489,2.0143524896477066e-5,1.2997713924227033e-6,1095.8288201456808,-15.347424760264738,-16886.0,72417.56394680787,0.001020407694677585,-5775.988828377346,577.4702525484523,-1204.7894174898595,2.6283016521124616e-5,1.4017756474941837e-6,2344.5730466763935,-47.830045357139106,-68311.0
t323,12321.258514679756,0.0004216777099675345,-1829.9988870533114,160.24714288650657,-169.9965332733892,1.96586400178443e-5,1.2926456098029661e-6,2375.0640701070233,-28.574743855626483,-12828.0,6048.480832683582,1136.1581918172,-4056.732678145824,9.758618013059634,-21.277521474554643,1.8332047346694453e-5,1.3514528348489361e-6,-2019.3470338113398,-23.0404274552912,-1074.0,91.95229186870388,55.073898367415026,-206.02880047513256,7.422566681295049,-16.245551841313013,1.827316886096222e-5,1.2843953821777345e-6,903.5154109243329,-22.689832694707373,-813.0,3341.8925429532733,0.06113609696877269,-0.12402000677294635,14.374215482969314,-31.784200591386572,1.814665879684655e-5,1.2796656219293742e-6,-1615.3302551327038,-97.08943559336437,-1612.0,2125.0448855365394,37.11629462897684,-41.71793030605492,1.7647236552362353,-1.7548518638107515,1.733364981100067e-5,1.272493296537243e-6,-1923.3757319493388,-13.077405706630394,-184.0,7751.563515471445,157.88172947834073,-1483.1887536200793,8.76808136798116,-20.12029803995965,1.7948576826839486e-5,1.2752189612285807e-6,-5356.780431000447,-62.12386045791164,-996.0,433.42194785724666,0.06969873475991642,-0.14929732592848913,16.392420752190144,-36.94728099717188,1.8546680307813886e-5,1.3500788863033365e-6,1458.750973241544,-97.5384809293369,-1774.0,6012.902583713381,75.59935053111167,-156.08063495045857,61.42567616586496,-111.75986345282404,2.001631945729117e-5,1.3708651789488022e-6,912.5910449408418,-21.678176347487263,-6773.0,117.4704294186935,0.02740963368931422,-0.058788509914133036,20.956023705772708,-23.712267313252738,1.8725459645920004e-5,1.3526183438429815e-6,2020.366260135238,-26.04908653892639,-2109.0,18722.462795827843,0.030025936740653496,-2024.6963107554884,186.23955624004986,-314.27336000359384,2.0143894255828194e-5,1.2998646280134802e-6,777.6664280338748,-14.429150743162829,-17333.0,76351.55490736598,0.024004602767484787,-8211.03019909625,654.8218423865706,-1054.754572562224,2.6332065357769365e-5,1.4022751436391713e-6,2466.8792645109743,-47.49527201379888,-70160.0
t324,12917.14174500753,0.0004180748196570358,-1829.998893172577,195.6834762267724,-167.24133981120542,1.9718039335697697e-5,1.2942561469065592e-6,2310.844844742001,-28.43026596965928,-13398.0,6586.207580242805,1116.1602623477504,-4076.750985362385,11.92369128250098,-16.013817598258125,1.8322890177229423e-5,1.3535699986277019e-6,-2476.486325425387,-23.040423854665203,-1122.0,99.63078923442733,39.20027135642064,-221.92099014114223,9.095474100320333,-12.041535279173068,1.826606434110597e-5,1.286840439274443e-6,958.7257857273253,-22.689812229181392,-850.0,3185.8179597262597,0.08453598476426771,-0.11001292639898645,17.25220983786407,-28.48339921600359,1.813989649068234e-5,1.2818749611505428e-6,-1393.4718986894086,-97.08941157025829,-1684.0,2144.209061443371,30.91322516562793,-47.920838581828505,2.1106109670288866,-1.8684595060321514,1.736459341923139e-5,1.275089789324708e-6,-1922.3662148295307,-13.077400763506613,-192.0,7891.252797356957,169.75353307779753,-1471.3318229787599,10.624036380906505,-16.48776331665052,1.793820912240865e-5,1.27767061593516e-6,-5481.68694012592,-62.123857252076284,-1040.0,445.2526229374062,0.09917577119210781,-0.12986851102059843,19.61316142395808,-32.23441883244777,1.8558037159029455e-5,1.3524961560663864e-6,1517.9377807336216,-97.5384722082403,-1853.0,6066.041837550536,91.04243377056982,-140.65153680977656,68.93996942651945,-145.06633713935145,2.0107507691830598e-5,1.3732233354630287e-6,1157.3717879230473,-21.678174216209232,-7076.0,138.6947489385176,0.029934797962875292,-0.0544000045385496,25.468438046001538,-23.151779108415198,1.8739503227251612e-5,1.3547950503602918e-6,2086.909471471312,-25.896433627317464,-2202.0,18620.89817492562,0.02995217707058806,-1827.666919062534,219.73585728602825,-319.54906474702,2.0088507527114168e-5,1.300774131434219e-6,831.1153812724222,-14.563397257104658,-17510.0,76737.8435497616,0.02344125189917685,-8062.89393917714,780.309534586041,-810.751244602063,2.6363366419937152e-5,1.403879275459075e-6,2411.106327200517,-47.63769387755582,-71008.0
t325,13492.798479609412,0.0004365763053514512,-1829.9988651370377,209.1457490839138,-193.27202050696962,1.9776568071881058e-5,1.2879002203617378e-6,2007.940952064071,-28.614746645573543,-13658.0,7127.396166140837,1409.619988996593,-3783.2951946723624,12.62932471019217,-15.359570336381644,1.8330961176048457e-5,1.348207106596738e-6,-3580.9502999272577,-23.04043327936747,-1147.0,97.36113524786552,64.33870170871576,-196.78878591183695,9.623953746968136,-11.723662213186106,1.828698274750578e-5,1.2787067940533616e-6,927.8784720173932,-22.689831838824503,-868.0,3225.1145125123558,0.09236259422353632,-0.10516654983542409,17.78050261327714,-32.104970275524494,1.8173946380572582e-5,1.273777584818837e-6,-1392.6878602273425,-97.08939754504567,-1721.0,2134.300770819922,33.895399757282675,-44.93845520270687,2.1776702145365747,-2.550427446846599,1.7435745463837837e-5,1.26746724008896e-6,-1912.8075988075827,-13.077375502411378,-197.0,6998.946636726649,181.12460341306573,-1459.964625107053,10.970892295136387,-18.438552592879578,1.7979339972728716e-5,1.2700942312185382e-6,-4587.515110140646,-62.123861485247375,-1063.0,443.33859259776943,0.1082573302436415,-0.1236677451907164,20.18974346136129,-36.5197388459789,1.85637626266743e-5,1.3476813480364007e-6,1564.545269648112,-97.53847513113041,-1894.0,6048.089292982561,91.7705439552932,-139.9269750403828,70.83749131066136,-156.65327274543228,2.0142468493881664e-5,1.3682119409747304e-6,1341.5610737073162,-21.678173694079057,-7234.0,132.29678469674735,0.034456131202736606,-0.046243900870880345,26.898132097234654,-25.863843238408325,1.8761698592740194e-5,1.349639649389911e-6,2143.5058955329323,-26.825200821654164,-2250.0,17840.181966497403,0.029861567093102625,-1589.2890911567756,242.58173327543946,-220.17188356327696,2.0076658056867582e-5,1.2957015960229355e-6,1328.2302417663398,-16.56284377369908,-17585.0,75712.94561748851,0.023565500715430183,-6626.836962905317,817.1932396669957,-829.7315953025644,2.6363208436448123e-5,1.399611999767527e-6,2160.298964366665,-48.892853677881774,-71185.0
t326,13626.03423682243,0.00042578877511798653,-1829.9988724505567,202.81791968618387,-236.88052988210384,1.9797911660943155e-5,1.2889577797462004e-6,1905.0087611390168,-28.981956092461505,-13638.0,7022.777245047654,1911.2707864204488,-3281.646316744713,12.281184604689402,-17.694054875829114,1.8306343867240797e-5,1.349419351720464e-6,-4466.948406340046,-23.040456459964748,-1157.0,99.24419244622042,80.2828381542753,-180.8470188951202,9.368324323712372,-13.466254329894776,1.8253500842326115e-5,1.2800836864816163e-6,904.1078193968666,-22.689918307549593,-876.0,3023.828084665274,0.06494777071253019,-0.13497295627173753,17.673418501689873,-33.59186510324448,1.8156295912065786e-5,1.275344536379125e-6,-1175.750259945351,-97.08936979554836,-1735.0,1452.5013664573319,32.30240792689951,-46.53078181549174,2.0568245972679677,-4.042343334207055,1.742470011430058e-5,1.2691960954162284e-6,-1225.2101979952968,-13.07729199538968,-198.0,6934.695326301624,206.75774411136132,-1434.3332699555176,10.674483797373387,-21.93810874668332,1.7967431393450428e-5,1.2718593212719823e-6,-4561.732342340225,-62.12385004915977,-1072.0,438.2417499424456,0.07647042733429302,-0.15790824965446368,20.126381798130446,-37.27066061103563,1.856294883596305e-5,1.3494699699174317e-6,1585.5224087156907,-97.53846070937307,-1909.0,6083.360284730483,96.74136577740484,-134.95814201055862,75.60252659438474,-102.10288901215374,2.0150426314620394e-5,1.3701751022203807e-6,1300.035000049219,-21.678165663465705,-7297.0,137.35743010273276,0.03298204584276256,-0.04915607951486921,26.22905755350736,-31.234073474366014,1.878262496153084e-5,1.3518719765646253e-6,2164.123283690228,-27.459543365008557,-2269.0,17720.582583531403,0.030442334607379953,-1576.4111456510323,242.79264632270414,-216.94292690281216,2.0167858892083708e-5,1.2975397228420714e-6,1471.1784843694163,-17.230099488300308,-17624.0,75730.39491073317,0.023142720281209943,-6711.294707479225,804.242615063727,-945.7384587747592,2.6366390084185752e-5,1.40093387359315e-6,2099.6654492604807,-49.292976391307164,-70928.0
t327,13942.07842307856,0.0004120327999740146,-1829.9988916780956,214.34424744032245,-314.28106940966444,1.9775807180070948e-5,1.293008504656788e-6,1572.162351743731,-28.305488156979795,-13556.0,7091.883180881733,1934.2352664684195,-3258.6827596286644,12.508392920634021,-27.957297058881824,1.8258639203671852e-5,1.3508127188764244e-6,-4570.946333669999,-23.040468210566484,-1158.0,87.43423149237356,56.601600326168686,-204.52917765441197,9.522970807271486,-21.293180945614736,1.8167035674982924e-5,1.2809351504725679e-6,970.9540207549865,-22.690481903911163,-876.0,3221.3324095278526,0.056225485951639606,-0.02758870043080722,22.747029494206167,-11.795286330955449,1.8373389113211296e-5,1.2779100816257182e-6,-1407.3890692262166,-88.92373732992165,-1736.0,1924.2717117672762,0.1407917690368521,-0.05705436308593668,2.6798026912758033,-1.327617235236459,1.765599912932261e-5,1.2719243110542017e-6,-1715.3062306050404,-12.401420414431474,-198.0,6403.6687715959515,0.15352449395691198,-1166.7581567843285,13.935776954795655,-7.147508766302867,1.8196394815547568e-5,1.2748489442272845e-6,-4116.667801338337,-54.18462326877817,-1073.0,390.9536409366678,0.05898690048770936,-0.026941926435828774,25.761659157861022,-13.4760087274865,1.879793545826287e-5,1.3524569882425612e-6,1592.1450123260547,-85.41636758997873,-1910.0,5138.261946776392,0.13493208152407135,-0.04773844208121779,91.26562992203404,-55.53899903480634,2.0360557475509963e-5,1.372696289512355e-6,2143.885248686139,-16.961039733839907,-7301.0,104.93270261764346,0.029272159417923313,-0.05932182068298656,27.30756752471044,-46.61987945503898,1.8764445654246005e-5,1.3537406702891406e-6,2211.546309975467,-27.136670509128535,-2270.0,18389.786121965626,0.030294385107733822,-1711.8921635186568,243.24309283154906,-492.1889580424509,2.02026609131592e-5,1.2990308880913525e-6,1317.6845158670903,-16.662919010561545,-17730.0,76082.77646250122,0.022796737628226645,-6928.410624932166,850.8463592575965,-1213.9891023132443,2.6374694629806358e-5,1.4024376460176232e-6,2001.9319754861256,-48.17789162246855,-70745.0
t328,14619.834007381629,0.0003807891689036044,-1829.9989317229326,267.469986313399,-429.9848441856428,1.9815626140294482e-5,1.2978988271536545e-6,998.722435215629,-29.043048773973304,-13597.0,6158.334896784006,1555.4646233796775,-2077.7420574740036,17.665963826484862,-17.66830517931637,1.8384906486507838e-5,1.3520786246729627e-6,-4453.017094849393,-23.038044906724508,-1160.0,62.15410192583433,74.45530752105405,-87.96899176585279,13.470085615274018,-13.472358501804539,1.822949094296432e-5,1.2819722766292726e-6,853.0499456856821,-22.688107660837094,-879.0,3798.312847592758,0.023679099452949836,-0.06817484142138998,25.297377666926018,-36.25082085192205,1.832477570670636e-5,1.2789483974494957e-6,-1957.778372233362,-88.53655345838112,-1741.0,2042.8233334651673,0.04936982849564807,-0.16899716119565342,2.9449957162418237,-4.298535629737708,1.764339797026417e-5,1.2730861599630913e-6,-1829.6066881471793,-12.743494444519287,-199.0,5175.002014917649,0.05115074863692436,-1166.8815433755858,15.557948108074811,-22.34784139304368,1.817269200313564e-5,1.2764933064787484e-6,-2873.1385554252543,-53.24319066486055,-1075.0,292.2298329915436,0.023077595739186302,-0.07141749952775694,28.898217899914744,-41.18567024483181,1.8768404995158206e-5,1.354427613242724e-6,1719.3261645909276,-83.22022422278843,-1916.0,5649.311570634167,0.041289146838565126,-0.16192369784322144,105.38056811287275,-141.1090103258581,2.0246650245366285e-5,1.3727080352463943e-6,1719.8086731639348,-16.271186658857566,-7317.0,33.7742303470111,0.022567013608099536,-0.11017100072544495,35.51956642899909,-48.33007815692785,1.87317649362418e-5,1.3554325797128935e-6,2286.7299208703366,-30.606054972803395,-2277.0,17627.490732749437,0.006650501769236021,-1489.9893292499953,348.10380847317754,-348.0969265839756,2.0934559516657378e-5,1.304029488867751e-6,1919.9970306208688,-19.511982757914144,-18038.0,75927.03489310328,0.02209905870743508,-5390.867505035389,1010.6663513906929,-1734.7675540973646,2.6400532415309822e-5,1.4044855248641808e-6,1615.9065405078095,-47.9948498457889,-71380.0
t329,14346.48624329198,0.002035675163581753,-1829.7024425241082,371.92401296103816,-371.92364223488426,2.9222516941224546e-5,1.3025708126206302e-6,1391.669448804543,-29.455681019217305,-13879.0,4505.11388043965,0.0061488984444831455,-0.05538259606294708,22.892734695011637,-22.8923433691268,1.9167284359203798e-5,1.3516507825369002e-6,-3314.983962363951,-15.081094902434875,-1175.0,50.195052078054545,0.004769359025294924,-0.00511737719767063,17.465935319500197,-17.465541461145285,1.8994778388428293e-5,1.2792232432667354e-6,855.8696057948239,-16.064721653530526,-890.0,4117.519093226544,0.0046925096746624345,-0.00507382225508253,34.47021694340232,-34.46988145670342,1.9085872612283756e-5,1.2759309998573691e-6,-2299.3771380182316,-55.14192716369357,-1763.0,1912.6306950701921,0.00523219311070482,-0.00567269094964493,3.973107544018188,-3.972239533462203,1.8393558834798842e-5,1.2708582069164176e-6,-1700.1548434863598,-11.476296278916413,-201.0,3613.2369115672436,0.006335410516908495,-0.021696278405238023,21.276196743640952,-21.27587374189657,1.8945696707149267e-5,1.2780111049654604e-6,-2488.702544033237,-35.51934765237492,-1089.0,386.18529486886865,0.004169204918320605,-0.004584456739803625,39.3951137573503,-39.39478533450404,1.952980483334444e-5,1.350547707083696e-6,1618.940894708647,-64.12612239082804,-1941.0,5724.897579536551,0.004348681264763128,-0.004789882386381052,142.59416991200746,-142.59383133007935,2.1026875071820867e-5,1.3711621025535194e-6,1689.6735784832258,-7.571075801252069,-7407.0,4.223775690762706,0.004161511534692277,-0.004462032873104741,48.073417734477566,-48.07299099642161,1.955216220810574e-5,1.3541989851539109e-6,2332.782452312119,-30.006374505040906,-2307.0,17326.180836924646,0.004130781302019711,-0.017219966492689594,488.06798355929584,-488.0744439243807,2.1194021869098845e-5,1.3028318896282236e-6,1901.2127192844912,-19.37402322613714,-19208.0,74229.82594763448,0.004634949792101613,-126.30469728455587,1478.0714595447694,-1478.0709274228739,2.7567157232275287e-5,1.4067089269056826e-6,13.06978851393048,-17.5962319807373,-74099.0
t330,11792.560685600372,1829.9956839229417,-0.0006961770101654093,537.2862082790872,-124.50356761172543,2.1533369323617548e-5,1.3012528838600328e-6,1222.4195471263304,-10.757878740534334,-15247.0,2074.3609705839685,1637.1488782259523,-0.002129455010809926,32.71077526682854,-6.029632288365489,1.9723882979628207e-5,1.3629296964484917e-6,-2494.4522876552373,-6.736594894200428,-1237.0,49.79675463740961,122.67713282045887,-0.001659552707360918,24.881105907317153,-4.544627106126994,1.9508159665384436e-5,1.2922512327766123e-6,759.1697689958817,-14.978495070953333,-937.0,4109.72787717824,0.03970523682164933,-0.0017224568959669402,49.130041185286046,-9.035169282607024,1.9573183627840615e-5,1.2864926326311925e-6,-2216.0224479666545,-77.83830307347375,-1856.0,1732.5375102337393,35.590743846720194,-0.001814511232344472,6.30975518434178,-0.0028414565672971724,1.8916948100551593e-5,1.2825249461127349e-6,-1551.9575112893033,-10.475860562583847,-212.0,1624.4370877957426,1166.7016681811506,-0.0026757514380082886,29.379765261280763,-8.694603772164879,1.946039051613714e-5,1.287056324129715e-6,-1628.3120080795707,-37.50925291708103,-1146.0,763.8080201841,0.005054367812908275,-0.0018917504256287842,54.50373349380115,-15.681877517528289,2.0089153765347037e-5,1.360244930637533e-6,1304.1985194841482,-62.831578925707035,-2044.0,4334.180206900427,0.005252476484843806,-0.0019259800222080974,199.3499939453271,-46.395316271716446,2.1609156482630245e-5,1.3758138732639366e-6,3317.8110971661663,-10.949329224356887,-7794.0,8.577721522824318,0.005046222492278047,-0.002002782149293899,66.78941524678724,-17.946080392958258,2.0038960564061435e-5,1.351177463022522e-6,2382.2249681511917,-9.64908886658682,-2430.0,18273.21048824278,1575.7723956083248,-0.0022007269017621104,757.0928542005047,-23.27818118060364,2.8871596390997594e-5,1.3584422261401827e-6,600.0148695360134,-9.810253554603998,-21173.0,73091.81403190724,6442.111161202697,-0.0020315329212271856,2190.2233634338513,-266.8186146855517,3.038252046259387e-5,1.4000130109495302e-6,-1695.0945154689646,-30.233423986854927,-79732.0
t331,11879.94327965505,1829.9963275249077,-0.0006729555725930134,526.6795164389414,-0.03397875849819755,2.175564167593948e-5,1.3056310573220158e-6,2189.8991842512314,-21.48367397673015,-16405.0,2159.856010326225,2275.644377611862,-0.0020854541143834095,32.36862719605797,-8.094511575768568,1.9744039955325353e-5,1.3652197959304166e-6,-3102.3947052968683,-8.377733047112596,-1349.0,49.76872721101005,95.6652048497165,-0.0016318189728763556,24.597468096100553,-6.1663488785041,1.9497339334214746e-5,1.291843899337692e-6,876.088714529053,-18.952153345919953,-1020.9999999999999,4377.120041920096,0.022877482743203434,-0.0017266446091281499,48.625459736730775,-11.920749938497734,1.9579495887105806e-5,1.2875575021599437e-6,-2301.2142793726794,-89.63164237227855,-2023.0000000000002,1942.7349326170777,43.262357948097744,-0.0015495510925581525,5.817085226098389,-0.002878451963023994,1.8985471640580156e-5,1.2817496729193934e-6,-1749.004043375205,-11.80592303563605,-231.0,1647.259686764261,1166.6991955526858,-0.003893881263788351,30.792597392589204,-0.04670071632250056,1.9480547786094496e-5,1.2867495396493498e-6,-1546.309223341323,-48.39168107265883,-1250.0,763.2981608270348,0.0024803805313225627,-0.0029336645367256157,57.04089663171979,-0.0526035089429096,2.014841773107487e-5,1.363261811172617e-6,1479.3884034692512,-71.67442486104137,-2228.0,4707.606988560783,0.002653356788735756,-0.0029936703244133243,204.23370267306902,-0.051370029802953965,2.176391003911014e-5,1.378727672894401e-6,3597.081914568177,-11.870916603600572,-8497.0,8.580601676906552,0.0023928200541643426,-0.0030738896184609637,69.56500529987318,-0.0512299687059924,2.0160538211183784e-5,1.3645857065699819e-6,2583.860109646757,-12.953826555432757,-2649.0,18563.56068731796,2168.9969537553598,-0.0017697544635219074,647.7616630713196,-18.96568160912443,2.210127881124747e-5,1.3092811784189196e-6,-154.00013211340547,-15.351738986694711,-21192.0,73283.88147682128,8326.61988443712,-0.0016649603532088886,2015.8275370104848,-346.3724655523384,2.8498733516349783e-5,1.4166439926216786e-6,-1873.395942964988,-33.55885222889084,-81373.0
t332,11238.537691906316,1829.9981688050595,-0.000474551627550676,335.075968262693,-0.0019140520745825236,2.21555299596387e-5,1.309955776890684e-6,2753.1923559612774,-28.801814583035558,-16128.0,2218.645259640997,2332.5662280241777,-0.0020611691848061095,20.5277168041289,-8.83649814682513,1.9747261282556513e-5,1.3660431415685675e-6,-3203.2506172738213,-8.650048123271022,-1351.0,49.7404311317283,91.60833464031671,-0.0016125364470693832,15.606123416129066,-6.743367900858206,1.949213502979197e-5,1.2933382494025794e-6,892.4160515296302,-19.625979634277968,-1022.9999999999999,4091.2167431863313,0.020293140316167375,-0.0017197334528955477,30.8760849976827,-12.923485099201402,1.9569647334990948e-5,1.2890250415482562e-6,-1990.1718933825473,-92.01604229019989,-2027.0000000000002,2253.953050055827,0.0015654623832346006,-62.2298766470479,0.01063332307507339,-9.195317655193644,1.860888056738873e-5,1.281609665661031e-6,-1937.4621931017905,-13.077879682324385,-232.0,1670.0721949713643,1641.0962074217546,-0.0012571027354640817,20.0542084448384,-0.002012508017033658,1.980159481101492e-5,1.2895260576052348e-6,-2028.1292289373093,-51.09013191394375,-1252.0,760.1403530690488,0.24345187172810917,-0.0008701007803938762,37.17066732536774,-0.0021116996294900966,2.0484435559492444e-5,1.365154919299954e-6,1509.4244359071774,-75.97594742791915,-2231.0,4150.187936923308,231.70825146847554,-0.0008634870405713008,133.04016874559605,-0.002153624692245478,2.211279054208206e-5,1.381095323021649e-6,4013.311005170234,-13.244366696054245,-8515.0,8.582789263048562,0.3283709173254523,-0.0009039484652485977,45.3134461383355,-0.0021016682272656886,2.0503691795445568e-5,1.365460613768817e-6,2622.1874998854205,-24.409121901916006,-2652.0,18821.769684325005,2305.113934326101,-0.0017530164940854132,406.2162332341971,-14.574527050215723,2.2080689389716122e-5,1.31065526048643e-6,-720.0117780090194,-19.511812108342415,-20779.0,72847.88886796645,8695.610006461868,-0.0016936472357868813,1331.269458511366,-377.99143231336643,2.851296457361161e-5,1.417614946669026e-6,-1911.5056377492517,-34.26959668080497,-80551.0
t333,11660.106113431906,1829.9959870366804,-0.0007042333314272538,280.35721080461315,-104.27636598895725,2.166723022410149e-5,1.301528659012369e-6,2046.5017999478507,-19.684058722684284,-15693.0,2230.5243047855947,1782.8441884407343,-0.0020837274907273156,17.286769888277075,-9.06525550262154,1.9794421542367914e-5,1.3626880634234736e-6,-2684.33895358684,-7.248990585259776,-1330.0,49.74055353151321,106.90004769131804,-0.0016311519488966546,13.144807738240262,-6.953885594268733,1.9557980371097186e-5,1.2879714671931048e-6,860.0837536561776,-15.91366528531375,-1006.9999999999999,3844.848478446039,0.025215063065508716,-0.0017089694670220448,26.00685562597199,-13.71765553175193,1.963362497582307e-5,1.282963521817185e-6,-1781.633081614883,-80.52812225693812,-1995.0,2176.289517071449,0.05542693430794997,-0.002741317090473024,2.9467698802839366,-0.7504893675715669,1.8790036170322652e-5,1.2760501719711975e-6,-1937.4606273415409,-13.07787427998997,-228.0,1647.315716127464,1166.6981099469442,-0.0043529469366060825,15.616808028546602,-14.598053655888373,1.9498780022648633e-5,1.2818533236150833e-6,-1544.5943044834598,-38.433942332083674,-1232.0,763.8287969028438,0.0017649265209647201,-0.003321633330664333,28.937141447531673,-26.485704035400772,2.0128311186237397e-5,1.3597349069508276e-6,1491.5042084960494,-61.78290680665922,-2196.0,5313.212552482419,0.001829407617469001,-0.0033532552559869862,104.2918492517996,-81.20989209617264,2.1721530332114413e-5,1.3751047614938945e-6,3053.7850315729147,-10.078038461696739,-8380.0,8.581469864298555,0.0017598611212922433,-0.003505833028153768,35.27808862536662,-32.0871979203016,2.0141648312384225e-5,1.3592860268870254e-6,2612.254073016811,-14.024708560237839,-2610.0,19018.729391804267,1490.0219451402213,-0.001869277191351555,334.7161479236661,-104.28203773424042,2.2014972286983418e-5,1.3042280149765027e-6,-443.70289250051087,-17.480703583935178,-20278.0,73591.22928694023,6612.641204371139,-0.0016814700395118571,1091.9040059511108,-410.5635198980961,2.8471035267360252e-5,1.4116585340153284e-6,-1672.3990071625703,-29.810316134995333,-79183.0
t334,11218.786713514497,1829.9960017668993,-0.0007013863722795383,221.35569201686994,-73.41832759407157,2.1567971193092126e-5,1.3042019686676967e-6,1885.9497370218562,-17.669133034066366,-15065.0,2184.9357824837766,1174.0948589495902,-0.002080746110967311,14.612286622010465,-8.448713803714314,1.9799234353901466e-5,1.3639968260861548e-6,-2068.6056107523495,-5.586543046915105,-1291.0,49.71211265062631,123.64579921390136,-0.0016195131261898667,11.086212277903643,-6.4785491602978205,1.9560211496248794e-5,1.2898950145268552e-6,810.597549285541,-11.561524172989836,-977.0,3610.6597772936007,0.033099723171816024,-0.00164987690843234,21.94752471507439,-12.908792948218165,1.963088647163531e-5,1.2849400193619376e-6,-1622.5602928161006,-61.16968532808982,-1936.0,2124.5101093948037,44.60413855454383,-0.0021338254699344553,2.501763320103093,-0.07581797432666866,1.8763885294336408e-5,1.2781731205093622e-6,-1937.4602051336299,-13.077872731619127,-221.0,1624.5507750868478,1166.699286988723,-0.0028484149686147215,13.397208585029563,-12.632454127502454,1.9495253691879775e-5,1.2837499066262043e-6,-1570.999252151915,-25.0127352790498,-1196.0,761.0919786469717,0.002789290954150043,-0.0020588205282836597,24.84469826230861,-23.31670377324787,2.0126253464670795e-5,1.3607567569935502e-6,1418.5515923651308,-49.17231667299555,-2132.0,5738.090881478546,0.002936427935858801,-0.0020669874122384757,88.91310720641091,-75.83605440003227,2.1675386656662337e-5,1.376284298442524e-6,2388.714480877033,-7.883305657473756,-8132.0,8.581445744353175,0.0027690616682583056,-0.0021658520268681173,30.279620409789256,-28.65662373518331,2.0127674288585154e-5,1.3601832531104923e-6,2539.436425332028,-14.641491893518111,-2535.0,18686.00152075588,1490.0097114471903,-0.0019698157120048177,259.3142570699765,-181.02314497107662,2.187111536235352e-5,1.3049226954917692e-6,-852.9629642396852,-17.337428330055804,-19384.0,70814.00366691043,6595.483737526724,-0.0016969994421107447,906.6323426478049,-363.054857662314,2.8440692279294337e-5,1.412531135670292e-6,-990.6614597879095,-17.401760007516046,-76945.0
t335,11208.610131579131,1829.9956362047878,-0.0007304288132223077,156.95209437218173,-501.2564094642548,2.1380251595946807e-5,1.3057843098383845e-6,1382.86909409403,-12.16983387304866,-14065.0,2067.1061199939973,502.1040125557227,-0.0019528543766250519,10.50464776054779,-7.05247965983136,1.9798211620675508e-5,1.3651161475941914e-6,-1337.0489688915254,-3.6113991983394533,-1232.0,49.683487245144306,134.3185257437441,-0.0014824983517349448,7.969035190930745,-5.31104197644144,1.9559774591776974e-5,1.2921628944542675e-6,752.7277633527466,-6.386306478060105,-933.0,3695.4139197366253,0.07471566479894129,-0.0014866906514651595,15.780996731925605,-11.078585440959653,1.9625943198056346e-5,1.2871592842095492e-6,-1805.0923344715209,-47.09724476465071,-1848.0,2154.471329036978,5.34963822891682,-0.002210140573653273,1.8021483078450053,-0.08259779545922549,1.872542289812584e-5,1.2806325018306013e-6,-1937.460452342297,-13.07787365717197,-211.0,1617.0123943363476,1166.703184003135,-0.0021117826882582525,9.630177945195,-9.073759955052012,1.9489348316573026e-5,1.28591240587448e-6,-1626.6422317209735,-15.627672135168677,-1142.0,760.8551034829313,0.006329918926563413,-0.0014445593921594369,17.86533030809191,-18.13621723806893,2.0113828634640317e-5,1.3618194554460683e-6,1317.0944015888365,-41.68352419138778,-2036.0,5489.842168850376,0.006671006726270291,-0.0014479090452258956,63.92931183448331,-100.864021178219,2.1589495866067858e-5,1.37709625223229e-6,2314.7264405223445,-7.639144095966031,-7760.0,8.581112737307967,0.0065517050050022336,-0.0015194896658536692,21.769390359145728,-23.523596523313415,2.010535279091592e-5,1.3611391562694862e-6,2428.3593989019973,-14.19135860198888,-2421.0,18310.893509964102,1490.039399598779,-0.0018305658545321349,178.36202510427873,-727.3411736186484,2.1697877132927863e-5,1.3056007465894231e-6,-1233.8417152964355,-11.110233097780535,-18007.0,70549.20239085623,3984.542620842086,-0.0016356244156677455,648.3643154635548,-1512.8456416879815,2.8377260423805797e-5,1.4129488021064575e-6,-255.69139573720207,-4.570681423485799,-73409.0
t336,12346.966466015208,921.8792079235674,-0.001596541971263926,103.572675224848,-514.4067508986245,2.091214108287691e-5,1.3055945133786806e-6,-0.008929221404765623,-0.0010894774015561672,-12858.0,1936.5789973861233,239.981081738702,-0.008402871618011714,6.916067447857227,-32.83416398782819,1.9519749735256473e-5,1.3644927519581896e-6,-1002.9241663078017,-2.7094334201859342,-1145.0,49.654217487926935,0.00196774681837285,-0.007513726196495216,5.2463723305112095,-24.920368899446487,1.92845099409901e-5,1.2927670853131357e-6,840.5055865760665,-3.4802806612852684,-867.0,3725.563085947404,0.002002106182912013,-0.006423081003715044,10.391622434262006,-49.278104390342754,1.9339404763173125e-5,1.2877531439088777e-6,-1930.5603188731043,-38.111883092089954,-1718.0,2042.0580739417594,0.01856643889388977,-0.0025674664048041204,1.1871631039706505,-3.7193627598559638,1.8622931185849063e-5,1.2825920622284156e-6,-1831.1812506350109,-12.360640884238096,-196.0,1617.1084265514678,1166.6859787352748,-0.010802488510586739,6.340952858138372,-30.114679149480924,1.919288578952071e-5,1.2864192692866779e-6,-1689.5475448360116,-9.462350684929621,-1061.0,759.4358404606163,0.0014619843132839985,-0.007855969420824324,11.763863404081013,-55.769533738431605,1.9785230550900854e-5,1.3608581475102021e-6,1226.3538255287854,-49.77762203046427,-1892.0,4331.957845878773,0.0014916868411993613,-0.008253265896382731,42.10623463860074,-199.64953372364224,2.112009665348372e-5,1.3759206012338265e-6,3043.6368867730134,-10.044692486143223,-7208.0,8.575959440423434,0.0015366947681569024,-0.007971591457316865,14.336402416461404,-68.01545059834956,1.9771010893440217e-5,1.3602590208874493e-6,2309.6176621976283,-12.508159135780994,-2252.0,17257.667093383374,304.70709082153235,-0.006370497727916374,116.48595515016662,-629.3732884381594,2.1224811986066955e-5,1.3051485464834275e-6,-355.6483181348697,-16.83217972224336,-16677.0,69973.54035797923,2040.6711009707865,-0.009839342640802353,429.98657760913994,-2037.9435246879561,2.7906791336091446e-5,1.4123259246401579e-6,-610.2434330672905,-10.001266301372752,-69786.0
t337,11055.611341767973,0.003808627386927607,-0.0022022843053777406,60.380908266695286,-307.1621975245428,2.0687357517717542e-5,1.2980980997409432e-6,960.6225712546751,-8.454246854852109,-11761.0,1830.5953253505218,0.009810624074561146,-0.050066469925411805,4.052634591411133,-20.010655741740145,1.9450033661836795e-5,1.3604021111830744e-6,-760.5430557605109,-2.0540125347734737,-1052.0,49.6536190799297,0.0016839501979934223,-0.052358838795965514,3.0708145034238963,-15.192070976056568,1.9233981264023592e-5,1.2873133112343916e-6,760.5723397656906,-2.054046574017083,-796.0,3647.852970811628,0.0016948475899332058,-0.03069119776243978,6.1056402182813905,-30.012307479529525,1.927824512826687e-5,1.2815897148029598e-6,-2015.6695159513683,-30.247810129490173,-1578.0,1566.846606186957,0.002760448999168769,-0.009516036047522998,0.6847246290469691,-0.7763934368837243,1.8470783806754613e-5,1.2767184318336539e-6,-1377.4502058435678,-9.297994051384334,-180.0,1617.1315641730935,0.01053541297965233,-0.042732188321901884,3.7204673652091933,-18.34238710987012,1.9143445934041625e-5,1.2802748668050105e-6,-618.2948451490123,-10.18262146303117,-974.0,760.1174516861281,0.001411792810844214,-0.035646421523244105,6.913097761923687,-33.967246704598814,1.9671168512813013e-5,1.356170945863349e-6,1032.4435721816662,-26.472660538054278,-1739.0,5487.957834241182,0.0014267770300685283,-0.044988206194097526,24.78557746348336,-121.52107922128423,2.0898494228375526e-5,1.370376555141606e-6,1230.8838919734424,-4.062683298282953,-6618.0,8.506154418019532,0.001481770246380725,-0.03652900538730582,8.427156450244212,-41.41084344636031,1.9651632486458026e-5,1.3551002682553947e-6,2107.404307180266,-12.891747818705529,-2070.0,17622.13266230908,0.003949213114070261,-0.14605640245487722,54.87618896718309,-536.2012832481556,2.1007870883317833e-5,1.2988025209218372e-6,-1319.9633303483763,-9.70214770489426,-15811.0,71144.44850613041,0.00532369735798043,-2370.4268340500503,212.72864782205747,-1729.7488673930918,2.7707687507676942e-5,1.4060517814820035e-6,-0.005729302905639301,-0.001073539469608164,-67257.0
t338,9906.287091204098,0.0032460699721530866,-0.0023949165621454066,34.319372218081156,-509.71230690413626,2.0560104487430945e-5,1.302321577421319e-6,1599.1785324592731,-14.073556946321224,-11016.0,1630.7442483205189,0.008052184668045768,-0.04920713160914908,2.750083078625655,-20.139518281396676,1.943366529677804e-5,1.3616291624152176e-6,-621.6347195121255,-1.6789585844649841,-990.0,49.62501053181648,0.0018591174110255315,-0.053414396880891696,2.0823593955498216,-15.350021341231477,1.9213511986297397e-5,1.2895832240940798e-6,715.8203572344972,-2.126169612594704,-750.0,3632.8839654658836,0.0018926615751201207,-0.03499547342108384,3.7630606801628184,-32.622739081149284,1.9252998142476957e-5,1.2839002993223242e-6,-2085.3682951381775,-33.622907973218325,-1485.0,1857.2199809940842,0.002480939320840203,-0.016226367253550096,0.4254072722863055,-3.712025060298498,1.8401373168961585e-5,1.2793015349153068e-6,-1672.6291602175208,-11.290475596701395,-170.0,1594.4214534961116,0.0077791941547592286,-0.056536720223761716,2.299601516689975,-19.90855960269756,1.9116741851150566e-5,1.2825856112894235e-6,-640.8511055758987,-18.912651242090664,-917.0,760.7315421497206,0.0016471498070307151,-0.040880295573524836,4.264855310482765,-37.02533899670212,1.9638590546220595e-5,1.3570029210138263e-6,932.8367789489324,-23.768624476660666,-1637.0,5737.442590664713,0.001669476968731397,-0.07503391803194329,15.207318453761713,-131.61308549968294,2.0778800332943683e-5,1.371196679366722e-6,609.0471734833029,-2.01065281326489,-6228.0,3.7971137468825757,0.0017346989599706754,-0.04654912840831457,5.187816078190646,-45.01624837068794,1.9605398587491767e-5,1.355978170618805e-6,1996.914602669217,-10.838490100564444,-1950.0,16416.723366683935,0.0042279297937492235,-0.04332048119485305,38.13076349344765,-254.35390222000837,2.0949907625353268e-5,1.3003154994927985e-6,-833.3356313819967,-6.125521181926842,-15361.0,69140.31178521113,0.00546455971550755,-2395.7024953067594,147.71535168186662,-890.3504687987734,2.7677476104037738e-5,1.4071914902879729e-6,0.02146703049539355,-0.0011309823517158116,-66002.0
t339,8459.679786623823,0.0035700859273092144,-0.0022845149619746393,16.58953391951624,-0.09457112599414089,2.0505683888845366e-5,1.3048078142679444e-6,2195.3767012057815,-21.55275296013103,-10650.0,1542.8689894711194,0.00823037985487731,-0.024031356310691625,1.1091607977732416,-5.952329601845161,1.9424963492706844e-5,1.3627891778643545e-6,-583.4342211886759,-1.575818420150747,-953.0,49.596326398784875,0.0019941090726233973,-0.023908166581456232,0.838178359873799,-4.447376764955787,1.9200433746300208e-5,1.292115125187784e-6,677.0551104540051,-2.020343451076464,-721.0,3586.350653606941,0.002103057826360956,-0.01795987909005751,1.6754222185021563,-12.204943413960986,1.9241571394331577e-5,1.2865234309286604e-6,-2112.132042084915,-34.6732523548383,-1429.0,1913.9096702349418,0.0025367751694003815,-0.01427622268173111,0.17874739616022972,-1.4267535952541361,1.8357513317703204e-5,1.2821084932361316e-6,-1737.9187769541961,-11.731165629165933,-163.0,1571.9983026293517,0.00798623615012939,-0.02385681054692008,1.0205197016878582,-7.481942697063068,1.9101757065245592e-5,1.2851181814165816e-6,-664.7179871786005,-18.803040802796044,-882.0,760.7538495713483,0.0018305587141434641,-0.01883631760174877,1.8982629462009175,-13.731875527655086,1.9626060928871714e-5,1.3582899581262132e-6,856.6638110194176,-30.567062449163817,-1575.0,5735.636178225854,0.0018464353898680435,-0.026700273481732706,6.83999382973076,-49.31614225791141,2.0708880379791043e-5,1.3721263690576787e-6,299.85513223509275,-0.9903282776766893,-5992.0,3.7953865163567895,0.0019280925563264128,-0.020516009334105075,2.317152382418504,-16.794031337272674,1.9582552944016322e-5,1.357301942235107e-6,1897.1169436972207,-10.416883726841162,-1876.0,16171.146739419633,0.004292719877195454,-0.027685813137153275,14.974446055355724,-144.12660619134166,2.09219090483271e-5,1.30191219624205e-6,-827.8857369510389,-6.0854663703407095,-15208.0,67791.76457393012,0.005468960260157586,-1561.6492746346385,62.43749882444913,-511.57823149028,2.7672644660662267e-5,1.4086029035114465e-6,0.021065745909412383,-0.0011279391028984412,-65781.0
t340,8350.424311537872,0.003550120789231913,-0.0022930682561849106,21.711803841870775,-0.10461526258195847,2.0478854453861225e-5,1.3076602142828451e-6,2133.7465529218985,-20.779326840442945,-10485.0,1758.6353668458669,0.006680577033027777,-0.08695296862611805,1.4411188347250454,-7.558087575473568,1.9397797831057117e-5,1.363851462245435e-6,-816.6901783735351,-3.7479672321136794,-932.0,49.56755609045222,0.0019132237536878633,-0.09339914106534178,1.088581427849683,-5.740993010798789,1.9170964273225115e-5,1.2946763257139872e-6,661.9675089809939,-1.7911866051456544,-705.0,3591.630913997934,0.002256679841741895,-0.012967400104786657,2.203553910963912,-5.276949679235598,1.923262689245872e-5,1.289341887171976e-6,-2157.52167931245,-33.025147040801464,-1398.0,1744.7386062261821,0.0025147678803108245,-0.013397124696624853,0.24404436619751035,-0.61704531528354,1.8302573976823876e-5,1.2848991793800616e-6,-1573.7318281709013,-10.622912692278792,-160.0,1594.7494615821247,0.008180412523391186,-0.01623258367401248,1.3430212908332457,-3.2176716738943325,1.908956332769452e-5,1.2877989050391625e-6,-711.2990625477298,-18.567715392498545,-863.0,762.8117770585156,0.00196037077956641,-0.01306394698120594,2.495656677982789,-5.953222737734626,1.9619399330401926e-5,1.3593873916431728e-6,812.2173356154676,-30.560463231212456,-1541.0,5721.149074965337,0.0019644403769964467,-0.01712069156708827,8.956407949889662,-22.079912060221822,2.0670696965320293e-5,1.3731254195549332e-6,152.49362308011757,-0.5040577310394491,-5860.0,3.7949568413730446,0.002061689371007286,-0.014102965198711539,3.04289222595173,-7.347098901982033,1.9569962478765987e-5,1.3587596419039816e-6,1845.6510924925105,-9.129821755777083,-1836.0,15904.816922365811,0.004351086995479686,-0.021166275664622373,23.6878431852224,-93.70503889299223,2.0940334816612873e-5,1.3039239757318275e-6,-501.0993427702728,-3.6835858506400085,-15330.0,67339.21915787595,0.0054624518508641145,-948.9959011145219,78.06803651948893,-328.602811277476,2.7699736619025586e-5,1.4106680396257326e-6,154.26597808390068,-1.959949170215335,-66292.0
t341,10136.681172221644,0.0026195362089225984,-0.0028998816171929612,18.226992806315724,-104.37525305789919,2.045977822884198e-5,1.2988689411097004e-6,473.63620548248787,-4.168853641744614,-10520.0,1963.9322307969803,0.006299367292469593,-0.17908492812536428,1.2633802873312487,-7.121619307522752,1.941370651582307e-5,1.3612362541558104e-6,-1022.1421415174501,-12.759084603937087,-923.0,49.5673275921295,0.0019045523388813259,-0.25931540788264285,0.9629181314329434,-5.491995956232093,1.920065786877228e-5,1.2907549594407635e-6,657.2960605273586,-3.076918498891238,-699.0,3595.605624379798,0.002068115639748355,-0.03102506289559479,1.8916388304738667,-10.967771004776136,1.9245653131583867e-5,1.284975185989369e-6,-2158.1819700593987,-43.31858405082191,-1385.0,1833.8157146981252,0.0021772051638451633,-0.08122723260874798,0.21850845045008335,-1.2400874522389278,1.829844005859842e-5,1.2803456441178774e-6,-1663.4863445837502,-11.228759019336875,-158.0,1617.4257555883123,0.005844925734325049,-0.34252665744273536,1.1579343750335258,-6.700880118018247,1.9091996410020527e-5,1.2832205753407946e-6,-750.825047983817,-5.721099039744306,-855.0,763.8732363856625,0.001804795032461385,-0.03492805631216824,2.149125734130126,-12.400450858417017,1.9598223775585147e-5,1.3565442507561436e-6,798.2199134809163,-24.808721650183298,-1527.0,5738.050757588492,0.001784436039101106,-0.30942548535060865,7.581965094918822,-44.782161642179354,2.065101932912094e-5,1.3695419654800888e-6,101.79386933723885,-0.336809352464465,-5802.0,3.7804054629795782,0.0018926175329185989,-0.0596689251928439,2.6065374556871546,-15.10861764584016,1.9556071374608735e-5,1.3556295235393514e-6,1835.2141066892118,-7.434676011121295,-1819.0,15811.962892382762,0.004401465518451621,-0.0159982564558303,23.209612598400042,-66.25480197289268,2.102606442577097e-5,1.2996633435766597e-6,0.09515871652578956,-0.0012821669443168905,-15769.0,67259.19276714837,0.005413720849849015,-700.7098180462158,95.00665539249637,-244.58971827903687,2.7737232330682557e-5,1.4070657390334576e-6,1728.3801899106768,-26.285516511655846,-68111.0
t342,10851.295064912305,0.0026030444898886233,-0.002909964488289602,46.2193844411376,-76.66363221456518,2.0495815521859437e-5,1.3028020667935019e-6,60.68436235823442,-0.5348891381924206,-10881.0,2186.199863698033,0.006323962665034126,-0.10530728504665043,3.1181533139345428,-4.8111624692058506,1.940820829436808e-5,1.363306422195109e-6,-1230.0872824701107,-13.320608652274943,-941.0,49.53865292716222,0.00195658476619334,-0.1059194334662738,2.36580282443194,-3.544113443685427,1.9193282304490474e-5,1.2942152134328434e-6,666.4376629644198,-2.6940614794597306,-712.0,3584.8531951757795,0.002131209341746586,-0.024392652408212853,4.681942110481839,-7.0738705027821265,1.9234718273070164e-5,1.288746089018704e-6,-2122.4827115955068,-48.95631258979442,-1411.0,1832.1034358375834,0.002207034027420871,-0.06859847188297595,0.5355410746000796,-0.7882398267961489,1.828954328808128e-5,1.2837880491664592e-6,-1659.5819658309465,-11.20239774534067,-161.0,1640.242635149235,0.005900883496361315,-0.12361420257224345,2.856071051098743,-4.312216680712362,1.9076143937090696e-5,1.2867329592835264e-6,-763.1998496400121,-4.468945457786496,-871.0,763.8788411409496,0.001863650297678686,-0.025493991206979545,5.278140305110838,-8.010020947417287,1.9601947053213654e-5,1.3589895618465838e-6,821.5855906815659,-25.70894101463428,-1557.0,5738.051232907639,0.0018344560008794165,-0.10351258989924553,18.744026089402585,-28.220389810960306,2.0691844554354676e-5,1.3721461529851144e-6,181.12534512392205,-0.5985562425241234,-5909.0,3.7804569867127857,0.0019567439070678223,-0.03863240464141165,6.416349557102229,-9.766695170496213,1.9555923126463415e-5,1.3584191694250589e-6,1863.1543832103296,-7.5478392822663105,-1856.0,17024.604393504083,0.004426355043530285,-0.013983661089256178,60.80490716666458,-67.49000593063109,2.1175098613372405e-5,1.3027653558556192e-6,0.09151976814628626,-0.001274589090081353,-17018.0,70579.64033833737,0.00542582729371008,-221.1937633059245,221.4217916352786,-275.3962185486693,2.7845213560263564e-5,1.4104406615089561e-6,2182.272945429958,-34.750546151409196,-72452.0
t343,11414.594935368585,0.01964867015946788,-0.0016757965117357764,132.64577672990336,-0.007530182399141657,2.2445489387242474e-5,1.3340742571819153e-6,387.1565676667686,-3.4077437084071582,-11931.0,2380.449809717911,239.98420997594923,-0.003627438673208871,8.432149692561886,-0.006686470604714486,1.954219540808228e-5,1.367093446681527e-6,-1616.491260410089,-14.364615106864846,-998.0,49.51005471552511,0.00848442988193069,-0.0025644394168037,6.395324854557027,-0.006069668795458771,1.932627348810862e-5,1.3003536446401967e-6,701.1617464452067,-2.0669955319104565,-755.0,3568.407993873672,0.009129068713762772,-0.0024292986093062733,12.673592198423968,-0.00669595555528192,1.934691116201464e-5,1.294738443836576e-6,-2031.9130778561484,-52.16853099370461,-1497.0,1778.003650651246,0.00886713637791223,-0.0027414785600005185,1.4414398302969014,-0.005067440036585229,1.8436877219791386e-5,1.2895938367987906e-6,-1597.6617658250566,-10.784400956142811,-171.0,1663.1601227700153,1166.67414404777,-0.0037280209594267827,7.728276387031526,-0.006281894278699042,1.9179512994257483e-5,1.2908844489622238e-6,-1902.6580289960461,-11.894523298820243,-923.0,763.887906292658,0.007907791772470387,-0.0022188989347904247,14.349772871831151,-0.007284238377300908,1.9739310756025935e-5,1.3592218245958106e-6,908.4240222954571,-31.660126427436897,-1655.0,5736.172346706382,0.007830929919589148,-0.0023946771435735354,51.336395163256604,-0.007586321784409618,2.0945415413801333e-5,1.3758141857543865e-6,464.02537665349513,-1.5319887782302315,-6250.0,8.569741672797864,0.00804016964487913,-0.0023055540241308983,17.47745985883957,-0.0071628718476338124,1.9690110259659526e-5,1.3597997372101591e-6,1961.3680330498387,-10.41382682023086,-1977.0,19189.31809514344,214.10670844403,-0.0030832131164687014,172.3313500439606,-0.0070933844320980695,2.153287479716644e-5,1.3067323859981944e-6,-383.3441908588572,-11.401803921896173,-19181.0,70969.82067824698,5036.488778202033,-0.002159521633254709,621.4362964550747,-0.005535739427107215,2.828056158183457e-5,1.415385350501893e-6,3109.932577835431,-50.67066269483909,-79687.0
t344,12808.692717498268,1353.4846556098084,-0.0015267669808719222,238.64021517301137,-0.006082765232111359,2.094194695081769e-5,1.3077858035133967e-6,-488.4593911812222,-6.350604599739625,-13906.0,2193.444233705832,240.3970455452008,-0.0023499401628586498,14.479568802594928,-0.004472014469958333,1.9616929004030235e-5,1.3708963150339425e-6,-1309.7778276289164,-13.53621859348673,-1125.0,70.96906953092706,0.5021415112631543,-0.0014537987393395187,10.983733306376617,-0.003979485573395164,1.9453615374850623e-5,1.306929661252323e-6,772.5854768935678,-3.035007291775547,-852.0,3574.528475943631,0.12693058459475404,-0.0014326149810251854,21.755428139271558,-0.004532646610591592,1.937893225250687e-5,1.3010541777744708e-6,-1858.3177270393965,-51.08716137274766,-1687.0,1842.391477667037,2.8088575386926466,-0.0015988996175204005,2.483488232867785,-0.003221058141324098,1.8555028795943194e-5,1.2952353673680227e-6,-1643.584650734607,-11.094370956981045,-193.0,1666.8008405163025,1167.1859819465199,-0.0024115416599855654,13.272798209806679,-0.0041809078454133055,1.9185764673089897e-5,1.2970911841177402e-6,-1797.1878455697556,-10.065201675036448,-1040.0,812.083061819746,0.13961713259147304,-0.0012886681103246832,24.630293027783736,-0.004885252090376196,1.9817722986356828e-5,1.3659763511347718e-6,1056.7203103482934,-27.567128811245883,-1866.0,5195.501907046503,0.48546490421187355,-0.0013234671914581257,88.12342334371492,-0.005070909338410881,2.1265897363423634e-5,1.3810997049838324e-6,1766.7264326544562,-5.830854226670562,-7045.0,67.50424860661985,0.17861002906090798,-0.001317350705932394,30.006770348572317,-0.004877764362301188,1.978293995760968e-5,1.368370279380255e-6,2147.198822044686,-16.88227651532602,-2228.0,20428.490479928932,1490.0791189156605,-0.0024284130754883564,293.3748285689535,-0.006304840454292232,2.174953873589161e-5,1.3117803547523867e-6,-1755.6326540393288,-18.30305809770183,-20438.0,70398.0433973339,9288.848213428684,-0.002018444525855052,1022.0547276722369,-0.006028178086401066,2.835555368389233e-5,1.4197496535491905e-6,3109.729054252223,-50.667373370950365,-83768.0
t345,15405.587194196687,0.00151741902238385,-537.765175402584,250.50812246629528,-81.32790069920785,2.075735769511804e-5,1.2930717996502052e-6,-0.0021877621076184556,-0.001586164012915093,-15037.0,2504.447582402271,0.00854195118079294,-0.0073647420559788965,15.520065130043788,-5.425876867423835,1.930232286737035e-5,1.3262575110327707e-6,-1261.137740189085,-13.405227039589338,-1240.0,113.47332254171496,0.007038875892375237,-0.0010744999969519676,11.77420618567062,-4.112115480660531,1.9417881371786414e-5,1.2551036936038968e-6,821.2244211050264,-3.3658183055977635,-939.0,3896.3438614917172,0.007017736827261856,-0.0012517994130671005,23.313683136674037,-8.16696821372414,1.936417805368597e-5,1.2552229732226728e-6,-1997.158920391628,-54.3374414283779,-1860.0,2060.722424330973,0.007025510914192892,-0.0013781532817255312,2.6675386102130596,-0.9144145562400711,1.886275009306472e-5,1.2404012140721034e-6,-1837.0807036836422,-12.400510982748148,-213.0,4281.474662841658,0.008665165583031565,-0.007928877633388506,14.228106207416168,-4.970367818545715,1.9052236891512913e-5,1.2555846326063683e-6,-3126.2250937393915,-17.508063021641785,-1147.0,726.3448745597203,0.006807491196061252,-0.001036657770291544,26.392513233034222,-9.250925184773042,1.949152280332737e-5,1.3229247715799893e-6,1353.3545812622267,-41.8468342967645,-2055.0,6252.2193315873565,0.00717169747311761,-0.0009946691634006904,94.44041328508047,-33.092161252391854,2.12012911945674e-5,1.3507011313263e-6,1467.2691031800564,-4.842884398175054,-7776.0,180.28812071210484,0.00695605625105658,-0.0010843051655719037,32.16066451092184,-11.256886227660797,1.9403373290851552e-5,1.3137333991471122e-6,2260.588465860084,-9.786256782847573,-2452.0,21998.144110042813,0.008183463769417178,-920.4322249103302,292.79213072407236,-104.4914773431993,2.6510664355709364e-5,1.3415827516750133e-6,-790.8081110809535,-11.212635927260479,-20464.0,80005.6595941729,0.011374190661882262,-0.0033415816247610855,1034.5115638543484,-391.4841257720126,2.8985152021393017e-5,1.397641690531315e-6,3109.976185439414,-50.67127789130413,-83708.0
t346,15922.112290736213,0.0003778352061630102,-1829.9989821803808,152.21744689451978,-231.0909547473089,1.99297195904277e-5,1.2920089200508718e-6,1260.75836660592,-25.998560258015132,-15248.0,6193.175227430595,0.0011920460051903581,-315.415504579363,8.87464634466788,-17.486600708286858,1.8521412946860776e-5,1.3580364074650495e-6,-4569.11068873115,-23.03829037522645,-1277.0,107.51440018959505,0.0009863413384773748,-80.05669372877651,6.7514087209874285,-13.649038350271047,1.8456384055981317e-5,1.292293755138126e-6,969.1271844827161,-22.688265084092965,-967.0,3018.419423671951,0.0010520787442002632,-0.13675497551882573,13.269278569306367,-27.82598436024676,1.8379546389298462e-5,1.2872407250219707e-6,-1000.5890044421453,-87.13802764218374,-1916.0,1802.6699570290584,0.0011257321597219424,-29.04412655615656,1.5192168150279362,-3.388250677461094,1.76739897021039e-5,1.2802547343006234e-6,-1540.910011789691,-11.847926974289976,-219.0,6212.9631052669665,0.0012769108892974204,-1277.7504983950446,8.07040978833655,-17.30592228027993,1.8162835793640257e-5,1.2821753627833231e-6,-3693.527552601174,-50.45083578098574,-1182.0,889.2413366282632,0.0009212034711505493,-0.15634826856259307,15.064719291701238,-31.542540297503926,1.88075850539392e-5,1.3577536407608117e-6,1321.4264997707278,-80.03460727050795,-2114.0,6199.69066241702,0.000927580699449894,-76.31093592725524,57.39035020824335,-97.44392707432667,2.0563938252727715e-5,1.3785364241853357e-6,1955.4605477219343,-15.78764488529377,-8023.0,163.85689379247873,0.0009541181404413142,-0.1998983604539815,18.036633493031765,-39.54829086281215,1.8779259249118478e-5,1.3625594926104352e-6,2401.5715519099745,-24.717863626397197,-2519.0,22613.520289622575,0.0010778749548320072,-1822.8736498567725,179.80405292707044,-291.6699799918764,2.055888586390894e-5,1.3029621563889234e-6,-214.20318520672993,-16.578621252589556,-20448.0,83263.46622159563,0.007448730701296446,-3626.939526239825,769.7799570156795,-567.6389512529704,2.780554371904977e-5,1.411671309719071e-6,3109.9962922796176,-50.671468444775165,-82898.0
t347,16288.789954680133,0.0003968470180428613,-1829.998951874709,169.34159184510696,-267.5848319836514,1.99504435130339e-5,1.2934756644337556e-6,1065.999545492411,-26.547720138903372,-15400.0,7670.7612229260985,27.129082569416667,-1684.3556928474425,10.566549990078341,-15.714107971060805,1.8478356254359697e-5,1.3588295498996624e-6,-4680.3484197908565,-23.03865340415568,-1305.0,97.7586225791447,15.773366170737276,-179.60905727661358,8.099251221385884,-11.711571157830964,1.8383898469532938e-5,1.2911646522807843e-6,1080.3780802775761,-22.688709167188257,-988.0,2323.188074341937,0.019672106632701965,-0.05630797064812724,16.166654457421075,-21.386338802668067,1.8359931952264443e-5,1.2867508459695639e-6,-279.2472972361288,-81.68447397410242,-1957.0,1286.6059844775614,0.03692019189651163,-11.847384019056793,1.8578361416877658,-2.5559953462091345,1.7676421365615046e-5,1.2798751796508752e-6,-1039.580649231373,-10.516728635522286,-224.0,7164.78647178435,0.03885990010144326,-1218.0697654647709,9.847787727411607,-13.28974020847511,1.8148769365130367e-5,1.2823823299250463e-6,-4684.315583264614,-50.998047549371776,-1208.0,946.9840232197702,0.019029014785091797,-0.06128266423734566,18.348996944645826,-24.24730789400189,1.882288078272594e-5,1.3585298606807008e-6,1300.209243708457,-81.2527212855094,-2160.0,6118.734175979985,0.031662021185727196,-30.937871710277996,69.33865033837698,-75.01335587374464,2.0608151145650174e-5,1.3793030279005942e-6,2133.111512896937,-16.264793653672353,-8199.0,136.91504382880623,0.02109162145585053,-0.07860688756722693,21.883497816078386,-31.139886767362114,1.8795422340884642e-5,1.3623922724938221e-6,2472.3236250117016,-25.92478417274592,-2574.0,21492.905045622425,0.028763316397325385,-1725.9613275173624,207.34364726662616,-263.5804581521796,2.051168136655094e-5,1.3025679375602076e-6,896.5922028523257,-15.32788922113023,-20592.0,88974.5480213687,0.0009200620138681984,-7231.194228669582,682.3739062099035,-1397.2138148833856,2.6676516078447528e-5,1.408002280869816e-6,1734.877739283565,-45.392568549458026,-82718.0
t348,16089.992383852586,0.0004015036609404845,-1829.9989461291202,202.51804894332741,-221.61245106100858,1.9963362321428714e-5,1.2953591694580213e-6,1332.0694507065127,-26.968902963778177,-15546.0,8215.423082926603,508.2944688305301,-2704.861351909354,12.856787472635414,-12.761196941990262,1.8449967556318417e-5,1.3601620715190864e-6,-4670.913177019457,-23.0386318590002,-1325.0,94.08651165363524,29.96753454760896,-169.57259572239985,9.840843361373153,-9.5759893753105,1.833309583564744e-5,1.292284153701857e-6,1070.9423659933393,-22.688687760322917,-1002.9999999999999,2380.854046394269,0.025877789044542524,-0.047857648209291996,19.693496933944687,-16.888985122048663,1.834333321894181e-5,1.2883107760450678e-6,-311.5229817951104,-85.11361361391766,-1987.0,1799.4385645452044,0.04002050756774951,-9.369368243872332,2.263536902586684,-2.112917642289142,1.7679130908156542e-5,1.2815791997750144e-6,-1551.3540196670795,-11.905832826665426,-227.0,7087.164123500467,0.041085203319204136,-1202.8353171550355,11.989269052201404,-10.665475687593823,1.813530803653838e-5,1.2842597243791401e-6,-4606.727732352888,-51.96596962330376,-1227.0,978.550012272419,0.024933614462987554,-0.05018364478712955,22.3663252015159,-18.943703714620955,1.8838601060106494e-5,1.360388138777541e-6,1292.7011616795046,-82.64856438123618,-2192.0,6088.1019949945385,0.033406891457262985,-22.37408629436059,84.82330146511407,-51.77327181573724,2.0642909010633848e-5,1.3807944433761799e-6,2244.7190684312836,-16.53043370876331,-8327.0,126.80922155064123,0.026090522912694345,-0.06387592062997607,26.5009957470085,-26.26510293950221,1.8814325844398772e-5,1.3643127759945601e-6,2509.4097279677217,-25.417076497695255,-2611.0,21714.369581749233,0.02940800321636984,-1789.121222895859,244.32093574431514,-263.39832841640686,2.0516315059171577e-5,1.3035567645841188e-6,745.5429759355645,-14.743365959830973,-20637.0,88958.54387897384,0.022284372046140127,-8169.275157230636,816.9426182643467,-1080.070960069093,2.6661510414227178e-5,1.4090126199236283e-6,1945.133160120609,-46.2958495927969,-82425.0
t349,15937.024962628017,0.0004237537247788148,-1829.9989093976485,212.69915224918444,-234.9520660241715,1.9986599718903784e-5,1.2886941110429829e-6,1532.306964012867,-28.08054239906737,-15589.0,8445.308881546482,609.4565773259397,-3039.0195578752405,13.450896814087429,-13.522778226641453,1.8451155331354983e-5,1.3560865336058899e-6,-4657.635484014974,-23.038554064881673,-1335.0,86.127989495443,40.745037524844726,-150.8480833978509,10.274209927131073,-10.274538518001012,1.833110358004766e-5,1.286130606079678e-6,1057.663978047127,-22.688610370806902,-1010.9999999999999,2449.6504503941514,0.0320333996455074,-0.03926651815569417,20.535904993805776,-18.19083470206004,1.8364509192689758e-5,1.2822575426508986e-6,-362.14039293359247,-86.84791170851975,-2003.0,1785.2255294356867,0.04128727841002635,-7.570554891472087,2.3739763601011594,-2.2871152144246962,1.7723160699972307e-5,1.2756884344648605e-6,-1536.8951393399389,-11.888000089147656,-229.0,7665.314352905484,0.04144136153928588,-1197.6730456611608,12.499428588035308,-11.526203529300668,1.8164322809197627e-5,1.2784577422527512e-6,-5179.2526152570745,-53.403375492015336,-1236.0,988.0954295311116,0.031187917916313947,-0.04016428864201389,23.33951507299459,-20.35299974426849,1.8846220181066653e-5,1.3565527014903365e-6,1302.836735301566,-84.9097227652699,-2209.0,6024.649873809754,0.033786674270773066,-18.633086506772177,88.5974151972287,-54.17417167188767,2.0643708014736397e-5,1.3769027852124633e-6,2369.5414065914806,-17.015244125943354,-8393.0,105.08927906751205,0.030330203974717772,-0.05212604011270568,27.58192689180132,-28.430068193935277,1.8830472959569964e-5,1.3608091971494481e-6,2552.7640830684177,-25.98344457801615,-2631.0,21374.381756204857,0.028590764511980605,-1628.9203448978503,261.0821172562435,-221.2118130295272,2.0483568937260893e-5,1.2983425459271618e-6,874.7687843711235,-15.129106468371226,-20645.0,87820.87627586389,0.022630126441030216,-7622.066048052594,855.6829048543832,-1041.0512422378265,2.6635859530871552e-5,1.4042197842918372e-6,2046.0416801529987,-47.50622583907428,-82012.0
t350,15513.724092939485,0.0004146547525008146,-1829.998909026191,203.47417693594917,-292.89766513029605,2.000198934506578e-5,1.2892460611925075e-6,1968.6816695692985,-27.983795141136966,-15535.0,8421.860148867718,697.9087208020308,-3117.1342455466474,13.138253025694498,-15.17035622801,1.845104394068813e-5,1.358749389999615e-6,-4642.563926588328,-23.038612833318442,-1335.0,98.90484998012174,43.73448068246719,-149.8780058612581,10.01975271584704,-11.683297228209543,1.8352641093357254e-5,1.2892975330485296e-6,1042.59087437321,-22.688671981998464,-1010.9999999999999,2564.736315214746,0.029735470249641717,-0.04458079718077549,19.065188564255,-29.830750349566344,1.836098356308828e-5,1.2851468313376777e-6,-462.02008148862217,-88.93584369108751,-2003.0,1618.4369950691917,0.03864664339506657,-10.454305729364373,2.3030083759959594,-2.746083978400988,1.771195677687456e-5,1.2786239572851531e-6,-1367.0151190873987,-11.563157748969523,-229.0,8410.531879390941,0.0370249205024033,-1366.1795154529755,11.810597395386901,-16.576227280062536,1.8155801519708262e-5,1.2812242174504144e-6,-5748.044556113361,-55.57921994136852,-1236.0,999.969069514869,0.02875320248727003,-0.04665063508125822,21.584366828071385,-34.61945561252388,1.8857153678035405e-5,1.3586879921434377e-6,1309.0214512160828,-87.93755350471665,-2208.0,6127.48572871951,0.031460858740487846,-53.46070443504902,69.66361843098045,-208.86551370128907,2.0675745826577917e-5,1.3797299106893901e-6,2478.1117101035065,-17.966320046206146,-8395.0,139.65293981202817,0.028492214437174,-0.059649443213167286,26.244995912412744,-37.3520292267201,1.8867163049438792e-5,1.3644564927805925e-6,2526.52249307907,-25.03726197173359,-2630.0,22530.343190952943,0.030317379952333176,-2031.9501280616357,226.20885341247845,-546.3703942366969,2.0652037258328812e-5,1.3003823547540025e-6,571.6589292073924,-13.920784635726914,-20736.0,87213.46537162986,0.022362865956355015,-7603.5429583321165,845.3311731480246,-1104.0356477107277,2.663061631309567e-5,1.4054197247839632e-6,2323.056555729152,-47.296882463640934,-81627.0
t351,15814.541247932002,0.00040150300086720176,-1829.9989352791963,214.21547143849156,-394.0327306749894,1.999870573536051e-5,1.2929080083369463e-6,1745.7219993868314,-28.447469490388983,-15522.0,8099.565830202689,798.052560928461,-2878.242317048205,14.10682778852065,-19.02387846298415,1.842678484444356e-5,1.3615752722160746e-6,-4652.420434648524,-23.038607239977956,-1339.0,101.39778720842541,42.204018600758864,-155.35437899457114,10.738974820875084,-14.74566508359628,1.832843161907834e-5,1.2923903616539507e-6,1052.4479106481995,-22.68866449937861,-1014.0,2548.8693730456685,0.028081250151101335,-0.04911826441331154,20.836066348205428,-32.636882134706106,1.834096710069822e-5,1.2882187455859328e-6,-440.2071691126108,-87.84036819357152,-2009.0,1472.4463166476603,0.04004852232277888,-10.80828536584161,2.4819370257923747,-3.428942793189608,1.7703521586891973e-5,1.281724030811584e-6,-1219.5380386384838,-11.193051849114601,-230.0,8353.863447720018,0.03924780849953572,-1256.3791125530859,12.814745391616484,-19.234740606688028,1.813907974357118e-5,1.2842656756318072e-6,-5796.131688968599,-54.97191585982529,-1240.0,982.4005341765668,0.027018697056981227,-0.05155215527590564,23.620456046303428,-37.48534889547576,1.8846891306109257e-5,1.3609662124322257e-6,1333.5407858674314,-87.05191272018754,-2215.0,6148.272076396381,0.03267423632714407,-40.575397519491595,83.32965027624326,-152.1962741937176,2.0644826322214657e-5,1.381876223589891e-6,2399.7755479570583,-17.638297194323986,-8421.0,146.30864116800026,0.02207444294174753,-0.10996963946394282,27.100082460055347,-58.592109473514924,1.8854557476220127e-5,1.3677210064687396e-6,2549.1835715659313,-25.912310138902598,-2638.0,21969.386138603975,0.029787021019780518,-1808.0626662967854,255.15288900958961,-496.3382204355745,2.0625714323777256e-5,1.301692022532962e-6,878.8544204921756,-15.022364345356271,-20784.0,87255.53613944678,0.0220494345442427,-7738.330568791163,894.787907957813,-1349.8264476950992,2.6621774990348664e-5,1.406643788405023e-6,2148.77309545059,-47.96220093155736,-81163.0
t352,16488.550094380305,0.0003719776407446336,-1829.9990003201442,286.4982773931862,-381.9639199601355,2.0013028216288385e-5,1.2979940081868997e-6,1013.3027653825,-29.388604033323126,-15547.0,7090.632579136843,942.3882608262293,-1938.6838191130944,16.536903379106736,-31.553881808944613,1.8341036620251288e-5,1.3628121680712359e-6,-4711.2814706586805,-23.038590148003685,-1345.0,63.20743507499982,38.38521805739758,-161.04258237408578,12.62113785465517,-23.791994279446364,1.816048257410865e-5,1.2941878035047441e-6,1111.3094126758592,-22.688644133516473,-1018.0,3101.6099896198807,0.021510532162073014,-0.08045876229233691,26.357211073174835,-42.78757983942451,1.8289389893231786e-5,1.2912717520119576e-6,-987.9691691713502,-80.15152045452137,-2017.0,1673.571627394149,0.03952711595773473,-14.361322128903053,2.9662171485530444,-5.389478213336597,1.769403050847633e-5,1.2847602598650152e-6,-1414.3241763264318,-11.50241142538334,-231.0,6829.557498802911,0.04065454764962819,-1208.7988277015036,15.935663397441552,-27.101671019604275,1.8114544063938978e-5,1.2878117009561385e-6,-4310.94992613664,-53.68340892857605,-1245.0,811.0789942286139,0.020744297163994282,-0.08653461891855431,30.036304962055556,-47.871693040935845,1.881001516326711e-5,1.3638907173026303e-6,1516.4715372270941,-85.6493719952291,-2224.0,5843.046649457306,0.03269590795747003,-31.723865141479553,112.39407643233436,-143.30482781512376,2.0491224001112354e-5,1.382473584628625e-6,2692.623029299399,-17.067778020093623,-8456.0,41.6716968095755,0.005982421869542603,-0.006775857428755308,39.07174769296573,-39.07148138598675,1.9320456928899924e-5,1.373047780076859e-6,2636.243152101042,-28.914341859408257,-2649.0,20912.804314635814,0.005979717287463715,-1490.0029589407513,363.55131607014135,-363.5510254560763,2.1083441781845743e-5,1.3053652328702373e-6,1653.7477065827388,-17.55534901694015,-21059.0,87108.30325493617,0.02155882585376529,-5649.882991123149,1071.2118032955982,-1818.5098495794055,2.6633531765146494e-5,1.4085865260926796e-6,800.8271390244693,-41.970940507239824,-81470.0
t353,15774.837797070573,0.0014564710174571258,-1355.268192245244,392.5746427884713,-392.57302323421055,2.2018205587806058e-5,1.3017924026792117e-6,1439.9164406026243,-31.48913886333074,-15828.0,5379.872362111695,0.006547433449504762,-1.7875605618555435,24.190932398859402,-24.18983267102796,1.9099110561545604e-5,1.3648036646165606e-6,-3994.308491563357,-20.78397629120395,-1363.0,49.75372205257865,0.005235561444150757,-0.004858758149540464,18.42538710497039,-18.42429341581284,1.890013203051475e-5,1.2972538314737332e-6,999.8046061571641,-17.559816560861968,-1032.0,3650.9719935525363,0.005125008822288373,-0.004757121401328516,37.82530160198345,-37.82419275044514,1.9023369907562095e-5,1.2940731961490138e-6,-1554.9154713845387,-52.058016643093985,-2044.0,1879.1139602157555,0.0057206686262720055,-0.005343892272497128,4.375145747232836,-4.3741770591402656,1.843419043207689e-5,1.2873055335781282e-6,-1634.0849890630022,-11.03033379243548,-234.0,5809.915902849069,0.00686151924530409,-0.04276071448795492,23.12286930949382,-23.12172117688769,1.886948328713392e-5,1.2900460404256195e-6,-4508.103466012343,-39.77770356014861,-1262.0,609.3441025983262,0.004691219923907367,-0.004202761080046295,42.84949424727502,-42.848314597808084,1.9546254183012233e-5,1.3648158637492507e-6,1722.481700215559,-76.8274905924133,-2255.0,5738.039509879172,0.004865025036533456,-0.004353562837561966,154.20801697197834,-154.2068386711622,2.1221023816733042e-5,1.3840676708718957e-6,2839.323804078067,-11.365024329388755,-8566.0,4.720979249908283,0.004746081726008832,-0.003304563285653238,52.22059859691785,-52.218876227221585,1.973198816082359e-5,1.3747492120523127e-6,2709.6502974260693,-28.37446105152279,-2686.0,20650.69376492353,0.0066237248664018445,-0.005723003494855591,505.90953497602897,-505.90745366491484,2.1710256609700398e-5,1.3048494020255205e-6,1580.31873280173,-17.01549677836326,-22214.0,86949.87760098233,0.0048514114790600875,-3519.291172648902,1590.3184867627554,-1590.317274920897,2.7784379960400796e-5,1.410815344366956e-6,399.91683674202613,-22.509354596448933,-83808.0
t354,15519.784870316953,1829.93096043914,-0.0014708427656505009,584.7660766767569,-40.590946527024954,2.145537993115564e-5,1.3027531624219588e-6,-760.0089278361263,-9.880579752889476,-17124.0,2077.7389606464762,917.6818532715662,-0.0028351345427845404,34.28841550348789,-6.255849619706279,1.9426122893693065e-5,1.3815778708504478e-6,-1596.0079274582024,-11.442637146010442,-1416.0,49.28084039226489,120.9904514461725,-0.0019450534693419043,26.041591041530403,-4.739481675545141,1.9193674492408256e-5,1.322596508305721e-6,882.812663393652,-2.3841386292137843,-1072.0,3607.8450961754834,0.022657271740033087,-0.0021123169026156362,55.07414754706912,-5.3385646106643785,1.927252660406251e-5,1.316894178432371e-6,-1503.847295335507,-29.75394763816625,-2124.0,1802.5319922735234,0.04784206067745168,-0.002229569538760643,6.130588376798006,-1.3094855276306383,1.8710640870723737e-5,1.3117222845694082e-6,-1553.9096562922143,-10.489069699128358,-243.0,4563.42009291927,1166.7343683315637,-0.003004019289507624,33.49504660070688,-3.664182498545419,1.9133920959950243e-5,1.3148612989724437e-6,-4424.20580887768,-24.776531441442614,-1311.0,763.9615495200072,0.024503058920400916,-0.0018509969410797024,62.37645616489897,-5.780088194423851,1.9852120506119263e-5,1.376508187718555e-6,1588.84112850041,-65.4217184961031,-2344.0,5738.081313575638,0.04117772588999948,-0.0018696682114956577,224.72003183646467,-17.161795464528446,2.1500461754184582e-5,1.390083941746478e-6,2963.094353849024,-11.773232746352983,-8897.0,8.58026361870013,0.0307873978692509,-0.001884551584249243,76.96921389057349,-5.621816585306305,1.984134744721874e-5,1.3726095156022564e-6,2741.185166770284,-28.14175126204651,-2793.0,20762.58959531608,1490.0366152236545,-0.0029635514097092136,777.2286436276429,-48.95800400675419,2.8736118863321255e-5,1.360661297358364e-6,1295.7535786117453,-12.647492945634047,-24264.0,80236.44780005839,6614.974655444876,-0.002618862447353623,2388.7983476213385,-125.77669903380442,3.029580258495323e-5,1.4033790629801487e-6,366.292724674615,-14.734238911153923,-89466.0
t355,15587.55106831315,1829.9821782805652,-0.001207935397615414,529.9414889610946,-22.661870788897822,2.1654717144783946e-5,1.3066299107398377e-6,387.6018181798857,-3.4134927319014663,-18309.0,2174.3580646405812,2330.3546789143825,-0.002777028033298308,33.677690119753414,-8.240816762556268,1.94295464215083e-5,1.3883366059663897e-6,-2995.5418438363818,-14.6050160283413,-1520.0,49.2525482694676,103.2975650081906,-0.0019226403855253226,25.597560987071844,-6.272379231120434,1.9173627687679466e-5,1.332727836268954e-6,991.8772934026397,-12.750684870567929,-1151.0,3549.2800474190967,0.02816986128020659,-0.0020088161065980304,50.82801633535243,-3.184347749442705,1.92902576314053e-5,1.3285852784441704e-6,-1273.2906015024753,-43.65929448805267,-2280.0,1833.495070166954,18.691537669654636,-0.00207918973402211,5.873361279663647,-0.37014581703116556,1.8761277935302078e-5,1.3215818442564885e-6,-1585.9822081889133,-10.705554358865962,-261.0,4585.193509705007,1274.2154714710132,-0.0027955507683162383,31.081132270450613,-1.9442736962241385,1.913506031938121e-5,1.3238407310023528e-6,-4455.351603600007,-26.191459593097637,-1407.0,763.9696837273278,0.034848099619062906,-0.0017785102429935828,57.49065713314395,-3.6113031883852105,1.98833333269969e-5,1.3841839019440267e-6,1770.840244136257,-72.722371879468,-2516.0,5738.086554662068,55.30749368897743,-0.0017501798559574056,205.86922861782958,-12.614446091756793,2.1581125295055373e-5,1.3964913259325702e-6,3578.155803772726,-13.802905449697159,-9551.0,8.582696569472384,0.061306385794984285,-0.001776406897883676,71.86551114071156,-1.0799349717089195,1.994475087417245e-5,1.3954982194704292e-6,2929.8636188933024,-11.291442397137104,-2998.0,20810.02165530731,2268.0549622485933,-0.0023282295599668765,656.1076225466102,-25.47300368466786,2.2116248376619222e-5,1.3104794823766619e-6,600.1016762038872,-9.810602713401593,-24299.0,80965.1304175836,8519.155587844301,-0.0021751297932034964,2126.805371482798,-209.72889777172946,2.8435216033601633e-5,1.4209639506123842e-6,51.72580253907854,-18.0861339254464,-91435.0
t356,15475.358564741942,1829.9825703109584,-0.001213329386440094,341.61478415903764,-16.351174561668284,2.167685563463643e-5,1.3062676717466539e-6,548.2236039162298,-4.827152989776807,-18174.0,2215.4905794697243,2150.7979237312725,-0.002822222922566968,20.785103009796817,-8.982135425630055,1.9094418401045134e-5,1.3284895390918488e-6,-2856.2214142681023,-13.867253927336067,-1508.0,49.22401151029077,89.92682753698422,-0.0021762912324983534,15.76029264424678,-6.978881177112851,1.900892909077847e-5,1.257270116471421e-6,1005.9850519330785,-11.915145795430119,-1142.0,3544.5846493863955,0.021641625042841266,-0.0023634595756483814,31.51584636220467,-4.550098777006226,1.94741675874874e-5,1.265692822066625e-6,-1265.1113959754414,-44.45829921761686,-2262.0,2007.2548407109712,10.923498005892043,-0.0024168053469030863,3.626771905505148,-0.5360776368122836,1.9194077894654034e-5,1.244535675287422e-6,-1750.4509088541652,-11.81572705332244,-259.0,4605.9803729831965,1363.6045455638691,-0.0030896364057381213,19.281917671348168,-2.6875386671017023,1.905612782216308e-5,1.2645380322269951e-6,-4562.868525470121,-27.307702168560496,-1396.0,763.9768157391727,0.028653948712576288,-0.001875089375728553,35.775913135212825,-4.624183556323122,1.9572987435740607e-5,1.3186390180191775e-6,1772.463585453573,-72.61892976875865,-2495.0,5738.088210206885,72.77449564506881,-0.001797447531731385,128.71215818341162,-13.2693771102165,2.2663433935272046e-5,1.348335485965833e-6,3562.447341214279,-13.751052738716998,-9475.0,8.583834698937006,0.05158372163936462,-0.001908590729184657,45.730242284863785,-0.020963063619328585,1.9766764592353566e-5,1.32641008794623e-6,2929.9481516533865,-11.290961340025094,-2973.0,20857.188307316937,2051.5705719914986,-0.002307668221155796,411.90358638987396,-28.870601701279607,2.2165374945157396e-5,1.3065962378391068e-6,600.0204472513446,-9.810021888251189,-23882.0,82059.8225749123,7196.419578478315,-0.0021785643835843605,1404.5398479837934,-226.71699426809033,2.8463908436864356e-5,1.4194975972763987e-6,15.564063145938722,-17.626919089828622,-90432.0
t357,15580.517484284457,1829.982084530685,-0.001217138778390032,282.69060206103626,-33.924068172260974,2.1597202756517105e-5,1.3011809860396845e-6,169.22780213541589,-1.4927053640931305,-17827.0,2198.8651899562105,2637.820845882418,-0.0027657045718097635,17.214297604796467,-9.115500853136565,1.932449922066481e-5,1.377552094906414e-6,-3342.2670268604147,-15.515059890139792,-1487.0,49.19549807393755,126.67473431836699,-0.0019895714832690523,13.104650868307468,-6.942934720354302,1.8993412538057744e-5,1.2931809474467836e-6,959.4771621860676,-15.507140074186042,-1126.0,3220.2005632604923,0.025989664779604463,-0.0020724014905463693,27.464306427105857,-4.432734746143183,1.911649908545223e-5,1.2925167153896623e-6,-971.4634919235582,-40.79257917219854,-2231.0,1432.0801100400724,17.10016835039626,-0.0021738906729584094,3.1424188101954966,-0.510856512581537,1.911713291583494e-5,1.2821244668079616e-6,-1188.7852196428166,-8.024466038095163,-255.0,4605.937091650113,1226.3434191909903,-0.0028765567005600437,16.76392865929304,-2.7982120307413454,1.896310039926504e-5,1.2855518204823041e-6,-4443.815346538472,-25.428023222265725,-1377.0,763.9836766006423,0.02831344786207475,-0.0018152497165342674,31.088633632633663,-5.395334038745905,1.9740237654951163e-5,1.3711272481560837e-6,1743.9023035653465,-71.60579828355841,-2462.0,5738.089252771539,33.23214350929177,-0.0017651731327515978,111.30939230259892,-21.699888249603386,2.135453486570236e-5,1.3791794168816837e-6,3494.59801887802,-13.527174774949907,-9342.0,8.584623714944842,0.08814745794831347,-0.0017841083775682683,37.90826793887797,-10.997096300014215,1.9778436879658954e-5,1.3793156070934015e-6,2909.8571970510484,-11.439376421013424,-2934.0,20809.78216772533,1730.1404656961279,-0.0022938595936736247,336.1399543937081,-35.25399057367688,2.2152561223452596e-5,1.300309873061528e-6,620.151636164621,-9.957957840586735,-23451.0,81436.70904081324,6703.605813436516,-0.0021712644806882384,1165.5702998149,-198.94703952853374,2.8436782492431758e-5,1.4144474180351993e-6,49.11696498474305,-18.05293562754779,-89138.0
t358,15481.822515191134,1829.9724302440045,-0.001342593995059431,228.95533962538667,-86.13477113022842,2.150973655896945e-5,1.304471840484963e-6,-152.62941543721632,-1.9847734784415745,-17300.0,2117.052533295724,1335.2377890973207,-0.002759173281109705,15.227173003108819,-8.472862157943828,1.9428616645594255e-5,1.3981876341395563e-6,-2000.4457609809517,-7.596133041271307,-1451.0,49.16721034030215,147.6052700706698,-0.0019057299197724321,11.552644137406103,-6.403330144000775,1.9230883325207786e-5,1.3612035472654924e-6,906.0449928561995,-8.964900691074462,-1099.0,3304.1750873932365,0.033432745175185276,-0.0019481910169935111,22.872571245443076,-2.9475071969684863,1.9331772589799985e-5,1.3599156864022128e-6,-1115.2672948792156,-31.86436019527116,-2177.0,1385.0802897756673,31.87191027473398,-0.002054053491731712,2.620548527588344,-0.3431714230837691,1.8730103786372456e-5,1.3516181718245365e-6,-1162.3813028135057,-7.84623878945956,-249.0,4585.399709141432,1276.7189674353338,-0.0027728762806343843,13.96204255258783,-1.8523295091352163,1.9169038875573935e-5,1.3499993894863987e-6,-4504.996763118942,-25.228872678774476,-1344.0,763.9904007956869,0.038243900002465366,-0.001762575670350366,25.891533978111823,-3.5480515317760513,1.9831197350336848e-5,1.3955507748547566e-6,1680.3796514255537,-66.75003643306226,-2400.0,5738.090029440288,70.1444666118743,-0.0017317739153201513,92.66921029224801,-14.20961817980977,2.1410245531616882e-5,1.4055549804710222e-6,3252.866505630863,-11.55888283951484,-9128.0,8.584662049536117,0.0188324365385068,-0.0018734011925721189,31.557717922942256,-12.593218242804843,1.9904146187367873e-5,1.4096889610980999e-6,2843.459718157588,-13.025859681458915,-2858.0,20762.338022524506,1490.0201160462402,-0.0024073932728843474,271.10777216056516,-102.79069308509433,2.20375928241928e-5,1.306611259228094e-6,33.57499065649625,-0.24781916062702317,-22454.0,81579.00391649104,3769.557921374547,-0.0021905135087050744,952.1518811517585,-288.3172130717391,2.839862345952274e-5,1.417751478994629e-6,219.39467850312988,-2.7890212726667927,-86229.0
t359,15159.895942667132,1829.846340603574,-0.0014844612566848488,161.92405756405896,-628.3456890931483,2.136033306986891e-5,1.302876611265257e-6,-229.33724644691836,-2.9819382660902094,-16291.0,1980.2870438579528,331.51406550176023,-0.0028905051067288443,10.97924074326599,-7.629006549528152,1.906107280678838e-5,1.340089949360524e-6,-927.4997198762308,-2.648752799569963,-1385.0,49.166367554685685,85.59173936587727,-0.0022173452717030133,8.32896060601973,-5.693524786785307,1.898865289766758e-5,1.278344983407864e-6,913.0742797321341,-2.4656247666490803,-1048.0,3174.453581215529,0.017173659999360314,-0.0024313704895710443,16.494155489950025,-58.514168972596686,1.9358733477384366e-5,1.2831786577179494e-6,-1031.6971022102357,-23.75122785157949,-2077.0,1571.5966669696975,0.030840607109564006,-0.0026344086226498605,1.8856915146194249,-5.7315265918052285,1.916727033110623e-5,1.2604487388379953e-6,-1321.8563442674686,-8.92271357207999,-237.0,4563.810317317631,1166.7167365303908,-0.0034007627674179507,10.065441375490328,-35.134215256651565,1.899577367474541e-5,1.280720659504517e-6,-4398.820412975613,-24.634485946725317,-1282.0,763.9968326495141,0.017531982802269228,-0.002015428028065416,18.672645443845248,-66.55782896071872,1.9453577415035593e-5,1.3311598885735722e-6,1631.7045682921403,-57.831754010660696,-2290.0,5738.089814946212,0.02588233873300787,-0.0019822564943554758,66.82524508229844,-243.47792449377803,2.2317775344517017e-5,1.3561029326220621e-6,3158.9641893963753,-10.42524672149228,-8710.0,8.584229285830915,0.01152265885369752,-0.0021753750977987463,22.754720614806363,-83.52800345953005,1.9654651354819353e-5,1.3445341499915864e-6,2794.541956697347,-15.362270961361988,-2727.0,20752.040918679424,1489.97284644746,-0.0032689543006681264,189.3877085562738,-827.4273571233698,2.1881129104521432e-5,1.3016840487643895e-6,-603.5343768307648,-4.436488806078766,-20996.0,80232.72558327904,3698.466153668966,-0.00220097556536416,691.0150686945462,-2507.4805021956454,2.8351216323672615e-5,1.415712654114259e-6,14.46020848923499,-0.1843382536401808,-82129.0
t360,15079.173847178363,0.005885044893787127,-0.0018916893870942516,106.88101467084407,-530.8748186378795,2.1126548910466594e-5,1.3051085266856774e-6,283.3099814884831,-2.494035248257607,-14936.0,1930.818170232877,239.91938817724278,-0.005521059368336259,7.315977501591309,-34.19497934012929,1.9021251044282354e-5,1.3103382662097839e-6,-845.5657322345525,-2.2873228673664796,-1296.0,49.13762047239209,0.003746647293722817,-0.004693423516304806,5.549903862880505,-25.95096570982085,1.8798392880725076e-5,1.2757298678835684e-6,955.0686873291953,-2.804318641643673,-981.0,3157.9551352389667,0.003605408195144916,-0.0049250256084694514,10.99258154966298,-51.32637725402973,1.9512649062784444e-5,1.282414573070503e-6,-1152.2138097697843,-21.406230379097142,-1944.0,1331.0921462624428,0.004039121021535979,-0.005775723001802524,1.2551567407814868,-5.92480191526796,1.8794966111237085e-5,1.2641268973425456e-6,-1097.0157320067242,-7.405051891411329,-222.0,4563.893382295668,871.305813110387,-0.00693925030982134,6.707567573999976,-31.364013379358223,1.8885698098106675e-5,1.2718521353540314e-6,-4186.185791314019,-24.350038661150343,-1200.0,764.0023465669256,0.003264535874692324,-0.0040759776824731316,12.444611402906437,-58.08744267349007,1.9697911816091183e-5,1.3098377795341026e-6,1477.5257311028106,-51.88445522662947,-2144.0,5738.080392762505,0.003245523973019205,-0.0042530075829154985,44.549711636090045,-207.96931609563202,2.4393215571729397e-5,1.3398965473635888e-6,2582.8643750533665,-8.524179656987375,-8148.999999999999,8.578762638159821,0.003133878024953676,-0.004391760467478341,15.167212799643815,-70.8463537656731,2.0007686549392962e-5,1.305486284964729e-6,2613.773965055555,-12.672349713709211,-2554.0,20752.034342301384,0.007199709957211881,-0.0071249043535949975,124.84660681245802,-653.2040691062585,2.1634333819607234e-5,1.3030307671264218e-6,-632.0308692490432,-4.646103344753345,-19587.0,77537.9910397258,2099.793894426619,-0.004006598991288975,459.5800468962131,-2146.8233664394083,2.8146492834577735e-5,1.4159511870700432e-6,0.4691945447134649,-0.0068296383871259735,-77951.0
t361,15518.93973982435,0.0021766501082847137,-0.0037857973794472115,60.3786721054652,-316.4332155408207,2.086202975320801e-5,1.297435005801759e-6,-1514.117963717978,-18.76564044149521,-13730.0,1928.4194310324524,0.006519234174339803,-0.04348854739714516,3.4131330659030445,-29.135472267104447,1.8908588478540582e-5,1.2987013590461062e-6,-696.8089591191766,-8.851182815933036,-1197.0,49.109070853709056,0.0019890251861676986,-0.16741759656042282,3.024300463467037,-15.697657891062551,1.8696674086194163e-5,1.2595891774102939e-6,873.8817002487725,-4.152004448865409,-906.0,3148.1932042586927,0.002146526922048367,-0.028784773892874514,6.1234637330174895,-30.889296676764197,1.9343015820420323e-5,1.266740988842674e-6,-1291.7233931750366,-36.67735991509248,-1795.0,1506.6400029944925,0.0022254177875546286,-0.27305840303522777,0.6280350518557641,-3.6906873395385853,1.875325818218007e-5,1.2499789473680886e-6,-1289.6015080487318,-8.705029013042735,-205.0,4563.415274041363,0.006042105640224563,-0.34703400267088164,3.680860350498037,-18.93687707161784,1.8769659034159384e-5,1.2558173686656559e-6,-3418.4501563920317,-21.368128507904164,-1108.0,764.0090690455388,0.001915756582828138,-0.03128429751589123,6.95352855075941,-34.94306040678612,1.9518555648883565e-5,1.2995128073896284e-6,1288.5349429874677,-44.5251317156157,-1980.0,5738.057396125641,0.0018460287516584852,-0.2869125398294585,25.3394452357383,-124.51785233645246,2.3947574019956018e-5,1.3324512685058692e-6,1886.6327415399355,-6.226687384574338,-7519.0,3.7865097843654234,0.0019304152900231804,-0.0572197126538239,8.511545504317835,-42.5542005405091,1.9807107431483003e-5,1.29044301299803e-6,2406.862542240863,-16.551128344567786,-2360.0,19177.71704650852,0.004148443075440832,-0.07838965076101276,56.444410275173425,-568.1956349027485,2.142698564176022e-5,1.2972957095038887e-6,0.10982502258241415,-0.0014232621938816074,-18666.0,75028.39932909881,0.005513471535868956,-0.04982252295103495,222.9837442464691,-1846.4400739557432,2.7940269376638244e-5,1.410022288433184e-6,1754.680228413333,-28.578945619057343,-75131.0
t362,15252.321016810482,0.002140852505601978,-0.004009354092313177,40.02058279220723,-237.86372264867916,2.069262131299515e-5,1.3007234600678472e-6,-2054.950998492304,-23.525026715785373,-12976.0,1892.058591182096,0.006700183647615197,-0.03720259045968353,2.522712324851804,-11.141329095400431,1.9161918562578887e-5,1.3856149487924522e-6,-750.8556448323378,-9.553846850399047,-1123.0,49.08040465622217,0.0018429879403726477,-0.4282677491905929,1.7589563428009212,-12.588710488989157,1.899759805568002e-5,1.3191792248256653e-6,816.060959660517,-3.8852050668539,-850.0,3140.9758049180973,0.0021341874556554618,-0.02049035920017251,3.625006847887099,-24.037962157708677,1.9152406036124765e-5,1.3256603927855506e-6,-1391.7561698701547,-43.78834336188456,-1685.0,1557.2077419653965,0.0021263927695625816,-0.5449483050386961,0.3829366395370379,-3.1441138143639042,1.8723641060111967e-5,1.3038685301041235e-6,-1351.7790334583985,-9.124728703857416,-193.0,3417.984184859138,0.005706713816614489,-0.6865674989568472,2.1609147074903126,-15.012360108135647,1.895021754332061e-5,1.3180388750324759e-6,-2341.328292272272,-23.123606040897844,-1040.0,764.015394763479,0.0018740127552287307,-0.02329534180017339,4.179252881235298,-27.05853404464266,1.944280971280564e-5,1.374695271001213e-6,1155.7264072242838,-37.8411195272187,-1859.0,5738.056440767788,0.0017802472596959236,-0.6389020499866982,16.246306080448534,-93.74988948584507,2.064904714140103e-5,1.3822988339487792e-6,1400.707389518662,-4.6231451120847025,-7056.0,3.7856556133322683,0.0019025453722592643,-0.03960600614952363,5.157718087097351,-32.70305070423722,1.946423736867665e-5,1.388365999398763e-6,2255.7432548421066,-15.945894739087315,-2216.0,18487.350730530077,0.004240546408497108,-0.035132765216697524,39.51045201028412,-253.52986818097773,2.13529845760118e-5,1.2987584919781067e-6,0.7053107820755636,-0.005750418775136434,-18274.0,72093.06927006235,0.0054917022019092794,-0.056988904578711023,154.36646815020362,-910.4036956040574,2.7905022291779264e-5,1.4119159965335816e-6,2261.7268168978217,-37.70738914110802,-73561.0
t363,15041.705495974276,0.002140376835394171,-0.004010631970533459,14.327929422375457,-182.95952229609082,2.064314055409394e-5,1.304002625715313e-6,-2266.6837252695454,-25.38832428464994,-12581.0,1703.660269851361,0.00702220859819581,-0.03467790770345283,0.9769962946193885,-11.863498937195777,1.9278566199500006e-5,1.4042671639284293e-6,-595.0640562757739,-13.682075047229903,-1084.0,49.080732906678634,0.001865151523070827,-0.3046760267536232,0.6075741770290356,-11.424149060696353,1.9118582420090633e-5,1.3700210687792798e-6,789.7531216828908,-6.714487823184413,-821.0,3107.246596293267,0.0022154967961901177,-0.016209487115469507,1.2099575245914191,-23.738507496954433,1.9228488200398865e-5,1.3759190849804923e-6,-1414.2968217646835,-43.40724975080546,-1627.0,1553.1022543100603,0.0021718344447191353,-0.291109657195074,0.13924215608792365,-2.1677804900142803,1.8323964751388238e-5,1.3568536970728306e-6,-1355.6340593964055,-9.15073672880351,-186.0,3113.2043883115016,0.005797462440061324,-0.37357092700207656,0.7419131609699221,-11.792400938701505,1.9013581477500796e-5,1.357960453638045e-6,-2073.1158767922793,-24.67026911878048,-1004.0,762.6614996088396,0.0019313091721471277,-0.018922020307148867,1.4161476798779364,-21.625067850764605,1.9564036387529723e-5,1.3954243666025895e-6,1086.770342128363,-34.20595102903916,-1795.0,5738.056604663254,0.001795806148096439,-0.3545362279868233,5.466001092722077,-74.13701141581507,2.0707307263035623e-5,1.4029954696709063e-6,1147.7555358771715,-3.78840990852256,-6813.0,3.7857489153349038,0.001969808558919573,-0.030093950901911238,1.737910352145924,-26.18806631529084,1.9605954708478312e-5,1.4114897610006884e-6,2175.3350525073915,-15.642541779709987,-2139.0,18290.734427170257,0.0042929871173146205,-0.02467206182508665,15.381133105108153,-150.7350002027929,2.1296072589625063e-5,1.3057928102263465e-6,2.659912887787875,-0.020111394744542883,-18158.0,71193.30494728345,0.00550958889337599,-0.050856360135827894,65.40379166317467,-538.4182794599064,2.7892545617045027e-5,1.4157090073054556e-6,2502.5205744150826,-40.76571395853605,-73182.0
t364,14877.052701430704,0.0021400031216266295,-0.0038295030676861906,17.556798466838135,-159.8266924365497,2.0614010588542148e-5,1.3068760610863703e-6,-2320.915549716901,-25.865584931140972,-12388.0,1622.4778533753076,0.007021161761203549,-0.032969490629971156,1.3705979303465832,-4.459595911461364,1.927576667569575e-5,1.4058233733081279e-6,-544.6077601908654,-13.75516668652426,-1061.0,49.052116154329745,0.0018684414211913654,-0.20590346817774066,0.902366405414339,-3.7700912932131656,1.9120708517553892e-5,1.3737768369734364e-6,763.9569336152443,-6.937308853421042,-803.0,3092.939721006038,0.0022694618372235934,-0.014685903232310915,1.7948018427024204,-6.52873557702628,1.9242603806453838e-5,1.3812281844007514e-6,-1454.7479865502714,-42.44540354697766,-1591.0,1456.356258001696,0.0021839215454656892,-0.1795376075418426,0.20835160775740527,-1.009551171300853,1.830447264696723e-5,1.3607649853637097e-6,-1264.8398501353017,-8.537872573128594,-182.0,3135.3310026932386,0.005795553152240921,-0.2547387144380176,1.0871338900352112,-7.76290158897204,1.9016640997898002e-5,1.361535072482955e-6,-2120.6888112015854,-25.71749947989369,-982.0,760.3670208041157,0.0019704976590962046,-0.016934474829009016,2.0196653677163368,-15.633038603454098,1.9577331126316002e-5,1.3970534879701878e-6,1044.0126085279485,-34.75131230794399,-1756.0,5738.056754421473,0.001813241343739807,-0.23529011704276,7.19915705939126,-62.68704850806506,2.0679767822656665e-5,1.4049173889301572e-6,982.9090193414308,-3.2444255259382575,-6662.0,3.785798247338266,0.0020115897715373083,-0.02610038645371828,2.455480871578527,-19.62328208121201,1.961210492711061e-5,1.414729240749438e-6,2125.136505498368,-18.73043421125209,-2093.0,18003.750543613274,0.004362186292276578,-0.019567811116334464,22.750692183972518,-99.70511808143593,2.131184150051129e-5,1.308302504997516e-6,291.36113437061243,-2.1420639899003624,-18216.0,71350.54788868871,0.005524447310741503,-0.04887977373078946,82.67053410915487,-355.885149326808,2.7902439512085128e-5,1.417813091648852e-6,2498.42375644132,-40.71370142619566,-73535.0
t365,14887.375022394692,0.002137102304832705,-0.00382648015655956,19.29054901424491,-74.64757105326589,2.065916871929274e-5,1.2981770991247228e-6,-2401.4420978371913,-26.574229853771257,-12404.0,1773.6986399888285,0.00648831304982935,-0.035668333949388405,1.5500767498353802,-4.375349812141824,1.8830823991159387e-5,1.2864708379742764e-6,-710.4050816280762,-13.439124604668935,-1047.0,49.02402504777386,0.0019326822566178828,-0.20715001815344442,1.022846558982394,-4.03947903501911,1.8661198580480262e-5,1.2374984733215183e-6,752.9111139404059,-5.713308464035572,-793.0,3159.24383527769,0.002402071969625865,-0.016265228704061732,2.012690746354721,-8.93709070666167,1.9191458799701955e-5,1.24495187563554e-6,-1537.9793919471983,-43.32620006213659,-1571.0,1461.4597720795,0.0022504970943267506,-0.1698924068428046,0.23246551223789252,-0.7680890655740591,1.879966016507413e-5,1.2286564442179572e-6,-1272.1691649098184,-8.587361071865146,-180.0,3157.9783376594464,0.006062960953366678,-0.21125872906704254,1.2341168812484569,-4.05104139699399,1.8698509618076823e-5,1.233702446304169e-6,-2158.8650552157774,-27.09118154325907,-969.0,758.9259390064085,0.002114862035986608,-0.01637714875681582,2.278966308431949,-7.729167277467497,1.934436240604382e-5,1.2841508366244207e-6,1019.303927780078,-38.76542342075669,-1734.0,5738.056879655328,0.0019045319080982402,-0.16830227921153854,8.071393280241878,-28.98952545787973,2.336031269123713e-5,1.322943439872891e-6,863.8793660349008,-2.8517384993858133,-6578.0,3.7857383953256027,0.0021450051995423945,-0.024518623210045477,2.767844712300874,-9.483901780954529,1.958320425548133e-5,1.2728243227196115e-6,2094.8486506922063,-24.89597881219872,-2067.0,17852.380439153072,0.004400984602317487,-0.015483212312174522,24.644306309834867,-70.77877884367153,2.141073525302897e-5,1.300238884005411e-6,842.9614513125666,-6.1963532578262805,-18643.0,72708.31341416297,0.005537530931256594,-0.04551659611775058,100.7858705289293,-260.1935602429588,2.792482200349932e-5,1.4108802135040928e-6,2506.9562817779038,-40.82205401719033,-75015.0
t366,15081.132901951054,0.0021297589167526853,-0.003995120134744505,47.298242680357596,-72.36571727286258,2.0665841810476493e-5,1.305699103234739e-6,-2320.2042724647017,-25.8593062698634,-12710.0,1986.5092743284567,0.006843312664226697,-0.03284226331227965,3.6658520677531987,-1.330036314815536,1.929566874844706e-5,1.4102622202246929e-6,-918.9353229127886,-12.883788054390282,-1057.0,48.99574278346468,0.0018341652241739685,-0.14240353944322923,2.446165727549294,-3.508467812201159,1.914618480843472e-5,1.3799420083577046e-6,756.387117345751,-4.180007635969529,-800.0,3266.0742184345904,0.0022556982016303274,-0.013777939999699843,4.840794048229278,-7.204374289215897,1.9255248984856585e-5,1.3841588739199007e-6,-1633.912193132324,-43.78694191019751,-1586.0,1426.4654718060447,0.0021148100414784014,-0.11665148328212638,0.5599192355995316,-0.7099609340886393,1.8299830809708165e-5,1.36711226512927e-6,-1236.8519570064896,-8.34895438577663,-181.0,3180.683327641856,0.0057146368618658135,-0.13975260530587497,2.9584158045668194,-4.074228067989307,1.902854768843e-5,1.3661823703812158e-6,-2175.419648676201,-26.013847534393847,-978.0,758.6375096910425,0.001965646191612088,-0.015064907440042772,5.489040674825933,-7.854841998925676,1.9592427622080274e-5,1.3956162194988195e-6,1035.5280413310616,-40.78667063919582,-1751.0,5738.057182391004,0.0017930342821160562,-0.12426578850292205,19.51824136318134,-29.439415279667898,2.07113835607076e-5,1.4079278132535471e-6,907.9837866873645,-2.997342529861119,-6633.0,3.786050413771635,0.0020422904215569573,-0.021671609199859554,6.68743789648292,-9.665043873348278,1.9646034258049493e-5,1.4227589133912876e-6,2114.559770282135,-26.348605914102624,-2089.0,18870.122394006783,0.004467835255118613,-0.013675648621915565,64.25146835866697,-76.66787204778883,2.152210737836202e-5,1.309787760288745e-6,963.3846485216335,-7.081448766156931,-19814.0,76637.54672364185,0.0053680883560329766,-0.0417260275421994,233.06102396132505,-290.22266260251604,2.798273962502963e-5,1.41870832618509e-6,2507.480030024559,-40.82878400689486,-79047.0
t367,14967.485905832656,0.002220025803134574,-0.0038823161046125767,121.99799362801936,-32.42213760232057,2.2617636862569094e-5,1.3273646590881338e-6,-1413.1826372548671,-17.877483726987226,-13626.0,2182.567501502989,0.0072180863410868405,-0.042424748656141674,8.308462326507364,-5.124370303268733,1.9866107957285448e-5,1.4204984677352526e-6,-1065.8384340656585,-12.877973831767243,-1107.0,49.13145452938686,0.0019235114234841437,-0.04263613855639908,6.282307700176814,-0.23308597253507313,1.9574635667543724e-5,1.4075260626842982e-6,786.4611588759025,-3.6011433169906564,-838.0,3408.5063671487073,0.002349682757386732,-0.014714116596951297,12.528736993581562,-0.23140708820138461,2.0407076913323613e-5,1.4283495078533313e-6,-1712.8784340902157,-46.91292015652879,-1661.0,1622.9627265187007,0.0022576607513505494,-0.04185147916005137,1.3700695791522348,-0.22802109066115075,1.9113680757003125e-5,1.3675794641284662e-6,-1424.4498981939732,-9.615303278100408,-190.0,4609.988024412205,0.0065118858899801185,-0.04530366568668101,7.6447201104954,-0.16252365367291965,1.963184990660495e-5,1.4134876701229607e-6,-3573.6479785818487,-20.78347135979254,-1022.9999999999999,758.8350688109122,0.0020421811652982626,-0.013632620583554876,14.19545571359816,-0.23427356475126165,2.0373010910215588e-5,1.3877785092246233e-6,1114.9641955966833,-48.748877632928156,-1839.0,5626.005418201839,0.0019315048412466655,-0.03681367481511615,51.00473367332954,-0.24718346929854793,2.5441365594239773e-5,1.4437336673670023e-6,1250.4729835970256,-5.2010961628397805,-6922.0,4.163483508360557,0.0021424000141130987,-0.01585060343193792,17.349211733943857,-0.13710228655461618,2.095081775624393e-5,1.4402206417872964e-6,2208.119949786541,-30.481856756432556,-2199.0,20759.18904174786,261.41619265109216,-0.0030732848092367856,171.87719672066825,-0.00872660168158629,2.1889271286380936e-5,1.3111785320554621e-6,720.040607289923,-19.511256566244462,-21893.0,77513.6630005586,4475.035473868835,-0.0021686975048763823,639.0416864682302,-0.0058144718405053865,2.8383910623844958e-5,1.4214613315422987e-6,3109.938487040487,-50.67069208977216,-85687.0
t368,15619.397717938456,0.2950281448481639,-0.001477741201526387,239.5747733325246,-0.003765719763721256,2.1138811736903745e-5,1.3113241076388743e-6,-271.72930689419,-3.532986300470754,-15584.0,2397.7795991319217,241.14346238528873,-0.0024916904561525315,14.485641112175875,-0.0037798165579171405,1.9500103733814493e-5,1.416887473128456e-6,-1403.613229899257,-13.789221273262761,-1236.0,59.98312406637473,1.997174801407712,-0.0016416948056612063,10.98840112410899,-0.003445959613951757,1.9374624200049333e-5,1.3833971264239047e-6,866.3242444128563,-3.2878759504438446,-936.0,3428.390885624186,0.16646324821297712,-0.001502652120035646,21.76421420107981,-0.003919363873586478,1.939615695583439e-5,1.3827494072168848e-6,-1550.757739096987,-45.558421001235786,-1854.0,1663.0791288525068,1.5504733889517408,-0.0017670687905210621,2.484902013561271,-0.0028910999786865843,1.8559696730187392e-5,1.3687955761934142e-6,-1445.3535563503501,-9.756307893952997,-212.0,4600.876543510433,1168.6191041953468,-0.002533064491836427,13.278503325780324,-0.003618311206694026,1.916995692117763e-5,1.3705567264503905e-6,-4614.923471754798,-25.84454685016516,-1142.0,783.6029038541001,0.19033507977809208,-0.0013887134049995033,24.64010389035433,-0.004112255022089058,1.985025391232853e-5,1.4028420411700765e-6,1293.0474003923616,-48.47526272342348,-2053.0,4635.615566175739,1.7504910954311508,-0.0014833266102052994,88.16005590955517,-0.004053757222227638,2.1239735304612453e-5,1.4163339194232607e-6,3012.42107606316,-9.94167282332133,-7728.0,38.798910354055636,0.2511288809989009,-0.001399731443223669,30.01937632311179,-0.004065506042815865,1.9879381505124083e-5,1.429559550327211e-6,2400.447665929216,-14.51163700638727,-2455.0,21922.797946123486,1490.0096930932161,-0.0026075923825550295,292.3630969858079,-0.007008568808882843,2.2009762252103727e-5,1.3234705780026407e-6,-716.8689260624518,-5.292212227206531,-22983.0,78648.94365504784,7065.950784393099,-0.0021161359417597287,1056.4910903828345,-0.005940414773739003,2.8419144325391265e-5,1.4286489042482248e-6,2431.00584326044,-39.38334390942651,-89163.0
t369,17496.707949308442,0.0022043462189843405,-0.0038824122378707574,256.5841962000391,-24.959400290040485,2.1067405526947207e-5,1.2953705047738204e-6,-1056.7268260252947,-13.604257385705226,-16658.0,2437.8619626809723,0.014982804926858323,-0.003241738081027328,15.764798960197606,-5.137057568857909,1.9274362941414145e-5,1.2484903348205383e-6,-1094.5469339179458,-12.954530625023505,-1341.0,86.96274537616324,0.011232668215925216,-0.0013382082806848872,11.959931842617506,-3.3054167973190274,1.909904764750395e-5,1.1831199781258841e-6,923.5660538909849,-4.193228001677968,-1014.9999999999999,3468.7162402234367,0.012585008900568791,-0.0014083812146169958,23.680977834774772,-6.75889513123276,1.9770971809067302e-5,1.189444834912445e-6,-1442.3608153126245,-31.288704124796745,-2012.0,1578.5526699454447,0.012767927822330662,-0.001554354615152033,2.7100285394281616,-0.5948146020219195,1.884386217814735e-5,1.1664927070968678e-6,-1341.6229465948186,-9.056169766603103,-230.0,6909.74636257471,0.015593152270563205,-0.0036492409988773456,14.452626225224261,-4.272540651984276,1.9030361122885378e-5,1.1755885968705349e-6,-5648.306343358108,-31.632067916620972,-1240.0,982.5335328586633,0.012216708715826504,-0.001150829414611799,26.808171346636648,-7.681603028170673,1.989884577656404e-5,1.2503024722298803e-6,1289.5086644203752,-66.17985154258635,-2225.0,4000.2572905644483,0.012398511818808139,-0.0011285701443176574,95.9293305645961,-27.844764366838948,2.493071410899769e-5,1.2940792935020396e-6,4343.982770837134,-14.335921825746327,-8398.0,109.36896224413148,0.011901784594751696,-0.001182035938717484,32.667849800266026,-9.48784629072181,2.0166632650916724e-5,1.217165135752445e-6,2542.540456994303,-17.100163380987706,-2658.0,22614.22661803704,0.016702076619241692,-0.0038734232350329766,301.83419310716255,-94.16631894031244,2.7077320386562066e-5,1.3517916489791342e-6,0.09396638418183359,-0.0013128482825309172,-22822.0,85926.74205550378,0.007969206805158429,-0.004441901005069887,1079.7832052410638,-404.6753033935292,2.9017464714043238e-5,1.402791001834712e-6,1483.8719526818127,-21.725464955060495,-88064.0
t370,17496.945615102362,0.00045157724265833916,-1829.998337800459,96.56652971994744,-601.6321287904972,2.0367706920672614e-5,1.2961156927810933e-6,1601.2172679013363,-14.099413272276312,-16749.0,5866.755781648614,0.0015217960454316885,-253.81530358596265,9.742845536450513,-13.605757458344035,1.8747526075525287e-5,1.4004431446946555e-6,-4227.663789753915,-21.415317023697533,-1360.0,106.54815821361407,0.0012005684067886721,-14.286366531903965,7.269844486513599,-10.926434270076129,1.8771171576164135e-5,1.3607855686490588e-6,960.8769458487627,-19.483366061750125,-1030.0,3448.6927791399253,0.0011939380989177387,-0.13341096094991312,14.380800028516278,-19.847905592458233,1.868429807881918e-5,1.3630671110782325e-6,-1332.2153467096216,-70.87812751783439,-2040.0,1699.041047439753,0.001313246663358085,-14.86682057649845,1.4920265850661671,-3.4911317753152953,1.7911385924651833e-5,1.343765526896331e-6,-1439.4593831447362,-9.717068432687947,-233.0,8065.078972111889,0.0015229101040854349,-1186.7586007031246,8.420998259265213,-13.592000647283404,1.843373246065121e-5,1.3466209873481853e-6,-5577.793456959092,-36.357452331882286,-1259.0,858.8552763109303,0.0010557859204542892,-0.15213079172953706,16.514576528922223,-21.95053998151998,1.909946447647538e-5,1.3975197321630394e-6,1465.1280180141323,-66.39627526730223,-2252.0,5288.8626468889815,0.0010583172143821657,-18.447375663439658,66.34958706237721,-56.462154378619985,2.082148649830251e-5,1.4139444774736757e-6,3266.583954168173,-11.887736646722166,-8535.0,162.6944226114407,0.0010802265013281742,-0.18896022826728975,24.309181484175877,-15.597039303589407,1.910572434106267e-5,1.4199765819732394e-6,2527.503713750018,-12.722418460233914,-2686.0,24369.100587504752,0.0012474664526339386,-1490.133378947865,233.91067020241871,-135.08937296990993,2.1129870326248838e-5,1.3183840258453312e-6,-354.17232959984057,-11.61744012137285,-22612.0,85109.01655275996,0.0027664229687091703,-2034.4517374541763,712.1668157336283,-844.0573783125129,2.7824316251426502e-5,1.4212166970945405e-6,3109.9944064847823,-50.67145197662064,-86002.0
t371,16756.294994308813,0.0004483314309954263,-1829.998365733832,159.33347632565625,-247.7070530402078,2.0340970126368556e-5,1.2970101407544935e-6,1935.3680665528814,-18.29158227435275,-16755.0,6920.773975297014,0.0058297148168250865,-1209.5014812006523,10.941626430937182,-18.47105162726686,1.865177497705175e-5,1.384311525421633e-6,-4298.14339803649,-21.605519306254298,-1384.0,100.17465142262296,0.005973156723094455,-198.95958317001214,8.272711454224385,-13.78318373577984,1.8432917967008443e-5,1.2942661612238086e-6,1171.2981130941755,-19.008699627644656,-1048.0,2875.9858073952687,0.00563021088108739,-0.06080280113126458,14.12689136784042,-44.406831482798445,1.8393280719505263e-5,1.2970238703950073e-6,-709.1534085780911,-60.497303428769975,-2076.0,1359.9740872443274,0.00707287185474184,-50.65646970570434,1.7452217398337797,-3.601096438509905,1.820823017109953e-5,1.2788824387343477e-6,-1063.290911186225,-7.177921542624412,-237.0,8865.537143654614,0.006777907984482284,-1604.1090756834312,8.731218557901075,-24.2937527519891,1.8191840893021236e-5,1.2878795748697324e-6,-5926.561253047879,-38.31107582586047,-1281.0,877.5565881358572,0.004976776463281025,-0.06866382843615265,16.12658115609993,-52.01886113186836,1.902403827692944e-5,1.3821951612302115e-6,1510.9686515662793,-60.56929192068264,-2292.0,5562.283312918757,0.005370430029859775,-196.20614412021098,52.706969278342704,-244.18049279071144,2.0804693538359886e-5,1.399149217832564e-6,3529.0396922959208,-11.6487282306335,-8692.0,145.41353748470934,0.00486402269801377,-0.09546738217991045,18.444824436614798,-76.48458640894667,1.9016582700474632e-5,1.4063386034297262e-6,2659.8515946241564,-15.13478665651697,-2732.0,25928.297991875388,0.004770932639415629,-1663.2754863803355,238.20506072911573,-231.35272245352672,2.113008960413135e-5,1.3203050930639663e-6,-1919.3716780371215,-19.507953135074455,-22333.0,85387.68344078297,0.002985787425351375,-3926.4966186371926,775.8362266702704,-830.3491386642643,2.7837613381388024e-5,1.4232736959478743e-6,3109.9945307523926,-50.671453048909804,-84466.0
t372,13657.688497085112,0.0014347365675167916,-24.713339333915645,240.61424948491918,-58.09433583931765,2.0947690351640905e-5,1.3050985088706786e-6,2959.9934400505313,-31.489962388614888,-16744.0,8612.976258893656,0.0060166011246407585,-2498.465091116743,13.493941727300669,-14.320157018813369,2.0484957040459115e-5,1.3523033155796998e-6,-4692.0219566237365,-22.669033141861608,-1399.0,98.28311907342649,0.006817075946169546,-150.0201764781566,10.24281951836458,-10.52250621989764,1.9702904047057063e-5,1.3385397456351943e-6,1133.1343970953362,-22.124490068181185,-1059.0,2823.9509581570583,0.006105979469371766,-0.08668309443585806,17.489974178331412,-35.94175649401003,2.199919979468514e-5,1.3422449922006759e-6,-649.1962246452765,-57.222396386009315,-2099.0,748.6653365888943,0.007223481001781829,-27.667695335097324,2.072598077973135,-4.426674877857774,1.7588677967241553e-5,1.3297570965467305e-6,-475.4408443294255,-3.2099614616460084,-240.0,9022.494054156561,0.0071010532846471726,-1269.7548170966863,10.5810136444916,-22.93111588592392,2.005649846812969e-5,1.3313648267208455e-6,-6404.409050497117,-40.98720603989064,-1295.0,929.7082899356716,0.005302568425928213,-0.10297120653275703,20.097316841521895,-40.12251811013297,2.2403745676520885e-5,1.346059348705083e-6,1471.3215043791338,-65.90694735613768,-2315.0,6103.739674346699,0.005519798426126946,-59.142187238192044,75.65668187373034,-113.64175607551915,2.7615339698963466e-5,1.372895423445565e-6,2794.607132122339,-9.225091890258884,-8792.0,140.21812478461666,0.005280378733522984,-0.1387068889058173,24.257902555369814,-49.70546873919158,2.3173527152254733e-5,1.358607753175158e-6,2671.497050995515,-28.1342071322095,-2758.0,25971.52956494804,0.005638069209294674,-1957.9262218526276,260.1126856725138,-323.7335586156378,2.719802980020437e-5,1.3784486394793238e-6,-1919.4792875873777,-19.508846665998522,-22011.0,85915.66760593346,0.0036783870803002894,-6593.032298123377,895.7521928578724,-808.7135973187418,2.9657036168655277e-5,1.4090925072842022e-6,3109.9938390400766,-50.6714490304829,-82469.0
t373,13916.103077255675,0.0014710052331016138,-45.04579116769879,203.50158052306097,-385.9906408543085,2.09911731579854e-5,1.2983725790268563e-6,2959.919675252152,-31.489388191863455,-16617.0,8956.148946736268,0.008413688592826382,-2846.6764386257273,14.124402033378301,-14.776140632362086,2.3350298524979708e-5,1.3583278716532072e-6,-4692.159737400066,-22.66946944828388,-1394.0,85.97197145939755,0.00834483141726874,-99.61108647321628,10.75225331868531,-10.966429851289487,2.200338917137955e-5,1.3419103554225163e-6,1092.164403054648,-22.31947867794504,-1056.0,3275.313013627117,0.014517423609237412,-0.0050013532642979855,20.533767558056134,-20.36128589431901,2.6405080258391498e-5,1.3462731087383285e-6,-1122.3665714747049,-62.12846660564392,-2091.0,831.374458600601,0.017674092121349665,-0.005524119820423926,2.4459633560292184,-2.3085897102645707,1.8571385985591822e-5,1.3321709570771002e-6,-588.5510341190603,-3.97296694202377,-239.0,9354.203043040048,0.0179236426796478,-1166.6286306000536,12.489057864216575,-12.331314349737513,2.3361983351868966e-5,1.3428081460366225e-6,-6853.25106103276,-43.49904267308087,-1291.0,787.9695670197854,0.012646680647204296,-0.004847569642984372,23.262933354344657,-23.084653329660703,2.682302796705947e-5,1.350518466584537e-6,1594.3611895343795,-75.51686308262403,-2307.0,5025.725131506462,0.013433610063951868,-0.004881561527042535,83.99197502715535,-83.79587653348466,2.917148994324209e-5,1.376884278478601e-6,3750.447627280615,-12.377437951214894,-8764.0,106.28205580013486,0.012714384242094258,-0.004879724595885556,28.28758514222664,-28.112636816495485,2.729269488098159e-5,1.3720822969658112e-6,2669.6613796665742,-28.126246629858187,-2748.0,25989.02200224738,0.0054727940064943515,-2026.680693784225,246.11339899537248,-538.9524458251102,2.71545898007939e-5,1.380307698528475e-6,-1919.9957845362028,-19.511975793927064,-21730.0,87569.87667141903,0.0036282698759800593,-10063.886193145894,916.7061538341543,-804.8027193577914,2.960290264212162e-5,1.4088373413683443e-6,3109.769913774425,-50.66748297592033,-80677.0
t374,13463.589024271902,0.0015972205108269139,-0.015741685553076083,220.72211057836665,-220.7506416928678,2.0991184914441692e-5,1.3015359315001907e-6,2959.943242751488,-31.489607828240356,-16392.0,8257.409258109003,0.0069941562379916625,-2182.584486872548,13.805565132756007,-16.316580161090272,1.8950760143286725e-5,1.3417919256926062e-6,-4668.714642158799,-22.60612729552733,-1381.0,110.4071342897131,0.006019506656775317,-108.83693245692093,10.460579843583352,-12.49989113796335,1.8524747910743077e-5,1.324599335578747e-6,1068.7192064597118,-22.256135314721064,-1046.0,3401.432307407914,0.005232693547115122,-0.005777250068930004,22.28750262794659,-11.480667530759176,2.031063351375447e-5,1.3325616470222813e-6,-1281.0962380416033,-59.142380501647565,-2072.0,968.0407554260979,0.005751585333147902,-0.006974240667853469,2.604921035289995,-1.3968488783575517,1.800538802841904e-5,1.3173403854584692e-6,-727.3378526238371,-4.9097705510527625,-237.0,9162.15913506527,0.006951948607282271,-1166.6151757728326,12.498658320209392,-12.569429817437166,1.9094322423247915e-5,1.3127749536368623e-6,-6673.985016769884,-42.49514262956952,-1279.0,879.2074580882678,0.004060605007258412,-0.004927532672996822,23.319465396060178,-23.403518024218403,2.057255714711293e-5,1.3397919596797349e-6,1487.443971476797,-81.56653114088941,-2285.0,4163.411083842358,0.004314004093446526,-0.005146042070462146,84.23817215827505,-84.33938102010882,2.7319192978091715e-5,1.3663165719599916e-6,4538.669503705692,-14.978573407011739,-8687.0,172.83140974651744,0.0042105287042972315,-0.0052136113442505985,28.396689652057752,-28.480886613448078,2.105820205041428e-5,1.342425657410314e-6,2576.0008226300206,-27.7470542459423,-2721.0,26104.446969349458,0.005031123186632745,-2178.7211496740506,217.90885285318788,-687.1317018628043,2.3208765378308538e-5,1.366929869790901e-6,-1919.9960461051867,-19.511977466483977,-21517.0,89850.92224103663,0.0030706075009381568,-11262.679029783474,483.4950328020757,-2518.1815221924403,2.7731296552888084e-5,1.4264242378329457e-6,2640.3530486756013,-41.912867397382534,-79152.0
t375,13233.244601601053,0.006106274116577924,-0.0019142119152288563,263.9094794052038,-147.65489477588054,2.2220608423092676e-5,1.3077880770792535e-6,2959.9865263184597,-31.48992249254401,-16277.999999999998,7807.651478960496,0.00883286217873791,-1716.9455420691122,14.949370205768801,-20.470340332766735,1.84186456527498e-5,1.3167671042288687e-6,-4684.544923290309,-22.648894857592374,-1378.0,97.4485675753671,0.007035760171847845,-112.36966607823243,11.350859296338797,-15.68728890796483,1.82192011790265e-5,1.2864361672130151e-6,1084.5493764133503,-22.298902514193497,-1043.0,3389.8281841004587,0.0037299208738839334,-0.009553367458261741,21.79060411051111,-32.75925530958416,1.9371833837919317e-5,1.2944723971909869e-6,-1260.0506527812515,-51.803076282798315,-2067.0,1101.1548365469062,0.004153010371922997,-0.0117366141482073,2.558676319790549,-3.8959154907224374,1.8427726024928045e-5,1.2748159973516228e-6,-858.0181621572626,-5.791870230884078,-236.0,8770.75959752207,0.005366831509239534,-762.0728177866625,14.067797399538494,-14.144653928124145,1.8652950663430684e-5,1.2805070757892232e-6,-6689.074095605221,-43.541213627721305,-1276.0,830.8682042145479,0.002921221066145739,-0.010754265084326652,26.14812718436741,-26.24013016628021,1.954407807055018e-5,1.3139018605093565e-6,1537.6507144279237,-89.41910267482587,-2279.0,3433.429607375733,0.002937551462713471,-0.01153797265066522,94.44048697687542,-94.53309435551671,2.4570540648395008e-5,1.348963001576169e-6,5252.0041546685325,-17.3325782261537,-8668.0,136.7957834245702,0.002926093292192263,-0.010717756939056038,31.838845932483178,-31.927491541195646,1.9802090966122182e-5,1.3189388830789556e-6,2604.0111742414683,-27.710541016884584,-2713.0,24162.800955281105,0.006151423762341047,-1489.9861183799153,300.4794104967421,-300.4768905222914,2.7930382835958524e-5,1.3324470376847901e-6,-1274.455336891046,-9.368197905215041,-21389.0,84073.89635051524,0.0031938118709186943,-7244.840011672286,920.2732851747699,-1218.4575562232833,2.9610760871376564e-5,1.374008698555797e-6,1327.9412246553563,-18.816514423633848,-77840.0
t376,13434.782099986696,0.005843575093325121,-0.002016117389438618,312.3568298710218,-428.6020643031082,2.2197990088138914e-5,1.3142258406813757e-6,2959.9488840413337,-31.48959507015181,-16247.0,6876.088336772067,0.009579964429509983,-736.2756309062095,17.726146336711494,-32.9093900027848,1.8313588719601124e-5,1.3136089762601733e-6,-4727.873116425921,-22.76594414346901,-1374.0,59.13071268478327,0.0065856349132584644,-113.25776627415436,13.51867276100841,-24.859436081686233,1.8078679080548567e-5,1.2795709921032847e-6,1127.8771653459785,-22.415952369965414,-1040.0,3297.4610666808835,0.0033847172892094383,-0.00940500417557544,29.831716372356592,-29.840110385160838,1.9357810857923253e-5,1.2910949723875978e-6,-1186.6377711728821,-49.80890078846423,-2061.0,990.2104365145424,0.0038831105071595565,-0.010905560366072648,3.5027344746591558,-3.5090749889493815,1.8483659970844182e-5,1.2704971296130848e-6,-749.1401576638069,-5.05693454510268,-236.0,8158.828554567297,0.005304752304587513,-0.016384805521995113,18.264401804635654,-18.272318395847254,1.8674232154305326e-5,1.2791094305373978e-6,-6839.027844759279,-47.78173228040704,-1272.0,992.8838049551596,0.004502252460412352,-0.0036814355877086936,33.902510165841115,-33.89323642135249,1.9669146891106193e-5,1.3126629162344275e-6,1373.1449630010081,-94.03888269079268,-2272.0,2642.8452966183268,0.004623373154991859,-0.003706976936476041,122.066963013432,-122.05732356989614,2.4569829833290064e-5,1.3463997777155163e-6,6020.0109253180935,-19.866801745640284,-8643.0,218.16540879623585,0.00450783409141862,-0.0037066472593031245,41.282604382558674,-41.27354774915211,1.9929522703989824e-5,1.3162190139021039e-6,2515.325221176937,-27.500508532312548,-2706.0,22457.091808516267,0.007583103539304167,-0.005396844092690609,413.7546074417422,-310.5772928189049,2.40649935945942e-5,1.3713802046952566e-6,-719.7610079848895,-19.51032401322279,-21821.0,78827.47482100157,0.0028256201874562238,-1094.184637261454,1178.5541541376763,-1371.227033821052,2.76893303189891e-5,1.4278599612911435e-6,226.13273912342692,-25.75289500071339,-77741.0
t377,12800.806112959295,542.4175579452932,-0.0017543091269391529,463.56506215943017,-251.2329740676822,2.4626045178262974e-5,1.3174500263566696e-6,2959.935465430004,-31.489491013463102,-16484.0,5006.489715960283,0.016836198639901743,-0.006865369174187424,26.431936921066733,-26.42672535067031,2.101851337559538e-5,1.3525146540105637e-6,-3613.7458948880676,-9.759024638810319,-1383.0,49.154691462589874,0.004661023452385375,-0.00526570626224105,20.092190769236478,-20.08697900115475,2.0199571247147215e-5,1.333898388102038e-6,1019.9194441871882,-22.078763219333844,-1047.0,3189.542263962408,0.003609048415705208,-0.006505204788384296,39.66634467522476,-39.66340865182986,2.2591801291919052e-5,1.338193591675159e-6,-1047.9822274919431,-66.5600992152875,-2075.0,1082.5375339325667,0.003977459541613094,-0.007031904252605238,4.620312382248925,-4.6177920307543205,1.8253180402731005e-5,1.3271678431240953e-6,-839.8677135504906,-5.669304791398693,-237.0,7021.8884472442705,0.057532290120327706,-0.008763679869517703,24.259622713413574,-24.256614892956723,2.0711233731456582e-5,1.3337784507704673e-6,-5692.763927465483,-48.17631753452381,-1281.0,826.5385986144388,0.002595769191497999,-0.007913557034429173,45.04299041742621,-45.04954910195933,2.298874326614177e-5,1.3520264814191421e-6,1550.199849207826,-88.72659487938495,-2288.0,3086.3410746484506,0.002610374088484095,-0.008230928625727916,161.85471835358396,-161.8622191740947,2.8618833536143634e-5,1.3740578891063225e-6,5629.249262470124,-18.57724379936739,-8697.0,528.6453375661914,0.002639456389652621,-0.007925713697107106,54.85953950242395,-54.86582068873421,2.3811315666525552e-5,1.3646038617300051e-6,2222.682079053677,-26.315873854653596,-2725.0,24265.873235308525,0.004567017871529381,-0.011140795995002443,524.6289231849809,-627.806542204192,2.675415760818615e-5,1.3718093801595531e-6,-1319.986782261028,-9.702285569488136,-22833.0,80595.81826419382,0.0066185152931805555,-0.007106393131080639,1610.9317666098857,-1610.9279116886175,2.8929209776405624e-5,1.4091353463731179e-6,-867.639554691806,-16.182103981806726,-79712.0
t378,13363.266936481068,1829.9986891888832,-0.00040474114483753624,639.9098567337971,-0.0025272089980501364,2.236863621172588e-5,1.3194680721823914e-6,1882.4524246301414,-17.62499366516361,-17698.0,2195.2960647129235,2687.206373198769,-0.001643262826006408,39.48756441579889,-1.4364045050186514,1.985086973830629e-5,1.403570467070335e-6,-3467.1893360584418,-9.362638885248046,-1444.0,48.74324079555196,169.77327446884135,-0.0013792804652797345,29.987495482291834,-1.0608268738333544,1.9652210642522773e-5,1.3536545475242683e-6,867.2698291360934,-21.71165331011131,-1093.0,3657.696853048202,0.03532028991830051,-0.0013566347044855062,60.24424462568402,-0.010779249896082574,1.9765871862673286e-5,1.3475921846561554e-6,-1462.1088006942389,-90.85550087681354,-2165.0,1676.8810367375236,0.05404016923055274,-0.0014675655091784482,6.9732535008119765,-0.007031927884294434,1.9194972985021735e-5,1.3393529014510236e-6,-1426.2723933373793,-9.627456452686323,-248.0,4742.106684190398,1166.7515292557166,-0.00163336176614366,36.82687346873899,-0.009732848604186653,1.970020572140096e-5,1.346783311435791e-6,-4550.334211391835,-59.33952869483507,-1336.0,758.3717385599139,0.026803418604533308,-0.00107671156399635,68.17927783253602,-0.0022859711297483734,2.0620001092116648e-5,1.3977471006437107e-6,1652.8239741655261,-90.3984524329947,-2389.0,3080.2287073594816,0.0316292562061534,-0.001079059320301651,244.11490115459762,-0.00231064742106896,2.2181107056882358e-5,1.4090227665784218e-6,5764.6518825115245,-19.02375216756108,-9070.0,527.8926383587627,0.025277873782444518,-0.0011135856058302166,83.17074928837096,-0.0022115903938897483,2.0552468139214936e-5,1.4060855742634833e-6,2245.049985035403,-9.13534684737045,-2847.0,20921.919480438864,2091.0923881881135,-0.0012443794117488211,838.1248662844309,-0.0019346519803109656,2.839883833053107e-5,1.366778144066293e-6,603.7037339019091,-9.83731715524427,-24445.0,75529.1889937998,9127.634145647442,-0.001389872740735871,2402.641761000096,-147.44423881577117,2.9972559741053794e-5,1.4091783702121547e-6,-2110.047087898703,-37.972212557866854,-84764.0
t379,13129.07750158741,1829.99852495413,-0.0004386514651347824,563.4602959691712,-0.0015437447363787877,2.9582218108309312e-5,1.3197583188013822e-6,2959.955214799951,-31.48958234942626,-18451.0,2408.9652963792755,2650.3379586018814,-0.0016385809211274607,35.07074834239553,-2.4928757040937186,1.9732871037801708e-5,1.3840603209462396e-6,-3563.0198220464194,-9.859687239656049,-1519.0,48.714791588695135,159.36991347331406,-0.001422884534080003,26.634770286182302,-1.9130015424680884,1.9337156666577844e-5,1.2831357962522192e-6,939.1005491349121,-21.905619308942814,-1150.0,3742.851947386719,0.1476858445294873,-0.0012704907131776775,54.07689449226064,-0.006454674326632233,1.9483992902990132e-5,1.2796577784002135e-6,-1437.7490523684485,-81.31976933767395,-2278.0,1603.0526585027917,78.75381717454124,-0.0013842368770645493,6.242119339801247,-0.004777053071122363,1.958236257250319e-5,1.2692786974775404e-6,-1418.4676816878166,-9.5747713108185,-260.0,4764.916922187603,1641.0120383634792,-0.0015523296981967635,33.04375348025923,-0.0060297433422064044,1.9366736170921695e-5,1.2774840807218314e-6,-4975.774085257188,-57.1910659431233,-1406.0,759.1615801932185,0.22886485281491376,-0.0008343505663154151,61.20418245895906,-0.0018661269707992486,2.0495881147832087e-5,1.3671543493740926e-6,1785.5018324563714,-93.09378062349552,-2513.0,4054.669549279363,231.68977759569705,-0.0008242001134676072,219.1081288928679,-0.0018778105060653816,2.2103170655417245e-5,1.38531396069471e-6,5053.211231598728,-16.676006847292484,-9542.0,527.8932931763486,0.31488193545961246,-0.0008669810656024621,74.64233240545484,-0.0018375096231334456,2.0398540298664045e-5,1.384243984044608e-6,2416.0932816500836,-24.941105967372394,-2994.0,21204.84222071808,2468.8927243628127,-0.001036331283051046,701.0524197406648,-0.0019488211269709052,2.272414470446733e-5,1.329092318362888e-6,-66.07868334503696,-14.705715221814806,-24294.0,74083.57172610614,11516.831812165075,-0.0009440892704442269,2205.3163247259113,-0.005453333083403608,2.91327103884212e-5,1.4284021947495145e-6,-1692.772784935137,-30.94070872030599,-86082.0
t380,13706.283876791538,1829.9970648475726,-0.0006255809194278292,352.25262344868634,-53.05194884987521,3.005873866445953e-5,1.3206486893508373e-6,2334.8828675565146,-23.363886142307244,-18147.0,2426.7445631966552,1669.2087507607998,-0.0016013227648963141,22.922273769270813,-2.4242862097454747,1.992354916337423e-5,1.400205604427665e-6,-2601.42481765775,-7.024902990664421,-1508.0,48.71490219564875,147.09273030335916,-0.0013277472078837204,17.393903130673635,-1.8723978226257076,1.9627342777540795e-5,1.3438244818492464e-6,945.5619699993041,-14.889799598693358,-1142.0,3826.2785837981028,0.00775596448119014,-0.0014554496100657338,34.41662769418615,-9.423349058999397,1.9683978317439966e-5,1.3377188788003932e-6,-1534.5561851450695,-54.72199714637285,-2262.0,2054.672992559387,0.008727981767557236,-0.0016399505105926927,3.958453497101993,-1.0457283959100714,1.917293653295496e-5,1.3302438474037593e-6,-1786.5336127478934,-12.059211802571152,-259.0,4757.666011545234,1166.706296138987,-0.0017664921146615363,21.019462311986285,-5.711669069915383,1.9587202393516843e-5,1.3368059876776309e-6,-4504.196890336928,-39.48146355450521,-1396.0,759.9681946880613,0.001705628214910204,-0.0020172923482929994,38.95524052355937,-10.79676696775963,2.0335725720507493e-5,1.3846601078061652e-6,1782.7477150375842,-75.8740925829019,-2495.0,5635.921278875887,0.0017047690956445666,-0.0020224110923811184,139.43072753752628,-39.09697556919266,2.1963313577496126e-5,1.4045460477317707e-6,3754.1343666219664,-12.38910119471139,-9478.0,527.8922713996452,0.001721196286910248,-0.0021011967115952533,47.49157695239776,-13.12601206266915,2.0263523103795695e-5,1.4058078077416229e-6,2423.95180298401,-14.209280385904691,-2972.0,21885.724953748875,1489.999049028147,-0.00228488472801418,426.8300988412093,-129.47268791206582,2.2405453244249047e-5,1.3283924143178473e-6,-33.61248712832887,-14.46666033579382,-23625.0,75955.88669929208,8191.954202759369,-0.0012506760633694003,1449.8512976011446,-253.55136955115947,2.903991170643073e-5,1.4294620359927494e-6,-780.9547291834093,-13.184878232905369,-84550.0
t381,14001.129259961315,1829.9979673463777,-0.0004861461021570373,287.6217463552687,-85.61444130362692,2.211305293084704e-5,1.3110738389730513e-6,1664.7590242234348,-14.893088819898404,-17683.0,2228.5906587078143,2217.6794059640615,-0.0013520892603643463,18.745554903441747,-1.799096539233096,1.9983797613267583e-5,1.3923063199845883e-6,-2983.159594890875,-8.055596562503737,-1472.0,48.686253661300384,198.59326025089865,-0.0010794510405207998,14.22336682297173,-1.3635997964680957,1.969917379109146e-5,1.329606360894164e-6,872.9404664211868,-18.07868750577131,-1115.0,3885.503205854425,0.035857875347507805,-0.0010571333623884624,28.150264414851954,-5.269434428441031,1.9742222808027496e-5,1.3229474020312113e-6,-1624.046825333395,-75.37203063835462,-2209.0,1850.0716815067428,0.04672508136184083,-0.0011575795024146528,3.231859451663094,-0.5854734033117878,1.9211837373624762e-5,1.3151544565243774e-6,-1589.037525031869,-10.726128907390658,-253.0,4739.961131777176,1166.7416892428707,-0.001349480933238528,17.18799895179293,-3.2205403876002645,1.963259118285467e-5,1.3231249928195593e-6,-4506.364024087237,-51.30492550647027,-1363.0,760.3996590540577,0.007851132282355103,-0.0009574293134504092,31.8643685177067,-5.871434911479308,2.034870609551155e-5,1.3846579354046952e-6,1731.8656016071277,-81.26510891789846,-2437.0,4101.116812662539,0.008125051872418625,-0.0009534236470753478,114.04033776485312,-20.484527396222763,2.1915064188321717e-5,1.3966425266146607e-6,5073.061750592736,-16.741566565882582,-9251.0,527.8916168950255,0.007682515507600107,-0.000979766276071978,38.84047417873045,-7.144077534350765,2.033409875774796e-5,1.399680473817691e-6,2354.1066704343157,-9.70140790181085,-2904.0,20643.54920128424,1490.0042158097388,-0.0011709334881425649,344.5618038792361,-44.45820522796408,2.2304284429754802e-5,1.3166611919766321e-6,549.5247548144536,-10.180618156968908,-22973.0,79158.64495431853,4434.628436955905,-0.0010478682430649445,1164.4486119650096,-279.66155516811534,2.897740630203247e-5,1.4215050033875541e-6,-1543.650298749877,-27.40912937667969,-82907.0
t382,16568.483401092253,562.302686105647,-0.0016356320336666265,232.7929241622101,-299.41247780385225,2.1395641573666102e-5,1.3079912010280588e-6,-1.1495066834399201,-0.015408773194385038,-17063.0,2029.409512844018,239.98380958365925,-0.014344467083893302,15.604338477233654,-6.209850629776792,1.9418653578706485e-5,1.3905700593608345e-6,-844.7816601807723,-5.991825567092659,-1428.0,48.65632420666599,0.0011717242807282799,-0.013681766752094931,11.838880553393997,-4.7097737116613585,1.9150640409216317e-5,1.3278985870796921e-6,1028.4310045677996,-3.203944620600717,-1081.0,3941.6487290216455,0.0011268181251238062,-0.012901514303530974,23.43832213149667,-9.34074430805525,1.9178601947455814e-5,1.3210783505966868e-6,-1742.3423769917338,-71.39217397733083,-2142.0,2024.429636248907,0.0012124941799460088,-0.01402264981402856,2.6854704264940765,-1.05608632432311,1.8655503473882275e-5,1.3136954539839367e-6,-1769.1045849907364,-11.941643529365587,-245.0,4719.696250469364,1166.6875731798818,-0.01433314811699941,14.30797527969622,-5.688156860704703,1.9057096944205654e-5,1.3210717824999568e-6,-4538.282231367508,-33.70709646535491,-1323.0,762.5174676623137,0.0009188052004175861,-0.012689157350572201,26.532277225685576,-10.579707197221989,1.97277239147462e-5,1.3814272488989116e-6,1666.8682480482128,-84.32653571033235,-2361.0,2537.8263261560564,0.0009442132293811257,-0.012007842131866854,94.96428140086083,-37.7735408117075,2.118457327012105e-5,1.3945881835539862e-6,6410.061623877149,-21.06764757525654,-8984.0,527.8799894784948,0.0009586691218066373,-0.012678128647264503,32.33917336010131,-12.861936554479419,1.9731357308654582e-5,1.3965415294327003e-6,2275.9229852422322,-12.268512639748458,-2811.0,20294.33446772705,1489.9447629736878,-0.013340384576992636,277.2736388591842,-104.34978038043296,2.1544265677223364e-5,1.3154159778323733e-6,-134.9782001412362,-15.211566485499684,-21807.0,81158.30626672108,448.94520277971174,-0.012118187194972591,942.8689421292262,-446.4365537601455,2.8111953040190147e-5,1.419103813298606e-6,-2350.6453013799664,-41.02646535308605,-79712.0
t383,15529.122395057113,0.005932715766439071,-0.0019164859601611371,164.96714311372264,-748.0139479815991,2.1197631399059942e-5,1.3078679165026712e-6,1039.0649352187143,-9.144558908541999,-15976.0,2014.0005536789433,0.03557084222725007,-0.024770593336708464,11.26770616059559,-42.47227425749721,1.9337030797769874e-5,1.3913490333648667e-6,-610.7592973073006,-17.047508382422393,-1355.0,48.62740559990733,0.0015642031465660984,-0.023234124275833032,8.548281788218555,-32.24938329464348,1.9103730868181656e-5,1.33097144434079e-6,1008.3054833262483,-7.210136501637773,-1026.0,3674.869464090236,0.0015461054405978283,-0.01780339133198671,16.933531518839708,-63.68198461465807,1.9137428708980716e-5,1.3241727143693528e-6,-1520.076035985124,-76.0287365028996,-2032.0,2053.790025653187,0.0016927490595099984,-0.021044583098064857,1.9343536706805755,-7.392599240878206,1.856615787766054e-5,1.3168934478617168e-6,-1804.1343460931103,-12.178100394262287,-232.0,4719.793131711032,3.182273641575669,-0.019356931164193084,10.333480430223661,-38.90843300248046,1.9013255360797922e-5,1.323946395556202e-6,-3404.8837923561773,-34.49732236492518,-1255.0,764.1630230161637,0.0013419591029394337,-0.0157703650263136,19.170685876552156,-72.03316694010697,1.9677673257697176e-5,1.3825044173600489e-6,1596.8998552958262,-68.1859891171039,-2240.0,3863.1761619906924,0.0013366823179116515,-0.017581306032553267,68.61640405644401,-257.8235276774575,2.1088932642398252e-5,1.3948321814735053e-6,4866.106090868106,-16.058905100433723,-8524.0,527.8647653319001,0.0013945630890464093,-0.015571324148973156,23.362789192013878,-87.85129807727846,1.9679246427986465e-5,1.3976156861466577e-6,2214.495724459836,-11.857824667310853,-2666.0,21044.101094046186,0.006879492799919821,-0.01362128951540496,192.76150209936173,-869.3591450454876,2.1402920250717262e-5,1.3147425697167549e-6,-275.2539706481578,-16.24275628059434,-20076.0,80122.182221135,0.005192627624174492,-0.04022984491149929,574.3655043726915,-2820.079716111413,2.7888861290470745e-5,1.4191089945864785e-6,-3109.7646467788595,-50.66835222769033,-74716.0
t384,13324.583568476972,0.006134057923118729,-0.0018885842663887227,108.48445673068022,-474.4658204507684,2.098283039615585e-5,1.3090421321909797e-6,1600.4801945449904,-14.086661830279972,-14545.0,1890.2932441227615,0.020199473453739267,-0.010714621312309902,7.4500355431915475,-35.254538838536554,1.9324572958638145e-5,1.3931550446605064e-6,-602.924246160262,-6.573999367334268,-1253.0,48.59850366465808,0.002118151071232876,-0.00884051308609104,5.651959617073318,-26.74126102912214,1.9140742991075443e-5,1.3366323217331069e-6,923.993280773813,-2.4957797101258885,-949.0,3554.7842039339303,0.0021499924640379707,-0.007520652840736983,11.197005879459685,-52.96657681142717,1.918111205243886e-5,1.3299454294165453e-6,-1595.0222006746558,-37.98708050118895,-1880.0,2135.960454846983,0.002405148226829379,-0.008474426337498479,1.2787625413257138,-6.082846606192102,1.853579995779628e-5,1.3227009004880002e-6,-1903.3028137046058,-12.84750601325066,-215.0,4719.895413127668,0.023322123844956688,-0.010212527822195528,6.832498699054967,-32.37870419392192,1.904563500172083e-5,1.3292971520542073e-6,-3508.5935880342076,-24.768748104303462,-1161.0,761.9047476320609,0.001827961882100235,-0.007633281797664499,12.67570926669116,-59.979693409855024,1.9682080930507896e-5,1.3839851170773779e-6,1406.1945588824235,-47.78953733186122,-2073.0,4819.593128721074,0.001844309758439643,-0.008121966406113946,45.37828906620986,-214.8095471001675,2.1011989198242957e-5,1.395862827844973e-6,3243.5488462669155,-10.704459707807905,-7883.0,338.0488908705237,0.0018846561144062143,-0.007676851433280223,15.449243775265579,-73.1601816944055,1.9664229663229606e-5,1.4000006371275138e-6,2200.9386930880733,-13.270874353407207,-2468.0,20403.238881797588,0.004075058284296007,-0.033715556092628794,125.98262439626748,-682.5070371002213,2.1162308122055883e-5,1.3155734593549484e-6,-1319.9825763507522,-9.702269631499844,-18517.0,72480.40405279255,0.0055687359993956895,-0.012428396303713342,368.66045331778764,-2254.33220911095,2.779736355169348e-5,1.4203769595620097e-6,-445.33014863173133,-6.395315449192691,-70143.0
