Line,1,2,3,4,5,6,7,8,9,10,11,12,13,14,15,16,17
t1,0.0,0.00015509629644430088,0.0014484851593999505,173.47869963193898,963.6464140794691,148.15696518843714,344.80381987681574,-1937.4649912586265,708.086790527933,4299.993458117497,-0.00047677687437580694,1377.1076790291202,3111.2717835050616,1525.7677295073725,0.0013985576826941932,0.015298220970797393,-74.01846350894277
t2,0.0,0.0005481909433251827,0.0013787080107541699,10.126488955704788,598.5021033914395,395.9971639401527,18.88593450060738,-1937.4649902190251,298.0342214025328,4299.99312138718,0.0002526237815158079,1003.9686550199913,3067.8028348850858,857.8109295138867,0.0015581486599785344,-735.4340419671579,-0.00012011174234609179
t3,0.0,0.0007311646727351952,0.001597067763425936,329.8083646983919,-0.0034928111420167735,922.8308271460025,-554.4150490466441,-1937.464989788135,0.00036619069364787727,3412.3297790515717,637.4597462746925,741.2584602428917,2672.372005036033,170.90318282104934,0.0016155281654531258,-1039.1771607515557,0.009195267706948385
t4,0.0,0.0035511726407615376,302.7037461986021,759.9740850722987,-88.41192679953711,958.5972898352907,-626.0661924523749,-1937.4649903017153,0.0003252780955134645,2440.054525385633,1509.9898528963074,555.5377831209978,2035.4450183156976,0.0006154869246260813,-85.43477411047273,-821.7688128547168,599.9961470309387
t5,0.0,0.009538102646508319,0.002392697878580614,269.06389195837187,-175.59532176994426,999.9983347524327,-704.2524545863937,-1937.464990678427,262.4943566642493,2107.2548934642855,1509.9983429450538,0.0009422721117433231,853.8496110729903,23.45480305084415,0.0015378031590351647,-1175.005302122501,599.9985189552459
t6,0.0,0.0009365522419540543,0.002202454540676715,745.6939661135495,-344.25122116404157,999.9996996101851,-865.0838159279639,-1937.464984278066,0.00033337597223684367,1656.1619721811858,1509.9996633928947,1121.3829092659328,880.1550608067106,756.8832263473498,0.0017643371066892086,56.603211009676954,599.9997226349045
t7,0.0,-1599.9998487553778,-599.9998783529417,-529.3284103991929,2224.580010722983,999.9999403652217,1543.4101933821464,-1937.463266326467,873.5496325933252,2500.1201605421356,1509.999904579953,2105.9282225807538,494.5289434570239,2579.9989343733187,349.99984437917846,1131.3580568282782,599.999919194875
t8,0.0,-1599.9998479581466,-599.9998775374435,-492.2560746295708,3101.6941126621646,999.9998432710221,2430.4736588981136,-1160.6512208479155,691.6651734878798,2382.5453442579965,1509.9998038914466,2158.813616086047,414.3794706911055,2579.9989360487443,349.9998509137296,1110.4663602893024,4.708577718261608
t9,0.0,-1599.9998432826462,-599.9998719090942,-441.03536303581564,3132.6239603706576,999.9998470887325,2492.020999287848,-985.6319513275382,483.91791839503,2252.086502052283,1509.9998083397704,2241.398362528998,339.7777906251096,2579.9989299102917,349.9998476758256,1052.1554880823212,-48.7930180682303
t10,0.0,-1599.9998406607544,-599.9998698280759,-371.6429100189821,3235.849513090808,999.9998424843135,2572.864387314889,-811.8624819954352,231.15691513881865,2374.8911471797605,1509.9998038441856,2949.0889927917683,1114.5042912183208,2579.998927261719,349.9998448186913,973.4520104558583,-101.64377779658163
t11,0.0,-1568.151610383169,-568.7106331268673,-342.11301432020286,3273.790375465056,999.9998411568632,2599.999829761155,-925.729014750289,113.60067536944473,2678.88799657276,1475.560540131246,3665.616910177493,2177.197251411142,2545.035072533792,323.37960474075135,855.3630608223867,-33.96098348323365
t12,0.0,-1371.5775688036713,-362.9875645459543,-28.026299901226988,3298.8826640955376,999.9999055056003,2599.9998292425657,-1350.6787980581357,266.2857473346028,3054.2832233548543,1375.028887591362,4174.568731354802,3493.6923858437262,2278.529680663809,157.62995078705893,668.1387437889477,42.22928457316394
t13,0.0,-948.6779307085409,-16.228500130774425,223.01124241624046,3293.163058403291,999.9999024041391,2599.9998327843577,-1109.3488604760762,62.855034453877636,3029.521673081644,1132.81152475455,4223.100108802283,4252.779875341259,1805.7488346698592,18.998014938864078,241.57031929659416,-62.9139534127533
t14,0.0,-1154.2731092262409,-205.76063353146432,116.13623023874838,3303.345235860722,999.9998618978603,2599.9998269420125,-1093.1686846336613,392.0982007025878,2780.1042990894493,1144.3810486694742,3617.3913305124233,2887.09690635478,2065.4734611576637,89.31312746306641,480.65478617405927,-190.11027909740923
t15,0.0,-1206.619793760887,-235.97308459254782,527.5975310886689,3325.4164155483477,999.999879575437,2599.999827810701,-1271.3138117356234,578.0889559198258,2664.5189530985513,1258.1793662880114,3124.3862202482824,1911.6435885508122,2341.7854461248326,191.75944956822215,1245.5878005441507,-360.4902449800419
t16,0.0,-664.2698224766706,3.8473173204005287,528.1111018541546,3385.210198168981,999.999901515871,2599.999836377224,-1589.930990631679,1168.5826176420328,2936.9407554094932,930.0638579564558,3055.2015306925614,2336.128769194014,2255.194504481973,145.51798761727923,1056.1327750918565,-483.6130608147707
t17,0.0,-229.33909192054352,79.75802164880186,653.0522478777832,3445.4820270545133,999.9998661036088,2599.9998530017137,-1787.5984493085168,1817.4000313635593,3306.6563534321026,442.2405415425522,2995.8984729406397,2345.004005971944,2417.030334642195,234.59099150379342,1319.999844120983,-599.9999193227221
t18,0.0,150.19670255312772,599.9914257859252,759.996492299464,3218.546086576614,999.9998512938221,2494.305137787122,-1928.3347574121976,417.5676279817172,4299.9907980349835,1509.9998023787361,1028.4961111609362,1799.4874540311728,2510.913629576328,0.0019484416896622572,1319.9997038478834,-377.2716121471479
t19,0.0,0.0002512469349875696,0.0014175945496476487,225.51150626656934,2034.0611808356748,-0.0026512311671623903,1232.4923287707995,-1855.5335355984728,692.5233970810613,4299.993416609597,-18.338374869467504,1997.9075877153446,3751.6104939448514,1191.8076872243107,0.0012973308842884749,-726.4776704771718,-599.9986263267675
t20,0.0,0.00022890003041597349,0.0009934260247443686,500.7373605965999,1834.9433773246785,873.2949941680907,1185.848944797958,-1152.596457698919,0.0016805918824151823,4064.7827664588467,0.00022452752277840672,2234.4496561171677,3862.97181447498,1378.0705952847986,0.001369274987683234,-32.21682923314529,0.00014134267234862223
t21,0.0,-1599.9996847933032,-599.9991800950646,-301.39327200525605,3348.125865172591,999.9999838318817,2599.9999311894258,-867.7373686761892,0.00036958360626528617,3343.1352214836897,1509.9999387634807,1105.6181078742663,2181.0027269433126,591.5102859160413,0.0005229094405341547,-1319.999757231375,599.9999755493358
t22,0.0,-723.108755306885,-0.00016961755090547426,0.00012464036470890224,2181.2492076155,921.336416045492,1499.0902921901898,-1100.0026203195557,0.0034092755377975945,4299.992577460622,0.0001949673416267127,1490.938273877344,2131.2282124793473,2579.982326296295,0.01183335851106544,673.9560890254087,-81.98130970202996
t23,0.0,-1122.9094493221112,-0.00012393432116169682,0.00016191489979156407,642.7951203255903,923.7860568722202,0.04627330794664047,-1462.3998001463856,0.00029594591242842935,3178.492615722108,0.0002932384319327805,767.0802380214338,2204.034613176591,754.3675978152514,0.0012929037024401674,-1052.669275276739,0.00017100693911249794
t24,0.0,0.00024431354017399995,0.0011413250258076714,280.29600129712054,565.6991768955594,859.7530521357453,0.04453809517931984,-1334.9670992568444,0.0004110505255720862,3421.299155224235,0.00010336391512434508,2030.9224208435844,4410.621258719481,187.80082033713194,0.0017375048830335818,-1167.1825721442406,0.00013919849046670207
t25,0.0,0.00012746614925670792,0.0011762818988549238,295.3120947733229,457.5004192527891,926.2083103725922,0.0186814109519741,-1321.2697375559226,0.0004854064493274899,3619.7468863612226,0.0002630645557590543,1207.8689011664396,3079.385977744408,982.8104246979922,0.0014417836222967886,-252.79300871120208,0.00018947552451803253
t26,0.0,0.0003763683910985886,0.001469529036241345,606.1359312633995,-0.004174482703811092,928.2139189583061,-610.1968834734932,-1245.1800001251092,0.0003013494930237481,1382.3502701195953,1509.969003152106,1058.6474221415265,1570.459806097796,195.894657645038,0.0014849840480029876,-650.651265709075,0.015512271950981421
t27,0.0,0.0023850894572937475,398.76591241264964,759.9967249485858,-21.335602758917886,984.8368206494929,-606.5938376981986,-1323.6658639312004,0.0002815636546659585,1266.3813567049735,1509.9936134737136,1005.3907616418425,1430.3517025529043,616.5831133798157,0.001358110404930233,-9.989981362810793,599.9919247384956
t28,0.0,0.0032666191752390326,9.052943035155993,759.9957607492993,-476.1682176668546,999.9955619717024,-1049.9837023862176,-1052.938892414592,0.0004450796623830017,428.7252016681392,1509.9973787762103,999.1999694087806,0.003969450964746708,519.7732985530447,69.16622109980955,0.0008892394230363986,470.4618355261811
t29,0.0,0.0008377638139802598,0.001845789397068694,461.20096829440877,-292.292660818607,999.9982541365082,-865.3200077569181,-860.3405871173128,0.000519042632247945,272.6419453320109,1509.9984181335806,1021.7781132915073,-374.7740101711917,750.9232382146502,349.9967104362378,213.47554455886774,387.32510462676953
t30,0.0,0.005195720250048842,554.8941835413713,759.9960411847479,-85.88466363407699,999.9994493802158,-674.728166085841,-794.1020464742172,0.0005028554281420483,338.89875158427435,1509.999260908314,1022.7358960715865,-669.7615352043181,1618.1948224462774,349.9970826447406,1319.9992901855335,0.0010544760793496253
t31,0.0,0.003346173028375583,122.82148491284345,759.9942860377668,1488.644971209406,999.9992433364648,831.5582599232143,-679.5936641857746,0.00038052365852333045,1670.3317939743752,1509.9976512186545,872.4814072882647,726.0082090679663,877.0557799768516,0.0015486567332378643,71.5216727897732,0.001082869781586966
t32,0.0,-673.4598815619461,-0.00028854193330694953,9.683976716047654e-5,3122.232311524796,873.9157685877396,2385.1953547009334,-617.2079875484314,200.98397527262898,4299.992769939512,0.0005812624104601489,1588.6655220110024,2988.6440754920573,1735.74534782932,0.0014951578139712257,0.01510473989479014,-97.58873036807677
t33,0.0,-1599.9984966040481,-599.9957109160869,-5.101569666973287,3517.266035473741,999.9999307068884,2599.9999363200295,-469.47838873108543,1581.4484381817665,4299.992409386316,-1509.99946954542,1890.155694988545,2613.902277440333,1708.9659675651828,0.0013642006147862565,-222.01320024261554,-599.9998112244496
t34,0.0,-1599.9982801961753,-599.9952225046559,-435.99673238602867,3559.8255461377234,999.9999311454183,2599.9999398398736,-366.3425598277463,1414.9736243176958,4299.992484530925,-1509.9992670851896,2645.133500546055,2633.8150622268245,2432.3424949486725,0.0009170860371688477,-24.483268142980606,-599.9998310116541
t35,0.0,-1599.9984268920473,-599.9958342277064,-286.926003473526,3550.97710933259,999.9999316881307,2599.999936744462,-304.40858439351496,1337.0236306235877,4299.992508993659,-1509.9996007101643,3521.104494367346,3661.332267361571,2293.5514011940822,0.0009382539461541896,-29.085476790989443,-599.9998313531144
t36,0.0,-1599.9984086945376,-599.995832755239,-70.4426016815152,3551.886273757376,999.9999294911961,2599.999932936861,-372.91062577982154,1399.9656465175908,4299.992395831341,-1509.9996835223737,3838.157126291312,4716.720932063319,1542.6963502045783,0.0013422658471805783,-573.453458728135,-599.9998114848419
t37,0.0,-1599.9979416924052,-599.9940361913938,-601.493295021738,3542.7411249100624,999.999935477057,2599.999935952126,-482.8879472749273,1490.2922057680416,4299.9926193069705,-1509.9997282606469,4543.696580632665,5525.293441731216,1406.753701865456,0.0013233971782499253,-1308.6547306435639,-599.9998086980975
t38,0.0,-1599.998472312511,-599.9964117429821,-709.3838113764559,3540.610304454187,999.9999324762897,2599.999934441931,-574.1302942627568,1647.2808700320136,4299.992676679551,-1509.9997525170543,5103.873338876857,6051.534678931356,1465.4582884875467,0.0013498598793255782,-1319.9982230176263,-599.9998133751872
t39,0.0,-1599.9998720378537,-599.9998962262842,-759.9998917996172,3556.6672750451503,999.999935421208,2599.9999382507845,-535.1935560612761,1552.6340246388295,4299.99190912246,-1509.9996780285803,5567.619847705077,6314.823999120598,1612.2271187109645,-33.08087218780641,-1319.9965077261863,-599.999693836656
t40,0.0,-1599.9998605428693,-599.9997607668217,-759.9997450287443,3579.467465396855,999.9999589543755,2599.9999420821905,-539.28840302,797.6429578906262,4299.996495897607,-745.6298334852215,5648.701500307878,6314.831201681274,1948.6460048373322,-349.99975893217584,-1319.9996629196548,4.0526040801033855e-5
t41,0.0,-1599.999804670447,-599.9997171751708,-759.9996928142058,3624.8683760690155,999.9999630090994,2599.9999462999413,-534.3791527150353,1130.5884560014708,4299.996165119649,-1110.6603046051905,5648.701064815638,6314.831137330962,1991.2326574611327,-349.9996880180399,-1319.9974005936922,-518.452099199479
t42,0.0,-1599.9995464929273,-599.999174250931,-759.9988945564447,3516.5675757989534,999.9996057891326,2599.999870020361,-519.6065268906522,1504.892810158417,4299.995534951777,-1509.9996981264371,5648.6992273703245,6314.829980232627,1918.461776608952,-349.99847722998715,-1319.9978670071719,-599.9998218954455
t43,0.0,-1599.9961241521528,-0.0007130769199403463,-0.0002246603008357631,3037.1544297108103,-522.5771490357739,2146.6033163699576,-772.0448777560148,1343.467037591742,4299.994063445632,-1509.9885567690553,3422.017934425085,6011.207470906886,528.3808456960327,0.0011904868920680216,-1319.999355397379,0.000227595023289666
t44,0.0,-8.009958422772159e-5,0.0006871169412312131,561.8930212197284,3325.1687074578226,244.4720988007538,2599.9994921447465,-735.7594465743247,1168.5178062775733,4299.995081295047,-856.2590334783093,3376.1601896273323,5663.241319401245,785.0914250497028,0.0008141311203054225,-410.576784900042,-599.9991575209946
t45,0.0,4.963027504512922e-6,0.0008222507237842303,552.9158158127683,3280.2779441834514,647.2852773666714,2599.999542052585,-658.1041123977561,1478.2723524314795,4299.994970566905,-1266.3333195106713,3831.7409331127747,5768.556076111036,1131.9797604406963,0.0008317327769738371,-69.349718689921,-599.999334898531
t46,0.0,0.0018641428079731414,30.565070588604033,759.9962792882135,3255.6222482991166,399.645319782208,2599.999507082583,-689.5077444574276,993.789864098989,4299.994916351959,-693.692175084222,3341.42965698447,5596.953387476229,892.7956144254359,0.000793478720694329,-49.98114581938866,-599.9994268975263
t47,0.0,0.002044367034643763,470.23504985913917,759.9804839987271,1410.150799686549,-0.002372107797352114,822.561100494674,-686.7859068827615,0.0005279419005253634,3318.105630861591,-423.62476004655974,2229.7231272526446,4980.751721297335,0.000589302337360688,-233.38614523537032,-1024.7970226739862,-599.9961942882102
t48,0.0,-1599.958988301716,-0.0003933380048647117,-6.890701529420644e-5,1924.5406936158572,-996.7937203199367,1223.5403797700046,-650.8662750216721,527.7569757664195,4299.993855633542,-1509.9936274896081,1209.0454843454572,4591.454820361511,38.96713673017263,0.0012842891985447192,-1319.999320815507,0.00019127223411442016
t49,0.0,-1599.9984753702324,-0.00223665148883078,-0.0013968300356487536,1157.4693087620149,-270.99422541180223,511.14040681041996,-609.8060858051149,0.0012425221807959325,4170.21367824389,-1509.992099983315,743.4161629638152,4137.738062702317,0.0005290293845894083,-75.09791631937954,-1319.9992174835381,0.0001664055688816568
t50,0.0,-1599.9986676831181,-0.022416708377422417,-0.00414280036564042,934.9815382193016,-0.004471621606927087,325.4378530411164,-591.660992908487,0.0002950930781853874,3402.18821204393,-859.7454176197414,787.949126100566,3501.065757739638,0.0006196262289462402,-172.14265496863644,-1319.9991422429862,0.00020254136227291843
t51,0.0,-1599.9986881144762,-133.13363515923248,-0.004406622407312795,971.1828758086714,-0.0041855619231099305,385.68852194976853,-589.8997103108208,0.0003356565866180303,2815.9981271022657,-154.83276157065296,816.733970945667,2869.156155574955,0.0005626732645485548,-236.6240041294897,-1319.9992106121208,0.00016059812416866894
t52,0.0,-1308.2109131811758,-0.00021509791035314487,-7.435022232008982e-5,892.3957164138444,-0.0006016780532636691,318.5298971745243,-569.509900347093,0.00030096823271453783,2605.0376003030065,-0.0016222981160590743,1114.9230664713923,3115.319085654865,0.000622239205306243,-265.4174114867788,-1319.9990360449751,0.0001553779644256054
t53,0.0,-761.6960241493491,-0.0004068243330691746,-0.0003195518881992269,985.0253163485097,-0.0008187044415333051,412.41947697493987,-607.1413828835891,0.0005318085005550781,2717.593383907781,-0.0014141198536683102,1674.263043862297,3784.662722209843,0.0005177093198794025,-269.9374539133117,-1319.9990016352629,0.0001432734253371501
t54,0.0,-848.4743372976379,-0.0003819068776859378,-0.0003099431542539721,1042.4509093698164,-0.00033771625687543233,443.50226222813,-639.3933287244087,0.00031806994674104096,2742.993787983402,-0.0007598077009719141,2004.995464314987,4080.688823040231,0.0005628323811302694,-201.57232763147314,-1319.9989037731518,0.00017669079696644582
t55,0.0,-895.1369369336657,-0.00032820473521399696,-1.1537624294499822e-5,3271.7429679801457,777.243374489239,2599.9991692337553,-599.6926143433354,622.0560357113281,4299.99312698282,-144.36936322348356,3234.6378177168604,5148.541024597803,1324.5582394844225,0.0014768599918482403,-234.46213088792348,-599.9985367283389
t56,0.0,-1599.9998552086254,-599.9998721124974,-759.9998649423355,3420.357789887617,999.9998275849285,2599.9999277469547,-529.1952599385113,1839.7663266464713,4299.990925381699,-1509.9997995791016,5513.097182094144,5948.674995726043,2288.9885128631126,0.0035108841174267933,-197.61584732305158,-599.9999152618105
t57,0.0,-1599.999882578494,-599.9999028028734,-759.9999023518096,3435.141185874781,999.9998668752993,2599.9999302407596,-576.8394785346911,1789.2684460191645,4299.9888270296215,-1509.9998727819022,4627.784910656224,5991.2624580888705,1270.9279496193133,0.000992263011433987,-1319.5240662156966,-599.9999299495998
t58,0.0,-1599.9999019487084,-599.9999244317148,-759.9999292478509,3620.787186091514,999.9998888635405,2599.9999289060534,-536.4500098285663,1669.0175346813069,4299.985774591376,-1509.9998237771433,5406.4627615804475,6314.8157385832865,1663.335540716276,-138.8287869508866,-1224.1836798820514,-599.9998885170902
t59,0.0,-1599.9999113182876,-599.9999217727753,-759.999925869853,3568.0911083480646,999.9998943455366,2599.999923894979,-471.03751805732895,1585.1947044716383,4299.996244597364,-1509.999777354678,5648.701259153884,6314.816224358234,1888.5962632070418,-264.16392266679674,-1160.1625695204812,-599.9998865844282
t60,0.0,-1599.99991135051,-599.9999209282672,-759.9999160575492,3531.5902175490974,999.9998894395546,2599.99992453131,-450.18803442835576,1590.3097594888586,4299.996253660993,-1509.9997749846139,5648.701260813716,6314.816755968005,1867.9326172173924,-191.5865439191859,-1133.00126987927,-599.9999005654547
t61,0.0,-1599.9999127040971,-599.999916925377,-759.9999106209049,3511.8498316028126,999.9998959065758,2599.9999252875573,-385.7897952937913,1321.485781839489,4299.996275842426,-1509.999749478772,5648.701286204168,6314.817001246126,1813.7100771461949,-246.79766904966033,-1276.2691366993413,-599.9999098536412
t62,0.0,-1599.9999120038833,-599.9999208305711,-759.9999156470018,3482.729245008774,999.9998823761516,2599.999923529445,-356.89226081708415,1191.676064318951,4299.996362275632,-1509.9997396269548,5648.701380787035,6314.831422509135,1847.9909218307914,-349.99991782730376,-1298.277396556064,-599.9998982449881
t63,0.0,-1599.9999143867446,-599.9957485818376,-638.9883110120275,3540.8976241973182,999.9998903715895,2599.9999271714455,-426.0501283179325,1174.4265442849437,4299.996714935636,-1509.9997441592895,5648.701760388248,6314.831361038369,1794.133744428603,-349.99987764080345,-1319.9997461106068,-599.9998959429332
t64,0.0,-1599.9999265863246,-599.9948144647599,-308.90271416709834,3563.9577347580775,999.9998904773707,2599.9999275487953,-481.17579229735435,1470.4889816143063,4299.99673808402,-1509.9997738196719,5648.7017850338125,6314.831203014797,2075.1084154557307,-349.99976843233685,-712.8444073449987,-599.9999567486927
t65,0.0,-1599.9998560730062,-599.9964905652278,-746.0033984700634,3592.2680335009877,999.9998791271524,2599.9999492287584,-525.0800781121726,1548.2138221469042,4299.996657132283,-1509.999876546158,5648.701695190215,6314.83051103761,2007.1223597905766,-349.99914481682987,-1298.4403834140435,-599.9999569040077
t66,0.0,-1599.9998730854418,-599.9990878869133,-759.998712823538,3629.0256811340787,999.999966037897,2599.999947122857,-541.1508902354858,1280.9082307327924,4299.996659951779,-1177.3613547982266,5648.701697515507,6314.8299949325055,2005.3295174298125,-349.99843105019323,-989.2980921388846,-599.9998583425194
t67,0.0,-1599.9996532537753,-437.6819886973115,-0.0005029727853378116,3533.832049454291,999.9999707143191,2599.9999575645024,-637.5556174896952,1577.1180206845045,4299.996382889049,-1509.9996403665987,5648.701371463598,6063.57625530008,2330.9805189891595,0.0015717572015549676,516.6984428868496,-599.9998472216333
t68,0.0,5.8815746487079594e-5,0.0007294846909665922,708.845982347183,3296.10327164647,999.9997577258418,2599.999393107724,-817.3316918657116,0.0005583157980478894,3742.3830545759756,826.3831304251564,4799.0850739937605,5682.455243188663,1616.3498370839088,0.0006788832077604115,550.5954633662184,0.00010486633583545105
t69,0.0,1099.4968898955565,599.9962371152121,759.9985564626686,3346.7863046068974,999.9997865814717,2599.9935751283,-1123.4741930106613,0.000316504182615909,3349.353495608446,1509.999413233916,5437.470812158727,5784.992700811916,2345.3625195443055,0.0006572091246956945,1319.4342344995262,599.9990314848344
t70,0.0,760.382388062082,599.9962422996924,759.9986568159352,3041.538097216865,999.9998488761585,2380.267459746828,-1248.8857169120438,0.0007685479267650476,3338.608235882004,1509.999063504476,5104.062036904785,5476.015825209704,2326.7582807265603,0.0008110174561652694,1319.8874679018709,0.022568228181962774
t71,0.0,567.0289575698372,599.9963853079794,759.998591005423,773.4946001213386,999.9998406103857,191.44117257695598,-1244.7403534598623,0.0005430901248679293,1435.1810170488197,1509.9989730635614,4968.421181164084,4779.102235842564,1146.071564563725,0.0006987981188206622,318.2097808438377,437.4235594039717
t72,0.0,-1599.9988991810285,-599.9972474414751,-345.8326540322459,953.3108129557505,-0.00267011008026146,246.59682564134695,-1387.3515177581012,0.0009865373931008442,3580.11656728133,-27.6744839615398,2867.2534325689326,4380.306852598982,492.8732932278948,0.0012352813637694004,-1319.999130100148,-3.5386680488642855e-5
t73,0.0,-1599.999054707,-599.9978343466651,-759.9913586753715,913.9908342777381,-0.004511388992057684,258.55300440593686,-1607.1103747545549,197.06001982378132,4299.9937233837245,-531.1434732614881,3124.245572020399,5277.063083497715,722.4257625023785,0.001324130227283752,-1319.9990609026884,-0.0004561652220392405
t74,0.0,-1599.9993797197478,-599.9991596708294,-759.998892837596,963.1806620167682,-0.003867279192617453,345.50670706789754,-1513.1671904659588,0.0018466176964478506,4244.812290844843,-87.9996880706299,2975.7956748032575,4921.112203270932,959.9422278724769,0.0012633511664669143,-1319.9980862933721,-535.3707340909586
t75,0.0,-1599.9995222304335,-599.9993905748141,-759.9992578330096,999.0855840576032,-0.007997451081473999,404.41929323044917,-1771.2391411338592,1672.7350321170002,4299.993647508572,-1509.8677923385103,3501.7372604469515,4207.511385243506,2300.7915408042786,0.001316165739434914,-7.973537281605356,-599.9988771907236
t76,0.0,-1599.9985201617499,-589.6821750036065,-0.0015057058816479495,581.0414455063791,-0.003907748264908528,1.3495065235482469,-1682.720125481977,0.001457321567962528,4101.031481459982,-167.9503399890485,1626.6827831007106,3460.234639269094,1025.524488070994,0.0013998919085814827,-483.7106062946956,-599.9982071213584
t77,0.0,-1599.9990516460061,-599.9976866844474,-258.9748346746359,764.969040548155,0.000880787367989583,183.03583370415487,-1586.2144821551735,0.0004657346706551756,3952.495047820284,-0.0003042994287913572,1469.51104305563,2801.776182331587,1373.918338165591,0.0013351067705714527,-394.58262498031735,-0.0009619522644200647
t78,0.0,-1599.9989121591107,-599.9974174294373,-243.47638606793288,1161.6033393472046,-0.0004116133589638586,551.2362456722519,-1250.0724185095526,0.0005283292225767619,3938.8284466554155,-0.0011169025875176443,1175.212148224464,2779.5789071300055,850.3036158749611,0.0012811693106108298,-972.3915121628017,-528.510174236024
t79,0.0,-1599.9962010547495,-599.9904505453359,-107.74621820964042,3289.938020556864,999.9999510650135,2599.9998643062663,-981.7819695665329,0.0010686264696667593,3461.945418125349,1509.999840729583,321.4441152670973,1274.0089009277697,625.9759101097517,0.0054103482628569234,-1188.8053870072258,599.99989727451
t80,0.0,-1599.999911073578,-599.999933755604,-759.9999275316994,3518.9070115573422,999.9998709812722,2599.9999207094124,-1013.8257161808841,1414.854038721554,4299.984563501277,-1509.9997977926735,3947.032022752898,3686.457313089462,2579.9558906486677,15.01152589036833,-61.44562519669093,-599.9998628088636
t81,0.0,-1599.9999345902272,-599.9999602754917,-759.9999292539727,3529.4377002194165,999.9998802155036,2599.999865091231,-563.768295299067,1332.1061350140021,3574.218056864093,-1443.2993600870197,4476.565487796163,3377.8943971131594,2579.998928092538,349.9998437112214,81.78710745746861,-599.9998592424947
t82,0.0,-1599.9999342431315,-599.9999596405423,-759.9999431482411,3573.7910668969694,999.9998780966004,2599.9998594016806,-398.4636543652722,927.2214366651084,3570.138459988145,-1398.107276819515,4636.460677141723,3409.022108682482,2579.998905261063,349.99982353632544,9.553499957982726,-599.9998448078469
t83,0.0,-1599.994153998921,-599.9839573049544,-701.5942869352804,3537.4347532803945,999.999877489258,2599.999913098489,-542.3670003943012,679.4019207805514,4299.985505692708,-1509.9998270123117,4440.738837131247,4258.53970426751,2320.0712582958977,0.0030777505176394146,-528.5658155898269,-599.999845899997
t84,0.0,-1599.993894887004,-599.9830305975812,-641.474382688414,3542.579889549711,999.999877822994,2599.9999138070316,-939.1604413251623,1212.8864170319089,4299.987018569094,-1509.9998227589235,4994.462130240109,5610.87139452826,1520.2540977310105,0.003964796194124129,-1319.9921778652542,-599.9998604269664
t85,0.0,-1420.5135058294047,-0.00012198654374065731,0.0003569228231945739,3515.6642581817414,999.9998797918158,2599.9999106305604,-838.2514317918693,899.767265103489,4299.984471791023,-1509.9998519074104,4973.182034286902,6314.8313847114305,1387.8396853166198,-349.9998983946928,-1179.5307606003307,-599.9998338736477
t86,0.0,-823.9431938342109,0.00869357045046502,670.8607999736573,3510.4537684847487,999.999908518411,2599.9999136107117,-907.1289942426823,1268.4716866070173,4299.992888716417,-1509.9998105686543,5648.696717134877,6314.831361520356,2013.6986353693164,-349.9998632847198,63.396442550963755,-599.9998477928303
t87,0.0,-1039.5720910543885,383.5458830577689,759.9909858853335,3528.134528185225,999.999904410949,2599.99992938037,-1222.0954659540166,1773.3236091175613,4299.9939459084835,-1509.9997151367995,5648.6981980240935,6314.831365955334,2348.6323655955766,-349.9998633609733,449.644220718382,-599.9998487448513
t88,0.0,-878.7326855500565,222.65202646737964,759.9892840355575,3557.187686217156,999.9999041862714,2599.999929600617,-1384.6895737895147,1989.0853993568496,4299.994586316463,-1509.9998018544093,5648.698935199532,6314.83143618613,2166.6099956019825,-349.99991910119024,253.45063870280293,-599.9998780226778
t89,0.0,-1599.999891980118,0.001478233474607564,406.35154851166095,3585.8467609382487,999.9999086648552,2599.999936576687,-1670.7799326435868,3033.325923395392,4299.996740777335,-1509.999767392408,5648.701737550075,6272.408758808748,1978.688924209181,0.0007874174278166148,77.75648808958834,-599.9999557058729
t90,0.0,-1599.9960188459422,364.5273104970281,759.9997852044173,3664.7255374439796,999.9999529380069,2599.9999355047667,-1849.2321913591356,3249.9999123639627,4299.996694400118,-1045.0514344009553,5648.70067234899,5925.713971813347,2579.99881020208,349.9997300421919,1319.9994507189053,-599.9999313678403
t91,0.0,-1599.997327979026,5.896189353152983e-6,0.0003005849890386182,3525.1028460579546,999.9999686868166,2599.9999545721166,-1741.1417109082613,3249.9997831702844,4299.996587077111,-1103.6615683547657,5648.699276738926,6214.149481582673,2269.371471337179,0.001217982525710025,-22.478371972142998,-599.9997765624915
t92,0.0,-3.81573802453993e-5,0.0003088280925947255,0.006306950216282058,3320.80321565284,999.9982442845413,2599.999677953986,-1937.4649853646365,3229.6730899255076,4299.9950635132645,-802.705141167868,5497.675896487718,6108.063637003394,2416.474157102289,0.0007844109555563988,306.7449441425455,-599.999644866854
t93,0.0,0.00027423867450623006,0.0005620287310841484,655.9052971202817,3295.2009641285167,999.9980073091676,2599.9997051023142,-1701.5403883762724,2258.4025337286967,4299.9952683024385,-24.620008632282303,4182.390219657329,5637.547169206499,1582.5077850497062,0.0006672389644579871,125.78067220673387,-599.9997352767037
t94,0.0,0.00029283657729039397,0.0005942483871001097,295.9143542255432,2616.632980306667,999.9988526362104,1918.3279092090177,-1937.4649902277226,1819.3543867125416,4299.9951723639415,0.00020543196961733378,3678.0620490546007,4934.521386252101,1792.295166181126,0.0006967079487324571,-8.21514863071473,4.068741950149685e-5
t95,0.0,0.00023493599809510952,0.0005593501823952332,153.00475629852315,567.6061425684151,999.9987057448591,-37.56562354183064,-1937.4649886064974,0.00012855487322931006,3859.6407763048287,415.9766448597152,1928.623656766924,4225.57434083311,464.4928310993974,0.0007791913774677964,-1319.9997631507542,599.9999213955302
t96,0.0,-724.508732952326,-0.00024470604399034286,1.8567870357610683e-5,790.4588882256044,-0.0013153682082347293,74.02274858621156,-1937.464991824841,283.6349811276823,4299.993587199375,-0.007482759831132715,1440.3712067494944,4213.756115496617,569.7943345957497,0.0012441376063052612,-1319.9977251887374,-556.8573499799827
t97,0.0,-1117.2753579328896,-0.0002815256971572415,2.4229869902201845e-5,811.5869911572015,0.7487443162249525,12.240596778582502,-1857.763901422226,0.0004013001352351044,4005.1959948487815,0.0002668367623957726,2504.0269350641374,3465.379047268413,1897.5718004453495,0.0016344486399530493,-253.0418196243786,-0.00014826932355208023
t98,0.0,0.0002983347916134372,0.0015090402255749362,212.9551154157269,-0.04943059877302483,460.1928518057027,-882.3280457248801,-1852.0046851566422,0.00020134154770369732,1487.8366927182583,1509.9908880887226,3572.206490429317,2228.898373123968,1815.3106434757165,0.001632863462717624,17.954369224748223,0.000295085189182569
t99,0.0,0.003032186246658332,113.82855701066252,759.9958517603377,-0.05517717479666508,497.74673041177243,-917.3359108149964,-1839.5054019765957,0.00017012769215274412,1422.149626672407,1509.992399951641,3409.612178384611,2452.0289688774046,1572.7016288102589,0.0015880472728245771,423.6512254797644,0.0003043899788840945
t100,0.0,0.0032259016327835866,347.3683364583973,759.9959192303775,-0.05110014946119248,745.2837406684905,-920.6850869145088,-1865.538053658377,0.00015780490243681383,1572.1449504639065,1509.9923952904257,2045.423312122443,944.3633865521872,2161.0890915145474,0.0015348723354998025,1068.4986990255434,0.0002654479899706817
t101,0.0,-251.51117717793582,-0.00026616625905835937,6.342336336151857e-5,-0.0502629350159917,937.5383087588552,-873.9912492049996,-1856.7735454415556,0.00024584554300865244,1649.6897765644867,1509.9920742635898,3353.714102577714,2087.365917633098,2081.015900247641,0.0015883483700541974,282.16941085064394,0.00024141841519391392
t102,0.0,-1061.4345418460582,-0.00040430664196610994,0.0002212946349773655,198.52071922110014,999.9965650629938,-465.5999276160483,-1824.9892498470758,0.000673927123069576,2706.164894361627,842.9881813980095,2759.127020421214,2868.550805624675,1754.6452361267422,0.0014813997868082822,37.46531236335925,0.0004387152777750925
t103,0.0,-47.50569182707211,-0.00019378765061949798,0.0009937287271764542,594.9071879945946,999.9964258842319,100.34323131983984,-1607.4857780295124,0.0004735245757351493,3872.228079154734,0.0005287533361480017,4217.38141985955,4567.679796666642,2579.997016102012,349.99755027214985,1115.2438527968552,-209.77072169373497
t104,0.0,-1599.9986001015877,-187.99047598215674,-0.0010110494838848094,1836.548657641739,0.10158801025393772,1316.8409996882162,-1444.6819075960043,598.1016235671428,4299.993492604209,0.0002639293113496697,4340.192936415478,5334.4414980062675,2004.6742567142974,0.0013912714394203173,0.01580565780053399,-289.24075384881417
t105,0.0,-1313.2738515702522,-0.00028721736582023704,-1.3783999974981041e-5,1257.7224448811685,0.0016358127506243153,625.0435810103022,-1276.331111483992,0.00044046208426470873,3719.607639104928,0.00014210626746833876,4580.3789488735265,5152.234680377645,2006.359345376866,0.001278422873649658,-175.03139889437034,-0.00044958086455989095
t106,0.0,-1599.9997595123698,-599.9997641727167,-759.9996398077534,3228.206171747515,-0.0032855642180991476,2368.358668442018,-1206.9914637841114,1642.4713479147167,4299.992055472539,-727.5557774883118,4950.976868271943,4688.339528385733,2579.998366938656,349.99933168855824,-93.25462035530252,-599.9995228911118
t107,0.0,-1599.999921461627,-599.9999463185611,-759.9999354242947,3515.7433853397947,-999.9996412307065,2447.6122077100727,-938.9539307421343,1697.9821055177124,4299.978737445519,-1509.9996275643246,5581.227631843695,5352.30036879806,2579.9979282812897,349.998982276894,-125.5977165653226,-599.9998743582588
t108,0.0,-1599.9999184464561,-599.9999356820001,-759.9999352086163,3619.4785458572946,-999.999710835935,2586.1078489079246,-1291.1311395817145,1645.1037318358794,4299.995763799923,-1509.999765063652,5648.70069893478,5931.351713081269,2183.940017019377,0.003352701608449003,-882.7218116296151,-599.9998788211218
t109,0.0,-1599.9999123818873,-599.9999370327308,-759.9999434147164,3577.474667774841,-999.9996750132344,2599.9993797205043,-1149.3844374570688,1473.427177784789,4299.979127832013,-1509.9998392747927,5131.637486405108,5870.181137195493,1725.8309705947656,0.0008803105657505406,-1319.9575186235566,-599.9998173015866
t110,0.0,-1599.9999161163203,-599.9999406719916,-759.9999401229242,3525.2118845337413,-999.9996614691564,2585.3708727950634,-1510.5390568265057,1823.6295583653289,4299.976942636001,-1509.9997769320823,5482.995080661797,5281.053599130877,2579.9977337097916,349.9987880864345,-105.57569324985795,-599.9998175997343
t111,0.0,-1599.9999149489856,-599.9999393548883,-759.9999407058376,3309.1961862364537,-999.9996742870945,2309.1704752511155,-1179.965507371594,817.6717588666561,4299.978587779072,-1509.9997906135175,4030.3502739691685,3705.6903661307197,2579.99777938643,349.99885572565745,-186.24544180147612,-599.9998154783576
t112,0.0,-1599.9999203467291,-599.9999451806526,-759.9999485298116,2929.5867994401865,-999.9996452214691,1842.2524998783922,-1177.3483155951735,1152.6052080345123,4299.980623195796,-1509.9997502685198,3108.204414911291,2741.6613123043176,2579.9979172239623,349.99901090894735,-250.1514456146149,-599.9997920970412
t113,0.0,-1599.9985147608177,-599.9948567115725,125.95483003361838,3337.8253957244538,-469.71286984518576,2418.8412188995717,-1292.605778907644,2210.0383171514104,4299.992378313254,-1509.9866623611886,3570.5374570844006,3088.5678025879834,2579.998070484319,349.9990491748056,774.6453285856352,-599.9995689696735
t114,0.0,-1109.713864688892,-0.00034639525110300774,0.0008107050595199018,1114.9557701587357,-48.917021107815195,272.56409010002255,-1389.8628487106328,101.47241204699729,4299.993692156869,-1509.9898478535504,2844.3220283784613,3156.380147768749,2579.9969151011583,349.9973530463065,891.0551404386738,-599.9995872279653
t115,0.0,-911.574153582612,-0.0001860083272386376,7.671505719270118,1826.477722627229,-197.32374881002434,904.1208461279111,-913.0357337137241,103.23698325811505,4299.993630199525,-1509.9883577129756,3402.115534263459,3555.3666411033546,2579.9976459756253,349.9984241336269,777.8894035976441,-599.9996320642574
t116,0.0,-986.8703982338662,-0.0002804056926322851,52.442956234766534,2251.6593494564886,-326.71886784047456,1315.7419844755896,-695.7043347135444,354.78212390224866,4299.993556922429,-1509.9881529091326,4030.913336195897,4175.639676896911,2579.99753060169,349.99836670993653,838.4721358946194,-599.9996254004634
t117,0.0,-347.914153906915,-0.0004254787275120839,162.5836401856558,2615.1404310747107,-433.7912752793865,1718.7209535427703,-748.2781884359746,729.4523613635248,4299.993423249862,-1509.9889996130203,5134.653856533959,5309.360979619502,2579.997546698134,349.9984159230736,995.2790519525629,-599.999622857512
t118,0.0,-1599.9996504130747,-599.9990767617677,-702.4120195987601,3476.1020297857754,999.9999681612459,2599.9999408131807,-689.1875503525927,0.00016452364605206137,2847.768706129647,1409.0483792795058,3882.525688713959,3330.7610912019577,1384.5945176635423,0.0005069649377022427,-1319.999866759516,599.9999705191892
t119,0.0,-776.876375181523,0.001955669905857905,562.8451044423264,3223.0317899814136,-999.9996597020863,2420.1352769693817,-594.9448438043896,1505.0340786878885,4299.996023633158,-1509.9995195895633,5648.699868588322,6314.8304823470735,2291.180265668497,-349.99835433954155,603.817894779337,-599.9998215232947
t120,0.0,-238.59410522047526,0.0015962697484010497,11.167911636680177,2439.5127628456044,-999.9996534956535,1692.8121973819193,-615.9292214144456,1036.8652539557822,4299.9958030901225,-1509.9996254468558,5648.699890492839,6314.831245506095,2428.6615882211763,-349.99976109056814,357.35204730972777,-599.9998034383024
t121,0.0,0.0005216253597176744,0.001205528934150875,61.046202197725464,2240.2559192891777,-999.9996695826103,1605.4026769747657,-707.175674803883,1463.0855449892326,4299.993345002669,-1509.9996655196428,5507.645008856676,6155.021363021316,2579.990891010824,261.94021116298126,1319.9954484569325,-599.9998078034637
t122,0.0,-1201.751926876439,-0.00018812512252123763,3.283730450840149e-5,2057.1227065085445,-999.9996014441093,1345.3810075586007,-930.733075459575,1510.586705809668,4299.99294676524,-1509.9995806259249,4361.004207287266,5347.3423199375065,2364.1341766404603,0.002426909991911123,934.8008037638186,-599.9997486294035
t123,0.0,-1599.9970412917587,-154.95936637559876,-0.0008640747446927462,1933.9407168643484,-999.9995246473054,1258.3428055264108,-999.6529644634036,1850.6320578531584,4299.992785546138,-1509.999505895514,4317.746364154541,5458.741813953138,2131.7008830640557,0.0014400059693549273,794.1529598054104,-599.9997040339194
t124,0.0,-1599.9988850736506,-599.9969576324747,-440.20080833633557,1879.5991859759279,-999.9994715661003,1224.5632605598303,-1262.3199740239295,2241.144345446385,4299.992806503966,-1509.9994402300513,4717.863641353373,5209.153963566541,2374.7270566730044,0.0014144695393328863,645.321513381786,-599.9996825361017
t125,0.0,-1599.999564708327,-599.999496251685,-759.9974636868794,2093.2252843745123,-999.9947039675908,1444.1456723959684,-1483.2537820269995,2691.6521392510735,4299.992683009302,-1509.9959748517515,5101.169421994036,5398.234502604754,2579.9976121659997,349.9981259010408,776.1332387116604,-599.9996173671458
t126,0.0,-1599.9996094755013,-599.9995661802785,-759.9995252251964,1298.3250593612925,-0.004738708991791705,656.8090090201609,-1570.9855639412508,1571.1822821626095,4299.993145542797,-1012.8545782612368,4112.0336276105945,4422.389658503947,2579.985602002505,76.90557915072024,628.4823351704864,-599.9993901712094
t127,0.0,-1599.9986947034122,-599.9967474340939,-0.03139948638249172,1451.5645120281088,-0.003235215445151133,778.9898699565588,-1607.7518251180995,1289.2955788876238,4299.992844200149,-517.6776788948191,3819.1031852005003,4063.352295630178,2579.990577652506,94.11321698041702,1319.9985523773896,-599.999688003121
t128,0.0,-1599.9996641238226,-599.9996094882222,-759.9995780020705,303.44035217375546,999.9949132423484,-413.20495434072126,-1374.03525382244,0.0002548231710104405,2833.642446104222,577.7227624015795,2472.293873459367,1324.6966371042338,2428.2930220868175,0.0014516093592859118,-0.001710817235291172,0.0008003146476717656
t129,0.0,-1599.9997125761079,-599.9997039500562,-759.9996545594979,1300.5472664335618,-0.00636700759715088,539.4458431279172,-1323.0763442974219,684.4740337796093,4299.992439552556,-880.2163943610836,2212.1497377467413,1882.2034750179282,2579.996364268319,349.9971667998946,71.2832546573912,-599.9994010334054
t130,0.0,-1599.9999297848026,-599.999953988684,-759.9999327718731,2672.4030125438035,718.3534925500664,1878.6299770026226,-982.8628527183704,750.6115755552833,2832.501970031126,687.0303645538656,3434.439714849814,1506.072904179253,2579.998880611754,349.99980564164514,-1.6712364435520115,-599.9998245662454
t131,0.0,-1599.9999362081141,-599.9999605036353,-759.9999287294089,3548.2798155621776,999.99949444093,2569.991931488967,-760.1784285121809,-201.17562944695334,2687.97412135077,1509.9994519067172,3850.563726305128,1765.3012312251944,2579.998910556905,349.99983015172984,-37.14612315653509,-599.9997518438246
t132,0.0,-1599.9999291871006,-599.9999528831514,-759.9999134370781,2791.326705789155,999.99933934647,1787.198680428931,-796.4140691890107,-753.0095845805846,2653.671347753655,1509.999285006297,4096.944428594004,1970.5628831529682,2579.998909703114,349.9998288967045,-28.945875127829954,-599.9998351832377
t133,0.0,-1599.9999290694132,-599.9999527040192,-759.999913084333,2144.2077545255456,999.9993060562465,1171.0933118445844,-955.4636544357518,-993.6336710074187,2590.3120309382707,1509.9992608188309,4157.7275338709815,2010.5156474724315,2579.998909761053,349.9998288683136,-4.002902102385868,-599.9998359948321
t134,0.0,-1599.9999295793734,-599.9999532708266,-759.9999155024277,2830.2158886697525,999.9993098846094,1927.0950592072636,-903.5086086303169,-617.7674340869605,3140.126597806498,1509.999283379952,4492.337861442099,2951.448779431706,2579.9989112941676,349.999830241877,-0.5930597277268443,-599.9998303327975
t135,0.0,-1599.999935121782,-599.9999594575174,-759.9999333404247,3506.5015732654942,999.999310490568,2599.998998300984,-1202.7204418476683,1070.0606724657735,3955.909763066339,-71.41718153483723,5259.6481042504165,4557.765842851006,2579.9988832849467,349.9998085450474,-0.6413110822691582,-599.9998243200745
t136,0.0,-1599.9999365308067,-599.9999615972321,-759.9999468911577,3587.9388664069406,999.9993484688351,2599.999164288371,-1410.757571286748,2660.8729078434662,3867.6615622707245,-1373.6805493857964,4205.127764493845,3172.582491117179,2579.998899958066,349.9998211018035,-96.00083522560307,-599.9998392958199
t137,0.0,-1565.3512082705838,-0.0006911360864501121,0.0010675595466364048,3462.2231136437167,-686.5919936427266,2599.9998991463362,-1743.2329013948474,3249.999817062339,4299.996633089335,-1509.999882976767,3371.9743489316916,3159.1956436102505,2579.996078265851,349.9966036953149,616.2376099321624,-599.9999530600813
t138,0.0,-1155.0426291111985,-0.0002127745587010965,759.9971081808619,2264.323284781679,-112.18088722950894,1504.2652857166063,-1885.9441389853328,2885.3126035173404,4299.993369955157,-1509.9899499728567,2678.6058010401944,2391.842501318067,2579.9981085224676,349.9990252643725,1313.1272941404231,-599.9996676804134
t139,0.0,-953.2493264497107,-0.00023112211615868407,759.9976453214957,2638.34725136078,-104.24897675617801,1787.243745168345,-1935.897200383709,2969.850936411938,4299.993379275366,-1509.9905661012774,3134.555857471024,2711.056378874479,2579.9981776720515,349.9990533659228,1208.9549932303955,-599.9996763548329
t140,0.0,-523.7493263859236,-0.00020048419150760956,759.9972588540921,2577.7327272054467,-131.59278474445927,1720.9893939210324,-1903.6465841792815,3037.5015202176005,4299.9933749242045,-1509.9906946864344,3721.85265731782,3292.3975306126913,2579.998145209982,349.99904200022917,1209.9287299657226,-599.9996704877133
t141,0.0,0.002105932297599129,266.39265059125967,759.9972897728383,2843.2107589818042,-140.9517394675807,2023.933721788978,-1802.8982157949595,3249.999005496329,4299.995948217793,-1509.9902642386419,4816.076556919933,4732.765158425149,2579.9896591900324,141.10833956956785,1065.1821420883748,-599.9996585182189
t142,0.0,0.0019342806637249854,361.9390958485402,759.9968010906183,2692.8931882806455,-156.29137990373707,1910.1559391393089,-1924.854916262383,3249.999034828183,4299.995945592681,-1509.9903899690391,5276.576258964596,5350.730266220526,2579.8450059812244,5.800572944517288,1014.6511755291041,-599.9996365007337
t143,0.0,0.0018006600230435518,53.079171773046085,759.9957750825796,2551.927605240924,-226.5064392224577,1828.592716827319,-1937.4648136251728,3249.9990987726087,4299.996005404028,-1509.9912581330912,4881.190217124869,4730.135280446532,2579.9919596002023,159.99422953580537,1245.450258874366,-599.9996819356118
t144,0.0,-0.0007821629541024332,0.00013021853871711243,515.1780249421685,2498.4475768121047,-322.0420066599403,1878.3318717955829,-1797.8056870418877,2936.575141642968,4299.993371458945,-1509.9876784373532,3891.958297406249,3771.4210465781684,2579.997177082444,349.99767925824347,1261.7118755202544,-599.9995702246393
t145,0.0,-786.2266636621771,-0.000220398544577091,0.000363129714691132,2018.397899287809,-999.9995452689669,1292.4338101197495,-1840.5123975443048,2614.1216201581997,4299.992919984276,-1509.999517089038,2368.8035829186488,2387.947303659485,2579.9942104237184,349.99198059898407,937.764622990431,-599.999714173523
t146,0.0,-899.5515248302037,-0.00030669626462298825,76.6221764778547,1632.279705767886,-814.3162969068574,805.3516254352211,-1671.0649874148578,2247.172726702631,4299.992629741185,-1509.9899515684315,1550.4709241181179,1676.0255184446887,2579.9973626280985,349.99820760861803,1149.9089715741297,-599.9995550262723
t147,0.0,-1046.6591351463592,-0.0003423764423197728,0.0009150057496376599,1631.8407908941197,-999.9984630644487,808.8190478064433,-1602.0992304345111,2101.5660430467574,4299.992702173265,-1509.998757821313,390.8759058213595,618.0435269825558,2579.996219238575,349.9966569980291,1153.3797102138324,-599.9996311539729
t148,0.0,-1094.752350474503,-0.0003400495531411896,0.0009202904032914654,1799.8082107044645,-999.9984767363349,992.0351788803684,-1356.943314220311,2032.0578460205797,4299.992717909135,-1509.9987721354034,254.8683413062474,533.615866413044,2579.996247479075,349.99665819518344,1227.7570368267986,-599.999634332427
t149,0.0,-1397.9369032138693,-0.0007619245595954806,0.0009920050387229708,2097.304543702,-999.9984551671416,1419.1767509101558,-1345.5833473624916,2464.2349597377265,4299.99265176834,-1509.9987550736016,677.5168436818873,977.9204880555989,2579.9961880652054,349.9965410515258,1262.4597731692295,-599.999634628698
t150,0.0,-1582.5667528163394,-0.0006116172379806213,0.0009502715912046508,2358.03368439485,-999.3582211025708,1759.454363476775,-1288.0547430156225,2782.393280878612,4299.992782890847,-1509.9899309434234,1916.3818722629394,2217.250249072657,2579.995711909247,349.99272770203464,1265.861610181096,-599.9994783297157
t151,0.0,-1397.3244625565167,-0.0004915590588202165,0.00015364846916999397,2559.7369254134383,-999.9997707018942,2209.30277792926,-1370.0463279340752,3249.9968083913354,4299.995015261825,-1509.9997360084078,2576.2898154956156,2847.844064214788,2579.9900876679044,54.22458242323534,949.1342307560218,-599.9998344259682
t152,0.0,-1153.7084769053602,-0.00021674695272061608,0.00013112295861938676,2667.7506715813975,-999.998526316011,2325.381832671718,-1399.274596832708,3249.9976265978976,4299.995247397096,-1509.9989205451293,3310.323011567241,4103.730094982524,2073.299586421316,0.001391541168067202,424.86465874303883,-599.9996374257228
t153,0.0,-1599.9985193298344,-599.9956478791551,-0.013563961297434143,1601.7738264667873,-398.8055335892214,1012.0804254156515,-1040.0558833404366,1825.8533038446667,4299.992299935389,-1509.9883542527036,2340.455323419176,4187.689521061015,550.1274469235238,0.001860137793330222,-1082.408081964122,-599.9985561351194
t154,0.0,-1599.999934487196,-599.9999608878553,-759.999953607732,3317.3012005420987,999.9998416281193,2599.9997611033496,-1321.5340211135356,1632.3890658825167,3611.110288743482,367.96810974699935,4592.641319727098,4257.656915975471,2084.606570891083,81.02235519067786,-363.6925691153853,-310.99561445214135
t155,0.0,-1588.453694000273,-588.0280518482322,-749.3811802086199,3379.9358661537094,999.9998640519424,2599.9997816158943,-1192.6134382848402,315.3971728585732,3316.6128828925516,1097.6557772882409,4484.432468597306,3708.7065368637927,2204.7147498976533,129.9005426071822,-288.43922163657015,-271.8263210555616
t156,0.0,-1550.2956110722405,-547.9025306248724,-571.9609637753852,3524.247330921068,999.9998723056132,2599.999797160149,-1379.4292903609414,277.5445617166346,3178.2966784885493,1466.1114184017442,4322.561201602066,3127.78017960386,2514.571977869376,300.11351344144424,310.22396387167663,-36.45042257482853
t157,0.0,-1587.5135359013902,-587.126731740445,-317.42529399061726,3443.2423076200853,999.999867504744,2599.9998014343323,-1373.0838305118891,695.4574872206418,3127.5370549625045,1499.573396368919,4099.40153454882,2725.741989496499,2565.048746212946,338.41371492239966,653.5541514317114,-93.60133458720868
t158,0.0,-1586.3399740704604,-586.0074837947745,-281.3968612572868,3404.3606511993366,999.999868885937,2599.9998038986423,-1276.058326417969,987.7648361059291,2794.797912686437,1498.8664881340765,3124.7773599462835,1412.176054519346,2563.804905379867,337.4038809977536,710.5217057306232,58.52974473702544
t159,0.0,-1541.1838091724048,-539.9321725453533,-703.5148086140948,3450.8647140411144,999.9998695244885,2599.9998078317085,-904.6323347487889,1071.2590919841932,2655.33882343684,1088.4170430822287,2511.903456526066,1043.3983113792362,2125.8971001968807,123.46834728115569,-438.59952339646793,-58.19070554423658
t160,0.0,-1599.999936296231,-599.9999622482823,-759.9999584974554,3514.7586790884643,999.9998705946102,2599.999819016809,-1040.9630945743481,2066.7398378003586,3302.586550538517,-307.9396288396846,2349.5614598057605,1263.7192262137532,2218.6405038875027,154.2572628380649,-432.75694055145266,-400.9183995287591
t161,0.0,-1599.9999260487275,-599.9999528853368,-759.9998284537726,3359.498028436402,756.5507958047154,2599.999889804609,-1248.6526643122095,2919.012899460611,4299.986267947068,-1509.9998298922287,1670.2110067097049,1162.0044453662795,2579.999005426894,349.99990254718597,117.25698271954876,-599.99996070914
t162,0.0,-1599.9988393616602,-91.31301525378943,-0.0010804252615700836,1006.7595171691463,976.8381006483766,337.81063596813533,-1618.230395259753,264.0334186320137,4299.994083475201,0.00016703594025075527,342.26393840439283,872.6421956921309,2407.8451286102413,0.0013462593013845625,348.4059819955437,-599.9764564235057
t163,0.0,-1599.99884191979,-177.6661759455678,-0.0011017382066904704,2117.79102493898,981.4027635565805,1352.499885653074,-1298.1930117174004,780.3275127401736,4299.993726474749,0.00021469488112203067,815.9160031019393,1458.69607160862,2326.5753713388526,0.0013010719204128505,97.89665389496778,-599.9763070487552
t164,0.0,-1599.998901834316,-212.01588491000862,-0.0011444423133816159,3389.227312622531,979.0350579906105,2599.999056517904,-1828.6630545936107,2668.813707176203,4299.993749598934,-0.00028096932956071005,3172.16856629116,3852.894311241357,2216.7969321594614,0.0012935169667310346,-25.298054123347136,-599.979882689468
t165,0.0,-449.9128110707252,-0.0001954067723041068,0.0001296488198285016,967.7530679924987,982.3179208382508,202.8331301682683,-1783.8926727881833,0.0027528032833051387,4299.9912775983,0.0002408947331396005,1201.1485473727823,1771.5029705092752,2579.9907054619107,28.991218382712955,385.2715316825974,-487.01312026894533
t166,0.0,-0.0005953067053568541,0.0001705540968512698,0.0005185722978952813,1033.7889842619015,983.3102876167658,290.76456944360405,-1752.908421429172,0.012642589077013093,4299.993378784534,0.00023655224989143261,1662.0164630371953,2470.0315608092383,2394.5594729194872,0.0013828138602729545,231.5403384025585,-250.324122173661
t167,0.0,-22.06259251591945,-0.0003353611760669084,-7.896455581677737e-5,714.3949152650827,975.7809888180133,0.004033047152624103,-1844.9007780142679,0.0005198984483727144,4028.37733652089,0.00029904141424699304,1336.2742376047445,2055.734970796588,2235.9737833691624,0.0013906529820154427,100.90696532424946,-0.0005442803542521658
t168,0.0,-152.9849522327939,-0.0003580698316609926,-0.00010410613800517094,30.31640478548826,999.9973566337642,-713.5106084094942,-1932.6933622178103,0.00031969472986794633,3099.0989414759615,574.612468048476,388.8445880158043,821.0553272134841,1683.3836674370734,0.0013498433694915614,-367.63522179623794,0.0073122715746451045
t169,0.0,-0.0012026213360281945,0.0004098111715557478,0.0008754967144069562,-144.96758044274108,999.998761913971,-845.5016739341482,-1937.4645076466638,0.00038342560835452155,2138.8401042564496,1509.9988186459059,574.8439755767954,455.9834907428912,1376.29954403015,0.0015078132383397678,-563.1105209512101,599.9988091658503
t170,0.0,-223.57210345234213,-0.0002972240290206313,-3.339939597868775e-5,-296.07136461910443,999.9991992813576,-966.2102456539179,-1815.423418130628,0.0005376967158281659,1755.0048394342334,1509.999153667772,365.2351349911236,128.58798642054012,1182.083646035565,0.001490853134289648,-679.7793541117927,599.9991826735182
t171,0.0,-195.8722133144088,-0.0002564237650832102,-5.008085982822763e-6,-89.89398597038574,999.9992322118255,-726.0938384554678,-1771.1918319835765,0.0005089302576472061,1873.5586058647782,1509.99925412394,453.4732585055206,2.6406960387790726,1585.7597496143885,0.0025290949962032527,-187.52972776800317,599.9992090582072
t172,0.0,0.0025956132890245136,219.13540765622443,759.996153561212,172.61569801436866,999.9975645601054,-412.013854821609,-1610.3963439390402,0.00029987468565229145,2010.7208088959555,1509.984569817378,732.7555771958808,1790.467420143773,535.1517883423044,0.0015285619148304034,-353.14042143371506,153.25016718557526
t173,0.0,351.5930778718492,599.9942478431226,759.9977236179586,794.6529497987365,645.8839820810512,219.537057319067,-1548.127272368675,0.00042982444280189203,4072.3893781804713,0.0002057459476625353,1113.0913948961365,4005.9598276079537,1135.3220257012154,0.0013639128055317384,270.2969459570851,-0.0007935558064426805
t174,0.0,479.44242381946293,599.9943312108044,759.9978116479368,946.8754503225937,878.3701532601925,372.89976216261454,-1573.9666368478418,0.011768799383803338,4299.9931745846,0.00023163481945541995,2261.6079006992995,4615.895738700895,1894.2819944675243,0.001377438288049857,1027.4979121027516,-351.1894434744194
t175,0.0,406.7334550289169,599.9928450116582,759.9971852156202,1394.9178661999429,976.4891737959497,956.6741194060738,-1717.6980357810764,611.9757862815416,4299.993232299853,0.0005416194552627523,2959.159920518375,5133.888391006333,2050.734100723344,0.0015092683550446296,1160.5913585374146,-599.9748209541312
t176,0.0,0.0003643571410859876,0.0009742935119600373,20.978983806544644,1755.503671270882,978.5146503285375,1358.6784748362477,-1498.4964904267372,796.5047304216416,4299.993592699641,0.0006211754043174017,2721.358270687702,3944.205833513102,2420.733335000613,0.0013787414311229906,813.4539846221506,-599.9743042832126
t177,0.0,646.8386608816877,599.9918086524625,759.9966037360444,263.1101444409414,999.9998146358108,-312.76421074084936,-1177.4572406706845,0.00024296235670534728,1474.1521226844632,1509.9997701345876,3544.0651497657477,2915.3870128500785,2195.013162011286,0.0015039901231738138,1319.9990439839403,599.9998035869277
t178,0.0,-658.9630025989974,-0.00022510767441672534,0.000267320864884413,3276.402542189712,999.9999545110533,2599.999920602434,-1462.8895030540932,0.0013011732036606195,4299.961108957611,1202.5909924289424,2114.252144994336,3627.027831675546,1948.5003711084878,0.0027647461712723516,269.72497463710255,-0.0003903640356926722
t179,0.0,-1555.2280252141702,-553.5489768704294,-699.3501375972803,3391.91143611518,999.9998678734167,2599.999799228338,-1303.7016062906812,1811.1225102581818,3670.7346509138592,-674.7110075610021,4673.888524994662,4835.623300122332,2186.696062289817,98.35124300149617,-267.52460494595425,-414.6976148391782
t180,0.0,-1538.1226412916778,-532.8394534691737,-656.7132207192038,3496.6729208465194,999.9998719512795,2599.999813352079,-1447.2751943073702,2044.3545372980232,3813.5927004889645,-954.3205186864715,4908.925901187835,5061.697823354195,2258.0980719426498,117.92470177188208,-188.21382565495048,-457.05300460514655
t181,0.0,-1591.7792141264151,-591.5891388575116,-750.9314216094435,3446.651745505254,999.9998758205197,2599.999814427322,-1084.1890573423473,1346.4628938141925,3492.2009705430314,-531.0564479809194,4462.699247987719,4367.42288658778,2081.1512104429708,95.91360350949464,-520.3293429790813,-348.4256509845173
t182,0.0,-1526.0752441281704,-522.5498040253907,-641.5303746953806,3404.525912149237,999.9998762962815,2599.99981672737,-1263.6092062121968,1349.668802384016,3429.2833734769356,-25.931819599975704,4329.860682142996,4082.8320824980533,2239.022226934026,141.22792058417104,-182.57150333313044,-394.04689890946344
t183,0.0,-1466.2916753249574,-455.10357647419994,-581.8069074295341,3453.2438320248452,999.9998763319015,2599.999822903729,-1186.4926459414362,2208.202354599418,3666.1396893766037,-1362.140207537881,4285.186347339263,4426.10719553074,2072.2373472061267,64.61144585728898,-464.54551123533605,-482.1703474404703
t184,0.0,-1599.999853725379,-599.9998747558865,-759.9998956978758,3538.097676212397,999.9998820241908,2599.9999367024743,-926.531823029939,1978.9813030525354,4299.988916604571,-1509.9995480169985,3424.5857330595404,3678.0640708322244,2355.414075449789,-0.0004295748725022249,-469.7755946181218,-599.9999017683452
t185,0.0,-1599.999228852596,-599.9990944693558,-121.4290830022399,3397.9778791966223,999.99996122492,2599.9999420665517,-887.9166352948374,2262.8147072221973,4299.992343772772,-1509.9985890628038,4477.398744229599,4307.63298377409,2579.9969394799027,349.99783950902804,748.4557357853442,-599.9995549551631
t186,0.0,0.001938883286635581,18.257524671707642,759.9975742884777,1717.6905297645344,999.9998346210607,1046.5315083945134,-832.5548570343748,0.000284535516183561,1891.6478363095225,1509.9997457772374,4966.3373438896,3199.176014615617,2579.9922459011686,7.256439649883271,1319.999214242559,599.9994210039882
t187,0.0,917.984799906163,599.9964598431767,759.9985293400601,790.4367841879073,999.999831960825,6.042669420574161,-999.357352772327,-0.000782237284015052,753.2830429052841,1509.9997470738188,5646.459485641803,3136.103117964769,2579.9909129798816,229.1771608658751,1319.9991622515608,599.9994613866419
t188,0.0,-115.81088003818832,-0.0001950088178801973,630.4927742916922,3162.1864633857604,999.9998361900593,2362.9964270988603,-1235.0491968794363,0.00032820385103561964,3292.52855584514,1509.9997450820827,4750.622551289145,4164.980244760522,2579.997359505305,349.99804749719834,1319.9975561572444,599.9994033467067
t189,0.0,184.8425531629068,599.9941199948294,759.9981962841886,1247.3323681813745,999.999858367935,482.9736759647425,-1242.1550491067496,0.00026149605525354697,1456.3748695693919,1509.999784180629,5036.458807264037,3242.267157736733,2579.99091961055,210.97154909875113,1319.9991506898914,599.9994452181918
t190,0.0,0.002630922440186991,550.3959660817062,759.9974440798934,1632.279939681629,999.9998395789246,907.5685313996788,-1216.8338922728733,0.0002511239948208567,1829.5933868256595,1509.999764082907,4973.691366082573,3545.845779331666,2579.99132197398,155.56267602879004,1319.99898920961,599.9995145435323
t191,0.0,875.9254055459733,599.9976001987098,759.9986843437366,1594.6693056820968,999.9996518948938,957.7199312098206,-1099.9219781205015,-0.0023669170552621794,1766.896914402289,1509.9979107244117,5648.69575580282,4275.6602326191,2579.9873932591436,39.64331582453705,1291.5307445261171,432.11655914980275
t192,0.0,334.09475885864856,599.9937879860669,759.9975052047528,469.1606189425775,651.1757626234316,-302.7212882893466,-1037.6939121199164,0.00019057376355414857,2043.9754844996164,0.0018385445356698608,4013.1100088316957,3489.3105161148706,2082.633268519065,0.0014324022628861503,837.2617149293827,5.445802333514685e-5
t193,0.0,-1599.998027448687,-0.0100070493415027,-0.0009949171559566678,-0.002052831513441355,662.293911590759,-803.4979410177795,-1201.7295045928158,0.0002621868069678662,1648.3428229123058,115.69193946253844,3223.916949847755,3427.100038096982,333.3794963592588,0.0016033433177116713,-1319.99909146852,599.999096568297
t194,0.0,-1381.3489110067292,-0.00034930460884329727,0.00014619485575829348,763.994795015179,-14.553571235002137,-0.002383711964445,-1133.960720420059,0.0003276965265868928,2609.5469616938517,-0.0012531657414948567,2566.0249724713963,3910.312864966909,232.90893203905134,0.0017178916610798233,-1319.9988996516881,0.00020509026354668976
t195,0.0,-144.56204244380265,-0.0005874028121188008,-9.461239260761968e-5,509.8720810481353,0.00048497818407636944,-224.1338554854509,-1041.4196273135929,0.00044400709620515924,2301.997657633834,0.0003709127328325123,3844.272582170326,4674.05881190767,503.8096575786674,0.001910971634398522,-1260.5433070509555,0.00019336725672634318
t196,0.0,0.0028387209100923477,251.24213767074366,759.9949511348243,331.33401921353527,0.0025986468312618424,-384.93313943279844,-1044.3950990700364,0.0003523806906293148,2211.8236022151577,0.0011288676074464323,3988.163464865399,4556.919820969415,958.5718533795626,0.0018289427141561366,-0.0007798912331450197,0.0002677983955377651
t197,0.0,0.0006467832519705703,0.0021820566846033297,421.1166562007561,245.9019987891815,9.66064873840327,-470.51992456527086,-923.8728262042613,0.00023084203511990312,1990.900725899452,0.0017976908522279779,3971.9828174448353,3743.708510808139,1293.3470447228149,0.0017515361053223354,-4.144799628195035e-5,0.00031274288778697417
t198,0.0,0.0006042545177240621,0.0024056139802010874,39.050505308677465,431.59855600734903,0.0004927590969679681,-305.8673888377826,-960.7337452863769,0.0002668881031640424,2147.881703960895,0.0002565251688806947,3969.7125952140186,3938.030752112342,1206.231678334683,0.0015915916203956325,-518.4927164456766,0.00024140273960696968
t199,0.0,0.0009136401542337917,0.002292682702448045,209.53616458322372,2561.2434043359767,335.5702431818472,1820.6625387048996,-670.7644937257458,-0.0001581826371489993,3951.8213408422257,0.0005825935212611388,3888.6706488593677,4293.96542619059,2299.127307325841,0.0014157424151031992,764.1862511692599,-0.002224315961337404
t200,0.0,-1180.697013298776,-0.00024823887880372366,0.0001947135227594622,3432.378164914329,999.9990699222304,2599.999395838435,-530.6341153710769,108.75823874081254,4299.991824159159,-0.00518150991076339,4070.5223841128227,5017.607947048445,1960.4984642538327,0.0013283674781030524,0.0024571062343557363,-599.9988388294023
t201,0.0,-1599.9998968428447,-599.9999190410854,-663.8824847814881,3596.459909115505,999.9999553036954,2599.9999067813646,-239.89657423176877,0.0007110013564817558,2241.9976766648965,1509.999865214147,4314.797894816236,1959.6063442668567,2579.9989813578795,349.9998832687461,31.424267392031982,-599.9977544011795
t202,0.0,-1599.9998912126903,-599.9999126467652,-552.9199186739927,3677.352187288762,999.9999564572271,2599.999913038216,-179.09650748623972,0.0006058582934294921,2229.7245763213514,1509.9998643017288,4779.612883540578,2359.225021392835,2579.9989731405203,349.99987911554166,22.39854039774745,-599.9971285033504
t203,0.0,-1599.99931660112,-599.9990367122019,-259.4443402129986,3784.5769309920256,999.9999622399148,2599.9999432134177,-276.24392438868347,-0.009088221471996182,3555.59723883621,267.2025074756671,5648.696889170613,4501.826670499744,2579.997784081788,349.99882052289723,183.50418490959063,-599.9966891635589
t204,0.0,-1599.999478005978,0.0027675057641884247,20.294480031060534,3778.7181606343056,999.9999622495882,2599.9999430831685,-342.6524460289222,-433.08848876195236,4299.996336851045,0.010504927820704038,5648.701390201082,6314.823931227712,2095.3322570604955,-150.69509950177218,-598.592638755862,-599.9991904601181
t205,0.0,-1599.9998040560592,-599.9960344768543,-167.71034891280812,3773.835204423845,999.9999624820838,2599.9999416619635,-402.3395685931295,-337.527552013165,4299.996560102631,0.010983067136951569,5648.701607192058,6314.824783305782,1749.4970862775194,-217.51155865001218,-1217.3709140460292,-599.9997453605126
t206,0.0,-1599.9998407469263,-599.9965170314684,-612.8817954627579,3777.816806793489,999.9999666503262,2599.9999444771406,-511.91005081494166,-245.25715955849944,4299.996604060414,0.011245261956226315,5648.701647936538,6314.8255144401155,1675.8899784415623,-12.359051648540122,-1319.9986510254253,-599.9997026832922
t207,0.0,-1599.9998501202203,-599.9971840953447,-759.9814911817244,3781.197855520797,999.999959431214,2599.999943713387,-426.84759719996936,-425.707175272149,4299.996613803349,0.009778877034403326,5648.701656383261,6190.691818263921,1810.22496179177,0.0013483497913619573,-1319.998784060709,-599.9997187433077
t208,0.0,-1599.9998166762584,-599.997221364384,-759.9802211923815,3785.7865184714697,999.9999655690699,2599.9999486184593,-406.1524173781892,-507.9272581425248,4299.996573636408,-12.040717053146986,5648.701613969537,5888.592071967204,1929.499431148783,0.0017870175418392194,-1319.9987680310776,-599.9996533445618
t209,0.0,-1599.999623261228,-599.9973081349283,-759.9808599040331,3791.3160364674754,999.9999678088326,2599.9999512471027,-404.5636694028211,1055.9638945377621,4299.996248138171,-1509.9995611611178,5648.701180935547,5828.196357374231,1904.7499442761123,0.0017101303558429088,-1319.998851842562,-599.99969842581
t210,0.0,-1599.9987238147542,-599.996818580007,-291.16293817363487,3791.885500275148,999.9999641064641,2599.999952934765,-758.9423978614129,1337.4700565761432,4299.992559981282,-1509.9994215613856,5524.733785859646,5195.05237918569,2312.9364330831945,0.0014132687595994917,-378.5545803301907,-599.9996994558904
t211,0.0,-863.9872548741292,-0.00044419270356647715,720.7278080328252,3690.343503671806,783.4313179841188,2599.999291927002,-708.7763955201792,1334.3066133133557,4299.992456080213,-1509.9961713975817,5588.818103671563,5600.487360453153,2579.997477955096,349.9983158787296,1319.9983365606354,-599.9996888883702
t212,0.0,1599.993645071479,599.9982938939972,759.9986251373296,3010.4928862520806,999.9998664305953,2128.184716615313,-670.1331927432432,-874.3078811753248,2964.7883231577093,1509.9998096449874,5648.6984429804215,5071.1092794645765,2515.6206359956846,0.0015101194700033469,1036.270329397679,599.9998399515707
t213,0.0,1599.987698550578,599.9977600463843,759.9983651297316,2666.9416858215213,999.9999862673596,1821.8645895859866,-776.4313128938109,-939.3797868434659,2852.0909453157474,1509.9999514677395,5648.698022726973,4999.225995986428,2496.6524531102564,0.0013711444842150293,1044.1129465187191,599.999984597088
t214,0.0,1599.9915880727513,599.9982486985276,759.9987164227105,2065.809904381543,999.9998917527192,1226.473413185962,-708.3620855593574,-976.9685617883338,2370.6641051194433,1509.9998452251946,5648.697867549155,4857.615961697216,2197.924792236093,0.0014565126288524869,792.731326851151,599.9998748564834
t215,0.0,709.1941636478227,599.9832063031623,759.9951980379784,733.9309040298236,999.9998871707306,-3.084835198546937,-579.2426402976637,-0.038255119401879055,133.13648585761405,1509.99984038628,5607.757409275827,4451.976757304787,482.0797920799449,0.0014655649757017572,-753.8596701607306,599.999899765476
t216,0.0,-524.2744814330221,-0.0006528131996001962,-0.00016302651456615017,579.7874189815367,0.032066155403657426,-280.9414948056351,-655.3785971056286,0.00037108143627711225,1748.0860071610398,0.0021460036725983473,4426.489273421903,4040.47381702585,845.8284958957051,0.0017407732132816486,-1018.5244599634563,0.0013907881771698693
t217,0.0,-1599.9981810586548,-0.021315281424425552,-0.0011129994493971373,816.8020154314123,-452.53319464326285,0.003463616813403897,-677.8747941789344,0.00037755200428459624,2653.0097313143597,-675.8138261513291,2266.3189258449665,3444.0362669478477,349.02676389700156,0.0017257424083393367,-1319.9990561428278,0.00020946206699830038
t218,0.0,-1599.998202618185,-49.263624563782614,-0.0011910925005603579,760.145627726868,-465.91825467069714,0.002734950841006686,-667.4010310204022,0.00037400851568051327,2042.4528814287441,-0.025651285199748797,2320.1438102927054,3060.724316392524,229.2209537705432,0.0017282835012034762,-1319.9990517815252,0.00021183772658110354
t219,0.0,-1599.99822038403,-528.9057046287795,-0.0016288914751944553,729.9056413928862,-341.47029666649644,0.0026276795988201874,-606.9201699355771,0.000343243654321353,2052.607889378654,-0.021383015325149666,2364.4718508620876,2807.5538650992426,133.3122348489421,0.0017039930522690005,-1319.999044166098,0.00021654327134875578
t220,0.0,-1599.9987474079,-599.996801848341,-65.57530921175078,713.3816374151938,-227.37742545904393,-0.0011657671654762506,-559.0328577343765,0.0002640120186532997,2016.3140484591556,-0.0016252636776003374,2357.3872628327404,2694.2196128302508,163.93430041254194,0.0016353733624962404,-1319.998918649538,0.00024626716705482813
t221,0.0,-1599.998281250333,-330.8387319507561,-0.0014107610557300512,713.1445121194919,-158.61528809565004,-0.00251727017119268,-582.9351944413254,0.00028458572644702874,2020.5148019964786,-0.0013829004051779633,2377.2779382651206,3048.8453218387676,99.7790961777612,0.0016943243696541676,-1319.9988847159268,0.0002507690370342297
t222,0.0,-1599.9981618508116,-441.6020925588287,-0.001306178612133569,740.2456353933794,-144.42672174948845,0.002349314943704653,-694.1362596741801,0.0003263441412562614,2093.6930822514696,-0.02363607535850819,2373.5425903079376,2899.6041003423784,157.13519206580125,0.0015539573011987588,-1319.999049313537,0.00018462212929100792
t223,0.0,-1599.9983354397716,-599.9955530500881,-531.0956844443211,3370.754078165421,0.0010922888291800764,2592.119897558673,-517.4759439310612,297.8514449064699,4299.991946708105,-5.2095008915779195e-5,4786.778379377977,4953.086289693385,2347.467741591959,0.0018801592499948386,-13.670490842661946,-0.0006541227531817788
t224,0.0,-1599.9999029280457,-599.999933765054,-759.9999255549452,3651.4124388258915,943.1664721903934,2599.9998000756873,-432.22453951419584,831.7687680515638,4299.973278578558,-1509.999511332687,5623.375273390871,5906.241215529446,2141.0508319417395,0.0028840870535229257,-701.9952088554612,-599.9997000250929
t225,0.0,-1599.9999347674275,-599.9999365846271,-759.999929422973,3635.7536911603397,938.3289390515133,2599.9845966263993,-325.8234850834942,-311.9121930109538,4299.996559926224,-1255.2356178542361,5648.701599443067,6153.17886934054,1898.528107754634,0.004093603231207403,-1059.675981650084,-599.9997791708843
t226,0.0,-1599.9999271077425,-599.9936809604463,-674.53480147094,3635.307887244373,936.1192659885736,2599.9847165497067,-327.3634672125302,-1109.2836811195402,4299.996740732751,-459.35865910157145,5648.70179029914,6314.824258004991,1710.5420538364901,-61.51481058303065,-1319.9997899854698,-599.9997881134303
t227,0.0,-1599.9999298088026,-410.3442117335224,-0.0020373830035501687,3690.287488823524,942.527370697327,2599.9851750087823,-242.99754681180013,-1224.9916053681527,4299.996741243637,-502.71130014393816,5648.701789464041,6314.831231760273,1802.7873807188005,-349.9997700286587,-962.810816276565,-599.9999484891723
t228,0.0,-1599.9999393676528,-599.9943221492516,-45.24601161862398,3734.4352274702305,909.5449369337565,2599.9769629206976,-369.6619476754471,-1148.2298235584776,4299.996750456657,-513.030499955346,5648.701797882431,6314.831167952453,1647.0897054813909,-349.9996959060403,-1319.9981550028451,-599.9999107109949
t229,0.0,-1599.9999366514774,-599.9946898255545,-41.50796675631548,3747.4598041717272,996.1395571380923,2599.9706020370622,-598.390331874049,-739.3882883240343,4299.996747762609,-5.899000661293793,5648.701794652756,6314.831173379027,1726.565385013924,-349.99969988652185,-1319.9980250198707,-599.9998898906244
t230,0.0,-1599.999838854317,-599.9965663186188,-759.9775738774383,3767.3069422206863,999.9999443527403,2599.9999147183044,-703.0116240761137,-948.5382911891276,4299.9966140045335,940.8153081723609,5648.70165703329,6221.872391806793,1833.5392155596517,0.0013016055072728422,-1319.9987582219487,-599.9996982926573
t231,0.0,-1599.9998462565652,-599.9963627730199,-596.0523416898443,3772.368917187936,999.9999386309257,2599.9999210457436,-662.9531769065698,-838.4354104225552,4299.996621984583,1020.9438698821969,5648.701669097986,6314.825532699746,1749.132475002784,-95.08599402341063,-1319.9985689177422,-599.9997149429265
t232,0.0,-1599.999852789483,-599.9964452520998,-753.643892735746,3787.518330817319,999.999933362921,2599.9999111712877,-872.6136770985801,-598.8711486880011,4299.996621021042,813.1039780468145,5648.701666967881,6028.219598849694,1931.1643425758773,0.001172094048095798,-1319.9985341480367,-599.9995905411296
t233,0.0,-1599.999851504423,-599.9967520253286,-578.7935395326097,3723.129036322469,999.9991194626755,2599.993640727063,-1100.1523191046995,-504.02980571705615,4299.996611659136,899.0810092525232,5648.701656082732,6208.627185570122,1732.1682633285964,0.0014914608025002351,-1319.9986527178457,-599.9997356837663
t234,0.0,-1599.9996441132782,-599.997275386553,-759.9819411760722,2455.120934278302,999.9990037948583,1337.1916968849205,-1144.9005828235224,-1413.2403241425723,4299.996121593232,467.17267946878883,5648.701201667818,5945.196642582303,1925.4456146782675,0.0018486867741567784,-1319.9989150729639,0.00041317278511775576
t235,0.0,-1599.9984096150906,-0.0010865626207551386,-0.00039522682573036054,1419.2891685740346,999.998959754569,331.43316049348243,-687.081263393142,-805.6239699829798,1436.147493912304,1176.971340549922,5648.698441309776,4558.885390496308,1035.6125685222673,0.0016056096110032422,-1319.9814877769272,317.9037392375599
t236,0.0,-78.8993441880229,-0.0004567307727020436,0.00016015165805961803,3440.6149842460727,999.999967850007,2599.9987329784926,-882.0857644000871,0.00024582364361295806,2796.41658857511,1509.999929561025,5192.206980713571,4034.7124445031523,2286.9691263658033,0.0015250241167660931,0.000867795528133019,599.9999676749255
t237,0.0,-0.00032416409926307085,0.00044002787574261824,1.605627530226419,3407.7934475451366,999.9999637972892,2599.9986266478713,-1388.0712475225391,0.00026916751475837656,3375.2475355767924,1509.9999267006576,4823.792981455029,3969.114000024582,2579.9899290513595,316.46160903707755,628.1013146359028,599.9999644286393
t238,0.0,-1190.1390418395927,-0.0004846301555129428,-5.068632493138339e-5,26.218229703278247,999.9999713004718,-780.7999912831788,-1670.7855520168225,0.000435278779585476,369.7855936320219,1509.9999350797143,3621.1283341512276,974.2824975778515,1439.7043301373149,0.0016509674766765079,-790.0665353143636,599.9999732040563
t239,0.0,-1599.9985419202644,-202.74171980793267,-0.0012028812227906475,-285.3540598699958,999.9999799524392,-1248.6069792477867,-1554.5241555909909,-0.002951337667159295,0.00125615021253722,1509.9999458296118,2100.3355928509295,-0.0038148730993638027,439.71151977029166,349.99589399155485,-1319.9991117285067,599.9999770458986
t240,0.0,-1599.9984715378978,-180.75181619870776,-0.0011432613915572563,-337.0404268526847,893.3587175622301,-1225.4085110907122,-1422.0946264542063,-0.0025680177380118106,0.00126563152027707,1509.9929353280859,2178.525227857268,153.63796078117753,567.5331869084437,0.0015753170961776413,-1319.9991313223268,599.9995490065556
t241,0.0,-1599.9989045191637,-599.9972419782814,-431.23342448777447,201.0847229443722,0.0005480390057832635,-635.8056077248767,-1377.4151613031966,0.00033712752645010465,2264.739545363579,0.00040142020279261743,2231.2311901302223,944.5549312481461,1768.123889001225,0.00164777645855612,-707.0275019385025,0.00023950605205905708
t242,0.0,-1197.0072920563125,-0.0005688266039843318,-2.9211440062770294e-5,281.03383412620553,0.0004711456465614337,-498.13817038188034,-1550.2901277373849,0.0003069129522204191,2740.6176450947974,0.0003222684975867815,2712.7340927793266,3085.9443086375845,1308.0682247407342,0.0016824687109259114,-572.3597866092202,0.0002424226734952644
t243,0.0,0.0006827094026014488,0.0016215515137305546,725.9265112790443,-0.04949161428861404,210.66234974985085,-754.7436723152075,-1779.7804968173607,0.00012910061167714984,1411.7938760720392,1509.989483971799,3809.290971080021,3129.328271003948,1091.8227720806922,0.0017045385751913364,0.02571030787397312,0.0003138318352441546
t244,0.0,269.29861129976894,599.9927724719389,759.9973805820637,-0.058193300743208734,301.5740704836635,-728.0286693956464,-1792.2772079351028,0.00012774797520423206,1588.6226716952854,1509.991073456454,3096.9497387256274,3352.918668755083,985.6831441180027,0.0016199939809550118,0.027682600002411854,0.00030376611132949236
t245,0.0,524.8748382139637,599.9925615780155,759.9973775822691,-0.058319340114027916,397.705758605767,-723.1930896435093,-1758.6260632050794,0.0001142891495176403,1475.0892505758125,1509.9903787613844,2940.8851388560847,3108.422340540341,972.26076379792,0.0015824402908027552,-0.009529487263067007,47.45313840027331
t246,0.0,0.00436374644475839,65.87717839839867,759.9949340951578,-0.003279143475294049,434.29316436267527,-739.4324756516878,-1574.6435069659437,0.00015249252030098088,1474.1581842474372,1130.673901572668,3979.0083349786632,3528.1034764014016,1016.2189821197422,0.0015693700152632124,0.0041093996992224175,0.0002059185593762072
t247,0.0,-380.8132582627444,-0.00026564282825757674,0.0001272404419662559,654.1313618674328,999.9958868359221,-66.49419458086365,-1300.010197873159,3.8682713333512464e-5,1963.257047205881,1098.3364953524062,3904.850942367241,4111.1891960906205,545.9792971544134,0.0017837826166529516,-1174.159763073727,0.017917075960109462
t248,0.0,-1470.0069046326832,-0.0002936614206553433,0.0001855266099538417,3212.6630616438824,999.9985088039791,2406.0004529663483,-591.4163165252871,0.00021417128410805602,3056.5010247725995,1509.9923250747224,4177.371041077142,5226.359065017163,637.3434031600575,0.0017519065933242872,-1319.9998168211648,599.9999300829811
t249,0.0,-1599.9978334650482,-599.9932766168746,-693.1971172538384,3699.9099513767505,999.9999435085366,2599.9999211641857,-533.4559292992407,0.0003974385614641815,2822.153811971758,1509.991749974303,5590.226522427604,4945.132536465681,1531.8136198744385,0.001693320500668009,-1319.999814906732,599.9999362679702
t250,0.0,-1599.998221205014,-599.9931307209937,-574.3049923142285,3748.2118886956737,999.9999508679582,2599.9999244396745,-536.8861048672005,-0.008864168690080861,3781.1016217077927,392.98975993490734,5648.696402146793,5754.000664404274,1624.6736943876151,0.001484618813718008,-1319.999797984085,599.9999028147669
t251,0.0,-1599.9993141497746,-599.9950147240229,-360.7808477139981,3786.121868530251,999.999949268229,2599.999922855979,-552.4959990945521,-91.45231250455197,4299.9955582088905,0.015418372652385276,5648.7008037201595,6201.311835776202,1566.7227131280486,0.0010361888728559843,-1319.9991648666723,105.16082390766853
t252,0.0,-1599.9993701013948,0.0019144279338278484,0.016600310999076332,3797.3183871676915,999.999950113966,2599.999923369639,-779.7546651221205,-52.10581127969446,4299.996197047997,1.5177769920904323,5648.701281528803,6314.831218796691,1986.1381569995212,-349.9997390958938,-1017.9116850983685,-599.998889282151
t253,0.0,-1599.9998088408765,-599.9959979094892,-272.14062557991144,3801.923630204328,999.9999457078949,2599.9999232231567,-503.0500823830709,-309.6318268133572,4299.996575003339,0.010128469936100467,5648.701618386619,6314.826070049637,1699.984376611766,-341.49242474246273,-1319.9977632800749,-599.9997483720102
t254,0.0,-1599.9994788750062,516.6884890759884,759.9937370350349,3806.626997982647,999.9999433562184,2599.999923773197,-815.9991600701502,-352.6373911474477,4299.996343777486,324.63357468811404,5648.701405229477,6314.831164184492,2428.20340298104,-349.99968558663664,25.726378502900367,-599.9996893819006
t255,0.0,-1599.9995263695762,546.8399348541217,759.9992522084738,3813.7452673867742,999.9999482008521,2599.999922647012,-593.35712049065,-340.5633696427098,4299.996340318191,74.41695472055302,5648.701395816773,6314.8311488888185,2579.9984931992963,-349.999399038322,185.8191721489808,-599.9996470762002
t256,0.0,-1599.9997382673826,295.55009042239953,759.9959465249531,3821.936163653684,999.9999227612356,2599.9999237166535,-567.5846886392079,-390.9244696394168,4299.996541241471,0.010114316493246091,5648.701583498342,6314.830279051653,2363.1263199638147,-349.9989525883498,-158.50063011606971,-599.999538475813
t257,0.0,-1599.9998146561545,-561.0360324731547,-0.0013882757008156228,3830.0325162700283,999.9999346280424,2599.999933462322,-711.6837126615048,-645.6904079150335,4299.99653852293,270.58443920039133,5648.701602291633,6214.58667534652,1514.8178760439037,0.00012638804601475257,-1180.27424703145,-599.9995743574866
t258,0.0,-1599.9991131417116,314.2812185017144,759.9953861542872,3830.0351199408433,999.9999604747276,2599.9998348152358,-781.1813434229438,-353.3823451956069,4299.996085791747,-0.026797700374878074,5648.701197745664,6145.307829196607,2367.330595330599,0.002009018171262928,432.4575722112244,-599.9995593567292
t259,0.0,403.2095065694023,599.9969354208389,759.9999896615078,3188.1346592784635,999.9999608896753,1952.9176946138034,-579.2678869911138,-1854.948131637664,3479.3424524911898,1509.9999201870587,5648.698207258188,5204.367676467247,2579.9990632809827,349.99995053526754,1319.9998606136062,-599.9999798809462
t260,0.0,468.9417300824699,599.99352473612,759.9945624377671,3183.299132053024,999.9999849994556,2160.8182976749285,-585.2684168465086,0.00032600821615766574,2108.0704724276684,1509.9999506779068,5117.6936802658265,3321.9977740535446,2579.9595794074385,312.2748901549651,1319.99987876005,599.9999594107604
t261,0.0,1599.9998460142363,599.9999400026767,759.9999530385418,1833.6546720228398,999.9999864602925,945.9492685112921,-587.1385662684835,-619.2206042117593,1603.782073506913,1509.9999517943118,5648.699552583637,3386.840467497974,2579.9925411970135,205.48731530437718,1319.999881810919,599.9999546123723
t262,0.0,497.95971916706947,599.9969649998637,759.9991030136482,1897.865599638052,999.9999733193079,1023.9405079958212,-593.1317994510484,0.00011158068296068352,1157.309864360721,1509.9999451830956,5647.2962661458305,3191.97708268822,2363.124627569012,0.0010810370913464748,944.170539941347,599.9999787560421
t263,0.0,645.6941188731658,599.9937904682943,759.9975161406683,-236.1037030018405,999.9998910694829,-1302.2344574844476,-458.4743642004317,-1202.228734998026,0.00010484406867058742,1509.9998484906303,4176.153656376955,3045.9132950573076,49.05885134446616,0.0015347756146701402,-1319.997441273888,599.9999213807926
t264,0.0,-1599.9963810716251,-0.0009711994715486683,-0.0003073247167178547,-0.0035219895875367754,234.4369539355173,-983.2044274912051,-514.4867061174715,0.00027104650906606675,479.594281419571,282.67992095607445,3219.542271897964,1458.5084474836058,750.1571807385095,0.0015793338007444818,-1319.999222977158,599.9995319608978
t265,0.0,-1599.9989142212012,-599.99732002769,-615.9844665914255,923.271301846882,-752.0698008508818,-0.00118603624246381,-688.2665393767304,0.0003245470954916902,2165.3999730488067,-0.0007848993969735272,2139.5061425070176,1207.4943938221581,1138.2475585987897,0.0015905639384242174,-1319.9989320016375,0.00022582625888129307
t266,0.0,-1599.998941096881,-599.9975212887709,-759.9834170886792,859.1349839900248,-546.1604398931349,-0.002060047638147224,-797.6689589961109,0.0003188946685586093,2516.327365814812,-0.0007075810426375933,2205.2746144839375,1741.8249989843848,1138.3569280228212,0.0016041888181151055,-1319.9989416118049,0.0002153220742473656
t267,0.0,-1599.9987232324277,-599.9967833951367,-361.9925647816456,810.9606412889768,-354.43567589896963,-6.314851250427299,-999.2444161077444,0.0003425871300319624,2797.7827711504215,-0.00047862029700168266,2245.1047317869466,2648.9361165499536,632.0054336526059,0.0016889267146837717,-1319.9986924399473,0.00024352128023724852
t268,0.0,-1599.9987277281703,-599.9966540345563,-236.3952080602473,721.5305006896076,-163.9818718748363,-71.94979535908888,-1193.320874125526,0.00023741085504336675,2947.367330584033,-0.0004033658645679074,2285.335441415659,3099.5622305675806,429.3261545937077,0.0016876784761939768,-1319.9987522025156,0.00031328049472591544
t269,0.0,-1599.998226248958,-519.1878726922356,-0.0018009567410308788,277.41005742273177,-3.5976046488779225,-511.2549055194561,-1498.0362258696118,0.00024202622368755074,2895.3497070902367,-0.0003426660099158477,2295.858112416306,3418.110068900168,168.43047618889182,0.001767886120998363,-1319.9987670460225,0.0003180544140354925
t270,0.0,-1599.9981663629717,-207.50301105520356,-0.0014409342191850356,234.20604221664692,-0.005027506621060476,-572.6787702449639,-1290.0609486165488,0.00019990778883755388,2549.7892797136524,-0.00031235602915126096,2270.6716714148756,3283.0203148256405,212.45151458057623,0.001503109314448263,-1319.9987641058428,0.00023522891520067095
t271,0.0,-1599.9978439780227,-371.94240150557204,-0.001242333497388124,1584.4803066323964,999.9961719601846,784.6978342328351,-1094.2915143103703,4.678803025407824e-5,3705.423306661677,0.05339873336962844,4170.758204735837,3934.3913814152866,2312.791054176039,0.0018053130449531057,517.8522070631207,6.357229123733151e-5
t272,0.0,-1599.9982082740107,-599.9951336279025,-193.18246499423074,3779.614006969742,999.9999480876933,2599.9999281927526,-679.9439938670586,0.0002700261770276848,3295.8713606708293,1509.9954185800163,5584.516655242776,4662.208057925427,2266.4088409559786,0.001227249440652891,-0.0018491278796741275,0.020580792159453423
t273,0.0,-1599.9984800788027,-599.9939141415528,-518.7636326874948,3830.034495261249,999.9999519773843,2599.9999328678405,-584.861202889294,-16.398229104236968,3032.0718597979658,1472.9242154145822,5648.69732181835,4850.528409998544,1839.95549355945,0.0009918160806068358,-899.1409033219863,0.021167791125421907
t274,0.0,-1599.9993985617332,-422.26301089253093,-0.0017303961705417478,3830.03477452913,999.9999578728588,2599.999932845272,-584.2116821236602,-525.986421518307,4299.995948601611,609.5546505608031,5648.701116505963,6138.786501355499,1831.4705105793082,0.0008911073919991664,-600.9505661709638,-117.16801605444881
t275,0.0,-1599.9994642703089,0.0024710448620794668,40.68550053010007,3830.0348240536878,999.9999518754933,2599.99993153014,-542.4528472614016,-594.5321106005931,4299.996275213144,646.50639229706,5648.701349342795,6314.824278416767,1925.7007021550603,-346.78645119757584,-1020.4164414511465,-599.9989724500216
t276,0.0,-1599.999829420144,-436.6973539529676,-0.001291255359874011,3830.0349251840667,999.9999654603849,2599.9999345460774,-658.6741539545843,-746.1090522927175,4299.996605850639,1020.0616521754417,5648.701653637298,6314.8296763096705,1748.8147641423977,-349.99811885780787,-1319.9990520911338,-599.9997484134348
t277,0.0,-1599.9998237275536,-59.524369217037396,-0.002721393318285613,3830.0349973937114,999.9999512120302,2599.99992899445,-690.4147715391226,-584.1949618824597,4299.99656646667,804.1901846964853,5648.70161367759,6314.8311962506095,1969.809307401019,-349.99973404760783,-1319.9987666696709,-599.9997482965772
t278,0.0,-1599.999820122895,0.0013453167178084954,0.004404185958593475,3830.035149325287,999.9999521996862,2584.0077986861543,-477.4917795232009,-459.2949100628792,4299.996614549133,421.5148575136736,5648.701661738547,6314.831450072222,1997.3446886382587,-349.9999318526935,-1319.9994443314574,-599.999723322439
t279,0.0,-1599.9998274804416,0.0011524219966732837,0.0062948411714141075,3830.0351518012235,999.9999585868479,2564.35446329659,-614.9498972398533,-245.9385228846146,4299.996633229552,354.46533746984755,5648.701676862322,6314.831453119973,1952.5888673384577,-349.99993345316096,-1319.9995127094298,-599.9997139759084
t280,0.0,-1599.9998871301436,0.0013167819257274805,457.77540816497685,3830.0351523892323,999.9999641728791,2537.4600458666855,-605.5153361650009,-162.42476485857011,4299.996671137391,362.0904226886371,5648.701718416995,6314.831370014915,1901.0051759620403,-349.9998770868234,-762.1572994842977,-599.999869392924
t281,0.0,-1599.999889875834,0.004666027537852714,723.6018444255486,3830.0351222995146,999.9999721625677,2506.675630989225,-684.630486962031,-21.44536549870405,4299.996676144993,369.801493011754,5648.701724803611,6314.8046946999175,1832.4875736453673,-0.012452538085340454,-261.80064696544525,-599.9998686908637
t282,0.0,-1599.9998768428452,0.003697597652320033,717.2724134754244,3830.0350909689982,999.9999689805892,2524.6531678165643,-864.8233540410882,331.70378606683795,4299.996665712237,266.7456270660648,5648.701708606717,6314.802926655923,1768.0956799340338,-0.00863349321152961,-305.0915922687159,-599.9998452709043
t283,0.0,-1599.9996279223246,0.010700538314083874,759.9764434144961,2969.270508443345,-0.0037054407990246116,1691.7159768108158,-866.4309079263539,-139.36417242787036,4299.996398704254,-326.49778139388303,5648.701445536357,6064.462110194275,1953.4334598063099,0.0011808471853352088,-0.0021078391728896677,-599.9996131500111
t284,0.0,-0.0002701995804042517,0.00045629972990193513,459.31553264671714,3557.9082897503863,999.9999848727775,2599.999671287639,-1641.1882786501697,0.18720359326759617,4296.218947828948,1509.9999397756399,5099.477426622613,5801.681704390128,1574.67967765376,0.0006022350239665934,-456.4978251960339,599.999973957976
t285,0.0,287.8769932888835,599.9935763944351,759.9975455851097,1759.0283725190218,999.9988255678345,783.2742374969342,-1829.405837817637,0.00035998096962969406,3025.909690176325,1509.9675590302638,4912.018010114159,4804.84559208755,1765.19464025249,0.0015052507177912046,-20.41509946784774,156.5438185194819
t286,0.0,10.7825019546524,599.9972891270534,759.9982198572294,998.2049213128818,999.9993675797095,56.22125896249975,-1937.4649321859767,8.845126464280897e-5,2583.3256881063726,1509.9778219546413,4642.925818148868,4228.574322307883,1687.6809756087061,0.0015063859760547017,-23.98924531461108,539.4059149265402
t287,0.0,-224.7228232691238,-0.0002593765369476364,0.0008660608836601591,206.66325326143433,0.0391833807456607,-886.5523757998093,-1937.4641816116641,1.8559630453325054e-5,3196.012820921564,0.0021264337462187856,4460.593380410557,3288.36968165041,2534.0104423796524,0.001735092804738383,35.88233468057825,-3.5762588600187024e-5
t288,0.0,-1599.9990880229986,-599.9982219516289,-759.9959316327931,933.5651823860634,-739.458400596635,-100.6187533638543,-1937.464814684543,0.00030306263381644127,4064.260076515433,-0.00032616231279020987,1959.8349221425144,1980.849421160765,1770.3023880697372,0.0015931140699033757,-1319.9987239655795,0.00023523661837792742
t289,0.0,0.10464212094420675,529.629958148404,759.8911901561474,-268.6855852685579,963.6041344155504,-1003.3890056040169,-1123.0303373209415,0.0076941385402694235,355.10451735844657,1509.7570816573295,2250.311002705746,891.1393953668355,1273.61662056528,0.0555310378150568,-0.18274610248546258,397.5417578032249
t290,0.0,7.982744736122446,599.7653144949651,759.9054187474167,-456.0621762457743,999.946361993477,-1153.4522169363115,-1087.8498901435546,-0.03318889736995183,0.13204802983546826,1509.9508167169201,2260.299513057409,699.6888173026945,1231.328907571397,0.05543319763063604,0.20373561844446542,489.9903845965352
t291,0.0,453.5956244593207,599.7897403810563,759.9174615886304,-418.87956597620433,999.9549454943794,-1098.6417370551155,-1167.771530137088,0.0086666725975428,61.98342633739302,1509.9581235353319,2761.091600006367,1536.7272631180895,1076.3476640089164,0.05410910198740026,0.32056358175848493,151.13276369488455
t292,0.0,54.124909667063854,599.7800876457202,759.91570786924,-0.9632708904190145,865.8621179436396,-618.3444690483502,-1186.3408680035625,0.008823158228640158,658.3480369979635,1509.6227896088676,3501.0405253622316,3041.923209520311,978.9536505747038,0.052355495297665075,0.5970391317509425,0.00515559177832847
t293,0.0,131.89944483343547,599.7781542809612,759.914661087605,99.0517225472225,999.8821233143574,-496.7195852786895,-1091.933028481556,0.009055193296051006,1333.223017618538,939.8622502342247,4035.3196081193214,4343.355262224499,921.8275501126662,0.051759253234594474,0.08334935603676233,0.0054540606639243054
t294,0.0,0.07752874290978674,65.05211392651309,759.8816350297077,327.43569716035364,999.8481824612437,-258.78224909946294,-1095.9465587510795,0.00871549343421297,2573.3028891484896,15.605635688647007,3937.983768291243,4987.722154270271,900.8113710313843,0.051387961988244246,0.06920527644422,0.005984780828618299
t295,0.0,-593.6197471098068,-0.013400822921019332,-0.0015409589243500497,756.9982784043376,673.3466387562116,167.58255787919998,-975.9023702612519,0.015719999117439758,2956.2178449257513,0.004082059718979534,3363.3703531337273,5283.006186939348,346.59884186023316,0.05252892276569016,-1318.3630544055613,-0.0015025295832994667
t296,0.0,-670.3193390900342,-0.01075319234523861,-0.00019302791944498436,1267.7683616231589,-0.16938420051556527,693.1130893934171,-909.6905845356441,0.18958305747783452,4299.845383347196,-698.8464675863187,2135.6614353675786,5134.243361313679,650.2319634217033,0.04440970342941589,-961.333318107549,-599.9520996666309
t297,0.0,-741.3052206002387,-0.010417643565656443,0.0021862833342610813,1543.1241923251655,-0.15986328028479752,985.3316816806238,-845.9472500315676,0.009294697378761574,4072.2112089572543,-18.14016966702872,2516.3264746433947,4894.223454866828,739.6631234405072,0.052300195642494676,-818.1127799800283,-599.8828113295082
t298,0.0,-1599.9985133495852,-599.9985094527709,-759.9984394168047,3351.937793728369,926.9196890926207,2587.6382579842857,-481.15755567895553,1953.9880160782266,3797.7168268565615,-1495.4883387425282,4336.427728810816,5100.26314403441,1309.0212048167193,-28.21172464923036,-1114.0566135692732,-587.9464801966805
t299,0.0,-1599.998472058038,-599.9983847159046,-759.9983240111469,3360.598504170812,935.5009659424824,2590.5978241963876,-358.1851506505088,1075.5786712301513,3912.3154265472217,-1499.8378644507316,4962.862158285937,5296.931081534448,1871.6000142706177,4.620548269812133,-593.6055216753292,-591.7322752863861
t300,0.0,-1599.998430960347,-599.9983820940191,-759.9983211236699,3301.215321451825,936.6234714978108,2519.42870741029,-357.48400666871225,387.25641491898386,3743.8361101566443,-627.9963114215595,5005.025711148614,4881.351858675019,2114.5755939298333,70.57179142878637,-383.6248868527079,-408.4579841299331
t301,0.0,-1599.9985133606606,-599.9985650790463,-759.9985152072395,3266.3149934578632,944.2671490516555,2512.3902415221323,-547.1738411222531,-509.2123664666903,3372.0738468309764,1003.7864156638796,4681.884203941478,4230.303884611245,2047.0609921209077,71.79554772317817,-478.72516468186865,-123.70275012180163
t302,0.0,-1599.9985884626362,-599.9986380685591,-759.9986036540099,2340.445641807236,944.5901156465079,1562.4447798468066,-937.2327988980298,-572.495338938175,2555.2776419662323,1446.9748973014591,3842.0099660523256,2070.450320722061,2510.0942471648914,294.7565343642325,186.61699834240858,-126.55288510009687
t303,0.0,-1599.9985897743923,-599.998646511481,-759.998617152554,3192.860434117862,944.0779317702495,2378.9520148361717,-1214.785125696821,322.64026928906753,2657.8097360258894,1417.2062347254232,3476.3368035315884,1706.8898430760414,2485.0369954166754,276.2183827160277,66.84318173135296,-229.25216206318623
t304,0.0,-1599.9988641851799,-599.9989282391524,-759.9988964037269,3298.511565330662,913.2316269870095,2460.755860523473,-1234.9529418539153,1143.3653199246562,2883.9815589143514,905.5697717783726,3143.6573970089707,1453.7292667349698,2475.2724552669074,269.59209665090947,-69.1235649083033,-504.13583213296454
t305,0.0,-1599.9987795080428,-599.9987885184825,-759.9981718210951,2929.986063973268,218.2802284941131,2171.3798699111367,-1435.988489653867,1095.693067629957,4299.858694995194,0.00954705820696116,1900.7730736367764,1302.9913112422732,2579.9949388268387,349.9963550665247,149.48731837884478,-599.9963046902556
t306,0.0,-1599.9538805926054,-273.9199452016081,514.5757453339379,2446.0143656678215,-0.16610138242445183,1779.5636205216058,-1937.4639886815285,3249.995040811271,4299.991597106555,-1130.9206649076857,3293.8875579229525,2915.113316282916,2579.9777404512433,349.9791259894566,1319.9981621642619,-599.9989225042608
t307,0.0,-1540.8103322507573,-0.007206377594479631,692.382300819359,2663.591189617216,-0.13068498168247195,1886.5217396370242,-1937.4639914937259,3249.9954356050603,4299.992005522126,-1179.0670346837069,3613.0288614942106,3368.7519860830657,2579.9624854734907,349.9621382138114,1319.998307599557,-599.9989226571053
t308,0.0,-1567.18731323822,-0.008090017736112667,702.6228627806134,2852.9597777059557,-0.1311130338650288,2062.4927772256087,-1937.4639951004074,3249.995430361161,4299.9919944411995,-1246.6361711945317,3417.3903567167345,3166.6128275877045,2579.9636985916054,349.96343686449006,1319.9983620022379,-599.9989275125355
t309,0.0,-1599.9310666730541,-0.038631172210937335,666.3172272969574,2783.8958830442502,-0.133271298378279,2023.1937845793757,-1937.4639889020905,3249.993570967483,4299.9903490044935,-1224.735504851522,2264.8225242781514,2043.6011961138408,2579.973294489409,349.9744003117966,1310.7766412017181,-599.9964821645794
t310,0.0,-609.1471457505206,-0.008651233444567112,681.3173354630394,2130.565596215358,-0.13738457409161886,1400.0339022434105,-1937.4639868873105,2312.154024792157,4299.870228817686,-876.6414958864511,2098.0101380230103,1871.3665006412577,2579.9512835506066,349.94965422912964,1319.9955225877225,-599.9964299051485
t311,0.0,0.008267695550199523,0.025844914513700384,664.2260161776494,1427.7485880106246,-0.13868918697374355,740.625090411605,-1937.4639771874715,1310.1178660891344,4299.868932437863,-292.16874156972796,1750.2724470893666,1594.6748515390623,2579.7320916539807,312.6138224639026,1319.9957852933094,-599.9964482401505
t312,0.0,0.012241262221532686,0.031317986657316506,679.7081505752001,1001.0770295735425,-0.1167047385192758,295.9681502271532,-1937.4639696778618,836.9105593443179,4299.869522007859,-27.527737167332145,1341.4546989220926,1273.6095955641758,2579.699258754751,196.51986893824795,1319.991116475235,-599.9935659551695
t313,0.0,0.013557393436000799,0.03240459586218116,111.37987978997012,1096.9630791041025,-0.10868494796384733,467.84716159865593,-1937.4639589548353,1090.1327306091737,4299.86831384246,-15.070967504380905,1665.3260058334213,1706.0932107037875,2579.6962701089988,161.0440700483868,875.9801297563563,-599.9813090450044
t314,0.0,0.009604354693424775,0.025832565596538466,286.90050912536634,296.8083610138663,712.6045777453095,-367.3464810838162,-1937.4639320962299,295.7057758688828,4299.8530233561205,0.05366120069477249,918.2108237079058,1054.1616441105027,2579.731424506363,323.1857431412762,1319.9389317692014,-599.8998273728065
t315,0.0,0.150810674604391,0.05042156662196622,594.4832350727295,9.718158589467874,999.8637223740601,-619.1851889882545,-1937.4639093110834,9.877836703529129,3890.646577536838,536.5013593735711,0.04523960583198509,0.1408603363857164,2397.571324306917,108.44105759537126,1319.9680405912893,-599.8887474007056
t316,0.0,494.6336439443068,493.10265984534516,759.8625332187745,-0.07218853816987178,999.8848309142866,-607.0139351203376,-1937.463919020051,0.049953049259675336,2938.6710458941066,1509.8608465818465,0.12018079920070199,0.08064439104600178,1988.3251224997425,296.5542968297689,1319.976937755916,-599.8814921366327
t317,0.0,1277.3616533462684,265.12492392579145,759.8552260864059,-0.14826316451352328,999.8625652832405,-594.3594451560936,-1937.4639216647172,0.07171411748915783,3036.610984231276,1509.863951402327,0.09494014777440403,-18.543827234386036,1905.2580946125809,349.8855802861935,1319.9767495101728,-599.8861326934073
t318,0.0,875.8827889675028,571.5720558681099,759.8643865028006,-0.0433743350592399,999.893857973574,-591.880035209098,-1937.4639270350715,0.05257877969695447,3019.5958125316024,1509.8715690894137,0.12416297330971497,0.14110772787106976,2178.158430419891,69.1286203702964,1319.9774624507509,-599.8833498754481
t319,0.0,444.88921632328726,338.5166060233311,759.8568942752352,76.06319938255622,999.8565770799032,-528.2456472821981,-1937.4638546092542,0.07180784839968642,3406.7337170881833,1087.2145774942908,0.1447552939701689,22.668039546048707,2281.5671652411056,0.1161730545226334,1319.9935420711638,-599.9933426300308
t320,0.0,656.2675784431739,156.703029331997,759.8659918284521,96.59160282030427,999.8743424532462,-509.95693000414843,-1937.4639478206195,0.058305668270591485,3286.6707902558983,1176.8468547137832,0.11427378987209641,0.08842394886849463,1999.860404460369,282.72179181380875,1319.9744615124005,-599.8843760859818
t321,0.0,460.44470073450884,73.81671210897397,496.6315708612511,-229.76667683358065,999.9984405165717,-869.728701725978,-1937.4611231982215,246.06248226139294,1724.8229795815316,1509.9982774791952,1909.9642559477134,66.05316737750088,2281.1545202473535,164.542632269938,1146.9737394668723,599.9987677685408
t322,0.0,-1599.9958081598443,-599.9959980814059,-108.25792043421914,1483.6198562623076,999.9961163478058,657.6609536460081,-1937.4176787216447,380.9541429729295,2361.838442907649,1509.9958591025545,2914.0345812406877,742.5865725854246,2579.994573504568,349.9961001371407,930.4098913717139,-165.41892877396683
t323,0.0,-1599.9960372633363,-599.9962249461208,-175.0718078975663,1019.3506263646051,999.9964074467346,115.8352154402722,-1923.3757319493388,-260.3257808037165,2404.8708135711554,1509.9961697548758,3496.4586129333934,1262.5873968226226,2579.9948314942617,349.99635188178075,734.5531153432381,-43.11331269063662
t324,0.0,-1599.9960299696065,-599.9962231842928,-110.85259158810143,1476.4898999892937,999.9964254360933,517.7641142619684,-1922.3662148295307,-228.11811023351103,2551.7241416009524,1509.9961964134661,3653.5727999228025,1507.3681291174328,2579.994808488408,349.99634119438537,732.2290866233795,-98.8862946490425
t325,0.0,-1599.9960441875132,-599.9962451624208,192.05133728586293,2580.9538722309967,999.996427696261,1653.0754002136036,-1912.8075988075827,609.9765043460943,2838.5981504041274,1509.9962044983072,3597.495570299228,1691.557399660867,2579.9948062319554,349.9963259535509,978.5365739384368,-349.6936678279029
t326,0.0,-1599.9960363941664,-599.9962392320989,294.98351448724867,3466.951953916871,999.9964524231748,2562.844134520004,-1225.2101979952968,618.7480822601348,2835.0603149333756,1509.9961952671415,3580.4843882061928,1650.0312778384064,2579.9947773533727,349.99627778918745,1060.851285939581,-410.32719842983533
t327,0.0,-1483.1714242821047,-487.8045738718704,398.81364641024396,3570.949863787127,999.9964698828725,2599.9958430321403,-1715.3062306050404,1181.447278621008,3141.7585755660784,1399.4852886763103,3814.943655677241,2408.0111009170214,2468.7415441283733,264.1258522308822,920.1347327940332,-397.54978307305703
t328,0.0,-1356.0404118743686,-373.4597915781637,730.7777682369031,3453.032784460742,999.9843103886516,2599.98283877506,-1829.6066881471793,1874.0470903112055,3297.4000369071564,1215.920771937239,3391.145233862091,2045.4286320660774,2550.3306825340783,325.61995890214257,1319.9984888027877,-599.998541818081
t329,0.0,-1599.9066119792662,-495.8375575391439,704.0747207138674,2701.9648446773126,613.0191176866381,1846.095238882489,-1700.1548434863598,1545.7432435513706,4299.85480219438,0.029174641329679125,2434.539175605341,2039.645515104605,2579.970010447326,349.97193662137903,1301.2342154704538,-599.9785038140373
t330,0.0,-1222.4149355516424,-0.00523932931481349,0.0006277546268851999,2494.536328192573,-0.08404053733556038,1735.3665591966912,-1551.9575112893033,2298.454676923831,4299.918149352368,-1095.0263078235503,2704.3517494517587,3317.8461589153267,2382.2199810753386,0.03506174916033954,0.030702427934733538,-599.9841671080786
t331,0.0,-1599.9719164837632,-589.896968695186,-0.030299072282093956,3102.4589668305903,-0.06426153372165559,2226.370252301537,-1749.004043375205,3249.965485165181,4299.970320498267,-1273.3472306140266,3196.302792022741,3597.116734407374,1829.8710059491966,0.034819839197307786,-753.9845829306453,-599.9844508172398
t332,0.0,-1599.9831169456913,-599.9574565929728,-553.2517824226129,3203.314974499269,-0.06435722544735045,2310.8989229696385,-1937.4621931017905,3249.996576010394,4299.993217009972,-1311.4567835663897,3678.1426880020126,4013.337229120924,1855.4167833909091,0.02622395068988607,-1319.996274966434,-599.9844969574146
t333,0.0,-1599.9698224570357,-446.5077544468969,-0.024223043918201813,2684.4038327337225,-0.06487914688232287,1824.320079077545,-1937.4606273415409,2315.8610867885745,4299.9183408366725,-1072.3656395912783,2260.4855688149987,3053.818475398915,1568.5734713098093,0.03344382600000242,-1043.6713809249204,-599.9684884244097
t334,0.0,-1599.9693852215444,-285.95721739997305,-0.023134400338812006,2068.672167440627,-0.06655668827776783,1258.074618155086,-1937.4602051336299,1041.7699195330372,4299.91846289845,-523.5932663266708,1012.7997864634077,2388.748310631996,1219.4611289647573,0.03382975496331362,-1319.9646010126462,-467.001636772961
t335,0.0,-1382.8641081846479,-0.00535376975192833,0.0003678603697982888,1337.1147473513881,-0.06577845986288101,584.3869839986417,-1937.460452342297,196.51454040960445,4299.921513480521,-169.49628307766537,440.2926639459302,2314.759880709185,1108.3545413586783,0.033440186840052004,-1319.9710494961093,-86.12933419967382
t336,0.0,-0.013031180302177675,0.004789384976602525,0.017171016730340775,1003.0017158593132,-0.07754955151159719,162.49612928324663,-1831.1812506350109,0.009603491605486202,3934.4841977084725,-10.256102408716107,1689.5441171473149,3043.6804079974163,1353.9988707145626,0.04352122440276833,-955.5580992419326,-599.9097811070628
t337,0.0,-960.5889110916357,-0.02469766430067239,-0.008962498738751998,760.5486377408357,-0.005581980324705613,-0.02370202485493376,-1377.4502058435678,342.3052311358645,3050.795690451371,-0.004901817154449078,0.011165193241130765,1230.9321471029289,787.4064386957158,0.04825512948657522,-1319.9585758538026,0.00475449457351539
t338,0.0,-1599.1398261904415,-0.02855083419978764,-0.01015543463184051,621.6241625242183,0.010556987907177686,-94.19619471027893,-1672.6291602175208,958.300270098557,2705.4946587349964,0.006331811865323022,0.011549484014222386,609.0998458892826,1163.5410325465955,0.052672405979595334,-833.3310531512739,0.004578230722892844
t339,0.0,-1599.930934281224,-595.3988194523065,-0.0469474722504507,583.4238090744225,0.010412114253441039,-93.63130137958268,-1737.9187769541961,935.2243431862635,2821.1890049137046,0.006169559560530098,0.011396083639958225,299.909420180352,1069.2283503452684,0.05428794525922283,-827.8812528789434,0.004484072095441248
t340,0.0,-1599.9242578960316,-533.7886909324415,-0.03360409342577664,662.435367658811,154.25481071472416,0.46785867781706353,-1573.7318281709013,888.6363888415915,2843.0784174833643,0.006559836212648424,0.011193493289665313,152.55160915683112,1344.5319752719136,0.0579860767135354,-501.09473523730895,0.004607532963879276
t341,0.0,-473.62941523320575,-0.007708668783896069,0.0009184195018043,22.24668090130675,999.8954606161433,-635.0493796260517,-1663.4863445837502,0.009283172118066414,2458.1293977345713,728.4802541104074,277.20491592272936,101.85950880959571,1835.247182698005,0.06563947235687131,0.09963390065186818,0.004475184126078611
t342,0.0,-60.67785631561782,-0.007716930271950976,0.0012108876553487036,230.18357806576543,999.9037044043453,-436.25408489865447,-1659.5819658309465,0.008250609264216129,2163.4386053937283,1182.3637365248064,702.5302439336585,181.1829389683307,1863.192602747218,0.05759384440864228,0.09702426895211966,0.005504500805833402
t343,0.0,-387.1518018236231,-0.006146566524758206,0.0013807233792461743,616.5051322594693,999.9861281506197,-84.65661418573745,-1597.6617658250566,0.00650873486450015,2034.928268438908,1509.983452321695,1515.5127359072878,464.0697260747139,2177.9411094095,0.04434942121878029,216.61880650425888,599.9629973631161
t344,0.0,0.0055944803328731646,0.024966050557657715,488.4288306503317,309.82241558005626,999.9554120488601,-462.7630613135115,-1643.584650734607,0.004817457011627887,1529.2358725439858,1509.8986264594944,1797.1982575071002,1766.7652926927642,502.97349306058624,0.03886003830795707,-1155.75763829546,599.8750157438685
t345,0.0,-0.029622056679085233,0.0084970735831382,0.023312745203565487,261.1457511189839,999.9919890701009,-560.0786699860425,-1837.0807036836422,0.0041085773885843405,1764.1655698939549,1509.9912756178844,3126.199580260101,1467.3243692384574,2069.694696726955,0.05526605840092942,-190.81519032952482,599.9929207514288
t346,0.0,-1273.2551767615373,-304.1518833776048,316.6486935332221,3569.111846169136,999.998842562014,2599.98466168642,-1540.910011789691,834.3020075795067,2797.1830338138693,1509.9986365248797,3254.5743834191435,2125.254388686135,2300.9246453985456,169.79384096420065,385.79562798599426,599.9988131927242
t347,0.0,-1246.9799607987393,-274.3536040475457,455.33401935387394,3680.362258907948,999.986160882909,2599.984178630372,-1039.580649231373,140.77055304973695,2665.846219254795,1112.195352793342,3578.106175515612,2323.5441106896164,2345.845436324787,190.43259779267976,519.2884284596399,-377.3037743926858
t348,0.0,-1348.0543453101059,-359.4478090972834,375.4327037008766,3670.9269473555987,999.9862296638587,2599.984581362259,-1551.3540196670795,394.6839273217727,2809.3174350665636,1258.860220436113,3653.3573143645544,2445.1850606349553,2365.3407180193753,200.46599220367173,431.82968595620173,-313.71328997936274
t349,0.0,-1461.8004245211457,-465.07684814855685,394.57030865683544,3657.649148817958,999.986335197017,2599.9851707708312,-1536.8951393399389,205.92202980362663,2916.24995468991,1376.8487185508259,3923.3742205395556,2621.3309743736677,2450.3796174056743,251.7895677821868,543.9754107762791,-330.7933735948444
t350,0.0,-1549.2717461209468,-550.7899713537461,131.38004790539455,3642.5775343892824,999.9863921990468,2599.986660016072,-1367.0151190873987,-50.55922292489035,3017.544434791928,1462.0366487250565,4148.213587067524,2782.487094198141,2523.4595050914813,304.37538409463514,432.69244401244066,-138.96648519495167
t351,0.0,-1534.146598044116,-535.9078318769544,324.33243053423917,3652.4339783286828,999.9864563198406,2599.9860676804833,-1219.5380386384838,-150.0024800182136,2962.5401552163125,1447.1936002334792,4111.982610906269,2694.368605197109,2510.705543181087,294.5930572400508,580.4474593894456,-298.4069611027299
t352,0.0,-1388.0420892733364,-385.2586448862395,759.9979687770762,3711.2948202539415,999.9866504047392,2599.9854075780822,-1414.3241763264318,1255.321464688687,3346.1188307040097,400.8384576831675,4178.229301551991,3042.6210969230897,2579.996853219577,349.9980676236903,1053.7497375193013,-599.9979690634376
t353,0.0,-1599.9682798880553,-599.938746656489,759.99058594192,2994.4160005125723,999.8924910507847,1994.6113943554083,-1634.0849890630022,883.734732159795,4299.859489836518,0.017632806635783333,3791.869918284083,3189.3171930232725,2579.99176822528,349.9933889452053,980.3254456863358,-599.9932871153943
t354,0.0,0.011766542601377755,0.028083079633574218,759.9690782138914,882.6991972154193,713.308730242783,-0.11346617823255514,-1553.9096562922143,0.007129628120690564,3057.6088705169655,0.02748530440270729,4424.224705048402,3313.056628266279,2579.9639018783128,349.9622744172548,948.7100877391748,-347.04349087257066
t355,0.0,-387.6876075864414,-0.007976850706943196,0.09376625726267311,2343.865601981683,651.6762418546986,1351.9883085790436,-1585.9822081889133,0.025840783652108762,4211.230225576619,0.0050519101608004794,4067.689836797218,3928.1121870297216,2579.9596543571506,349.95638325699576,0.1461849781065134,-599.9554912257807
t356,0.0,-548.3161653293806,-0.008340858337112613,0.10090227148800071,2240.706576617977,615.5148376501252,1234.721524684899,-1750.4509088541652,0.03794348929166803,4250.241330146468,0.004555878745793369,4014.5903036300324,3912.4014153602957,2579.958292104294,349.95407414601664,0.06511686841232418,-599.9553303829323
t357,0.0,-169.35524798935984,-0.007947075301184612,0.13539292924512947,2693.2020163291077,649.0650105313074,1733.7248541430401,-1188.7852196428166,0.00877293832907151,3893.959441635525,0.00535113556072088,4274.468871487442,3844.5567175507304,2579.961344931589,349.95869867271034,20.198239482495918,-599.9533966821251
t358,0.0,0.004783030454834965,0.018097587222930978,152.60653481953852,1780.9815426139367,219.4642183670151,874.936549757737,-1162.3813028135057,0.0067649600335176535,3152.5727328975677,0.005649592857007464,4505.00831110943,3397.4414597430587,2579.778030425608,144.57495411219588,33.49980119975401,-0.07518945674223444
t359,0.0,0.014940844181622375,0.03790613315005057,229.28439946958667,913.0801499740428,14.41956990218794,0.005870241908679108,-1321.8563442674686,0.007590929925512137,2353.5297283812806,0.02199740840682342,4398.84294474972,3159.005883071436,1961.7001279005744,0.041693675060920275,-603.5157356521246,0.018641178640226946
t360,0.0,-283.3024355320583,-0.008944511471183176,0.0013985550463741126,845.1698642253389,0.395868009213541,-109.8988231038564,-1097.0157320067242,0.00864344711605633,2139.282134326891,0.03994089864499697,3902.891999229077,2582.9104847169438,1981.7289732247427,0.04610966357773478,-631.9974836121884,0.03338563685492697
t361,0.0,154.43508448932957,599.7703359337744,759.9125432948742,-0.07983673192118837,696.8887958510977,-873.9615369806937,-1289.6015080487318,0.008910199885635666,649.5682843143984,1057.7861697287906,3572.894151081247,1886.6843217049418,1647.01350663701,0.05158016500638273,0.11508785602723502,0.00526283344482087
t362,0.0,695.2268994627161,599.8006677177822,759.9234313118055,-1.143025391884806,751.9986702242226,-817.2039850524019,-1351.7790334583985,0.008293778017119795,416.59992560039996,1509.7229988977344,3036.563485513005,1400.7609160133702,1496.4767555935332,0.053526494708422155,0.7104585579401738,0.005147775864610097
t363,0.0,906.9424432903263,599.8138071446285,759.9274748345904,-397.68759329945294,992.7516495752268,-1187.440714982344,-1355.6340593964055,0.006713969298599584,72.71965798222276,1509.7637942272238,2980.065034051904,1147.8105981606097,1418.0175588897828,0.05506228343834702,2.6650435004201194,0.0051306126322447155
t364,0.0,961.1670520117821,599.8194294656895,759.9290682394291,-444.0439831090033,988.6517432998687,-1208.0009167242476,-1264.8398501353017,0.005127467110086898,1.8149379767441711,1509.7668545174713,3081.8609906804777,982.9661543475548,1656.5165952474076,0.05713500612402043,291.3662929945926,0.005158623980129157
t365,0.0,1041.7100915497126,599.8082689600828,759.9237373273961,-286.79127933399565,997.1963609620719,-1039.7023932744016,-1272.1691649098184,0.0072461959975486405,260.68427888598313,1509.7546385006344,3200.582392961487,863.9570912664345,2177.813921761041,0.07772523153364987,842.9667336277643,0.005282315197734463
t366,0.0,960.46192259961,599.8133991544437,759.928950710648,-78.76159484986783,997.6969177626563,-835.1487121956188,-1236.8519570064896,0.006105490205563834,525.8315612382722,1509.7777712147172,3135.8876767660163,908.0723576329844,2317.932238194686,0.08857094562000199,963.3899895688187,0.005341047185212424
t367,0.0,53.470448656522244,599.7767504835955,759.9354381147492,65.8440637211027,999.9943703445556,-720.6170951547998,-1424.4498981939732,0.009657879079387482,906.7077378127799,1509.9938414375297,3627.12808511745,1438.9078140029317,2579.740563814211,188.43483040590604,1319.9908825483246,599.9502752584017
t368,0.0,0.013186819384350113,0.03217510166781262,271.68394497313784,403.6947252246329,999.9185046746239,-462.6295191882234,-1445.3535563503501,0.004380231617269775,1104.909960837206,1428.5674351902906,4614.9410388057995,3012.4665634663365,1414.369210885975,0.04548740317653713,-714.3490226669263,2.5199033955254864
t369,0.0,0.05432419235833832,296.7926336800434,759.8798681528928,94.65578494181148,999.8911489761346,-828.9102689491734,-1341.6229465948186,-0.022366281898430918,1471.1211304395729,483.9747288005952,5648.338301268568,4344.029272678841,1782.7141282889681,0.04650184170681214,0.10004128926477984,0.006074905082946251
t370,0.0,-1599.6515709315647,-1.5337569209392574,-0.03194004883248574,3227.6656203123644,999.9981694415509,2266.7886744636016,-1439.4593831447362,0.01462541181891964,3528.450736877675,1509.9980420284655,3978.1565114393456,3460.724192993866,2579.221280388083,194.14023882569293,245.8258654149256,599.9981950147661
t371,0.0,-1599.8267161905053,-335.2224772668318,-0.31887309554425153,3298.1451871064864,999.9982109300031,2126.847074012311,-1063.290911186225,0.016227421036424886,2389.2771042195573,1509.9980621360337,4326.75076427841,3529.2064592911106,1340.630280373745,0.1667669951899513,-1319.3734203507656,599.9982576863558
t372,0.0,-1599.9979266302896,-599.9978177241433,-759.9976956960988,3692.0241094153557,999.9978472083801,2558.8897123200195,-475.4408443294255,0.015520443669826207,2173.5135746450273,1509.9976862060244,4804.426644310498,2794.773031267984,2111.847865584263,0.16589914564564004,-1319.4809819617049,599.9983056256729
t373,0.0,-1599.9792991483512,-599.973503153872,-759.9668729499288,3692.16191488961,999.9978225104551,2599.9975118349626,-588.5510341190603,0.0016687916059648991,2801.139658576125,1509.773790060997,5253.273430676015,3750.5040578533617,2109.5743387105267,0.05643057274664522,-1319.9974833332296,599.9983012029732
t374,0.0,-1599.9843087192228,-599.9811770362693,-759.977756995996,3668.7167298673708,999.9979122914276,2599.997523407659,-727.3378526238371,-0.002467029542447036,3568.0772747478477,1040.3568063547943,5073.998241021119,4538.728393088245,2015.921974167655,0.05888938255382885,-1319.9977160758074,599.9983300293792
t375,0.0,-1599.995683874807,-599.9955714615973,-759.9952709820557,3684.546970939738,999.997952350571,2599.9975945263877,-858.0181621572626,90.31098389216206,4299.857236962824,327.8981886099162,5179.389395622577,5252.06400587037,2089.5363408255093,0.05985120183724587,-1274.4102531961769,0.04508369486908536
t376,0.0,-1599.9946215107595,-599.979819080908,-759.9744434496666,3727.875143798587,999.9979726273331,2599.9979784526085,-749.1401576638069,409.6592645548319,4299.988496317307,-173.8718535828415,5648.692487803352,6020.0578226423895,1955.4983793963534,0.04689732429610273,-1319.7543879059542,-599.9933799210646
t377,0.0,-1599.9848974414922,-599.9787804712741,-759.9717875172378,3613.8304186206706,-0.08452373260343124,2593.9109744334824,-839.8677135504906,1049.427586711625,4299.893956461747,-867.5606276974553,5142.206616735616,5629.2917521728305,1662.6301913454338,0.04248970270588783,-1319.9811855227751,0.005596738252803494
t378,0.0,-1599.9965200109632,-282.4403077643909,-0.015596854787532028,3467.254007771131,-0.06467171268929807,2599.9841786350376,-1426.2723933373793,2698.358387378281,4299.991993591834,-1509.985008303459,5648.696078759152,5764.679302086012,2248.7444883350568,0.027419574488235437,3.706326019354044,-599.9974078825551
t379,0.0,-1599.9970489243476,-599.983848100369,-759.9743177752341,3539.0880634740142,23.931758572405588,2599.987514339102,-1418.4676816878166,2272.919540081373,4299.992407656975,-1116.7076993429812,5648.696576414212,5053.242456581138,2509.9608469333098,0.031224982410187486,-666.0755275095984,-599.9968441645615
t380,0.0,-1599.97988026873,-599.9485532641432,-134.95443402364094,2601.4780366854125,-0.053219027663184044,1655.9160666861085,-1786.5336127478934,858.0001012303547,4299.9321866168475,-180.92642326813046,3762.2171112985525,3754.163907418552,1925.2891221951202,0.02954079658598642,-633.5875740159446,-599.9750868876157
t381,0.0,-1599.9767549392081,-64.76203829825737,-0.02023098596937265,2983.2139331419094,-0.054338251034487375,2110.2734667207224,-1589.037525031869,1967.0461396661854,4299.931833712148,-943.6201562923457,4873.433408814215,5073.091837122437,2303.6457654985406,0.03008652970155883,-50.451049392043366,-599.9758042064968
t382,0.0,0.016349676865369183,0.04124488327529117,1.0919121232992597,1085.7278198309384,-240.94615965016612,57.29681526313882,-1769.1045849907364,778.5793772165034,4299.89791664979,-1509.7335166206851,5316.877958260877,6314.668499412321,1635.2803723334098,-95.39312446482808,-734.9438252503516,-599.9656251091153
t383,0.0,-1039.0580196295448,-0.007996142517409488,0.0010805533478938558,1610.6371673883853,-999.8778700810847,602.3316840621368,-1804.1343460931103,1136.5643424387574,4299.892553182781,-1509.9148294811673,3502.3901151653904,4866.155078600456,1339.2197383093721,0.04898773235032074,-875.2259178647655,-599.9719472166078
t384,0.0,-1599.9571558225339,-0.49321275622401334,-0.02982596623228043,924.0767056366509,-321.15245947638886,0.08342486283789502,-1903.3028137046058,0.009552957329635296,3622.5792215611377,-124.18033527636814,1908.6459851690036,3243.5958269183675,880.9416081731267,0.04698065145234589,-1319.9799302297265,0.0026461210256883364
